{"items":[{"tags":["c#","ssl","apache-kafka","handshake","confluent-kafka-dotnet"],"owner":{"account_id":1249690,"reputation":2082,"user_id":1210350,"user_type":"registered","accept_rate":55,"profile_image":"https://i.stack.imgur.com/krY4V.jpg?s=256&g=1","display_name":"NoBullMan","link":"https://stackoverflow.com/users/1210350/nobullman"},"is_answered":true,"view_count":1392,"accepted_answer_id":76073540,"answer_count":1,"score":1,"last_activity_date":1695845574,"creation_date":1676674688,"last_edit_date":1676692516,"question_id":75489955,"content_license":"CC BY-SA 4.0","link":"https://stackoverflow.com/questions/75489955/kafka-producer-in-net-ssl-handshake-failed","title":"Kafka Producer in .Net - SSL Handshake Failed"},{"tags":["r","json","shiny"],"owner":{"account_id":11253037,"reputation":1,"user_id":8253664,"user_type":"registered","profile_image":"https://www.gravatar.com/avatar/e3fa455ba124ae014261ae880cbd33c5?s=256&d=identicon&r=PG&f=y&so-version=2","display_name":"Max D.","link":"https://stackoverflow.com/users/8253664/max-d"},"is_answered":false,"view_count":31,"answer_count":0,"score":0,"last_activity_date":1676862244,"creation_date":1676674642,"last_edit_date":1676862244,"question_id":75489950,"content_license":"CC BY-SA 4.0","link":"https://stackoverflow.com/questions/75489950/create-json-from-a-shiny-app-by-dragdrop-elements-with-various-number-of-parame","title":"Create JSON from a shiny app by drag&amp;drop elements with various number of parameters"},{"tags":["python","python-3.x","aiogram"],"owner":{"account_id":15487852,"reputation":45,"user_id":11173352,"user_type":"registered","profile_image":"https://lh3.googleusercontent.com/-AicciHTcQ5Q/AAAAAAAAAAI/AAAAAAAACQ4/zsK_fkyPMwE/photo.jpg?sz=256","display_name":"Pedro Faria","link":"https://stackoverflow.com/users/11173352/pedro-faria"},"is_answered":false,"view_count":73,"answer_count":1,"score":0,"last_activity_date":1676711829,"creation_date":1676674623,"question_id":75489949,"content_license":"CC BY-SA 4.0","link":"https://stackoverflow.com/questions/75489949/how-to-access-a-variable-inside-an-handler-in-other-python-file","title":"How to access a variable inside an handler in other python file?"},{"tags":["python-3.x","tkinter"],"owner":{"user_type":"does_not_exist","display_name":"user21235294"},"is_answered":true,"view_count":52,"accepted_answer_id":75501064,"answer_count":1,"score":0,"last_activity_date":1676819083,"creation_date":1676674561,"last_edit_date":1676674588,"question_id":75489945,"content_license":"CC BY-SA 4.0","link":"https://stackoverflow.com/questions/75489945/how-to-color-the-first-word-in-a-string-tkinter-using-tag-config","title":"how to color the first word in a string (tkinter) using tag_config"},{"tags":["javascript","pdf","adobe","acrobat"],"owner":{"account_id":17399592,"reputation":77,"user_id":12608732,"user_type":"registered","profile_image":"https://www.gravatar.com/avatar/e93e1638c92ea82b112e39c65a3e259e?s=256&d=identicon&r=PG&f=y&so-version=2","display_name":"haby22","link":"https://stackoverflow.com/users/12608732/haby22"},"is_answered":true,"view_count":104,"accepted_answer_id":75542168,"answer_count":1,"score":0,"last_activity_date":1677140314,"creation_date":1676674501,"question_id":75489941,"content_license":"CC BY-SA 4.0","link":"https://stackoverflow.com/questions/75489941/flatten-pdf-stamp-on-acrobat-and-adobe-reader","title":"Flatten PDF stamp on Acrobat and Adobe Reader"},{"tags":["python","pandas","data-science","vectorization","multi-index"],"owner":{"account_id":24410080,"reputation":23,"user_id":18337656,"user_type":"registered","profile_image":"https://www.gravatar.com/avatar/03a65286348a7b67eb2b5308c6363410?s=256&d=identicon&r=PG","display_name":"zolp","link":"https://stackoverflow.com/users/18337656/zolp"},"is_answered":false,"view_count":59,"answer_count":1,"score":2,"last_activity_date":1676675137,"creation_date":1676674457,"last_edit_date":1676674595,"question_id":75489934,"content_license":"CC BY-SA 4.0","link":"https://stackoverflow.com/questions/75489934/vectorized-multi-index-operation-without-any-looping-or-hard-coding","title":"Vectorized multi index operation without any looping or hard coding"},{"tags":["powershell","vbscript","azure-table-storage","azure-rest-api"],"owner":{"account_id":6593836,"reputation":2803,"user_id":5094258,"user_type":"registered","accept_rate":100,"profile_image":"https://i.stack.imgur.com/n4upu.png?s=256&g=1","display_name":"Tim","link":"https://stackoverflow.com/users/5094258/tim"},"is_answered":true,"view_count":401,"accepted_answer_id":75525570,"answer_count":2,"score":1,"last_activity_date":1677057601,"creation_date":1676674422,"last_edit_date":1677057601,"question_id":75489931,"content_license":"CC BY-SA 4.0","link":"https://stackoverflow.com/questions/75489931/whats-wrong-with-the-odata-types-in-an-azure-rest-api-insert-operation","title":"What&#39;s wrong with the OData types in an Azure REST API Insert operation?"},{"tags":["javascript","arrays"],"owner":{"account_id":24159059,"reputation":173,"user_id":18122876,"user_type":"registered","profile_image":"https://www.gravatar.com/avatar/df12d040cc43effedc79fb2787a28cfb?s=256&d=identicon&r=PG","display_name":"root","link":"https://stackoverflow.com/users/18122876/root"},"is_answered":true,"view_count":83,"accepted_answer_id":75489960,"answer_count":2,"score":2,"last_activity_date":1676678970,"creation_date":1676674381,"question_id":75489929,"content_license":"CC BY-SA 4.0","link":"https://stackoverflow.com/questions/75489929/how-to-improve-nested-object-arrays-lookup","title":"How to improve nested object arrays lookup"},{"tags":["python","selenium-webdriver"],"owner":{"account_id":2909818,"reputation":47,"user_id":2494337,"user_type":"registered","profile_image":"https://www.gravatar.com/avatar/c1013dfdf1a1b91d6c112a35859c1ce0?s=256&d=identicon&r=PG","display_name":"user2494337","link":"https://stackoverflow.com/users/2494337/user2494337"},"is_answered":true,"view_count":117,"accepted_answer_id":75489956,"answer_count":1,"score":2,"last_activity_date":1676675041,"creation_date":1676674366,"last_edit_date":1676674997,"question_id":75489926,"content_license":"CC BY-SA 4.0","link":"https://stackoverflow.com/questions/75489926/how-to-click-a-javascript-button-via-selenium-in-python","title":"How to click a javascript button via Selenium in python"},{"tags":["node.js","discord.js","buffer","opus"],"owner":{"account_id":27815307,"reputation":11,"user_id":21236840,"user_type":"registered","profile_image":"https://www.gravatar.com/avatar/08019bd7d563371dfb10ade0582b5bf9?s=256&d=identicon&r=PG","display_name":"smachine","link":"https://stackoverflow.com/users/21236840/smachine"},"is_answered":false,"view_count":124,"answer_count":0,"score":1,"last_activity_date":1676681917,"creation_date":1676674361,"last_edit_date":1676681917,"question_id":75489923,"content_license":"CC BY-SA 4.0","link":"https://stackoverflow.com/questions/75489923/what-could-cause-discordjs-opus-encode-function-error","title":"What could cause discordjs/opus encode function error"},{"tags":["javascript","reactjs","typescript","react-hooks"],"owner":{"account_id":24032315,"reputation":83,"user_id":18013003,"user_type":"registered","profile_image":"https://i.stack.imgur.com/aFPsV.png?s=256&g=1","display_name":"Dilek","link":"https://stackoverflow.com/users/18013003/dilek"},"is_answered":true,"view_count":675,"accepted_answer_id":75490146,"answer_count":1,"score":1,"last_activity_date":1676676902,"creation_date":1676674352,"last_edit_date":1676675742,"question_id":75489922,"content_license":"CC BY-SA 4.0","link":"https://stackoverflow.com/questions/75489922/returning-a-div-component-after-onclick-event-in-react-and-typescript","title":"Returning a div component after onClick event in React and Typescript"},{"tags":["python","inheritance","python-attrs"],"owner":{"account_id":15456634,"reputation":85,"user_id":11150500,"user_type":"registered","profile_image":"https://www.gravatar.com/avatar/18960d2b774f774dff66653391419bbf?s=256&d=identicon&r=PG&f=y&so-version=2","display_name":"structuralengin","link":"https://stackoverflow.com/users/11150500/structuralengin"},"is_answered":false,"view_count":46,"answer_count":1,"score":1,"last_activity_date":1676704415,"creation_date":1676674321,"last_edit_date":1676674732,"question_id":75489921,"content_license":"CC BY-SA 4.0","link":"https://stackoverflow.com/questions/75489921/inherited-has-no-attribute-x-after-using-attr","title":"Inherited has no attribute X after using `attr`"},{"tags":["string","datetime","object","input"],"owner":{"account_id":27815425,"reputation":1,"user_id":21236934,"user_type":"registered","profile_image":"https://lh3.googleusercontent.com/a/AEdFTp4yEIc3QUSHLB0ktN9dVz_76iYppSh6lDmlN9VjOA=k-s256","display_name":"Calvin Hartley","link":"https://stackoverflow.com/users/21236934/calvin-hartley"},"is_answered":false,"view_count":9,"answer_count":0,"score":0,"last_activity_date":1676868482,"creation_date":1676674291,"last_edit_date":1676868482,"question_id":75489918,"content_license":"CC BY-SA 4.0","link":"https://stackoverflow.com/questions/75489918/typeerror-for-datetime","title":"TypeError for datetime"},{"tags":["amazon-web-services","amazon-dynamodb","dynamodb-queries"],"owner":{"account_id":11034348,"reputation":397,"user_id":8104738,"user_type":"registered","accept_rate":50,"profile_image":"https://www.gravatar.com/avatar/6f9e84a14ed521cd838769d94321af7e?s=256&d=identicon&r=PG&f=y&so-version=2","display_name":"Adi","link":"https://stackoverflow.com/users/8104738/adi"},"is_answered":true,"view_count":243,"accepted_answer_id":75489980,"answer_count":1,"score":3,"last_activity_date":1676681025,"creation_date":1676674275,"question_id":75489917,"content_license":"CC BY-SA 4.0","link":"https://stackoverflow.com/questions/75489917/dynamodb-invalid-conditionexpression-due-to-present-in-expression","title":"DynamoDb Invalid ConditionExpression due to : present in expression"},{"tags":[".net","reflection","f#","invoke","ref"],"owner":{"account_id":488986,"reputation":71,"user_id":3739381,"user_type":"registered","profile_image":"https://i.stack.imgur.com/SXnXd.png?s=256&g=1","display_name":"7enderhead","link":"https://stackoverflow.com/users/3739381/7enderhead"},"is_answered":true,"view_count":58,"accepted_answer_id":75490018,"answer_count":1,"score":2,"last_activity_date":1676677768,"creation_date":1676674226,"question_id":75489915,"content_license":"CC BY-SA 4.0","link":"https://stackoverflow.com/questions/75489915/dotnet-reflection-calling-invoke-on-methodinfo-with-out-parameter-from-f","title":"Dotnet Reflection: Calling Invoke on MethodInfo With &#39;out&#39; Parameter from F#"},{"tags":["c","function","return"],"owner":{"user_type":"does_not_exist","display_name":"user20676816"},"is_answered":true,"view_count":38,"accepted_answer_id":75489970,"answer_count":1,"score":1,"last_activity_date":1680889283,"creation_date":1676674221,"last_edit_date":1680889283,"question_id":75489913,"content_license":"CC BY-SA 4.0","link":"https://stackoverflow.com/questions/75489913/why-does-function-not-start-after-user-input-being-returned-from-another-functio","title":"Why does function not start after user input being returned from another function"},{"tags":["python"],"owner":{"account_id":27815431,"reputation":9,"user_id":21236940,"user_type":"registered","profile_image":"https://www.gravatar.com/avatar/8d72e0bab31be2d5335c689861fb4cca?s=256&d=identicon&r=PG","display_name":"Pau Balcells Sanchez","link":"https://stackoverflow.com/users/21236940/pau-balcells-sanchez"},"is_answered":false,"view_count":31,"answer_count":0,"score":0,"last_activity_date":1676675947,"creation_date":1676674179,"last_edit_date":1676675947,"question_id":75489910,"content_license":"CC BY-SA 4.0","link":"https://stackoverflow.com/questions/75489910/i-am-trying-to-move-a-directory-in-my-downloads-to-the-python-site-packages-but","title":"I am trying to move a directory in my downloads to the python site-packages but it says that the directory doesn&#39;t exist"},{"tags":["c#","gridview","uwp","width"],"owner":{"account_id":23448184,"reputation":13,"user_id":17504697,"user_type":"registered","profile_image":"https://www.gravatar.com/avatar/25559de1606aff6a6ae2e80de781ceae?s=256&d=identicon&r=PG","display_name":"MervelMath","link":"https://stackoverflow.com/users/17504697/mervelmath"},"is_answered":false,"view_count":29,"answer_count":0,"score":0,"last_activity_date":1676820025,"creation_date":1676674179,"last_edit_date":1676820025,"question_id":75489909,"content_license":"CC BY-SA 4.0","link":"https://stackoverflow.com/questions/75489909/how-to-know-when-adaptativegridview-will-use-one-two-three-or-more-columns","title":"How To Know When AdaptativeGridView Will Use One, Two, Three (or More) Columns"},{"tags":["c","wlanapi"],"owner":{"account_id":9257999,"reputation":2721,"user_id":6876149,"user_type":"registered","accept_rate":86,"profile_image":"https://i.stack.imgur.com/LDe4I.jpg?s=256&g=1","display_name":"C.Unbay","link":"https://stackoverflow.com/users/6876149/c-unbay"},"is_answered":true,"view_count":216,"accepted_answer_id":75496636,"answer_count":1,"score":1,"last_activity_date":1677049483,"creation_date":1676674136,"last_edit_date":1676748713,"question_id":75489904,"content_license":"CC BY-SA 4.0","link":"https://stackoverflow.com/questions/75489904/wlan-compiled-code-returns-error-and-i-need-to-specify-the-password-for-the-ssid","title":"wlan compiled code returns error and i need to specify the password for the ssid"},{"tags":["reactjs","styled-components"],"owner":{"account_id":19785374,"reputation":589,"user_id":14489531,"user_type":"registered","profile_image":"https://www.gravatar.com/avatar/8981050883249f75542e2feda507fffa?s=256&d=identicon&r=PG&f=y&so-version=2","display_name":"Happy1234","link":"https://stackoverflow.com/users/14489531/happy1234"},"is_answered":false,"view_count":59,"answer_count":0,"score":0,"last_activity_date":1676674074,"creation_date":1676674074,"question_id":75489900,"content_license":"CC BY-SA 4.0","link":"https://stackoverflow.com/questions/75489900/how-to-apply-dynamic-styling-to-a-styled-component-that-is-being-passed-to-child","title":"How to apply dynamic styling to a styled-component that is being passed to child component | styled-component, react"},{"tags":["java","spring","jvm","graalvm","spring-native"],"owner":{"account_id":27815181,"reputation":11,"user_id":21236733,"user_type":"registered","profile_image":"https://i.stack.imgur.com/Qe89t.jpg?s=256&g=1","display_name":"MRoose","link":"https://stackoverflow.com/users/21236733/mroose"},"is_answered":true,"view_count":345,"answer_count":1,"score":1,"last_activity_date":1676896985,"creation_date":1676674043,"last_edit_date":1676896929,"question_id":75489897,"content_license":"CC BY-SA 4.0","link":"https://stackoverflow.com/questions/75489897/difference-between-java-custom-jre-and-java-native-image","title":"Difference between Java custom JRE and Java native image"},{"tags":["regex"],"owner":{"account_id":10171017,"reputation":51,"user_id":7511311,"user_type":"registered","accept_rate":0,"profile_image":"https://graph.facebook.com/10209735466320925/picture?type=large","display_name":"stan","link":"https://stackoverflow.com/users/7511311/stan"},"is_answered":true,"view_count":39,"accepted_answer_id":75489919,"answer_count":1,"score":0,"last_activity_date":1676674300,"creation_date":1676674033,"question_id":75489895,"content_license":"CC BY-SA 4.0","link":"https://stackoverflow.com/questions/75489895/regex-how-to-select-float-value-in-json-string","title":"Regex: How to select float value in JSON string"},{"tags":["amazon-web-services","graphql","aws-amplify"],"owner":{"account_id":12244442,"reputation":21,"user_id":8936492,"user_type":"registered","profile_image":"https://www.gravatar.com/avatar/0e8e9125c7ca8a18e7ff560bd5304b74?s=256&d=identicon&r=PG&f=y&so-version=2","display_name":"David Klein","link":"https://stackoverflow.com/users/8936492/david-klein"},"is_answered":false,"view_count":120,"answer_count":0,"score":0,"last_activity_date":1676674028,"creation_date":1676674028,"question_id":75489894,"content_license":"CC BY-SA 4.0","link":"https://stackoverflow.com/questions/75489894/aws-amplify-graphql-how-to-limit-auth-user-api-calls-based-on-auth-owner-fi","title":"AWS Amplify / GraphQl - How to limit auth user api calls based on @auth owner field pointing at a many to many relationship?"},{"tags":["css","reactjs","overflow","react-big-calendar"],"owner":{"account_id":16692256,"reputation":25,"user_id":12064530,"user_type":"registered","profile_image":"https://lh3.googleusercontent.com/a-/AAuE7mAgfaFPZqKXgubgxYNKR2xxhDgBJZgyxR4-36yGxg=k-s256","display_name":"Traziiex Productions","link":"https://stackoverflow.com/users/12064530/traziiex-productions"},"is_answered":false,"view_count":338,"answer_count":1,"score":1,"last_activity_date":1685978638,"creation_date":1676674012,"question_id":75489892,"content_license":"CC BY-SA 4.0","link":"https://stackoverflow.com/questions/75489892/react-big-calendar-alignment-issue","title":"React Big Calendar alignment issue"},{"tags":["pandas","dataframe","mapping"],"owner":{"account_id":11534238,"reputation":433,"user_id":8452246,"user_type":"registered","profile_image":"https://graph.facebook.com/10156525298244502/picture?type=large","display_name":"Martin Yordanov Georgiev","link":"https://stackoverflow.com/users/8452246/martin-yordanov-georgiev"},"is_answered":true,"view_count":71,"accepted_answer_id":75492570,"answer_count":1,"score":0,"last_activity_date":1676714772,"creation_date":1676673995,"last_edit_date":1676709478,"question_id":75489890,"content_license":"CC BY-SA 4.0","link":"https://stackoverflow.com/questions/75489890/properly-map-values-between-two-dataframes","title":"Properly map values between two dataframes"},{"tags":["python","excel","pandas","streamlit"],"owner":{"account_id":3883427,"reputation":195,"user_id":3215407,"user_type":"registered","profile_image":"https://www.gravatar.com/avatar/b2bc06d4b20228c21ba0e3ff33268f28?s=256&d=identicon&r=PG&f=y&so-version=2","display_name":"volkan","link":"https://stackoverflow.com/users/3215407/volkan"},"is_answered":false,"view_count":72,"answer_count":1,"score":0,"last_activity_date":1676739420,"creation_date":1676673989,"question_id":75489889,"content_license":"CC BY-SA 4.0","link":"https://stackoverflow.com/questions/75489889/saving-lists-to-excel-in-python","title":"Saving lists to excel in Python"},{"tags":["c++","forward","forwarding","perfect-forwarding"],"owner":{"account_id":18536170,"reputation":31,"user_id":14151623,"user_type":"registered","profile_image":"https://i.stack.imgur.com/cys3C.jpg?s=256&g=1","display_name":"OHtuzh","link":"https://stackoverflow.com/users/14151623/ohtuzh"},"is_answered":false,"view_count":62,"closed_date":1676674801,"answer_count":0,"score":2,"last_activity_date":1676677948,"creation_date":1676673929,"last_edit_date":1676677948,"question_id":75489885,"link":"https://stackoverflow.com/questions/75489885/if-i-pass-an-rvalue-into-a-function-with-t-in-some-cases-i-can-change-the-val","closed_reason":"Duplicate","title":"If I pass an rvalue into a function with T&amp;&amp;, in some cases I can change the value, in other cases I can&#39;t, why?"},{"tags":["ruby","oauth-2.0","rspec","quickbooks-online"],"owner":{"account_id":27622225,"reputation":45,"user_id":21083000,"user_type":"registered","profile_image":"https://www.gravatar.com/avatar/afced5228333679384aaf8ca727ab9b6?s=256&d=identicon&r=PG","display_name":"Will DeBernardi","link":"https://stackoverflow.com/users/21083000/will-debernardi"},"is_answered":false,"view_count":386,"answer_count":1,"score":1,"last_activity_date":1676792563,"creation_date":1676673888,"question_id":75489883,"content_license":"CC BY-SA 4.0","link":"https://stackoverflow.com/questions/75489883/how-to-mock-oauth2-authentication-flow-in-rspec","title":"How to mock OAuth2 authentication flow in RSpec?"},{"tags":["python","list","environment","reinforcement-learning","empty-list"],"owner":{"account_id":20394544,"reputation":65,"user_id":16879380,"user_type":"registered","profile_image":"https://lh5.googleusercontent.com/-nEiAV-DWuyI/AAAAAAAAAAI/AAAAAAAAAAA/AMZuuclRGRecBnh6RjY_jCIP6t88-HnoFw/s96-c/photo.jpg?sz=256","display_name":"Sam","link":"https://stackoverflow.com/users/16879380/sam"},"is_answered":false,"view_count":89,"answer_count":0,"score":0,"last_activity_date":1676674604,"creation_date":1676673878,"last_edit_date":1676674604,"question_id":75489882,"content_license":"CC BY-SA 4.0","link":"https://stackoverflow.com/questions/75489882/my-custom-reinforcement-learning-environment-is-unable-to-extract-values-that-i","title":"My Custom Reinforcement Learning Environment is unable to extract values that I want"},{"tags":["angular","pagination","ngrx","concept"],"owner":{"account_id":12069123,"reputation":1,"user_id":8825095,"user_type":"registered","profile_image":"https://www.gravatar.com/avatar/6659e6ab950a69045149e6683d746da6?s=256&d=identicon&r=PG&f=y&so-version=2","display_name":"ishan","link":"https://stackoverflow.com/users/8825095/ishan"},"is_answered":true,"view_count":233,"answer_count":2,"score":0,"last_activity_date":1676676830,"creation_date":1676673860,"question_id":75489881,"content_license":"CC BY-SA 4.0","link":"https://stackoverflow.com/questions/75489881/ngrx-angular-8-pagination-for-a-list-of-vast-amount-of-data-coming-from-a","title":"( NGRX : Angular 8+) Pagination for a list of vast amount of data coming from a rest api"}],"has_more":true,"quota_max":300,"quota_remaining":279}