{"items":[{"tags":["vite","rollup"],"owner":{"account_id":25570320,"reputation":31,"user_id":19350800,"user_type":"registered","profile_image":"https://www.gravatar.com/avatar/aadb809153a81150397c2cfe8e629c5c?s=256&d=identicon&r=PG","display_name":"David Vane&#223;","link":"https://stackoverflow.com/users/19350800/david-vane%c3%9f"},"is_answered":false,"view_count":659,"answer_count":1,"score":0,"last_activity_date":1686304931,"creation_date":1686304767,"question_id":76439186,"content_license":"CC BY-SA 4.0","link":"https://stackoverflow.com/questions/76439186/vite-rollup-how-to-load-js-chunks-from-same-directory-as-index-html-or-by-relat","title":"vite/rollup: how to load js chunks from same directory as index.html or by relative paths?"},{"tags":["java","arrays","spring","spring-boot","byte"],"owner":{"account_id":10323494,"reputation":7,"user_id":7615629,"user_type":"registered","profile_image":"https://www.gravatar.com/avatar/20fa037447b203c0b6953d3c9546295b?s=256&d=identicon&r=PG&f=y&so-version=2","display_name":"CoderAkki","link":"https://stackoverflow.com/users/7615629/coderakki"},"is_answered":false,"view_count":561,"answer_count":3,"score":0,"last_activity_date":1686309121,"creation_date":1686304764,"last_edit_date":1686304801,"question_id":76439185,"content_license":"CC BY-SA 4.0","link":"https://stackoverflow.com/questions/76439185/increase-the-size-of-byte-array-in-java","title":"Increase the size of byte array in Java"},{"tags":["flutter","flutter-notification"],"owner":{"account_id":28786724,"reputation":1,"user_id":22047040,"user_type":"registered","profile_image":"https://lh3.googleusercontent.com/a/AAcHTtebe7p9bjxXKNQ_EiXG-JaLM7SY6989TpHoufpT=k-s256","display_name":"Muhd Luqman","link":"https://stackoverflow.com/users/22047040/muhd-luqman"},"is_answered":false,"view_count":42,"answer_count":0,"score":0,"last_activity_date":1686304764,"creation_date":1686304764,"question_id":76439184,"content_license":"CC BY-SA 4.0","link":"https://stackoverflow.com/questions/76439184/want-to-add-custom-sound-in-flutter","title":"want to add custom sound in flutter"},{"tags":["css","css-selectors"],"owner":{"account_id":18937513,"reputation":94,"user_id":13818273,"user_type":"registered","profile_image":"https://www.gravatar.com/avatar/0edb752e1c2f3198b2e626165d1e7c2e?s=256&d=identicon&r=PG&f=y&so-version=2","display_name":"Alessandro Lo Verde","link":"https://stackoverflow.com/users/13818273/alessandro-lo-verde"},"is_answered":true,"view_count":34,"accepted_answer_id":76439259,"answer_count":1,"score":2,"last_activity_date":1686339615,"creation_date":1686304738,"last_edit_date":1686339615,"question_id":76439178,"content_license":"CC BY-SA 4.0","link":"https://stackoverflow.com/questions/76439178/target-elements-excluding-certain-others","title":"Target elements excluding certain others"},{"tags":["rxjs","angular12","subject-observer"],"owner":{"account_id":382322,"reputation":312,"user_id":8746827,"user_type":"registered","profile_image":"https://i.stack.imgur.com/ytUC0.jpg?s=256&g=1","display_name":"pmh","link":"https://stackoverflow.com/users/8746827/pmh"},"is_answered":true,"view_count":48,"answer_count":2,"score":0,"last_activity_date":1686343269,"creation_date":1686304717,"last_edit_date":1686343269,"question_id":76439176,"content_license":"CC BY-SA 4.0","link":"https://stackoverflow.com/questions/76439176/call-methods-in-sequence-angular-12","title":"Call methods in sequence Angular 12"},{"tags":["php","laravel","passport.js"],"owner":{"account_id":28786635,"reputation":13,"user_id":22046972,"user_type":"registered","profile_image":"https://www.gravatar.com/avatar/425d8129f745a7b0eb2478f314efeab6?s=256&d=identicon&r=PG&f=y&so-version=2","display_name":"Tony nguyen","link":"https://stackoverflow.com/users/22046972/tony-nguyen"},"is_answered":true,"view_count":557,"accepted_answer_id":76728016,"answer_count":1,"score":1,"last_activity_date":1689841750,"creation_date":1686304696,"last_edit_date":1686312102,"question_id":76439173,"content_license":"CC BY-SA 4.0","link":"https://stackoverflow.com/questions/76439173/laravel-passport-error-curl-error-7-failed-to-connect-to-localhost-port-8080-a","title":"Laravel passport: Error cURL error 7: Failed to connect to localhost port 8080 after 0 ms"},{"tags":["php","sql","mysql","laravel","laravel-8"],"owner":{"account_id":26804497,"reputation":31,"user_id":20395983,"user_type":"registered","profile_image":"https://lh3.googleusercontent.com/a/ALm5wu2cTShPkvqS7-_QDzRcfzGzjLhDbyzBtkHcZ3_p=k-s256","display_name":"Pradeep Kumar","link":"https://stackoverflow.com/users/20395983/pradeep-kumar"},"is_answered":false,"view_count":45,"answer_count":1,"score":0,"last_activity_date":1686665116,"creation_date":1686304696,"last_edit_date":1686309002,"question_id":76439172,"content_license":"CC BY-SA 4.0","link":"https://stackoverflow.com/questions/76439172/need-two-table-column-data-in-same-time-with-no-duplicate-entry","title":"Need two table column data in same time with no duplicate entry"},{"tags":["postgresql","copy","rdbms"],"owner":{"account_id":14891603,"reputation":121,"user_id":10753078,"user_type":"registered","profile_image":"https://graph.facebook.com/954087828116241/picture?type=large","display_name":"Nikhil Lingam","link":"https://stackoverflow.com/users/10753078/nikhil-lingam"},"is_answered":false,"view_count":43,"answer_count":0,"score":0,"last_activity_date":1686304687,"creation_date":1686304687,"question_id":76439171,"content_license":"CC BY-SA 4.0","link":"https://stackoverflow.com/questions/76439171/copy-feature-in-postgresql-failing-when-data-is-in-epoch-format-org-postgresql","title":"Copy Feature in postgresql failing when data is in epoch format (org.postgresql.util.PSQLException: ERROR: date/time field value out of range:)"},{"tags":["r","web-scraping","rvest","rselenium"],"owner":{"account_id":28786473,"reputation":1,"user_id":22046830,"user_type":"registered","profile_image":"https://www.gravatar.com/avatar/acbb84df1494332d1bec8173082c4279?s=256&d=identicon&r=PG&f=y&so-version=2","display_name":"mfrere","link":"https://stackoverflow.com/users/22046830/mfrere"},"is_answered":false,"view_count":60,"answer_count":1,"score":0,"last_activity_date":1686694091,"creation_date":1686304686,"last_edit_date":1686694091,"question_id":76439170,"content_license":"CC BY-SA 4.0","link":"https://stackoverflow.com/questions/76439170/rvest-html-element-doesnt-allow-me-to-extract-text-span-character-0-or-na","title":"rvest html_element doesn&#39;t allow me to extract text (&lt;span) : character 0 or Na"},{"tags":["macros","proc-sql","select-into","macro-variable"],"owner":{"account_id":26381716,"reputation":11,"user_id":20034866,"user_type":"registered","profile_image":"https://lh3.googleusercontent.com/a-/ACNPEu-HCl_RpIyHMWdS8NT2km-RN0j9mxKMSa3hwCr47g=k-s256","display_name":"Fabrizio Ferrari","link":"https://stackoverflow.com/users/20034866/fabrizio-ferrari"},"is_answered":false,"view_count":25,"answer_count":0,"score":0,"last_activity_date":1686309011,"creation_date":1686304611,"last_edit_date":1686309011,"question_id":76439161,"content_license":"CC BY-SA 4.0","link":"https://stackoverflow.com/questions/76439161/proc-sql-select-into-not-working-as-i-would-like","title":"Proc SQL Select Into not working as I would like"},{"tags":["android","flutter","dart"],"owner":{"account_id":10171588,"reputation":21,"user_id":11288847,"user_type":"registered","profile_image":"https://i.stack.imgur.com/Xo4ll.png?s=256&g=1","display_name":"Ardean","link":"https://stackoverflow.com/users/11288847/ardean"},"is_answered":false,"view_count":62,"answer_count":0,"score":2,"last_activity_date":1686304829,"creation_date":1686304598,"last_edit_date":1686304829,"question_id":76439160,"content_license":"CC BY-SA 4.0","link":"https://stackoverflow.com/questions/76439160/cant-run-flutter-project-exception-in-thread-main-java-util-zip-zipexception","title":"Can&#39;t run Flutter Project `Exception in thread &quot;main&quot; java.util.zip.ZipException: zip END header not found`"},{"tags":["java","caching","redis","micronaut"],"owner":{"account_id":14982951,"reputation":188,"user_id":10816443,"user_type":"registered","profile_image":"https://www.gravatar.com/avatar/7e0a38c36ef437c983f6ef57e13d7d39?s=256&d=identicon&r=PG","display_name":"Ole","link":"https://stackoverflow.com/users/10816443/ole"},"is_answered":true,"view_count":170,"accepted_answer_id":76457623,"answer_count":1,"score":3,"last_activity_date":1686579951,"creation_date":1686304594,"question_id":76439158,"content_license":"CC BY-SA 4.0","link":"https://stackoverflow.com/questions/76439158/why-dont-items-expire-in-my-micronaut-redis-cache","title":"Why don&#39;t items expire in my Micronaut/Redis cache?"},{"tags":["django","postgresql","rq"],"owner":{"account_id":21436618,"reputation":603,"user_id":15792008,"user_type":"registered","profile_image":"https://www.gravatar.com/avatar/e5e8757219318075a7c0164a31110d89?s=256&d=identicon&r=PG&f=y&so-version=2","display_name":"Henty","link":"https://stackoverflow.com/users/15792008/henty"},"is_answered":true,"view_count":64,"answer_count":1,"score":0,"last_activity_date":1686305717,"creation_date":1686304562,"last_edit_date":1686305442,"question_id":76439152,"content_license":"CC BY-SA 4.0","link":"https://stackoverflow.com/questions/76439152/django-race-conditions-between-create-and-get","title":"Django race conditions between create() and get()"},{"tags":["numpy","performance","scipy","linear-algebra","eigenvalue"],"owner":{"account_id":11482135,"reputation":321,"user_id":11248867,"user_type":"registered","profile_image":"https://www.gravatar.com/avatar/0aee74b490a9d07daafec0fc413a02ff?s=256&d=identicon&r=PG&f=y&so-version=2","display_name":"Marcel Ferrari","link":"https://stackoverflow.com/users/11248867/marcel-ferrari"},"is_answered":true,"view_count":92,"accepted_answer_id":76445691,"answer_count":1,"score":5,"last_activity_date":1689332951,"creation_date":1686304540,"last_edit_date":1686307248,"question_id":76439150,"content_license":"CC BY-SA 4.0","link":"https://stackoverflow.com/questions/76439150/scipy-banded-eigensolver-much-slower-than-standard-eigensolver","title":"Scipy banded eigensolver much slower than standard eigensolver"},{"tags":["python-3.x","pandas","dataframe","group-by"],"owner":{"account_id":27208923,"reputation":429,"user_id":20740043,"user_type":"registered","profile_image":"https://www.gravatar.com/avatar/c312cd4033e22ab8f5a03f60aac98ea2?s=256&d=identicon&r=PG&f=y&so-version=2","display_name":"NN_Developer","link":"https://stackoverflow.com/users/20740043/nn-developer"},"is_answered":true,"view_count":30,"accepted_answer_id":76439168,"answer_count":1,"score":1,"last_activity_date":1686305708,"creation_date":1686304503,"question_id":76439147,"content_license":"CC BY-SA 4.0","link":"https://stackoverflow.com/questions/76439147/create-two-sub-dataframes-based-on-group-id-from-an-original-dataframe","title":"Create two sub-dataframes, based on group/id, from an original dataframe"},{"tags":["python","apache-spark","pyspark"],"owner":{"account_id":19083588,"reputation":241,"user_id":13935315,"user_type":"registered","profile_image":"https://lh3.googleusercontent.com/-5qW1etFRs28/AAAAAAAAAAI/AAAAAAAAAAA/AMZuuckI8BsrcXXzDDTEjyXfYhcjwOKG8A/photo.jpg?sz=256","display_name":"Jens","link":"https://stackoverflow.com/users/13935315/jens"},"is_answered":true,"view_count":307,"accepted_answer_id":76488131,"answer_count":1,"score":0,"last_activity_date":1686902551,"creation_date":1686304488,"question_id":76439146,"content_license":"CC BY-SA 4.0","link":"https://stackoverflow.com/questions/76439146/pyspark-streamingquerylistener-queryterminatedevent-not-fired-when-using-delta-t","title":"Pyspark StreamingQueryListener QueryTerminatedEvent not fired when using delta tables"},{"tags":["javascript","mongodb","express","jwt","backend"],"owner":{"account_id":28781634,"reputation":11,"user_id":22043128,"user_type":"registered","profile_image":"https://graph.facebook.com/3658733601076022/picture?type=large","display_name":"Abdu R&#235;hm&#227;&#241;","link":"https://stackoverflow.com/users/22043128/abdu-r%c3%abhm%c3%a3%c3%b1"},"is_answered":true,"view_count":4398,"answer_count":1,"score":1,"last_activity_date":1694165122,"creation_date":1686304486,"question_id":76439145,"content_license":"CC BY-SA 4.0","link":"https://stackoverflow.com/questions/76439145/at-process-processticksandrejections-nodeinternal-process-task-queues955","title":"at process.processTicksAndRejections (node:internal/process/task_queues:95:5)"},{"tags":["html","css","header","sticky"],"owner":{"account_id":28786656,"reputation":1,"user_id":22046989,"user_type":"registered","profile_image":"https://www.gravatar.com/avatar/f5df9cd1dc3c2cd190f072757497b902?s=256&d=identicon&r=PG&f=y&so-version=2","display_name":"Etta","link":"https://stackoverflow.com/users/22046989/etta"},"is_answered":false,"view_count":58,"answer_count":0,"score":0,"last_activity_date":1686304481,"creation_date":1686304481,"question_id":76439143,"content_license":"CC BY-SA 4.0","link":"https://stackoverflow.com/questions/76439143/how-do-i-make-the-navigation-bar-header-sticky-on-zendesk-help-centre","title":"How do I make the navigation bar/header sticky on zendesk help centre?"},{"tags":["pytorch","torchvision"],"owner":{"account_id":3005837,"reputation":5552,"user_id":2550406,"user_type":"registered","accept_rate":88,"profile_image":"https://i.stack.imgur.com/5YTs2.png?s=256&g=1","display_name":"lucidbrot","link":"https://stackoverflow.com/users/2550406/lucidbrot"},"is_answered":true,"view_count":770,"accepted_answer_id":76481419,"answer_count":2,"score":4,"last_activity_date":1686823709,"creation_date":1686304454,"question_id":76439141,"content_license":"CC BY-SA 4.0","link":"https://stackoverflow.com/questions/76439141/is-there-any-reason-to-use-torchvision-compose-over-torch-nn-sequential","title":"Is there any reason to use torchvision.Compose over torch.nn.Sequential?"},{"tags":["anylogic"],"owner":{"account_id":28661527,"reputation":27,"user_id":21946366,"user_type":"registered","profile_image":"https://www.gravatar.com/avatar/e3190ea2193b2db63723e4c687da4e72?s=256&d=identicon&r=PG&f=y&so-version=2","display_name":"anylogicuser","link":"https://stackoverflow.com/users/21946366/anylogicuser"},"is_answered":false,"view_count":42,"answer_count":0,"score":0,"last_activity_date":1686392612,"creation_date":1686304428,"last_edit_date":1686392612,"question_id":76439138,"content_license":"CC BY-SA 4.0","link":"https://stackoverflow.com/questions/76439138/priority-based-queue-sorted-by-deadline-and-constantly-updated","title":"Priority-based queue sorted by deadline and constantly updated"},{"tags":["r","if-statement","conditional-statements","subset"],"owner":{"account_id":27124153,"reputation":125,"user_id":20667454,"user_type":"registered","profile_image":"https://www.gravatar.com/avatar/b3bd507e390cfb024b9ab9fa59a750b0?s=256&d=identicon&r=PG","display_name":"Rara","link":"https://stackoverflow.com/users/20667454/rara"},"is_answered":true,"view_count":147,"accepted_answer_id":76440960,"answer_count":3,"score":0,"last_activity_date":1687958963,"creation_date":1686304412,"last_edit_date":1687958963,"question_id":76439137,"content_license":"CC BY-SA 4.0","link":"https://stackoverflow.com/questions/76439137/how-to-check-different-conditions-in-a-data-frame-based-on-the-values-in-another","title":"How to check different conditions in a data frame based on the values in another data frame?"},{"tags":["php","class","view","yii2"],"owner":{"account_id":24179456,"reputation":133,"user_id":18140340,"user_type":"registered","profile_image":"https://lh3.googleusercontent.com/a/AATXAJwLxecVpUwJWfTf1bM-a6Afx79IT8WFyOAoeIPq=k-s256","display_name":"TLausie","link":"https://stackoverflow.com/users/18140340/tlausie"},"is_answered":true,"view_count":54,"accepted_answer_id":76442907,"answer_count":1,"score":0,"last_activity_date":1686336087,"creation_date":1686304353,"last_edit_date":1686307648,"question_id":76439132,"content_license":"CC BY-SA 4.0","link":"https://stackoverflow.com/questions/76439132/yii2-creating-a-get-method-for-a-mysql-table-column-doesnt-work","title":"Yii2 creating a get method for a mysql table column doesn&#39;t work"},{"tags":["powerbi","powerquery"],"owner":{"account_id":28786606,"reputation":1,"user_id":22046948,"user_type":"registered","profile_image":"https://lh3.googleusercontent.com/a/AAcHTteQmRhkSyEyDmhZwNpisyjLAo4Kl-l5i6glVk0o=k-s256","display_name":"Sleepy","link":"https://stackoverflow.com/users/22046948/sleepy"},"is_answered":false,"view_count":51,"answer_count":1,"score":0,"last_activity_date":1686307851,"creation_date":1686304351,"last_edit_date":1686305135,"question_id":76439131,"content_license":"CC BY-SA 4.0","link":"https://stackoverflow.com/questions/76439131/power-bi-relations-between-two-tables-one-active-on-inactive","title":"Power Bi relations between two tables, one active on inactive"},{"tags":["github"],"owner":{"account_id":24911843,"reputation":1056,"user_id":18781306,"user_type":"registered","profile_image":"https://www.gravatar.com/avatar/88785b65c8114f5d2455e4a83dc20d94?s=256&d=identicon&r=PG","display_name":"KWriter","link":"https://stackoverflow.com/users/18781306/kwriter"},"is_answered":false,"view_count":10,"answer_count":0,"score":0,"last_activity_date":1686304337,"creation_date":1686304337,"question_id":76439130,"content_license":"CC BY-SA 4.0","link":"https://stackoverflow.com/questions/76439130/is-is-possible-to-change-the-default-branch-for-merging","title":"Is is possible to change the default branch for merging?"},{"tags":["docker","jenkins","ssh","bitbucket"],"owner":{"account_id":19230381,"reputation":89,"user_id":14052336,"user_type":"registered","profile_image":"https://lh5.googleusercontent.com/-Hiz54066QsQ/AAAAAAAAAAI/AAAAAAAAAAA/AMZuuckOPEXPgWpOjPLP4zwaCk2llfwRKQ/photo.jpg?sz=256","display_name":"Theoran","link":"https://stackoverflow.com/users/14052336/theoran"},"is_answered":true,"view_count":68,"accepted_answer_id":76439626,"answer_count":1,"score":1,"last_activity_date":1686553256,"creation_date":1686304322,"last_edit_date":1686553256,"question_id":76439128,"content_license":"CC BY-SA 4.0","link":"https://stackoverflow.com/questions/76439128/how-do-i-use-the-ssh-key-of-a-host-system-in-a-docker-running-on-it","title":"How do I use the SSH key of a host system in a Docker running on it?"},{"tags":["python","linux","windows","robotframework"],"owner":{"account_id":24821933,"reputation":33,"user_id":18702185,"user_type":"registered","profile_image":"https://www.gravatar.com/avatar/67c71b95bb3d8582b727b9b8bf803d25?s=256&d=identicon&r=PG&f=y&so-version=2","display_name":"allOverThePlace","link":"https://stackoverflow.com/users/18702185/allovertheplace"},"is_answered":false,"view_count":29,"answer_count":1,"score":0,"last_activity_date":1686311733,"creation_date":1686304311,"last_edit_date":1686311733,"question_id":76439126,"content_license":"CC BY-SA 4.0","link":"https://stackoverflow.com/questions/76439126/replace-string-space-not-norking-on-a-linux-environment","title":"Replace String ${SPACE} not norking on a linux environment"},{"tags":["machine-learning","pytorch","gradient","tensor","pde"],"owner":{"account_id":28786410,"reputation":1,"user_id":22046777,"user_type":"registered","profile_image":"https://www.gravatar.com/avatar/f2b1acfd16c128076d54e7965a6bc31b?s=256&d=identicon&r=PG&f=y&so-version=2","display_name":"Bo van Hasselt","link":"https://stackoverflow.com/users/22046777/bo-van-hasselt"},"is_answered":false,"view_count":258,"answer_count":1,"score":0,"last_activity_date":1686600410,"creation_date":1686304253,"last_edit_date":1686305001,"question_id":76439122,"content_license":"CC BY-SA 4.0","link":"https://stackoverflow.com/questions/76439122/how-can-i-calculate-the-gradients-of-my-outputs-in-respect-to-certain-input-valu","title":"How can I calculate the gradients of my outputs in respect to certain input values of my Tensor with Pytorch?"},{"tags":["python","aws-lambda"],"owner":{"account_id":17875345,"reputation":1,"user_id":12985559,"user_type":"registered","profile_image":"https://www.gravatar.com/avatar/6931b3a67dcec32c246eedb4f06b6cf2?s=256&d=identicon&r=PG&f=y&so-version=2","display_name":"user12985559","link":"https://stackoverflow.com/users/12985559/user12985559"},"is_answered":true,"view_count":144,"accepted_answer_id":76457283,"answer_count":1,"score":0,"last_activity_date":1686577439,"creation_date":1686304211,"last_edit_date":1686552410,"question_id":76439115,"content_license":"CC BY-SA 4.0","link":"https://stackoverflow.com/questions/76439115/aws-lambda-python-library","title":"AWS Lambda python library"},{"tags":["python"],"owner":{"account_id":69579,"reputation":24626,"user_id":202335,"user_type":"registered","accept_rate":73,"profile_image":"https://www.gravatar.com/avatar/b9f73d3ee864c6495452f0eddb80fb19?s=256&d=identicon&r=PG","display_name":"Steven","link":"https://stackoverflow.com/users/202335/steven"},"is_answered":true,"view_count":69,"answer_count":2,"score":0,"last_activity_date":1686306667,"creation_date":1686304208,"last_edit_date":1686306667,"question_id":76439114,"content_license":"CC BY-SA 4.0","link":"https://stackoverflow.com/questions/76439114/how-can-i-print-two-specified-columns-of-a-table","title":"How can I print two specified columns of a table?"},{"tags":["c#","asp.net","iis","web-applications","publish"],"owner":{"account_id":10966588,"reputation":1,"user_id":8058146,"user_type":"registered","profile_image":"https://i.stack.imgur.com/qtdnl.jpg?s=256&g=1","display_name":"K.Rafees","link":"https://stackoverflow.com/users/8058146/k-rafees"},"is_answered":false,"view_count":307,"answer_count":1,"score":0,"last_activity_date":1686556055,"creation_date":1686304202,"question_id":76439113,"content_license":"CC BY-SA 4.0","link":"https://stackoverflow.com/questions/76439113/after-publish-a-webapp-on-iis-im-getting-this-site-can-t-be-reached-error","title":"After Publish a webApp on IIS I&#39;m getting &quot;This site can’t be reached&quot; error?"}],"has_more":true,"quota_max":300,"quota_remaining":70}