{"items":[{"tags":["python","sql","nlp","tokenize","spacy-3"],"owner":{"account_id":5347580,"reputation":27,"user_id":4262681,"user_type":"registered","profile_image":"https://graph.facebook.com/100000188396954/picture?type=large","display_name":"Eto","link":"https://stackoverflow.com/users/4262681/eto"},"is_answered":false,"view_count":74,"answer_count":0,"score":0,"last_activity_date":1680887460,"creation_date":1680886754,"last_edit_date":1680887460,"question_id":75960501,"content_license":"CC BY-SA 4.0","link":"https://stackoverflow.com/questions/75960501/spacy-v3-5-throws-pipeline-component-set-tag-component-returned-class-mai","title":"Spacy V3.5 Throws: Pipeline component &#39;set_tag_component&#39; returned &lt;class &#39;__main__.SetTagComponent&#39;&gt; instead of a Doc"},{"tags":["python","docker"],"owner":{"account_id":25307530,"reputation":657,"user_id":19130803,"user_type":"registered","profile_image":"https://www.gravatar.com/avatar/a3dc5964e639ecb3c005582981bdcc7b?s=256&d=identicon&r=PG","display_name":"winter","link":"https://stackoverflow.com/users/19130803/winter"},"is_answered":true,"view_count":143,"accepted_answer_id":75960874,"answer_count":1,"score":0,"last_activity_date":1680890002,"creation_date":1680886740,"question_id":75960498,"content_license":"CC BY-SA 4.0","link":"https://stackoverflow.com/questions/75960498/docker-pass-dynamic-directory-name-to-workdir","title":"Docker pass dynamic directory name to WORKDIR"},{"tags":["nginx","nginx-config"],"owner":{"account_id":5941291,"reputation":2029,"user_id":4672397,"user_type":"registered","accept_rate":94,"profile_image":"https://www.gravatar.com/avatar/565d2ed564a88f04f0428d17c3057694?s=256&d=identicon&r=PG&f=y&so-version=2","display_name":"fuzzi","link":"https://stackoverflow.com/users/4672397/fuzzi"},"is_answered":false,"view_count":125,"answer_count":0,"score":0,"last_activity_date":1680888033,"creation_date":1680886728,"last_edit_date":1680888033,"question_id":75960495,"content_license":"CC BY-SA 4.0","link":"https://stackoverflow.com/questions/75960495/nginx-sometimes-throws-connection-refused-how-to-get-better-performance","title":"NGINX sometimes throws connection refused - how to get better performance?"},{"tags":["node.js","discord","discord.js"],"owner":{"account_id":26325546,"reputation":1,"user_id":19986920,"user_type":"registered","profile_image":"https://lh3.googleusercontent.com/a-/AFdZucqwhiotZDEbBYMkZ4sa9PFBu8408aaqxqhAvjKzKw=k-s256","display_name":"Pulok Gamer","link":"https://stackoverflow.com/users/19986920/pulok-gamer"},"is_answered":false,"view_count":632,"answer_count":1,"score":-1,"last_activity_date":1680990281,"creation_date":1680886709,"last_edit_date":1680990281,"question_id":75960492,"content_license":"CC BY-SA 4.0","link":"https://stackoverflow.com/questions/75960492/typeerror-cannot-read-properties-of-undefined-reading-flags","title":"TypeError: Cannot read properties of undefined (reading &#39;FLAGS&#39;)"},{"tags":["python","discord","discord.py","bots"],"owner":{"account_id":28242555,"reputation":1,"user_id":21590130,"user_type":"registered","profile_image":"https://www.gravatar.com/avatar/0ba6fee491d926ca497a7869a56f92be?s=256&d=identicon&r=PG&f=y&so-version=2","display_name":"Gambriwis","link":"https://stackoverflow.com/users/21590130/gambriwis"},"is_answered":true,"view_count":51,"answer_count":1,"score":-3,"last_activity_date":1680892427,"creation_date":1680886688,"question_id":75960490,"content_license":"CC BY-SA 4.0","link":"https://stackoverflow.com/questions/75960490/error-exception-attributeerrormember-object-has-no-attribute-voice","title":"ERROR exception=AttributeError(&quot;&#39;Member&#39; object has no attribute &#39;voice&#39;&quot;)&gt;"},{"tags":["flutter","google-cloud-firestore"],"owner":{"account_id":17123478,"reputation":29,"user_id":12391204,"user_type":"registered","profile_image":"https://graph.facebook.com/10213130118922672/picture?type=large","display_name":"Eren","link":"https://stackoverflow.com/users/12391204/eren"},"is_answered":true,"view_count":51,"accepted_answer_id":75960615,"answer_count":1,"score":0,"last_activity_date":1680899676,"creation_date":1680886687,"last_edit_date":1680899676,"question_id":75960489,"content_license":"CC BY-SA 4.0","link":"https://stackoverflow.com/questions/75960489/how-to-disable-send-a-message-to-firestore-until-the-other-user-has-responded","title":"How to disable send a message to Firestore until the other user has responded"},{"tags":["vb.net","visual-studio","forms"],"owner":{"account_id":3078778,"reputation":23,"user_id":2607518,"user_type":"registered","profile_image":"https://www.gravatar.com/avatar/98bddf33e54526e41c7a760e53c8ee11?s=256&d=identicon&r=PG","display_name":"Jorge Perez","link":"https://stackoverflow.com/users/2607518/jorge-perez"},"is_answered":false,"view_count":56,"answer_count":0,"score":0,"last_activity_date":1680905793,"creation_date":1680886683,"last_edit_date":1680905793,"question_id":75960487,"content_license":"CC BY-SA 4.0","link":"https://stackoverflow.com/questions/75960487/call-a-form-subroutine-from-a-module-to-modify-a-form-control","title":"Call a Form Subroutine from a Module to modify a Form Control"},{"tags":["r","dplyr","case"],"owner":{"account_id":28234134,"reputation":1,"user_id":21582900,"user_type":"registered","profile_image":"https://lh3.googleusercontent.com/a/AGNmyxbSrtMlToN617PYDwzS0RJPXLo3zJOREHVGY5ZZ9w=k-s256","display_name":"Huaao Shen","link":"https://stackoverflow.com/users/21582900/huaao-shen"},"is_answered":false,"view_count":47,"answer_count":1,"score":-1,"last_activity_date":1680890148,"creation_date":1680886679,"last_edit_date":1680887367,"question_id":75960485,"content_license":"CC BY-SA 4.0","link":"https://stackoverflow.com/questions/75960485/how-to-compare-two-columns","title":"How to compare two columns?"},{"tags":["python","pandas"],"owner":{"account_id":8059345,"reputation":1083,"user_id":6075349,"user_type":"registered","accept_rate":64,"profile_image":"https://www.gravatar.com/avatar/c1583589f736b1cd4f109970f6fd304f?s=256&d=identicon&r=PG&f=y&so-version=2","display_name":"FlyingPickle","link":"https://stackoverflow.com/users/6075349/flyingpickle"},"is_answered":true,"view_count":85,"accepted_answer_id":75960544,"answer_count":1,"score":0,"last_activity_date":1680895243,"creation_date":1680886647,"last_edit_date":1680886985,"question_id":75960479,"content_license":"CC BY-SA 4.0","link":"https://stackoverflow.com/questions/75960479/pandas-dataframe-multiple-and-sum-row-wise","title":"Pandas dataframe multiple and sum row wise"},{"tags":["typescript","docker","docker-compose","dockerfile","vuejs3"],"owner":{"account_id":26917432,"reputation":1,"user_id":20491999,"user_type":"registered","profile_image":"https://lh3.googleusercontent.com/a/ALm5wu3n0pJlSKq6QEJsc45g8AgC4AXkmbkGI7kuWc7U=k-s256","display_name":"yarden Yosef","link":"https://stackoverflow.com/users/20491999/yarden-yosef"},"is_answered":false,"view_count":90,"answer_count":0,"score":0,"last_activity_date":1680886705,"creation_date":1680886604,"last_edit_date":1680886705,"question_id":75960473,"content_license":"CC BY-SA 4.0","link":"https://stackoverflow.com/questions/75960473/trying-to-dockerize-my-app-but-something-is-wrong-with-frontend","title":"trying to dockerize my app, but something is wrong with frontend"},{"tags":["c#","android","xamarin","webview","webassembly"],"owner":{"account_id":23969572,"reputation":51,"user_id":17958472,"user_type":"registered","profile_image":"https://www.gravatar.com/avatar/a890037d2082bf021eb7d12f7d1a6537?s=256&d=identicon&r=PG","display_name":"HelloWorld","link":"https://stackoverflow.com/users/17958472/helloworld"},"is_answered":false,"view_count":75,"answer_count":0,"score":0,"last_activity_date":1680894531,"creation_date":1680886600,"last_edit_date":1680894531,"question_id":75960471,"content_license":"CC BY-SA 4.0","link":"https://stackoverflow.com/questions/75960471/error-in-xamarin-when-loading-webpage-with-qt-webassembly-using-android-webview","title":"Error in Xamarin when loading webpage with Qt Webassembly using Android WebView"},{"tags":["javascript","angular","typescript","tensorflow","tensorflow.js"],"owner":{"account_id":15650713,"reputation":81,"user_id":11292167,"user_type":"registered","profile_image":"https://lh4.googleusercontent.com/-iK1t8k3Dka8/AAAAAAAAAAI/AAAAAAAAAAA/ACHi3rczQdqIoGd5irGu44GB_DIVJ6MIvg/mo/photo.jpg?sz=256","display_name":"Robin Chauhan","link":"https://stackoverflow.com/users/11292167/robin-chauhan"},"is_answered":false,"view_count":24,"answer_count":0,"score":0,"last_activity_date":1680887379,"creation_date":1680886597,"last_edit_date":1680887379,"question_id":75960470,"content_license":"CC BY-SA 4.0","link":"https://stackoverflow.com/questions/75960470/how-to-use-converted-tensorflow-model-json-file-in-angular-for-live-object-detec","title":"How to use converted tensorflow model.json file in angular for live object detection"},{"tags":["windows","kubernetes","batch-file","jenkins","jenkins-pipeline"],"owner":{"account_id":10869212,"reputation":413,"user_id":7991646,"user_type":"registered","profile_image":"https://www.gravatar.com/avatar/835c3e8dba64f53ea8d8c61f7e78b638?s=256&d=identicon&r=PG&f=y&so-version=2","display_name":"jrbe228","link":"https://stackoverflow.com/users/7991646/jrbe228"},"is_answered":false,"view_count":186,"answer_count":1,"score":0,"last_activity_date":1681334337,"creation_date":1680886585,"question_id":75960468,"content_license":"CC BY-SA 4.0","link":"https://stackoverflow.com/questions/75960468/how-to-run-batch-script-in-a-jenkins-pipeline-building-on-a-windows-based-kubern","title":"How to run batch script in a Jenkins pipeline building on a Windows-based Kubernetes pod"},{"tags":["java","android","gradle","import","module"],"owner":{"account_id":22666965,"reputation":33,"user_id":16839187,"user_type":"registered","profile_image":"https://www.gravatar.com/avatar/2b087d271a711bdc57f83eb8c1919eed?s=256&d=identicon&r=PG&f=y&so-version=2","display_name":"Shogery","link":"https://stackoverflow.com/users/16839187/shogery"},"is_answered":false,"view_count":86,"answer_count":0,"score":0,"last_activity_date":1680886571,"creation_date":1680886571,"question_id":75960466,"content_license":"CC BY-SA 4.0","link":"https://stackoverflow.com/questions/75960466/importing-module-in-android-electric-eel","title":"Importing module in Android Electric Eel"},{"tags":["r"],"owner":{"account_id":12312538,"reputation":141,"user_id":8983609,"user_type":"registered","profile_image":"https://www.gravatar.com/avatar/a18c4f30b6e281ca871cb388724d5b7d?s=256&d=identicon&r=PG&f=y&so-version=2","display_name":"jc2525","link":"https://stackoverflow.com/users/8983609/jc2525"},"is_answered":false,"view_count":19,"answer_count":1,"score":-1,"last_activity_date":1680887347,"creation_date":1680886552,"question_id":75960463,"content_license":"CC BY-SA 4.0","link":"https://stackoverflow.com/questions/75960463/how-to-fix-column-in-data-frame-that-was-made-into-a-data-frame-in-r","title":"how to fix column in data frame that was made into a data frame in R?"},{"tags":["freshdesk","thunderclient"],"owner":{"account_id":26462782,"reputation":39,"user_id":20104477,"user_type":"registered","profile_image":"https://www.gravatar.com/avatar/8770089e167ac4f13d0d681902e8ec6e?s=256&d=identicon&r=PG","display_name":"AJ L","link":"https://stackoverflow.com/users/20104477/aj-l"},"is_answered":true,"view_count":353,"accepted_answer_id":76707867,"answer_count":1,"score":0,"last_activity_date":1690224373,"creation_date":1680886540,"last_edit_date":1689158905,"question_id":75960460,"content_license":"CC BY-SA 4.0","link":"https://stackoverflow.com/questions/75960460/freshdesk-api-ticket-forwarding-returns-400-for-unexpected-invalid-field-in-r","title":"Freshdesk API (ticket forwarding) returns 400 for &quot;Unexpected/invalid field in request&quot;"},{"tags":["python","plot","shapefile"],"owner":{"account_id":24321141,"reputation":3,"user_id":18261516,"user_type":"registered","profile_image":"https://www.gravatar.com/avatar/3ac1124a9f834dcd5c8db0cabfac4378?s=256&d=identicon&r=PG","display_name":"zam","link":"https://stackoverflow.com/users/18261516/zam"},"is_answered":false,"view_count":23,"answer_count":0,"score":0,"last_activity_date":1680886442,"creation_date":1680886442,"question_id":75960448,"content_license":"CC BY-SA 4.0","link":"https://stackoverflow.com/questions/75960448/put-the-shapefile-into-plot-of-interp2d-xyz","title":"Put the shapefile into plot of interp2d XYZ"},{"tags":["xml","jasperserver"],"owner":{"account_id":2001118,"reputation":348,"user_id":3736144,"user_type":"registered","accept_rate":75,"profile_image":"https://www.gravatar.com/avatar/3a521be089fa36997695bab61453c39e?s=256&d=identicon&r=PG&f=y&so-version=2","display_name":"SRahmani","link":"https://stackoverflow.com/users/3736144/srahmani"},"is_answered":false,"view_count":36,"answer_count":1,"score":0,"last_activity_date":1681999535,"creation_date":1680886424,"last_edit_date":1680887674,"question_id":75960447,"content_license":"CC BY-SA 4.0","link":"https://stackoverflow.com/questions/75960447/jaspersoft-security-file-issue","title":"jaspersoft security file issue"},{"tags":["matlab","gradient-descent"],"owner":{"account_id":19605731,"reputation":1,"user_id":14349468,"user_type":"registered","profile_image":"https://www.gravatar.com/avatar/5f315339ab879ec4b2c7038230ca9a36?s=256&d=identicon&r=PG&f=y&so-version=2","display_name":"kaiserwilheln3","link":"https://stackoverflow.com/users/14349468/kaiserwilheln3"},"is_answered":false,"view_count":27,"answer_count":0,"score":0,"last_activity_date":1681307796,"creation_date":1680886411,"last_edit_date":1681307796,"question_id":75960446,"content_license":"CC BY-SA 4.0","link":"https://stackoverflow.com/questions/75960446/optimisation-algorithm","title":"Optimisation algorithm"},{"tags":["c#","json","json.net","json-deserialization"],"owner":{"account_id":2084852,"reputation":446,"user_id":1856047,"user_type":"registered","accept_rate":88,"profile_image":"https://i.stack.imgur.com/d9txk.jpg?s=256&g=1","display_name":"Zaveed Abbasi","link":"https://stackoverflow.com/users/1856047/zaveed-abbasi"},"is_answered":true,"view_count":69,"accepted_answer_id":75960658,"answer_count":2,"score":0,"last_activity_date":1680897219,"creation_date":1680886398,"last_edit_date":1680897219,"question_id":75960444,"content_license":"CC BY-SA 4.0","link":"https://stackoverflow.com/questions/75960444/unable-to-deserialize-a-specific-json-in-c-desktop-application","title":"Unable to Deserialize a specific Json in C# desktop application"},{"tags":["spring-boot","spring-security","keycloak"],"owner":{"account_id":7013601,"reputation":9,"user_id":5375662,"user_type":"registered","profile_image":"https://www.gravatar.com/avatar/e8ade22917f3714624b05a36e2fa14b8?s=256&d=identicon&r=PG&f=y&so-version=2","display_name":"Babak Mirghafari","link":"https://stackoverflow.com/users/5375662/babak-mirghafari"},"is_answered":false,"view_count":181,"answer_count":1,"score":-1,"last_activity_date":1680949413,"creation_date":1680886359,"question_id":75960440,"content_license":"CC BY-SA 4.0","link":"https://stackoverflow.com/questions/75960440/spring-security-6-return-403-for-all-request","title":"spring-security 6 return 403 for all request"},{"tags":["r","ggplot2","bar-chart","stacked-bar-chart","likert"],"owner":{"account_id":16898512,"reputation":13,"user_id":12418545,"user_type":"registered","profile_image":"https://lh3.googleusercontent.com/a-/AAuE7mD5Ats-SOUnbkWkAItS2-LbU8tF9UIS-Tv_YZFc2w=k-s256","display_name":"Kiirsti Owen","link":"https://stackoverflow.com/users/12418545/kiirsti-owen"},"is_answered":true,"view_count":195,"answer_count":1,"score":0,"last_activity_date":1680942421,"creation_date":1680886348,"last_edit_date":1680942421,"question_id":75960439,"content_license":"CC BY-SA 4.0","link":"https://stackoverflow.com/questions/75960439/how-can-i-create-a-stacked-bar-plot-in-ggplot-filled-by-one-variable-with-bars","title":"How can I create a stacked bar plot in ggplot() filled by one variable with bars separated by another variable?"},{"tags":["python","airflow"],"owner":{"account_id":8178287,"reputation":1012,"user_id":6156353,"user_type":"registered","accept_rate":100,"profile_image":"https://www.gravatar.com/avatar/c26b4e1ecae5191d3e527d643cf0be02?s=256&d=identicon&r=PG&f=y&so-version=2","display_name":"romanzdk","link":"https://stackoverflow.com/users/6156353/romanzdk"},"is_answered":false,"view_count":215,"answer_count":0,"score":0,"last_activity_date":1681136438,"creation_date":1680886336,"last_edit_date":1681136438,"question_id":75960438,"content_license":"CC BY-SA 4.0","link":"https://stackoverflow.com/questions/75960438/airflow-get-value-at-specific-index-of-the-task-output","title":"Airflow - get value at specific index of the task output"},{"tags":["reactjs","typescript","react-native","react-context"],"owner":{"account_id":20210217,"reputation":3,"user_id":20215259,"user_type":"registered","profile_image":"https://www.gravatar.com/avatar/2d59906d6df0db3549d62a2a63387408?s=256&d=identicon&r=PG&f=y&so-version=2","display_name":"Gabriel","link":"https://stackoverflow.com/users/20215259/gabriel"},"is_answered":true,"view_count":195,"accepted_answer_id":75960459,"answer_count":1,"score":0,"last_activity_date":1680887056,"creation_date":1680886328,"question_id":75960436,"content_license":"CC BY-SA 4.0","link":"https://stackoverflow.com/questions/75960436/error-text-strings-must-be-rendered-within-a-text-component","title":"error &quot;Text strings must be rendered within a &lt;Text&gt; component.&quot;"},{"tags":["java","functional-programming"],"owner":{"account_id":25795866,"reputation":167,"user_id":19539055,"user_type":"registered","profile_image":"https://www.gravatar.com/avatar/5296e3f512ef5aab7f4842024732c658?s=256&d=identicon&r=PG","display_name":"Theju112","link":"https://stackoverflow.com/users/19539055/theju112"},"is_answered":true,"view_count":93,"accepted_answer_id":75960545,"answer_count":2,"score":0,"last_activity_date":1681011440,"creation_date":1680886321,"question_id":75960435,"content_license":"CC BY-SA 4.0","link":"https://stackoverflow.com/questions/75960435/java-functional-programming","title":"Java functional programming"},{"tags":["python","discord","discord.py","bots"],"owner":{"account_id":28056831,"reputation":1,"user_id":21431716,"user_type":"registered","profile_image":"https://lh3.googleusercontent.com/a/AGNmyxZtGWl_CC2NbAPNFOAxEdNz5Ix49VIcQxc_lt9x4w=k-s256","display_name":"Amier Shraideh","link":"https://stackoverflow.com/users/21431716/amier-shraideh"},"is_answered":true,"view_count":48,"answer_count":1,"score":0,"last_activity_date":1680889906,"creation_date":1680886292,"question_id":75960431,"content_license":"CC BY-SA 4.0","link":"https://stackoverflow.com/questions/75960431/random-color-as-a-picture-discord-py","title":"Random Color as a picture discord.py"},{"tags":["java","serialization","jackson","lombok","javabuilders"],"owner":{"account_id":16935487,"reputation":313,"user_id":12248597,"user_type":"registered","profile_image":"https://www.gravatar.com/avatar/66f432c91cbe7b4f9bd3e26fe1001530?s=256&d=identicon&r=PG&f=y&so-version=2","display_name":"EzyHoo","link":"https://stackoverflow.com/users/12248597/ezyhoo"},"is_answered":true,"view_count":232,"answer_count":1,"score":1,"last_activity_date":1683278469,"creation_date":1680886291,"last_edit_date":1683219840,"question_id":75960430,"content_license":"CC BY-SA 4.0","link":"https://stackoverflow.com/questions/75960430/serialize-abstract-class-with-superbuilder-using-jackson","title":"Serialize abstract class with SuperBuilder using Jackson"},{"tags":["python","amazon-s3","pyspark","apache-spark-sql","aws-glue"],"owner":{"account_id":4610378,"reputation":107,"user_id":3738664,"user_type":"registered","accept_rate":29,"profile_image":"https://www.gravatar.com/avatar/0f1f840e8ea9a6ef29c592e7b9312df2?s=256&d=identicon&r=PG&f=y&so-version=2","display_name":"user3738664","link":"https://stackoverflow.com/users/3738664/user3738664"},"is_answered":false,"view_count":132,"closed_date":1681194482,"answer_count":0,"score":1,"last_activity_date":1680886291,"creation_date":1680886291,"question_id":75960429,"link":"https://stackoverflow.com/questions/75960429/aws-glue-processing-parquet-files-with-delta-lake-pyspark-vs-python","closed_reason":"Needs more focus","title":"AWS Glue - Processing parquet files with delta lake (Pyspark vs Python)"},{"tags":["sql-server-data-tools","microsoft-data-sqlclient"],"owner":{"account_id":66788,"reputation":4262,"user_id":195755,"user_type":"registered","accept_rate":55,"profile_image":"https://www.gravatar.com/avatar/b5c9e4e7cae2fc6f9c42bff8aea1da74?s=256&d=identicon&r=PG","display_name":"yzorg","link":"https://stackoverflow.com/users/195755/yzorg"},"is_answered":false,"view_count":64,"answer_count":0,"score":1,"last_activity_date":1680900549,"creation_date":1680886275,"last_edit_date":1680900549,"question_id":75960424,"content_license":"CC BY-SA 4.0","link":"https://stackoverflow.com/questions/75960424/why-is-visual-studio-adding-spaces-to-connection-strings-during-a-schema-compar","title":"Why is Visual Studio adding spaces to connection strings during a *Schema Compare* aka .scmp files?"},{"tags":["google-apps-script"],"owner":{"account_id":16554030,"reputation":43,"user_id":11961622,"user_type":"registered","profile_image":"https://www.gravatar.com/avatar/9e2ea8cfe66ff99538668d35a85a7eb7?s=256&d=identicon&r=PG&f=y&so-version=2","display_name":"Magicrevette","link":"https://stackoverflow.com/users/11961622/magicrevette"},"is_answered":true,"view_count":114,"accepted_answer_id":75962788,"answer_count":1,"score":1,"last_activity_date":1680915039,"creation_date":1680886239,"question_id":75960421,"content_license":"CC BY-SA 4.0","link":"https://stackoverflow.com/questions/75960421/google-apps-script-how-can-i-get-the-name-of-the-sheet-i-am-deleting-with-onch","title":"Google Apps Script - How can I get the name of the sheet I am deleting with onChange trigger?"}],"has_more":true,"quota_max":300,"quota_remaining":84}