{"items":[{"tags":["java","mysql","spring","hibernate","jpa"],"owner":{"account_id":9106779,"reputation":742,"user_id":7050476,"user_type":"registered","profile_image":"https://i.stack.imgur.com/GRU3M.png?s=256&g=1","display_name":"afarah","link":"https://stackoverflow.com/users/7050476/afarah"},"is_answered":false,"view_count":234,"answer_count":1,"score":0,"last_activity_date":1684389960,"creation_date":1684339172,"question_id":76274035,"content_license":"CC BY-SA 4.0","link":"https://stackoverflow.com/questions/76274035/deadlock-with-concurrent-select-for-update-skip-locked-and-update-on-the-result","title":"Deadlock with concurrent SELECT FOR UPDATE SKIP LOCKED and UPDATE on the result set?"},{"tags":["java","generics"],"owner":{"account_id":28621725,"reputation":11,"user_id":21914630,"user_type":"registered","profile_image":"https://i.stack.imgur.com/t7O2w.jpg?s=256&g=1","display_name":"Minhaj Shafin","link":"https://stackoverflow.com/users/21914630/minhaj-shafin"},"is_answered":false,"view_count":120,"answer_count":2,"score":0,"last_activity_date":1684458791,"creation_date":1684339112,"last_edit_date":1684340574,"question_id":76274029,"content_license":"CC BY-SA 4.0","link":"https://stackoverflow.com/questions/76274029/how-to-write-a-generic-method-to-count-the-number-of-palindromes-in-an-array","title":"How to write a generic method to count the number of palindromes in an array?"},{"tags":["sql","sql-server","alter"],"owner":{"account_id":27677346,"reputation":47,"user_id":21126867,"user_type":"registered","profile_image":"https://lh3.googleusercontent.com/a/AEdFTp6ZPKpbgKaCMQ1b8rxP2gifqHsU1-9Yd_JL2Eid=k-s256","display_name":"user21126867","link":"https://stackoverflow.com/users/21126867/user21126867"},"is_answered":true,"view_count":45,"accepted_answer_id":76274186,"answer_count":2,"score":-2,"last_activity_date":1684340219,"creation_date":1684339099,"last_edit_date":1684339216,"question_id":76274026,"content_license":"CC BY-SA 4.0","link":"https://stackoverflow.com/questions/76274026/trying-to-add-a-date-column-to-table-but-getting-msg-156-incorrect-syntax-near","title":"Trying to add a Date column to table, but getting MSG 156 Incorrect syntax near the keyword error"},{"tags":["python","regression"],"owner":{"account_id":15578178,"reputation":1317,"user_id":11238780,"user_type":"registered","profile_image":"https://www.gravatar.com/avatar/e8528a8d8a32626363744b01bec10831?s=256&d=identicon&r=PG&f=y&so-version=2","display_name":"formicaman","link":"https://stackoverflow.com/users/11238780/formicaman"},"is_answered":false,"view_count":21,"answer_count":0,"score":0,"last_activity_date":1684339037,"creation_date":1684339037,"question_id":76274019,"content_license":"CC BY-SA 4.0","link":"https://stackoverflow.com/questions/76274019/how-to-use-lagged-features-in-regression-python","title":"How to use lagged features in regression (Python)"},{"tags":["python"],"owner":{"account_id":27550865,"reputation":47,"user_id":21025959,"user_type":"registered","profile_image":"https://www.gravatar.com/avatar/0717e40cc7546f89d201f9593a977804?s=256&d=identicon&r=PG","display_name":"loupdaniel","link":"https://stackoverflow.com/users/21025959/loupdaniel"},"is_answered":true,"view_count":34,"accepted_answer_id":76274357,"answer_count":1,"score":-2,"last_activity_date":1684341835,"creation_date":1684338992,"last_edit_date":1684341835,"question_id":76274016,"content_license":"CC BY-SA 4.0","link":"https://stackoverflow.com/questions/76274016/cant-figure-out-the-error-exception-please-create-folder-structure-dataset","title":"Can&#39;t figure out the error &quot;Exception: Please create folder structure: dataset&quot;"},{"tags":["r","ggplot2","boxplot"],"owner":{"account_id":6693881,"reputation":2319,"user_id":5162520,"user_type":"registered","accept_rate":69,"profile_image":"https://www.gravatar.com/avatar/06b80ff920fd3f73acd69b152fb390a2?s=256&d=identicon&r=PG&f=y&so-version=2","display_name":"Forklift17","link":"https://stackoverflow.com/users/5162520/forklift17"},"is_answered":true,"view_count":51,"accepted_answer_id":76274119,"answer_count":1,"score":0,"last_activity_date":1684339831,"creation_date":1684338988,"question_id":76274014,"content_license":"CC BY-SA 4.0","link":"https://stackoverflow.com/questions/76274014/vertical-position-of-stat-summary-in-ggplot","title":"Vertical position of stat_summary() in ggplot"},{"tags":["azure-blob-storage","azure-logic-apps","azure-logic-app-standard"],"owner":{"account_id":24928688,"reputation":25,"user_id":18796088,"user_type":"registered","profile_image":"https://www.gravatar.com/avatar/b843333d25da76e99c386be4f2b4bfc6?s=256&d=identicon&r=PG","display_name":"nahimmedto","link":"https://stackoverflow.com/users/18796088/nahimmedto"},"is_answered":false,"view_count":311,"answer_count":1,"score":0,"last_activity_date":1698173472,"creation_date":1684338966,"last_edit_date":1698173472,"question_id":76274012,"content_license":"CC BY-SA 4.0","link":"https://stackoverflow.com/questions/76274012/standard-logic-app-extract-archive-to-folder","title":"Standard Logic App - Extract Archive to Folder"},{"tags":["python","timeout"],"owner":{"account_id":28287341,"reputation":1,"user_id":21628068,"user_type":"registered","profile_image":"https://www.gravatar.com/avatar/672ef8f01bf89358e95ae9617c2e2762?s=256&d=identicon&r=PG&f=y&so-version=2","display_name":"Harry","link":"https://stackoverflow.com/users/21628068/harry"},"is_answered":false,"view_count":114,"answer_count":3,"score":-1,"last_activity_date":1684350596,"creation_date":1684338965,"question_id":76274011,"content_license":"CC BY-SA 4.0","link":"https://stackoverflow.com/questions/76274011/cs50p-meal-problem-timed-out-while-waiting-for-program-to-exit","title":"CS50P meal problem: &quot;timed out while waiting for program to exit&quot;"},{"tags":["java","java-20"],"owner":{"account_id":477949,"reputation":5606,"user_id":889742,"user_type":"registered","accept_rate":28,"profile_image":"https://www.gravatar.com/avatar/9b925f6c8896aadcdd447b60ee5bb574?s=256&d=identicon&r=PG","display_name":"Gonen I","link":"https://stackoverflow.com/users/889742/gonen-i"},"is_answered":true,"view_count":64,"answer_count":1,"score":0,"last_activity_date":1686407456,"creation_date":1684338955,"last_edit_date":1684339317,"question_id":76274010,"content_license":"CC BY-SA 4.0","link":"https://stackoverflow.com/questions/76274010/scopedvalue-appears-is-not-immutable","title":"ScopedValue appears is not immutable"},{"tags":["azure","scikit-learn","xgboost","ensemble-learning"],"owner":{"account_id":11521834,"reputation":680,"user_id":8443371,"user_type":"registered","profile_image":"https://lh3.googleusercontent.com/-2Uc40Hai2U0/AAAAAAAAAAI/AAAAAAAAAAA/zTkPRnZJTXs/photo.jpg?sz=256","display_name":"Gideon Kogan","link":"https://stackoverflow.com/users/8443371/gideon-kogan"},"is_answered":false,"view_count":22,"answer_count":0,"score":0,"last_activity_date":1684339392,"creation_date":1684338954,"last_edit_date":1684339392,"question_id":76274009,"content_license":"CC BY-SA 4.0","link":"https://stackoverflow.com/questions/76274009/limitation-over-the-cpu-parallelization-in-training-of-a-stacking-model","title":"Limitation over the cpu parallelization in training of a stacking model"},{"tags":["c++","visual-studio","premake"],"owner":{"account_id":28617480,"reputation":1,"user_id":21911131,"user_type":"registered","profile_image":"https://www.gravatar.com/avatar/f10ea3e87a6abce14d4ce13e14122a51?s=256&d=identicon&r=PG&f=y&so-version=2","display_name":"Roku","link":"https://stackoverflow.com/users/21911131/roku"},"is_answered":false,"view_count":61,"answer_count":0,"score":0,"last_activity_date":1684339247,"creation_date":1684338909,"last_edit_date":1684339247,"question_id":76274003,"content_license":"CC BY-SA 4.0","link":"https://stackoverflow.com/questions/76274003/e1696-cannot-open-source-file-when-i-have-finished-the-includedirs-in-premake","title":"&quot;E1696: cannot open source file&quot; when I have finished the includedirs in premake5.lua"},{"tags":["python","pandas","dataframe"],"owner":{"account_id":28607672,"reputation":49,"user_id":21903268,"user_type":"registered","profile_image":"https://www.gravatar.com/avatar/235dd8c24448b34335649620ca34da53?s=256&d=identicon&r=PG&f=y&so-version=2","display_name":"Luis","link":"https://stackoverflow.com/users/21903268/luis"},"is_answered":true,"view_count":51,"accepted_answer_id":76274098,"answer_count":1,"score":-1,"last_activity_date":1684435861,"creation_date":1684338850,"last_edit_date":1684435861,"question_id":76273999,"content_license":"CC BY-SA 4.0","link":"https://stackoverflow.com/questions/76273999/calculate-time-difference-in-seconds-in-pandas-if-row-in-other-column-matches","title":"Calculate time difference in seconds in pandas if row in other column matches"},{"tags":["arrays","excel","date","excel-formula","filtering"],"owner":{"account_id":18815208,"reputation":1,"user_id":13722528,"user_type":"registered","profile_image":"https://www.gravatar.com/avatar/c4b465a99d999da3925153af56460bff?s=256&d=identicon&r=PG&f=y&so-version=2","display_name":"Tom","link":"https://stackoverflow.com/users/13722528/tom"},"is_answered":false,"view_count":174,"answer_count":1,"score":0,"last_activity_date":1684575387,"creation_date":1684338847,"last_edit_date":1684365314,"question_id":76273997,"content_license":"CC BY-SA 4.0","link":"https://stackoverflow.com/questions/76273997/excel-array-filter-with-date-range","title":"Excel Array Filter with Date Range"},{"tags":["r","data.table","date-range"],"owner":{"account_id":1192784,"reputation":6431,"user_id":1165199,"user_type":"registered","accept_rate":89,"profile_image":"https://www.gravatar.com/avatar/abdf7d6d02953af29f0594031eceaaa0?s=256&d=identicon&r=PG","display_name":"user1165199","link":"https://stackoverflow.com/users/1165199/user1165199"},"is_answered":false,"view_count":137,"closed_date":1684339805,"answer_count":0,"score":0,"last_activity_date":1684343874,"creation_date":1684338834,"question_id":76273995,"link":"https://stackoverflow.com/questions/76273995/combine-overlapping-date-ranges-by-group-in-a-data-table","closed_reason":"Duplicate","title":"Combine overlapping date ranges by group in a data table"},{"tags":["excel","vba"],"owner":{"account_id":25601715,"reputation":15,"user_id":19376598,"user_type":"registered","profile_image":"https://lh3.googleusercontent.com/a/AATXAJxVLfiM-Li4tkcfWtUsD0ob-1Z0CVGYCBnSWAWe=k-s256","display_name":"Newt","link":"https://stackoverflow.com/users/19376598/newt"},"is_answered":false,"view_count":42,"answer_count":0,"score":0,"last_activity_date":1685021224,"creation_date":1684338829,"last_edit_date":1685021224,"question_id":76273993,"content_license":"CC BY-SA 4.0","link":"https://stackoverflow.com/questions/76273993/vba-excel-converter-with-transposing","title":"VBA Excel Converter with Transposing"},{"tags":["jenkins","jenkins-pipeline","jenkins-groovy"],"owner":{"account_id":23632036,"reputation":355,"user_id":17663613,"user_type":"registered","profile_image":"https://www.gravatar.com/avatar/d6bbfcdf5da17d2a331f6603044e5bb0?s=256&d=identicon&r=PG&f=y&so-version=2","display_name":"mair","link":"https://stackoverflow.com/users/17663613/mair"},"is_answered":false,"view_count":227,"answer_count":0,"score":0,"last_activity_date":1684339122,"creation_date":1684338811,"last_edit_date":1684339122,"question_id":76273989,"content_license":"CC BY-SA 4.0","link":"https://stackoverflow.com/questions/76273989/error-handling-in-jenkins-scripted-pipeline","title":"Error handling in Jenkins scripted pipeline"},{"tags":["javascript","reactjs","react-native","react-redux","react-native-navigation"],"owner":{"account_id":21628416,"reputation":232,"user_id":15952395,"user_type":"registered","profile_image":"https://lh3.googleusercontent.com/a/AATXAJz2wiGuiJHfr0o3JgkNBUIGAdwgPxui06OuJypO=k-s256","display_name":"Yash Sharma","link":"https://stackoverflow.com/users/15952395/yash-sharma"},"is_answered":true,"view_count":222,"answer_count":2,"score":2,"last_activity_date":1684392814,"creation_date":1684338790,"last_edit_date":1684392306,"question_id":76273986,"content_license":"CC BY-SA 4.0","link":"https://stackoverflow.com/questions/76273986/navigate-in-react-native-in-redux-action","title":"Navigate in react native in redux action"},{"tags":["python","pandas","matplotlib","colormap"],"owner":{"account_id":17995318,"reputation":562,"user_id":14088919,"user_type":"registered","profile_image":"https://www.gravatar.com/avatar/8c98508cb92c6d993f069fb81bcdeb50?s=256&d=identicon&r=PG","display_name":"amestrian","link":"https://stackoverflow.com/users/14088919/amestrian"},"is_answered":false,"view_count":88,"answer_count":1,"score":0,"last_activity_date":1684370947,"creation_date":1684338762,"last_edit_date":1684362671,"question_id":76273984,"content_license":"CC BY-SA 4.0","link":"https://stackoverflow.com/questions/76273984/why-are-colors-randomly-removed-from-colormap","title":"Why are colors randomly removed from colormap?"},{"tags":["django","django-rest-framework"],"owner":{"account_id":452903,"reputation":435,"user_id":849600,"user_type":"registered","accept_rate":18,"profile_image":"https://i.stack.imgur.com/BFgCn.jpg?s=256&g=1","display_name":"Paul Etienney","link":"https://stackoverflow.com/users/849600/paul-etienney"},"is_answered":false,"view_count":17,"answer_count":0,"score":1,"last_activity_date":1684338749,"creation_date":1684338749,"question_id":76273981,"content_license":"CC BY-SA 4.0","link":"https://stackoverflow.com/questions/76273981/how-to-attach-a-non-persisted-information-to-an-object-in-django-rest-framework","title":"How to attach a non persisted information to an object in Django Rest Framework model serializer and ModelViewSet"},{"tags":["php","oop","law-of-demeter"],"owner":{"account_id":945974,"reputation":1683,"user_id":973237,"user_type":"registered","accept_rate":79,"profile_image":"https://www.gravatar.com/avatar/29b453a77b3dcacfa6bd901f004a6d58?s=256&d=identicon&r=PG&f=y&so-version=2","display_name":"Vincent","link":"https://stackoverflow.com/users/973237/vincent"},"is_answered":false,"view_count":38,"answer_count":0,"score":0,"last_activity_date":1684351219,"creation_date":1684338745,"last_edit_date":1684351219,"question_id":76273980,"content_license":"CC BY-SA 4.0","link":"https://stackoverflow.com/questions/76273980/does-a-datetimeobject-format-violates-the-law-of-demeter","title":"Does a.dateTimeObject.format() violates the law of Demeter?"},{"tags":["kotlin","kotlin-coroutines","kotlinx.coroutines.flow"],"owner":{"account_id":14096747,"reputation":696,"user_id":10183294,"user_type":"registered","profile_image":"https://www.gravatar.com/avatar/31301c351ffd964dd842a8264704b3e6?s=256&d=identicon&r=PG&f=y&so-version=2","display_name":"SVK","link":"https://stackoverflow.com/users/10183294/svk"},"is_answered":true,"view_count":297,"answer_count":1,"score":0,"last_activity_date":1684346246,"creation_date":1684338714,"question_id":76273974,"content_license":"CC BY-SA 4.0","link":"https://stackoverflow.com/questions/76273974/propagate-exception-from-background-thread-to-main-thread-with-kotlin-coroutines","title":"Propagate exception from background thread to main thread with Kotlin Coroutines"},{"tags":["r","for-loop"],"owner":{"account_id":28621516,"reputation":1,"user_id":21914467,"user_type":"registered","profile_image":"https://lh3.googleusercontent.com/a/AGNmyxYPFyHTE1mnJAP0JvkLiqsaGfejWqqcbfk28avN=k-s256","display_name":"Derek Bain","link":"https://stackoverflow.com/users/21914467/derek-bain"},"is_answered":false,"view_count":24,"answer_count":0,"score":0,"last_activity_date":1684338699,"creation_date":1684338699,"question_id":76273972,"content_license":"CC BY-SA 4.0","link":"https://stackoverflow.com/questions/76273972/r-manipulate-data-from-csv-file-with-different-number-of-columns","title":"R manipulate data from csv file with different number of columns"},{"tags":["r","gt"],"owner":{"account_id":9333272,"reputation":530,"user_id":11956873,"user_type":"registered","profile_image":"https://www.gravatar.com/avatar/d6f0c8fcc3ccb8587ecb8e54d89f8901?s=256&d=identicon&r=PG&f=y&so-version=2","display_name":"PLY","link":"https://stackoverflow.com/users/11956873/ply"},"is_answered":false,"view_count":206,"answer_count":0,"score":0,"last_activity_date":1684338676,"creation_date":1684338676,"question_id":76273969,"content_license":"CC BY-SA 4.0","link":"https://stackoverflow.com/questions/76273969/how-do-i-customize-the-line-label-spanner-line-in-a-gt-table","title":"How do I customize the line label spanner line in a gt table"},{"tags":["json","vb.net","serialization"],"owner":{"account_id":28621402,"reputation":3,"user_id":21914378,"user_type":"registered","profile_image":"https://lh3.googleusercontent.com/a/AGNmyxbA1Jt0GuCINRCOcURxRqIx-YiqRuw8HcgruD7w=k-s256","display_name":"Jeremiah Haney","link":"https://stackoverflow.com/users/21914378/jeremiah-haney"},"is_answered":true,"view_count":46,"accepted_answer_id":76282955,"answer_count":1,"score":0,"last_activity_date":1684429345,"creation_date":1684338625,"question_id":76273961,"content_license":"CC BY-SA 4.0","link":"https://stackoverflow.com/questions/76273961/how-to-create-a-class-to-serialize-recreation-gov-campsite-json-data-in-vb-net","title":"How to create a class to serialize recreation.gov campsite json data in vb.net"},{"tags":["opengl-es","gles"],"owner":{"account_id":12799592,"reputation":3910,"user_id":9261322,"user_type":"registered","accept_rate":75,"profile_image":"https://www.gravatar.com/avatar/fddc681b42f7bfee78d576d98314d987?s=256&d=identicon&r=PG&f=y&so-version=2","display_name":"Alexey Starinsky","link":"https://stackoverflow.com/users/9261322/alexey-starinsky"},"is_answered":false,"view_count":55,"answer_count":0,"score":0,"last_activity_date":1684338607,"creation_date":1684338607,"question_id":76273958,"content_license":"CC BY-SA 4.0","link":"https://stackoverflow.com/questions/76273958/make-depth-stencil-buffer-to-be-in-gl-depth32f-stencil8-format","title":"Make depth-stencil buffer to be in `GL_DEPTH32F_STENCIL8` format"},{"tags":["spring","maven","servlets","maven-surefire-plugin","apache-tomee"],"owner":{"account_id":20232026,"reputation":76,"user_id":14838319,"user_type":"registered","profile_image":"https://www.gravatar.com/avatar/5ebf9bb750bd57f208984b19a2ffc132?s=256&d=identicon&r=PG&f=y&so-version=2","display_name":"Simon Hill","link":"https://stackoverflow.com/users/14838319/simon-hill"},"is_answered":true,"view_count":241,"answer_count":1,"score":1,"last_activity_date":1698966551,"creation_date":1684338599,"question_id":76273957,"content_license":"CC BY-SA 4.0","link":"https://stackoverflow.com/questions/76273957/how-to-use-mockhttpservletrequest-and-mockhttpsession-to-test-an-application-usi","title":"How to use MockHttpServletRequest and MockHttpSession to test an application using Spring 6 and running on TomEE 9"},{"tags":["python","google-sheets","google-api","google-drive-api","google-api-python-client"],"owner":{"account_id":15653577,"reputation":35,"user_id":11294503,"user_type":"registered","profile_image":"https://www.gravatar.com/avatar/3272ec2c5670e567ba969bb3c591cf47?s=256&d=identicon&r=PG&f=y&so-version=2","display_name":"Godoy32","link":"https://stackoverflow.com/users/11294503/godoy32"},"is_answered":false,"view_count":234,"answer_count":1,"score":0,"last_activity_date":1684372498,"creation_date":1684338591,"question_id":76273956,"content_license":"CC BY-SA 4.0","link":"https://stackoverflow.com/questions/76273956/export-google-sheets-as-pdf-with-custom-setting","title":"Export Google Sheets as PDF with custom setting"},{"tags":["coldfusion","lucee"],"owner":{"account_id":28342145,"reputation":23,"user_id":21674974,"user_type":"registered","profile_image":"https://www.gravatar.com/avatar/c757af272cf3b4a9935eb1b2b5034d8e?s=256&d=identicon&r=PG&f=y&so-version=2","display_name":"cf-uuser","link":"https://stackoverflow.com/users/21674974/cf-uuser"},"is_answered":false,"view_count":62,"answer_count":0,"score":0,"last_activity_date":1684338567,"creation_date":1684338567,"question_id":76273955,"content_license":"CC BY-SA 4.0","link":"https://stackoverflow.com/questions/76273955/having-iussue-serializing-the-columns-for-datatables","title":"having iussue serializing the columns for datatables"},{"tags":["php","mysql"],"owner":{"account_id":24558106,"reputation":21,"user_id":18466314,"user_type":"registered","profile_image":"https://i.stack.imgur.com/bwepJ.png?s=256&g=1","display_name":"Kuvalda","link":"https://stackoverflow.com/users/18466314/kuvalda"},"is_answered":false,"view_count":35,"answer_count":0,"score":1,"last_activity_date":1684338566,"creation_date":1684338566,"question_id":76273954,"content_license":"CC BY-SA 4.0","link":"https://stackoverflow.com/questions/76273954/select-option-with-optgroup-from-mysql-group-car-model-by-class","title":"Select option with optgroup from mysql (group car model by class)"},{"tags":["python","apache-spark","pyspark","spark-structured-streaming"],"owner":{"account_id":6375730,"reputation":3,"user_id":4946747,"user_type":"registered","profile_image":"https://www.gravatar.com/avatar/911e46c5b1ea12914548e08e3e4998b8?s=256&d=identicon&r=PG&f=y&so-version=2","display_name":"MrBigData","link":"https://stackoverflow.com/users/4946747/mrbigdata"},"is_answered":true,"view_count":99,"accepted_answer_id":76314166,"answer_count":1,"score":0,"last_activity_date":1684840879,"creation_date":1684338512,"last_edit_date":1684831676,"question_id":76273950,"content_license":"CC BY-SA 4.0","link":"https://stackoverflow.com/questions/76273950/is-there-a-way-to-do-custom-window-not-time-based-on-kafka-stream-using-pyspark","title":"is there a way to do custom Window not time based on Kafka stream, using Pyspark"}],"has_more":true,"quota_max":300,"quota_remaining":160}