{"items":[{"tags":["python","matplotlib"],"owner":{"account_id":9860197,"reputation":221,"user_id":9409575,"user_type":"registered","profile_image":"https://www.gravatar.com/avatar/37608b9ec3f62e4d6570645673408f84?s=256&d=identicon&r=PG&f=y&so-version=2","display_name":"eeqesri","link":"https://stackoverflow.com/users/9409575/eeqesri"},"is_answered":true,"view_count":32,"accepted_answer_id":76395572,"answer_count":1,"score":1,"last_activity_date":1685787139,"creation_date":1685764798,"last_edit_date":1685765339,"question_id":76394505,"content_license":"CC BY-SA 4.0","link":"https://stackoverflow.com/questions/76394505/exclude-dynamic-region-in-animation-for-plotting-a-vector-field","title":"Exclude dynamic region in Animation for plotting a Vector Field"},{"tags":["godot","gdscript","godot4"],"owner":{"account_id":28741140,"reputation":11,"user_id":22011235,"user_type":"registered","profile_image":"https://lh3.googleusercontent.com/a/AAcHTtexSaQflhSvc1hiRa-uFM1SRYizUPVlwUMX7TyA=k-s256","display_name":"Therron Keen","link":"https://stackoverflow.com/users/22011235/therron-keen"},"is_answered":false,"view_count":108,"answer_count":0,"score":1,"last_activity_date":1685794109,"creation_date":1685764776,"last_edit_date":1685794109,"question_id":76394503,"content_license":"CC BY-SA 4.0","link":"https://stackoverflow.com/questions/76394503/why-is-my-create-timer-with-a-variable-argument-not-using-the-correct-amount-o","title":"Why is my create_timer() with a variable argument not using the correct amount of time?"},{"tags":["angular"],"owner":{"account_id":763565,"reputation":1671,"user_id":788301,"user_type":"registered","accept_rate":10,"profile_image":"https://www.gravatar.com/avatar/cc13a41d7a4e7e0c796dc33de8d44a27?s=256&d=identicon&r=PG","display_name":"ILIA BROUDNO","link":"https://stackoverflow.com/users/788301/ilia-broudno"},"is_answered":true,"view_count":59,"accepted_answer_id":76394825,"answer_count":1,"score":0,"last_activity_date":1686126383,"creation_date":1685764681,"last_edit_date":1686027712,"question_id":76394498,"content_license":"CC BY-SA 4.0","link":"https://stackoverflow.com/questions/76394498/handling-401-in-angular-how-does-pipe-work-really","title":"handling 401 in angular, how does pipe work really?"},{"tags":["android","android-recyclerview","android-relativelayout"],"owner":{"account_id":44937,"reputation":6553,"user_id":132127,"user_type":"registered","accept_rate":33,"profile_image":"https://i.stack.imgur.com/TnwQX.jpg?s=256&g=1","display_name":"anta40","link":"https://stackoverflow.com/users/132127/anta40"},"is_answered":true,"view_count":40,"accepted_answer_id":76394646,"answer_count":3,"score":0,"last_activity_date":1685769267,"creation_date":1685764679,"question_id":76394497,"content_license":"CC BY-SA 4.0","link":"https://stackoverflow.com/questions/76394497/relativelayout-problem-how-to-set-recyclerview-not-to-overlap-a-button-on-botto","title":"RelativeLayout problem: how to set RecyclerView not to overlap a Button on bottom"},{"tags":["visual-studio-code","makefile"],"owner":{"account_id":28741071,"reputation":1,"user_id":22011183,"user_type":"registered","profile_image":"https://www.gravatar.com/avatar/bb8aea2d0b8808fd3acc2a321b4a9b36?s=256&d=identicon&r=PG&f=y&so-version=2","display_name":"volatile_int","link":"https://stackoverflow.com/users/22011183/volatile-int"},"is_answered":false,"view_count":73,"answer_count":0,"score":0,"last_activity_date":1685764636,"creation_date":1685764636,"question_id":76394495,"content_license":"CC BY-SA 4.0","link":"https://stackoverflow.com/questions/76394495/vscode-always-use-c-windows-system32-wsl-exe-e-make-as-make","title":"VSCode always use &quot;C:\\windows\\System32\\wsl.exe -e make&quot; as make"},{"tags":["node.js","mongodb"],"owner":{"account_id":27873605,"reputation":9,"user_id":21283557,"user_type":"registered","profile_image":"https://www.gravatar.com/avatar/b9a3bf40e0113b8939d04aba99e32699?s=256&d=identicon&r=PG","display_name":"Ayanakoji_kiyotaka","link":"https://stackoverflow.com/users/21283557/ayanakoji-kiyotaka"},"is_answered":false,"view_count":32,"answer_count":1,"score":0,"last_activity_date":1685773997,"creation_date":1685764454,"last_edit_date":1685764635,"question_id":76394493,"content_license":"CC BY-SA 4.0","link":"https://stackoverflow.com/questions/76394493/connect-node-js-to-mongodb","title":"connect node.js to mongoDB"},{"tags":["logging","fastapi","starlette"],"owner":{"account_id":4956677,"reputation":3,"user_id":3989053,"user_type":"registered","profile_image":"https://www.gravatar.com/avatar/0c88c533756c948f1a5ff7eb320af57a?s=256&d=identicon&r=PG","display_name":"NAM","link":"https://stackoverflow.com/users/3989053/nam"},"is_answered":false,"view_count":27,"closed_date":1685772889,"answer_count":0,"score":0,"last_activity_date":1685768201,"creation_date":1685764452,"last_edit_date":1685768201,"question_id":76394492,"link":"https://stackoverflow.com/questions/76394492/how-can-i-logging-stremingrespone-in-fastapi-with-out-error","closed_reason":"Duplicate","title":"How can I logging StremingRespone in Fastapi with out error?"},{"tags":["excel","image"],"owner":{"account_id":28694230,"reputation":35,"user_id":21972803,"user_type":"registered","profile_image":"https://www.gravatar.com/avatar/92faa78c6765063440b2935227f8a8cf?s=256&d=identicon&r=PG&f=y&so-version=2","display_name":"Bruce","link":"https://stackoverflow.com/users/21972803/bruce"},"is_answered":true,"view_count":68,"accepted_answer_id":76395303,"answer_count":1,"score":1,"last_activity_date":1685782666,"creation_date":1685764345,"question_id":76394491,"content_license":"CC BY-SA 4.0","link":"https://stackoverflow.com/questions/76394491/why-is-my-lockaspectratio-msotrue-showing-as-an-error","title":"Why is my .LockAspectRatio=msoTrue showing as an error"},{"tags":["r","dplyr","tidy"],"owner":{"account_id":27943657,"reputation":113,"user_id":21339125,"user_type":"registered","profile_image":"https://lh3.googleusercontent.com/a/AGNmyxav4kuM_BvHP889cz6PZ4faQpWYAh7ghR6Dl5kS=k-s256","display_name":"Fadhil Dzikri","link":"https://stackoverflow.com/users/21339125/fadhil-dzikri"},"is_answered":true,"view_count":72,"answer_count":1,"score":1,"last_activity_date":1685767843,"creation_date":1685764148,"last_edit_date":1685764404,"question_id":76394485,"content_license":"CC BY-SA 4.0","link":"https://stackoverflow.com/questions/76394485/grouping-data-with-condition-in-r","title":"Grouping data with condition in R"},{"tags":["typescript"],"owner":{"account_id":28488815,"reputation":11,"user_id":21801749,"user_type":"registered","profile_image":"https://www.gravatar.com/avatar/abd5394b473bef19f8b59cc6dc01334f?s=256&d=identicon&r=PG&f=y&so-version=2","display_name":"dyzhuu","link":"https://stackoverflow.com/users/21801749/dyzhuu"},"is_answered":false,"view_count":124,"closed_date":1685800357,"answer_count":1,"score":1,"last_activity_date":1685766749,"creation_date":1685764102,"last_edit_date":1685766749,"question_id":76394483,"link":"https://stackoverflow.com/questions/76394483/how-can-i-pass-an-array-as-arguments-to-instantiate-a-class","closed_reason":"Duplicate","title":"How can I pass an array as arguments to instantiate a class?"},{"tags":["python","firebase","flask","firebase-authentication"],"owner":{"account_id":6017880,"reputation":515,"user_id":4726035,"user_type":"registered","accept_rate":64,"profile_image":"https://i.stack.imgur.com/xm6WB.jpg?s=256&g=1","display_name":"Mansour","link":"https://stackoverflow.com/users/4726035/mansour"},"is_answered":true,"view_count":131,"accepted_answer_id":76416448,"answer_count":2,"score":0,"last_activity_date":1690495562,"creation_date":1685763823,"last_edit_date":1685764221,"question_id":76394480,"content_license":"CC BY-SA 4.0","link":"https://stackoverflow.com/questions/76394480/cant-parse-segment-firebase-token-python-flask","title":"Can&#39;t parse segment Firebase Token Python/Flask"},{"tags":["visual-studio","liveserver"],"owner":{"account_id":28741079,"reputation":1,"user_id":22011191,"user_type":"registered","profile_image":"https://lh3.googleusercontent.com/a/AAcHTtesf35SaccAXRwdOEmqeKE4u9rmfTTqj1ecdrgX=k-s256","display_name":"Matthew Parson","link":"https://stackoverflow.com/users/22011191/matthew-parson"},"is_answered":false,"view_count":27,"answer_count":0,"score":0,"last_activity_date":1685879871,"creation_date":1685763773,"last_edit_date":1685879871,"question_id":76394479,"content_license":"CC BY-SA 4.0","link":"https://stackoverflow.com/questions/76394479/why-does-live-server-increase-uncaught-errors-every-time-i-press-the-go-live-but","title":"Why does Live Server increase uncaught errors every time I press the go live button?"},{"tags":["vue.js","visual-studio-code"],"owner":{"account_id":13115905,"reputation":713,"user_id":9475102,"user_type":"registered","profile_image":"https://graph.facebook.com/10216018624797494/picture?type=large","display_name":"Nishant S Vispute","link":"https://stackoverflow.com/users/9475102/nishant-s-vispute"},"is_answered":true,"view_count":36,"answer_count":1,"score":2,"last_activity_date":1685773605,"creation_date":1685763729,"last_edit_date":1685765597,"question_id":76394478,"content_license":"CC BY-SA 4.0","link":"https://stackoverflow.com/questions/76394478/how-can-i-only-allow-pre-configured-values-as-props","title":"How can i only allow pre-configured values as props"},{"tags":["android","kotlin"],"owner":{"account_id":451801,"reputation":1,"user_id":847881,"user_type":"registered","accept_rate":66,"profile_image":"https://www.gravatar.com/avatar/00937cabb32af54d9f127dbaa938e9c9?s=256&d=identicon&r=PG","display_name":"Daniel Lip","link":"https://stackoverflow.com/users/847881/daniel-lip"},"is_answered":true,"view_count":44,"accepted_answer_id":76394841,"answer_count":1,"score":0,"last_activity_date":1685774291,"creation_date":1685763651,"question_id":76394476,"content_license":"CC BY-SA 4.0","link":"https://stackoverflow.com/questions/76394476/how-to-convert-milliseconds-to-seconds-units-and-display-them-in-textview","title":"How to convert milliseconds to seconds units and display them in textView?"},{"tags":["python","django","postgresql","localhost","development-environment"],"owner":{"account_id":28741098,"reputation":1,"user_id":22011205,"user_type":"registered","profile_image":"https://www.gravatar.com/avatar/187682feddf587bef5a054b6065040d0?s=256&d=identicon&r=PG&f=y&so-version=2","display_name":"jingwenzzz","link":"https://stackoverflow.com/users/22011205/jingwenzzz"},"is_answered":false,"view_count":57,"answer_count":0,"score":0,"last_activity_date":1685764156,"creation_date":1685763556,"last_edit_date":1685764156,"question_id":76394471,"content_license":"CC BY-SA 4.0","link":"https://stackoverflow.com/questions/76394471/django-sessions-idle-on-localhost-pending-forever-after-login-callback","title":"Django sessions idle on localhost, pending forever after login callback"},{"tags":["android","flutter","firebase","firebase-authentication"],"owner":{"account_id":28741085,"reputation":1,"user_id":22011197,"user_type":"registered","profile_image":"https://lh3.googleusercontent.com/a/AAcHTtcR81TJi0RAJZZN3MgkzLP6cT7heQStMen7bWaB=k-s256","display_name":"Pranav Khandelwal","link":"https://stackoverflow.com/users/22011197/pranav-khandelwal"},"is_answered":false,"view_count":85,"answer_count":1,"score":0,"last_activity_date":1685782440,"creation_date":1685763513,"last_edit_date":1685765460,"question_id":76394470,"content_license":"CC BY-SA 4.0","link":"https://stackoverflow.com/questions/76394470/how-can-i-disable-recaptcha-verification-during-mobile-number-verification-in-my","title":"How can I disable ReCaptcha verification during mobile number verification in my Android Flutter Firebase app?"},{"tags":["curl","tls1.0"],"owner":{"account_id":63217,"reputation":18287,"user_id":187279,"user_type":"registered","accept_rate":65,"profile_image":"https://www.gravatar.com/avatar/d2895e9bbf4e969fadc859ec7704d425?s=256&d=identicon&r=PG","display_name":"Klaus Nji","link":"https://stackoverflow.com/users/187279/klaus-nji"},"is_answered":false,"view_count":205,"answer_count":0,"score":0,"last_activity_date":1685763239,"creation_date":1685763239,"question_id":76394465,"content_license":"CC BY-SA 4.0","link":"https://stackoverflow.com/questions/76394465/openssl-ssl-routinesno-protocol-available-when-running-curl-on-windows","title":"OpenSSL ssl routines::no protocol available when running curl on Windows"},{"tags":["python","cumulative-sum","decay"],"owner":{"account_id":1005158,"reputation":7158,"user_id":1019129,"user_type":"registered","accept_rate":51,"profile_image":"https://www.gravatar.com/avatar/357b7f0f0ca6e2c0f0ebccbec9b1a87b?s=256&d=identicon&r=PG","display_name":"sten","link":"https://stackoverflow.com/users/1019129/sten"},"is_answered":true,"view_count":73,"accepted_answer_id":76394795,"answer_count":1,"score":0,"last_activity_date":1685773565,"creation_date":1685763214,"question_id":76394463,"content_license":"CC BY-SA 4.0","link":"https://stackoverflow.com/questions/76394463/simulate-decaying-function","title":"Simulate decaying function"},{"tags":["r","geosphere"],"owner":{"account_id":6295968,"reputation":5275,"user_id":13203841,"user_type":"registered","profile_image":"https://i.stack.imgur.com/Q8Sz4.jpg?s=256&g=1","display_name":"stats_noob","link":"https://stackoverflow.com/users/13203841/stats-noob"},"is_answered":true,"view_count":70,"answer_count":1,"score":0,"last_activity_date":1685796755,"creation_date":1685763140,"last_edit_date":1685796755,"question_id":76394461,"content_license":"CC BY-SA 4.0","link":"https://stackoverflow.com/questions/76394461/r-comparing-distance-calculations","title":"R: Comparing Distance Calculations"},{"tags":["c","windows","kernel","driver","bsod"],"owner":{"account_id":20092701,"reputation":77,"user_id":21748514,"user_type":"registered","profile_image":"https://www.gravatar.com/avatar/87bf0b1d1727a894ae43581e99a96536?s=256&d=identicon&r=PG&f=y&so-version=2","display_name":"UnSure","link":"https://stackoverflow.com/users/21748514/unsure"},"is_answered":false,"view_count":52,"answer_count":0,"score":0,"last_activity_date":1685763158,"creation_date":1685763099,"last_edit_date":1685763158,"question_id":76394459,"content_license":"CC BY-SA 4.0","link":"https://stackoverflow.com/questions/76394459/bsod-when-creating-a-dmf-module-windows-kernel-driver","title":"Bsod when creating a DMF module (windows kernel driver)"},{"tags":["node.js","visual-studio-code","sequelize.js"],"owner":{"account_id":22131258,"reputation":271,"user_id":16382765,"user_type":"registered","profile_image":"https://www.gravatar.com/avatar/598af0bc2922fd11ce67949fb6d0a98a?s=256&d=identicon&r=PG&f=y&so-version=2","display_name":"enoeht","link":"https://stackoverflow.com/users/16382765/enoeht"},"is_answered":false,"view_count":49,"answer_count":0,"score":1,"last_activity_date":1685763063,"creation_date":1685763063,"question_id":76394458,"content_license":"CC BY-SA 4.0","link":"https://stackoverflow.com/questions/76394458/is-there-an-easier-way-to-get-a-list-of-columns-in-sequelize","title":"Is there an easier way to get a list of columns in sequelize?"},{"tags":["r","shiny"],"owner":{"account_id":19639574,"reputation":153,"user_id":14376017,"user_type":"registered","profile_image":"https://www.gravatar.com/avatar/27043a83981a55a6c3190b2b6ce83930?s=256&d=identicon&r=PG&f=y&so-version=2","display_name":"yefersonG","link":"https://stackoverflow.com/users/14376017/yefersong"},"is_answered":false,"view_count":45,"answer_count":0,"score":0,"last_activity_date":1685763015,"creation_date":1685763015,"question_id":76394455,"content_license":"CC BY-SA 4.0","link":"https://stackoverflow.com/questions/76394455/function-with-shiny-survey","title":"Function with Shiny Survey"},{"tags":["android","qr-code","zxing"],"owner":{"account_id":24882437,"reputation":1,"user_id":18755474,"user_type":"registered","profile_image":"https://lh3.googleusercontent.com/a-/AOh14GhwlzacLaBf0xWidGoxMPWhBG1mKXVRNgW9ODm49w=k-s256","display_name":"Usama Hafeez Official","link":"https://stackoverflow.com/users/18755474/usama-hafeez-official"},"is_answered":false,"view_count":194,"answer_count":0,"score":0,"last_activity_date":1685764011,"creation_date":1685763005,"last_edit_date":1685764011,"question_id":76394454,"content_license":"CC BY-SA 4.0","link":"https://stackoverflow.com/questions/76394454/how-to-get-data-from-qr-scanner-in-android-kotlin","title":"How to get data from QR scanner in android kotlin"},{"tags":["javascript","html"],"owner":{"account_id":28568562,"reputation":3,"user_id":21871101,"user_type":"registered","profile_image":"https://lh3.googleusercontent.com/a/AGNmyxY32oZ2rGBESFEfw-PZFHr-iQ3lsvpdX_Yyx_j9=k-s256","display_name":"EDDIE LAU","link":"https://stackoverflow.com/users/21871101/eddie-lau"},"is_answered":true,"view_count":61,"accepted_answer_id":76394488,"answer_count":2,"score":0,"last_activity_date":1685764868,"creation_date":1685762969,"last_edit_date":1685763452,"question_id":76394452,"content_license":"CC BY-SA 4.0","link":"https://stackoverflow.com/questions/76394452/about-the-remove-function-how-can-i-del-the-last-element-only","title":"about the remove() function,how can i del the last element only?"},{"tags":["r","string","substr"],"owner":{"account_id":3455028,"reputation":9391,"user_id":3391549,"user_type":"registered","accept_rate":93,"profile_image":"https://www.gravatar.com/avatar/6750cf3f4f1988660a88d41c29bf494d?s=256&d=identicon&r=PG&f=y&so-version=2","display_name":"Adrian","link":"https://stackoverflow.com/users/3391549/adrian"},"is_answered":false,"view_count":33,"answer_count":0,"score":0,"last_activity_date":1685762876,"creation_date":1685762876,"question_id":76394451,"content_license":"CC BY-SA 4.0","link":"https://stackoverflow.com/questions/76394451/why-is-sub-in-r-not-recognizing-the-pattern-that-i-provided-in-r","title":"Why is sub in R not recognizing the pattern that I provided in R?"},{"tags":["nginx","nginx-reverse-proxy","nginx-config"],"owner":{"account_id":28733579,"reputation":1,"user_id":22005013,"user_type":"registered","profile_image":"https://lh3.googleusercontent.com/a/AAcHTtc04k6PHiD3xtWlawzPKXYS_3ouE5kdfB3me84u=k-s256","display_name":"Gago","link":"https://stackoverflow.com/users/22005013/gago"},"is_answered":false,"view_count":63,"answer_count":0,"score":0,"last_activity_date":1685762857,"creation_date":1685762857,"question_id":76394450,"content_license":"CC BY-SA 4.0","link":"https://stackoverflow.com/questions/76394450/how-can-i-fix-the-address-already-in-use-error-when-running-docker-compose-up","title":"How can I fix the &#39;address already in use&#39; error when running &#39;docker-compose up -d&#39; with nginxproxymanager?"},{"tags":["flutter","automation"],"owner":{"account_id":19063806,"reputation":317,"user_id":13919300,"user_type":"registered","profile_image":"https://lh3.googleusercontent.com/a-/AOh14GiZ8oHvIMlLpy-BTB315fiSF9zGu-1s7uC5dfz-jA=k-s256","display_name":"Esteban Mu&#241;oz","link":"https://stackoverflow.com/users/13919300/esteban-mu%c3%b1oz"},"is_answered":false,"view_count":28,"answer_count":1,"score":0,"last_activity_date":1685764994,"creation_date":1685762820,"last_edit_date":1685764994,"question_id":76394447,"content_license":"CC BY-SA 4.0","link":"https://stackoverflow.com/questions/76394447/how-to-get-notice-when-flutter-has-compiled","title":"How to get notice when flutter has compiled"},{"tags":["intellij-idea"],"owner":{"account_id":13890863,"reputation":211,"user_id":10034073,"user_type":"registered","profile_image":"https://i.stack.imgur.com/pPc4p.png?s=256&g=1","display_name":"kviLL","link":"https://stackoverflow.com/users/10034073/kvill"},"is_answered":true,"view_count":42,"accepted_answer_id":76454763,"answer_count":1,"score":0,"last_activity_date":1686558147,"creation_date":1685762785,"question_id":76394446,"content_license":"CC BY-SA 4.0","link":"https://stackoverflow.com/questions/76394446/intellij-idea-services-panel-missing-invisible","title":"IntelliJ Idea Services panel missing/invisible"},{"tags":["android","glance"],"owner":{"account_id":27050015,"reputation":11,"user_id":20603544,"user_type":"registered","profile_image":"https://lh3.googleusercontent.com/a/ALm5wu03s9ZExgmLY5oA7kZ40L9-l8VrK3tJnJYBowuIZw=k-s256","display_name":"runtime","link":"https://stackoverflow.com/users/20603544/runtime"},"is_answered":false,"view_count":82,"answer_count":0,"score":0,"last_activity_date":1698646871,"creation_date":1685762747,"last_edit_date":1698646871,"question_id":76394443,"content_license":"CC BY-SA 4.0","link":"https://stackoverflow.com/questions/76394443/when-i-dynamically-generated-several-rows-in-the-column-of-glance-why-does-clic","title":"When I dynamically generated several rows in the column of Glance, why does clicking on one row trigger the click event for all rows?"},{"tags":["javascript","html","css","reactjs","mapbox"],"owner":{"account_id":28728554,"reputation":1,"user_id":22000955,"user_type":"registered","profile_image":"https://lh3.googleusercontent.com/a/AAcHTtf4tImC8SHtDjOCan__D24Ly-SGGQxgmjKFvIZH=k-s256","display_name":"gk gk","link":"https://stackoverflow.com/users/22000955/gk-gk"},"is_answered":false,"view_count":29,"answer_count":0,"score":0,"last_activity_date":1685762647,"creation_date":1685762647,"question_id":76394438,"content_license":"CC BY-SA 4.0","link":"https://stackoverflow.com/questions/76394438/why-isnt-the-map-showing-up-in-my-react-mapgl-component-with-mapbox-api-token","title":"Why isn&#39;t the map showing up in my React MapGL component with Mapbox API token?"}],"has_more":true,"quota_max":300,"quota_remaining":94}