{"items":[{"tags":["android","kotlin","generics","mvvm","android-room"],"owner":{"account_id":26424862,"reputation":29,"user_id":20071984,"user_type":"registered","profile_image":"https://www.gravatar.com/avatar/3d9df9adf57bedf9c50a2b6cb1e9d3d6?s=256&d=identicon&r=PG","display_name":"katowicenocom","link":"https://stackoverflow.com/users/20071984/katowicenocom"},"is_answered":true,"view_count":170,"accepted_answer_id":75715509,"answer_count":2,"score":0,"last_activity_date":1678646289,"creation_date":1678640379,"last_edit_date":1678642710,"question_id":75714806,"content_license":"CC BY-SA 4.0","link":"https://stackoverflow.com/questions/75714806/generic-wrappers-with-room-database","title":"Generic wrappers with room database"},{"tags":["postgresql","cypher","apache-age"],"owner":{"account_id":25284140,"reputation":257,"user_id":19111495,"user_type":"registered","profile_image":"https://lh3.googleusercontent.com/a/AATXAJzmXFxLGzcfoL_Wc1kTp2164YNgm6oejzplBZtQ=k-s256","display_name":"Kamlesh Kumar","link":"https://stackoverflow.com/users/19111495/kamlesh-kumar"},"is_answered":false,"view_count":93,"closed_date":1678905658,"answer_count":1,"score":0,"last_activity_date":1678650315,"creation_date":1678640338,"question_id":75714802,"link":"https://stackoverflow.com/questions/75714802/aggregate-function-applied-on-the-result-returned-by-relationships-function-th","closed_reason":"Duplicate","title":"Aggregate function applied on the result returned by relationships() function throwing error"},{"tags":["r"],"owner":{"account_id":8123589,"reputation":1784,"user_id":6119375,"user_type":"registered","accept_rate":50,"profile_image":"https://www.gravatar.com/avatar/e56fe0b178813d5b98c456db1b6d6f3d?s=256&d=identicon&r=PG&f=y&so-version=2","display_name":"Nneka","link":"https://stackoverflow.com/users/6119375/nneka"},"is_answered":true,"view_count":198,"answer_count":1,"score":1,"last_activity_date":1678720513,"creation_date":1678640304,"last_edit_date":1678720513,"question_id":75714798,"content_license":"CC BY-SA 4.0","link":"https://stackoverflow.com/questions/75714798/error-in-descrcrosstable-from-fishers-exact-test","title":"Error in descr::CrossTable() from Fisher&#39;s exact test"},{"tags":["python","python-3.x","tensorflow","validation","keras"],"owner":{"account_id":23403024,"reputation":80,"user_id":17465901,"user_type":"registered","profile_image":"https://www.gravatar.com/avatar/be48dc45b98776f95c1833e3342f5aca?s=256&d=identicon&r=PG","display_name":"xavi","link":"https://stackoverflow.com/users/17465901/xavi"},"is_answered":true,"view_count":79,"accepted_answer_id":75715405,"answer_count":1,"score":0,"last_activity_date":1678645465,"creation_date":1678640260,"last_edit_date":1678642464,"question_id":75714794,"content_license":"CC BY-SA 4.0","link":"https://stackoverflow.com/questions/75714794/warningtensorflowearly-stopping-conditioned-on-metric-val-loss-which-is-not","title":"WARNING:tensorflow:Early stopping conditioned on metric `val_loss` which is not available. Available metrics are: loss,recall"},{"tags":["reactjs","flowbite"],"owner":{"account_id":8126933,"reputation":135,"user_id":6121557,"user_type":"registered","profile_image":"https://graph.facebook.com/10208608051215848/picture?type=large","display_name":"Sermad NaJar","link":"https://stackoverflow.com/users/6121557/sermad-najar"},"is_answered":false,"view_count":135,"answer_count":2,"score":0,"last_activity_date":1688504152,"creation_date":1678640257,"question_id":75714793,"content_license":"CC BY-SA 4.0","link":"https://stackoverflow.com/questions/75714793/light-dark-logo-switch","title":"Light dark logo switch"},{"tags":["reactjs","next.js","next-auth"],"owner":{"account_id":12352865,"reputation":1,"user_id":9293651,"user_type":"registered","profile_image":"https://www.gravatar.com/avatar/c4dd24faf13c85b8da197075d5201a67?s=256&d=identicon&r=PG&f=y&so-version=2","display_name":"nikolay.akhmetyanov","link":"https://stackoverflow.com/users/9293651/nikolay-akhmetyanov"},"is_answered":false,"view_count":64,"answer_count":1,"score":0,"last_activity_date":1692806821,"creation_date":1678640220,"question_id":75714792,"content_license":"CC BY-SA 4.0","link":"https://stackoverflow.com/questions/75714792/next-auth-youtube-api-invalid-youtube-readonly","title":"Next Auth YouTube API invalid=[youtube.readonly]"},{"tags":["javascript","node.js","three.js"],"owner":{"account_id":20813566,"reputation":47,"user_id":15286877,"user_type":"registered","profile_image":"https://lh6.googleusercontent.com/-o9SXO2MYrqg/AAAAAAAAAAI/AAAAAAAAAAA/AMZuucnA87WOqKyUpF1BkT7mOBC5lSQUbg/s96-c/photo.jpg?sz=256","display_name":"Neel Kumar","link":"https://stackoverflow.com/users/15286877/neel-kumar"},"is_answered":false,"view_count":25,"answer_count":1,"score":0,"last_activity_date":1680102811,"creation_date":1678640186,"question_id":75714789,"content_license":"CC BY-SA 4.0","link":"https://stackoverflow.com/questions/75714789/orbitcontrols-do-not-work-despite-being-imported-and-referenced-and-no-error-in","title":"OrbitControls do not work despite being imported and referenced and no error in inspector"},{"tags":["android","react-native","payment-gateway","applepay"],"owner":{"account_id":20293783,"reputation":1,"user_id":19509514,"user_type":"registered","profile_image":"https://www.gravatar.com/avatar/5c30afc51a992867350341505e2457f5?s=256&d=identicon&r=PG&f=y&so-version=2","display_name":"Creative Programmer","link":"https://stackoverflow.com/users/19509514/creative-programmer"},"is_answered":false,"view_count":226,"answer_count":1,"score":0,"last_activity_date":1678692517,"creation_date":1678640183,"last_edit_date":1678640267,"question_id":75714788,"content_license":"CC BY-SA 4.0","link":"https://stackoverflow.com/questions/75714788/is-it-possible-to-integrate-apple-pay-with-android-apps-react-native","title":"Is it possible to integrate apple pay with android apps? [React Native]"},{"tags":[".net","session","redis"],"owner":{"account_id":27999856,"reputation":1,"user_id":21384374,"user_type":"registered","profile_image":"https://lh3.googleusercontent.com/a/AGNmyxbGGSvdvUu1NoiN1cU1S8LHGgykZsUW9ymGzPSo=k-s256","display_name":"mert Başar","link":"https://stackoverflow.com/users/21384374/mert-ba%c5%9far"},"is_answered":false,"view_count":41,"answer_count":0,"score":0,"last_activity_date":1678640248,"creation_date":1678640128,"last_edit_date":1678640248,"question_id":75714783,"content_license":"CC BY-SA 4.0","link":"https://stackoverflow.com/questions/75714783/how-to-disable-default-session-feature-on-redis","title":"How to disable default session feature on Redis?"},{"tags":["flutter","dart","flutter-animation"],"owner":{"account_id":27999780,"reputation":1,"user_id":21384310,"user_type":"registered","profile_image":"https://www.gravatar.com/avatar/53b95b31cc8c5b93d0e4c4ea2aa056ce?s=256&d=identicon&r=PG","display_name":"Arthur","link":"https://stackoverflow.com/users/21384310/arthur"},"is_answered":false,"view_count":108,"answer_count":1,"score":0,"last_activity_date":1679642770,"creation_date":1678640114,"last_edit_date":1679083074,"question_id":75714782,"content_license":"CC BY-SA 4.0","link":"https://stackoverflow.com/questions/75714782/how-to-animate-slidetransition-one-time","title":"How to animate SlideTransition one time?"},{"tags":["python","scikit-learn","logistic-regression","multilabel-classification","gridsearchcv"],"owner":{"account_id":2086517,"reputation":415,"user_id":1857373,"user_type":"registered","profile_image":"https://www.gravatar.com/avatar/2667179d71f9e8e7d4b381c6827e078e?s=256&d=identicon&r=PG","display_name":"manager_matt","link":"https://stackoverflow.com/users/1857373/manager-matt"},"is_answered":false,"view_count":162,"answer_count":1,"score":-1,"last_activity_date":1678665875,"creation_date":1678640099,"last_edit_date":1678665875,"question_id":75714781,"content_license":"CC BY-SA 4.0","link":"https://stackoverflow.com/questions/75714781/fit-error-onevsoneclassifier-onevsrestclassifier-logistic-regression-for-digits","title":"Fit Error OneVsOneClassifier, OneVsRestClassifier Logistic Regression for digits recognition multilabel classifier model fit error"},{"tags":["java","android"],"owner":{"account_id":8991716,"reputation":69,"user_id":11643080,"user_type":"registered","profile_image":"https://lh4.googleusercontent.com/-kR07i8duaG0/AAAAAAAAAAI/AAAAAAAAAhQ/A2ZWBtzSGbM/photo.jpg?sz=256","display_name":"iBRabbit","link":"https://stackoverflow.com/users/11643080/ibrabbit"},"is_answered":true,"view_count":50,"answer_count":2,"score":1,"last_activity_date":1678681264,"creation_date":1678640097,"last_edit_date":1678680973,"question_id":75714780,"content_license":"CC BY-SA 4.0","link":"https://stackoverflow.com/questions/75714780/app-is-crashing-when-calling-getwritabledatabase-on-database-constructor-in-an","title":"App is crashing when calling getWritableDatabase() on Database Constructor in Android"},{"tags":["python-3.x","ursina"],"owner":{"account_id":27999830,"reputation":1,"user_id":21384353,"user_type":"registered","profile_image":"https://www.gravatar.com/avatar/b6fc95821cb2e0b02c9743ea692b6703?s=256&d=identicon&r=PG","display_name":"TREAL RACING","link":"https://stackoverflow.com/users/21384353/treal-racing"},"is_answered":false,"view_count":110,"answer_count":0,"score":0,"last_activity_date":1678640131,"creation_date":1678640069,"last_edit_date":1678640131,"question_id":75714776,"content_license":"CC BY-SA 4.0","link":"https://stackoverflow.com/questions/75714776/how-to-apply-animation-in-operation-on-the-ursina-engine-python","title":"How to apply animation in operation on the ursina engine Python?"},{"tags":["javascript","google-chrome-extension","service-worker","chrome-extension-manifest-v3","chrome-extension-manifest-v2"],"owner":{"account_id":11137634,"reputation":4948,"user_id":8175467,"user_type":"registered","accept_rate":100,"profile_image":"https://lh5.googleusercontent.com/-B1AqBPPOFvg/AAAAAAAAAAI/AAAAAAAAAwE/nND5ZayO9ME/photo.jpg?sz=256","display_name":"programoholic","link":"https://stackoverflow.com/users/8175467/programoholic"},"is_answered":false,"view_count":209,"answer_count":0,"score":0,"last_activity_date":1678640039,"creation_date":1678640039,"question_id":75714773,"content_license":"CC BY-SA 4.0","link":"https://stackoverflow.com/questions/75714773/chrome-extension-mv3-migration-how-to-convert-background-script-that-uses-wind","title":"Chrome Extension MV3 migration : How to convert background script that uses window and document to service worker?"},{"tags":["asp.net",".net","docker","dockerfile"],"owner":{"account_id":17783238,"reputation":25,"user_id":12913954,"user_type":"registered","profile_image":"https://www.gravatar.com/avatar/0cb68b1b808dc299425ba96fb2470252?s=256&d=identicon&r=PG&f=y&so-version=2","display_name":"jasper","link":"https://stackoverflow.com/users/12913954/jasper"},"is_answered":true,"view_count":71,"accepted_answer_id":75714900,"answer_count":1,"score":1,"last_activity_date":1678641213,"creation_date":1678640006,"question_id":75714770,"content_license":"CC BY-SA 4.0","link":"https://stackoverflow.com/questions/75714770/why-am-i-receiving-error-4-5-workdir-server-not-a-directory-when-i-copy-my","title":"Why am I receiving &quot;ERROR [4/5] WORKDIR /server: not a directory&quot; when I copy my proj file to this directory one step before"},{"tags":["r","ggplot2","visualization"],"owner":{"account_id":13364646,"reputation":1,"user_id":13363730,"user_type":"registered","profile_image":"https://i.stack.imgur.com/QWYWC.jpg?s=256&g=1","display_name":"Zortea","link":"https://stackoverflow.com/users/13363730/zortea"},"is_answered":false,"view_count":48,"answer_count":2,"score":-1,"last_activity_date":1678642492,"creation_date":1678639976,"last_edit_date":1678640875,"question_id":75714768,"content_license":"CC BY-SA 4.0","link":"https://stackoverflow.com/questions/75714768/why-are-my-ggplot2-plot-values-different-from-what-is-in-my-dataset","title":"Why are my (ggplot2) plot values different from what is in my dataset?"},{"tags":["pandas","pivot"],"owner":{"account_id":27999603,"reputation":1,"user_id":21384170,"user_type":"registered","profile_image":"https://www.gravatar.com/avatar/6af872f4b325a7878711e872ee88cae3?s=256&d=identicon&r=PG","display_name":"sturmrabe","link":"https://stackoverflow.com/users/21384170/sturmrabe"},"is_answered":false,"view_count":24,"answer_count":0,"score":0,"last_activity_date":1678639974,"creation_date":1678639974,"question_id":75714767,"content_license":"CC BY-SA 4.0","link":"https://stackoverflow.com/questions/75714767/pandas-pivot-stack-reshaping-creating-index-from-severel-original-columns","title":"Pandas Pivot / Stack / Reshaping: Creating index from severel original columns"},{"tags":["android","kotlin-coroutines","coroutine"],"owner":{"account_id":25940315,"reputation":95,"user_id":19659923,"user_type":"registered","profile_image":"https://lh3.googleusercontent.com/a/AItbvml16xWzDbKv6CeJkiO73hgSvBmkpxoHU4HlSRaX=k-s256","display_name":"Hack123","link":"https://stackoverflow.com/users/19659923/hack123"},"is_answered":false,"view_count":32,"answer_count":0,"score":0,"last_activity_date":1678639971,"creation_date":1678639971,"question_id":75714766,"content_license":"CC BY-SA 4.0","link":"https://stackoverflow.com/questions/75714766/why-is-the-app-not-crashing-even-when-settext-running-on-background-thread","title":"Why is the app not crashing even when setText running on background thread"},{"tags":["typescript","visual-studio-code","interface"],"owner":{"account_id":6413405,"reputation":329,"user_id":4972307,"user_type":"registered","profile_image":"https://www.gravatar.com/avatar/76b15cad17eb842c54a0862c958949c7?s=256&d=identicon&r=PG&f=y&so-version=2","display_name":"ninja star","link":"https://stackoverflow.com/users/4972307/ninja-star"},"is_answered":false,"view_count":67,"answer_count":1,"score":0,"last_activity_date":1679590104,"creation_date":1678639966,"last_edit_date":1679590104,"question_id":75714765,"content_license":"CC BY-SA 4.0","link":"https://stackoverflow.com/questions/75714765/keyboard-shortcut-to-go-to-an-interface-from-the-class-that-implements-it-in-vs","title":"Keyboard shortcut to go to an interface from the class that implements it in VS Code"},{"tags":["javascript","reactjs","react-hooks","material-ui","material-design"],"owner":{"user_type":"does_not_exist","display_name":"user21381901"},"is_answered":true,"view_count":392,"accepted_answer_id":75715070,"answer_count":1,"score":0,"last_activity_date":1678652454,"creation_date":1678639928,"last_edit_date":1678652454,"question_id":75714762,"content_license":"CC BY-SA 4.0","link":"https://stackoverflow.com/questions/75714762/cant-resolve-material-ui-lab-error-with-latest-version-of-react","title":"Can&#39;t resolve &#39;@material-ui/lab&#39; error with latest version of React"},{"tags":["reactjs","authentication","supabase","supabase-database"],"owner":{"account_id":24106939,"reputation":1,"user_id":18078007,"user_type":"registered","profile_image":"https://i.stack.imgur.com/HgPa2.png?s=256&g=1","display_name":"Ayush Desai","link":"https://stackoverflow.com/users/18078007/ayush-desai"},"is_answered":false,"view_count":218,"answer_count":1,"score":0,"last_activity_date":1678696020,"creation_date":1678639917,"question_id":75714760,"content_license":"CC BY-SA 4.0","link":"https://stackoverflow.com/questions/75714760/enter-supabase-url-and-api-key-makes-the-page-go-blank","title":"Enter Supabase URL and API Key makes the page go blank"},{"tags":["python","python-3.x","list","python-2.7","dictionary"],"owner":{"account_id":6984436,"reputation":57,"user_id":5355982,"user_type":"registered","profile_image":"https://www.gravatar.com/avatar/ef0c9f2a48c65c4e35c4158ea21e3c42?s=256&d=identicon&r=PG","display_name":"Data Analyst","link":"https://stackoverflow.com/users/5355982/data-analyst"},"is_answered":true,"view_count":81,"accepted_answer_id":75714778,"answer_count":2,"score":-2,"last_activity_date":1678642751,"creation_date":1678639850,"question_id":75714752,"content_license":"CC BY-SA 4.0","link":"https://stackoverflow.com/questions/75714752/how-to-decrypt-or-convert-python-dictionary-of-lists-to-normal-dictionary","title":"How to decrypt or convert Python Dictionary of lists to normal dictionary"},{"tags":["google-app-engine","google-cloud-platform"],"owner":{"account_id":19711116,"reputation":1,"user_id":14431631,"user_type":"registered","profile_image":"https://www.gravatar.com/avatar/8770e49ef51539798a113efe1073e48c?s=256&d=identicon&r=PG&f=y&so-version=2","display_name":"XLKC","link":"https://stackoverflow.com/users/14431631/xlkc"},"is_answered":true,"view_count":113,"answer_count":1,"score":0,"last_activity_date":1678640961,"creation_date":1678639834,"question_id":75714749,"content_license":"CC BY-SA 4.0","link":"https://stackoverflow.com/questions/75714749/how-does-app-engine-handle-authorization-between-services","title":"How does App Engine handle authorization between services?"},{"tags":["reactjs","vite"],"owner":{"account_id":25984331,"reputation":43,"user_id":19697494,"user_type":"registered","profile_image":"https://lh3.googleusercontent.com/a/AItbvmmH2UuAVRADRoe3DI5ThHEVzPSg7WJ1N3kso49L=k-s256","display_name":"Rax22","link":"https://stackoverflow.com/users/19697494/rax22"},"is_answered":true,"view_count":74,"answer_count":2,"score":0,"last_activity_date":1678691222,"creation_date":1678639817,"last_edit_date":1678661493,"question_id":75714747,"content_license":"CC BY-SA 4.0","link":"https://stackoverflow.com/questions/75714747/my-react-app-is-always-loading-when-in-run-dev","title":"My react app is always loading when in run dev"},{"tags":["c#","asp.net-core",".net-6.0","dotnet-httpclient","system-design"],"owner":{"account_id":5620104,"reputation":417,"user_id":4450241,"user_type":"registered","accept_rate":100,"profile_image":"https://www.gravatar.com/avatar/f2c25445cd1c79ed8f8ef189b3f889cf?s=256&d=identicon&r=PG&f=y&so-version=2","display_name":"Roman","link":"https://stackoverflow.com/users/4450241/roman"},"is_answered":true,"view_count":4745,"accepted_answer_id":75714827,"answer_count":2,"score":6,"last_activity_date":1679015684,"creation_date":1678639782,"last_edit_date":1679015684,"question_id":75714743,"content_license":"CC BY-SA 4.0","link":"https://stackoverflow.com/questions/75714743/best-practice-to-use-httpclient-in-net-6-0","title":"Best practice to use HttpClient in NET 6.0"},{"tags":["github-actions"],"owner":{"account_id":4138896,"reputation":1067,"user_id":3394816,"user_type":"registered","accept_rate":48,"profile_image":"https://www.gravatar.com/avatar/9ae48c4dec2f4c5043776265ae489576?s=256&d=identicon&r=PG&f=y&so-version=2","display_name":"thisisshantzz","link":"https://stackoverflow.com/users/3394816/thisisshantzz"},"is_answered":true,"view_count":419,"answer_count":2,"score":2,"last_activity_date":1697898297,"creation_date":1678639769,"question_id":75714742,"content_license":"CC BY-SA 4.0","link":"https://stackoverflow.com/questions/75714742/do-not-trigger-github-action-workflow-on-push-if-a-pr-is-open-on-the-branch","title":"Do not trigger Github action workflow on push if a PR is open on the branch"},{"tags":["java","gradle"],"owner":{"account_id":3106126,"reputation":31309,"user_id":2628868,"user_type":"registered","accept_rate":84,"profile_image":"https://i.stack.imgur.com/IcdU7.jpg?s=256&g=1","display_name":"Dolphin","link":"https://stackoverflow.com/users/2628868/dolphin"},"is_answered":true,"view_count":325,"accepted_answer_id":75717002,"answer_count":1,"score":0,"last_activity_date":1678663552,"creation_date":1678639756,"question_id":75714739,"content_license":"CC BY-SA 4.0","link":"https://stackoverflow.com/questions/75714739/why-the-org-apache-xmlgraphicsbatik1-16-dependencies-did-not-downloaded","title":"why the org.apache.xmlgraphics:batik:1.16 dependencies did not downloaded"},{"tags":["c"],"owner":{"account_id":27978001,"reputation":9,"user_id":21366335,"user_type":"registered","profile_image":"https://lh3.googleusercontent.com/a/AGNmyxYaaIKd0YLaCWumI3ep5iymJjNUi8S37rf4qWBR=k-s256","display_name":"Boo Man","link":"https://stackoverflow.com/users/21366335/boo-man"},"is_answered":false,"view_count":72,"answer_count":3,"score":0,"last_activity_date":1678703995,"creation_date":1678639735,"question_id":75714736,"content_license":"CC BY-SA 4.0","link":"https://stackoverflow.com/questions/75714736/implementing-a-password-checker-in-c","title":"Implementing a password checker in C"},{"tags":["flutter","dart"],"owner":{"account_id":27999795,"reputation":45,"user_id":21384323,"user_type":"registered","profile_image":"https://www.gravatar.com/avatar/c0771a508217b6f41e95853dfeb68a24?s=256&d=identicon&r=PG","display_name":"nologic","link":"https://stackoverflow.com/users/21384323/nologic"},"is_answered":true,"view_count":70,"accepted_answer_id":75715783,"answer_count":1,"score":0,"last_activity_date":1690058059,"creation_date":1678639707,"last_edit_date":1678649294,"question_id":75714734,"content_license":"CC BY-SA 4.0","link":"https://stackoverflow.com/questions/75714734/remove-items-in-list-thats-not-exist-in-response-from-backend","title":"remove items in list that&#39;s not exist in response from backend"},{"tags":["c++"],"owner":{"account_id":180358,"reputation":2495,"user_id":413622,"user_type":"registered","accept_rate":100,"profile_image":"https://www.gravatar.com/avatar/9f2cac8aadde1264d56151d3757f238b?s=256&d=identicon&r=PG","display_name":"claymation","link":"https://stackoverflow.com/users/413622/claymation"},"is_answered":true,"view_count":62,"answer_count":1,"score":0,"last_activity_date":1678640452,"creation_date":1678639706,"question_id":75714733,"content_license":"CC BY-SA 4.0","link":"https://stackoverflow.com/questions/75714733/is-there-a-constant-expression-for-the-string-length-of-a-numeric-constant-that","title":"Is there a constant expression for the string length of a numeric constant that does not use the preprocessor?"}],"has_more":true,"quota_max":300,"quota_remaining":189}