{"items":[{"tags":["selenium-webdriver","selenium-chromedriver"],"owner":{"account_id":27896252,"reputation":33,"user_id":21301479,"user_type":"registered","profile_image":"https://www.gravatar.com/avatar/b28267761fa46a0a30294c3883e3f5a1?s=256&d=identicon&r=PG","display_name":"thrvxx","link":"https://stackoverflow.com/users/21301479/thrvxx"},"is_answered":true,"view_count":342,"accepted_answer_id":75715196,"answer_count":1,"score":0,"last_activity_date":1678643715,"creation_date":1678597081,"question_id":75711124,"content_license":"CC BY-SA 4.0","link":"https://stackoverflow.com/questions/75711124/selenium-cannot-find-element-by-xpath-even-though-the-xpath-is-correct","title":"selenium cannot find element by xpath even though the xpath is correct"},{"tags":["oracle","plsql","oracle-sqldeveloper","plsql-package"],"owner":{"account_id":12554643,"reputation":39,"user_id":9134859,"user_type":"registered","profile_image":"https://i.stack.imgur.com/7VEHg.jpg?s=256&g=1","display_name":"Cesar Tepetla","link":"https://stackoverflow.com/users/9134859/cesar-tepetla"},"is_answered":false,"view_count":196,"answer_count":1,"score":0,"last_activity_date":1678636087,"creation_date":1678597030,"question_id":75711122,"content_license":"CC BY-SA 4.0","link":"https://stackoverflow.com/questions/75711122/unzip-file-using-as-zip-package-and-insert-into-table","title":"Unzip file using AS_ZIP package and insert into table"},{"tags":["llvm","compiler-optimization","ssa"],"owner":{"account_id":24836713,"reputation":103,"user_id":18715266,"user_type":"registered","profile_image":"https://lh3.googleusercontent.com/a-/AOh14GjN_8JW_LejZPZkEsEkzE1Z4fZrNSSfOtxJKno9=k-s256","display_name":"hnyls2002","link":"https://stackoverflow.com/users/18715266/hnyls2002"},"is_answered":false,"view_count":68,"answer_count":0,"score":0,"last_activity_date":1678596941,"creation_date":1678596941,"question_id":75711117,"content_license":"CC BY-SA 4.0","link":"https://stackoverflow.com/questions/75711117/what-is-critical-edge-spliting-used-for","title":"What is critical edge spliting used for?"},{"tags":["reactjs","bootstrap-5"],"owner":{"account_id":25062902,"reputation":1,"user_id":18917555,"user_type":"registered","profile_image":"https://lh3.googleusercontent.com/a-/AOh14GgvFxfoMQ6AHsD2hju4gyQLzMf_NteBn-vrqGVNsw=k-s256","display_name":"irshad ali","link":"https://stackoverflow.com/users/18917555/irshad-ali"},"is_answered":true,"view_count":547,"answer_count":1,"score":0,"last_activity_date":1678597505,"creation_date":1678596922,"question_id":75711115,"content_license":"CC BY-SA 4.0","link":"https://stackoverflow.com/questions/75711115/typeerror-cannot-read-properties-of-null-reading-type","title":"TypeError: Cannot read properties of null (reading &#39;type&#39;)"},{"tags":["generics","rust"],"owner":{"account_id":304453,"reputation":2007,"user_id":613960,"user_type":"registered","accept_rate":64,"profile_image":"https://i.stack.imgur.com/ivuqi.jpg?s=256&g=1","display_name":"kishoredbn","link":"https://stackoverflow.com/users/613960/kishoredbn"},"is_answered":false,"view_count":79,"answer_count":0,"score":0,"last_activity_date":1678632922,"creation_date":1678596860,"last_edit_date":1678632922,"question_id":75711114,"content_license":"CC BY-SA 4.0","link":"https://stackoverflow.com/questions/75711114/how-to-write-a-generic-trait-in-rust-which-itself-is-dependent-based-on-another","title":"How to write a Generic Trait in Rust, which itself is dependent based on another generic Trait"},{"tags":["popup","jaws-screen-reader"],"owner":{"account_id":16588214,"reputation":1,"user_id":12183327,"user_type":"registered","profile_image":"https://www.gravatar.com/avatar/85fffd750d028c12dceb1d7316efb477?s=256&d=identicon&r=PG&f=y&so-version=2","display_name":"Smruthi","link":"https://stackoverflow.com/users/12183327/smruthi"},"is_answered":false,"view_count":61,"answer_count":0,"score":0,"last_activity_date":1678596843,"creation_date":1678596843,"question_id":75711113,"content_license":"CC BY-SA 4.0","link":"https://stackoverflow.com/questions/75711113/how-to-add-a-pop-up-alert-for-a-dialog-box-so-that-jaws-would-read-it-ive-used","title":"How to add a pop up alert for a dialog box so that Jaws would read it. I&#39;ve used aria-label but it would read the Heading and content in it"},{"tags":["javascript","html","css","input","radio-button"],"owner":{"account_id":27996099,"reputation":11,"user_id":21381298,"user_type":"registered","profile_image":"https://www.gravatar.com/avatar/a41d72112529c28b9163b661369806d5?s=256&d=identicon&r=PG","display_name":"totallynew","link":"https://stackoverflow.com/users/21381298/totallynew"},"is_answered":false,"view_count":305,"answer_count":1,"score":0,"last_activity_date":1682631730,"creation_date":1678596840,"last_edit_date":1682631730,"question_id":75711112,"content_license":"CC BY-SA 4.0","link":"https://stackoverflow.com/questions/75711112/cannot-get-the-value-from-my-radio-buttons-checkboxes","title":"Cannot get the value from my radio buttons / checkboxes"},{"tags":["javascript","postgresql","bash","visual-studio-code","git-bash"],"owner":{"account_id":27955674,"reputation":21,"user_id":21348552,"user_type":"registered","profile_image":"https://www.gravatar.com/avatar/f27e6cc8d78eed227916d055ad8f70a9?s=256&d=identicon&r=PG","display_name":"rosaforrestiana","link":"https://stackoverflow.com/users/21348552/rosaforrestiana"},"is_answered":false,"view_count":189,"answer_count":1,"score":1,"last_activity_date":1679806585,"creation_date":1678596792,"last_edit_date":1678597476,"question_id":75711109,"content_license":"CC BY-SA 4.0","link":"https://stackoverflow.com/questions/75711109/how-to-code-psql-psql-x-username-postgres-dbname-students-no-align-tup","title":"How to code PSQL=&quot;psql -X --username=postgres --dbname=students --no-align --tuples-only -c&quot; using my own username?"},{"tags":["python","selenium-webdriver","automation","webbrowser-control","browser-automation"],"owner":{"account_id":15682231,"reputation":167,"user_id":13040712,"user_type":"registered","profile_image":"https://lh5.googleusercontent.com/-scijGL68mig/AAAAAAAAAAI/AAAAAAAAAAA/ACHi3reNn3fob_052V13aLiC-G2usD_RGA/mo/photo.jpg?sz=256","display_name":"PLABON DATTA","link":"https://stackoverflow.com/users/13040712/plabon-datta"},"is_answered":false,"view_count":86,"answer_count":0,"score":0,"last_activity_date":1678659126,"creation_date":1678596789,"last_edit_date":1678659126,"question_id":75711108,"content_license":"CC BY-SA 4.0","link":"https://stackoverflow.com/questions/75711108/selenium-select-outlook-attachment-upload","title":"selenium select outlook attachment upload"},{"tags":["javascript","node.js","electron","desktop-application"],"owner":{"account_id":27635860,"reputation":1,"user_id":21093793,"user_type":"registered","profile_image":"https://i.stack.imgur.com/Xoxni.jpg?s=256&g=1","display_name":"Ahmad Nawaz","link":"https://stackoverflow.com/users/21093793/ahmad-nawaz"},"is_answered":false,"view_count":119,"answer_count":1,"score":0,"last_activity_date":1678638122,"creation_date":1678596771,"question_id":75711107,"content_license":"CC BY-SA 4.0","link":"https://stackoverflow.com/questions/75711107/electron-js-launching-our-desktop-application-when-performing-a-certain-task","title":"Electron Js, Launching our desktop application when performing a certain task"},{"tags":["ios","swift","api","uikit","tableview"],"owner":{"account_id":26873313,"reputation":19,"user_id":20454925,"user_type":"registered","profile_image":"https://lh3.googleusercontent.com/a/ALm5wu2LBI43P_T25by4yvWNOWM-0uUteIzXp7n0bJ0c=k-s256","display_name":"Volodymyr Navorotskyi","link":"https://stackoverflow.com/users/20454925/volodymyr-navorotskyi"},"is_answered":true,"view_count":55,"accepted_answer_id":75711302,"answer_count":1,"score":-2,"last_activity_date":1678671422,"creation_date":1678596714,"last_edit_date":1678671422,"question_id":75711105,"content_license":"CC BY-SA 4.0","link":"https://stackoverflow.com/questions/75711105/i-can-not-pass-data-from-one-view-controller-to-another","title":"I can not pass data from one View Controller to another"},{"tags":["kotlin"],"owner":{"account_id":26564483,"reputation":1,"user_id":20191794,"user_type":"registered","profile_image":"https://lh3.googleusercontent.com/a/ALm5wu2N3EoJY-J7SYPq-TNV9gywiEqHoatxYSBXwVkSwg=k-s256","display_name":"Kenneth Dagacay","link":"https://stackoverflow.com/users/20191794/kenneth-dagacay"},"is_answered":false,"view_count":27,"answer_count":1,"score":0,"last_activity_date":1678620369,"creation_date":1678596703,"last_edit_date":1678620369,"question_id":75711104,"content_license":"CC BY-SA 4.0","link":"https://stackoverflow.com/questions/75711104/how-to-print-both-names-sales-inside-of-for-loop","title":"How to print both Names &amp; Sales inside of for-loop"},{"tags":["reactjs","google-maps"],"owner":{"account_id":12389830,"reputation":359,"user_id":9032190,"user_type":"registered","profile_image":"https://i.stack.imgur.com/2n4ME.jpg?s=256&g=1","display_name":"Orion447","link":"https://stackoverflow.com/users/9032190/orion447"},"is_answered":false,"view_count":56,"answer_count":2,"score":0,"last_activity_date":1678669091,"creation_date":1678596665,"last_edit_date":1678664799,"question_id":75711103,"content_license":"CC BY-SA 4.0","link":"https://stackoverflow.com/questions/75711103/react-not-updating-component","title":"React Not Updating Component?"},{"tags":["java"],"owner":{"account_id":27068204,"reputation":1,"user_id":20619231,"user_type":"registered","profile_image":"https://www.gravatar.com/avatar/4d03d233a9d5c638202a2a1fcdbeba68?s=256&d=identicon&r=PG&f=y&so-version=2","display_name":"Stewl3","link":"https://stackoverflow.com/users/20619231/stewl3"},"is_answered":false,"view_count":37,"answer_count":2,"score":0,"last_activity_date":1678605694,"creation_date":1678596647,"last_edit_date":1678596666,"question_id":75711102,"content_license":"CC BY-SA 4.0","link":"https://stackoverflow.com/questions/75711102/want-to-have-speed-increase-with-each-type-of-the-keyword-chosen-but-add-speed","title":"Want to have speed increase with each type of the keyword chosen. But add speed not repeat speed"},{"tags":["multithreading","multiprocessing","operating-system"],"owner":{"account_id":27996103,"reputation":1,"user_id":21381300,"user_type":"registered","profile_image":"https://lh3.googleusercontent.com/a/AGNmyxb5SS9185GNl1wvoSeTaMmnQTdPCqXQ7XkDHjiSRw=k-s256","display_name":"Ann","link":"https://stackoverflow.com/users/21381300/ann"},"is_answered":false,"view_count":22,"answer_count":1,"score":-2,"last_activity_date":1678603183,"creation_date":1678596556,"question_id":75711097,"content_license":"CC BY-SA 4.0","link":"https://stackoverflow.com/questions/75711097/operating-system-thread-multithreading","title":"Operating System_Thread-Multithreading"},{"tags":["sqlalchemy"],"owner":{"account_id":21219949,"reputation":3,"user_id":15606773,"user_type":"registered","profile_image":"https://www.gravatar.com/avatar/2fbed849f1bab8572a0d7a6c69ddff02?s=256&d=identicon&r=PG&f=y&so-version=2","display_name":"Carlos Figueredo Triana","link":"https://stackoverflow.com/users/15606773/carlos-figueredo-triana"},"is_answered":true,"view_count":945,"accepted_answer_id":75726666,"answer_count":1,"score":0,"last_activity_date":1678739704,"creation_date":1678596474,"last_edit_date":1678630765,"question_id":75711096,"content_license":"CC BY-SA 4.0","link":"https://stackoverflow.com/questions/75711096/how-do-i-map-enum-with-sqlalchemy-to-a-column-that-has-special-characters","title":"How do I map Enum with SQLAlchemy to a Column that has special characters?"},{"tags":["xv6"],"owner":{"account_id":23136094,"reputation":15,"user_id":17240314,"user_type":"registered","profile_image":"https://lh3.googleusercontent.com/a-/AOh14GjqHznDDza_b2iygrNkji8vRSG0NiFWoO0TijF5qtg=k-s256","display_name":"Anvita Mahajan","link":"https://stackoverflow.com/users/17240314/anvita-mahajan"},"is_answered":false,"view_count":31,"answer_count":0,"score":0,"last_activity_date":1678596309,"creation_date":1678596309,"question_id":75711093,"content_license":"CC BY-SA 4.0","link":"https://stackoverflow.com/questions/75711093/why-do-we-left-shift-seg-kdata-by-3-is-switchuvm-function-in-xv6","title":"Why do we left shift SEG_KDATA by 3 is switchuvm function in xv6?"},{"tags":["javascript","authentication","next.js","callback","next-auth"],"owner":{"account_id":27378135,"reputation":1,"user_id":20883130,"user_type":"registered","profile_image":"https://www.gravatar.com/avatar/678d958e37669f4f6aaccbfa755c2181?s=256&d=identicon&r=PG","display_name":"Dor","link":"https://stackoverflow.com/users/20883130/dor"},"is_answered":true,"view_count":233,"answer_count":1,"score":0,"last_activity_date":1678606636,"creation_date":1678596294,"last_edit_date":1678606636,"question_id":75711091,"content_license":"CC BY-SA 4.0","link":"https://stackoverflow.com/questions/75711091/nextauth-callbacks-dosent-seems-to-run","title":"nextauth callbacks dosen&#39;t seems to run"},{"tags":["sql","relational-database","data-modeling","datamodel","conceptual-model"],"owner":{"account_id":17790995,"reputation":23,"user_id":12920002,"user_type":"registered","profile_image":"https://lh6.googleusercontent.com/-bty0VXIeGGc/AAAAAAAAAAI/AAAAAAAAAAA/ACHi3rfaUI6l97suWF-Ima5Mr5BSuIb50A/photo.jpg?sz=256","display_name":"Jason Minhas","link":"https://stackoverflow.com/users/12920002/jason-minhas"},"is_answered":false,"view_count":48,"answer_count":1,"score":-1,"last_activity_date":1678666150,"creation_date":1678596065,"question_id":75711079,"content_license":"CC BY-SA 4.0","link":"https://stackoverflow.com/questions/75711079/looking-for-feedback-on-data-model","title":"Looking for feedback on Data Model"},{"tags":["css","vue.js","sass","vuejs3"],"owner":{"account_id":22531946,"reputation":94,"user_id":16723832,"user_type":"registered","profile_image":"https://www.gravatar.com/avatar/098464f0d492deceeaecdcfbf77f2438?s=256&d=identicon&r=PG&f=y&so-version=2","display_name":"Banus","link":"https://stackoverflow.com/users/16723832/banus"},"is_answered":false,"view_count":53,"answer_count":1,"score":0,"last_activity_date":1678602232,"creation_date":1678595922,"last_edit_date":1678601803,"question_id":75711073,"content_license":"CC BY-SA 4.0","link":"https://stackoverflow.com/questions/75711073/add-dynamic-attribute-value-or-css-selector-value-in-style-using-scss-lang-in","title":"Add dynamic attribute value (or css selector value) in style using scss lang in Vue 3?"},{"tags":["r","dplyr"],"owner":{"account_id":4421586,"reputation":987,"user_id":3601357,"user_type":"registered","accept_rate":80,"profile_image":"https://i.stack.imgur.com/rq1wv.jpg?s=256&g=1","display_name":"ScottyJ","link":"https://stackoverflow.com/users/3601357/scottyj"},"is_answered":true,"view_count":64,"accepted_answer_id":75711144,"answer_count":3,"score":1,"last_activity_date":1678598481,"creation_date":1678595910,"question_id":75711071,"content_license":"CC BY-SA 4.0","link":"https://stackoverflow.com/questions/75711071/perform-a-logical-test-over-a-group-by-of-rows-but-mutate-the-rows-individual","title":"Perform a logical test over a group_by() of rows, but mutate the rows individually?"},{"tags":["python","numpy","opencv","win32gui"],"owner":{"account_id":8283760,"reputation":3,"user_id":6227537,"user_type":"registered","profile_image":"https://www.gravatar.com/avatar/ac9c22e7c008dde4d630345f84846bb6?s=256&d=identicon&r=PG&f=y&so-version=2","display_name":"Andr&#233;","link":"https://stackoverflow.com/users/6227537/andr%c3%a9"},"is_answered":false,"view_count":98,"answer_count":0,"score":0,"last_activity_date":1678596949,"creation_date":1678595907,"last_edit_date":1678596292,"question_id":75711070,"content_license":"CC BY-SA 4.0","link":"https://stackoverflow.com/questions/75711070/python-win32api-screenshot-wrong-colors","title":"Python Win32API screenshot wrong colors"},{"tags":["excel","excel-formula"],"owner":{"account_id":27996081,"reputation":1,"user_id":21381285,"user_type":"registered","profile_image":"https://lh3.googleusercontent.com/a/AGNmyxZ_AQcM45KoU97LFVuPww7cRypYDfDFk1hdFH5Q=k-s256","display_name":"Jimmy Jonez","link":"https://stackoverflow.com/users/21381285/jimmy-jonez"},"is_answered":false,"view_count":59,"answer_count":2,"score":0,"last_activity_date":1678605218,"creation_date":1678595882,"last_edit_date":1678596562,"question_id":75711069,"content_license":"CC BY-SA 4.0","link":"https://stackoverflow.com/questions/75711069/trying-to-count-a-manager-only-once","title":"Trying to count a manager only once"},{"tags":["text","key","typing","underline","bold"],"owner":{"account_id":26901235,"reputation":27,"user_id":20478353,"user_type":"registered","profile_image":"https://www.gravatar.com/avatar/9a50d93fb00c8f9dec73a319e7401de1?s=256&d=identicon&r=PG","display_name":"HCMUSer","link":"https://stackoverflow.com/users/20478353/hcmuser"},"is_answered":false,"view_count":13,"answer_count":0,"score":0,"last_activity_date":1678595786,"creation_date":1678595786,"question_id":75711067,"content_license":"CC BY-SA 4.0","link":"https://stackoverflow.com/questions/75711067/how-to-fix-auto-underline-word-in-edge-and-white-bold-overtype-in-visual-studio","title":"How to fix auto underline word in edge and white bold, overtype in visual studio"},{"tags":["sql","snowflake-cloud-data-platform"],"owner":{"account_id":10229981,"reputation":239,"user_id":9388611,"user_type":"registered","profile_image":"https://lh3.googleusercontent.com/-XdUIqdMkCWA/AAAAAAAAAAI/AAAAAAAAAAA/4252rscbv5M/photo.jpg?sz=256","display_name":"thejoker34","link":"https://stackoverflow.com/users/9388611/thejoker34"},"is_answered":false,"view_count":26,"answer_count":0,"score":0,"last_activity_date":1678597469,"creation_date":1678595730,"question_id":75711064,"content_license":"CC BY-SA 4.0","link":"https://stackoverflow.com/questions/75711064/parsing-json-staged-files-with-case-sensitivity","title":"Parsing json staged files with case sensitivity?"},{"tags":["php","mysql","export-to-csv","unix-timestamp"],"owner":{"account_id":16299406,"reputation":1,"user_id":11770893,"user_type":"registered","profile_image":"https://lh3.googleusercontent.com/-Bnsc5hIVcXM/AAAAAAAAAAI/AAAAAAAAAF8/HQxiFr3znIA/photo.jpg?sz=256","display_name":"flynryan692","link":"https://stackoverflow.com/users/11770893/flynryan692"},"is_answered":false,"view_count":25,"answer_count":0,"score":0,"last_activity_date":1678595685,"creation_date":1678595685,"question_id":75711062,"content_license":"CC BY-SA 4.0","link":"https://stackoverflow.com/questions/75711062/php-data-export-as-csv-only-provides-results-for-older-data","title":"PHP data export as csv - only provides results for older data"},{"tags":["weka"],"owner":{"account_id":8554533,"reputation":3228,"user_id":6410520,"user_type":"registered","accept_rate":80,"profile_image":"https://www.gravatar.com/avatar/1d0757c29a6ab2f40b9fc48517527100?s=256&d=identicon&r=PG&f=y&so-version=2","display_name":"Kathiravan Natarajan","link":"https://stackoverflow.com/users/6410520/kathiravan-natarajan"},"is_answered":true,"view_count":55,"accepted_answer_id":75711455,"answer_count":1,"score":0,"last_activity_date":1678603022,"creation_date":1678595595,"question_id":75711060,"content_license":"CC BY-SA 4.0","link":"https://stackoverflow.com/questions/75711060/is-wekas-jrip-updateable","title":"Is Weka&#39;s JRIP updateable?"},{"tags":["android"],"owner":{"account_id":17974901,"reputation":542,"user_id":13062745,"user_type":"registered","profile_image":"https://www.gravatar.com/avatar/179c4b9147609a41c2987067294019b6?s=256&d=identicon&r=PG&f=y&so-version=2","display_name":"zxcisnoias","link":"https://stackoverflow.com/users/13062745/zxcisnoias"},"is_answered":true,"view_count":445,"accepted_answer_id":75725395,"answer_count":2,"score":0,"last_activity_date":1691064153,"creation_date":1678595491,"last_edit_date":1678595959,"question_id":75711056,"content_license":"CC BY-SA 4.0","link":"https://stackoverflow.com/questions/75711056/android-studio-build-failed-weird-error-failed-file-name-validation-for-file","title":"Android Studio build failed weird error: &#39;Failed file name validation for file&#39; that doesn&#39;t exist"},{"tags":["ios","react-native","cocoapods","watermelondb"],"owner":{"account_id":5749383,"reputation":930,"user_id":4539582,"user_type":"registered","accept_rate":62,"profile_image":"https://i.stack.imgur.com/4ZeQW.jpg?s=256&g=1","display_name":"newbie","link":"https://stackoverflow.com/users/4539582/newbie"},"is_answered":false,"view_count":195,"answer_count":0,"score":0,"last_activity_date":1678624306,"creation_date":1678595477,"last_edit_date":1678624306,"question_id":75711055,"content_license":"CC BY-SA 4.0","link":"https://stackoverflow.com/questions/75711055/upgrading-watermelondb-gives-error-cannot-find-type-rctbridge-in-scope","title":"Upgrading WatermelonDB, gives &quot;error: cannot find type &#39;RCTBridge&#39; in scope&quot;"},{"tags":["android","kotlin","android-jetpack-compose","chain"],"owner":{"account_id":4780167,"reputation":362,"user_id":3862166,"user_type":"registered","accept_rate":43,"profile_image":"https://www.gravatar.com/avatar/d1f01437c1a9004fdb02ef38352a514f?s=256&d=identicon&r=PG&f=y&so-version=2","display_name":"Regress.arg","link":"https://stackoverflow.com/users/3862166/regress-arg"},"is_answered":true,"view_count":172,"accepted_answer_id":75711083,"answer_count":1,"score":0,"last_activity_date":1678626519,"creation_date":1678595383,"last_edit_date":1678626519,"question_id":75711053,"content_license":"CC BY-SA 4.0","link":"https://stackoverflow.com/questions/75711053/jetpack-compose-button-resizing-based-on-parent-node","title":"Jetpack Compose: Button resizing based on parent node"}],"has_more":true,"quota_max":300,"quota_remaining":191}