{"items":[{"tags":["c","debugging","breakpoints","memory-address"],"owner":{"account_id":25562901,"reputation":1,"user_id":19345239,"user_type":"registered","profile_image":"https://www.gravatar.com/avatar/d977628b187340f14ab9fa2e1fad3ec8?s=256&d=identicon&r=PG","display_name":"Aviel15","link":"https://stackoverflow.com/users/19345239/aviel15"},"is_answered":true,"view_count":137,"answer_count":1,"score":-1,"last_activity_date":1680910679,"creation_date":1679741989,"last_edit_date":1680910679,"question_id":75841225,"content_license":"CC BY-SA 4.0","link":"https://stackoverflow.com/questions/75841225/ptrace-traceme-operation-not-permitted-error","title":"PTRACE_TRACEME - Operation not permitted error?"},{"tags":["typescript","smtp","deno"],"owner":{"account_id":14629875,"reputation":699,"user_id":10566045,"user_type":"registered","profile_image":"https://www.gravatar.com/avatar/89a75aa9c0aaf4370c5663b6865cc6ee?s=256&d=identicon&r=PG&f=y&so-version=2","display_name":"TopchetoEU","link":"https://stackoverflow.com/users/10566045/topchetoeu"},"is_answered":false,"view_count":41,"answer_count":0,"score":0,"last_activity_date":1679741934,"creation_date":1679741934,"question_id":75841222,"content_license":"CC BY-SA 4.0","link":"https://stackoverflow.com/questions/75841222/deno-starttls-server-side-equivalent","title":"Deno.startTls server-side equivalent"},{"tags":["javascript"],"owner":{"account_id":27816991,"reputation":21,"user_id":21238176,"user_type":"registered","profile_image":"https://www.gravatar.com/avatar/c06bcc77b28856fef21c1bf9040fd581?s=256&d=identicon&r=PG","display_name":"Hrishikesh Tule","link":"https://stackoverflow.com/users/21238176/hrishikesh-tule"},"is_answered":true,"view_count":56,"answer_count":1,"score":0,"last_activity_date":1679836596,"creation_date":1679741867,"last_edit_date":1679742096,"question_id":75841221,"content_license":"CC BY-SA 4.0","link":"https://stackoverflow.com/questions/75841221/why-is-it-not-printing-asterisks","title":"Why is it not printing asterisks?"},{"tags":["javascript"],"owner":{"account_id":21718540,"reputation":25,"user_id":16029179,"user_type":"registered","profile_image":"https://lh3.googleusercontent.com/a/AATXAJz_YDzRe4y1pdNDoxehjoQGYs6Q402v5VqN6bxm=k-s256","display_name":"dds sddssd","link":"https://stackoverflow.com/users/16029179/dds-sddssd"},"is_answered":false,"view_count":60,"answer_count":2,"score":-1,"last_activity_date":1679742883,"creation_date":1679741835,"question_id":75841219,"content_license":"CC BY-SA 4.0","link":"https://stackoverflow.com/questions/75841219/how-to-add-text-to-existing-li-in-javascript","title":"How to add text to existing li in javascript"},{"tags":["python","gis","geospatial","folium","choropleth"],"owner":{"account_id":7291892,"reputation":1343,"user_id":5558021,"user_type":"registered","accept_rate":100,"profile_image":"https://graph.facebook.com/859197464199012/picture?type=large","display_name":"Dmitry  Sokolov","link":"https://stackoverflow.com/users/5558021/dmitry-sokolov"},"is_answered":false,"view_count":89,"answer_count":1,"score":0,"last_activity_date":1679812414,"creation_date":1679741813,"last_edit_date":1679812414,"question_id":75841217,"content_license":"CC BY-SA 4.0","link":"https://stackoverflow.com/questions/75841217/folium-choropleth-doesnt-change-colors-on-tiles","title":"Folium Choropleth doesn&#39;t change colors on tiles"},{"tags":["symfony-forms","symfony6"],"owner":{"account_id":2422600,"reputation":1953,"user_id":3048505,"user_type":"registered","accept_rate":71,"profile_image":"https://i.stack.imgur.com/5zOI0.jpg?s=256&g=1","display_name":"Jonathan","link":"https://stackoverflow.com/users/3048505/jonathan"},"is_answered":false,"view_count":97,"answer_count":0,"score":0,"last_activity_date":1679903557,"creation_date":1679741801,"last_edit_date":1679903557,"question_id":75841216,"content_license":"CC BY-SA 4.0","link":"https://stackoverflow.com/questions/75841216/value-of-collectiontype-field-entry-is-null","title":"Value of CollectionType field entry is null"},{"tags":["laravel","laravel-9","laravel-sanctum"],"owner":{"account_id":15472078,"reputation":145,"user_id":11161816,"user_type":"registered","profile_image":"https://i.stack.imgur.com/XzvkY.jpg?s=256&g=1","display_name":"henrbu","link":"https://stackoverflow.com/users/11161816/henrbu"},"is_answered":true,"view_count":653,"answer_count":1,"score":1,"last_activity_date":1679859665,"creation_date":1679741789,"last_edit_date":1679859665,"question_id":75841215,"content_license":"CC BY-SA 4.0","link":"https://stackoverflow.com/questions/75841215/sanctum-unauthenticated-response-when-bearer-token-is-set","title":"Sanctum unauthenticated response when Bearer token is set"},{"tags":["r","flextable"],"owner":{"account_id":25085364,"reputation":71,"user_id":18937647,"user_type":"registered","profile_image":"https://lh3.googleusercontent.com/a/AATXAJzydwCcDNsn_ml7SlU4903pZThbgWrDur9-RVub=k-s256","display_name":"Jackie","link":"https://stackoverflow.com/users/18937647/jackie"},"is_answered":true,"view_count":108,"accepted_answer_id":75841267,"answer_count":2,"score":1,"last_activity_date":1679742351,"creation_date":1679741695,"question_id":75841205,"content_license":"CC BY-SA 4.0","link":"https://stackoverflow.com/questions/75841205/hide-percentage-column-in-flextable-in-r","title":"Hide percentage column in flextable in R?"},{"tags":["python","json"],"owner":{"account_id":28121427,"reputation":1,"user_id":21487600,"user_type":"registered","profile_image":"https://lh3.googleusercontent.com/a/AGNmyxaVzIEBvGmJA4YxvtK2R4vGtyWeYEsd1BIw1x9J=k-s256","display_name":"jaywanth paul","link":"https://stackoverflow.com/users/21487600/jaywanth-paul"},"is_answered":false,"view_count":23,"answer_count":0,"score":0,"last_activity_date":1679741612,"creation_date":1679741612,"question_id":75841203,"content_license":"CC BY-SA 4.0","link":"https://stackoverflow.com/questions/75841203/receiving-tkinter-errors-exception-in-tkinter-callback-and-json-errors-jso","title":"Receiving TKinter errors : &quot;Exception in Tkinter callback&quot; and json errors : json.decoder.JSONDecodeError: Expecting value: line 1 column 1 (char 0)"},{"tags":["amazon-web-services","aws-lambda","amazon-dynamodb"],"owner":{"account_id":21068620,"reputation":314,"user_id":15485299,"user_type":"registered","profile_image":"https://www.gravatar.com/avatar/e2a06986530ff31027d697b73e7d2f99?s=256&d=identicon&r=PG&f=y&so-version=2","display_name":"Mitsukk","link":"https://stackoverflow.com/users/15485299/mitsukk"},"is_answered":false,"view_count":55,"answer_count":1,"score":0,"last_activity_date":1679896113,"creation_date":1679741607,"last_edit_date":1679896113,"question_id":75841202,"content_license":"CC BY-SA 4.0","link":"https://stackoverflow.com/questions/75841202/know-which-lambda-has-used-dynamodb-the-most","title":"Know which Lambda has used DynamoDB the most"},{"tags":["react-native","build","expo","android-app-bundle"],"owner":{"account_id":20357081,"reputation":348,"user_id":14932353,"user_type":"registered","profile_image":"https://lh3.googleusercontent.com/a-/AOh14Gh59jXqpaxS0W_imSmUHFmC3jsp8epJOiQuNP-f=k-s256","display_name":"Mohd. Anas Siddiqui","link":"https://stackoverflow.com/users/14932353/mohd-anas-siddiqui"},"is_answered":false,"view_count":56,"answer_count":1,"score":-2,"last_activity_date":1679745114,"creation_date":1679741542,"last_edit_date":1679742508,"question_id":75841199,"content_license":"CC BY-SA 4.0","link":"https://stackoverflow.com/questions/75841199/i-am-getting-the-below-error-while-generating-aab-release-file-in-react-native","title":"I am getting the below error while generating .aab release file in react native expo"},{"tags":["next.js","next.js13"],"owner":{"account_id":27154178,"reputation":1,"user_id":20693244,"user_type":"registered","profile_image":"https://www.gravatar.com/avatar/89dd0753bc2f8c8c12f8ad0bef8a6bc8?s=256&d=identicon&r=PG&f=y&so-version=2","display_name":"tlg","link":"https://stackoverflow.com/users/20693244/tlg"},"is_answered":false,"view_count":198,"answer_count":0,"score":0,"last_activity_date":1679741847,"creation_date":1679741514,"last_edit_date":1679741847,"question_id":75841196,"content_license":"CC BY-SA 4.0","link":"https://stackoverflow.com/questions/75841196/next-js-13-caching-issue-with-dynamic-pages-in-app-folder","title":"Next.js 13: Caching Issue with Dynamic Pages in App Folder"},{"tags":["javascript","reactjs","window","window.open","window.closed"],"owner":{"account_id":27784437,"reputation":3,"user_id":21212186,"user_type":"registered","profile_image":"https://lh3.googleusercontent.com/a/AEdFTp476C1STNRPoLcy3c04OMlkjxeKu546clxmaKvL=k-s256","display_name":"coding_newbie","link":"https://stackoverflow.com/users/21212186/coding-newbie"},"is_answered":false,"view_count":780,"answer_count":0,"score":0,"last_activity_date":1679741495,"creation_date":1679741495,"question_id":75841192,"content_license":"CC BY-SA 4.0","link":"https://stackoverflow.com/questions/75841192/unsafe-attempt-to-initiate-navigation-for-frame-with-origin-when-using-window-cl","title":"Unsafe attempt to initiate navigation for frame with origin when using window.close()"},{"tags":["next.js","web-worker","lokijs","watermelondb","worker-loader"],"owner":{"account_id":28121351,"reputation":1,"user_id":21487539,"user_type":"registered","profile_image":"https://www.gravatar.com/avatar/357379a1c7554b40316f2e6d2b9a36d4?s=256&d=identicon&r=PG&f=y&so-version=2","display_name":"Sarath Sai","link":"https://stackoverflow.com/users/21487539/sarath-sai"},"is_answered":false,"view_count":95,"answer_count":0,"score":0,"last_activity_date":1679741477,"creation_date":1679741477,"question_id":75841188,"content_license":"CC BY-SA 4.0","link":"https://stackoverflow.com/questions/75841188/nextjs-watermelondb-typeerror-lokiwebworker-is-not-a-constructor","title":"nextjs, watermelonDb TypeError: LokiWebWorker is not a constructor"},{"tags":["java","sockets","networking","tcp","udp"],"owner":{"account_id":12573545,"reputation":897,"user_id":9146804,"user_type":"registered","profile_image":"https://www.gravatar.com/avatar/2de0c2f4a04f28c1acf3de81c4a5f54e?s=256&d=identicon&r=PG&f=y&so-version=2","display_name":"cmhteixeira","link":"https://stackoverflow.com/users/9146804/cmhteixeira"},"is_answered":true,"view_count":300,"answer_count":1,"score":-1,"last_activity_date":1680881640,"creation_date":1679741454,"question_id":75841186,"content_license":"CC BY-SA 4.0","link":"https://stackoverflow.com/questions/75841186/are-non-blocking-udp-sockets-completely-redundant","title":"Are non-blocking UDP sockets completely redundant?"},{"tags":["python","user-interface","tkinter","tkinter-canvas"],"owner":{"account_id":21891089,"reputation":5,"user_id":21187920,"user_type":"registered","profile_image":"https://www.gravatar.com/avatar/6fbadecdb35da173bc7991317762901e?s=256&d=identicon&r=PG&f=y&so-version=2","display_name":"Mayur ","link":"https://stackoverflow.com/users/21187920/mayur"},"is_answered":true,"view_count":97,"accepted_answer_id":75909822,"answer_count":1,"score":-1,"last_activity_date":1680402577,"creation_date":1679741440,"last_edit_date":1679741514,"question_id":75841184,"content_license":"CC BY-SA 4.0","link":"https://stackoverflow.com/questions/75841184/strange-exception-in-tkinter-callback-while-using-canvas","title":"Strange &quot;Exception in Tkinter callback&quot; while using canvas"},{"tags":["makefile"],"owner":{"account_id":21853735,"reputation":1,"user_id":16145450,"user_type":"registered","profile_image":"https://lh3.googleusercontent.com/a/AATXAJxW2Af2ZM7POtzhRaAGbiD9kr2shSwT0LXrpD1S=k-s256","display_name":"Eli Feinshtein","link":"https://stackoverflow.com/users/16145450/eli-feinshtein"},"is_answered":false,"view_count":22,"answer_count":2,"score":0,"last_activity_date":1679751141,"creation_date":1679741427,"question_id":75841183,"content_license":"CC BY-SA 4.0","link":"https://stackoverflow.com/questions/75841183/problem-with-makefile-has-some-error-which-syas-no-input-files","title":"problem with makefile , has some error which syas &quot;no input files&quot;"},{"tags":["bootstrap-table"],"owner":{"account_id":28110758,"reputation":11,"user_id":21478564,"user_type":"registered","profile_image":"https://www.gravatar.com/avatar/f471718a03ed310fb46a95c66579c651?s=256&d=identicon&r=PG&f=y&so-version=2","display_name":"Jetal","link":"https://stackoverflow.com/users/21478564/jetal"},"is_answered":false,"view_count":57,"answer_count":0,"score":0,"last_activity_date":1679741785,"creation_date":1679741400,"last_edit_date":1679741785,"question_id":75841181,"content_license":"CC BY-SA 4.0","link":"https://stackoverflow.com/questions/75841181/bootstrap-table-filter-issue-set-focus-in-next-same-input-box-when-using-tab-k","title":"Bootstrap table filter - issue set focus in next/same input box when using tab key"},{"tags":["reactjs","next.js","axios","next-auth"],"owner":{"account_id":9293372,"reputation":103,"user_id":6901130,"user_type":"registered","profile_image":"https://www.gravatar.com/avatar/eebdb8b5081b2540ac29bb38dab8e51a?s=256&d=identicon&r=PG&f=y&so-version=2","display_name":"vivek gupta","link":"https://stackoverflow.com/users/6901130/vivek-gupta"},"is_answered":true,"view_count":2446,"accepted_answer_id":75842143,"answer_count":2,"score":2,"last_activity_date":1681822869,"creation_date":1679741385,"last_edit_date":1679744450,"question_id":75841179,"content_license":"CC BY-SA 4.0","link":"https://stackoverflow.com/questions/75841179/nextjs-api-axios-nextauth-issue-axioserror-connect-econnrefused-13000","title":"NEXTJS api + axios + NextAuth issue : AxiosError: connect ECONNREFUSED ::1:3000"},{"tags":["javascript","import","vuejs3","vite","bootstrap-vue"],"owner":{"account_id":11580430,"reputation":79,"user_id":8499277,"user_type":"registered","profile_image":"https://www.gravatar.com/avatar/4b022fc985ae7b8fd9e00e50daa4fc6a?s=256&d=identicon&r=PG&f=y&so-version=2","display_name":"Valik Tralik","link":"https://stackoverflow.com/users/8499277/valik-tralik"},"is_answered":false,"view_count":68,"answer_count":0,"score":0,"last_activity_date":1679741378,"creation_date":1679741378,"question_id":75841177,"content_license":"CC BY-SA 4.0","link":"https://stackoverflow.com/questions/75841177/the-requested-module-does-not-provide-an-export-named-vbtoggle","title":"The requested module does not provide an export named &#39;VBToggle&#39;"},{"tags":["curl","telegram"],"owner":{"user_type":"does_not_exist","display_name":"user18767111"},"is_answered":false,"view_count":117,"answer_count":1,"score":0,"last_activity_date":1690974748,"creation_date":1679741349,"question_id":75841174,"content_license":"CC BY-SA 4.0","link":"https://stackoverflow.com/questions/75841174/telegram-curl-line-break-in-caption","title":"Telegram curl line break in caption"},{"tags":["javascript","reactjs","google-maps"],"owner":{"account_id":3197891,"reputation":157,"user_id":2700673,"user_type":"registered","accept_rate":47,"profile_image":"https://i.stack.imgur.com/Bxx43.jpg?s=256&g=1","display_name":"The Old County","link":"https://stackoverflow.com/users/2700673/the-old-county"},"is_answered":false,"view_count":586,"answer_count":0,"score":0,"last_activity_date":1680870810,"creation_date":1679741319,"last_edit_date":1680047517,"question_id":75841173,"content_license":"CC BY-SA 4.0","link":"https://stackoverflow.com/questions/75841173/googlemaps-react-component-to-handle-multiple-maps-on-the-same-page-avoid-erro","title":"Googlemaps react component - to handle multiple maps on the same page avoid error - &quot;included the Google Maps JavaScript API multiple times&quot;"},{"tags":["postgresql","triggers"],"owner":{"account_id":11327267,"reputation":11,"user_id":8305756,"user_type":"registered","profile_image":"https://www.gravatar.com/avatar/761edf662209ef2854932b4993e36edc?s=256&d=identicon&r=PG&f=y&so-version=2","display_name":"James M","link":"https://stackoverflow.com/users/8305756/james-m"},"is_answered":false,"view_count":87,"answer_count":1,"score":1,"last_activity_date":1680020043,"creation_date":1679741295,"last_edit_date":1679741567,"question_id":75841171,"content_license":"CC BY-SA 4.0","link":"https://stackoverflow.com/questions/75841171/what-is-postgres-firing-order-for-multiple-row-level-triggers-on-the-same-event","title":"What is postgres firing order for multiple row-level triggers on the same event?"},{"tags":["c#",".net","image","winforms","preview"],"owner":{"account_id":6356906,"reputation":1,"user_id":4933846,"user_type":"registered","profile_image":"https://lh3.googleusercontent.com/-jugb7HVjxGw/AAAAAAAAAAI/AAAAAAAAAGU/GTjHag9Omck/photo.jpg?sz=256","display_name":"huy","link":"https://stackoverflow.com/users/4933846/huy"},"is_answered":false,"view_count":35,"answer_count":0,"score":0,"last_activity_date":1679741273,"creation_date":1679741273,"question_id":75841168,"content_license":"CC BY-SA 4.0","link":"https://stackoverflow.com/questions/75841168/i-want-preview-image-before-selecting-image","title":"I want preview image before selecting image"},{"tags":["next.js"],"owner":{"account_id":18788565,"reputation":1439,"user_id":13701584,"user_type":"registered","profile_image":"https://i.stack.imgur.com/FuYuS.jpg?s=256&g=1","display_name":"Alpha","link":"https://stackoverflow.com/users/13701584/alpha"},"is_answered":true,"view_count":1956,"accepted_answer_id":75925894,"answer_count":1,"score":1,"last_activity_date":1680587544,"creation_date":1679741248,"last_edit_date":1680507220,"question_id":75841167,"content_license":"CC BY-SA 4.0","link":"https://stackoverflow.com/questions/75841167/next-js-pwa-not-showing-the-offline-page-when-the-user-goes-offline-for-the-firs","title":"Next JS PWA not showing the offline page when the user goes offline for the first time"},{"tags":["python","pandas"],"owner":{"account_id":341847,"reputation":5767,"user_id":673600,"user_type":"registered","accept_rate":69,"profile_image":"https://i.stack.imgur.com/HBWEo.jpg?s=256&g=1","display_name":"disruptive","link":"https://stackoverflow.com/users/673600/disruptive"},"is_answered":false,"view_count":96,"answer_count":0,"score":1,"last_activity_date":1679752657,"creation_date":1679741046,"last_edit_date":1679752657,"question_id":75841155,"content_license":"CC BY-SA 4.0","link":"https://stackoverflow.com/questions/75841155/making-a-pandas-dataframe-allowable-for-an-update-by-reference-after-a-filter","title":"Making a Pandas DataFrame allowable for an update by reference after a filter"},{"tags":["pine-script","pine-script-v5"],"owner":{"account_id":25306566,"reputation":85,"user_id":19129996,"user_type":"registered","profile_image":"https://graph.facebook.com/1472157289905569/picture?type=large","display_name":"Bruce Ecurb","link":"https://stackoverflow.com/users/19129996/bruce-ecurb"},"is_answered":true,"view_count":287,"accepted_answer_id":75841303,"answer_count":1,"score":0,"last_activity_date":1679743502,"creation_date":1679741042,"last_edit_date":1679743502,"question_id":75841154,"content_license":"CC BY-SA 4.0","link":"https://stackoverflow.com/questions/75841154/using-plotcandle-with-condition","title":"Using Plotcandle with condition"},{"tags":["mysql","spring-boot","spring-data-jpa","mysql-connector"],"owner":{"account_id":25792323,"reputation":11,"user_id":19536187,"user_type":"registered","profile_image":"https://lh3.googleusercontent.com/a/AItbvmmKlft6QkfXF2yKYzs6ym6bW9ELCOmass-cJ4M=k-s256","display_name":"Aishwarya Bibinagar","link":"https://stackoverflow.com/users/19536187/aishwarya-bibinagar"},"is_answered":false,"view_count":173,"answer_count":0,"score":0,"last_activity_date":1679901029,"creation_date":1679740983,"last_edit_date":1679901029,"question_id":75841147,"content_license":"CC BY-SA 4.0","link":"https://stackoverflow.com/questions/75841147/my-spring-boot-app-doesnt-connect-to-mysql","title":"My spring boot app doesn&#39;t connect to MySQL"},{"tags":["excel","vba","excel-formula","excel-2010"],"owner":{"account_id":26307264,"reputation":13,"user_id":19971502,"user_type":"registered","profile_image":"https://lh3.googleusercontent.com/a-/AFdZucp-gT2q0TRGTOEnuYRh-8lUg65JjQjEKWxKeuO9CA=k-s256","display_name":"Itzme ram","link":"https://stackoverflow.com/users/19971502/itzme-ram"},"is_answered":true,"view_count":49,"accepted_answer_id":75847779,"answer_count":1,"score":0,"last_activity_date":1679834105,"creation_date":1679740936,"last_edit_date":1679741793,"question_id":75841143,"content_license":"CC BY-SA 4.0","link":"https://stackoverflow.com/questions/75841143/while-working-on-worksheet-events-in-excel-vba-inputbox-is-not-working-and-remai","title":"While working on worksheet events in Excel vba Inputbox is not working and remaining cells other than intersect I could not update color also"},{"tags":["jquery","django","jquery-validate"],"owner":{"account_id":19992471,"reputation":3,"user_id":14653169,"user_type":"registered","profile_image":"https://www.gravatar.com/avatar/ebcfa14f95f1b942946e83e6635c638b?s=256&d=identicon&r=PG&f=y&so-version=2","display_name":"Ali","link":"https://stackoverflow.com/users/14653169/ali"},"is_answered":false,"view_count":22,"closed_date":1679939032,"answer_count":0,"score":0,"last_activity_date":1679741632,"creation_date":1679740922,"last_edit_date":1679741632,"question_id":75841141,"link":"https://stackoverflow.com/questions/75841141/jquery-remote-validate-not-working-with-django-url","closed_reason":"Duplicate","title":"jQuery remote validate not working with django url"}],"has_more":true,"quota_max":300,"quota_remaining":138}