{"items":[{"tags":["html"],"owner":{"account_id":19803665,"reputation":95,"user_id":14504037,"user_type":"registered","profile_image":"https://www.gravatar.com/avatar/c98ae459a4263b093d82ffbf46e81c2f?s=256&d=identicon&r=PG&f=y&so-version=2","display_name":"MaryAnn","link":"https://stackoverflow.com/users/14504037/maryann"},"is_answered":false,"view_count":32,"closed_date":1686640819,"answer_count":0,"score":0,"last_activity_date":1686631695,"creation_date":1686628799,"last_edit_date":1686631695,"question_id":76461613,"link":"https://stackoverflow.com/questions/76461613/is-it-possible-to-add-mailto-body-lengths","closed_reason":"Duplicate","title":"Is it possible to add mailto body lengths?"},{"tags":["google-cloud-run"],"owner":{"account_id":208684,"reputation":7963,"user_id":459329,"user_type":"registered","accept_rate":93,"profile_image":"https://i.stack.imgur.com/tZlw1.jpg?s=256&g=1","display_name":"Patrick","link":"https://stackoverflow.com/users/459329/patrick"},"is_answered":true,"view_count":244,"accepted_answer_id":76485737,"answer_count":1,"score":0,"last_activity_date":1686865742,"creation_date":1686628661,"question_id":76461608,"content_license":"CC BY-SA 4.0","link":"https://stackoverflow.com/questions/76461608/cloud-run-jobs-with-tasks-from-database","title":"Cloud Run Jobs with tasks from database?"},{"tags":["asp.net-core","caching","redis"],"owner":{"account_id":4408243,"reputation":11868,"user_id":3591953,"user_type":"registered","accept_rate":71,"profile_image":"https://www.gravatar.com/avatar/3a2053836a8b7259fc79c7836d372386?s=256&d=identicon&r=PG&f=y&so-version=2","display_name":"g_b","link":"https://stackoverflow.com/users/3591953/g-b"},"is_answered":false,"view_count":45,"answer_count":0,"score":0,"last_activity_date":1686628635,"creation_date":1686628635,"question_id":76461605,"content_license":"CC BY-SA 4.0","link":"https://stackoverflow.com/questions/76461605/how-do-you-update-cached-objects-when-other-apis-also-return-the-cached-object-a","title":"How do you update cached objects when other APIs also return the cached object as part of the response?"},{"tags":["vb.net","textbox","user-controls","setfocus"],"owner":{"account_id":22516371,"reputation":693,"user_id":16710542,"user_type":"registered","profile_image":"https://lh3.googleusercontent.com/a/AATXAJz75DJCOYyH__CxotA_qDrO8Gsw3-i_CF5Rm9fO=k-s256","display_name":"roy","link":"https://stackoverflow.com/users/16710542/roy"},"is_answered":false,"view_count":37,"answer_count":0,"score":0,"last_activity_date":1686639104,"creation_date":1686628613,"last_edit_date":1686639104,"question_id":76461604,"content_license":"CC BY-SA 4.0","link":"https://stackoverflow.com/questions/76461604/how-to-create-a-focus-and-select-barcode-textbox-in-the-usercontrol-form-in-vb-n","title":"How to Create a Focus and Select Barcode Textbox in the UserControl Form in vb.net"},{"tags":["python","node.js","dockerfile"],"owner":{"account_id":28809142,"reputation":11,"user_id":22064279,"user_type":"registered","profile_image":"https://lh3.googleusercontent.com/a/AAcHTtfJfdMEX7_ur2NhEoPvjay10cGi0OvZqFWySYQoXA=k-s256","display_name":"Charlie_57","link":"https://stackoverflow.com/users/22064279/charlie-57"},"is_answered":false,"view_count":23,"answer_count":0,"score":1,"last_activity_date":1686635126,"creation_date":1686628536,"last_edit_date":1686635126,"question_id":76461600,"content_license":"CC BY-SA 4.0","link":"https://stackoverflow.com/questions/76461600/docker-no-module-found","title":"Docker no module found"},{"tags":["python","pandas"],"owner":{"account_id":15310011,"reputation":229,"user_id":11045591,"user_type":"registered","profile_image":"https://www.gravatar.com/avatar/2059fecd7361dcfe8484a70bc22a6c20?s=256&d=identicon&r=PG&f=y&so-version=2","display_name":"Boomer","link":"https://stackoverflow.com/users/11045591/boomer"},"is_answered":true,"view_count":25,"accepted_answer_id":76461660,"answer_count":1,"score":1,"last_activity_date":1686629805,"creation_date":1686628406,"question_id":76461597,"content_license":"CC BY-SA 4.0","link":"https://stackoverflow.com/questions/76461597/concatenate-join-string-onto-itself-x-number-of-times-based-on-column-value-sep","title":"concatenate/ Join string onto itself X number of times based on column value separated by the character &quot;|&quot; (pipe)"},{"tags":["python","selenium-webdriver","exception","selenium-chromedriver"],"owner":{"account_id":26727216,"reputation":63,"user_id":20330166,"user_type":"registered","profile_image":"https://i.stack.imgur.com/VXfWd.jpg?s=256&g=1","display_name":"startrek-07","link":"https://stackoverflow.com/users/20330166/startrek-07"},"is_answered":true,"view_count":63887,"accepted_answer_id":76463081,"answer_count":3,"score":6,"last_activity_date":1701770671,"creation_date":1686628350,"last_edit_date":1692197194,"question_id":76461596,"content_license":"CC BY-SA 4.0","link":"https://stackoverflow.com/questions/76461596/unable-to-use-selenium-webdriver-getting-two-exceptions","title":"Unable to use Selenium Webdriver. Getting two exceptions"},{"tags":["r","kable","kableextra"],"owner":{"account_id":24122273,"reputation":85,"user_id":18091236,"user_type":"registered","profile_image":"https://www.gravatar.com/avatar/cd749436a0b5a8fcefa0189cee9b6413?s=256&d=identicon&r=PG","display_name":"Bruce James","link":"https://stackoverflow.com/users/18091236/bruce-james"},"is_answered":true,"view_count":160,"accepted_answer_id":76462191,"answer_count":1,"score":1,"last_activity_date":1686643929,"creation_date":1686628337,"question_id":76461593,"content_license":"CC BY-SA 4.0","link":"https://stackoverflow.com/questions/76461593/kables-collapse-rows-and-border","title":"kable&#39;s collapse_rows() and border"},{"tags":["c++"],"owner":{"account_id":21618729,"reputation":1,"user_id":15944109,"user_type":"registered","profile_image":"https://lh3.googleusercontent.com/a/AATXAJxGrt-FgZs1xw-SiFkWqZ9gLiyUS5fmaW0loN9j=k-s256","display_name":"dbor12","link":"https://stackoverflow.com/users/15944109/dbor12"},"is_answered":true,"view_count":48,"accepted_answer_id":76461625,"answer_count":1,"score":-1,"last_activity_date":1686629045,"creation_date":1686628328,"question_id":76461591,"content_license":"CC BY-SA 4.0","link":"https://stackoverflow.com/questions/76461591/array-of-object-with-variables-x-and-y-of-type-double-when-one-equals-1-0000-doe","title":"Array of object with variables x and y of type double when one equals 1.0000 does not work and gives no error"},{"tags":["facebook-graph-api","facebook-javascript-sdk"],"owner":{"account_id":4993351,"reputation":982,"user_id":4014834,"user_type":"registered","accept_rate":67,"profile_image":"https://lh3.googleusercontent.com/-XdUIqdMkCWA/AAAAAAAAAAI/AAAAAAAAAAA/4252rscbv5M/photo.jpg?sz=256","display_name":"Daveh0","link":"https://stackoverflow.com/users/4014834/daveh0"},"is_answered":false,"view_count":27,"answer_count":0,"score":0,"last_activity_date":1686628193,"creation_date":1686628193,"question_id":76461587,"content_license":"CC BY-SA 4.0","link":"https://stackoverflow.com/questions/76461587/getting-facebook-post-content-data-using-javascript-sdk","title":"Getting Facebook post content/data using Javascript SDK"},{"tags":["r","dataframe","filter"],"owner":{"account_id":18800168,"reputation":67,"user_id":13710661,"user_type":"registered","profile_image":"https://lh6.googleusercontent.com/-zEnsiria8mQ/AAAAAAAAAAI/AAAAAAAAAAA/AMZuuckiL3DiX4KeBRGU5dTj86eh1QL2tQ/photo.jpg?sz=256","display_name":"Tess","link":"https://stackoverflow.com/users/13710661/tess"},"is_answered":false,"view_count":13,"closed_date":1686628497,"answer_count":0,"score":0,"last_activity_date":1686628526,"creation_date":1686628118,"last_edit_date":1686628526,"question_id":76461585,"link":"https://stackoverflow.com/questions/76461585/subsetting-data-that-do-not-have-missing-values-in-multiple-rows","closed_reason":"Duplicate","title":"Subsetting data that do not have missing values in multiple rows"},{"tags":["r","group-by"],"owner":{"account_id":28809023,"reputation":13,"user_id":22064185,"user_type":"registered","profile_image":"https://i.stack.imgur.com/aVKKn.png?s=256&g=1","display_name":"leslie","link":"https://stackoverflow.com/users/22064185/leslie"},"is_answered":true,"view_count":24,"accepted_answer_id":76461598,"answer_count":1,"score":0,"last_activity_date":1686628455,"creation_date":1686628092,"question_id":76461584,"content_license":"CC BY-SA 4.0","link":"https://stackoverflow.com/questions/76461584/numbering-the-group-after-group-by-column-in-r","title":"Numbering the group after group by column in R"},{"tags":["mysql"],"owner":{"account_id":10938945,"reputation":149,"user_id":8039518,"user_type":"registered","accept_rate":62,"profile_image":"https://lh3.googleusercontent.com/-wJcNo1jxNDY/AAAAAAAAAAI/AAAAAAAAADw/PQMipgexuk0/photo.jpg?sz=256","display_name":"Rachmad","link":"https://stackoverflow.com/users/8039518/rachmad"},"is_answered":false,"view_count":37,"answer_count":1,"score":-1,"last_activity_date":1686640541,"creation_date":1686628046,"last_edit_date":1686628284,"question_id":76461583,"content_license":"CC BY-SA 4.0","link":"https://stackoverflow.com/questions/76461583/how-to-display-mysql-table-record-with-join-3-tables","title":"How to display mysql table record with join 3 tables?"},{"tags":["javascript","html","css","dom","dom-events"],"owner":{"account_id":28659389,"reputation":1,"user_id":21944623,"user_type":"registered","profile_image":"https://www.gravatar.com/avatar/313a76c1b248e33788fb2240327621c4?s=256&d=identicon&r=PG&f=y&so-version=2","display_name":"Alex G.","link":"https://stackoverflow.com/users/21944623/alex-g"},"is_answered":false,"view_count":37,"answer_count":1,"score":0,"last_activity_date":1686628988,"creation_date":1686628033,"last_edit_date":1686628139,"question_id":76461582,"content_license":"CC BY-SA 4.0","link":"https://stackoverflow.com/questions/76461582/actual-image-of-url-not-appearing-when-clicking-submit-on-form","title":"Actual image of URL not appearing when clicking submit on form"},{"tags":["c","operating-system","malloc","heap-memory","posix"],"owner":{"account_id":28225556,"reputation":917,"user_id":21575627,"user_type":"registered","profile_image":"https://lh3.googleusercontent.com/a/AGNmyxbJZvZGEJx-zYCFVo6_uygzI58u8JvseY-g_cGl=k-s256","display_name":"user129393192","link":"https://stackoverflow.com/users/21575627/user129393192"},"is_answered":false,"view_count":107,"answer_count":1,"score":0,"last_activity_date":1686662057,"creation_date":1686627995,"last_edit_date":1686629458,"question_id":76461578,"content_license":"CC BY-SA 4.0","link":"https://stackoverflow.com/questions/76461578/how-can-i-allocate-and-manage-my-own-heap-not-dynamically-allocating","title":"How can I allocate and manage my own heap (not dynamically allocating)?"},{"tags":["json","flutter","dart"],"owner":{"account_id":28717933,"reputation":27,"user_id":21992191,"user_type":"registered","profile_image":"https://lh3.googleusercontent.com/a/AAcHTtcQOs_OCzchBTwBTfaGc1ZTtfrN30OwCmA8Bb3p=k-s256","display_name":"user21992191","link":"https://stackoverflow.com/users/21992191/user21992191"},"is_answered":false,"view_count":83,"answer_count":1,"score":1,"last_activity_date":1686644461,"creation_date":1686627983,"question_id":76461577,"content_license":"CC BY-SA 4.0","link":"https://stackoverflow.com/questions/76461577/insert-json-data-in-table-of-sql-and-display-it-in-flutter","title":"Insert json data in table of sql and display it in flutter"},{"tags":["livesearch","magento-ee"],"owner":{"account_id":11211770,"reputation":1,"user_id":22045766,"user_type":"registered","profile_image":"https://www.gravatar.com/avatar/fa5764b5ee7afe97b5a925b24c4fa229?s=256&d=identicon&r=PG&f=y&so-version=2","display_name":"Văn Thanh Nguyễn","link":"https://stackoverflow.com/users/22045766/v%c4%83n-thanh-nguy%e1%bb%85n"},"is_answered":false,"view_count":76,"answer_count":1,"score":0,"last_activity_date":1692206134,"creation_date":1686627971,"question_id":76461576,"content_license":"CC BY-SA 4.0","link":"https://stackoverflow.com/questions/76461576/how-to-sync-and-get-adobe-custom-attributes-in-api-productsearch-of-live-search","title":"how to sync and get adobe custom_attributes in api productSearch of Live Search"},{"tags":["c#"],"owner":{"account_id":451801,"reputation":1,"user_id":847881,"user_type":"registered","accept_rate":66,"profile_image":"https://www.gravatar.com/avatar/00937cabb32af54d9f127dbaa938e9c9?s=256&d=identicon&r=PG","display_name":"Daniel Lip","link":"https://stackoverflow.com/users/847881/daniel-lip"},"is_answered":false,"view_count":51,"closed_date":1686631710,"answer_count":2,"score":-2,"last_activity_date":1686660401,"creation_date":1686627943,"question_id":76461575,"link":"https://stackoverflow.com/questions/76461575/how-to-generate-int-array-of-256-values-inside","closed_reason":"Duplicate","title":"How to generate int array of 256 values inside?"},{"tags":["security"],"owner":{"account_id":28776784,"reputation":1,"user_id":22039226,"user_type":"registered","profile_image":"https://lh3.googleusercontent.com/a/AAcHTtfU6edlTtiECSih2P3rFdpv0l8X83OMAL3v2X8P=k-s256","display_name":"KaeleeNaevah","link":"https://stackoverflow.com/users/22039226/kaeleenaevah"},"is_answered":false,"view_count":11,"answer_count":0,"score":0,"last_activity_date":1686627934,"creation_date":1686627934,"question_id":76461573,"content_license":"CC BY-SA 4.0","link":"https://stackoverflow.com/questions/76461573/how-to-securely-handle-user-input-in-airline-management-system-and-store-in-data","title":"How to securely handle user input in airline management system and store in database? Need help identifying and resolving issue"},{"tags":["javascript","reactjs","arrays","for-loop","object"],"owner":{"account_id":28021681,"reputation":31,"user_id":21402378,"user_type":"registered","profile_image":"https://www.gravatar.com/avatar/4d879aed86ea8ca96180cd42439d282a?s=256&d=identicon&r=PG&f=y&so-version=2","display_name":"Codelearn","link":"https://stackoverflow.com/users/21402378/codelearn"},"is_answered":false,"view_count":46,"answer_count":0,"score":1,"last_activity_date":1686632041,"creation_date":1686627828,"last_edit_date":1686632041,"question_id":76461570,"content_license":"CC BY-SA 4.0","link":"https://stackoverflow.com/questions/76461570/update-the-array-object-by-same-id-and-result-of-arrobject-value-should-be-in-se","title":"Update the array object by same id and result of arrobject value should be in sequential order in javascript"},{"tags":["python","antlr"],"owner":{"account_id":23965709,"reputation":3,"user_id":17955241,"user_type":"registered","profile_image":"https://lh3.googleusercontent.com/a/AATXAJxTyUPBa3TAS85EuNBnkwiZBxbWcqclHocmuvtU=k-s256","display_name":"lộc l&#234;","link":"https://stackoverflow.com/users/17955241/l%e1%bb%99c-l%c3%aa"},"is_answered":true,"view_count":169,"accepted_answer_id":76461907,"answer_count":1,"score":-1,"last_activity_date":1686634056,"creation_date":1686627768,"question_id":76461567,"content_license":"CC BY-SA 4.0","link":"https://stackoverflow.com/questions/76461567/import-antlr4-could-not-be-resolved","title":"Import &quot;antlr4&quot; could not be resolved"},{"tags":["bootstrap-datepicker"],"owner":{"account_id":12307721,"reputation":1,"user_id":8980242,"user_type":"registered","profile_image":"https://www.gravatar.com/avatar/fd6025b9c84f287f96516d6d6ba42c34?s=256&d=identicon&r=PG&f=y&so-version=2","display_name":"Hein Htet Ko","link":"https://stackoverflow.com/users/8980242/hein-htet-ko"},"is_answered":false,"view_count":33,"answer_count":1,"score":0,"last_activity_date":1693408843,"creation_date":1686627732,"question_id":76461563,"content_license":"CC BY-SA 4.0","link":"https://stackoverflow.com/questions/76461563/how-to-auto-select-current-date-or-selected-date-in-bootstrap-datepicker","title":"how to auto select current date or selected date in bootstrap datepicker"},{"tags":["python","aws-lambda","dependencies","pypi"],"owner":{"account_id":28708552,"reputation":13,"user_id":21984466,"user_type":"registered","profile_image":"https://lh3.googleusercontent.com/a/AAcHTteDlpnvMYWtCXca3Tx3TyBJ-6fcwqIAyrve83zi=k-s256","display_name":"coolbeans","link":"https://stackoverflow.com/users/21984466/coolbeans"},"is_answered":true,"view_count":61,"accepted_answer_id":76592884,"answer_count":1,"score":0,"last_activity_date":1688172858,"creation_date":1686627707,"question_id":76461561,"content_license":"CC BY-SA 4.0","link":"https://stackoverflow.com/questions/76461561/how-do-i-download-whl-files-more-efficiently","title":"How do I download WHL files more efficiently?"},{"tags":["keycloak","upgrade"],"owner":{"account_id":12775282,"reputation":1,"user_id":13227818,"user_type":"registered","profile_image":"https://www.gravatar.com/avatar/a77fe492bddd253efa6e6b87ec6d632c?s=256&d=identicon&r=PG&f=y&so-version=2","display_name":"dhanu","link":"https://stackoverflow.com/users/13227818/dhanu"},"is_answered":false,"view_count":308,"answer_count":0,"score":0,"last_activity_date":1686632316,"creation_date":1686627669,"last_edit_date":1686632316,"question_id":76461558,"content_license":"CC BY-SA 4.0","link":"https://stackoverflow.com/questions/76461558/upgrading-keycloak-version-from-16-to-18-but-database-not-getting-migrated-to","title":"Upgrading Keycloak version from 16 to 18 , but database not getting migrated to latest version"},{"tags":["java","spring-boot","tomcat","hosting"],"owner":{"account_id":20209390,"reputation":5,"user_id":14822787,"user_type":"registered","profile_image":"https://lh3.googleusercontent.com/-JZvdjaTy9AM/AAAAAAAAAAI/AAAAAAAAAAA/AMZuucmSa5lTYQg039f-6sP_XdYMLvzQYQ/s96-c/photo.jpg?sz=256","display_name":"Abdullah Howard","link":"https://stackoverflow.com/users/14822787/abdullah-howard"},"is_answered":true,"view_count":76,"accepted_answer_id":76531581,"answer_count":1,"score":0,"last_activity_date":1687850741,"creation_date":1686627492,"last_edit_date":1686830681,"question_id":76461552,"content_license":"CC BY-SA 4.0","link":"https://stackoverflow.com/questions/76461552/my-springboot-application-works-fine-on-my-local-server-but-returns-404-when-hos","title":"My Springboot Application works fine on my Local Server but returns 404 when hosted to my DailyRazor Tomcat Server"},{"tags":["sql","delphi","ado","pervasive"],"owner":{"account_id":9031123,"reputation":61,"user_id":6728684,"user_type":"registered","profile_image":"https://www.gravatar.com/avatar/7cce229298adab1cd647d66838126e38?s=256&d=identicon&r=PG&f=y&so-version=2","display_name":"MarkW","link":"https://stackoverflow.com/users/6728684/markw"},"is_answered":true,"view_count":55,"answer_count":1,"score":1,"last_activity_date":1686659706,"creation_date":1686627484,"question_id":76461551,"content_license":"CC BY-SA 4.0","link":"https://stackoverflow.com/questions/76461551/using-ado-code-to-add-a-udf-to-pervasive-database","title":"Using ADO code to add a UDF to Pervasive database"},{"tags":["c++","segmentation-fault","global-variables","gtk","gtkmm"],"owner":{"account_id":21866301,"reputation":3740,"user_id":16217248,"user_type":"registered","profile_image":"https://www.gravatar.com/avatar/209da45424173a712f4e2fa97f7c67b3?s=256&d=identicon&r=PG&f=y&so-version=2","display_name":"user16217248","link":"https://stackoverflow.com/users/16217248/user16217248"},"is_answered":true,"view_count":57,"accepted_answer_id":76473100,"answer_count":1,"score":1,"last_activity_date":1686742552,"creation_date":1686627480,"question_id":76461550,"content_license":"CC BY-SA 4.0","link":"https://stackoverflow.com/questions/76461550/why-can-i-not-declare-a-top-level-gtkmm-objects","title":"Why can I not declare a top-level GTKMM objects?"},{"tags":["mysql","database","mariadb"],"owner":{"account_id":26303351,"reputation":5,"user_id":19968285,"user_type":"registered","profile_image":"https://www.gravatar.com/avatar/0c42afe32e7b58253f4c1f31e2c919ea?s=256&d=identicon&r=PG","display_name":"Chezar","link":"https://stackoverflow.com/users/19968285/chezar"},"is_answered":true,"view_count":37,"accepted_answer_id":76461654,"answer_count":2,"score":0,"last_activity_date":1686629701,"creation_date":1686627406,"last_edit_date":1686627477,"question_id":76461546,"content_license":"CC BY-SA 4.0","link":"https://stackoverflow.com/questions/76461546/how-to-prevent-events-from-inserting-data-that-already-exists-in-sql","title":"how to prevent events from inserting data that already exists in sql"},{"tags":["linux","npm","amazon-ec2","github-actions","pm2"],"owner":{"account_id":19977003,"reputation":1,"user_id":14641039,"user_type":"registered","profile_image":"https://lh3.googleusercontent.com/a-/AOh14GjEjUgn-dzMPsx3mSlB8OWxIeGrYJCUHGtLiVI=k-s256","display_name":"Akrur Neupane","link":"https://stackoverflow.com/users/14641039/akrur-neupane"},"is_answered":false,"view_count":195,"answer_count":1,"score":0,"last_activity_date":1692623559,"creation_date":1686627357,"question_id":76461545,"content_license":"CC BY-SA 4.0","link":"https://stackoverflow.com/questions/76461545/npm-pm2-command-not-found-while-running-github-actions-on-ec2","title":"npm, pm2 command not found while running github actions on ec2"},{"tags":["statistics","anova"],"owner":{"account_id":28809000,"reputation":1,"user_id":22064167,"user_type":"registered","profile_image":"https://lh3.googleusercontent.com/a/AAcHTtfCUlYJPDLiClD11x-ELUHb1cvUlbFQh8PSgUvi=k-s256","display_name":"Gray","link":"https://stackoverflow.com/users/22064167/gray"},"is_answered":false,"view_count":23,"answer_count":0,"score":0,"last_activity_date":1686627277,"creation_date":1686627277,"question_id":76461541,"content_license":"CC BY-SA 4.0","link":"https://stackoverflow.com/questions/76461541/multiple-comparison-violating-the-assumption-of-homoscedasticity","title":"Multiple comparison violating the assumption of homoscedasticity"}],"has_more":true,"quota_max":300,"quota_remaining":299}