{"items":[{"tags":[".net-core","asp.net-identity","http-put","usermanager"],"owner":{"account_id":28215412,"reputation":1,"user_id":21567025,"user_type":"registered","profile_image":"https://www.gravatar.com/avatar/e0292e2dfeffc653db5d67496b0ff9bf?s=256&d=identicon&r=PG&f=y&so-version=2","display_name":"Chuck Duncan","link":"https://stackoverflow.com/users/21567025/chuck-duncan"},"is_answered":false,"view_count":37,"answer_count":0,"score":0,"last_activity_date":1686347977,"creation_date":1686347977,"question_id":76443876,"content_license":"CC BY-SA 4.0","link":"https://stackoverflow.com/questions/76443876/how-to-tell-dotnet-core-version-7-usermanager-to-update-its-security-certificat","title":"how to tell dotnet core version 7 UserManager to update it&#39;s security certificate to a new key"},{"tags":["python","selenium-webdriver"],"owner":{"account_id":28790409,"reputation":1,"user_id":22049913,"user_type":"registered","profile_image":"https://lh3.googleusercontent.com/a/AAcHTtf48m6Rhdh4XDgYL3l4ZQ_2CXYS1VN0rOEoS9V8=k-s256","display_name":"Eric Liu","link":"https://stackoverflow.com/users/22049913/eric-liu"},"is_answered":false,"view_count":11,"answer_count":0,"score":0,"last_activity_date":1686347955,"creation_date":1686347955,"question_id":76443874,"content_license":"CC BY-SA 4.0","link":"https://stackoverflow.com/questions/76443874/staleelementreferenceexception-and-elementclickinterceptedexception-in-python-se","title":"StaleElementReferenceException and ElementClickInterceptedException in Python Selenium, when sending job applications to LinkedIn"},{"tags":["python","kivy"],"owner":{"account_id":28790503,"reputation":1,"user_id":22049990,"user_type":"registered","profile_image":"https://graph.facebook.com/2421143074725885/picture?type=large","display_name":"Vinicius ","link":"https://stackoverflow.com/users/22049990/vinicius"},"is_answered":false,"view_count":25,"answer_count":1,"score":0,"last_activity_date":1686354344,"creation_date":1686347930,"question_id":76443873,"content_license":"CC BY-SA 4.0","link":"https://stackoverflow.com/questions/76443873/attributeerror-how-can-i-change-the-color-of-the-circle-kv","title":"AttributeError How can i change the color of the circle Kv"},{"tags":["mongodb","next.js","next-auth"],"owner":{"account_id":14327463,"reputation":2987,"user_id":10349152,"user_type":"registered","profile_image":"https://www.gravatar.com/avatar/4a406532c4ca944255cf347a41ebfcca?s=256&d=identicon&r=PG&f=y&so-version=2","display_name":"kevin","link":"https://stackoverflow.com/users/10349152/kevin"},"is_answered":false,"view_count":88,"answer_count":2,"score":0,"last_activity_date":1686439411,"creation_date":1686347845,"last_edit_date":1686348973,"question_id":76443869,"content_license":"CC BY-SA 4.0","link":"https://stackoverflow.com/questions/76443869/should-i-perform-database-lookups-within-nextauth-authoptions-callbacks","title":"Should I perform database lookups within NextAuth authOptions.callbacks?"},{"tags":["quarkus","spring-hateoas","hateoas"],"owner":{"account_id":1752629,"reputation":41,"user_id":1601373,"user_type":"registered","profile_image":"https://www.gravatar.com/avatar/0d664db8599fe84bfea8c3ec4e94bb37?s=256&d=identicon&r=PG","display_name":"user1601373","link":"https://stackoverflow.com/users/1601373/user1601373"},"is_answered":true,"view_count":489,"answer_count":1,"score":1,"last_activity_date":1686554362,"creation_date":1686347794,"last_edit_date":1686494662,"question_id":76443867,"content_license":"CC BY-SA 4.0","link":"https://stackoverflow.com/questions/76443867/how-to-implement-hateoas-in-quarkus","title":"How to implement hateoas in Quarkus"},{"tags":["angular","rxjs"],"owner":{"account_id":28759779,"reputation":33,"user_id":22025948,"user_type":"registered","profile_image":"https://www.gravatar.com/avatar/dfc67f007ddbb02b55515d1c72ad4d34?s=256&d=identicon&r=PG&f=y&so-version=2","display_name":"Rakh","link":"https://stackoverflow.com/users/22025948/rakh"},"is_answered":true,"view_count":53,"accepted_answer_id":76443931,"answer_count":1,"score":0,"last_activity_date":1686348878,"creation_date":1686347743,"question_id":76443865,"content_license":"CC BY-SA 4.0","link":"https://stackoverflow.com/questions/76443865/why-i-get-undefind-data-outside-of-subscribe-in-angular","title":"Why I get undefind data outside of subscribe in angular"},{"tags":["android","kotlin","android-jetpack-compose"],"owner":{"account_id":14727275,"reputation":941,"user_id":10635762,"user_type":"registered","profile_image":"https://i.stack.imgur.com/X3zC6.jpg?s=256&g=1","display_name":"Saeed Noshadi","link":"https://stackoverflow.com/users/10635762/saeed-noshadi"},"is_answered":false,"view_count":304,"answer_count":0,"score":0,"last_activity_date":1686382070,"creation_date":1686347741,"last_edit_date":1686382070,"question_id":76443864,"content_license":"CC BY-SA 4.0","link":"https://stackoverflow.com/questions/76443864/custom-textfield-with-no-label-animation-in-jetpack-compose","title":"Custom textField with no label animation in jetpack compose"},{"tags":["kubernetes","apache-kafka"],"owner":{"account_id":8936007,"reputation":1340,"user_id":6735277,"user_type":"registered","profile_image":"https://lh3.googleusercontent.com/-qqOPhSc5o8Y/AAAAAAAAAAI/AAAAAAAAABE/Degk2MQJG1s/photo.jpg?sz=256","display_name":"Roberto","link":"https://stackoverflow.com/users/6735277/roberto"},"is_answered":true,"view_count":81,"accepted_answer_id":76444299,"answer_count":1,"score":0,"last_activity_date":1686357883,"creation_date":1686347721,"last_edit_date":1686357883,"question_id":76443860,"content_license":"CC BY-SA 4.0","link":"https://stackoverflow.com/questions/76443860/how-to-connect-application-to-kafka-pod-in-k8s","title":"How to connect application to kafka pod in k8s?"},{"tags":["python","multithreading","flask","global-variables"],"owner":{"account_id":13136278,"reputation":11,"user_id":10899297,"user_type":"registered","profile_image":"https://lh3.googleusercontent.com/-F7ZoHnF0Y2Y/AAAAAAAAAAI/AAAAAAAABus/RPZw3GRP1dE/photo.jpg?sz=256","display_name":"William Wang","link":"https://stackoverflow.com/users/10899297/william-wang"},"is_answered":false,"view_count":79,"answer_count":1,"score":1,"last_activity_date":1686781244,"creation_date":1686347696,"last_edit_date":1686347772,"question_id":76443857,"content_license":"CC BY-SA 4.0","link":"https://stackoverflow.com/questions/76443857/python-global-variable-changes-by-itself-weirdly-in-a-flask-server","title":"Python global variable changes by itself weirdly in a flask server"},{"tags":["python","numpy"],"owner":{"account_id":9694556,"reputation":144,"user_id":7191473,"user_type":"registered","profile_image":"https://www.gravatar.com/avatar/3106c2bbb329b2c8188c534759770961?s=256&d=identicon&r=PG&f=y&so-version=2","display_name":"Konstantin Kostanzhoglo","link":"https://stackoverflow.com/users/7191473/konstantin-kostanzhoglo"},"is_answered":true,"view_count":334,"accepted_answer_id":76443937,"answer_count":6,"score":2,"last_activity_date":1696430811,"creation_date":1686347623,"last_edit_date":1686349010,"question_id":76443854,"content_license":"CC BY-SA 4.0","link":"https://stackoverflow.com/questions/76443854/how-to-find-a-number-of-occurrences-of-every-element-of-a-numpy-array","title":"How to find a number of occurrences of every element of a numpy array?"},{"tags":["maya"],"owner":{"account_id":28790426,"reputation":11,"user_id":22049927,"user_type":"registered","profile_image":"https://lh3.googleusercontent.com/a/AAcHTte68ZqxZ7Id9567fU63wbZKaPry42aGXuEVx1JQ_w=k-s256","display_name":"Mauro Botero","link":"https://stackoverflow.com/users/22049927/mauro-botero"},"is_answered":false,"view_count":26,"answer_count":0,"score":1,"last_activity_date":1686347610,"creation_date":1686347610,"question_id":76443852,"content_license":"CC BY-SA 4.0","link":"https://stackoverflow.com/questions/76443852/autodesk-maya-channelbox-function-limitations","title":"Autodesk Maya channelBox() function limitations"},{"tags":["oracle","plsql","automation"],"owner":{"account_id":15391418,"reputation":1,"user_id":11104019,"user_type":"registered","profile_image":"https://lh4.googleusercontent.com/-CDtLr85jld8/AAAAAAAAAAI/AAAAAAAAAAA/ACHi3rd_S1MMMWfGQCWdecLgHfnpeR-4Ag/mo/photo.jpg?sz=256","display_name":"Alois Jirasek","link":"https://stackoverflow.com/users/11104019/alois-jirasek"},"is_answered":true,"view_count":50,"answer_count":2,"score":0,"last_activity_date":1686430753,"creation_date":1686347586,"question_id":76443850,"content_license":"CC BY-SA 4.0","link":"https://stackoverflow.com/questions/76443850/auto-updated-foreign-table-keys-when-new-data-arrives-oracledb","title":"Auto updated foreign table keys when new data arrives (OracleDB)"},{"tags":["java","netbeans","idl","idlj"],"owner":{"account_id":28767811,"reputation":1,"user_id":22032284,"user_type":"registered","profile_image":"https://lh3.googleusercontent.com/a/AAcHTtd9MrHHQ0nvazfFVwuMtgWjH-ATXBGtLSYKKp_Xsg=k-s256","display_name":"Abdelkader Boumeddiene","link":"https://stackoverflow.com/users/22032284/abdelkader-boumeddiene"},"is_answered":false,"view_count":102,"answer_count":0,"score":0,"last_activity_date":1686381494,"creation_date":1686347518,"last_edit_date":1686381494,"question_id":76443843,"content_license":"CC BY-SA 4.0","link":"https://stackoverflow.com/questions/76443843/idlj-exe-not-found","title":"Idlj.exe not found"},{"tags":["azure","azure-purview"],"owner":{"account_id":1277077,"reputation":22495,"user_id":1232087,"user_type":"registered","accept_rate":60,"profile_image":"https://www.gravatar.com/avatar/5dd18aac5106e03afdffc1da755b1695?s=256&d=identicon&r=PG","display_name":"nam","link":"https://stackoverflow.com/users/1232087/nam"},"is_answered":true,"view_count":87,"accepted_answer_id":76470073,"answer_count":1,"score":0,"last_activity_date":1686715357,"creation_date":1686347508,"last_edit_date":1686447806,"question_id":76443842,"content_license":"CC BY-SA 4.0","link":"https://stackoverflow.com/questions/76443842/microsoft-purview-storage-account-scan-unable-to-select-all-containers","title":"Microsoft purview storage account scan - unable to select all containers"},{"tags":["android","kotlin","unit-testing","broadcastreceiver","mockk"],"owner":{"account_id":4731171,"reputation":328,"user_id":3826764,"user_type":"registered","accept_rate":67,"profile_image":"https://www.gravatar.com/avatar/104178c8dd7788c0611b7188f80343f5?s=256&d=identicon&r=PG&f=y&so-version=2","display_name":"user3826764","link":"https://stackoverflow.com/users/3826764/user3826764"},"is_answered":false,"view_count":108,"answer_count":0,"score":0,"last_activity_date":1686347501,"creation_date":1686347501,"question_id":76443841,"content_license":"CC BY-SA 4.0","link":"https://stackoverflow.com/questions/76443841/how-to-mock-anonymous-broadcast-receiver-for-android-unit-test-kotlin","title":"How to mock anonymous broadcast receiver for android unit test - kotlin"},{"tags":["android","xiaomi","miui"],"owner":{"account_id":13210586,"reputation":1,"user_id":22049993,"user_type":"registered","profile_image":"https://lh3.googleusercontent.com/-1G9QAgv5FwE/AAAAAAAAAAI/AAAAAAAAAvM/AQgMW4NePfQ/photo.jpg?sz=256","display_name":"Kader Mohideen","link":"https://stackoverflow.com/users/22049993/kader-mohideen"},"is_answered":false,"view_count":148,"answer_count":0,"score":0,"last_activity_date":1686347479,"creation_date":1686347479,"question_id":76443840,"content_license":"CC BY-SA 4.0","link":"https://stackoverflow.com/questions/76443840/sound-is-coming-out-both-in-speaker-and-bluetooth-earphones-after-end-a-call-aft","title":"Sound is coming out both in speaker and bluetooth earphones after end a call after using a call app"},{"tags":["python","pandas"],"owner":{"account_id":20740302,"reputation":87,"user_id":15230150,"user_type":"registered","profile_image":"https://i.stack.imgur.com/nKfXN.png?s=256&g=1","display_name":"pRo","link":"https://stackoverflow.com/users/15230150/pro"},"is_answered":true,"view_count":63,"accepted_answer_id":76445230,"answer_count":1,"score":0,"last_activity_date":1686394669,"creation_date":1686347470,"last_edit_date":1686388803,"question_id":76443838,"content_license":"CC BY-SA 4.0","link":"https://stackoverflow.com/questions/76443838/conditional-formatting-based-on-another-column","title":"Conditional formatting based on another column"},{"tags":["oracle","docker","docker-compose","database-metadata"],"owner":{"account_id":14709774,"reputation":1378,"user_id":10623444,"user_type":"registered","profile_image":"https://www.gravatar.com/avatar/f9f3340adddc3b3bf5f74dd60fb6f059?s=256&d=identicon&r=PG&f=y&so-version=2","display_name":"NikSp","link":"https://stackoverflow.com/users/10623444/niksp"},"is_answered":true,"view_count":280,"accepted_answer_id":76644154,"answer_count":1,"score":0,"last_activity_date":1688837084,"creation_date":1686347458,"question_id":76443836,"content_license":"CC BY-SA 4.0","link":"https://stackoverflow.com/questions/76443836/configuring-oracle-database-as-airflow-metadata-backend-db-does-not-create-airfl","title":"Configuring oracle database as airflow metadata backend db does not create airflow tables when deployed from docker"},{"tags":["python","aws-lambda"],"owner":{"account_id":13839843,"reputation":481,"user_id":9990469,"user_type":"registered","profile_image":"https://lh3.googleusercontent.com/-GthyopZAjTk/AAAAAAAAAAI/AAAAAAAAAAA/AB6qoq0nnYy92l-tgVw02Q1XImQakakQ3A/mo/photo.jpg?sz=256","display_name":"Chris","link":"https://stackoverflow.com/users/9990469/chris"},"is_answered":false,"view_count":851,"answer_count":2,"score":1,"last_activity_date":1693963949,"creation_date":1686347429,"question_id":76443834,"content_license":"CC BY-SA 4.0","link":"https://stackoverflow.com/questions/76443834/aws-lambda-python-3-10-no-module-named-cffi-backend","title":"AWS Lambda Python 3.10 - No module named &#39;_cffi_backend&#39;"},{"tags":["flutter"],"owner":{"account_id":3011901,"reputation":357,"user_id":2555197,"user_type":"registered","accept_rate":78,"profile_image":"https://i.stack.imgur.com/2IExe.jpg?s=256&g=1","display_name":"adv","link":"https://stackoverflow.com/users/2555197/adv"},"is_answered":false,"view_count":53,"answer_count":0,"score":0,"last_activity_date":1686347399,"creation_date":1686347399,"question_id":76443831,"content_license":"CC BY-SA 4.0","link":"https://stackoverflow.com/questions/76443831/lazy-loading-based-on-scale-or-size","title":"Lazy loading based on scale or size"},{"tags":["excel","ssis"],"owner":{"account_id":25904281,"reputation":79,"user_id":19629592,"user_type":"registered","profile_image":"https://www.gravatar.com/avatar/d27c433316b27093434eb3787b088451?s=256&d=identicon&r=PG","display_name":"SomekindaRazzmatazz","link":"https://stackoverflow.com/users/19629592/somekindarazzmatazz"},"is_answered":true,"view_count":41,"accepted_answer_id":76459756,"answer_count":1,"score":0,"last_activity_date":1686598090,"creation_date":1686347382,"question_id":76443829,"content_license":"CC BY-SA 4.0","link":"https://stackoverflow.com/questions/76443829/how-to-derive-excel-data-in-ssis-regardless-of-excel-column-name","title":"How to derive Excel data in SSIS regardless of excel column name?"},{"tags":["javascript","google-api","google-oauth"],"owner":{"account_id":1505586,"reputation":21,"user_id":8886949,"user_type":"registered","profile_image":"https://www.gravatar.com/avatar/3d1043116108b2074278cb799a66e2cf?s=256&d=identicon&r=PG&f=y&so-version=2","display_name":"user8886949","link":"https://stackoverflow.com/users/8886949/user8886949"},"is_answered":false,"view_count":123,"answer_count":0,"score":1,"last_activity_date":1692011970,"creation_date":1686347379,"question_id":76443828,"content_license":"CC BY-SA 4.0","link":"https://stackoverflow.com/questions/76443828/not-able-to-use-oauth-2-0-to-access-google-analytics-api-ga4","title":"Not able to use OAuth 2.0 to access Google Analytics API GA4"},{"tags":["c++","fmt"],"owner":{"account_id":1825565,"reputation":121,"user_id":1658476,"user_type":"registered","profile_image":"https://www.gravatar.com/avatar/533e2281f789001b706cce9573dc526d?s=256&d=identicon&r=PG","display_name":"user1658476","link":"https://stackoverflow.com/users/1658476/user1658476"},"is_answered":true,"view_count":562,"answer_count":1,"score":2,"last_activity_date":1686457240,"creation_date":1686347348,"question_id":76443826,"content_license":"CC BY-SA 4.0","link":"https://stackoverflow.com/questions/76443826/fmt-custom-formatting-for-vector-of-pairs","title":"fmt custom formatting for vector of pairs"},{"tags":["shell","ripgrep"],"owner":{"account_id":23886751,"reputation":496,"user_id":17886849,"user_type":"registered","profile_image":"https://www.gravatar.com/avatar/7b94da6cb41567947a565d12da62f7c6?s=256&d=identicon&r=PG","display_name":"Max Smirnov","link":"https://stackoverflow.com/users/17886849/max-smirnov"},"is_answered":false,"view_count":15,"answer_count":1,"score":0,"last_activity_date":1686421347,"creation_date":1686347176,"last_edit_date":1686421347,"question_id":76443816,"content_license":"CC BY-SA 4.0","link":"https://stackoverflow.com/questions/76443816/show-total-count-of-matches","title":"Show total count of matches"},{"tags":["gitlab-ci","gitlab-ci-runner"],"owner":{"account_id":2054280,"reputation":119,"user_id":9792263,"user_type":"registered","profile_image":"https://i.stack.imgur.com/NgCbm.png?s=256&g=1","display_name":"R1w","link":"https://stackoverflow.com/users/9792263/r1w"},"is_answered":false,"view_count":47,"answer_count":0,"score":0,"last_activity_date":1686347168,"creation_date":1686347168,"question_id":76443815,"content_license":"CC BY-SA 4.0","link":"https://stackoverflow.com/questions/76443815/implement-a-gitlab-runner-that-builds-in-one-vm-and-deploys-in-another-vm","title":"Implement a GitLab Runner that builds in one VM and deploys in another VM"},{"tags":["c#","razor-pages"],"owner":{"account_id":2588744,"reputation":800,"user_id":2243865,"user_type":"registered","accept_rate":72,"profile_image":"https://www.gravatar.com/avatar/32c60daf8fbec71c63b1e78e8ed38bc1?s=256&d=identicon&r=PG","display_name":"user3243135","link":"https://stackoverflow.com/users/2243865/user3243135"},"is_answered":true,"view_count":37,"answer_count":1,"score":1,"last_activity_date":1686377302,"creation_date":1686347119,"last_edit_date":1686347619,"question_id":76443814,"content_license":"CC BY-SA 4.0","link":"https://stackoverflow.com/questions/76443814/integer-bound-with-bindproperty-how-to-throw-error-instead-of-converting-to-0","title":"Integer bound with BindProperty: how to throw error instead of converting to 0?"},{"tags":["javascript","api","unicode","whatsapp","emoji"],"owner":{"account_id":2288480,"reputation":902,"user_id":2011985,"user_type":"registered","accept_rate":30,"profile_image":"https://www.gravatar.com/avatar/21885ff7796d5888cc2778c390bd147e?s=256&d=identicon&r=PG&f=y&so-version=2","display_name":"ChrisC","link":"https://stackoverflow.com/users/2011985/chrisc"},"is_answered":false,"view_count":102,"answer_count":0,"score":0,"last_activity_date":1686350597,"creation_date":1686347113,"last_edit_date":1686350597,"question_id":76443812,"content_license":"CC BY-SA 4.0","link":"https://stackoverflow.com/questions/76443812/trouble-using-unicode-characters-with-whatsapps-send-api","title":"Trouble using unicode characters with WhatsApp&#39;s send API"},{"tags":["javascript","jquery","django-forms","formset"],"owner":{"account_id":10790695,"reputation":1051,"user_id":7938295,"user_type":"registered","accept_rate":67,"profile_image":"https://graph.facebook.com/10211722729331365/picture?type=large","display_name":"Steve Smith","link":"https://stackoverflow.com/users/7938295/steve-smith"},"is_answered":false,"view_count":60,"answer_count":1,"score":-2,"last_activity_date":1686414282,"creation_date":1686347018,"question_id":76443811,"content_license":"CC BY-SA 4.0","link":"https://stackoverflow.com/questions/76443811/jquery-program-dynamically-loaded-events-arent-being-detected","title":"jQuery Program Dynamically Loaded Events Aren&#39;t Being Detected"},{"tags":["delphi","automation","pascal"],"owner":{"account_id":28790465,"reputation":1,"user_id":22049962,"user_type":"registered","profile_image":"https://lh3.googleusercontent.com/a/AAcHTtfePtG-Bv0UjOkgHoDNb59NqZhXKW7b6Q1F9DZh=k-s256","display_name":"user22049962","link":"https://stackoverflow.com/users/22049962/user22049962"},"is_answered":false,"view_count":169,"answer_count":1,"score":0,"last_activity_date":1689296841,"creation_date":1686346990,"question_id":76443810,"content_license":"CC BY-SA 4.0","link":"https://stackoverflow.com/questions/76443810/pascal-scripting-in-altium-designer-professional-getting-an-undeclared-identif","title":"Pascal Scripting in Altium Designer Professional: Getting an &quot;undeclared identifier&quot; error for a built-in method?"},{"tags":["react-native","react-native-reanimated-v2"],"owner":{"account_id":3247673,"reputation":70,"user_id":2738738,"user_type":"registered","accept_rate":75,"profile_image":"https://i.stack.imgur.com/QstgE.jpg?s=256&g=1","display_name":"warm__tape","link":"https://stackoverflow.com/users/2738738/warm-tape"},"is_answered":false,"view_count":232,"answer_count":0,"score":0,"last_activity_date":1686346978,"creation_date":1686346978,"question_id":76443809,"content_license":"CC BY-SA 4.0","link":"https://stackoverflow.com/questions/76443809/optimizing-a-react-native-reanimated-animation-for-low-end-devices","title":"Optimizing a react-native-reanimated animation for low end devices"}],"has_more":true,"quota_max":300,"quota_remaining":68}