{"items":[{"tags":["r"],"owner":{"account_id":13569859,"reputation":343,"user_id":9788900,"user_type":"registered","profile_image":"https://www.gravatar.com/avatar/6544e2f6c816fb0f64ee033bb85258f5?s=256&d=identicon&r=PG&f=y&so-version=2","display_name":"Callie","link":"https://stackoverflow.com/users/9788900/callie"},"is_answered":false,"view_count":54,"answer_count":3,"score":1,"last_activity_date":1685059054,"creation_date":1685051985,"last_edit_date":1685052618,"question_id":76336503,"content_license":"CC BY-SA 4.0","link":"https://stackoverflow.com/questions/76336503/print-only-filenames-which-contain-number","title":"print only filenames which contain number"},{"tags":["forms","methods","intersect"],"owner":{"account_id":11331242,"reputation":11,"user_id":8308721,"user_type":"registered","profile_image":"https://www.gravatar.com/avatar/ce2396b34d6de761a654f7120012fe51?s=256&d=identicon&r=PG&f=y&so-version=2","display_name":"Ray G.","link":"https://stackoverflow.com/users/8308721/ray-g"},"is_answered":false,"view_count":3,"answer_count":0,"score":0,"last_activity_date":1685051951,"creation_date":1685051951,"question_id":76336502,"content_license":"CC BY-SA 4.0","link":"https://stackoverflow.com/questions/76336502/intersect-method-does-not-appear-to-work-with-a-data-entry-form","title":"Intersect method does not appear to work with a Data Entry Form"},{"tags":["python"],"owner":{"account_id":28681731,"reputation":1,"user_id":21962774,"user_type":"registered","profile_image":"https://lh3.googleusercontent.com/a/AAcHTteHfPsh73xKpoici4X5MBqSt9IeROPoS_gZzi1axcw=k-s256","display_name":"Alex Pham","link":"https://stackoverflow.com/users/21962774/alex-pham"},"is_answered":false,"view_count":20,"closed_date":1685054329,"answer_count":0,"score":0,"last_activity_date":1685052345,"creation_date":1685051894,"last_edit_date":1685052345,"question_id":76336500,"link":"https://stackoverflow.com/questions/76336500/how-to-save-user-inputted-data-even-after-closing-vs-code-python","closed_reason":"Duplicate","title":"How to save user inputted data even after closing VS Code Python"},{"tags":["python","multithreading","queue","python-multithreading"],"owner":{"account_id":12488926,"reputation":67,"user_id":10697771,"user_type":"registered","profile_image":"https://www.gravatar.com/avatar/aa1cb0b27870c2d4a1a4626f3b9462b3?s=256&d=identicon&r=PG&f=y&so-version=2","display_name":"irisshootsface","link":"https://stackoverflow.com/users/10697771/irisshootsface"},"is_answered":true,"view_count":27,"accepted_answer_id":76336576,"answer_count":1,"score":0,"last_activity_date":1685057224,"creation_date":1685051874,"question_id":76336499,"content_license":"CC BY-SA 4.0","link":"https://stackoverflow.com/questions/76336499/python-script-with-threading-wont-finish-after-queue-is-empty","title":"Python script with threading won&#39;t finish after queue is empty?"},{"tags":["dbeaver","trino"],"owner":{"account_id":8909,"reputation":5676,"user_id":16245,"user_type":"registered","accept_rate":75,"profile_image":"https://i.stack.imgur.com/Am9aA.jpg?s=256&g=1","display_name":"JohnOpincar","link":"https://stackoverflow.com/users/16245/johnopincar"},"is_answered":false,"view_count":794,"answer_count":1,"score":0,"last_activity_date":1685051831,"creation_date":1685051831,"question_id":76336494,"content_license":"CC BY-SA 4.0","link":"https://stackoverflow.com/questions/76336494/how-can-i-view-results-text-with-line-breaks-in-dbeaver","title":"How Can I View Results Text With Line Breaks in DBeaver?"},{"tags":["python","parallel-processing","dask","dask-distributed","dask-dataframe"],"owner":{"account_id":887945,"reputation":1080,"user_id":926918,"user_type":"registered","accept_rate":94,"profile_image":"https://www.gravatar.com/avatar/a2afb0f7fcdc829fd6273b762652427e?s=256&d=identicon&r=PG","display_name":"Quiescent","link":"https://stackoverflow.com/users/926918/quiescent"},"is_answered":true,"view_count":75,"accepted_answer_id":76338188,"answer_count":1,"score":1,"last_activity_date":1685082844,"creation_date":1685051827,"last_edit_date":1685052127,"question_id":76336493,"content_license":"CC BY-SA 4.0","link":"https://stackoverflow.com/questions/76336493/dask-dataframe-of-strings-works-too-slow-on-row-wise-apply","title":"Dask DataFrame of strings works too slow on row-wise apply"},{"tags":["sql","database","oracle","triggers","entity-relationship"],"owner":{"account_id":19800921,"reputation":1,"user_id":14501961,"user_type":"registered","profile_image":"https://lh3.googleusercontent.com/a-/AOh14GggsaLbisSfGtXUBXyxXYLh9TBNLvooklFP_l1u=k-s256","display_name":"Felipe Rossi","link":"https://stackoverflow.com/users/14501961/felipe-rossi"},"is_answered":false,"view_count":184,"answer_count":1,"score":0,"last_activity_date":1685062815,"creation_date":1685051735,"last_edit_date":1685051954,"question_id":76336486,"content_license":"CC BY-SA 4.0","link":"https://stackoverflow.com/questions/76336486/how-to-ensure-total-participation-on-one-side-of-a-many-to-many-relation-using-s","title":"How to ensure total participation on one side of a many-to-many relation using SQL in Oracle?"},{"tags":["azure-functions","odata"],"owner":{"account_id":19495533,"reputation":1,"user_id":14262865,"user_type":"registered","profile_image":"https://www.gravatar.com/avatar/74ec51d15602081daf6807c2a98fd419?s=256&d=identicon&r=PG&f=y&so-version=2","display_name":"Kishore Cheryala","link":"https://stackoverflow.com/users/14262865/kishore-cheryala"},"is_answered":false,"view_count":121,"answer_count":1,"score":0,"last_activity_date":1687132350,"creation_date":1685051686,"last_edit_date":1687132350,"question_id":76336482,"content_license":"CC BY-SA 4.0","link":"https://stackoverflow.com/questions/76336482/how-can-i-fix-higher-version-error-with-microsoft-aspnetcore-odata-when-implem","title":"How can I fix &#39;higher version&#39; error with Microsoft.AspNetCore.OData when implementing OData in Azure Function with Http Trigger?"},{"tags":["node.js","vonage"],"owner":{"account_id":7838455,"reputation":159,"user_id":5925557,"user_type":"registered","accept_rate":80,"profile_image":"https://lh3.googleusercontent.com/-0N64NsXKLrE/AAAAAAAAAAI/AAAAAAAAACM/Qlq1l7WnltE/photo.jpg?sz=256","display_name":"Ayoub Bsl","link":"https://stackoverflow.com/users/5925557/ayoub-bsl"},"is_answered":false,"view_count":32,"answer_count":0,"score":0,"last_activity_date":1685051648,"creation_date":1685051648,"question_id":76336480,"content_license":"CC BY-SA 4.0","link":"https://stackoverflow.com/questions/76336480/i-want-the-call-keep-play-using-vonage-after-action-button","title":"I want the call keep play using vonage after action button"},{"tags":["background-image","bootstrap-5","padding","bootstrap-grid"],"owner":{"account_id":13810918,"reputation":215,"user_id":9968694,"user_type":"registered","profile_image":"https://www.gravatar.com/avatar/658aaba9aefcaf98832615b2ff4f01d1?s=256&d=identicon&r=PG&f=y&so-version=2","display_name":"A.Mac","link":"https://stackoverflow.com/users/9968694/a-mac"},"is_answered":true,"view_count":19,"accepted_answer_id":76338963,"answer_count":1,"score":0,"last_activity_date":1685089230,"creation_date":1685051623,"question_id":76336479,"content_license":"CC BY-SA 4.0","link":"https://stackoverflow.com/questions/76336479/remove-x-axis-padding-from-container-fluid-without-horizontal-scroll-boostrap-5","title":"Remove x axis padding from container-fluid without horizontal scroll Boostrap 5"},{"tags":["javascript","html","reactjs"],"owner":{"account_id":26764180,"reputation":105,"user_id":20361615,"user_type":"registered","profile_image":"https://lh3.googleusercontent.com/a/ALm5wu3XRm_IGx5H1XriSROqPOx3WzDFVSokyKybSqycnw=k-s256","display_name":"leguchi","link":"https://stackoverflow.com/users/20361615/leguchi"},"is_answered":false,"view_count":24,"answer_count":0,"score":0,"last_activity_date":1685064089,"creation_date":1685051577,"question_id":76336477,"content_license":"CC BY-SA 4.0","link":"https://stackoverflow.com/questions/76336477/how-to-retrieve-and-assign-existing-class-to-element-without-text-content-or-cla","title":"How to retrieve and assign existing class to element without text content or class?"},{"tags":["flutter","dart"],"owner":{"account_id":26982008,"reputation":1,"user_id":20546208,"user_type":"registered","profile_image":"https://lh3.googleusercontent.com/a/ALm5wu0xP7Tk4lgbrsNKe2EmWruH8JRdn68xAQRZRxMmIQ=k-s256","display_name":"Ahmed El Hamshary","link":"https://stackoverflow.com/users/20546208/ahmed-el-hamshary"},"is_answered":true,"view_count":166,"answer_count":1,"score":0,"last_activity_date":1685060981,"creation_date":1685051535,"last_edit_date":1685051713,"question_id":76336474,"content_license":"CC BY-SA 4.0","link":"https://stackoverflow.com/questions/76336474/how-do-i-navigate-to-another-page-when-i-click-on-an-image-in-flutter-and-pass-t","title":"How do I navigate to another page when I click on an image in Flutter and pass the selected image to another page"},{"tags":["javascript","vue.js"],"owner":{"account_id":1085926,"reputation":1619,"user_id":1081656,"user_type":"registered","accept_rate":66,"profile_image":"https://www.gravatar.com/avatar/9a10592c5f1fe95d814c86175be92c55?s=256&d=identicon&r=PG","display_name":"mat","link":"https://stackoverflow.com/users/1081656/mat"},"is_answered":false,"view_count":38,"answer_count":0,"score":0,"last_activity_date":1685051535,"creation_date":1685051535,"question_id":76336473,"content_license":"CC BY-SA 4.0","link":"https://stackoverflow.com/questions/76336473/calculate-update-a-dynamic-value-in-an-attribute-in-vue","title":"Calculate / update a dynamic value in an attribute in Vue"},{"tags":["unity-game-engine","2d","unity-ui"],"owner":{"account_id":3303910,"reputation":49,"user_id":2779315,"user_type":"registered","accept_rate":100,"profile_image":"https://www.gravatar.com/avatar/95f1a2bc63c79157384ae75c6f181ef3?s=256&d=identicon&r=PG&f=y&so-version=2","display_name":"user2779315","link":"https://stackoverflow.com/users/2779315/user2779315"},"is_answered":false,"view_count":201,"answer_count":0,"score":0,"last_activity_date":1685051512,"creation_date":1685051512,"question_id":76336472,"content_license":"CC BY-SA 4.0","link":"https://stackoverflow.com/questions/76336472/unity2d-canvas-multiple-canvases-in-single-scene-not-working","title":"Unity2d Canvas - Multiple canvases in single scene not working"},{"tags":["r","constraints","linearmodels","minitab"],"owner":{"account_id":18762714,"reputation":167,"user_id":13681318,"user_type":"registered","profile_image":"https://www.gravatar.com/avatar/314691d1c04216df30edb1f9a529e011?s=256&d=identicon&r=PG&f=y&so-version=2","display_name":"spencergw","link":"https://stackoverflow.com/users/13681318/spencergw"},"is_answered":true,"view_count":54,"answer_count":1,"score":1,"last_activity_date":1685112308,"creation_date":1685051474,"question_id":76336471,"content_license":"CC BY-SA 4.0","link":"https://stackoverflow.com/questions/76336471/constrain-linear-model-in-r-so-that-output-matches-with-minitab","title":"Constrain linear model in R so that output matches with MINITAB"},{"tags":["angular","primeng","primeng-calendar"],"owner":{"account_id":1755992,"reputation":343,"user_id":1604030,"user_type":"registered","accept_rate":57,"profile_image":"https://www.gravatar.com/avatar/45218b076a1a773a2988f536842e7191?s=256&d=identicon&r=PG","display_name":"Eric","link":"https://stackoverflow.com/users/1604030/eric"},"is_answered":true,"view_count":231,"accepted_answer_id":76350444,"answer_count":2,"score":0,"last_activity_date":1687898776,"creation_date":1685051452,"question_id":76336469,"content_license":"CC BY-SA 4.0","link":"https://stackoverflow.com/questions/76336469/how-to-trim-whitespace-when-pasting-a-value-into-the-primeng-calendar-with-angul","title":"How to trim whitespace when pasting a value into the PrimeNG Calendar with Angular"},{"tags":["python","probability","xgboost","predict"],"owner":{"account_id":28681528,"reputation":11,"user_id":21962616,"user_type":"registered","profile_image":"https://lh3.googleusercontent.com/a/AAcHTtcI6vHOWzr8shUOQtsC32cL3c8wUif-O-GmLHpJig=k-s256","display_name":"Eduardo Schneider Arruda","link":"https://stackoverflow.com/users/21962616/eduardo-schneider-arruda"},"is_answered":true,"view_count":170,"answer_count":1,"score":1,"last_activity_date":1685215329,"creation_date":1685051433,"last_edit_date":1685206260,"question_id":76336468,"content_license":"CC BY-SA 4.0","link":"https://stackoverflow.com/questions/76336468/how-to-extract-elements-from-a-predict-proba-generated-xgboost-array-with-a-gr","title":"How to extract elements from a predict_proba() generated xgboost array with a greater than or equal to 90% probability of being classified as 1?"},{"tags":["python","web-scraping","cookies","python-requests","playwright"],"owner":{"account_id":16775073,"reputation":39,"user_id":12161849,"user_type":"registered","profile_image":"https://lh3.googleusercontent.com/a-/AAuE7mAuaenEPDBEOp7mF0Bq5RBcEumUZNIAki2H-zNF=k-s256","display_name":"G0000000se","link":"https://stackoverflow.com/users/12161849/g0000000se"},"is_answered":false,"view_count":76,"answer_count":1,"score":1,"last_activity_date":1685661832,"creation_date":1685051406,"question_id":76336464,"content_license":"CC BY-SA 4.0","link":"https://stackoverflow.com/questions/76336464/how-to-pass-correct-cookies-when-trying-to-obtain-data-from-a-website","title":"How to pass correct cookies when trying to obtain data from a website?"},{"tags":["azure","azure-blob-storage","azure-storage","azure-policy"],"owner":{"account_id":26770808,"reputation":5,"user_id":20367218,"user_type":"registered","profile_image":"https://www.gravatar.com/avatar/94edbf9a029dc4f880abb6941e54764e?s=256&d=identicon&r=PG","display_name":"LukeDornburgh","link":"https://stackoverflow.com/users/20367218/lukedornburgh"},"is_answered":true,"view_count":212,"accepted_answer_id":76362242,"answer_count":2,"score":0,"last_activity_date":1685582041,"creation_date":1685051403,"question_id":76336462,"content_license":"CC BY-SA 4.0","link":"https://stackoverflow.com/questions/76336462/how-to-effectively-apply-azure-lifecycle-management-policy-to-a-repeating-file-n","title":"How to effectively apply Azure Lifecycle Management Policy to a repeating file name"},{"tags":["javascript","reactjs","next.js","next.js13"],"owner":{"account_id":25297233,"reputation":11,"user_id":21442425,"user_type":"registered","profile_image":"https://lh3.googleusercontent.com/a-/AOh14GiTrxijvbWdqC9jkkUscmsHl3c0lAEsJuIgl1DI=k-s256","display_name":"Peter Castillo","link":"https://stackoverflow.com/users/21442425/peter-castillo"},"is_answered":false,"view_count":380,"answer_count":0,"score":1,"last_activity_date":1685057585,"creation_date":1685051344,"last_edit_date":1685057585,"question_id":76336458,"content_license":"CC BY-SA 4.0","link":"https://stackoverflow.com/questions/76336458/how-can-i-use-the-shallow-true-option-with-router-replace-in-next-js-13","title":"How can I use the &#39;shallow: true&#39; option with &#39;router.replace&#39; in Next.js 13?"},{"tags":["c#","specflow"],"owner":{"account_id":1743327,"reputation":161,"user_id":1594108,"user_type":"registered","profile_image":"https://www.gravatar.com/avatar/afdf24ce001a8acab36f37bdfb3a79db?s=256&d=identicon&r=PG","display_name":"M F","link":"https://stackoverflow.com/users/1594108/m-f"},"is_answered":false,"view_count":65,"answer_count":0,"score":1,"last_activity_date":1685103725,"creation_date":1685051330,"last_edit_date":1685103725,"question_id":76336456,"content_license":"CC BY-SA 4.0","link":"https://stackoverflow.com/questions/76336456/specflow-common-steps-shared-across-multiple-features","title":"specflow common steps shared across multiple features"},{"tags":[".net","iis"],"owner":{"account_id":1387889,"reputation":29,"user_id":1319463,"user_type":"registered","profile_image":"https://www.gravatar.com/avatar/62a9881712756a558d343f7ee9d462e0?s=256&d=identicon&r=PG","display_name":"user1319463","link":"https://stackoverflow.com/users/1319463/user1319463"},"is_answered":false,"view_count":55,"answer_count":0,"score":0,"last_activity_date":1685052613,"creation_date":1685051236,"last_edit_date":1685052613,"question_id":76336449,"content_license":"CC BY-SA 4.0","link":"https://stackoverflow.com/questions/76336449/net-6-0-deployment-on-windows-server-for-api","title":".net 6.0 Deployment on Windows server for api"},{"tags":["docker","maven","jenkins"],"owner":{"account_id":20407170,"reputation":11,"user_id":14971460,"user_type":"registered","profile_image":"https://www.gravatar.com/avatar/72bc655ee4cbdd68996dc06170226a52?s=256&d=identicon&r=PG&f=y&so-version=2","display_name":"Original-Thunderbird","link":"https://stackoverflow.com/users/14971460/original-thunderbird"},"is_answered":false,"view_count":187,"answer_count":0,"score":0,"last_activity_date":1685051215,"creation_date":1685051215,"question_id":76336447,"content_license":"CC BY-SA 4.0","link":"https://stackoverflow.com/questions/76336447/maven-with-docker-lookup-docker-on-127-0-0-1153-no-such-host","title":"Maven with docker - lookup docker on 127.0.0.11:53: no such host"},{"tags":["nuget","maui"],"owner":{"account_id":40698,"reputation":2558,"user_id":117995,"user_type":"registered","accept_rate":89,"profile_image":"https://www.gravatar.com/avatar/9fbb28f41c9a9f2e6063d3d688ea84d1?s=256&d=identicon&r=PG","display_name":"Blanthor","link":"https://stackoverflow.com/users/117995/blanthor"},"is_answered":false,"view_count":156,"answer_count":1,"score":0,"last_activity_date":1685599200,"creation_date":1685051199,"last_edit_date":1685070986,"question_id":76336445,"content_license":"CC BY-SA 4.0","link":"https://stackoverflow.com/questions/76336445/how-can-i-get-rid-of-these-nuget-packages","title":"How can I get rid of these NuGet Packages?"},{"tags":["reactjs","optimization"],"owner":{"account_id":18157600,"reputation":138,"user_id":13209434,"user_type":"registered","profile_image":"https://www.gravatar.com/avatar/644039db1153432da50caeb241204699?s=256&d=identicon&r=PG&f=y&so-version=2","display_name":"Mohammed Khan","link":"https://stackoverflow.com/users/13209434/mohammed-khan"},"is_answered":false,"view_count":12,"answer_count":0,"score":0,"last_activity_date":1685051196,"creation_date":1685051196,"question_id":76336444,"content_license":"CC BY-SA 4.0","link":"https://stackoverflow.com/questions/76336444/performance-impact-of-rendering-multiple-child-components-with-and-without-useca","title":"Performance impact of rendering multiple child components with and without useCallback in a parent component"},{"tags":["c#",".net-core","microsoft-graph-sdks"],"owner":{"account_id":5206856,"reputation":103,"user_id":4164467,"user_type":"registered","profile_image":"https://lh6.googleusercontent.com/-tfHk-Ve9vTE/AAAAAAAAAAI/AAAAAAAAANE/U5L2VDqx0Tc/photo.jpg?sz=256","display_name":"Andrew Casey","link":"https://stackoverflow.com/users/4164467/andrew-casey"},"is_answered":true,"view_count":1253,"accepted_answer_id":76392502,"answer_count":1,"score":0,"last_activity_date":1685728759,"creation_date":1685051174,"last_edit_date":1685456216,"question_id":76336441,"content_license":"CC BY-SA 4.0","link":"https://stackoverflow.com/questions/76336441/how-to-authenticate-microsoft-graph-using-client-credentials-and-an-access-token","title":"How to authenticate Microsoft Graph using client credentials and an access token in C#?"},{"tags":["python"],"owner":{"account_id":7115437,"reputation":125,"user_id":5441914,"user_type":"registered","profile_image":"https://www.gravatar.com/avatar/c501f6604671f7c5360a7019866e84e1?s=256&d=identicon&r=PG&f=y&so-version=2","display_name":"m.m","link":"https://stackoverflow.com/users/5441914/m-m"},"is_answered":true,"view_count":75,"answer_count":2,"score":2,"last_activity_date":1685063176,"creation_date":1685051165,"last_edit_date":1685052586,"question_id":76336439,"content_license":"CC BY-SA 4.0","link":"https://stackoverflow.com/questions/76336439/python-file-status-when-open-is-not-assigned-to-any-variable","title":"Python file status when open() is not assigned to any variable"},{"tags":["makefile","gnu-make"],"owner":{"account_id":10863,"reputation":23781,"user_id":20712,"user_type":"registered","accept_rate":91,"profile_image":"https://i.stack.imgur.com/dUQnr.png?s=256&g=1","display_name":"Ross Rogers","link":"https://stackoverflow.com/users/20712/ross-rogers"},"is_answered":true,"view_count":27,"accepted_answer_id":76340955,"answer_count":2,"score":0,"last_activity_date":1685105000,"creation_date":1685051162,"question_id":76336438,"content_license":"CC BY-SA 4.0","link":"https://stackoverflow.com/questions/76336438/possible-to-inject-target-hierarchy-into-make-target-environment","title":"Possible to inject target hierarchy into make target environment?"},{"tags":["parallel-processing","multiprocessing","pickle","python-multiprocessing"],"owner":{"account_id":25800121,"reputation":1,"user_id":19542689,"user_type":"registered","profile_image":"https://www.gravatar.com/avatar/faa2bdad6ad8840cb58b316e41e9f405?s=256&d=identicon&r=PG","display_name":"rodiram","link":"https://stackoverflow.com/users/19542689/rodiram"},"is_answered":false,"view_count":26,"answer_count":0,"score":0,"last_activity_date":1685102131,"creation_date":1685051114,"last_edit_date":1685102131,"question_id":76336435,"content_license":"CC BY-SA 4.0","link":"https://stackoverflow.com/questions/76336435/map-sync-using-an-array-as-argument","title":"map_sync using an array as argument"},{"tags":["python","visual-studio-code","tabnine"],"owner":{"account_id":2028324,"reputation":10552,"user_id":1812732,"user_type":"registered","accept_rate":72,"profile_image":"https://www.gravatar.com/avatar/9fd6395d5a592ba630347bfd519f23ae?s=256&d=identicon&r=PG","display_name":"John Henckel","link":"https://stackoverflow.com/users/1812732/john-henckel"},"is_answered":false,"view_count":54,"answer_count":0,"score":0,"last_activity_date":1685051101,"creation_date":1685051101,"question_id":76336434,"content_license":"CC BY-SA 4.0","link":"https://stackoverflow.com/questions/76336434/how-to-change-tabnine-to-use-single-quotes-in-the-python-suggested-code","title":"How to change TabNine to use single quotes in the Python suggested code"}],"has_more":true,"quota_max":300,"quota_remaining":127}