{"items":[{"tags":["css","next.js","reset","emotion"],"owner":{"account_id":14988840,"reputation":59,"user_id":10820637,"user_type":"registered","profile_image":"https://lh4.googleusercontent.com/-FFuT9eyzafI/AAAAAAAAAAI/AAAAAAAAAAA/AKxrwcag1tw-H93oN042I5nXjvnLTh0qeQ/mo/photo.jpg?sz=256","display_name":"BoHyunK","link":"https://stackoverflow.com/users/10820637/bohyunk"},"is_answered":false,"view_count":689,"answer_count":1,"score":1,"last_activity_date":1676816306,"creation_date":1676264375,"question_id":75432033,"content_license":"CC BY-SA 4.0","link":"https://stackoverflow.com/questions/75432033/it-seems-like-user-agent-stylesheet-override-the-reset-css-code","title":"it seems like user agent stylesheet override the reset css code"},{"tags":["java","apache-poi","apache-poi-4"],"owner":{"account_id":405356,"reputation":31611,"user_id":774183,"user_type":"registered","accept_rate":78,"profile_image":"https://www.gravatar.com/avatar/1a319d488294dc382be41fa8226e71c3?s=256&d=identicon&r=PG","display_name":"carlspring","link":"https://stackoverflow.com/users/774183/carlspring"},"is_answered":true,"view_count":1555,"accepted_answer_id":75433673,"answer_count":1,"score":1,"last_activity_date":1676279869,"creation_date":1676264343,"last_edit_date":1676265142,"question_id":75432030,"content_license":"CC BY-SA 4.0","link":"https://stackoverflow.com/questions/75432030/how-to-fix-some-formula-symbols-might-not-be-displayed-correctly-due-to-missing","title":"How to fix &quot;Some formula symbols might not be displayed correctly due to missing fonts Symbol, Windings...&quot; for an XLSX generated with Apache POI"},{"tags":["javascript","c#","asp.net","ajax","webforms"],"owner":{"account_id":6781881,"reputation":25,"user_id":5221812,"user_type":"registered","profile_image":"https://www.gravatar.com/avatar/dcf10f177385d75386cc9a1691b3b7da?s=256&d=identicon&r=PG&f=y&so-version=2","display_name":"rorona","link":"https://stackoverflow.com/users/5221812/rorona"},"is_answered":false,"view_count":54,"answer_count":0,"score":0,"last_activity_date":1676264273,"creation_date":1676264273,"question_id":75432023,"content_license":"CC BY-SA 4.0","link":"https://stackoverflow.com/questions/75432023/encountering-a-500-internal-server-error-problem-in-asp-net-ajax","title":"Encountering a 500 Internal Server Error problem in ASP.NET AJAX"},{"tags":["reactjs","material-ui","timer","setinterval"],"owner":{"account_id":8557980,"reputation":1833,"user_id":6412823,"user_type":"registered","accept_rate":81,"profile_image":"https://www.gravatar.com/avatar/bb70a110c197e7e54decf340daffc072?s=256&d=identicon&r=PG","display_name":"Samra","link":"https://stackoverflow.com/users/6412823/samra"},"is_answered":false,"view_count":33,"answer_count":1,"score":0,"last_activity_date":1676265160,"creation_date":1676264265,"question_id":75432021,"content_license":"CC BY-SA 4.0","link":"https://stackoverflow.com/questions/75432021/timer-restarts-after-clearinterval-instead-of-pause-whats-wrong-with-my-tim","title":"Timer restarts after clearInterval() instead of pause - What&#39;s wrong with my Timer? React"},{"tags":["postgresql","postgresql-15"],"owner":{"account_id":1859171,"reputation":3557,"user_id":1684123,"user_type":"registered","accept_rate":48,"profile_image":"https://www.gravatar.com/avatar/6399bc3feeb74feb14fcbd8088bfc87a?s=256&d=identicon&r=PG","display_name":"Kifsif","link":"https://stackoverflow.com/users/1684123/kifsif"},"is_answered":true,"view_count":632,"accepted_answer_id":75432122,"answer_count":1,"score":0,"last_activity_date":1679681105,"creation_date":1676264252,"last_edit_date":1679681105,"question_id":75432020,"content_license":"CC BY-SA 4.0","link":"https://stackoverflow.com/questions/75432020/necessity-to-grant-privileges-on-schema-public-not-working-after-the-privelege","title":"Necessity to grant privileges on schema public + not working after the priveleges have been granted"},{"tags":["reactjs","redux","react-context"],"owner":{"account_id":13791085,"reputation":6954,"user_id":9953550,"user_type":"registered","profile_image":"https://i.stack.imgur.com/nTQBj.jpg?s=256&g=1","display_name":"YulePale","link":"https://stackoverflow.com/users/9953550/yulepale"},"is_answered":true,"view_count":2956,"closed_date":1676281077,"accepted_answer_id":75433138,"answer_count":2,"score":3,"last_activity_date":1676281846,"creation_date":1676264231,"last_edit_date":1676281846,"question_id":75432019,"link":"https://stackoverflow.com/questions/75432019/why-use-react-usecontext-if-you-are-using-redux-what-are-the-technical-differen","closed_reason":"Opinion-based","title":"Why use react.useContext if you are using redux? What are the technical differences?"},{"tags":["centos","zabbix"],"owner":{"account_id":7711294,"reputation":9,"user_id":5840462,"user_type":"registered","profile_image":"https://www.gravatar.com/avatar/bf44d44be3e108d450c90260eb6cf912?s=256&d=identicon&r=PG&f=y&so-version=2","display_name":"IjanQlate","link":"https://stackoverflow.com/users/5840462/ijanqlate"},"is_answered":false,"view_count":125,"answer_count":0,"score":0,"last_activity_date":1676264199,"creation_date":1676264199,"question_id":75432016,"content_license":"CC BY-SA 4.0","link":"https://stackoverflow.com/questions/75432016/yum-install-zabbix-zabbix-agent","title":"Yum install zabbix zabbix-agent"},{"tags":["python","scipy","convolution","smoothing","lowpass-filter"],"owner":{"account_id":27770768,"reputation":1,"user_id":21201069,"user_type":"registered","profile_image":"https://lh3.googleusercontent.com/a/AEdFTp4KYD63i3IeqRni5S_xC_iKiJnO_A075SQON-u-=k-s256","display_name":"Zahra","link":"https://stackoverflow.com/users/21201069/zahra"},"is_answered":false,"view_count":94,"answer_count":0,"score":0,"last_activity_date":1676277420,"creation_date":1676264161,"last_edit_date":1676277420,"question_id":75432015,"content_license":"CC BY-SA 4.0","link":"https://stackoverflow.com/questions/75432015/is-smoothing-a-causal-transformation","title":"Is smoothing a causal transformation?"},{"tags":["android","kotlin","unit-testing","junit"],"owner":{"account_id":11520864,"reputation":2427,"user_id":8442666,"user_type":"registered","accept_rate":50,"profile_image":"https://lh5.googleusercontent.com/-SvkcD0Ze4DY/AAAAAAAAAAI/AAAAAAAAABc/MntZmvRTt7o/photo.jpg?sz=256","display_name":"Bo Z","link":"https://stackoverflow.com/users/8442666/bo-z"},"is_answered":false,"view_count":37,"answer_count":1,"score":0,"last_activity_date":1676271458,"creation_date":1676264147,"question_id":75432014,"content_license":"CC BY-SA 4.0","link":"https://stackoverflow.com/questions/75432014/why-my-shared-prefs-test-does-fail-on-null-pointer","title":"Why my shared prefs test does fail on null pointer?"},{"tags":["c#","blazor","tailwind-css"],"owner":{"account_id":13986307,"reputation":669,"user_id":10101321,"user_type":"registered","profile_image":"https://i.stack.imgur.com/NfKft.png?s=256&g=1","display_name":"Apollo-Roboto","link":"https://stackoverflow.com/users/10101321/apollo-roboto"},"is_answered":false,"view_count":106,"answer_count":0,"score":0,"last_activity_date":1676308293,"creation_date":1676264053,"last_edit_date":1676308293,"question_id":75432006,"content_license":"CC BY-SA 4.0","link":"https://stackoverflow.com/questions/75432006/calling-a-command-after-a-hot-reload-on-blazor","title":"Calling a command after a hot reload on Blazor"},{"tags":["python","yocto","bitbake","ros2"],"owner":{"account_id":27770267,"reputation":1,"user_id":21200664,"user_type":"registered","profile_image":"https://lh3.googleusercontent.com/a/AEdFTp5x2RAPlycnMieEedRKRIsD0GLJDVkMCOf5IF0W=k-s256","display_name":"Komatsu","link":"https://stackoverflow.com/users/21200664/komatsu"},"is_answered":true,"view_count":483,"accepted_answer_id":75515317,"answer_count":2,"score":0,"last_activity_date":1677166020,"creation_date":1676263988,"last_edit_date":1677166004,"question_id":75432003,"content_license":"CC BY-SA 4.0","link":"https://stackoverflow.com/questions/75432003/ros2-yocto-no-providers-found-in-rdepends","title":"ROS2 Yocto - no providers found in RDEPENDS_?"},{"tags":["python","bash","shell"],"owner":{"account_id":25494499,"reputation":30,"user_id":20268007,"user_type":"registered","profile_image":"https://lh3.googleusercontent.com/a/AATXAJy_7l0ag-eDd4e9sVTyBYzanwAuhS-6-So0Y_8Q=k-s256","display_name":"Zheng Li","link":"https://stackoverflow.com/users/20268007/zheng-li"},"is_answered":true,"view_count":90,"accepted_answer_id":75432017,"answer_count":1,"score":0,"last_activity_date":1676279823,"creation_date":1676263912,"last_edit_date":1676279823,"question_id":75431998,"content_license":"CC BY-SA 4.0","link":"https://stackoverflow.com/questions/75431998/why-do-my-shell-statements-cause-blocking-bash-c-ps-ax-grep-tcpdump-gre","title":"Why do my shell statements cause blocking? bash -c &quot;ps ax | grep &#39;tcpdump&#39; | grep -v grep | kill -9 $(awk &#39;{print $1}&#39;)&quot;"},{"tags":["css","reactjs","antd"],"owner":{"account_id":14957481,"reputation":31,"user_id":16551751,"user_type":"registered","profile_image":"https://i.stack.imgur.com/NUlDW.jpg?s=256&g=1","display_name":"Paras Nagpal","link":"https://stackoverflow.com/users/16551751/paras-nagpal"},"is_answered":true,"view_count":399,"answer_count":3,"score":1,"last_activity_date":1682802670,"creation_date":1676263908,"last_edit_date":1676271759,"question_id":75431997,"content_license":"CC BY-SA 4.0","link":"https://stackoverflow.com/questions/75431997/cant-find-antd-css-module-while-importing-in-index-css","title":"Cant Find antd css module while importing in index.css"},{"tags":["python","django","django-rest-framework"],"owner":{"account_id":27247949,"reputation":224,"user_id":20772913,"user_type":"registered","profile_image":"https://www.gravatar.com/avatar/6701ed4fb14f63f7d6f433daae08b37c?s=256&d=identicon&r=PG","display_name":"crawlingdev","link":"https://stackoverflow.com/users/20772913/crawlingdev"},"is_answered":true,"view_count":53,"answer_count":2,"score":0,"last_activity_date":1676273436,"creation_date":1676263889,"last_edit_date":1676264219,"question_id":75431996,"content_license":"CC BY-SA 4.0","link":"https://stackoverflow.com/questions/75431996/how-do-i-test-if-the-current-logged-in-users-id-is-in-a-list-of-ids","title":"How do I test if the current logged in user&#39;s id is in a list of id&#39;s"},{"tags":["pycharm"],"owner":{"account_id":20845550,"reputation":1,"user_id":16268945,"user_type":"registered","profile_image":"https://www.gravatar.com/avatar/98a52068d97c5eb894aa21427012cd8b?s=256&d=identicon&r=PG&f=y&so-version=2","display_name":"Privvet","link":"https://stackoverflow.com/users/16268945/privvet"},"is_answered":true,"view_count":44,"answer_count":1,"score":0,"last_activity_date":1676264481,"creation_date":1676263889,"question_id":75431995,"content_license":"CC BY-SA 4.0","link":"https://stackoverflow.com/questions/75431995/how-can-i-get-the-date-and-or-time-to-accompany-anything-printed-to-the-console","title":"How can I get the date and or time to accompany anything printed to the console in PyCharm?"},{"tags":["python","sharepoint","office365","office365api"],"owner":{"user_type":"does_not_exist","display_name":"user11956646"},"is_answered":false,"view_count":97,"answer_count":2,"score":0,"last_activity_date":1696891583,"creation_date":1676263872,"question_id":75431993,"content_license":"CC BY-SA 4.0","link":"https://stackoverflow.com/questions/75431993/how-to-check-in-uploaded-files-to-sharepoint-using-office365-api","title":"How to check in uploaded files to Sharepoint using office365 API?"},{"tags":["lua","macros","logitech-gaming-software"],"owner":{"account_id":27770766,"reputation":1,"user_id":21201066,"user_type":"registered","profile_image":"https://lh3.googleusercontent.com/a/AEdFTp7fD70pG67HL4bArI-sN1bI0xJFKSF-A-5CG1oT=k-s256","display_name":"Rick james","link":"https://stackoverflow.com/users/21201066/rick-james"},"is_answered":false,"view_count":37,"answer_count":0,"score":0,"last_activity_date":1676265401,"creation_date":1676263813,"last_edit_date":1676265401,"question_id":75431989,"content_license":"CC BY-SA 4.0","link":"https://stackoverflow.com/questions/75431989/why-is-my-script-not-working-on-a-new-system","title":"Why is my script not working on a new system?"},{"tags":["reactjs","camera","face-detection","webcam-capture"],"owner":{"account_id":26255966,"reputation":13,"user_id":19928017,"user_type":"registered","profile_image":"https://i.stack.imgur.com/x58ZZ.jpg?s=256&g=1","display_name":"Prageeth Milan","link":"https://stackoverflow.com/users/19928017/prageeth-milan"},"is_answered":false,"view_count":188,"answer_count":1,"score":0,"last_activity_date":1684515041,"creation_date":1676263800,"question_id":75431988,"content_license":"CC BY-SA 4.0","link":"https://stackoverflow.com/questions/75431988/react-webcam-not-closed-after-component-unmount-in-react-use-face-detection","title":"react-webcam not closed after component unmount in react-use-face-detection"},{"tags":["android","kotlin","android-jetpack-compose","wear-os","dagger-hilt"],"owner":{"account_id":12943349,"reputation":1496,"user_id":9358420,"user_type":"registered","profile_image":"https://lh3.googleusercontent.com/-vZPbPQGEm2k/AAAAAAAAAAI/AAAAAAAAABE/CONjBB8nNQw/photo.jpg?sz=256","display_name":"Muhammadjon","link":"https://stackoverflow.com/users/9358420/muhammadjon"},"is_answered":false,"view_count":84,"answer_count":0,"score":0,"last_activity_date":1676263799,"creation_date":1676263799,"question_id":75431987,"content_license":"CC BY-SA 4.0","link":"https://stackoverflow.com/questions/75431987/how-to-give-fake-value-for-androidx-wear-compose-material-timetext-for-testing","title":"How to give fake value for androidx.wear.compose.material.TimeText for testing"},{"tags":["matlab","fft"],"owner":{"account_id":17255929,"reputation":1,"user_id":17583059,"user_type":"registered","profile_image":"https://lh3.googleusercontent.com/a-/AAuE7mBGRlNvn6-pxmO9G0z-a1BbY5t_EqMgg9Krqa0MHg=k-s256","display_name":"Kristian Dolghier","link":"https://stackoverflow.com/users/17583059/kristian-dolghier"},"is_answered":false,"view_count":107,"answer_count":1,"score":0,"last_activity_date":1676309941,"creation_date":1676263765,"last_edit_date":1676309155,"question_id":75431986,"content_license":"CC BY-SA 4.0","link":"https://stackoverflow.com/questions/75431986/fft-not-getting-expected-results-and-too-much-noise","title":"FFT Not Getting Expected Results And Too Much Noise"},{"tags":["dockerfile"],"owner":{"account_id":47029,"reputation":31714,"user_id":139150,"user_type":"registered","accept_rate":84,"profile_image":"https://www.gravatar.com/avatar/7064369714bbb01ca2e42c699f95d60d?s=256&d=identicon&r=PG","display_name":"shantanuo","link":"https://stackoverflow.com/users/139150/shantanuo"},"is_answered":true,"view_count":246,"accepted_answer_id":75476217,"answer_count":2,"score":0,"last_activity_date":1677728111,"creation_date":1676263760,"last_edit_date":1677728111,"question_id":75431985,"content_license":"CC BY-SA 4.0","link":"https://stackoverflow.com/questions/75431985/python-poetry-avoid-copying-the-codebase-twice-into-dockerfile","title":"Python/Poetry - Avoid copying the codebase twice into dockerfile"},{"tags":["linux"],"owner":{"account_id":27752930,"reputation":108,"user_id":21187038,"user_type":"registered","profile_image":"https://www.gravatar.com/avatar/eb957ccccdc23a84ff71fe4830eba887?s=256&d=identicon&r=PG&f=y&so-version=2","display_name":"Arshaluys Smbatyan","link":"https://stackoverflow.com/users/21187038/arshaluys-smbatyan"},"is_answered":true,"view_count":476,"accepted_answer_id":75437529,"answer_count":1,"score":1,"last_activity_date":1676300119,"creation_date":1676263739,"last_edit_date":1676298534,"question_id":75431982,"content_license":"CC BY-SA 4.0","link":"https://stackoverflow.com/questions/75431982/why-does-lsattr-return-operation-not-supported-while-reading-flags-on-git-objec","title":"Why does lsattr return Operation not supported While reading flags on .git/objects error message"},{"tags":["html","css","grid"],"owner":{"account_id":27770723,"reputation":1,"user_id":21201027,"user_type":"registered","profile_image":"https://www.gravatar.com/avatar/047c30779e33ae38cf439eb89effd04f?s=256&d=identicon&r=PG","display_name":"Mostafa","link":"https://stackoverflow.com/users/21201027/mostafa"},"is_answered":false,"view_count":21,"answer_count":0,"score":0,"last_activity_date":1676263738,"creation_date":1676263738,"question_id":75431981,"content_license":"CC BY-SA 4.0","link":"https://stackoverflow.com/questions/75431981/grids-in-css-where-i-have-3-vertical-rows-the-middle-portion-can-have-a-big-co","title":"grids in CSS, where I have 3 vertical rows, the middle portion can have a big content and is overlapping with the bottom row after window is changed"},{"tags":["qt","qt-creator","qtandroidextras"],"owner":{"account_id":7734256,"reputation":560,"user_id":5856328,"user_type":"registered","accept_rate":62,"profile_image":"https://lh4.googleusercontent.com/-E6nyp1wI4VE/AAAAAAAAAAI/AAAAAAAAAMY/sHKateGtwvs/photo.jpg?sz=256","display_name":"Zappy.Mans","link":"https://stackoverflow.com/users/5856328/zappy-mans"},"is_answered":false,"view_count":90,"answer_count":0,"score":0,"last_activity_date":1676263736,"creation_date":1676263736,"question_id":75431980,"content_license":"CC BY-SA 4.0","link":"https://stackoverflow.com/questions/75431980/how-to-add-androidextras-into-project-with-cmake","title":"How to add androidextras into project with CMake?"},{"tags":["laravel","laravel-nova"],"owner":{"account_id":14159696,"reputation":21,"user_id":10229350,"user_type":"registered","profile_image":"https://www.gravatar.com/avatar/73e8817789c5c203ee1acca8e91be290?s=256&d=identicon&r=PG&f=y&so-version=2","display_name":"Iron Brew","link":"https://stackoverflow.com/users/10229350/iron-brew"},"is_answered":false,"view_count":78,"answer_count":0,"score":1,"last_activity_date":1676263713,"creation_date":1676263713,"question_id":75431979,"content_license":"CC BY-SA 4.0","link":"https://stackoverflow.com/questions/75431979/how-to-override-the-url-that-the-create-button-routes-to-on-a-resource","title":"How to override the url that the create button routes to on a resource"},{"tags":["c#","mongodb",".net-core","mongodb-query","bson"],"owner":{"account_id":19164238,"reputation":81,"user_id":13999345,"user_type":"registered","profile_image":"https://lh3.googleusercontent.com/a-/AOh14GhEQxH-id8iFWZvfwPrqfbKpvK0rldo9Qh1XPUi=k-s256","display_name":"AG Mohamed","link":"https://stackoverflow.com/users/13999345/ag-mohamed"},"is_answered":false,"view_count":280,"answer_count":0,"score":0,"last_activity_date":1676263644,"creation_date":1676263644,"question_id":75431974,"content_license":"CC BY-SA 4.0","link":"https://stackoverflow.com/questions/75431974/convert-bson-document-string-property-to-datetime-object","title":"Convert BSON Document string property to Datetime object"},{"tags":["javascript","reactjs","react-native","api"],"owner":{"account_id":1574702,"reputation":2416,"user_id":1461486,"user_type":"registered","accept_rate":36,"profile_image":"https://i.stack.imgur.com/oZO5r.png?s=256&g=1","display_name":"Harshal Kalavadiya","link":"https://stackoverflow.com/users/1461486/harshal-kalavadiya"},"is_answered":false,"view_count":32,"answer_count":1,"score":0,"last_activity_date":1676269307,"creation_date":1676263570,"question_id":75431971,"content_license":"CC BY-SA 4.0","link":"https://stackoverflow.com/questions/75431971/issue-in-shared-code-not-working-in-react-js","title":"Issue in Shared code not working in React JS"},{"tags":["shiny"],"owner":{"account_id":13994583,"reputation":907,"user_id":10107738,"user_type":"registered","profile_image":"https://www.gravatar.com/avatar/bdbffc3ad221bb45de7c396b0a2d242c?s=256&d=identicon&r=PG&f=y&so-version=2","display_name":"The Rookie","link":"https://stackoverflow.com/users/10107738/the-rookie"},"is_answered":true,"view_count":124,"accepted_answer_id":75433041,"answer_count":1,"score":0,"last_activity_date":1676274020,"creation_date":1676263549,"question_id":75431969,"content_license":"CC BY-SA 4.0","link":"https://stackoverflow.com/questions/75431969/how-do-i-horizontally-align-a-picker-input-and-action-buttons-in-a-shiny-app","title":"How do I horizontally align a picker input and action buttons in a Shiny app?"},{"tags":["docker-compose","noip","duck-dns"],"owner":{"account_id":19566755,"reputation":766,"user_id":14318729,"user_type":"registered","profile_image":"https://graph.facebook.com/2106767729466812/picture?type=large","display_name":"Jo&#227;o Casarin","link":"https://stackoverflow.com/users/14318729/jo%c3%a3o-casarin"},"is_answered":false,"view_count":181,"answer_count":1,"score":0,"last_activity_date":1676264660,"creation_date":1676263542,"question_id":75431968,"content_license":"CC BY-SA 4.0","link":"https://stackoverflow.com/questions/75431968/access-container-from-docker-compose-using-linuxserver-duckdns-ip","title":"Access container from docker-compose using linuxserver/duckdns IP"},{"tags":["html","css"],"owner":{"account_id":26703895,"reputation":31,"user_id":21201068,"user_type":"registered","profile_image":"https://www.gravatar.com/avatar/44bfa160a4e78c75aa5d516aa04ae22e?s=256&d=identicon&r=PG&f=y&so-version=2","display_name":"G T","link":"https://stackoverflow.com/users/21201068/g-t"},"is_answered":true,"view_count":50,"accepted_answer_id":75432011,"answer_count":1,"score":0,"last_activity_date":1676278092,"creation_date":1676263504,"last_edit_date":1676278092,"question_id":75431966,"content_license":"CC BY-SA 4.0","link":"https://stackoverflow.com/questions/75431966/how-can-i-fix-this-to-apply-css","title":"How can I fix this to apply CSS?"}],"has_more":true,"quota_max":300,"quota_remaining":298}