{"items":[{"tags":["swift","swiftui"],"owner":{"account_id":20525873,"reputation":1,"user_id":15064326,"user_type":"registered","profile_image":"https://www.gravatar.com/avatar/b39fc136137f62af76ed05b64b1a0e04?s=256&d=identicon&r=PG&f=y&so-version=2","display_name":"Tonny Hawk","link":"https://stackoverflow.com/users/15064326/tonny-hawk"},"is_answered":false,"view_count":99,"answer_count":1,"score":-2,"last_activity_date":1681156549,"creation_date":1680627574,"question_id":75931987,"content_license":"CC BY-SA 4.0","link":"https://stackoverflow.com/questions/75931987/swift-type-of-expression-is-ambiguous-without-more-context-error-on-task","title":"Swift Type of expression is ambiguous without more context error on Task"},{"tags":["reactjs","json","electron"],"owner":{"account_id":20835432,"reputation":1,"user_id":15303488,"user_type":"registered","profile_image":"https://lh3.googleusercontent.com/a-/AOh14GicQLWCt7Rfk8iw0ByyLX6Y8bGLveTNlYeSrfOSwg=k-s256","display_name":"Randy Batista","link":"https://stackoverflow.com/users/15303488/randy-batista"},"is_answered":false,"view_count":52,"answer_count":0,"score":0,"last_activity_date":1680627548,"creation_date":1680627548,"question_id":75931985,"content_license":"CC BY-SA 4.0","link":"https://stackoverflow.com/questions/75931985/electron-js-is-not-exporting-files-for-production-when-running-the-build-command","title":"Electron.js is not exporting files for production when running the build command"},{"tags":["karate"],"owner":{"account_id":2335826,"reputation":439,"user_id":2048207,"user_type":"registered","accept_rate":100,"profile_image":"https://i.stack.imgur.com/Wr4pE.png?s=256&g=1","display_name":"mike","link":"https://stackoverflow.com/users/2048207/mike"},"is_answered":false,"view_count":79,"answer_count":0,"score":1,"last_activity_date":1680627526,"creation_date":1680627526,"question_id":75931984,"content_license":"CC BY-SA 4.0","link":"https://stackoverflow.com/questions/75931984/combine-runner-results-in-reporting-for-ease-of-use-in-ci-cd-pipeline","title":"Combine Runner Results in reporting for ease of use in CI/CD pipeline"},{"tags":["python","google-colaboratory","pickle","langchain"],"owner":{"account_id":28214988,"reputation":11,"user_id":21566664,"user_type":"registered","profile_image":"https://www.gravatar.com/avatar/1b4de8400206c64d4501e901887c3bf6?s=256&d=identicon&r=PG&f=y&so-version=2","display_name":"toot83","link":"https://stackoverflow.com/users/21566664/toot83"},"is_answered":false,"view_count":972,"answer_count":1,"score":1,"last_activity_date":1682851893,"creation_date":1680627502,"last_edit_date":1680628071,"question_id":75931980,"content_license":"CC BY-SA 4.0","link":"https://stackoverflow.com/questions/75931980/attributeerror-cant-get-attribute-document-on-module-langchain-schema-on","title":"“AttributeError: Can&#39;t get attribute &#39;Document&#39; on &lt;module &#39;langchain.schema&#39; on Google Colab"},{"tags":["wordpress","ansible","wp-cli"],"owner":{"account_id":16257680,"reputation":173,"user_id":13901158,"user_type":"registered","profile_image":"https://www.gravatar.com/avatar/5ad11ea98d86f4b640de1a4ffe54c10b?s=256&d=identicon&r=PG&f=y&so-version=2","display_name":"Roberto Jobet","link":"https://stackoverflow.com/users/13901158/roberto-jobet"},"is_answered":true,"view_count":210,"accepted_answer_id":75953357,"answer_count":1,"score":1,"last_activity_date":1680817360,"creation_date":1680627494,"last_edit_date":1680810601,"question_id":75931979,"content_license":"CC BY-SA 4.0","link":"https://stackoverflow.com/questions/75931979/permissions-error-on-ansible-playbook-updating-wordpress-with-wp-cli-tool","title":"Permissions error on Ansible playbook updating WordPress with wp-cli tool"},{"tags":["whatsapp"],"owner":{"account_id":135820,"reputation":101,"user_id":338932,"user_type":"registered","accept_rate":17,"profile_image":"https://www.gravatar.com/avatar/2b487596d51f09f9c070316dacd52da0?s=256&d=identicon&r=PG&f=y&so-version=2","display_name":"eso","link":"https://stackoverflow.com/users/338932/eso"},"is_answered":true,"view_count":52,"accepted_answer_id":75935537,"answer_count":1,"score":0,"last_activity_date":1680667362,"creation_date":1680627491,"last_edit_date":1680667362,"question_id":75931978,"content_license":"CC BY-SA 4.0","link":"https://stackoverflow.com/questions/75931978/whatsapp-invalid-num-of-params","title":"WhatsApp invalid num of params"},{"tags":["javascript","html","css"],"owner":{"account_id":22656736,"reputation":1,"user_id":21566540,"user_type":"registered","profile_image":"https://www.gravatar.com/avatar/34579b695103e2499da3374e4ab64ba1?s=256&d=identicon&r=PG&f=y&so-version=2","display_name":"Amaan_aly","link":"https://stackoverflow.com/users/21566540/amaan-aly"},"is_answered":false,"view_count":64,"answer_count":1,"score":0,"last_activity_date":1680668873,"creation_date":1680627465,"last_edit_date":1680628301,"question_id":75931976,"content_license":"CC BY-SA 4.0","link":"https://stackoverflow.com/questions/75931976/toggle-button-not-working-in-accordion-made-using-javascript","title":"Toggle button not working in accordion, made using JavaScript"},{"tags":["r","zip"],"owner":{"account_id":27984927,"reputation":25,"user_id":21371989,"user_type":"registered","profile_image":"https://www.gravatar.com/avatar/c33e3fd01d08ca7805159cf0955ebbb6?s=256&d=identicon&r=PG","display_name":"James S","link":"https://stackoverflow.com/users/21371989/james-s"},"is_answered":true,"view_count":61,"accepted_answer_id":75932163,"answer_count":1,"score":2,"last_activity_date":1680629100,"creation_date":1680627454,"last_edit_date":1680627658,"question_id":75931975,"content_license":"CC BY-SA 4.0","link":"https://stackoverflow.com/questions/75931975/r-cant-download-zip-from-url","title":"R: Can&#39;t download .zip from url"},{"tags":["javascript","arrays","object"],"owner":{"account_id":7245665,"reputation":1745,"user_id":5527646,"user_type":"registered","accept_rate":84,"profile_image":"https://www.gravatar.com/avatar/28d6209af26307872aa4efc6fcd79452?s=256&d=identicon&r=PG","display_name":"gwydion93","link":"https://stackoverflow.com/users/5527646/gwydion93"},"is_answered":true,"view_count":46,"accepted_answer_id":75932035,"answer_count":4,"score":2,"last_activity_date":1680629207,"creation_date":1680627430,"last_edit_date":1680627712,"question_id":75931974,"content_license":"CC BY-SA 4.0","link":"https://stackoverflow.com/questions/75931974/how-to-create-separate-arrays-from-a-parent-object-array","title":"How to create separate arrays from a parent object array"},{"tags":["python-3.x","opencv","pdf","ocr"],"owner":{"account_id":11799058,"reputation":1,"user_id":8633178,"user_type":"registered","profile_image":"https://www.gravatar.com/avatar/1f8bb804a921ce104e7ddda5163c26f6?s=256&d=identicon&r=PG","display_name":"user8633178","link":"https://stackoverflow.com/users/8633178/user8633178"},"is_answered":false,"view_count":40,"answer_count":0,"score":0,"last_activity_date":1680627400,"creation_date":1680627400,"question_id":75931972,"content_license":"CC BY-SA 4.0","link":"https://stackoverflow.com/questions/75931972/pdf-questions-extraction","title":"PDF Questions Extraction"},{"tags":["java","spring-boot","spring-security","jwt","spring-security-oauth2"],"owner":{"account_id":27903581,"reputation":37,"user_id":21307309,"user_type":"registered","profile_image":"https://www.gravatar.com/avatar/b63b285da053e2d850472f97945e4f6b?s=256&d=identicon&r=PG","display_name":"noob555","link":"https://stackoverflow.com/users/21307309/noob555"},"is_answered":false,"view_count":201,"answer_count":1,"score":-2,"last_activity_date":1680629014,"creation_date":1680627384,"question_id":75931971,"content_license":"CC BY-SA 4.0","link":"https://stackoverflow.com/questions/75931971/roles-based-authorization-using-jwt-token-with-roles-without-verifying-the-token","title":"Roles based authorization using JWT token with Roles without verifying the token"},{"tags":["gcc","makefile","gnu","hpc"],"owner":{"account_id":7697866,"reputation":101,"user_id":21566592,"user_type":"registered","profile_image":"https://www.gravatar.com/avatar/5a835bb1f71afd93130b4e6d04502a4f?s=256&d=identicon&r=PG&f=y&so-version=2","display_name":"NotSoSN","link":"https://stackoverflow.com/users/21566592/notsosn"},"is_answered":false,"view_count":60,"answer_count":0,"score":0,"last_activity_date":1680631028,"creation_date":1680627339,"last_edit_date":1680631028,"question_id":75931966,"content_license":"CC BY-SA 4.0","link":"https://stackoverflow.com/questions/75931966/gcc-errors-for-optimization-flags-fast-2-ipo-and-fp-model-when-compiling-o","title":"gcc errors for optimization flags (fast=2, -ipo, and -fp-model) when compiling on HPC"},{"tags":["r","bioinformatics","bioconductor","seurat"],"owner":{"account_id":27582027,"reputation":15,"user_id":21051029,"user_type":"registered","profile_image":"https://www.gravatar.com/avatar/8afe62ca2e46710b856b74f9eddfe02b?s=256&d=identicon&r=PG","display_name":"emily","link":"https://stackoverflow.com/users/21051029/emily"},"is_answered":true,"view_count":830,"accepted_answer_id":75933735,"answer_count":1,"score":1,"last_activity_date":1681757772,"creation_date":1680627318,"last_edit_date":1680690458,"question_id":75931964,"content_license":"CC BY-SA 4.0","link":"https://stackoverflow.com/questions/75931964/adding-donor-level-metadata-to-an-integrated-seurat-object","title":"Adding Donor-Level Metadata to an Integrated Seurat Object"},{"tags":["android","github","github-actions","pipeline","github-ci"],"owner":{"account_id":4405649,"reputation":1807,"user_id":3590155,"user_type":"registered","accept_rate":60,"profile_image":"https://i.stack.imgur.com/GBceX.jpg?s=256&g=1","display_name":"Leonardo Sibela","link":"https://stackoverflow.com/users/3590155/leonardo-sibela"},"is_answered":false,"view_count":956,"answer_count":2,"score":1,"last_activity_date":1680630314,"creation_date":1680627312,"last_edit_date":1680629347,"question_id":75931963,"content_license":"CC BY-SA 4.0","link":"https://stackoverflow.com/questions/75931963/where-does-github-actions-stores-the-log-files","title":"Where does github actions stores the log files?"},{"tags":["javascript","popup","heatmap","qualtrics"],"owner":{"account_id":28214959,"reputation":1,"user_id":21566640,"user_type":"registered","profile_image":"https://lh3.googleusercontent.com/a/AGNmyxZKsKNGiom5tsC846ekvaC4QEpiJgb50BqmeVKJ=k-s256","display_name":"Caroline Davies","link":"https://stackoverflow.com/users/21566640/caroline-davies"},"is_answered":false,"view_count":28,"answer_count":0,"score":0,"last_activity_date":1680627312,"creation_date":1680627312,"question_id":75931962,"content_license":"CC BY-SA 4.0","link":"https://stackoverflow.com/questions/75931962/qualtrics-heat-map-pop-up-open-end","title":"Qualtrics Heat Map Pop Up (Open end)"},{"tags":["sql","azure","parameters","widget","azure-databricks"],"owner":{"account_id":8844989,"reputation":377,"user_id":6606057,"user_type":"registered","accept_rate":75,"profile_image":"https://i.stack.imgur.com/s48Bh.jpg?s=256&g=1","display_name":"Englishman Bob","link":"https://stackoverflow.com/users/6606057/englishman-bob"},"is_answered":true,"view_count":549,"accepted_answer_id":75937632,"answer_count":1,"score":0,"last_activity_date":1680685793,"creation_date":1680627297,"last_edit_date":1680629060,"question_id":75931960,"content_license":"CC BY-SA 4.0","link":"https://stackoverflow.com/questions/75931960/create-widget-that-passes-date-to-query-in-azure-databricks","title":"Create Widget that Passes Date to Query in Azure Databricks"},{"tags":["python","windows","tensorflow","conv-neural-network","gpu"],"owner":{"account_id":24836356,"reputation":11,"user_id":18714950,"user_type":"registered","profile_image":"https://lh3.googleusercontent.com/a-/AOh14GjcshWoOSvIbDo_Z2MV7XeE7m7d-xs221DNxhKdng=k-s256","display_name":"Renato Pomparau","link":"https://stackoverflow.com/users/18714950/renato-pomparau"},"is_answered":false,"view_count":123,"answer_count":1,"score":-1,"last_activity_date":1680704212,"creation_date":1680627285,"last_edit_date":1680627438,"question_id":75931959,"content_license":"CC BY-SA 4.0","link":"https://stackoverflow.com/questions/75931959/miniconda-tenser-flow-nvidia-cudnn","title":"Miniconda, tenser flow , Nvidia cuDNN"},{"tags":["firebase","go","firebase-authentication","google-api","recaptcha"],"owner":{"account_id":49908,"reputation":4338,"user_id":148736,"user_type":"registered","accept_rate":63,"profile_image":"https://i.stack.imgur.com/ybJTv.png?s=256&g=1","display_name":"Andrew Arrow","link":"https://stackoverflow.com/users/148736/andrew-arrow"},"is_answered":false,"view_count":53,"answer_count":0,"score":0,"last_activity_date":1680627281,"creation_date":1680627281,"question_id":75931958,"content_license":"CC BY-SA 4.0","link":"https://stackoverflow.com/questions/75931958/what-is-correct-flow-for-phone-number-web-firebase-authentication-from-backend","title":"What is correct flow for phone number web firebase authentication from backend?"},{"tags":["python","pandas","dataframe","numpy","plot"],"owner":{"account_id":9501638,"reputation":11,"user_id":7062487,"user_type":"registered","profile_image":"https://www.gravatar.com/avatar/516c3e7d5ea4a1bea2872aa50ad24ec5?s=256&d=identicon&r=PG&f=y&so-version=2","display_name":"Dogz","link":"https://stackoverflow.com/users/7062487/dogz"},"is_answered":false,"view_count":91,"answer_count":1,"score":0,"last_activity_date":1680705242,"creation_date":1680627280,"last_edit_date":1680650167,"question_id":75931957,"content_license":"CC BY-SA 4.0","link":"https://stackoverflow.com/questions/75931957/plotting-many-samples-over-time-with-error-bars-with-matlibplot-whatever-i-try-r","title":"Plotting many samples over time with error bars with matlibplot-whatever I try receives errors"},{"tags":["python","email","networking","server","smtp"],"owner":{"account_id":25620887,"reputation":3,"user_id":19392795,"user_type":"registered","profile_image":"https://www.gravatar.com/avatar/0c9660be4e0f39c22bd4c27e4f07c1ca?s=256&d=identicon&r=PG","display_name":"santonijoe","link":"https://stackoverflow.com/users/19392795/santonijoe"},"is_answered":false,"view_count":73,"answer_count":0,"score":0,"last_activity_date":1680721694,"creation_date":1680627266,"question_id":75931954,"content_license":"CC BY-SA 4.0","link":"https://stackoverflow.com/questions/75931954/connection-reset-by-peer-python-smtp","title":"Connection reset by peer (Python SMTP)"},{"tags":["flutter","certificate","mqtt"],"owner":{"account_id":18683611,"reputation":71,"user_id":13619628,"user_type":"registered","profile_image":"https://lh4.googleusercontent.com/-2frylk3-VWM/AAAAAAAAAAI/AAAAAAAAAAA/AMZuucnXaYlrfSri6VrEaUYgUe9otKApVw/photo.jpg?sz=256","display_name":"AAnon","link":"https://stackoverflow.com/users/13619628/aanon"},"is_answered":true,"view_count":487,"accepted_answer_id":75932640,"answer_count":1,"score":0,"last_activity_date":1680632872,"creation_date":1680627231,"last_edit_date":1680632604,"question_id":75931946,"content_license":"CC BY-SA 4.0","link":"https://stackoverflow.com/questions/75931946/flutter-wont-load-certificate-from-assets","title":"Flutter won&#39;t load certificate from assets"},{"tags":["python","dataframe","data-science","filtering"],"owner":{"account_id":28214864,"reputation":1,"user_id":21566561,"user_type":"registered","profile_image":"https://lh3.googleusercontent.com/a/AGNmyxbNIhOByIHBA1W_7zb8dGZTTs9ADBQwgNJnCq9L=k-s256","display_name":"Ben Davis","link":"https://stackoverflow.com/users/21566561/ben-davis"},"is_answered":false,"view_count":31,"answer_count":1,"score":0,"last_activity_date":1680685229,"creation_date":1680627225,"last_edit_date":1680684019,"question_id":75931945,"content_license":"CC BY-SA 4.0","link":"https://stackoverflow.com/questions/75931945/is-there-any-neat-way-to-slice-and-combine-dataframes","title":"Is there any neat way to slice and combine dataframes?"},{"tags":["python"],"owner":{"account_id":28214954,"reputation":1,"user_id":21566635,"user_type":"registered","profile_image":"https://lh3.googleusercontent.com/a/AGNmyxYol8epvQety391wLFiGKalxkvrjEMWnF8zXKmUVA=k-s256","display_name":"Liam Alexander","link":"https://stackoverflow.com/users/21566635/liam-alexander"},"is_answered":false,"view_count":32,"answer_count":0,"score":0,"last_activity_date":1680627194,"creation_date":1680627194,"question_id":75931940,"content_license":"CC BY-SA 4.0","link":"https://stackoverflow.com/questions/75931940/multiple-batteries-infomation-python","title":"Multiple Batteries infomation python"},{"tags":["asp.net-mvc","entity-framework"],"owner":{"account_id":28214922,"reputation":1,"user_id":21566610,"user_type":"registered","profile_image":"https://lh3.googleusercontent.com/a/AGNmyxbQUK7b8zZSO8DjFzKFl3o0LMjVIR01i3SnXWCYXQ=k-s256","display_name":"Kerem &#199;EKER","link":"https://stackoverflow.com/users/21566610/kerem-%c3%87eker"},"is_answered":false,"view_count":12,"answer_count":0,"score":0,"last_activity_date":1680627191,"creation_date":1680627191,"question_id":75931939,"content_license":"CC BY-SA 4.0","link":"https://stackoverflow.com/questions/75931939/an-unhandled-exception-occurred-while-processing-the-request-the-page-cant-ope","title":"An unhandled exception occurred while processing the request. The page can&#39;t open"},{"tags":["excel","vba"],"owner":{"account_id":4746114,"reputation":361,"user_id":3837438,"user_type":"registered","accept_rate":65,"profile_image":"https://www.gravatar.com/avatar/388fb55ab937f74f1ef3f32e17d84753?s=256&d=identicon&r=PG&f=y&so-version=2","display_name":"spaindc","link":"https://stackoverflow.com/users/3837438/spaindc"},"is_answered":true,"view_count":59,"accepted_answer_id":75932327,"answer_count":2,"score":2,"last_activity_date":1680919831,"creation_date":1680627180,"last_edit_date":1680628159,"question_id":75931935,"content_license":"CC BY-SA 4.0","link":"https://stackoverflow.com/questions/75931935/vba-copy-all-lines-with-matching-id","title":"VBA Copy all lines with matching ID"},{"tags":["python","postgresql","heroku","heroku-postgres","dyno"],"owner":{"account_id":28187889,"reputation":11,"user_id":21543763,"user_type":"registered","profile_image":"https://lh3.googleusercontent.com/a/AGNmyxazV8hXlqmAurJ6rNrHPeoO593II_38puUsSVl-AQ=k-s256","display_name":"Thibault Roussel","link":"https://stackoverflow.com/users/21543763/thibault-roussel"},"is_answered":false,"view_count":38,"answer_count":0,"score":1,"last_activity_date":1680627159,"creation_date":1680627159,"question_id":75931934,"content_license":"CC BY-SA 4.0","link":"https://stackoverflow.com/questions/75931934/heroku-postgres-crached","title":"Heroku postgres crached"},{"tags":["azure","chatbot","langchain"],"owner":{"account_id":2926028,"reputation":720,"user_id":2507311,"user_type":"registered","profile_image":"https://i.stack.imgur.com/EQR4B.jpg?s=256&g=1","display_name":"kslote1","link":"https://stackoverflow.com/users/2507311/kslote1"},"is_answered":false,"view_count":1139,"answer_count":1,"score":0,"last_activity_date":1682331296,"creation_date":1680627150,"question_id":75931932,"content_license":"CC BY-SA 4.0","link":"https://stackoverflow.com/questions/75931932/langchain-with-azure-attributeerror-cant-get-attribute-document-when-importi","title":"Langchain with Azure AttributeError: Can&#39;t get attribute &#39;Document&#39; when importing langchain.schema in Python"},{"tags":["flutter","flutter-navigation","flutter-routes"],"owner":{"account_id":26703291,"reputation":53,"user_id":20309974,"user_type":"registered","profile_image":"https://www.gravatar.com/avatar/1af86345958e6df2e52c85048039c5f6?s=256&d=identicon&r=PG","display_name":"byraychen","link":"https://stackoverflow.com/users/20309974/byraychen"},"is_answered":true,"view_count":168,"answer_count":1,"score":0,"last_activity_date":1680628175,"creation_date":1680627136,"question_id":75931929,"content_license":"CC BY-SA 4.0","link":"https://stackoverflow.com/questions/75931929/using-getx-pages-with-fixed-google-navbar-in-flutter","title":"Using Getx Pages with Fixed Google NavBar in Flutter"},{"tags":["docker","docker-compose","linux-device-driver","kvm","mknod"],"owner":{"account_id":193790,"reputation":9148,"user_id":435733,"user_type":"registered","accept_rate":70,"profile_image":"https://www.gravatar.com/avatar/968a7de174c8fe9d63e2df90fdb17289?s=256&d=identicon&r=PG&f=y&so-version=2","display_name":"Maestro","link":"https://stackoverflow.com/users/435733/maestro"},"is_answered":true,"view_count":258,"accepted_answer_id":75933434,"answer_count":1,"score":0,"last_activity_date":1680638893,"creation_date":1680627082,"question_id":75931923,"content_license":"CC BY-SA 4.0","link":"https://stackoverflow.com/questions/75931923/can-you-use-dev-kvm-without-adding-it-as-a-device","title":"Can you use /dev/kvm without adding it as a device?"},{"tags":["node.js","react-native","expo","node-modules","npm-install"],"owner":{"account_id":2519172,"reputation":121,"user_id":6998445,"user_type":"registered","profile_image":"https://www.gravatar.com/avatar/cbde43c29523958621be34beacfecccd?s=256&d=identicon&r=PG","display_name":"Amey079","link":"https://stackoverflow.com/users/6998445/amey079"},"is_answered":false,"view_count":14,"answer_count":0,"score":0,"last_activity_date":1680627068,"creation_date":1680627068,"question_id":75931921,"content_license":"CC BY-SA 4.0","link":"https://stackoverflow.com/questions/75931921/error-eacces-while-downloading-expo-cli-even-after-installing-node-via-nvm","title":"Error: EACCES while downloading expo-cli even after installing node via nvm"}],"has_more":true,"quota_max":300,"quota_remaining":96}