{"items":[{"tags":["php","regex","string"],"owner":{"account_id":28182980,"reputation":11,"user_id":21539690,"user_type":"registered","profile_image":"https://lh3.googleusercontent.com/a/AGNmyxbLfezehxrGYArTg_9wJyJBdQsYLXsSERYqaY39=k-s256","display_name":"Theodor Chiriac","link":"https://stackoverflow.com/users/21539690/theodor-chiriac"},"is_answered":false,"view_count":40,"answer_count":1,"score":0,"last_activity_date":1680305787,"creation_date":1680303560,"last_edit_date":1680305295,"question_id":75903330,"content_license":"CC BY-SA 4.0","link":"https://stackoverflow.com/questions/75903330/why-cant-i-remove-specific-patterns-from-php-string","title":"Why can&#39;t I remove specific patterns from php string?"},{"tags":["flutter","widget"],"owner":{"account_id":28182912,"reputation":11,"user_id":21539629,"user_type":"registered","profile_image":"https://lh3.googleusercontent.com/a/AGNmyxYe7xvjFPDFRJYTJ3lRimjLOp0cQxGgO_4Rw6p5=k-s256","display_name":"Tasbeh Ammar","link":"https://stackoverflow.com/users/21539629/tasbeh-ammar"},"is_answered":false,"view_count":83,"answer_count":0,"score":1,"last_activity_date":1680332634,"creation_date":1680303528,"last_edit_date":1680332634,"question_id":75903328,"content_license":"CC BY-SA 4.0","link":"https://stackoverflow.com/questions/75903328/break-and-wrap-widget-not-text-widget-to-next-line-in-a-row-but-start-from-ex","title":"Break and wrap (widget-not Text Widget-) to next line in a row but start from extreme left of parent widget"},{"tags":["java","mockito","java-17"],"owner":{"account_id":3303451,"reputation":515,"user_id":2778987,"user_type":"registered","accept_rate":25,"profile_image":"https://www.gravatar.com/avatar/c6059097d6b66a7b24c6094dac49c8fc?s=256&d=identicon&r=PG&f=y&so-version=2","display_name":"user7","link":"https://stackoverflow.com/users/2778987/user7"},"is_answered":false,"view_count":384,"answer_count":0,"score":0,"last_activity_date":1680355424,"creation_date":1680303461,"last_edit_date":1680355424,"question_id":75903326,"content_license":"CC BY-SA 4.0","link":"https://stackoverflow.com/questions/75903326/fields-initialized-with-mockitoannotations-openmocks-beforeclass-are-null-in","title":"Fields initialized with MockitoAnnotations.openMocks() @beforeClass are null in other tests of the same class"},{"tags":["image","volume","paraview"],"owner":{"account_id":28182953,"reputation":1,"user_id":21539665,"user_type":"registered","profile_image":"https://lh3.googleusercontent.com/a/AGNmyxZx6XyKIykJ4uN42mDn1iE8SoNc4rsxCjfHPP1W9CA=k-s256","display_name":"Fellipe Baptista","link":"https://stackoverflow.com/users/21539665/fellipe-baptista"},"is_answered":false,"view_count":42,"answer_count":0,"score":0,"last_activity_date":1680303457,"creation_date":1680303457,"question_id":75903324,"content_license":"CC BY-SA 4.0","link":"https://stackoverflow.com/questions/75903324/construct-volumes-in-paraview","title":"Construct volumes in paraview"},{"tags":["python","face-recognition","image-recognition"],"owner":{"account_id":28182938,"reputation":1,"user_id":21539651,"user_type":"registered","profile_image":"https://lh3.googleusercontent.com/a/AGNmyxYan3HyQ11Zj5PwiSmsc-AnFIz52rq_KnNCOx74JA=k-s256","display_name":"Jan Tena","link":"https://stackoverflow.com/users/21539651/jan-tena"},"is_answered":false,"view_count":122,"answer_count":0,"score":0,"last_activity_date":1680341716,"creation_date":1680303443,"last_edit_date":1680341716,"question_id":75903322,"content_license":"CC BY-SA 4.0","link":"https://stackoverflow.com/questions/75903322/save-model-face-recognition","title":"save model face recognition"},{"tags":["boolean","constraints","cvxpy","mixed-integer-programming","inequality"],"owner":{"account_id":28182956,"reputation":13,"user_id":21539668,"user_type":"registered","profile_image":"https://lh3.googleusercontent.com/a/AGNmyxa7u8EmS5_1qScoNS4YAdrsftiWqNDAxmBQQlUB=k-s256","display_name":"Nick","link":"https://stackoverflow.com/users/21539668/nick"},"is_answered":true,"view_count":91,"accepted_answer_id":75907429,"answer_count":1,"score":0,"last_activity_date":1680404480,"creation_date":1680303406,"question_id":75903321,"content_license":"CC BY-SA 4.0","link":"https://stackoverflow.com/questions/75903321/how-to-set-not-equal-to-constraint-to-a-boolean-vector-variable","title":"How to set not equal to constraint to a boolean vector variable"},{"tags":["c++","object","constructor"],"owner":{"account_id":11929406,"reputation":3,"user_id":8729710,"user_type":"registered","profile_image":"https://www.gravatar.com/avatar/b362d9593790df7100a4d5aca60266f0?s=256&d=identicon&r=PG&f=y&so-version=2","display_name":"coldfusion","link":"https://stackoverflow.com/users/8729710/coldfusion"},"is_answered":true,"view_count":51,"accepted_answer_id":75903336,"answer_count":1,"score":0,"last_activity_date":1680304088,"creation_date":1680303386,"question_id":75903320,"content_license":"CC BY-SA 4.0","link":"https://stackoverflow.com/questions/75903320/constructor-and-functions-not-running-in-c","title":"Constructor and functions not running in C++"},{"tags":["flutter","runtime-error"],"owner":{"account_id":28182847,"reputation":1,"user_id":21539578,"user_type":"registered","profile_image":"https://lh3.googleusercontent.com/a/AGNmyxa1gnmfFSIiIhhniaDzKeXjERumUnTHgl5srNgWAw=k-s256","display_name":"Cristiano Z","link":"https://stackoverflow.com/users/21539578/cristiano-z"},"is_answered":false,"view_count":141,"answer_count":1,"score":0,"last_activity_date":1680507692,"creation_date":1680303378,"last_edit_date":1680303979,"question_id":75903319,"content_license":"CC BY-SA 4.0","link":"https://stackoverflow.com/questions/75903319/debut-ios-from-flutter","title":"Debut iOS from Flutter"},{"tags":["reactjs","file","download"],"owner":{"account_id":17655954,"reputation":151,"user_id":12815544,"user_type":"registered","profile_image":"https://lh3.googleusercontent.com/a-/AAuE7mByvtco76jb73IlcmXiGrfVm9J0bW2mDx7_eSG1ag=k-s256","display_name":"chrysa","link":"https://stackoverflow.com/users/12815544/chrysa"},"is_answered":true,"view_count":441,"answer_count":1,"score":1,"last_activity_date":1680304436,"creation_date":1680303375,"question_id":75903318,"content_license":"CC BY-SA 4.0","link":"https://stackoverflow.com/questions/75903318/downloading-a-string-as-a-text-file-works-only-once-per-render-react","title":"Downloading a string as a text file works only once per render? (React)"},{"tags":["c#","linq","serialization"],"owner":{"account_id":3179264,"reputation":1640,"user_id":2686399,"user_type":"registered","accept_rate":75,"profile_image":"https://i.stack.imgur.com/Gi3zf.jpg?s=256&g=1","display_name":"jrandomuser","link":"https://stackoverflow.com/users/2686399/jrandomuser"},"is_answered":true,"view_count":40,"answer_count":1,"score":0,"last_activity_date":1680311534,"creation_date":1680303305,"last_edit_date":1680308200,"question_id":75903313,"content_license":"CC BY-SA 4.0","link":"https://stackoverflow.com/questions/75903313/why-does-extracting-a-select-expression-to-a-variable-affect-the-collections-abi","title":"Why does extracting a Select Expression to a variable affect the collections ability to be serialized?"},{"tags":["javascript","html","jquery"],"owner":{"account_id":28182946,"reputation":33,"user_id":21539659,"user_type":"registered","profile_image":"https://lh3.googleusercontent.com/a/AGNmyxbuE20l3vRRcbKgsKh5kJpV5FOWkxFHX6C2JUMXv8w=k-s256","display_name":"Julia Langford","link":"https://stackoverflow.com/users/21539659/julia-langford"},"is_answered":true,"view_count":44,"accepted_answer_id":75903360,"answer_count":1,"score":2,"last_activity_date":1680332108,"creation_date":1680303279,"last_edit_date":1680332108,"question_id":75903309,"content_license":"CC BY-SA 4.0","link":"https://stackoverflow.com/questions/75903309/jquery-not-being-added-correctly-onto-html-page","title":"jQuery not being added correctly onto html page"},{"tags":["three.js","3d"],"owner":{"account_id":7467700,"reputation":1489,"user_id":5676603,"user_type":"registered","profile_image":"https://lh4.googleusercontent.com/-R89rDG3KjPg/AAAAAAAAAAI/AAAAAAAAACk/Yxi8Mvd8YNY/photo.jpg?sz=256","display_name":"Pravin Poudel","link":"https://stackoverflow.com/users/5676603/pravin-poudel"},"is_answered":false,"view_count":40,"answer_count":1,"score":0,"last_activity_date":1680701718,"creation_date":1680303232,"last_edit_date":1680701718,"question_id":75903306,"content_license":"CC BY-SA 4.0","link":"https://stackoverflow.com/questions/75903306/orbitcontroller-panning-and-zooming-on-large-scene","title":"OrbitController panning and zooming on large scene"},{"tags":["types","grammar","language-design","variant","type-theory"],"owner":{"account_id":328297,"reputation":106446,"user_id":651174,"user_type":"registered","accept_rate":92,"profile_image":"https://www.gravatar.com/avatar/2e2d79b9350ef4ebf04ac0ad5816a5c3?s=256&d=identicon&r=PG","display_name":"David542","link":"https://stackoverflow.com/users/651174/david542"},"is_answered":true,"view_count":157,"answer_count":2,"score":0,"last_activity_date":1681070560,"creation_date":1680303092,"last_edit_date":1680307335,"question_id":75903300,"content_license":"CC BY-SA 4.0","link":"https://stackoverflow.com/questions/75903300/type-theory-with-an-any-variant-type","title":"Type theory with an Any/Variant type"},{"tags":["lua","roblox"],"owner":{"account_id":25811003,"reputation":5,"user_id":19551796,"user_type":"registered","profile_image":"https://www.gravatar.com/avatar/e4505324580d38e3f24a6b65dbdca2e4?s=256&d=identicon&r=PG","display_name":"Scriptified","link":"https://stackoverflow.com/users/19551796/scriptified"},"is_answered":false,"view_count":377,"answer_count":2,"score":0,"last_activity_date":1690316204,"creation_date":1680303076,"question_id":75903298,"content_license":"CC BY-SA 4.0","link":"https://stackoverflow.com/questions/75903298/roblox-group-finder-locked","title":"Roblox Group Finder: Locked"},{"tags":["c#","asp.net","webforms"],"owner":{"account_id":18445766,"reputation":42,"user_id":13437115,"user_type":"registered","profile_image":"https://lh5.googleusercontent.com/-IWoABgTMNPk/AAAAAAAAAAI/AAAAAAAAAAA/AAKWJJOfNhLjCQa5Fcezm-ZENoCyFcZG3g/photo.jpg?sz=256","display_name":"Kenneth McManis","link":"https://stackoverflow.com/users/13437115/kenneth-mcmanis"},"is_answered":false,"view_count":62,"answer_count":0,"score":0,"last_activity_date":1680303072,"creation_date":1680303072,"question_id":75903296,"content_license":"CC BY-SA 4.0","link":"https://stackoverflow.com/questions/75903296/net-framework-4-7-c-webforms-post-method-call-works-once-then-fails-with-webe","title":".NET Framework 4.7 C# WebForms POST method call works once, then fails with WebException: The remote name could not be resolved: &#39;xxx&#39;"},{"tags":["c#","unity-game-engine"],"owner":{"account_id":28182930,"reputation":1,"user_id":21539643,"user_type":"registered","profile_image":"https://www.gravatar.com/avatar/e94b07085235ba181936a80e36b04871?s=256&d=identicon&r=PG&f=y&so-version=2","display_name":"Red2Kit","link":"https://stackoverflow.com/users/21539643/red2kit"},"is_answered":false,"view_count":39,"answer_count":1,"score":-1,"last_activity_date":1680505109,"creation_date":1680303006,"last_edit_date":1680505109,"question_id":75903294,"content_license":"CC BY-SA 4.0","link":"https://stackoverflow.com/questions/75903294/i-cant-save-the-last-play-date-and-cant-compare-last-play-date-with-current-da","title":"I can&#39;t save the last play date and can&#39;t compare last play date with current date"},{"tags":["c#","unity-game-engine","collision"],"owner":{"user_type":"does_not_exist","display_name":"user21403547"},"is_answered":true,"view_count":286,"accepted_answer_id":75910365,"answer_count":1,"score":0,"last_activity_date":1680415195,"creation_date":1680302999,"question_id":75903293,"content_license":"CC BY-SA 4.0","link":"https://stackoverflow.com/questions/75903293/unity-when-objects-collide-they-start-rotating-for-a-long-time-how-to-turn-it","title":"Unity - when objects collide they start rotating for a long time, how to turn it off or slow it down?"},{"tags":["reactjs","dialog","fullcalendar"],"owner":{"account_id":27938016,"reputation":13,"user_id":21334574,"user_type":"registered","profile_image":"https://lh3.googleusercontent.com/a/AGNmyxa6Yis-4mNq1FUOM_r86xzfTplNR1-jVxkiPVlW=k-s256","display_name":"Jose Rangel","link":"https://stackoverflow.com/users/21334574/jose-rangel"},"is_answered":false,"view_count":232,"answer_count":0,"score":0,"last_activity_date":1680302982,"creation_date":1680302982,"question_id":75903292,"content_license":"CC BY-SA 4.0","link":"https://stackoverflow.com/questions/75903292/fullcalendar-io-reactjs","title":"FullCalendar.io ReactJS"},{"tags":["python","google-colaboratory","python-zipfile"],"owner":{"account_id":26736234,"reputation":1,"user_id":20337772,"user_type":"registered","profile_image":"https://lh3.googleusercontent.com/a/ALm5wu1qiE5YhIofg-oAGSkVzoF-OhxHhNM2jBW95DTH=k-s256","display_name":"Abdullah Shafiq","link":"https://stackoverflow.com/users/20337772/abdullah-shafiq"},"is_answered":false,"view_count":196,"answer_count":0,"score":0,"last_activity_date":1680312631,"creation_date":1680302964,"last_edit_date":1680312631,"question_id":75903289,"content_license":"CC BY-SA 4.0","link":"https://stackoverflow.com/questions/75903289/badzipfile-file-is-not-a-zip-file-in-google-colab","title":"BadZipFile: File is not a zip file in Google Colab"},{"tags":["php","wordpress","permalinks","custom-error-pages"],"owner":{"account_id":16230507,"reputation":1,"user_id":11719422,"user_type":"registered","profile_image":"https://www.gravatar.com/avatar/9e839737f31dae7fc885e91924a0a165?s=256&d=identicon&r=PG&f=y&so-version=2","display_name":"Rivenverse","link":"https://stackoverflow.com/users/11719422/rivenverse"},"is_answered":false,"view_count":110,"answer_count":0,"score":0,"last_activity_date":1680302947,"creation_date":1680302947,"question_id":75903288,"content_license":"CC BY-SA 4.0","link":"https://stackoverflow.com/questions/75903288/wordpress-return-404-error-for-all-pages-with-nginx-php-fpm-enabled","title":"WordPress return 404 error for all pages with Nginx PHP-FPM enabled"},{"tags":["kotlin","webpack","webpack-dev-server"],"owner":{"account_id":4162653,"reputation":416,"user_id":3412384,"user_type":"registered","accept_rate":57,"profile_image":"https://www.gravatar.com/avatar/43e6036fb0345bbb40f7fd18a8161af6?s=256&d=identicon&r=PG&f=y&so-version=2","display_name":"Splitframe","link":"https://stackoverflow.com/users/3412384/splitframe"},"is_answered":true,"view_count":90,"accepted_answer_id":75903350,"answer_count":1,"score":0,"last_activity_date":1680303748,"creation_date":1680302918,"question_id":75903286,"content_license":"CC BY-SA 4.0","link":"https://stackoverflow.com/questions/75903286/webpack-devserver-cannot-find-bundled-js-script","title":"Webpack DevServer cannot find bundled js script"},{"tags":["android","ios","flutter","dart","debugging"],"owner":{"account_id":27904587,"reputation":59,"user_id":21539631,"user_type":"registered","profile_image":"https://lh3.googleusercontent.com/a/AGNmyxZDqJCFNuTC7NvX21XjsICFn3z9P83M1kVdTNlx=k-s256","display_name":"SSFJHGKJFHG","link":"https://stackoverflow.com/users/21539631/ssfjhgkjfhg"},"is_answered":false,"view_count":35,"answer_count":1,"score":0,"last_activity_date":1680314886,"creation_date":1680302883,"question_id":75903284,"content_license":"CC BY-SA 4.0","link":"https://stackoverflow.com/questions/75903284/could-someone-help-me-debug-the-gesturedetector-for-this-recipe-app-in-flutter","title":"Could someone help me debug the gesturedetector for this recipe app in flutter?"},{"tags":["java","spring","spring-mvc","spring-security","thymeleaf"],"owner":{"account_id":22900933,"reputation":1,"user_id":17039659,"user_type":"registered","profile_image":"https://www.gravatar.com/avatar/2a3c54c886cebbbe3ad5431a83d217d1?s=256&d=identicon&r=PG&f=y&so-version=2","display_name":"Johndavid Cabal","link":"https://stackoverflow.com/users/17039659/johndavid-cabal"},"is_answered":true,"view_count":647,"answer_count":2,"score":-1,"last_activity_date":1680603325,"creation_date":1680302852,"last_edit_date":1680304691,"question_id":75903282,"content_license":"CC BY-SA 4.0","link":"https://stackoverflow.com/questions/75903282/how-can-i-configure-logout-functionality-in-spring-security-with-thymeleaf","title":"How can I configure logout functionality in spring security with thymeleaf?"},{"tags":["reinforcement-learning"],"owner":{"account_id":16745073,"reputation":344,"user_id":12103619,"user_type":"registered","profile_image":"https://graph.facebook.com/2525612817503869/picture?type=large","display_name":"Aydin Abiar","link":"https://stackoverflow.com/users/12103619/aydin-abiar"},"is_answered":false,"view_count":23,"answer_count":0,"score":0,"last_activity_date":1680302754,"creation_date":1680302754,"question_id":75903274,"content_license":"CC BY-SA 4.0","link":"https://stackoverflow.com/questions/75903274/reinforcement-learning-when-aciton-space-is-a-vector-of-percentages-summing-to-1","title":"Reinforcement Learning when aciton space is a vector of percentages summing to 1"},{"tags":["graph","highcharts","tooltip","angular-highcharts"],"owner":{"account_id":18851416,"reputation":301,"user_id":13750464,"user_type":"registered","profile_image":"https://lh3.googleusercontent.com/a-/AOh14GhclGHL9kFAruaZkbDu1mbw45PpzCttKE9q0F41iA=k-s256","display_name":"Athulya Ratheesh","link":"https://stackoverflow.com/users/13750464/athulya-ratheesh"},"is_answered":false,"view_count":107,"answer_count":1,"score":0,"last_activity_date":1681830455,"creation_date":1680302646,"question_id":75903270,"content_license":"CC BY-SA 4.0","link":"https://stackoverflow.com/questions/75903270/export-highchartgraph-with-tooltips-and-labels","title":"Export highchartgraph with tooltips and labels"},{"tags":["colors","editor"],"owner":{"account_id":27895544,"reputation":1,"user_id":21300913,"user_type":"registered","profile_image":"https://lh3.googleusercontent.com/a/AGNmyxay3oRINW9yKCvRG-0_qDlkoglP1kOUaR9jf0K1=k-s256","display_name":"HIT","link":"https://stackoverflow.com/users/21300913/hit"},"is_answered":false,"view_count":12,"answer_count":0,"score":0,"last_activity_date":1680302625,"creation_date":1680302625,"question_id":75903269,"content_license":"CC BY-SA 4.0","link":"https://stackoverflow.com/questions/75903269/zeta-color-editor-c","title":"Zeta Color Editor C#"},{"tags":["python","path","interpreter"],"owner":{"account_id":25978128,"reputation":9,"user_id":20258857,"user_type":"registered","profile_image":"https://lh3.googleusercontent.com/a/AItbvmkdPsDdmJofnqHZ0AwT_pTCnBKVtBG9qbl14yhJ=k-s256","display_name":"Jimmy Johns","link":"https://stackoverflow.com/users/20258857/jimmy-johns"},"is_answered":false,"view_count":62,"answer_count":0,"score":0,"last_activity_date":1680302608,"creation_date":1680302608,"question_id":75903266,"content_license":"CC BY-SA 4.0","link":"https://stackoverflow.com/questions/75903266/cant-enable-this-python-interpreter-path-to-save-my-life","title":"Can&#39;t Enable This Python Interpreter Path To Save My Life"},{"tags":["javascript","express"],"owner":{"account_id":25518577,"reputation":101,"user_id":20310478,"user_type":"registered","profile_image":"https://www.gravatar.com/avatar/7a4bb3380aa502c60402b74affcff63f?s=256&d=identicon&r=PG","display_name":"ether","link":"https://stackoverflow.com/users/20310478/ether"},"is_answered":false,"view_count":48,"answer_count":1,"score":-1,"last_activity_date":1680305323,"creation_date":1680302582,"question_id":75903264,"content_license":"CC BY-SA 4.0","link":"https://stackoverflow.com/questions/75903264/why-is-my-fetch-request-outputting-undefined","title":"Why is my fetch request outputting undefined?"},{"tags":["javascript","jquery","wordpress"],"owner":{"account_id":28182903,"reputation":1,"user_id":21539622,"user_type":"registered","profile_image":"https://lh3.googleusercontent.com/a/AGNmyxbvlZFDHCIFD2coAYMklRqJlhNOiJe2fz_vB-eL=k-s256","display_name":"Atakan Sara&#231;oğlu","link":"https://stackoverflow.com/users/21539622/atakan-sara%c3%a7o%c4%9flu"},"is_answered":false,"view_count":32,"answer_count":0,"score":0,"last_activity_date":1680303201,"creation_date":1680302552,"question_id":75903263,"content_license":"CC BY-SA 4.0","link":"https://stackoverflow.com/questions/75903263/add-auto-scrolling-feature-a-wordpress-page","title":"Add auto scrolling feature a Wordpress page"},{"tags":["ethereum","blockchain","solidity","smartcontracts"],"owner":{"account_id":3650368,"reputation":892,"user_id":3042701,"user_type":"registered","accept_rate":85,"profile_image":"https://www.gravatar.com/avatar/f8cec8977108a66b892c91c819a06a74?s=256&d=identicon&r=PG&f=y&so-version=2","display_name":"EmilyJ","link":"https://stackoverflow.com/users/3042701/emilyj"},"is_answered":true,"view_count":43,"accepted_answer_id":75915915,"answer_count":1,"score":-1,"last_activity_date":1680493948,"creation_date":1680302542,"last_edit_date":1680351152,"question_id":75903261,"content_license":"CC BY-SA 4.0","link":"https://stackoverflow.com/questions/75903261/securely-automate-the-fund-transfer-function-in-solidity","title":"securely automate the fund transfer function in Solidity"}],"has_more":true,"quota_max":300,"quota_remaining":111}