{"items":[{"tags":["windows","batch-file","cmd"],"owner":{"account_id":17455738,"reputation":1,"user_id":12654647,"user_type":"registered","profile_image":"https://lh3.googleusercontent.com/a-/AAuE7mAG2VBTdO_O6V6ivKQ9Gc8vnkL_0Mlb_iCxXScaRA=k-s256","display_name":"StackQs","link":"https://stackoverflow.com/users/12654647/stackqs"},"is_answered":false,"view_count":116,"answer_count":0,"score":0,"last_activity_date":1679180291,"creation_date":1679180291,"question_id":75779145,"content_license":"CC BY-SA 4.0","link":"https://stackoverflow.com/questions/75779145/windows-selecting-a-file-to-open-through-command-prompt-in-a-gui-based-applicat","title":"Windows: Selecting a file to open through command prompt in a GUI based application which uses a GUI-based open file window"},{"tags":["lstm"],"owner":{"account_id":17582737,"reputation":21,"user_id":12756177,"user_type":"registered","profile_image":"https://lh5.googleusercontent.com/-1VcqU4yzJZk/AAAAAAAAAAI/AAAAAAAAAAA/ACHi3rdZxXjTp1cyXR0dBQKgWWl01QzXfw/photo.jpg?sz=256","display_name":"Erkan Demirci","link":"https://stackoverflow.com/users/12756177/erkan-demirci"},"is_answered":false,"view_count":91,"answer_count":0,"score":0,"last_activity_date":1679180288,"creation_date":1679180288,"question_id":75779142,"content_license":"CC BY-SA 4.0","link":"https://stackoverflow.com/questions/75779142/how-can-i-calculate-gradients-of-a-lstm-cell","title":"How can I calculate gradients of a LSTM cell?"},{"tags":["python-3.x","amazon-web-services","amazon-s3","boto3"],"owner":{"account_id":15611258,"reputation":1095,"user_id":11262633,"user_type":"registered","profile_image":"https://graph.facebook.com/10218237261991972/picture?type=large","display_name":"mherzog","link":"https://stackoverflow.com/users/11262633/mherzog"},"is_answered":true,"view_count":864,"accepted_answer_id":75783329,"answer_count":1,"score":0,"last_activity_date":1679242326,"creation_date":1679180279,"last_edit_date":1679187110,"question_id":75779140,"content_license":"CC BY-SA 4.0","link":"https://stackoverflow.com/questions/75779140/get-content-encoding-for-an-s3-text-object","title":"Get content encoding for an S3 text object"},{"tags":["python","artificial-intelligence","cs50","breadth-first-search"],"owner":{"account_id":22248084,"reputation":139,"user_id":16481465,"user_type":"registered","profile_image":"https://www.gravatar.com/avatar/d5f08cd554299f8911cfbd150abbd407?s=256&d=identicon&r=PG&f=y&so-version=2","display_name":"skateb2020","link":"https://stackoverflow.com/users/16481465/skateb2020"},"is_answered":true,"view_count":274,"accepted_answer_id":75791870,"answer_count":1,"score":0,"last_activity_date":1679524869,"creation_date":1679180273,"last_edit_date":1679524869,"question_id":75779139,"content_license":"CC BY-SA 4.0","link":"https://stackoverflow.com/questions/75779139/what-does-a-keyerror-bound-method-mean-and-how-do-i-fix-it","title":"What does a KeyError: &lt;bound method &gt; mean and how do I fix it?"},{"tags":["google-sheets","google-sheets-formula"],"owner":{"account_id":28053590,"reputation":1,"user_id":21429042,"user_type":"registered","profile_image":"https://i.stack.imgur.com/rmy6L.jpg?s=256&g=1","display_name":"Rinab0322","link":"https://stackoverflow.com/users/21429042/rinab0322"},"is_answered":false,"view_count":24,"answer_count":0,"score":0,"last_activity_date":1679180179,"creation_date":1679180179,"question_id":75779136,"content_license":"CC BY-SA 4.0","link":"https://stackoverflow.com/questions/75779136/how-to-apply-a-function-to-a-checkbox-in-google-sheets","title":"How to apply a function to a Checkbox in Google sheets?"},{"tags":["vector","concatenation"],"owner":{"account_id":13994375,"reputation":1,"user_id":10107582,"user_type":"registered","profile_image":"https://www.gravatar.com/avatar/b0b5677c60df0ac8d3d0e26bde2ab1d1?s=256&d=identicon&r=PG&f=y&so-version=2","display_name":"XMarlinX","link":"https://stackoverflow.com/users/10107582/xmarlinx"},"is_answered":false,"view_count":15,"answer_count":1,"score":0,"last_activity_date":1679180743,"creation_date":1679180113,"question_id":75779133,"content_license":"CC BY-SA 4.0","link":"https://stackoverflow.com/questions/75779133/concatenate-cvar1-var2-outputs-a-list-not-a-vector","title":"Concatenate c(Var1,Var2) Outputs a List Not a Vector"},{"tags":["cmake","cross-compiling"],"owner":{"account_id":2059876,"reputation":387,"user_id":1955119,"user_type":"registered","profile_image":"https://i.stack.imgur.com/m9L86.jpg?s=256&g=1","display_name":"Arjob Mukherjee","link":"https://stackoverflow.com/users/1955119/arjob-mukherjee"},"is_answered":false,"view_count":69,"closed_date":1679180317,"answer_count":0,"score":0,"last_activity_date":1679180336,"creation_date":1679179936,"question_id":75779126,"link":"https://stackoverflow.com/questions/75779126/how-to-use-multiple-compilers-with-cmake","closed_reason":"Duplicate","title":"How to use multiple compilers with CMake"},{"tags":["multithreading","kotlin","android-jetpack-compose","kotlin-coroutines","suspend"],"owner":{"account_id":26882238,"reputation":87,"user_id":20462449,"user_type":"registered","profile_image":"https://www.gravatar.com/avatar/160dc2ec62babd88c80dd06913eff07e?s=256&d=identicon&r=PG&f=y&so-version=2","display_name":"Cipri","link":"https://stackoverflow.com/users/20462449/cipri"},"is_answered":true,"view_count":868,"accepted_answer_id":75868776,"answer_count":6,"score":3,"last_activity_date":1680020887,"creation_date":1679179919,"last_edit_date":1679239005,"question_id":75779125,"content_license":"CC BY-SA 4.0","link":"https://stackoverflow.com/questions/75779125/kotlin-compose-how-to-know-when-suspend-function-is-finished","title":"Kotlin compose how to know when suspend function is finished?"},{"tags":["firebase","google-cloud-platform","firebase-authentication","google-cloud-functions"],"owner":{"account_id":8080864,"reputation":389,"user_id":6090140,"user_type":"registered","profile_image":"https://lh4.googleusercontent.com/-b2ChY6MlRgI/AAAAAAAAAAI/AAAAAAAAHYU/EDVwo0yLgzE/photo.jpg?sz=256","display_name":"Ryan Saunders","link":"https://stackoverflow.com/users/6090140/ryan-saunders"},"is_answered":true,"view_count":888,"accepted_answer_id":75962479,"answer_count":1,"score":1,"last_activity_date":1680908453,"creation_date":1679179896,"last_edit_date":1680880068,"question_id":75779120,"content_license":"CC BY-SA 4.0","link":"https://stackoverflow.com/questions/75779120/firebase-id-token-has-incorrect-aud-audience-claim-when-authenticating-fireb","title":"Firebase ID token has incorrect &quot;aud&quot; (audience) claim when authenticating Firebase function to function calls"},{"tags":["c#","permutation"],"owner":{"account_id":9183632,"reputation":1228,"user_id":6826677,"user_type":"registered","accept_rate":75,"profile_image":"https://www.gravatar.com/avatar/9cc43c3a51957fd327c565713da519aa?s=256&d=identicon&r=PG&f=y&so-version=2","display_name":"DreamingOfSleep","link":"https://stackoverflow.com/users/6826677/dreamingofsleep"},"is_answered":true,"view_count":51,"accepted_answer_id":75781522,"answer_count":1,"score":0,"last_activity_date":1679223723,"creation_date":1679179824,"question_id":75779115,"content_license":"CC BY-SA 4.0","link":"https://stackoverflow.com/questions/75779115/how-to-get-linq-to-generate-all-arrays-of-length-nn-containing-all-permutations","title":"How to get Linq to generate all arrays of length n*n containing all permutations of 1..n"},{"tags":["c++","computer-vision","rotation","rotational-matrices"],"owner":{"account_id":1686261,"reputation":399,"user_id":1549486,"user_type":"registered","accept_rate":50,"profile_image":"https://www.gravatar.com/avatar/e1efcc863d5bf8fc5ed2a84323057e7a?s=256&d=identicon&r=PG","display_name":"superware","link":"https://stackoverflow.com/users/1549486/superware"},"is_answered":true,"view_count":226,"accepted_answer_id":75806444,"answer_count":2,"score":0,"last_activity_date":1681896776,"creation_date":1679179760,"last_edit_date":1679309030,"question_id":75779110,"content_license":"CC BY-SA 4.0","link":"https://stackoverflow.com/questions/75779110/how-to-calculate-the-two-original-consecutive-single-axis-rotations-for-an-euler","title":"How to calculate the two original consecutive single-axis rotations for an Euler set"},{"tags":["php","apache2"],"owner":{"account_id":28053624,"reputation":1,"user_id":21429065,"user_type":"registered","profile_image":"https://i.stack.imgur.com/bQij9.png?s=256&g=1","display_name":"F4Fridey","link":"https://stackoverflow.com/users/21429065/f4fridey"},"is_answered":false,"view_count":118,"answer_count":0,"score":0,"last_activity_date":1679194666,"creation_date":1679179744,"last_edit_date":1679194666,"question_id":75779109,"content_license":"CC BY-SA 4.0","link":"https://stackoverflow.com/questions/75779109/libphp7-3-so-not-found-when-starting-apache2","title":"libphp7.3.so not found when starting apache2"},{"tags":["navigation","arguments","maui","maui-shell"],"owner":{"account_id":8101087,"reputation":1114,"user_id":6104083,"user_type":"registered","profile_image":"https://www.gravatar.com/avatar/df9127a191c0c7debfc7d66c66b53021?s=256&d=identicon&r=PG&f=y&so-version=2","display_name":"balintn","link":"https://stackoverflow.com/users/6104083/balintn"},"is_answered":false,"view_count":901,"answer_count":1,"score":0,"last_activity_date":1679211628,"creation_date":1679179692,"question_id":75779106,"content_license":"CC BY-SA 4.0","link":"https://stackoverflow.com/questions/75779106/using-maui-shell-navigation-how-to-push-a-page","title":"Using Maui Shell navigation how to push a page?"},{"tags":["ubuntu","nginx","flask"],"owner":{"account_id":28053547,"reputation":1,"user_id":21429003,"user_type":"registered","profile_image":"https://i.stack.imgur.com/1bVLu.png?s=256&g=1","display_name":"ArtAsDevice","link":"https://stackoverflow.com/users/21429003/artasdevice"},"is_answered":true,"view_count":114,"accepted_answer_id":75843190,"answer_count":2,"score":-2,"last_activity_date":1680734082,"creation_date":1679179678,"last_edit_date":1679180052,"question_id":75779105,"content_license":"CC BY-SA 4.0","link":"https://stackoverflow.com/questions/75779105/nginx-isnt-allowing-my-flask-app-to-be-the-default-ip","title":"Nginx isn&#39;t allowing my Flask App to be the default IP"},{"tags":["javascript","reactjs","react-native","expo"],"owner":{"account_id":28053637,"reputation":1,"user_id":21429077,"user_type":"registered","profile_image":"https://lh3.googleusercontent.com/a/AGNmyxZn3vtDkmQM1tSe04FSTToy4ipl07XAipGfsacX=k-s256","display_name":"Yarin Danino","link":"https://stackoverflow.com/users/21429077/yarin-danino"},"is_answered":false,"view_count":80,"answer_count":0,"score":0,"last_activity_date":1679240123,"creation_date":1679179576,"last_edit_date":1679240123,"question_id":75779101,"content_license":"CC BY-SA 4.0","link":"https://stackoverflow.com/questions/75779101/track-location-on-background-react-native-expo","title":"Track location on background react native expo"},{"tags":["java","string","spring-boot","lombok","final"],"owner":{"account_id":20848433,"reputation":13,"user_id":15313467,"user_type":"registered","profile_image":"https://i.stack.imgur.com/0udpD.gif?s=256&g=1","display_name":"Akihiki","link":"https://stackoverflow.com/users/15313467/akihiki"},"is_answered":true,"view_count":127,"accepted_answer_id":75779168,"answer_count":3,"score":1,"last_activity_date":1679189283,"creation_date":1679179536,"last_edit_date":1679179964,"question_id":75779099,"content_license":"CC BY-SA 4.0","link":"https://stackoverflow.com/questions/75779099/how-does-the-lombok-constructor-differ-from-the-normal-constructor-generally-an","title":"How does the lombok constructor differ from the normal constructor (generally and when using the final keyword and when using the @value() keyword)"},{"tags":["c#","httpclient","openai-api"],"owner":{"account_id":21031365,"reputation":396,"user_id":15455668,"user_type":"registered","profile_image":"https://lh3.googleusercontent.com/a-/AOh14Gj5eUU705v2127HEJpjS2cnd74eZSsAN_BejqchCg=k-s256","display_name":"Akram Al-Qaifi","link":"https://stackoverflow.com/users/15455668/akram-al-qaifi"},"is_answered":true,"view_count":1710,"accepted_answer_id":76307578,"answer_count":3,"score":7,"last_activity_date":1691513956,"creation_date":1679179535,"question_id":75779098,"content_license":"CC BY-SA 4.0","link":"https://stackoverflow.com/questions/75779098/how-to-work-with-sessions-in-gpt-api-using-c","title":"How to work with sessions in GPT API using C#"},{"tags":["asp.net","web"],"owner":{"account_id":14209503,"reputation":33,"user_id":10265158,"user_type":"registered","profile_image":"https://i.stack.imgur.com/dYelk.jpg?s=256&g=1","display_name":"basma hajjaj","link":"https://stackoverflow.com/users/10265158/basma-hajjaj"},"is_answered":false,"view_count":8,"answer_count":0,"score":0,"last_activity_date":1679179444,"creation_date":1679179444,"question_id":75779094,"content_license":"CC BY-SA 4.0","link":"https://stackoverflow.com/questions/75779094/could-not-load-file-or-assemblymicrosoft-owinor-one-of-its-dependencies","title":"Could not load file or assembly&#39;Microsoft.Owin&#39;or one of its dependencies"},{"tags":["html","elixir","phoenix-framework"],"owner":{"account_id":17696612,"reputation":368,"user_id":15270760,"user_type":"registered","profile_image":"https://i.stack.imgur.com/nAV4f.png?s=256&g=1","display_name":"Artur","link":"https://stackoverflow.com/users/15270760/artur"},"is_answered":false,"view_count":92,"answer_count":0,"score":0,"last_activity_date":1679331634,"creation_date":1679179409,"last_edit_date":1679331634,"question_id":75779092,"content_license":"CC BY-SA 4.0","link":"https://stackoverflow.com/questions/75779092/pow-registration-view-keeps-displaying-incorrect-html-file","title":"Pow registration view keeps displaying incorrect html file"},{"tags":["python","dataframe"],"owner":{"account_id":26761721,"reputation":21,"user_id":20359563,"user_type":"registered","profile_image":"https://lh3.googleusercontent.com/a/ALm5wu0eCPD0mW8RkawTlYwYd_FgUKKYlNgtgpGKXo3RgQ=k-s256","display_name":"Dipali Joshi-Jain.","link":"https://stackoverflow.com/users/20359563/dipali-joshi-jain"},"is_answered":true,"view_count":62,"accepted_answer_id":75779216,"answer_count":2,"score":1,"last_activity_date":1679187751,"creation_date":1679179380,"last_edit_date":1679179473,"question_id":75779087,"content_license":"CC BY-SA 4.0","link":"https://stackoverflow.com/questions/75779087/convert-list-of-dictionaries-with-values-of-dictionary-as-list-to-dataframe-pyth","title":"Convert list of dictionaries with values of dictionary as list to dataframe python"},{"tags":[".net-core","razor","binding","fluent"],"owner":{"account_id":27873193,"reputation":1,"user_id":21283224,"user_type":"registered","profile_image":"https://www.gravatar.com/avatar/45fe701494cfdb56b0ec386e15f8ed4f?s=256&d=identicon&r=PG","display_name":"Coder6652","link":"https://stackoverflow.com/users/21283224/coder6652"},"is_answered":false,"view_count":68,"answer_count":0,"score":0,"last_activity_date":1679181817,"creation_date":1679179236,"last_edit_date":1679181817,"question_id":75779078,"content_license":"CC BY-SA 4.0","link":"https://stackoverflow.com/questions/75779078/razor-pages-cshtml-files-do-not-bind-to-any-fluent-controls","title":"Razor Pages .cshtml files do not bind to any fluent controls"},{"tags":["ajax","laravel"],"owner":{"account_id":397133,"reputation":2233,"user_id":761100,"user_type":"registered","accept_rate":63,"profile_image":"https://www.gravatar.com/avatar/a9e8cc7d8b6277e597ccd87017ba8930?s=256&d=identicon&r=PG","display_name":"user761100","link":"https://stackoverflow.com/users/761100/user761100"},"is_answered":true,"view_count":378,"accepted_answer_id":75779201,"answer_count":2,"score":0,"last_activity_date":1679251360,"creation_date":1679179170,"question_id":75779073,"content_license":"CC BY-SA 4.0","link":"https://stackoverflow.com/questions/75779073/how-to-handle-session-timeout-in-a-laravel-application","title":"How to handle session timeout in a Laravel application"},{"tags":["swift","macos","appkit"],"owner":{"account_id":65918,"reputation":59,"user_id":999818,"user_type":"registered","profile_image":"https://www.gravatar.com/avatar/be0360ce57a8afcf5b5d7732411eda9a?s=256&d=identicon&r=PG","display_name":"Martin Nov&#225;k","link":"https://stackoverflow.com/users/999818/martin-nov%c3%a1k"},"is_answered":false,"view_count":77,"answer_count":0,"score":1,"last_activity_date":1679179141,"creation_date":1679179141,"question_id":75779070,"content_license":"CC BY-SA 4.0","link":"https://stackoverflow.com/questions/75779070/what-is-the-default-background-colour-for-nstextfield","title":"What is the default background colour for NSTextField"},{"tags":["arduino","wifi","esp32"],"owner":{"account_id":28053472,"reputation":1,"user_id":21428948,"user_type":"registered","profile_image":"https://lh3.googleusercontent.com/a/AGNmyxa_8CzWQ2F5qV4bOoe5NUM6WNV4LJ_Y2Peq0M8o=k-s256","display_name":"Sylvain Plante","link":"https://stackoverflow.com/users/21428948/sylvain-plante"},"is_answered":false,"view_count":211,"answer_count":1,"score":0,"last_activity_date":1679324673,"creation_date":1679179139,"last_edit_date":1679324673,"question_id":75779069,"content_license":"CC BY-SA 4.0","link":"https://stackoverflow.com/questions/75779069/how-to-make-sure-two-standalone-esp32-do-not-have-ip-address-collide-in-wifi-ap","title":"How to make sure two standalone ESP32 do not have IP address collide in wifi AP mode?"},{"tags":["kubernetes","udp","cloudflare","rancher","rancher-desktop"],"owner":{"account_id":2273748,"reputation":46631,"user_id":2000548,"user_type":"registered","accept_rate":92,"profile_image":"https://www.gravatar.com/avatar/46b999a5b1498f5ef58f767845942269?s=256&d=identicon&r=PG","display_name":"Hongbo Miao","link":"https://stackoverflow.com/users/2000548/hongbo-miao"},"is_answered":true,"view_count":2900,"accepted_answer_id":75779067,"answer_count":1,"score":2,"last_activity_date":1699025896,"creation_date":1679179123,"last_edit_date":1679195340,"question_id":75779066,"content_license":"CC BY-SA 4.0","link":"https://stackoverflow.com/questions/75779066/got-failed-to-sufficiently-increase-receive-buffer-size-error-for-cloudflared","title":"Got &quot;failed to sufficiently increase receive buffer size&quot; error for cloudflared"},{"tags":["jquery","paypal","paypal-buttons"],"owner":{"account_id":2021544,"reputation":3049,"user_id":1807604,"user_type":"registered","accept_rate":74,"profile_image":"https://i.stack.imgur.com/r7vz4.jpg?s=256&g=1","display_name":"Shawn","link":"https://stackoverflow.com/users/1807604/shawn"},"is_answered":true,"view_count":30,"accepted_answer_id":75779279,"answer_count":1,"score":0,"last_activity_date":1679182458,"creation_date":1679179078,"last_edit_date":1679181983,"question_id":75779063,"content_license":"CC BY-SA 4.0","link":"https://stackoverflow.com/questions/75779063/paypal-smart-button-wont-submit-with-dynamic-values","title":"PayPal smart button won&#39;t submit with dynamic values"},{"tags":["instagram","instagram-api","instagram-graph-api"],"owner":{"account_id":1905485,"reputation":47,"user_id":1720455,"user_type":"registered","accept_rate":35,"profile_image":"https://www.gravatar.com/avatar/dc98363729a99be68ee6b331d310a3cf?s=256&d=identicon&r=PG","display_name":"David TG","link":"https://stackoverflow.com/users/1720455/david-tg"},"is_answered":true,"view_count":809,"accepted_answer_id":75788257,"answer_count":1,"score":1,"last_activity_date":1679302851,"creation_date":1679179016,"question_id":75779062,"content_license":"CC BY-SA 4.0","link":"https://stackoverflow.com/questions/75779062/call-instagram-app-share-option-through-mobile-web-browser","title":"Call Instagram App share option, through mobile web browser"},{"tags":["html","css","button","input","chat"],"owner":{"account_id":18790206,"reputation":15,"user_id":13702838,"user_type":"registered","profile_image":"https://lh4.googleusercontent.com/-l-E5vHAfOE4/AAAAAAAAAAI/AAAAAAAAAAA/AMZuucmceoLDUalXFcJVbsd6QgC3TFoqog/photo.jpg?sz=256","display_name":"Moneyb","link":"https://stackoverflow.com/users/13702838/moneyb"},"is_answered":false,"view_count":283,"answer_count":1,"score":0,"last_activity_date":1679193634,"creation_date":1679178949,"question_id":75779059,"content_license":"CC BY-SA 4.0","link":"https://stackoverflow.com/questions/75779059/how-to-make-send-button-stick-to-message-input-field-at-bottom-of-screen","title":"How to make send button &quot;stick&quot; to message input field at bottom of screen?"},{"tags":["arrays","assembly","x86","masm"],"owner":{"account_id":28053572,"reputation":13,"user_id":21429025,"user_type":"registered","profile_image":"https://lh3.googleusercontent.com/a/AGNmyxZ1--AMZTuWdB8QwgMLvBpsYKlzdOXDY7T-zLys=k-s256","display_name":"Bush nagels","link":"https://stackoverflow.com/users/21429025/bush-nagels"},"is_answered":true,"view_count":38,"accepted_answer_id":75779186,"answer_count":1,"score":1,"last_activity_date":1679181257,"creation_date":1679178906,"last_edit_date":1679180253,"question_id":75779054,"content_license":"CC BY-SA 4.0","link":"https://stackoverflow.com/questions/75779054/restoring-an-arrays-original-value-by-utilizing-the-stack","title":"Restoring an array&#39;s original value by utilizing the stack?"},{"tags":["python","class","subclassing"],"owner":{"account_id":23883977,"reputation":702,"user_id":17884397,"user_type":"registered","profile_image":"https://www.gravatar.com/avatar/ef19f06d750defd443e06ee003075417?s=256&d=identicon&r=PG","display_name":"Eric Johnson","link":"https://stackoverflow.com/users/17884397/eric-johnson"},"is_answered":true,"view_count":96,"answer_count":2,"score":0,"last_activity_date":1679186585,"creation_date":1679178901,"last_edit_date":1679181269,"question_id":75779053,"content_license":"CC BY-SA 4.0","link":"https://stackoverflow.com/questions/75779053/subclass-a-python-class-with-predefined-parameters-in-one-liner","title":"Subclass a Python class with predefined parameters in one liner"}],"has_more":true,"quota_max":300,"quota_remaining":163}