{"items":[{"tags":["python-3.x","postgresql","docker","fastapi","psycopg2"],"owner":{"account_id":9178405,"reputation":25,"user_id":12615161,"user_type":"registered","profile_image":"https://graph.facebook.com/10209220317899094/picture?type=large","display_name":"Petr Holoubek","link":"https://stackoverflow.com/users/12615161/petr-holoubek"},"is_answered":false,"view_count":212,"answer_count":0,"score":0,"last_activity_date":1684274393,"creation_date":1684274393,"question_id":76267319,"content_license":"CC BY-SA 4.0","link":"https://stackoverflow.com/questions/76267319/connection-between-python-postgresql-docker-containers-issue","title":"Connection between Python &amp; Postgresql Docker Containers Issue"},{"tags":["nestjs","prisma"],"owner":{"account_id":5476266,"reputation":274,"user_id":5394180,"user_type":"registered","profile_image":"https://i.stack.imgur.com/B69dr.png?s=256&g=1","display_name":"MrObjectOriented","link":"https://stackoverflow.com/users/5394180/mrobjectoriented"},"is_answered":false,"view_count":179,"answer_count":0,"score":0,"last_activity_date":1684274366,"creation_date":1684274366,"question_id":76267316,"content_license":"CC BY-SA 4.0","link":"https://stackoverflow.com/questions/76267316/too-many-prisma-connections-in-my-nestjs-code","title":"Too many prisma connections in my NestJS code"},{"tags":["java","netbeans","windows-installer","glassfish-3"],"owner":{"account_id":28615783,"reputation":25,"user_id":21909811,"user_type":"registered","profile_image":"https://www.gravatar.com/avatar/cb8ab49cea491e29382b4277b99e9399?s=256&d=identicon&r=PG&f=y&so-version=2","display_name":"aapt","link":"https://stackoverflow.com/users/21909811/aapt"},"is_answered":true,"view_count":72,"accepted_answer_id":76267378,"answer_count":1,"score":0,"last_activity_date":1684275116,"creation_date":1684274331,"question_id":76267314,"content_license":"CC BY-SA 4.0","link":"https://stackoverflow.com/questions/76267314/cannot-find-required-version-of-java-tm-runtime-environment-when-trying-to-insta","title":"Cannot find required version of java tm runtime environment when trying to install Glassfish"},{"tags":["vb.net","json.net"],"owner":{"account_id":3090025,"reputation":15,"user_id":2616362,"user_type":"registered","profile_image":"https://www.gravatar.com/avatar/304d2a0403de9eb44dea753ea5b2918e?s=256&d=identicon&r=PG","display_name":"user2616362","link":"https://stackoverflow.com/users/2616362/user2616362"},"is_answered":true,"view_count":190,"accepted_answer_id":76267331,"answer_count":1,"score":1,"last_activity_date":1684274531,"creation_date":1684274330,"question_id":76267313,"content_license":"CC BY-SA 4.0","link":"https://stackoverflow.com/questions/76267313/deserialize-json-net-in-vb-net-for-an-array-of-an-array","title":"Deserialize Json.net in VB.net for an array of an array"},{"tags":["sharepoint","power-automate"],"owner":{"account_id":5606713,"reputation":31,"user_id":4441030,"user_type":"registered","profile_image":"https://www.gravatar.com/avatar/4136fa6729fa3bd988cc07f2d75c5dd8?s=256&d=identicon&r=PG&f=y&so-version=2","display_name":"kurkey","link":"https://stackoverflow.com/users/4441030/kurkey"},"is_answered":false,"view_count":176,"answer_count":2,"score":0,"last_activity_date":1686038976,"creation_date":1684274310,"question_id":76267311,"content_license":"CC BY-SA 4.0","link":"https://stackoverflow.com/questions/76267311/power-automate-export-excel-file-automatically","title":"Power Automate export excel file automatically"},{"tags":["asp.net","iis","webdeploy","web-platform-installer"],"owner":{"account_id":6668241,"reputation":373,"user_id":5145197,"user_type":"registered","profile_image":"https://lh5.googleusercontent.com/-ecRHH-YGChM/AAAAAAAAAAI/AAAAAAAAAEI/AGOYmisyEA0/photo.jpg?sz=256","display_name":"John Grabanski","link":"https://stackoverflow.com/users/5145197/john-grabanski"},"is_answered":true,"view_count":4638,"accepted_answer_id":76292496,"answer_count":3,"score":2,"last_activity_date":1687343198,"creation_date":1684274283,"last_edit_date":1684334786,"question_id":76267306,"content_license":"CC BY-SA 4.0","link":"https://stackoverflow.com/questions/76267306/web-platform-installer-wpi-alternative-replacement","title":"Web Platform Installer (WPI) alternative / Replacement"},{"tags":["c++","visual-studio","dll"],"owner":{"account_id":28615756,"reputation":1,"user_id":21909791,"user_type":"registered","profile_image":"https://www.gravatar.com/avatar/667b626442fedf3f6c86635131cdaaf7?s=256&d=identicon&r=PG&f=y&so-version=2","display_name":"ODDTD","link":"https://stackoverflow.com/users/21909791/oddtd"},"is_answered":false,"view_count":69,"answer_count":0,"score":0,"last_activity_date":1684274215,"creation_date":1684274215,"question_id":76267302,"content_license":"CC BY-SA 4.0","link":"https://stackoverflow.com/questions/76267302/how-to-create-a-dll-from-a-vs-solution-build-by-cmake","title":"How to create a DLL from a VS solution build by CMake"},{"tags":["swiftui","hex","extension-methods"],"owner":{"account_id":28288151,"reputation":3,"user_id":21628741,"user_type":"registered","profile_image":"https://www.gravatar.com/avatar/192cc2888a0e24db0f23998ec9f48594?s=256&d=identicon&r=PG&f=y&so-version=2","display_name":"Toimas","link":"https://stackoverflow.com/users/21628741/toimas"},"is_answered":true,"view_count":60,"accepted_answer_id":76267720,"answer_count":1,"score":0,"last_activity_date":1684281033,"creation_date":1684274183,"question_id":76267299,"content_license":"CC BY-SA 4.0","link":"https://stackoverflow.com/questions/76267299/how-to-make-foregroundcolor-accept-uint32-hexadecimals-using-an-extension-in-sw","title":"How to make .foregroundColor accept UInt32 hexadecimals using an extension in SwiftUI"},{"tags":["swiftui","menu"],"owner":{"account_id":24650506,"reputation":577,"user_id":18547664,"user_type":"registered","profile_image":"https://www.gravatar.com/avatar/876d32bef1ddcb0ab6e7eefcb196ac73?s=256&d=identicon&r=PG","display_name":"Alexnnd","link":"https://stackoverflow.com/users/18547664/alexnnd"},"is_answered":false,"view_count":100,"answer_count":0,"score":0,"last_activity_date":1684274171,"creation_date":1684274171,"question_id":76267298,"content_license":"CC BY-SA 4.0","link":"https://stackoverflow.com/questions/76267298/why-the-touchable-area-of-a-menu-isnt-correct-in-swiftui","title":"Why the touchable area of a menu isn&#39;t correct in SwiftUI?"},{"tags":["sql-server","reporting-services","ssrs-2019"],"owner":{"account_id":2341287,"reputation":585,"user_id":2052524,"user_type":"registered","accept_rate":70,"profile_image":"https://www.gravatar.com/avatar/9a27f6e90e0363a28e6d92c5c317bdcf?s=256&d=identicon&r=PG","display_name":"bmurrell30","link":"https://stackoverflow.com/users/2052524/bmurrell30"},"is_answered":true,"view_count":26,"answer_count":1,"score":1,"last_activity_date":1684328041,"creation_date":1684274154,"last_edit_date":1684326273,"question_id":76267297,"content_license":"CC BY-SA 4.0","link":"https://stackoverflow.com/questions/76267297/report-fails-if-length-exceeds-a-few-pages","title":"Report fails if length exceeds a few pages"},{"tags":["swift","sockets","background","udp","ios-app-suspended-state"],"owner":{"account_id":3963918,"reputation":1987,"user_id":3270417,"user_type":"registered","accept_rate":50,"profile_image":"https://www.gravatar.com/avatar/31d204a29db08d432c9209ff62cdea06?s=256&d=identicon&r=PG&f=y&so-version=2","display_name":"tamtoum1987","link":"https://stackoverflow.com/users/3270417/tamtoum1987"},"is_answered":true,"view_count":32,"accepted_answer_id":76274816,"answer_count":1,"score":0,"last_activity_date":1684345183,"creation_date":1684274093,"question_id":76267290,"content_license":"CC BY-SA 4.0","link":"https://stackoverflow.com/questions/76267290/nwlistener-udp-get-suspended-when-click-on-button-home-device","title":"NWListener udp get suspended when click on button home device"},{"tags":["statistics","distribution","normal-distribution"],"owner":{"account_id":27136357,"reputation":15,"user_id":20677792,"user_type":"registered","profile_image":"https://www.gravatar.com/avatar/f8a68e509430120d9035bb97827dc7a0?s=256&d=identicon&r=PG","display_name":"italianblonde","link":"https://stackoverflow.com/users/20677792/italianblonde"},"is_answered":false,"view_count":53,"answer_count":0,"score":0,"last_activity_date":1684274126,"creation_date":1684274061,"last_edit_date":1684274126,"question_id":76267287,"content_license":"CC BY-SA 4.0","link":"https://stackoverflow.com/questions/76267287/multivariate-gaussian-distribution-with-noise","title":"Multivariate Gaussian Distribution with Noise"},{"tags":["ansible"],"owner":{"account_id":26825509,"reputation":55,"user_id":20414194,"user_type":"registered","profile_image":"https://www.gravatar.com/avatar/3af1f5816c8b49a8b218c7d3c15aeb1d?s=256&d=identicon&r=PG","display_name":"GlennRA","link":"https://stackoverflow.com/users/20414194/glennra"},"is_answered":true,"view_count":123,"answer_count":1,"score":2,"last_activity_date":1684444162,"creation_date":1684274059,"last_edit_date":1684444162,"question_id":76267286,"content_license":"CC BY-SA 4.0","link":"https://stackoverflow.com/questions/76267286/how-to-conditionally-define-a-global-variable-in-ansible-aap-workflow-for-all","title":"How to conditionally define a global variable in Ansible (AAP) workflow for all Playbooks"},{"tags":["svelte"],"owner":{"account_id":28615782,"reputation":1,"user_id":21909810,"user_type":"registered","profile_image":"https://lh3.googleusercontent.com/a/AGNmyxYjdt9pJ5eWIP0Tgd2ci2O_NdBNRlZygAxY3I2-AQ=k-s256","display_name":"user21909810","link":"https://stackoverflow.com/users/21909810/user21909810"},"is_answered":true,"view_count":130,"answer_count":1,"score":0,"last_activity_date":1684463397,"creation_date":1684274023,"last_edit_date":1684463397,"question_id":76267285,"content_license":"CC BY-SA 4.0","link":"https://stackoverflow.com/questions/76267285/svelte-update-array-by-reference","title":"Svelte Update Array by Reference"},{"tags":["fonts","vercel","sharp","nodejs-server"],"owner":{"account_id":28615798,"reputation":1,"user_id":21909821,"user_type":"registered","profile_image":"https://lh3.googleusercontent.com/a/AGNmyxZf11Ti4QY9JzQfBzlWtkh6ykP6YGuo_te2mQ0J=k-s256","display_name":"Superdon","link":"https://stackoverflow.com/users/21909821/superdon"},"is_answered":false,"view_count":159,"answer_count":0,"score":0,"last_activity_date":1684274014,"creation_date":1684274014,"question_id":76267281,"content_license":"CC BY-SA 4.0","link":"https://stackoverflow.com/questions/76267281/how-to-use-google-fonts-with-sharp-on-node-js-app-deployed-on-vercel","title":"How to use Google Fonts with Sharp on Node.js app deployed on Vercel"},{"tags":["python","networkx","osmnx"],"owner":{"account_id":20126178,"reputation":125,"user_id":14759592,"user_type":"registered","profile_image":"https://lh3.googleusercontent.com/a-/AOh14GiLCB0JANk9j99LV_wRPTMbDk_X8j8hbR5uD4sLdw=k-s256","display_name":"Alistair Lucet","link":"https://stackoverflow.com/users/14759592/alistair-lucet"},"is_answered":true,"view_count":94,"accepted_answer_id":76267510,"answer_count":1,"score":0,"last_activity_date":1684276796,"creation_date":1684274000,"question_id":76267280,"content_license":"CC BY-SA 4.0","link":"https://stackoverflow.com/questions/76267280/how-is-the-shortest-path-computed-with-osmnx-and-networkx","title":"How is the shortest path computed with Osmnx and NetworkX?"},{"tags":["amazon-dynamodb","aws-glue"],"owner":{"account_id":2108029,"reputation":805,"user_id":1873897,"user_type":"registered","accept_rate":50,"profile_image":"https://www.gravatar.com/avatar/e2dfd92d6a0f623537cd7b4366649765?s=256&d=identicon&r=PG","display_name":"MikeF","link":"https://stackoverflow.com/users/1873897/mikef"},"is_answered":true,"view_count":122,"accepted_answer_id":76269852,"answer_count":1,"score":0,"last_activity_date":1684310842,"creation_date":1684273963,"question_id":76267275,"content_license":"CC BY-SA 4.0","link":"https://stackoverflow.com/questions/76267275/aws-glue-dynamo-extract","title":"AWS Glue Dynamo Extract"},{"tags":["r","regression","visualization"],"owner":{"account_id":16986094,"reputation":11,"user_id":12286848,"user_type":"registered","profile_image":"https://www.gravatar.com/avatar/0ba4411e33013782404980f079a37c77?s=256&d=identicon&r=PG&f=y&so-version=2","display_name":"bstRack","link":"https://stackoverflow.com/users/12286848/bstrack"},"is_answered":false,"view_count":43,"answer_count":0,"score":0,"last_activity_date":1684273953,"creation_date":1684273953,"question_id":76267273,"content_license":"CC BY-SA 4.0","link":"https://stackoverflow.com/questions/76267273/plot-summs-how-to-display-reference-group-for-ordinal-nominal-variable","title":"plot_summs - how to display reference group for ordinal/nominal variable"},{"tags":["docker","circleci","aws-secrets-manager","aws-ssm","aws-parameter-store"],"owner":{"account_id":3516244,"reputation":1618,"user_id":2939594,"user_type":"registered","accept_rate":69,"profile_image":"https://www.gravatar.com/avatar/2094966ca7413d5438cedb9a87d90402?s=256&d=identicon&r=PG&f=y&so-version=2","display_name":"PGT","link":"https://stackoverflow.com/users/2939594/pgt"},"is_answered":false,"view_count":216,"answer_count":0,"score":1,"last_activity_date":1699214898,"creation_date":1684273878,"last_edit_date":1699214898,"question_id":76267271,"content_license":"CC BY-SA 4.0","link":"https://stackoverflow.com/questions/76267271/set-docker-container-env-var-at-run-time-via-aws-ssm-parameter-store","title":"Set Docker container env var at run time via AWS SSM Parameter Store"},{"tags":["c#","generics","nullable-reference-types"],"owner":{"account_id":8720,"reputation":4118,"user_id":15848,"user_type":"registered","accept_rate":62,"profile_image":"https://www.gravatar.com/avatar/ef50ae4032124f87927d917ac713ee3b?s=256&d=identicon&r=PG","display_name":"Luis Abreu","link":"https://stackoverflow.com/users/15848/luis-abreu"},"is_answered":false,"view_count":47,"answer_count":0,"score":0,"last_activity_date":1684273799,"creation_date":1684273799,"question_id":76267265,"content_license":"CC BY-SA 4.0","link":"https://stackoverflow.com/questions/76267265/generics-and-nullable-reference-types","title":"Generics and nullable reference types"},{"tags":["java","makefile","gson"],"owner":{"account_id":18786702,"reputation":59,"user_id":13700145,"user_type":"registered","profile_image":"https://lh5.googleusercontent.com/-iZEnt5_uyso/AAAAAAAAAAI/AAAAAAAAAAA/AMZuuckGcRBz70wWQgWY40bbogP5Rk2ByA/photo.jpg?sz=256","display_name":"24Doggi","link":"https://stackoverflow.com/users/13700145/24doggi"},"is_answered":false,"view_count":36,"answer_count":0,"score":0,"last_activity_date":1684274209,"creation_date":1684273712,"last_edit_date":1684274209,"question_id":76267261,"content_license":"CC BY-SA 4.0","link":"https://stackoverflow.com/questions/76267261/how-to-import-gson-with-makefile","title":"How to import Gson with makefile"},{"tags":["vue.js","vuejs3","vue-props"],"owner":{"account_id":20954659,"reputation":41,"user_id":15395487,"user_type":"registered","profile_image":"https://www.gravatar.com/avatar/a3a4c4626c71ebdf44342a4ba4c1127b?s=256&d=identicon&r=PG&f=y&so-version=2","display_name":"Norah","link":"https://stackoverflow.com/users/15395487/norah"},"is_answered":false,"view_count":325,"answer_count":1,"score":1,"last_activity_date":1684311275,"creation_date":1684273651,"last_edit_date":1684311275,"question_id":76267260,"content_license":"CC BY-SA 4.0","link":"https://stackoverflow.com/questions/76267260/how-to-keep-initial-prop-value-in-vue-3","title":"How to keep initial prop value in Vue 3?"},{"tags":["c++","matrix","opengl","rotation","glm-math"],"owner":{"account_id":22412192,"reputation":7,"user_id":16620771,"user_type":"registered","profile_image":"https://www.gravatar.com/avatar/4422f030b9f024fb41dabc9e7a20a4e7?s=256&d=identicon&r=PG&f=y&so-version=2","display_name":"instance","link":"https://stackoverflow.com/users/16620771/instance"},"is_answered":true,"view_count":93,"accepted_answer_id":76283360,"answer_count":2,"score":-3,"last_activity_date":1684432729,"creation_date":1684273642,"last_edit_date":1684281645,"question_id":76267259,"content_license":"CC BY-SA 4.0","link":"https://stackoverflow.com/questions/76267259/is-there-a-way-to-rotate-multiple-model-matrices-on-one-pivot-point-in-world-spa","title":"Is there a way to rotate multiple model matrices on one pivot point in world space?"},{"tags":["react-native","webview","expo","android-webview"],"owner":{"account_id":142261,"reputation":1,"user_id":492293,"user_type":"registered","accept_rate":85,"profile_image":"https://i.stack.imgur.com/lJlt3.jpg?s=256&g=1","display_name":"Gandalf","link":"https://stackoverflow.com/users/492293/gandalf"},"is_answered":true,"view_count":365,"accepted_answer_id":76267421,"answer_count":1,"score":0,"last_activity_date":1684275587,"creation_date":1684273639,"question_id":76267258,"content_license":"CC BY-SA 4.0","link":"https://stackoverflow.com/questions/76267258/displaying-an-activityindicator-while-a-web-page-loads-via-web-view","title":"Displaying an ActivityIndicator while a web page loads via web view"},{"tags":["postgresql","scala"],"owner":{"account_id":4459494,"reputation":2609,"user_id":3628806,"user_type":"registered","accept_rate":82,"profile_image":"https://i.stack.imgur.com/LIWvd.jpg?s=256&g=1","display_name":"sinanspd","link":"https://stackoverflow.com/users/3628806/sinanspd"},"is_answered":false,"view_count":132,"answer_count":0,"score":1,"last_activity_date":1684390430,"creation_date":1684273582,"last_edit_date":1684390430,"question_id":76267252,"content_license":"CC BY-SA 4.0","link":"https://stackoverflow.com/questions/76267252/what-is-the-proper-way-to-roll-back-multiple-transactions-in-scala-skunk","title":"What Is The Proper Way To Roll Back Multiple Transactions in Scala Skunk?"},{"tags":["android","kotlin","android-jetpack-compose","android-room","android-jetpack"],"owner":{"account_id":6734645,"reputation":1086,"user_id":5189849,"user_type":"registered","accept_rate":100,"profile_image":"https://www.gravatar.com/avatar/27a2eee7a1eb8f2907e6ea4481f79301?s=256&d=identicon&r=PG&f=y&so-version=2","display_name":"Szymon Marczak","link":"https://stackoverflow.com/users/5189849/szymon-marczak"},"is_answered":false,"view_count":61,"answer_count":1,"score":1,"last_activity_date":1684321560,"creation_date":1684273566,"question_id":76267250,"content_license":"CC BY-SA 4.0","link":"https://stackoverflow.com/questions/76267250/compiler-fails-if-having-both-insert-and-upsert-in-room-dao-jetpack-compo","title":"Compiler fails if having both `@Insert` and `@Upsert` in Room DAO (Jetpack Compose)"},{"tags":["windows","docker","docker-desktop"],"owner":{"account_id":28608772,"reputation":11,"user_id":21904154,"user_type":"registered","profile_image":"https://www.gravatar.com/avatar/761d58eb6e87702737e68f649fde17bd?s=256&d=identicon&r=PG&f=y&so-version=2","display_name":"Merdit","link":"https://stackoverflow.com/users/21904154/merdit"},"is_answered":false,"view_count":175,"answer_count":0,"score":1,"last_activity_date":1684379204,"creation_date":1684273510,"last_edit_date":1684379204,"question_id":76267248,"content_license":"CC BY-SA 4.0","link":"https://stackoverflow.com/questions/76267248/rhasspy-docker-container-cannot-access-microphone-or-speakers","title":"Rhasspy Docker Container Cannot Access Microphone or Speakers"},{"tags":["c#","microsoft-graph-api","email-attachments","microsoft-graph-mail"],"owner":{"account_id":279480,"reputation":3533,"user_id":574663,"user_type":"registered","accept_rate":100,"profile_image":"https://i.stack.imgur.com/kBayh.jpg?s=256&g=1","display_name":"bumble_bee_tuna","link":"https://stackoverflow.com/users/574663/bumble-bee-tuna"},"is_answered":true,"view_count":467,"accepted_answer_id":76354028,"answer_count":2,"score":0,"last_activity_date":1685318302,"creation_date":1684273503,"last_edit_date":1684280375,"question_id":76267247,"content_license":"CC BY-SA 4.0","link":"https://stackoverflow.com/questions/76267247/graph-get-emails-with-pdf-attachments-and-download","title":"Graph get emails with PDF attachments and download"},{"tags":["html","angular","typescript"],"owner":{"account_id":28568026,"reputation":55,"user_id":21870642,"user_type":"registered","profile_image":"https://www.gravatar.com/avatar/d0f32c27301881203d25674f3c57df16?s=256&d=identicon&r=PG&f=y&so-version=2","display_name":"allforthenoob","link":"https://stackoverflow.com/users/21870642/allforthenoob"},"is_answered":true,"view_count":54,"answer_count":1,"score":-1,"last_activity_date":1684273976,"creation_date":1684273448,"question_id":76267246,"content_license":"CC BY-SA 4.0","link":"https://stackoverflow.com/questions/76267246/why-cant-sort-be-used-chained-on-ngfor","title":"Why can&#39;t sort() be used chained on *ngFor?"},{"tags":["docker","docker-compose"],"owner":{"account_id":6589647,"reputation":1367,"user_id":5091329,"user_type":"registered","accept_rate":76,"profile_image":"https://lh6.googleusercontent.com/-mJk_YHyOZWU/AAAAAAAAAAI/AAAAAAAAAAA/KzSnetBoBxo/photo.jpg?sz=256","display_name":"Jim Archer","link":"https://stackoverflow.com/users/5091329/jim-archer"},"is_answered":false,"view_count":35,"answer_count":0,"score":0,"last_activity_date":1684325295,"creation_date":1684273420,"last_edit_date":1684325295,"question_id":76267245,"content_license":"CC BY-SA 4.0","link":"https://stackoverflow.com/questions/76267245/trouble-making-two-docker-containers-talk-via-tls","title":"Trouble making two Docker containers talk via TLS"}],"has_more":true,"quota_max":300,"quota_remaining":163}