{"items":[{"tags":["typescript","electron","ethereum","web3js","nonce"],"owner":{"account_id":28229680,"reputation":1,"user_id":21579083,"user_type":"registered","profile_image":"https://i.stack.imgur.com/ixMUy.jpg?s=256&g=1","display_name":"ZonaV","link":"https://stackoverflow.com/users/21579083/zonav"},"is_answered":false,"view_count":35,"answer_count":0,"score":0,"last_activity_date":1682006892,"creation_date":1682006341,"last_edit_date":1682006892,"question_id":76066103,"content_license":"CC BY-SA 4.0","link":"https://stackoverflow.com/questions/76066103/why-does-only-one-transaction-go-through-and-the-rest-fails-with-nonce-already","title":"Why does only one transaction go through, and the rest fails with &#39;NONCE_ALREADY_USED&#39; error?"},{"tags":["monorepo","nrwl-nx"],"owner":{"account_id":1679315,"reputation":751,"user_id":1544001,"user_type":"registered","accept_rate":62,"profile_image":"https://i.stack.imgur.com/OYi2b.jpg?s=256&g=1","display_name":"Rogue","link":"https://stackoverflow.com/users/1544001/rogue"},"is_answered":true,"view_count":333,"accepted_answer_id":76340464,"answer_count":1,"score":1,"last_activity_date":1685101253,"creation_date":1682006338,"question_id":76066102,"content_license":"CC BY-SA 4.0","link":"https://stackoverflow.com/questions/76066102/nx-imports-not-working-inside-of-a-transpiled-app","title":"NX: Imports not working inside of a transpiled app"},{"tags":["postgresql","notice","raise"],"owner":{"account_id":285962,"reputation":2887,"user_id":584940,"user_type":"registered","accept_rate":100,"profile_image":"https://www.gravatar.com/avatar/e4fd36b5abead93bfd3575c08cd923e9?s=256&d=identicon&r=PG","display_name":"Randall","link":"https://stackoverflow.com/users/584940/randall"},"is_answered":true,"view_count":120,"accepted_answer_id":76066512,"answer_count":1,"score":1,"last_activity_date":1682068351,"creation_date":1682006330,"question_id":76066099,"content_license":"CC BY-SA 4.0","link":"https://stackoverflow.com/questions/76066099/what-is-the-e-in-raise-notice-emsg-mymsg","title":"What is the &#39;E&#39; in `RAISE NOTICE E&#39;msg %&#39;, mymsg`"},{"tags":["mysql","docker","amazon-rds"],"owner":{"account_id":1431975,"reputation":247,"user_id":1354200,"user_type":"registered","accept_rate":80,"profile_image":"https://www.gravatar.com/avatar/a25a62954e8397f8244f4ece17006989?s=256&d=identicon&r=PG","display_name":"dotnetdave82","link":"https://stackoverflow.com/users/1354200/dotnetdave82"},"is_answered":false,"view_count":86,"answer_count":0,"score":0,"last_activity_date":1682073779,"creation_date":1682006316,"last_edit_date":1682073779,"question_id":76066096,"content_license":"CC BY-SA 4.0","link":"https://stackoverflow.com/questions/76066096/mysql-error-1045-28000-access-denied-for-user-error-when-connecting-from-dock","title":"MySQL Error 1045 (28000): Access denied for user error when connecting from Docker container to host machine"},{"tags":["angular","typescript","angular-material","stripe-payments"],"owner":{"account_id":32318,"reputation":3757,"user_id":89558,"user_type":"registered","accept_rate":58,"profile_image":"https://www.gravatar.com/avatar/6ee7a9d4f5cb7a0e8084de1d0c6492fb?s=256&d=identicon&r=PG","display_name":"Arash","link":"https://stackoverflow.com/users/89558/arash"},"is_answered":true,"view_count":212,"accepted_answer_id":76068958,"answer_count":1,"score":0,"last_activity_date":1682034698,"creation_date":1682006311,"last_edit_date":1682031322,"question_id":76066094,"content_license":"CC BY-SA 4.0","link":"https://stackoverflow.com/questions/76066094/properties-in-an-angular-component-are-null-when-the-component-is-rendered","title":"Properties in an Angular component are null when the component is rendered"},{"tags":["python","sqlite","sqlite3-python"],"owner":{"account_id":2197148,"reputation":480,"user_id":1942505,"user_type":"registered","accept_rate":15,"profile_image":"https://www.gravatar.com/avatar/420a6dc9ef902bf5b77c9849ba7c13f1?s=256&d=identicon&r=PG","display_name":"user1942505","link":"https://stackoverflow.com/users/1942505/user1942505"},"is_answered":false,"view_count":23,"answer_count":0,"score":0,"last_activity_date":1682010018,"creation_date":1682006303,"last_edit_date":1682010018,"question_id":76066092,"content_license":"CC BY-SA 4.0","link":"https://stackoverflow.com/questions/76066092/how-to-print-fetched-result-in-fastsqlite-there-is-no-cursor-like-in-sqlite3","title":"How to print fetched result in FastSQLite, there is no .cursor() like in SQLite3?"},{"tags":["c++","functor","auto"],"owner":{"account_id":4241160,"reputation":564,"user_id":3470987,"user_type":"registered","accept_rate":72,"profile_image":"https://graph.facebook.com/1527668336/picture?type=large","display_name":"Tyler Kelly","link":"https://stackoverflow.com/users/3470987/tyler-kelly"},"is_answered":true,"view_count":113,"closed_date":1682006444,"answer_count":1,"score":0,"last_activity_date":1682027826,"creation_date":1682006283,"last_edit_date":1682027826,"question_id":76066090,"link":"https://stackoverflow.com/questions/76066090/operands-to-have-different-types-with-matching-auto-functors","closed_reason":"Duplicate","title":"Operands to ?: have different types with matching auto functors"},{"tags":["python","pandas","dataframe","search"],"owner":{"account_id":24408009,"reputation":159,"user_id":18335909,"user_type":"registered","profile_image":"https://www.gravatar.com/avatar/0f32d0dbd0e789917bf5c7a6f20cbb6f?s=256&d=identicon&r=PG","display_name":"Kevin","link":"https://stackoverflow.com/users/18335909/kevin"},"is_answered":true,"view_count":79,"accepted_answer_id":76066207,"answer_count":1,"score":1,"last_activity_date":1682012071,"creation_date":1682006279,"last_edit_date":1682012071,"question_id":76066089,"content_license":"CC BY-SA 4.0","link":"https://stackoverflow.com/questions/76066089/using-loc-on-row-names-vs-using-searchsorted","title":"Using .loc on row names vs using searchsorted"},{"tags":["asp.net-mvc","asp.net-core",".net-6.0","razor-pages"],"owner":{"account_id":747418,"reputation":3298,"user_id":738451,"user_type":"registered","accept_rate":27,"profile_image":"https://www.gravatar.com/avatar/8543caf065549d0b96a81b57c817a6f4?s=256&d=identicon&r=PG","display_name":"Andy","link":"https://stackoverflow.com/users/738451/andy"},"is_answered":true,"view_count":102,"accepted_answer_id":76069718,"answer_count":1,"score":0,"last_activity_date":1682056397,"creation_date":1682006259,"last_edit_date":1682006451,"question_id":76066087,"content_license":"CC BY-SA 4.0","link":"https://stackoverflow.com/questions/76066087/razor-pages-have-stopped-working-by-default-since-swapping-from-asp-net-to-asp-n","title":"Razor pages have stopped working by default since swapping from ASP.NET to ASP.NET Core"},{"tags":["python","image","opencv"],"owner":{"account_id":27889752,"reputation":1,"user_id":21296394,"user_type":"registered","profile_image":"https://lh3.googleusercontent.com/a/AGNmyxZGuLu4axPB7hp_9ej6Q77Cr9o5Z5E6z31EK7Kp=k-s256","display_name":"Baraa","link":"https://stackoverflow.com/users/21296394/baraa"},"is_answered":false,"view_count":22,"closed_date":1682025010,"answer_count":0,"score":0,"last_activity_date":1682038996,"creation_date":1682006243,"last_edit_date":1682038996,"question_id":76066085,"link":"https://stackoverflow.com/questions/76066085/there-is-an-issue-with-the-arguments-passed-to-the-cv2-bitwise-not-function-in","closed_reason":"Duplicate","title":"There is an issue with the arguments passed to the cv2.bitwise_not() function in OpenCV"},{"tags":["python","google-api","google-oauth"],"owner":{"account_id":9488521,"reputation":133,"user_id":7054167,"user_type":"registered","profile_image":"https://i.stack.imgur.com/G81pz.jpg?s=256&g=1","display_name":"H&#233;ctor H. Hache","link":"https://stackoverflow.com/users/7054167/h%c3%a9ctor-h-hache"},"is_answered":false,"view_count":177,"answer_count":0,"score":0,"last_activity_date":1682006217,"creation_date":1682006217,"question_id":76066083,"content_license":"CC BY-SA 4.0","link":"https://stackoverflow.com/questions/76066083/cache-google-oauth2-service-account-credentials","title":"Cache google.oauth2.service_account.Credentials"},{"tags":["node.js","flutter","express"],"owner":{"account_id":20473506,"reputation":39,"user_id":15023361,"user_type":"registered","profile_image":"https://lh3.googleusercontent.com/a-/AOh14Ggmc728GI63OtXDGQqzpuTLZu5t2ewK2dr-ghVdNQ=k-s256","display_name":"Mayur Panchal","link":"https://stackoverflow.com/users/15023361/mayur-panchal"},"is_answered":false,"view_count":34,"answer_count":0,"score":0,"last_activity_date":1682006206,"creation_date":1682006206,"question_id":76066080,"content_license":"CC BY-SA 4.0","link":"https://stackoverflow.com/questions/76066080/unable-to-connect-express-app-with-flutter","title":"Unable to connect Express app with Flutter"},{"tags":["spring-boot","swagger","openapi","springdoc-openapi-ui","swagger-codegen-maven-plugin"],"owner":{"account_id":952905,"reputation":15050,"user_id":1235929,"user_type":"registered","accept_rate":68,"profile_image":"https://www.gravatar.com/avatar/9f460ae7deb6fa19034c810a53b9fbac?s=256&d=identicon&r=PG","display_name":"Dave","link":"https://stackoverflow.com/users/1235929/dave"},"is_answered":false,"view_count":252,"answer_count":0,"score":0,"last_activity_date":1682895766,"creation_date":1682006183,"question_id":76066076,"content_license":"CC BY-SA 4.0","link":"https://stackoverflow.com/questions/76066076/how-do-i-get-the-swagger-codegen-maven-plugin-plugin-to-use-the-erroronunknowne","title":"How do I get the swagger-codegen-maven-plugin plugin to use the &quot;errorOnUnknownEnum&quot; property?"},{"tags":["javascript","axios","properties"],"owner":{"account_id":28361724,"reputation":1,"user_id":21691636,"user_type":"registered","profile_image":"https://lh3.googleusercontent.com/a/AGNmyxZ841Q6Vz1-cnjiCTm02gLJ0hKloYrFesKnYtFe=k-s256","display_name":"Lucas Hagan","link":"https://stackoverflow.com/users/21691636/lucas-hagan"},"is_answered":false,"view_count":39,"answer_count":0,"score":0,"last_activity_date":1682007940,"creation_date":1682006178,"last_edit_date":1682007940,"question_id":76066074,"content_license":"CC BY-SA 4.0","link":"https://stackoverflow.com/questions/76066074/how-to-access-individual-properties-in-an-array-of-objects-returned-from-axios-p","title":"How to access individual properties in an array of objects returned from axios post?"},{"tags":["php","magento2.4","zend-filter","php-8.2"],"owner":{"account_id":7785732,"reputation":107,"user_id":5890687,"user_type":"registered","accept_rate":60,"profile_image":"https://i.stack.imgur.com/mIHWO.png?s=256&g=1","display_name":"Singleton","link":"https://stackoverflow.com/users/5890687/singleton"},"is_answered":true,"view_count":824,"accepted_answer_id":76390669,"answer_count":2,"score":0,"last_activity_date":1685713044,"creation_date":1682006176,"last_edit_date":1683205844,"question_id":76066073,"content_license":"CC BY-SA 4.0","link":"https://stackoverflow.com/questions/76066073/im-getting-this-error-class-zend-filter-localizedtonormalized-not-found","title":"I&#39;m getting this error: Class &quot;Zend_Filter_LocalizedToNormalized&quot; not found"},{"tags":["reactjs","material-ui","fullcalendar","makestyles"],"owner":{"account_id":12835290,"reputation":270,"user_id":9285131,"user_type":"registered","profile_image":"https://www.gravatar.com/avatar/d3482bf74095e33dce684ad83b8cb687?s=256&d=identicon&r=PG&f=y&so-version=2","display_name":"Psth","link":"https://stackoverflow.com/users/9285131/psth"},"is_answered":false,"view_count":46,"answer_count":0,"score":0,"last_activity_date":1682006160,"creation_date":1682006160,"question_id":76066071,"content_license":"CC BY-SA 4.0","link":"https://stackoverflow.com/questions/76066071/how-to-change-the-color-of-the-header-buttons-on-fullclaendar-using-makestyles-o","title":"How to change the color of the Header buttons on FullClaendar using makeStyles on material-ui?"},{"tags":["vba","outlook"],"owner":{"account_id":24442207,"reputation":39,"user_id":18365739,"user_type":"registered","profile_image":"https://www.gravatar.com/avatar/f8b2061e7c204a19ea287353b3b09c28?s=256&d=identicon&r=PG","display_name":"msartoris","link":"https://stackoverflow.com/users/18365739/msartoris"},"is_answered":true,"view_count":118,"accepted_answer_id":76086985,"answer_count":1,"score":0,"last_activity_date":1697561461,"creation_date":1682006142,"last_edit_date":1697561461,"question_id":76066068,"content_license":"CC BY-SA 4.0","link":"https://stackoverflow.com/questions/76066068/restrict-and-filter-entries-in-global-address-list-object-to-reduce-loop-run-tim","title":"Restrict and filter entries in Global Address List object to reduce loop run time"},{"tags":["python","swagger","fastapi","openapi","pydantic"],"owner":{"account_id":28361705,"reputation":11,"user_id":21691620,"user_type":"registered","profile_image":"https://lh3.googleusercontent.com/a/AGNmyxbQ1PyE2J7y3O6Ppxv_UUp_ZKKkok1oRust_2de=k-s256","display_name":"Marharyta Varatnitskaya","link":"https://stackoverflow.com/users/21691620/marharyta-varatnitskaya"},"is_answered":false,"view_count":27,"closed_date":1682024508,"answer_count":0,"score":1,"last_activity_date":1682006127,"creation_date":1682006127,"question_id":76066066,"link":"https://stackoverflow.com/questions/76066066/fastapi-rendering-of-null-values","closed_reason":"Duplicate","title":"FastAPI rendering of null values"},{"tags":["google-cloud-vertex-ai","kubeflow-pipelines"],"owner":{"account_id":1975776,"reputation":2918,"user_id":1773592,"user_type":"registered","accept_rate":67,"profile_image":"https://www.gravatar.com/avatar/6f0349bd99a58e30ae88b11111696144?s=256&d=identicon&r=PG","display_name":"schoon","link":"https://stackoverflow.com/users/1773592/schoon"},"is_answered":false,"view_count":368,"answer_count":1,"score":0,"last_activity_date":1685028116,"creation_date":1682006123,"question_id":76066064,"content_license":"CC BY-SA 4.0","link":"https://stackoverflow.com/questions/76066064/how-do-i-import-external-python-class-into-vertex-ai-pipeline-component","title":"How do I import external python class into Vertex AI pipeline component?"},{"tags":["ios","swift","swiftui","textfield"],"owner":{"account_id":26029379,"reputation":1,"user_id":19735849,"user_type":"registered","profile_image":"https://www.gravatar.com/avatar/bed3e14bc7afc741d61e0a7fa9b30e3d?s=256&d=identicon&r=PG","display_name":"Luigigil","link":"https://stackoverflow.com/users/19735849/luigigil"},"is_answered":false,"view_count":86,"answer_count":0,"score":0,"last_activity_date":1682006118,"creation_date":1682006118,"question_id":76066063,"content_license":"CC BY-SA 4.0","link":"https://stackoverflow.com/questions/76066063/floating-label-on-custom-textfield-moves-when-keyboard-appears-only-on-big-devic","title":"Floating label on custom TextField moves when keyboard appears only on big device"},{"tags":["cypress"],"owner":{"account_id":28361484,"reputation":11,"user_id":21691437,"user_type":"registered","profile_image":"https://lh3.googleusercontent.com/a/AGNmyxZ5OOhx6kXf9AV5Qs2IrChSB20rAQQbIBs775wNJA=k-s256","display_name":"Swetha Gotety","link":"https://stackoverflow.com/users/21691437/swetha-gotety"},"is_answered":false,"view_count":33,"answer_count":0,"score":1,"last_activity_date":1682006118,"creation_date":1682006118,"question_id":76066062,"content_license":"CC BY-SA 4.0","link":"https://stackoverflow.com/questions/76066062/automation-of-google-login-apps-with-cypress","title":"Automation of google login apps with cypress"},{"tags":["php","mysql","prestashop"],"owner":{"account_id":26153192,"reputation":21,"user_id":19840822,"user_type":"registered","profile_image":"https://graph.facebook.com/10227765827351596/picture?type=large","display_name":"Guillaume KS","link":"https://stackoverflow.com/users/19840822/guillaume-ks"},"is_answered":true,"view_count":190,"answer_count":1,"score":0,"last_activity_date":1682083812,"creation_date":1682006113,"question_id":76066061,"content_license":"CC BY-SA 4.0","link":"https://stackoverflow.com/questions/76066061/add-product-restriction-on-cart-rule-prestashop-8-0","title":"Add product restriction on cart rule (prestashop 8.0)"},{"tags":["javascript","reactjs","firebase","google-cloud-firestore"],"owner":{"account_id":25589547,"reputation":43,"user_id":20976255,"user_type":"registered","profile_image":"https://lh3.googleusercontent.com/a/AATXAJzHBM0d4gdysthyE-PY9ogeyGI_3w1Cpzb_lKK-=k-s256","display_name":"Filipe Nogueira","link":"https://stackoverflow.com/users/20976255/filipe-nogueira"},"is_answered":true,"view_count":63,"accepted_answer_id":76068183,"answer_count":1,"score":0,"last_activity_date":1682024337,"creation_date":1682006111,"last_edit_date":1682010340,"question_id":76066060,"content_license":"CC BY-SA 4.0","link":"https://stackoverflow.com/questions/76066060/in-react-how-can-i-access-on-field-of-a-document-from-firebase","title":"In React how can I access on field of a document from firebase?"},{"tags":["c","linux","clang"],"owner":{"account_id":3294578,"reputation":884,"user_id":2772127,"user_type":"registered","accept_rate":25,"profile_image":"https://www.gravatar.com/avatar/d93ee31e9ccd0c17030fd9667d6f2e03?s=256&d=identicon&r=PG&f=y&so-version=2","display_name":"Duddy67","link":"https://stackoverflow.com/users/2772127/duddy67"},"is_answered":true,"view_count":272,"accepted_answer_id":76066101,"answer_count":2,"score":0,"last_activity_date":1682007465,"creation_date":1682006089,"question_id":76066057,"content_license":"CC BY-SA 4.0","link":"https://stackoverflow.com/questions/76066057/cant-compile-and-link-a-static-library-with-clang","title":"Can&#39;t compile and link a static library with clang"},{"tags":["haskell"],"owner":{"account_id":16235636,"reputation":1,"user_id":11723185,"user_type":"registered","profile_image":"https://lh3.googleusercontent.com/-7D9lU0asSGQ/AAAAAAAAAAI/AAAAAAAAJn0/RuKpx_JHjpo/photo.jpg?sz=256","display_name":"Alberto Berni","link":"https://stackoverflow.com/users/11723185/alberto-berni"},"is_answered":true,"view_count":99,"answer_count":1,"score":0,"last_activity_date":1682376473,"creation_date":1682006084,"last_edit_date":1682376473,"question_id":76066056,"content_license":"CC BY-SA 4.0","link":"https://stackoverflow.com/questions/76066056/user-error-pattern-match-failure-in-do-block-haskell","title":"User error: pattern match failure in &#39;do&#39; block Haskell"},{"tags":["mysql"],"owner":{"account_id":17473524,"reputation":23,"user_id":12668875,"user_type":"registered","profile_image":"https://lh3.googleusercontent.com/a-/AAuE7mDxoPNbDHgFujzfNsg25WLNJa9lNZt59j7SIUny=k-s256","display_name":"Ashu","link":"https://stackoverflow.com/users/12668875/ashu"},"is_answered":false,"view_count":33,"answer_count":1,"score":-3,"last_activity_date":1682029140,"creation_date":1682006048,"last_edit_date":1682029140,"question_id":76066050,"content_license":"CC BY-SA 4.0","link":"https://stackoverflow.com/questions/76066050/mysql-how-get-max-id-along-with-other-fields-from-three-tables-that-have-refere","title":"Mysql: How get max id along with other fields from three tables that have reference"},{"tags":["php","mysql","json","flutter"],"owner":{"account_id":28182847,"reputation":1,"user_id":21539578,"user_type":"registered","profile_image":"https://lh3.googleusercontent.com/a/AGNmyxa1gnmfFSIiIhhniaDzKeXjERumUnTHgl5srNgWAw=k-s256","display_name":"Cristiano Z","link":"https://stackoverflow.com/users/21539578/cristiano-z"},"is_answered":false,"view_count":15,"answer_count":0,"score":0,"last_activity_date":1682006034,"creation_date":1682006034,"question_id":76066048,"content_license":"CC BY-SA 4.0","link":"https://stackoverflow.com/questions/76066048/flutter-materialpageroute-with-id-of-mysql-to-nextpage","title":"Flutter MaterialPageRoute with id of mysql to nextpage"},{"tags":["r","list","data-wrangling"],"owner":{"account_id":12039084,"reputation":1754,"user_id":8806649,"user_type":"registered","profile_image":"https://i.stack.imgur.com/FWpBN.jpg?s=256&g=1","display_name":"Julien","link":"https://stackoverflow.com/users/8806649/julien"},"is_answered":true,"view_count":64,"accepted_answer_id":76066351,"answer_count":1,"score":2,"last_activity_date":1682077652,"creation_date":1682006023,"last_edit_date":1682077652,"question_id":76066046,"content_license":"CC BY-SA 4.0","link":"https://stackoverflow.com/questions/76066046/how-to-stack-elements-of-a-list-dataframes-or-vectors-by-rows-inside-a-matrix","title":"How to stack elements of a list (dataframes or vectors) by rows inside a matrix, including the names of the columns in R?"},{"tags":["pdf","pdf-generation"],"owner":{"account_id":15248549,"reputation":355,"user_id":11002708,"user_type":"registered","profile_image":"https://www.gravatar.com/avatar/f2db5912de1dd88e3743fbb2bfe77cb3?s=256&d=identicon&r=PG&f=y&so-version=2","display_name":"Gebodal","link":"https://stackoverflow.com/users/11002708/gebodal"},"is_answered":false,"view_count":35,"answer_count":0,"score":0,"last_activity_date":1682006016,"creation_date":1682006016,"question_id":76066045,"content_license":"CC BY-SA 4.0","link":"https://stackoverflow.com/questions/76066045/how-to-write-a-pdf-with-better-copy-paste-for-text","title":"How to write a PDF with better Copy-Paste for text?"},{"tags":["python","django","django-admin"],"owner":{"account_id":23162542,"reputation":36,"user_id":20433192,"user_type":"registered","profile_image":"https://lh3.googleusercontent.com/a/ALm5wu1M8Bf6yTB8Nx9LdYpP7g6DKK2pj8Fl1Dwd-GuzEw=k-s256","display_name":"setools.xyz","link":"https://stackoverflow.com/users/20433192/setools-xyz"},"is_answered":true,"view_count":22,"answer_count":1,"score":1,"last_activity_date":1682010875,"creation_date":1682005998,"last_edit_date":1682007593,"question_id":76066043,"content_license":"CC BY-SA 4.0","link":"https://stackoverflow.com/questions/76066043/django-admin-cannot-carryover-object-from-one-page-to-another-admin-page","title":"django admin cannot carryover object from one page to another admin page"}],"has_more":true,"quota_max":300,"quota_remaining":269}