{"items":[{"tags":["generative-adversarial-network","image-classification","imbalanced-data","generative"],"owner":{"account_id":28424872,"reputation":21,"user_id":21746382,"user_type":"registered","profile_image":"https://lh3.googleusercontent.com/a/AGNmyxZAFfprgN3dADQwkAMHVPYJuD0qgo41h25_jk7Y=k-s256","display_name":"Martin","link":"https://stackoverflow.com/users/21746382/martin"},"is_answered":false,"view_count":26,"answer_count":0,"score":0,"last_activity_date":1682524777,"creation_date":1682524777,"question_id":76112824,"content_license":"CC BY-SA 4.0","link":"https://stackoverflow.com/questions/76112824/improving-classification-model-f1-score-real-images-vs-generative-images-fak","title":"Improving classification model (f1_score): real images vs generative images (fake)"},{"tags":["node.js","docker","google-chrome","puppeteer","google-cloud-run"],"owner":{"account_id":22166714,"reputation":31,"user_id":16412800,"user_type":"registered","profile_image":"https://www.gravatar.com/avatar/c8d45d1d5a28bf656101f51263de8d48?s=256&d=identicon&r=PG&f=y&so-version=2","display_name":"yRipper","link":"https://stackoverflow.com/users/16412800/yripper"},"is_answered":false,"view_count":974,"answer_count":0,"score":3,"last_activity_date":1682554507,"creation_date":1682524775,"last_edit_date":1682554507,"question_id":76112823,"content_license":"CC BY-SA 4.0","link":"https://stackoverflow.com/questions/76112823/puppeteer-docker-cloud-run","title":"Puppeteer + Docker + Cloud Run"},{"tags":["thingsboard"],"owner":{"account_id":12175135,"reputation":133,"user_id":8888441,"user_type":"registered","profile_image":"https://www.gravatar.com/avatar/9e19b2c321099748688ce5aa33a282b8?s=256&d=identicon&r=PG&f=y&so-version=2","display_name":"Umesh Kandhalu","link":"https://stackoverflow.com/users/8888441/umesh-kandhalu"},"is_answered":true,"view_count":271,"accepted_answer_id":76120106,"answer_count":1,"score":0,"last_activity_date":1682596531,"creation_date":1682524768,"question_id":76112821,"content_license":"CC BY-SA 4.0","link":"https://stackoverflow.com/questions/76112821/how-to-remove-keys-and-values-in-telemetry-of-things-board","title":"How to remove keys and values in telemetry of things board?"},{"tags":["flutter","dart","object-detection","tensorflow-lite"],"owner":{"account_id":3777097,"reputation":59,"user_id":3137633,"user_type":"registered","accept_rate":50,"profile_image":"https://i.stack.imgur.com/Z6NwW.jpg?s=256&g=1","display_name":"Morteza","link":"https://stackoverflow.com/users/3137633/morteza"},"is_answered":false,"view_count":87,"answer_count":0,"score":0,"last_activity_date":1682524759,"creation_date":1682524759,"question_id":76112819,"content_license":"CC BY-SA 4.0","link":"https://stackoverflow.com/questions/76112819/object-detection-on-flutter-with-tensorflow-lite","title":"object detection on flutter with tensorflow lite"},{"tags":["javascript","database"],"owner":{"account_id":18134451,"reputation":53,"user_id":13189181,"user_type":"registered","profile_image":"https://www.gravatar.com/avatar/69fb20f699db292bd98a7f2c7c54a46a?s=256&d=identicon&r=PG&f=y&so-version=2","display_name":"Co.tibi","link":"https://stackoverflow.com/users/13189181/co-tibi"},"is_answered":false,"view_count":71,"answer_count":1,"score":2,"last_activity_date":1682530921,"creation_date":1682524747,"question_id":76112816,"content_license":"CC BY-SA 4.0","link":"https://stackoverflow.com/questions/76112816/how-to-save-a-string-object-to-firebase-database","title":"How to save a string/object to firebase database"},{"tags":["python","matplotlib","matplotlib-3d","bar3d"],"owner":{"account_id":28424770,"reputation":1,"user_id":21746290,"user_type":"registered","profile_image":"https://lh3.googleusercontent.com/a/AGNmyxZmtlk8ZlC1HurWp-22rNWEzwpDHZiDFdYSHYXm=k-s256","display_name":"HaYou","link":"https://stackoverflow.com/users/21746290/hayou"},"is_answered":false,"view_count":62,"answer_count":1,"score":0,"last_activity_date":1685135909,"creation_date":1682524732,"last_edit_date":1685135909,"question_id":76112815,"content_license":"CC BY-SA 4.0","link":"https://stackoverflow.com/questions/76112815/how-to-visualize-small-values-in-3d-bar-chart","title":"How to visualize small values in 3D bar chart"},{"tags":["python","excel","adodb"],"owner":{"account_id":22444070,"reputation":1,"user_id":16648198,"user_type":"registered","profile_image":"https://www.gravatar.com/avatar/6619844f370ec3c6a7110230fc87ff95?s=256&d=identicon&r=PG&f=y&so-version=2","display_name":"Ryan Dray","link":"https://stackoverflow.com/users/16648198/ryan-dray"},"is_answered":false,"view_count":234,"answer_count":0,"score":0,"last_activity_date":1682524726,"creation_date":1682524726,"question_id":76112814,"content_license":"CC BY-SA 4.0","link":"https://stackoverflow.com/questions/76112814/extract-adodb-recordset-using-python-and-export-as-dataframe","title":"Extract ADODB Recordset using Python and export as Dataframe"},{"tags":["reactjs","visual-studio-code","prettier"],"owner":{"account_id":1286181,"reputation":14890,"user_id":1239189,"user_type":"registered","accept_rate":69,"profile_image":"https://i.stack.imgur.com/8nA0n.jpg?s=256&g=1","display_name":"Ali Gajani","link":"https://stackoverflow.com/users/1239189/ali-gajani"},"is_answered":false,"view_count":66,"answer_count":0,"score":1,"last_activity_date":1682524715,"creation_date":1682524715,"question_id":76112812,"content_license":"CC BY-SA 4.0","link":"https://stackoverflow.com/questions/76112812/can-i-configure-prettier-to-format-my-react-file-such-that-all-usestates-are-clu","title":"Can I configure Prettier to format my React file such that all useStates are clustered at top?"},{"tags":["python","nlp","nltk"],"owner":{"account_id":28064470,"reputation":85,"user_id":21438065,"user_type":"registered","profile_image":"https://i.stack.imgur.com/par0M.jpg?s=256&g=1","display_name":"Prabhu Egorus","link":"https://stackoverflow.com/users/21438065/prabhu-egorus"},"is_answered":false,"view_count":29,"answer_count":0,"score":0,"last_activity_date":1682525944,"creation_date":1682524705,"question_id":76112811,"content_license":"CC BY-SA 4.0","link":"https://stackoverflow.com/questions/76112811/how-to-extract-all-required-chunks-in-nltk","title":"How to extract all required chunks in NLTK?"},{"tags":["nginx","nginx-ingress"],"owner":{"account_id":237382,"reputation":2088,"user_id":505509,"user_type":"registered","accept_rate":60,"profile_image":"https://www.gravatar.com/avatar/e6122f631681842f79521598ea4ae792?s=256&d=identicon&r=PG","display_name":"Nawa","link":"https://stackoverflow.com/users/505509/nawa"},"is_answered":false,"view_count":168,"answer_count":1,"score":0,"last_activity_date":1700238978,"creation_date":1682524672,"question_id":76112808,"content_license":"CC BY-SA 4.0","link":"https://stackoverflow.com/questions/76112808/cant-read-request-header-content-length-using-http-content-length","title":"Can&#39;t read request header `Content-Length` using `$http_content_length`"},{"tags":["heroku","next.js","typeerror","warnings"],"owner":{"account_id":28424946,"reputation":1,"user_id":21746448,"user_type":"registered","profile_image":"https://lh3.googleusercontent.com/a/AGNmyxbe9m6jGYvWwHDKlBo0ITXfQiajAM0jorgO-9yr=k-s256","display_name":"Q1justin","link":"https://stackoverflow.com/users/21746448/q1justin"},"is_answered":false,"view_count":57,"answer_count":0,"score":0,"last_activity_date":1683720445,"creation_date":1682524606,"last_edit_date":1683720445,"question_id":76112800,"content_license":"CC BY-SA 4.0","link":"https://stackoverflow.com/questions/76112800/next-js-e-startswith-warning-on-heroku","title":"Next.js e.startsWith() warning on heroku"},{"tags":["mongodb","mongoose","aggregate"],"owner":{"account_id":21437072,"reputation":107,"user_id":15792376,"user_type":"registered","profile_image":"https://lh5.googleusercontent.com/-T1pyIxbcq8E/AAAAAAAAAAI/AAAAAAAAAAA/AMZuucnKrd91e_lbZdS3xjv36tp8s4Q4ZQ/s96-c/photo.jpg?sz=256","display_name":"Klak031","link":"https://stackoverflow.com/users/15792376/klak031"},"is_answered":true,"view_count":21,"accepted_answer_id":76113200,"answer_count":1,"score":1,"last_activity_date":1682527766,"creation_date":1682524604,"question_id":76112799,"content_license":"CC BY-SA 4.0","link":"https://stackoverflow.com/questions/76112799/mongoose-aggregation-and-multi-level-group","title":"Mongoose aggregation and multi level group"},{"tags":["voip","dtmf","twilio-conference"],"owner":{"account_id":24059146,"reputation":1,"user_id":18036612,"user_type":"registered","profile_image":"https://www.gravatar.com/avatar/19c0166c986c9c63b3f774b485eecd7e?s=256&d=identicon&r=PG","display_name":"cameron.may","link":"https://stackoverflow.com/users/18036612/cameron-may"},"is_answered":false,"view_count":44,"answer_count":0,"score":0,"last_activity_date":1682524586,"creation_date":1682524586,"question_id":76112796,"content_license":"CC BY-SA 4.0","link":"https://stackoverflow.com/questions/76112796/possible-to-create-a-conference-call-using-the-add-call-merge-call-tile-on","title":"Possible to create a conference call using the &#39;Add call&#39; / &#39;Merge call&#39; tile on the iOS / Android call interfaces, where DTMF can still be used?"},{"tags":["c#","sqlite","maui","or-mapper"],"owner":{"account_id":27818203,"reputation":606,"user_id":21239166,"user_type":"registered","profile_image":"https://www.gravatar.com/avatar/1a2158d352ceb2f64119d506fec46b69?s=256&d=identicon&r=PG","display_name":"OXO","link":"https://stackoverflow.com/users/21239166/oxo"},"is_answered":false,"view_count":183,"answer_count":0,"score":1,"last_activity_date":1682546121,"creation_date":1682524550,"last_edit_date":1682546121,"question_id":76112792,"content_license":"CC BY-SA 4.0","link":"https://stackoverflow.com/questions/76112792/using-a-model-with-a-generic-list-and-store-in-sqlite-3","title":"Using a model with a generic List and store in SQLite 3"},{"tags":["rust","rust-sqlx"],"owner":{"account_id":15875577,"reputation":50,"user_id":11454910,"user_type":"registered","profile_image":"https://lh4.googleusercontent.com/-DDuvifC4cc4/AAAAAAAAAAI/AAAAAAAAF2U/vLvC_ftn2DM/photo.jpg?sz=256","display_name":"AleksandrNi","link":"https://stackoverflow.com/users/11454910/aleksandrni"},"is_answered":true,"view_count":110,"answer_count":1,"score":1,"last_activity_date":1695613407,"creation_date":1682524547,"last_edit_date":1695613352,"question_id":76112791,"content_license":"CC BY-SA 4.0","link":"https://stackoverflow.com/questions/76112791/how-to-query-for-substring-with-ilike-in-sqlx","title":"How to query for substring with ILIKE in SQLx?"},{"tags":["real-time-clock","nanopi","armbian"],"owner":{"account_id":26731173,"reputation":44,"user_id":20333478,"user_type":"registered","profile_image":"https://www.gravatar.com/avatar/da5b5237e673cf99ade8631920a738f2?s=256&d=identicon&r=PG","display_name":"JavaUser007","link":"https://stackoverflow.com/users/20333478/javauser007"},"is_answered":false,"view_count":112,"answer_count":1,"score":0,"last_activity_date":1683167739,"creation_date":1682524540,"question_id":76112790,"content_license":"CC BY-SA 4.0","link":"https://stackoverflow.com/questions/76112790/load-onboard-rtc-device-on-nanopi-neo-from-nas-kit","title":"Load onboard RTC device on NanoPi NEO from NAS kit"},{"tags":["iframe","youtube","youtube-iframe-api"],"owner":{"account_id":1413722,"reputation":1663,"user_id":1339826,"user_type":"registered","accept_rate":75,"profile_image":"https://i.stack.imgur.com/9gzjc.png?s=256&g=1","display_name":"ernest","link":"https://stackoverflow.com/users/1339826/ernest"},"is_answered":false,"view_count":80,"answer_count":0,"score":0,"last_activity_date":1682524526,"creation_date":1682524526,"question_id":76112788,"content_license":"CC BY-SA 4.0","link":"https://stackoverflow.com/questions/76112788/youtube-iframe-embed-does-not-show-controls-when-controls-1","title":"YouTube iframe embed does not show controls when controls=1"},{"tags":["mysql"],"owner":{"account_id":13726576,"reputation":159,"user_id":12068248,"user_type":"registered","profile_image":"https://www.gravatar.com/avatar/fab7919a8015498d4e69c115192325f8?s=256&d=identicon&r=PG","display_name":"Christian","link":"https://stackoverflow.com/users/12068248/christian"},"is_answered":false,"view_count":34,"answer_count":1,"score":0,"last_activity_date":1683123673,"creation_date":1682524519,"last_edit_date":1682694613,"question_id":76112787,"content_license":"CC BY-SA 4.0","link":"https://stackoverflow.com/questions/76112787/how-to-get-the-diff-of-dates-of-different-rows-based-on-some-common-values-on-e","title":"How to get the diff of dates of different rows, based on some common values on each row?"},{"tags":["c#","react-native","asp.net-core","asp.net-core-webapi","multipartform-data"],"owner":{"account_id":23367817,"reputation":55,"user_id":17439171,"user_type":"registered","profile_image":"https://www.gravatar.com/avatar/0cdb000610f2df1f6db614a507ce2b99?s=256&d=identicon&r=PG","display_name":"N.T. Dang","link":"https://stackoverflow.com/users/17439171/n-t-dang"},"is_answered":false,"view_count":132,"answer_count":1,"score":0,"last_activity_date":1682594151,"creation_date":1682524513,"question_id":76112786,"content_license":"CC BY-SA 4.0","link":"https://stackoverflow.com/questions/76112786/request-models-nullable-field-is-always-null-despite-client-sending-actual-val","title":"Request model&#39;s nullable field is always null, despite client sending actual values in FormData"},{"tags":["python","performance","testing","telegram-bot"],"owner":{"account_id":28424875,"reputation":1,"user_id":21746386,"user_type":"registered","profile_image":"https://www.gravatar.com/avatar/5246bb3d73049af3052d4b42d55c410a?s=256&d=identicon&r=PG&f=y&so-version=2","display_name":"Reges28","link":"https://stackoverflow.com/users/21746386/reges28"},"is_answered":false,"view_count":44,"answer_count":0,"score":0,"last_activity_date":1682524512,"creation_date":1682524512,"question_id":76112785,"content_license":"CC BY-SA 4.0","link":"https://stackoverflow.com/questions/76112785/how-to-check-the-load-capacity-of-a-telegram-bot","title":"How to check the load capacity of a telegram bot?"},{"tags":["r","shiny","shiny-reactivity"],"owner":{"account_id":13394166,"reputation":23,"user_id":9665659,"user_type":"registered","profile_image":"https://www.gravatar.com/avatar/4e9b2166fd13c84be9e9b517eff787eb?s=256&d=identicon&r=PG&f=y&so-version=2","display_name":"dmawhirter","link":"https://stackoverflow.com/users/9665659/dmawhirter"},"is_answered":false,"view_count":62,"answer_count":0,"score":0,"last_activity_date":1682702581,"creation_date":1682524508,"last_edit_date":1682702581,"question_id":76112784,"content_license":"CC BY-SA 4.0","link":"https://stackoverflow.com/questions/76112784/shiny-app-ignores-some-url-parameters-with-reactive-inputs","title":"Shiny App ignores some URL parameters with reactive inputs"},{"tags":["pymqi"],"owner":{"account_id":7677581,"reputation":139,"user_id":5817920,"user_type":"registered","profile_image":"https://www.gravatar.com/avatar/f6f7640e0b62a9edb766995e1943aeff?s=256&d=identicon&r=PG&f=y&so-version=2","display_name":"Jim","link":"https://stackoverflow.com/users/5817920/jim"},"is_answered":true,"view_count":99,"accepted_answer_id":76122284,"answer_count":1,"score":0,"last_activity_date":1682610056,"creation_date":1682524481,"question_id":76112780,"content_license":"CC BY-SA 4.0","link":"https://stackoverflow.com/questions/76112780/how-do-i-set-the-application-name-when-connecting-to-ibm-mq-using-pymqi","title":"How do I set the application name when connecting to IBM MQ using pymqi?"},{"tags":["excel","vba"],"owner":{"account_id":17188287,"reputation":656,"user_id":15150002,"user_type":"registered","profile_image":"https://i.stack.imgur.com/HK7UD.jpg?s=256&g=1","display_name":"Miguel V","link":"https://stackoverflow.com/users/15150002/miguel-v"},"is_answered":true,"view_count":47,"accepted_answer_id":76113180,"answer_count":1,"score":2,"last_activity_date":1682531282,"creation_date":1682524434,"last_edit_date":1682524464,"question_id":76112770,"content_license":"CC BY-SA 4.0","link":"https://stackoverflow.com/questions/76112770/is-there-a-way-to-resize-the-cells-of-only-some-specific-cells-that-have-an-imag","title":"Is there a way to resize the cells of only some specific cells that have an image with vba?"},{"tags":["dart","google-maps","geolocation","flutter-dependencies","google-places-api"],"owner":{"account_id":23647963,"reputation":237,"user_id":17677301,"user_type":"registered","profile_image":"https://graph.facebook.com/4281549538615539/picture?type=large","display_name":"M&#227;Ĵď","link":"https://stackoverflow.com/users/17677301/m%c3%a3%c4%b4%c4%8f"},"is_answered":false,"view_count":27,"answer_count":0,"score":0,"last_activity_date":1682524432,"creation_date":1682524432,"question_id":76112769,"content_license":"CC BY-SA 4.0","link":"https://stackoverflow.com/questions/76112769/google-web-service-null-safety-issue","title":"Google web service null safety issue"},{"tags":["azure","partitioning","azure-eventhub","throughput"],"owner":{"account_id":6504821,"reputation":61,"user_id":5034191,"user_type":"registered","accept_rate":0,"profile_image":"https://www.gravatar.com/avatar/695d4695a8bf9f010564de32c3444823?s=256&d=identicon&r=PG&f=y&so-version=2","display_name":"RRN","link":"https://stackoverflow.com/users/5034191/rrn"},"is_answered":false,"view_count":304,"answer_count":1,"score":0,"last_activity_date":1682590892,"creation_date":1682524400,"question_id":76112764,"content_license":"CC BY-SA 4.0","link":"https://stackoverflow.com/questions/76112764/azure-event-hub-partitions-throughput","title":"Azure Event Hub partitions Throughput"},{"tags":["c#","winforms","webbrowser-control"],"owner":{"account_id":1632718,"reputation":2379,"user_id":2387085,"user_type":"registered","accept_rate":94,"profile_image":"https://i.stack.imgur.com/Y2gJA.jpg?s=256&g=1","display_name":"S Nash","link":"https://stackoverflow.com/users/2387085/s-nash"},"is_answered":false,"view_count":119,"answer_count":0,"score":0,"last_activity_date":1682524338,"creation_date":1682524338,"question_id":76112759,"content_license":"CC BY-SA 4.0","link":"https://stackoverflow.com/questions/76112759/how-to-fill-a-textbox-on-any-website-using-an-embeded-webbrowser","title":"How to fill a Textbox on any website using an embeded webbrowser"},{"tags":["javascript","reactjs","firefox"],"owner":{"account_id":6075927,"reputation":255,"user_id":4743297,"user_type":"registered","accept_rate":9,"profile_image":"https://www.gravatar.com/avatar/b19631aa1c41a70a24537d00f372e7a4?s=256&d=identicon&r=PG&f=y&so-version=2","display_name":"keerti","link":"https://stackoverflow.com/users/4743297/keerti"},"is_answered":true,"view_count":126,"accepted_answer_id":76121446,"answer_count":1,"score":2,"last_activity_date":1682605022,"creation_date":1682524322,"last_edit_date":1682527642,"question_id":76112757,"content_license":"CC BY-SA 4.0","link":"https://stackoverflow.com/questions/76112757/making-changes-in-firefox-print-does-not-work-but-works-well-in-other-browsers","title":"Making changes in Firefox print does not work , but works well in other browsers"},{"tags":["python","python-3.x","select"],"owner":{"account_id":102186,"reputation":7359,"user_id":274460,"user_type":"registered","accept_rate":64,"profile_image":"https://www.gravatar.com/avatar/b76693482ab729ff9f4cf92406d95623?s=256&d=identicon&r=PG","display_name":"Tom","link":"https://stackoverflow.com/users/274460/tom"},"is_answered":false,"view_count":74,"answer_count":0,"score":1,"last_activity_date":1682524320,"creation_date":1682524320,"question_id":76112754,"content_license":"CC BY-SA 4.0","link":"https://stackoverflow.com/questions/76112754/how-can-i-use-select-select-with-readline","title":"How can I use `select.select()` with `readline()`?"},{"tags":["here-api"],"owner":{"account_id":3881976,"reputation":26,"user_id":3214231,"user_type":"registered","profile_image":"https://graph.facebook.com/605307389/picture?type=large","display_name":"user3214231","link":"https://stackoverflow.com/users/3214231/user3214231"},"is_answered":false,"view_count":118,"answer_count":1,"score":0,"last_activity_date":1683275431,"creation_date":1682524275,"question_id":76112745,"content_license":"CC BY-SA 4.0","link":"https://stackoverflow.com/questions/76112745/how-to-get-the-list-of-available-categories-in-here-api","title":"How to get the list of available categories in HERE API?"},{"tags":["mongodb","mongodb-query"],"owner":{"account_id":26586752,"reputation":73,"user_id":20210545,"user_type":"registered","profile_image":"https://lh3.googleusercontent.com/a/ALm5wu1xUMZwO9pIZ3kXcwX71QOPNw5UnIRZhYSbO8Ry=k-s256","display_name":"Sajna Sheeja","link":"https://stackoverflow.com/users/20210545/sajna-sheeja"},"is_answered":false,"view_count":41,"answer_count":1,"score":0,"last_activity_date":1682655407,"creation_date":1682524270,"last_edit_date":1682551058,"question_id":76112744,"content_license":"CC BY-SA 4.0","link":"https://stackoverflow.com/questions/76112744/mongodb-query-for-getting-the-latest-result","title":"MongoDB query for getting the latest result"}],"has_more":true,"quota_max":300,"quota_remaining":244}