{"items":[{"tags":["javascript","merge","key"],"owner":{"account_id":911058,"reputation":13062,"user_id":944919,"user_type":"registered","accept_rate":70,"profile_image":"https://www.gravatar.com/avatar/31d2944a2ba276463d140ab22a1dc675?s=256&d=identicon&r=PG&f=y&so-version=2","display_name":"coder","link":"https://stackoverflow.com/users/944919/coder"},"is_answered":false,"view_count":23,"answer_count":0,"score":0,"last_activity_date":1679375493,"creation_date":1679374798,"last_edit_date":1679375493,"question_id":75797459,"content_license":"CC BY-SA 4.0","link":"https://stackoverflow.com/questions/75797459/merge-same-data-with-key","title":"Merge same data with Key"},{"tags":["ubuntu","mysql-workbench"],"owner":{"account_id":26530562,"reputation":1,"user_id":21444493,"user_type":"registered","profile_image":"https://www.gravatar.com/avatar/9ecafeb697c73771344df6a8b41d2dc4?s=256&d=identicon&r=PG","display_name":"Yocheved_Vered","link":"https://stackoverflow.com/users/21444493/yocheved-vered"},"is_answered":false,"view_count":25,"answer_count":0,"score":0,"last_activity_date":1679407686,"creation_date":1679374735,"last_edit_date":1679407686,"question_id":75797456,"content_license":"CC BY-SA 4.0","link":"https://stackoverflow.com/questions/75797456/unable-to-connect-to-mysql-with-user-root-unable-to-connect-with-local-host","title":"Unable to connect to MySQL with user root, unable to connect with local host"},{"tags":["javascript","arrays","loops"],"owner":{"account_id":28072072,"reputation":11,"user_id":21444494,"user_type":"registered","profile_image":"https://www.gravatar.com/avatar/6deaefea5d012aa0434a8f3668d7136f?s=256&d=identicon&r=PG&f=y&so-version=2","display_name":"collegekid3014","link":"https://stackoverflow.com/users/21444494/collegekid3014"},"is_answered":false,"view_count":15,"closed_date":1679374693,"answer_count":0,"score":0,"last_activity_date":1679374660,"creation_date":1679374660,"question_id":75797448,"link":"https://stackoverflow.com/questions/75797448/javascript-loop-with-counter-variable","closed_reason":"Duplicate","title":"Javascript loop with counter variable"},{"tags":["android","location","google-play-services"],"owner":{"account_id":22810552,"reputation":3,"user_id":16961925,"user_type":"registered","profile_image":"https://www.gravatar.com/avatar/1c9e470006c41aa5d5d209b0921a2d5b?s=256&d=identicon&r=PG","display_name":"AFAV","link":"https://stackoverflow.com/users/16961925/afav"},"is_answered":false,"view_count":25,"answer_count":0,"score":0,"last_activity_date":1679374622,"creation_date":1679374622,"question_id":75797445,"content_license":"CC BY-SA 4.0","link":"https://stackoverflow.com/questions/75797445/locationcallback-not-retrieving-the-latitude-or-longitude","title":"LocationCallback not retrieving the latitude or longitude"},{"tags":["mysql","node.js","sequelize.js"],"owner":{"account_id":24261494,"reputation":11,"user_id":18211002,"user_type":"registered","profile_image":"https://lh3.googleusercontent.com/a/AATXAJxJIUnYadyBeIP_klrhiCIDZfn42mOmOA1X-2bN=k-s256","display_name":"김민범","link":"https://stackoverflow.com/users/18211002/%ea%b9%80%eb%af%bc%eb%b2%94"},"is_answered":false,"view_count":13,"answer_count":0,"score":0,"last_activity_date":1679374608,"creation_date":1679374608,"question_id":75797442,"content_license":"CC BY-SA 4.0","link":"https://stackoverflow.com/questions/75797442/how-to-get-joined-table-count-using-sequelize","title":"how to get joined table count using sequelize?"},{"tags":["javascript","svg","d3.js","choropleth"],"owner":{"account_id":26981704,"reputation":1,"user_id":20545944,"user_type":"registered","profile_image":"https://www.gravatar.com/avatar/a5c27fbfe82e15e61149c37c293b5784?s=256&d=identicon&r=PG","display_name":"Bao Nguyen","link":"https://stackoverflow.com/users/20545944/bao-nguyen"},"is_answered":false,"view_count":32,"answer_count":0,"score":0,"last_activity_date":1679374531,"creation_date":1679374500,"last_edit_date":1679374531,"question_id":75797436,"content_license":"CC BY-SA 4.0","link":"https://stackoverflow.com/questions/75797436/d3-js-choropleth-zoom-in-function-not-working-properly","title":"D3 JS Choropleth zoom in function not working properly"},{"tags":["c","gcc","gnu"],"owner":{"account_id":23977358,"reputation":121,"user_id":17965276,"user_type":"registered","profile_image":"https://www.gravatar.com/avatar/ffc01c4c8c2a891839eaf9b0809edcaa?s=256&d=identicon&r=PG","display_name":"gitman-2021","link":"https://stackoverflow.com/users/17965276/gitman-2021"},"is_answered":true,"view_count":59,"closed_date":1679384775,"accepted_answer_id":75797464,"answer_count":1,"score":0,"last_activity_date":1679377329,"creation_date":1679374437,"question_id":75797433,"link":"https://stackoverflow.com/questions/75797433/is-expression-evaluation-sequence-defined-in-gcc-comiler-or-un-defined","closed_reason":"Duplicate","title":"Is expression evaluation sequence, defined in gcc comiler, or un-defined"},{"tags":["c++","linux","cmake","nuget-package","cpack"],"owner":{"account_id":4093669,"reputation":29,"user_id":3361054,"user_type":"registered","profile_image":"https://www.gravatar.com/avatar/5f5ae7dd1876fd9bcbb1d73a1ba13e70?s=256&d=identicon&r=PG&f=y&so-version=2","display_name":"Goresh","link":"https://stackoverflow.com/users/3361054/goresh"},"is_answered":false,"view_count":113,"answer_count":1,"score":-1,"last_activity_date":1680222536,"creation_date":1679374410,"last_edit_date":1680222536,"question_id":75797432,"content_license":"CC BY-SA 4.0","link":"https://stackoverflow.com/questions/75797432/cpack-to-create-nuget-package","title":"CPack to create Nuget package"},{"tags":["python","optimization","scipy","gradient","minimize"],"owner":{"account_id":27584721,"reputation":1,"user_id":21053174,"user_type":"registered","profile_image":"https://lh3.googleusercontent.com/a/AEdFTp69I8pqLSd2c7lEDOYb8y6VF1GJC7VeE1jJLcLvJQ=k-s256","display_name":"Omer Toktas","link":"https://stackoverflow.com/users/21053174/omer-toktas"},"is_answered":false,"view_count":27,"answer_count":0,"score":0,"last_activity_date":1679374403,"creation_date":1679374403,"question_id":75797431,"content_license":"CC BY-SA 4.0","link":"https://stackoverflow.com/questions/75797431/how-can-i-see-store-the-number-of-jacobian-evaluation-for-each-iteration-at-pyth","title":"How can I see/store the number of jacobian evaluation for each iteration at python scipy.minimize for method of &#39;SLSQP&#39;?"},{"tags":["php","laravel","laravel-8","laravel-backpack","laravel-backpack-5"],"owner":{"account_id":15220801,"reputation":1,"user_id":10982732,"user_type":"registered","profile_image":"https://www.gravatar.com/avatar/1899c52c1da9301294972dfa9d4b39dd?s=256&d=identicon&r=PG&f=y&so-version=2","display_name":"Edz","link":"https://stackoverflow.com/users/10982732/edz"},"is_answered":true,"view_count":123,"answer_count":1,"score":0,"last_activity_date":1679414249,"creation_date":1679374378,"question_id":75797429,"content_license":"CC BY-SA 4.0","link":"https://stackoverflow.com/questions/75797429/laravel-backpack-customize-export-filename","title":"Laravel Backpack - Customize Export filename"},{"tags":["apex"],"owner":{"account_id":28071313,"reputation":1,"user_id":21443849,"user_type":"registered","profile_image":"https://lh3.googleusercontent.com/a/AGNmyxaqhzItDsrmAknIHxL2CIugK8gELq-QPNlNDhYh=k-s256","display_name":"Anil Das","link":"https://stackoverflow.com/users/21443849/anil-das"},"is_answered":false,"view_count":18,"answer_count":0,"score":0,"last_activity_date":1679376740,"creation_date":1679374355,"last_edit_date":1679376740,"question_id":75797428,"content_license":"CC BY-SA 4.0","link":"https://stackoverflow.com/questions/75797428/how-to-change-a-field-value-in-a-record-when-typing-on-another-field","title":"How to change a field value in a record when typing on another field"},{"tags":["python","memory"],"owner":{"account_id":23706588,"reputation":1,"user_id":17728970,"user_type":"registered","profile_image":"https://www.gravatar.com/avatar/94a7403edd230f252a2536664a2b13b7?s=256&d=identicon&r=PG","display_name":"yunya","link":"https://stackoverflow.com/users/17728970/yunya"},"is_answered":false,"view_count":33,"answer_count":0,"score":0,"last_activity_date":1679374352,"creation_date":1679374352,"question_id":75797427,"content_license":"CC BY-SA 4.0","link":"https://stackoverflow.com/questions/75797427/how-can-python-shared-memory-reduce-time-consumption","title":"How can Python shared memory reduce time consumption?"},{"tags":["laravel","vue.js","pusher","inertiajs"],"owner":{"account_id":17117975,"reputation":34,"user_id":12387010,"user_type":"registered","profile_image":"https://www.gravatar.com/avatar/747d51330ce3cb23a869f6580a8cad4f?s=256&d=identicon&r=PG&f=y&so-version=2","display_name":"Rakesh Rebbavarapu","link":"https://stackoverflow.com/users/12387010/rakesh-rebbavarapu"},"is_answered":false,"view_count":211,"answer_count":0,"score":0,"last_activity_date":1679374348,"creation_date":1679374348,"question_id":75797426,"content_license":"CC BY-SA 4.0","link":"https://stackoverflow.com/questions/75797426/not-able-to-listen-pusher-events-at-client-side-in-laravel","title":"Not able to listen pusher events at client side in laravel"},{"tags":["apache-superset"],"owner":{"account_id":272054,"reputation":2597,"user_id":562930,"user_type":"registered","accept_rate":71,"profile_image":"https://www.gravatar.com/avatar/592327d094bf6815bcea9c4788228c34?s=256&d=identicon&r=PG","display_name":"Matthew Walker","link":"https://stackoverflow.com/users/562930/matthew-walker"},"is_answered":false,"view_count":490,"answer_count":0,"score":1,"last_activity_date":1679374315,"creation_date":1679374315,"question_id":75797423,"content_license":"CC BY-SA 4.0","link":"https://stackoverflow.com/questions/75797423/how-to-sort-days-of-the-week-in-a-pivot-table-in-superset","title":"How to sort days of the week in a pivot table in Superset"},{"tags":["c++","asynchronous","websocket","boost-beast"],"owner":{"account_id":28071998,"reputation":1,"user_id":21444428,"user_type":"registered","profile_image":"https://lh3.googleusercontent.com/a/AGNmyxZD_aK6KNkv6TQTuwbqdZAS2Bkkw-yJKRmBREwt=k-s256","display_name":"ninja thunder","link":"https://stackoverflow.com/users/21444428/ninja-thunder"},"is_answered":false,"view_count":188,"answer_count":0,"score":0,"last_activity_date":1679374302,"creation_date":1679374302,"question_id":75797422,"content_license":"CC BY-SA 4.0","link":"https://stackoverflow.com/questions/75797422/how-do-i-set-the-ping-payload-in-beast-websocketstream-when-automatic-ping-pon","title":"How do I set the Ping PayLoad in Beast websocket::stream when automatic Ping Pong is Set to True?"},{"tags":["python","raspberry-pi4","saprfc","pyrfc"],"owner":{"account_id":23747700,"reputation":7,"user_id":17849901,"user_type":"registered","profile_image":"https://lh3.googleusercontent.com/a/AATXAJw-7BQiweKV7KlLgRg1c1k5M_Gs94bL7TyDaoPGbw=k-s256","display_name":"IOT-Guy","link":"https://stackoverflow.com/users/17849901/iot-guy"},"is_answered":false,"view_count":238,"answer_count":0,"score":0,"last_activity_date":1679406665,"creation_date":1679374191,"last_edit_date":1679406665,"question_id":75797418,"content_license":"CC BY-SA 4.0","link":"https://stackoverflow.com/questions/75797418/unable-to-install-pythons-pyrfc-library-for-sap-on-raspberry-pi-4","title":"Unable to install Python&#39;s Pyrfc library for SAP on Raspberry pi 4"},{"tags":["python","scipy","mathematical-optimization"],"owner":{"account_id":28071916,"reputation":11,"user_id":21444360,"user_type":"registered","profile_image":"https://www.gravatar.com/avatar/a6f54a41f8c1b2596d6242187177c989?s=256&d=identicon&r=PG&f=y&so-version=2","display_name":"amarta","link":"https://stackoverflow.com/users/21444360/amarta"},"is_answered":false,"view_count":45,"answer_count":0,"score":1,"last_activity_date":1679571260,"creation_date":1679374146,"last_edit_date":1679571260,"question_id":75797416,"content_license":"CC BY-SA 4.0","link":"https://stackoverflow.com/questions/75797416/how-to-maximize-result-of-a-non-linear-algo-using-gradient-search","title":"how to maximize result of a non linear algo using gradient search"},{"tags":["javascript","reactjs"],"owner":{"account_id":7134137,"reputation":590,"user_id":5454419,"user_type":"registered","accept_rate":53,"profile_image":"https://www.gravatar.com/avatar/45dce9d0cf04db897bd378bde94584fd?s=256&d=identicon&r=PG&f=y&so-version=2","display_name":"user2128","link":"https://stackoverflow.com/users/5454419/user2128"},"is_answered":false,"view_count":176,"answer_count":0,"score":1,"last_activity_date":1680244435,"creation_date":1679374138,"last_edit_date":1679883258,"question_id":75797415,"content_license":"CC BY-SA 4.0","link":"https://stackoverflow.com/questions/75797415/sorting-capability-linked-to-only-one-column-at-a-time-using-react","title":"Sorting capability linked to only one column at a time using react"},{"tags":["java","swing","awt","screenshot","x11"],"owner":{"account_id":21132016,"reputation":19,"user_id":15536154,"user_type":"registered","profile_image":"https://www.gravatar.com/avatar/1675f477d0678b9f5cff697977c377bc?s=256&d=identicon&r=PG&f=y&so-version=2","display_name":"pawan siliwal","link":"https://stackoverflow.com/users/15536154/pawan-siliwal"},"is_answered":false,"view_count":96,"answer_count":0,"score":1,"last_activity_date":1679374829,"creation_date":1679374132,"last_edit_date":1679374829,"question_id":75797413,"content_license":"CC BY-SA 4.0","link":"https://stackoverflow.com/questions/75797413/how-to-use-in-sun-awt-x11graphicsenvironment-on-linux-server","title":"How to Use in sun.awt.X11GraphicsEnvironment on linux server?"},{"tags":["c#","asp.net","sql-server","rdlc","sql-server-2008r2-express"],"owner":{"account_id":24510122,"reputation":1,"user_id":18424545,"user_type":"registered","profile_image":"https://www.gravatar.com/avatar/25458369689ced310c61c84ae8d78cbe?s=256&d=identicon&r=PG","display_name":"NoobCode","link":"https://stackoverflow.com/users/18424545/noobcode"},"is_answered":false,"view_count":154,"answer_count":1,"score":0,"last_activity_date":1681918357,"creation_date":1679374119,"last_edit_date":1679409779,"question_id":75797412,"content_license":"CC BY-SA 4.0","link":"https://stackoverflow.com/questions/75797412/user-input-date-and-time-as-sql-query-parameters-in-rdlc-reports","title":"User Input Date And Time as SQL Query Parameters in RDLC Reports"},{"tags":["pine-script"],"owner":{"account_id":6177327,"reputation":477,"user_id":4813836,"user_type":"registered","accept_rate":44,"profile_image":"https://www.gravatar.com/avatar/c13743814be37cf812515c71ad7f028c?s=256&d=identicon&r=PG&f=y&so-version=2","display_name":"marcq","link":"https://stackoverflow.com/users/4813836/marcq"},"is_answered":true,"view_count":58,"accepted_answer_id":75807124,"answer_count":1,"score":0,"last_activity_date":1679440044,"creation_date":1679374086,"last_edit_date":1679385819,"question_id":75797406,"content_license":"CC BY-SA 4.0","link":"https://stackoverflow.com/questions/75797406/wick-doesnt-triggered-signal-of-crossunder-or-crossover","title":"Wick doesn&#39;t triggered signal of crossunder or crossover"},{"tags":["python","django-rest-framework"],"owner":{"account_id":28071991,"reputation":19,"user_id":21444426,"user_type":"registered","profile_image":"https://www.gravatar.com/avatar/74782b81650678a5aaa5515367bef1bb?s=256&d=identicon&r=PG&f=y&so-version=2","display_name":"lionflick","link":"https://stackoverflow.com/users/21444426/lionflick"},"is_answered":false,"view_count":51,"answer_count":0,"score":0,"last_activity_date":1679410622,"creation_date":1679374017,"question_id":75797403,"content_license":"CC BY-SA 4.0","link":"https://stackoverflow.com/questions/75797403/using-djoser-in-drf-when-signing-up-i-want-to-add-my-username-to-the-form-along","title":"Using djoser in DRF When signing up, I want to add my Username to the form along with my email address and password"},{"tags":["perl","cut"],"owner":{"account_id":8489278,"reputation":599,"user_id":6366187,"user_type":"registered","profile_image":"https://lh3.googleusercontent.com/a/AEdFTp4nthXjZZKLmNpUL5ldubypwInZuoMzwpkWWDQT=k-s256","display_name":"Blurman","link":"https://stackoverflow.com/users/6366187/blurman"},"is_answered":true,"view_count":59,"accepted_answer_id":75797421,"answer_count":1,"score":-3,"last_activity_date":1679489958,"creation_date":1679374009,"last_edit_date":1679489958,"question_id":75797402,"content_license":"CC BY-SA 4.0","link":"https://stackoverflow.com/questions/75797402/perl-cut-variable-after-match","title":"perl cut variable after match"},{"tags":["sql-server","ssis"],"owner":{"account_id":6994431,"reputation":26,"user_id":5616854,"user_type":"registered","profile_image":"https://www.gravatar.com/avatar/91fe148aa581cfe308b9f2ec2ed05e3b?s=256&d=identicon&r=PG&f=y&so-version=2","display_name":"Madhan","link":"https://stackoverflow.com/users/5616854/madhan"},"is_answered":false,"view_count":39,"closed_date":1679405065,"answer_count":1,"score":0,"last_activity_date":1679405073,"creation_date":1679373943,"last_edit_date":1679374688,"question_id":75797398,"link":"https://stackoverflow.com/questions/75797398/sql-server-multiple-left-join-workaround","closed_reason":"Duplicate","title":"SQL Server multiple left join workaround"},{"tags":["linux","docker"],"owner":{"account_id":28072000,"reputation":1,"user_id":21444430,"user_type":"registered","profile_image":"https://www.gravatar.com/avatar/3c90c17a6a01c78981d5a4451c5ffba3?s=256&d=identicon&r=PG&f=y&so-version=2","display_name":"Unkown","link":"https://stackoverflow.com/users/21444430/unkown"},"is_answered":false,"view_count":1616,"answer_count":0,"score":0,"last_activity_date":1679373912,"creation_date":1679373912,"question_id":75797394,"content_license":"CC BY-SA 4.0","link":"https://stackoverflow.com/questions/75797394/failed-to-create-shim-task-oci-runtime-create-failed-runc-create-failed-unabl","title":"failed to create shim task: OCI runtime create failed: runc create failed: unable to start container process: error during container init: unable to a"},{"tags":["java","android-studio"],"owner":{"account_id":28071967,"reputation":1,"user_id":21444405,"user_type":"registered","profile_image":"https://lh3.googleusercontent.com/a/AGNmyxbLqhBtUXOM2BuR0ewJ20HS4Em4fP3w1f_t1mrgfQ=k-s256","display_name":"Anik Sengupta","link":"https://stackoverflow.com/users/21444405/anik-sengupta"},"is_answered":false,"view_count":82,"answer_count":1,"score":0,"last_activity_date":1679385999,"creation_date":1679373868,"last_edit_date":1679375839,"question_id":75797389,"content_license":"CC BY-SA 4.0","link":"https://stackoverflow.com/questions/75797389/ble-data-receiving-android-app-through-ble-notification","title":"BLE data receiving android app through BLE notification"},{"tags":["php","laravel","email","smtp"],"owner":{"account_id":17918745,"reputation":191,"user_id":13019136,"user_type":"registered","profile_image":"https://www.gravatar.com/avatar/e69ed3142f8f5547817d4e25cdcdc693?s=256&d=identicon&r=PG&f=y&so-version=2","display_name":"Bvc...","link":"https://stackoverflow.com/users/13019136/bvc"},"is_answered":true,"view_count":292,"accepted_answer_id":75797729,"answer_count":1,"score":0,"last_activity_date":1679378260,"creation_date":1679373867,"last_edit_date":1679376590,"question_id":75797388,"content_license":"CC BY-SA 4.0","link":"https://stackoverflow.com/questions/75797388/office365-smtp-issue-in-laravel-9","title":"Office365 SMTP Issue in Laravel 9"},{"tags":["java","android","gradle","aar","android-gradle-3.0"],"owner":{"account_id":13552285,"reputation":159,"user_id":9776821,"user_type":"registered","profile_image":"https://i.stack.imgur.com/6DHEE.jpg?s=256&g=1","display_name":"Jatin Krishna Habibkar","link":"https://stackoverflow.com/users/9776821/jatin-krishna-habibkar"},"is_answered":false,"view_count":30,"answer_count":0,"score":0,"last_activity_date":1679373863,"creation_date":1679373863,"question_id":75797387,"content_license":"CC BY-SA 4.0","link":"https://stackoverflow.com/questions/75797387/aar-file-is-not-identified-by-the-task-in-gradle-7-6","title":"aar file is not identified by the task in gradle 7.6"},{"tags":["android","android-fragments","surfaceview","android-videoview","android-bottomsheetdialog"],"owner":{"account_id":14629980,"reputation":772,"user_id":14599955,"user_type":"registered","profile_image":"https://graph.facebook.com/2737756176496359/picture?type=large","display_name":"Tehleel Mir","link":"https://stackoverflow.com/users/14599955/tehleel-mir"},"is_answered":false,"view_count":81,"answer_count":0,"score":0,"last_activity_date":1679389498,"creation_date":1679373844,"last_edit_date":1679389498,"question_id":75797384,"content_license":"CC BY-SA 4.0","link":"https://stackoverflow.com/questions/75797384/videoview-not-getting-hide-when-scrolling-in-bottom-sheet","title":"VideoView not getting hide when scrolling in bottom sheet"},{"tags":["java","android","android-studio","android-scrollview","android-nestedscrollview"],"owner":{"account_id":16952965,"reputation":31,"user_id":12262056,"user_type":"registered","profile_image":"https://lh3.googleusercontent.com/a-/AAuE7mAipVAiZ49JhPQoVU6UR_dMDqkZcVe2-iL1hg_J=k-s256","display_name":"Pasan Induwara","link":"https://stackoverflow.com/users/12262056/pasan-induwara"},"is_answered":false,"view_count":65,"answer_count":0,"score":0,"last_activity_date":1679373773,"creation_date":1679373773,"question_id":75797382,"content_license":"CC BY-SA 4.0","link":"https://stackoverflow.com/questions/75797382/multiple-scrollable-views-android","title":"Multiple Scrollable views android"}],"has_more":true,"quota_max":300,"quota_remaining":155}