{"items":[{"tags":["css"],"owner":{"account_id":173557,"reputation":22278,"user_id":402322,"user_type":"registered","accept_rate":67,"profile_image":"https://i.stack.imgur.com/GWEWt.gif?s=256&g=1","display_name":"ceving","link":"https://stackoverflow.com/users/402322/ceving"},"is_answered":false,"view_count":24,"answer_count":0,"score":0,"last_activity_date":1676611377,"creation_date":1676458789,"last_edit_date":1676611377,"question_id":75458801,"content_license":"CC BY-SA 4.0","link":"https://stackoverflow.com/questions/75458801/how-to-vertically-align-deeply-nested-labels-which-are-randomly-interleved","title":"How to vertically align deeply nested labels, which are randomly interleved?"},{"tags":["javascript","php"],"owner":{"account_id":27792428,"reputation":1,"user_id":21218619,"user_type":"registered","profile_image":"https://www.gravatar.com/avatar/8d8b603e710721b28005fe3fbe471ae9?s=256&d=identicon&r=PG","display_name":"Luca D&#39;Antonio","link":"https://stackoverflow.com/users/21218619/luca-dantonio"},"is_answered":false,"view_count":145,"answer_count":0,"score":0,"last_activity_date":1676458783,"creation_date":1676458783,"question_id":75458799,"content_license":"CC BY-SA 4.0","link":"https://stackoverflow.com/questions/75458799/wordpress-custom-query-and-filter-with-wpgridbuilder","title":"Wordpress Custom Query and filter with wpgridbuilder"},{"tags":["flutter","statusbar"],"owner":{"account_id":27715724,"reputation":23,"user_id":21157471,"user_type":"registered","profile_image":"https://lh3.googleusercontent.com/a/AEdFTp6rJwUmxD4UTMcgoMrYIpdjAbheBU6GAzb3d69k=k-s256","display_name":"iremy","link":"https://stackoverflow.com/users/21157471/iremy"},"is_answered":true,"view_count":43,"accepted_answer_id":75459004,"answer_count":1,"score":0,"last_activity_date":1676803216,"creation_date":1676458772,"last_edit_date":1676803216,"question_id":75458798,"content_license":"CC BY-SA 4.0","link":"https://stackoverflow.com/questions/75458798/faint-black-at-top-of-flutter-emulator-screen","title":"Faint black at top of Flutter emulator screen"},{"tags":["python","tkinter","module"],"owner":{"account_id":27792362,"reputation":31,"user_id":21218567,"user_type":"registered","profile_image":"https://lh3.googleusercontent.com/a/AEdFTp6V-LHTpTecHhIF3yk3tx2SD_Iuq6-1r-1UncXL=k-s256","display_name":"Terabyte","link":"https://stackoverflow.com/users/21218567/terabyte"},"is_answered":true,"view_count":45,"accepted_answer_id":75459106,"answer_count":1,"score":0,"last_activity_date":1676541712,"creation_date":1676458747,"last_edit_date":1676541712,"question_id":75458795,"content_license":"CC BY-SA 4.0","link":"https://stackoverflow.com/questions/75458795/calling-a-function-from-another-python-file-takes-15-seconds-compared-to-runnin","title":"Calling a function from another python file takes 15 seconds, compared to running it in the same module"},{"tags":["powerbi"],"owner":{"account_id":27180609,"reputation":19,"user_id":20715915,"user_type":"registered","profile_image":"https://www.gravatar.com/avatar/724a9230e9873f544fa376bc8711cb0e?s=256&d=identicon&r=PG","display_name":"SGP","link":"https://stackoverflow.com/users/20715915/sgp"},"is_answered":false,"view_count":81,"answer_count":1,"score":0,"last_activity_date":1676470143,"creation_date":1676458747,"question_id":75458794,"content_license":"CC BY-SA 4.0","link":"https://stackoverflow.com/questions/75458794/how-to-show-blank-data-until-refresh-for-direct-query-in-power-bi","title":"How to show blank data until refresh for direct query in power bi"},{"tags":["css","svg"],"owner":{"account_id":13304023,"reputation":3230,"user_id":9856049,"user_type":"registered","profile_image":"https://www.gravatar.com/avatar/adebea662fa00d6a907d95719ca58f59?s=256&d=identicon&r=PG&f=y&so-version=2","display_name":"sir-haver","link":"https://stackoverflow.com/users/9856049/sir-haver"},"is_answered":true,"view_count":207,"accepted_answer_id":75460672,"answer_count":2,"score":0,"last_activity_date":1676498396,"creation_date":1676458744,"last_edit_date":1676498396,"question_id":75458793,"content_license":"CC BY-SA 4.0","link":"https://stackoverflow.com/questions/75458793/how-to-make-an-svg-circle-with-edge-divided-into-3-parts","title":"How to make an svg circle with edge divided into 3 parts?"},{"tags":["c#","intrinsics","avx2","sse2"],"owner":{"account_id":14406610,"reputation":1560,"user_id":10406502,"user_type":"registered","profile_image":"https://www.gravatar.com/avatar/9887f787b0f78e4cda6341658ad6a014?s=256&d=identicon&r=PG&f=y&so-version=2","display_name":"Andr&#233; Reichelt","link":"https://stackoverflow.com/users/10406502/andr%c3%a9-reichelt"},"is_answered":true,"view_count":217,"answer_count":1,"score":0,"last_activity_date":1676469531,"creation_date":1676458717,"question_id":75458787,"content_license":"CC BY-SA 4.0","link":"https://stackoverflow.com/questions/75458787/why-isnt-avx-multiply-significantly-faster-than-the-operator","title":"Why isn&#39;t Avx.Multiply significantly faster than the * operator?"},{"tags":["php","reactjs"],"owner":{"account_id":26390873,"reputation":21,"user_id":20042759,"user_type":"registered","profile_image":"https://i.stack.imgur.com/mjpHE.jpg?s=256&g=1","display_name":"Muhammad Hasnain Khan","link":"https://stackoverflow.com/users/20042759/muhammad-hasnain-khan"},"is_answered":false,"view_count":20,"answer_count":1,"score":2,"last_activity_date":1676460038,"creation_date":1676458708,"last_edit_date":1676458870,"question_id":75458785,"content_license":"CC BY-SA 4.0","link":"https://stackoverflow.com/questions/75458785/itemlist-js15-uncaught-typeerror-items-map-is-not-a-function","title":"ItemList.js:15 Uncaught TypeError: items.map is not a function"},{"tags":["android","flutter","error-handling","admob"],"owner":{"account_id":27664121,"reputation":51,"user_id":21116305,"user_type":"registered","profile_image":"https://www.gravatar.com/avatar/5d9a43943d77e590b65bf99435a6daaa?s=256&d=identicon&r=PG","display_name":"GodHanmin","link":"https://stackoverflow.com/users/21116305/godhanmin"},"is_answered":true,"view_count":36,"answer_count":1,"score":1,"last_activity_date":1676459209,"creation_date":1676458703,"last_edit_date":1676459055,"question_id":75458784,"content_license":"CC BY-SA 4.0","link":"https://stackoverflow.com/questions/75458784/flutter-function-is-not-invoked-normally","title":"flutter - Function is not invoked normally"},{"tags":["windows-10","windows-10-iot-enterprise"],"owner":{"account_id":27249753,"reputation":11,"user_id":20774414,"user_type":"registered","profile_image":"https://lh3.googleusercontent.com/a/AEdFTp6QvNk23nKc1c-zeHfQQ_4WV9cCPi1IgGP1WzJ2gQ=k-s256","display_name":"Tyramizou","link":"https://stackoverflow.com/users/20774414/tyramizou"},"is_answered":false,"view_count":118,"answer_count":0,"score":1,"last_activity_date":1676458694,"creation_date":1676458694,"question_id":75458782,"content_license":"CC BY-SA 4.0","link":"https://stackoverflow.com/questions/75458782/wim-to-iso-fails-failure-when-attempting-to-copy-boot-files","title":"WIM to ISO fails, failure when attempting to copy boot files"},{"tags":["statistics","regression","data-science"],"owner":{"account_id":27792429,"reputation":11,"user_id":21218620,"user_type":"registered","profile_image":"https://www.gravatar.com/avatar/ee8f3d7ca0c3be92e104785f60e13931?s=256&d=identicon&r=PG&f=y&so-version=2","display_name":"Akash K.","link":"https://stackoverflow.com/users/21218620/akash-k"},"is_answered":false,"view_count":38,"answer_count":0,"score":1,"last_activity_date":1676458692,"creation_date":1676458692,"question_id":75458781,"content_license":"CC BY-SA 4.0","link":"https://stackoverflow.com/questions/75458781/can-we-calculate-model-accuracy-from-mape-or-mae","title":"can we calculate model accuracy from MAPE or MAE?"},{"tags":["javascript","html","css","reactjs"],"owner":{"account_id":14205110,"reputation":379,"user_id":10261928,"user_type":"registered","profile_image":"https://www.gravatar.com/avatar/ac498d78453d0eb16715a009954ebd29?s=256&d=identicon&r=PG&f=y&so-version=2","display_name":"Marko Marchisio","link":"https://stackoverflow.com/users/10261928/marko-marchisio"},"is_answered":false,"view_count":51,"answer_count":1,"score":1,"last_activity_date":1676494747,"creation_date":1676458682,"last_edit_date":1676494747,"question_id":75458778,"content_license":"CC BY-SA 4.0","link":"https://stackoverflow.com/questions/75458778/removing-empty-space-between-table-rows-columns","title":"Removing empty space between table rows/columns"},{"tags":["imagemagick","graphicsmagick"],"owner":{"account_id":25737957,"reputation":13,"user_id":19492374,"user_type":"registered","profile_image":"https://lh3.googleusercontent.com/a/AATXAJw0UhvhJEmvqtjIu6pRAWOkOuKfnMSyUTdbkoQL=k-s256","display_name":"Luooke","link":"https://stackoverflow.com/users/19492374/luooke"},"is_answered":false,"view_count":87,"answer_count":0,"score":1,"last_activity_date":1676458677,"creation_date":1676458677,"question_id":75458776,"content_license":"CC BY-SA 4.0","link":"https://stackoverflow.com/questions/75458776/magick-how-do-i-use-magick-to-convert-an-animated-gif-to-an-animated-webp","title":"Magick++: how do i use magick++ to convert an animated gif to an animated webp?"},{"tags":["matlab"],"owner":{"account_id":4811630,"reputation":635,"user_id":3884953,"user_type":"registered","accept_rate":89,"profile_image":"https://www.gravatar.com/avatar/b749ebea70d393577651c2433c13d9a1?s=256&d=identicon&r=PG&f=y&so-version=2","display_name":"Shika93","link":"https://stackoverflow.com/users/3884953/shika93"},"is_answered":true,"view_count":71,"accepted_answer_id":75463296,"answer_count":1,"score":3,"last_activity_date":1676481405,"creation_date":1676458655,"last_edit_date":1676475019,"question_id":75458771,"content_license":"CC BY-SA 4.0","link":"https://stackoverflow.com/questions/75458771/threshold-on-contourf","title":"Threshold on contourf"},{"tags":["vue.js","nuxt.js","vuex"],"owner":{"account_id":1212082,"reputation":1162,"user_id":1180442,"user_type":"registered","accept_rate":21,"profile_image":"https://www.gravatar.com/avatar/e7891b66316a6396ae5f78ad7732a1c8?s=256&d=identicon&r=PG","display_name":"bodger","link":"https://stackoverflow.com/users/1180442/bodger"},"is_answered":false,"view_count":44,"answer_count":0,"score":1,"last_activity_date":1676458653,"creation_date":1676458653,"question_id":75458770,"content_license":"CC BY-SA 4.0","link":"https://stackoverflow.com/questions/75458770/how-to-fetch-api-resource-by-id-when-id-is-not-in-nuxt-page-params","title":"How to fetch API resource by ID when ID is not in Nuxt page params"},{"tags":["javascript","asp.net-mvc","model-view-controller"],"owner":{"account_id":27291668,"reputation":23,"user_id":20809961,"user_type":"registered","profile_image":"https://www.gravatar.com/avatar/6581b6036947dfa364541fad7e1c6542?s=256&d=identicon&r=PG","display_name":"i13k32","link":"https://stackoverflow.com/users/20809961/i13k32"},"is_answered":false,"view_count":40,"answer_count":0,"score":1,"last_activity_date":1676458637,"creation_date":1676458637,"question_id":75458765,"content_license":"CC BY-SA 4.0","link":"https://stackoverflow.com/questions/75458765/how-to-change-tab-view-with-pagination-in-mvc-core","title":"How to change tab view with pagination in MVC Core?"},{"tags":["r","raster","r-sf","r-sp","terra"],"owner":{"account_id":1338330,"reputation":290,"user_id":1280548,"user_type":"registered","accept_rate":0,"profile_image":"https://www.gravatar.com/avatar/51fde33b64071aa588b9a9bcf707de3f?s=256&d=identicon&r=PG","display_name":"jmutua","link":"https://stackoverflow.com/users/1280548/jmutua"},"is_answered":false,"view_count":58,"answer_count":0,"score":2,"last_activity_date":1676553907,"creation_date":1676458606,"last_edit_date":1676553907,"question_id":75458762,"content_license":"CC BY-SA 4.0","link":"https://stackoverflow.com/questions/75458762/parallelizing-nested-lapply","title":"Parallelizing nested lapply"},{"tags":["php","typo3","fluid","extbase"],"owner":{"account_id":25720370,"reputation":81,"user_id":19477450,"user_type":"registered","profile_image":"https://www.gravatar.com/avatar/d909fa0577488dbdb3e4597c99224b6a?s=256&d=identicon&r=PG","display_name":"Starzi","link":"https://stackoverflow.com/users/19477450/starzi"},"is_answered":false,"view_count":64,"answer_count":0,"score":0,"last_activity_date":1676461003,"creation_date":1676458562,"last_edit_date":1676461003,"question_id":75458758,"content_license":"CC BY-SA 4.0","link":"https://stackoverflow.com/questions/75458758/typo3-cant-get-values-from-database","title":"Typo3 can&#39;t get values from DataBase"},{"tags":["terminal","owasp"],"owner":{"account_id":15324096,"reputation":1,"user_id":11055725,"user_type":"registered","profile_image":"https://lh3.googleusercontent.com/-35hX5fD-_-s/AAAAAAAAAAI/AAAAAAAAAFg/ZwmY3Ndpux8/photo.jpg?sz=256","display_name":"Purple Princess","link":"https://stackoverflow.com/users/11055725/purple-princess"},"is_answered":false,"view_count":320,"answer_count":1,"score":0,"last_activity_date":1684234953,"creation_date":1676458539,"question_id":75458754,"content_license":"CC BY-SA 4.0","link":"https://stackoverflow.com/questions/75458754/how-do-i-fix-an-error-on-my-terminal-when-running-the-command-npm-start","title":"How do I fix an error on my terminal when running the command npm start"},{"tags":["networking","router"],"owner":{"account_id":22334891,"reputation":33,"user_id":16555647,"user_type":"registered","profile_image":"https://i.stack.imgur.com/58Hek.jpg?s=256&g=1","display_name":"itsesc","link":"https://stackoverflow.com/users/16555647/itsesc"},"is_answered":true,"view_count":46,"accepted_answer_id":75561263,"answer_count":1,"score":0,"last_activity_date":1677271798,"creation_date":1676458538,"last_edit_date":1676458580,"question_id":75458753,"content_license":"CC BY-SA 4.0","link":"https://stackoverflow.com/questions/75458753/how-can-i-get-router-devices-on-my-network-programmatically","title":"How can i get router devices on my network programmatically?"},{"tags":["charts","qradar"],"owner":{"account_id":9690172,"reputation":743,"user_id":7188480,"user_type":"registered","accept_rate":73,"profile_image":"https://lh6.googleusercontent.com/-oYkPmnc1CMw/AAAAAAAAAAI/AAAAAAAAACo/Rh8TvmBykck/photo.jpg?sz=256","display_name":"Luca Sepe","link":"https://stackoverflow.com/users/7188480/luca-sepe"},"is_answered":false,"view_count":707,"answer_count":0,"score":0,"last_activity_date":1676890913,"creation_date":1676458536,"last_edit_date":1676890913,"question_id":75458752,"content_license":"CC BY-SA 4.0","link":"https://stackoverflow.com/questions/75458752/qradar-aql-search-for-a-timechart-eps-on-time-range-broken-down-daily","title":"QRadar AQL search for a timechart: EPS on time range, broken down daily"},{"tags":["r","ggplot2"],"owner":{"account_id":27792377,"reputation":9,"user_id":21218579,"user_type":"registered","profile_image":"https://www.gravatar.com/avatar/7405e9ed98bd861ffb2572ffaa1b18cb?s=256&d=identicon&r=PG","display_name":"Sarah ","link":"https://stackoverflow.com/users/21218579/sarah"},"is_answered":false,"view_count":295,"answer_count":0,"score":0,"last_activity_date":1676476301,"creation_date":1676458507,"last_edit_date":1676476301,"question_id":75458747,"content_license":"CC BY-SA 4.0","link":"https://stackoverflow.com/questions/75458747/getting-an-error-with-ggplot-updated-function","title":"Getting an error with ggplot updated function"},{"tags":["autodesk-forge","autodesk","autodesk-model-derivative"],"owner":{"account_id":14819241,"reputation":83,"user_id":10702129,"user_type":"registered","profile_image":"https://lh4.googleusercontent.com/-5dqKvYR-N5U/AAAAAAAAAAI/AAAAAAAAAz4/RNZ6l5yIUnA/photo.jpg?sz=256","display_name":"Yusuke","link":"https://stackoverflow.com/users/10702129/yusuke"},"is_answered":false,"view_count":66,"answer_count":0,"score":1,"last_activity_date":1676458504,"creation_date":1676458504,"question_id":75458746,"content_license":"CC BY-SA 4.0","link":"https://stackoverflow.com/questions/75458746/autodesk-viewer-error-translationworker-internalfailure-extractor-error-code-1","title":"Autodesk Viewer Error: TranslationWorker-InternalFailure Extractor error code -1073741819"},{"tags":["tinymce","tinymce-5"],"owner":{"account_id":3056712,"reputation":31,"user_id":2590151,"user_type":"registered","profile_image":"https://graph.facebook.com/1475027048/picture?type=large","display_name":"Vipul Goel","link":"https://stackoverflow.com/users/2590151/vipul-goel"},"is_answered":false,"view_count":202,"answer_count":0,"score":1,"last_activity_date":1676458495,"creation_date":1676458495,"question_id":75458744,"content_license":"CC BY-SA 4.0","link":"https://stackoverflow.com/questions/75458744/show-toolbar-when-tinymce-react-has-focus-and-hide-the-toolbar-when-focus-is-out","title":"Show toolbar when tinymce react has focus and hide the toolbar when focus is out"},{"tags":["testing","automated-tests","bdd","scenarios"],"owner":{"account_id":9761593,"reputation":21,"user_id":7236516,"user_type":"registered","profile_image":"https://www.gravatar.com/avatar/7cc795aeac3e6c9941b384b67b857bc9?s=256&d=identicon&r=PG&f=y&so-version=2","display_name":"nathanel13","link":"https://stackoverflow.com/users/7236516/nathanel13"},"is_answered":false,"view_count":50,"answer_count":1,"score":0,"last_activity_date":1686250516,"creation_date":1676458483,"last_edit_date":1676458670,"question_id":75458742,"content_license":"CC BY-SA 4.0","link":"https://stackoverflow.com/questions/75458742/in-bdd-should-scenarios-be-abstract-descriptions-of-behvaior-or-should-they-co","title":"In BDD, should scenarios be abstract descriptions of behvaior, or should they contain concrete examples?"},{"tags":["c","clang","fuzzing"],"owner":{"account_id":2085133,"reputation":490,"user_id":1856291,"user_type":"registered","accept_rate":86,"profile_image":"https://www.gravatar.com/avatar/fdea86c71c725c1932114ed5db6723b3?s=256&d=identicon&r=PG","display_name":"Sugar","link":"https://stackoverflow.com/users/1856291/sugar"},"is_answered":true,"view_count":78,"accepted_answer_id":75462741,"answer_count":1,"score":0,"last_activity_date":1676478631,"creation_date":1676458456,"question_id":75458738,"content_license":"CC BY-SA 4.0","link":"https://stackoverflow.com/questions/75458738/how-to-force-fuzzing-yield-coverage-data","title":"How to force fuzzing yield coverage data?"},{"tags":["jquery","css","bootstrap-4"],"owner":{"account_id":249066,"reputation":15740,"user_id":524861,"user_type":"registered","accept_rate":65,"profile_image":"https://www.gravatar.com/avatar/9591879c1ef74486cf104a930edaa8d3?s=256&d=identicon&r=PG","display_name":"Ivan-Mark Debono","link":"https://stackoverflow.com/users/524861/ivan-mark-debono"},"is_answered":false,"view_count":28,"answer_count":0,"score":0,"last_activity_date":1676459353,"creation_date":1676458451,"last_edit_date":1676459353,"question_id":75458737,"content_license":"CC BY-SA 4.0","link":"https://stackoverflow.com/questions/75458737/modal-dialog-not-showing-when-more-than-one-dialog-is-on-the-page","title":"Modal dialog not showing when more than one dialog is on the page"},{"tags":["ios","objective-c","react-native","amazon-chime"],"owner":{"account_id":26394985,"reputation":11,"user_id":20046262,"user_type":"registered","profile_image":"https://www.gravatar.com/avatar/a37add7a6eab508d2bf4049016b4515a?s=256&d=identicon&r=PG","display_name":"MonkeyDLuffy","link":"https://stackoverflow.com/users/20046262/monkeydluffy"},"is_answered":false,"view_count":397,"answer_count":0,"score":1,"last_activity_date":1676465188,"creation_date":1676458444,"last_edit_date":1676465188,"question_id":75458733,"content_license":"CC BY-SA 4.0","link":"https://stackoverflow.com/questions/75458733/screen-sharing-and-meeting-recording-using-amazon-chime-sdk-in-react-native","title":"Screen Sharing and Meeting Recording using Amazon Chime SDK in react native"},{"tags":["go","protocol-buffers","grpc-go","grpc-gateway"],"owner":{"account_id":20875859,"reputation":216,"user_id":15334651,"user_type":"registered","profile_image":"https://www.gravatar.com/avatar/3dc6076ab7bc9532dc932582845bdfbc?s=256&d=identicon&r=PG&f=y&so-version=2","display_name":"SpartanX1","link":"https://stackoverflow.com/users/15334651/spartanx1"},"is_answered":true,"view_count":557,"answer_count":1,"score":2,"last_activity_date":1676460265,"creation_date":1676458440,"question_id":75458732,"content_license":"CC BY-SA 4.0","link":"https://stackoverflow.com/questions/75458732/how-to-represent-golang-any-type-in-protobuf-language","title":"How to represent golang &quot;any&quot; type in protobuf language"},{"tags":["excel","excel-formula","visualization"],"owner":{"account_id":21746504,"reputation":86,"user_id":16053101,"user_type":"registered","profile_image":"https://i.stack.imgur.com/nQ4uO.jpg?s=256&g=1","display_name":"Ankit","link":"https://stackoverflow.com/users/16053101/ankit"},"is_answered":true,"view_count":37,"accepted_answer_id":75458766,"answer_count":1,"score":0,"last_activity_date":1676772052,"creation_date":1676458430,"question_id":75458730,"content_license":"CC BY-SA 4.0","link":"https://stackoverflow.com/questions/75458730/how-to-organize-this-excel-page-in-proper-rows-and-columns","title":"How to organize this excel page in proper rows and columns?"}],"has_more":true,"quota_max":300,"quota_remaining":289}