{"items":[{"tags":["regex","pattern-matching","regex-group","regex-lookarounds"],"owner":{"account_id":27125333,"reputation":35,"user_id":20668453,"user_type":"registered","profile_image":"https://www.gravatar.com/avatar/e2928b846658383408e6f353fea7d303?s=256&d=identicon&r=PG","display_name":"SevenTwo","link":"https://stackoverflow.com/users/20668453/seventwo"},"is_answered":true,"view_count":91,"accepted_answer_id":75492970,"answer_count":2,"score":2,"last_activity_date":1676730158,"creation_date":1676717983,"question_id":75492868,"content_license":"CC BY-SA 4.0","link":"https://stackoverflow.com/questions/75492868/regex-select-names-in-next-lines-after-match-until","title":"Regex select names in next lines after match (until...)"},{"tags":["flutter","text","word-wrap","expanded"],"owner":{"account_id":27179666,"reputation":3,"user_id":20715108,"user_type":"registered","profile_image":"https://www.gravatar.com/avatar/6577427aed3ce8d40ace7e3bee051201?s=256&d=identicon&r=PG","display_name":"Johan","link":"https://stackoverflow.com/users/20715108/johan"},"is_answered":true,"view_count":37,"accepted_answer_id":75493882,"answer_count":1,"score":0,"last_activity_date":1676729314,"creation_date":1676717973,"last_edit_date":1676720129,"question_id":75492867,"content_license":"CC BY-SA 4.0","link":"https://stackoverflow.com/questions/75492867/flutter-alignement-and-wrap-of-different-texts","title":"Flutter alignement and wrap of different texts"},{"tags":["eclipse","variables","external-tools"],"owner":{"account_id":1937747,"reputation":14220,"user_id":1744774,"user_type":"registered","accept_rate":100,"profile_image":"https://i.stack.imgur.com/e3xZV.png?s=256&g=1","display_name":"Gerold Broser","link":"https://stackoverflow.com/users/1744774/gerold-broser"},"is_answered":false,"view_count":63,"answer_count":0,"score":0,"last_activity_date":1677643394,"creation_date":1676717972,"last_edit_date":1677643394,"question_id":75492866,"content_license":"CC BY-SA 4.0","link":"https://stackoverflow.com/questions/75492866/how-to-supply-an-external-tool-in-eclipse-with-multiple-selected-resources","title":"How to supply an external tool in Eclipse with multiple selected resources?"},{"tags":["javascript","node.js","npm-package"],"owner":{"account_id":27706397,"reputation":21,"user_id":21149939,"user_type":"registered","profile_image":"https://www.gravatar.com/avatar/942c54a56f39ef620ab92298312743b4?s=256&d=identicon&r=PG","display_name":"question asker 420","link":"https://stackoverflow.com/users/21149939/question-asker-420"},"is_answered":false,"view_count":94,"answer_count":0,"score":2,"last_activity_date":1676717957,"creation_date":1676717957,"question_id":75492861,"content_license":"CC BY-SA 4.0","link":"https://stackoverflow.com/questions/75492861/npm-package-reference-source-file","title":"NPM package - reference source file"},{"tags":["azure","authentication","sveltekit"],"owner":{"account_id":27818224,"reputation":1,"user_id":21239185,"user_type":"registered","profile_image":"https://www.gravatar.com/avatar/5a341a025d07c41401d0cd400c8cdbe3?s=256&d=identicon&r=PG","display_name":"MBois","link":"https://stackoverflow.com/users/21239185/mbois"},"is_answered":false,"view_count":117,"answer_count":0,"score":0,"last_activity_date":1676717941,"creation_date":1676717941,"question_id":75492860,"content_license":"CC BY-SA 4.0","link":"https://stackoverflow.com/questions/75492860/aad-authen-staticwebapp-config-json-sveltekit-ssr","title":"AAD authen staticwebapp.config.json SvelteKit SSR"},{"tags":["amazon-web-services","amazon-s3","amazon-route53"],"owner":{"account_id":20267036,"reputation":1,"user_id":14863987,"user_type":"registered","profile_image":"https://www.gravatar.com/avatar/882304f49119ed597cb71552ea4d13ef?s=256&d=identicon&r=PG&f=y&so-version=2","display_name":"George Melroy D&#39;Souza","link":"https://stackoverflow.com/users/14863987/george-melroy-dsouza"},"is_answered":true,"view_count":114,"accepted_answer_id":75492936,"answer_count":1,"score":0,"last_activity_date":1676786683,"creation_date":1676717934,"last_edit_date":1676786683,"question_id":75492859,"content_license":"CC BY-SA 4.0","link":"https://stackoverflow.com/questions/75492859/problem-with-my-domain-registerd-with-aws-but-pointing-to-gandi-net","title":"Problem with my domain registerd with AWS but pointing to gandi.net"},{"tags":["html","css","frontend"],"owner":{"account_id":27284670,"reputation":23,"user_id":20804042,"user_type":"registered","profile_image":"https://www.gravatar.com/avatar/8981ece8cb31f56ae0be08917ba09cf7?s=256&d=identicon&r=PG","display_name":"sadsad","link":"https://stackoverflow.com/users/20804042/sadsad"},"is_answered":true,"view_count":24,"accepted_answer_id":75492948,"answer_count":1,"score":0,"last_activity_date":1676718830,"creation_date":1676717916,"question_id":75492857,"content_license":"CC BY-SA 4.0","link":"https://stackoverflow.com/questions/75492857/is-it-possible-to-colorize-same-border-from-different-zones","title":"Is it possible to colorize same border from different zones?"},{"tags":["python","windows","opencv"],"owner":{"account_id":23580119,"reputation":31,"user_id":17619256,"user_type":"registered","profile_image":"https://www.gravatar.com/avatar/b587a7e8c382ea224812ca68f44b7b12?s=256&d=identicon&r=PG","display_name":"64Bits","link":"https://stackoverflow.com/users/17619256/64bits"},"is_answered":false,"view_count":72,"answer_count":0,"score":0,"last_activity_date":1676723131,"creation_date":1676717894,"last_edit_date":1676723131,"question_id":75492856,"content_license":"CC BY-SA 4.0","link":"https://stackoverflow.com/questions/75492856/opencv-cl-out-of-resources-when-running-code-that-worked-before","title":"OpenCV CL_OUT_OF_RESOURCES when running code that worked before"},{"tags":["ios","flutter"],"owner":{"account_id":18168410,"reputation":1087,"user_id":13218530,"user_type":"registered","profile_image":"https://i.stack.imgur.com/FARiG.jpg?s=256&g=1","display_name":"MUHAMMAD SHAHID RAFI C P","link":"https://stackoverflow.com/users/13218530/muhammad-shahid-rafi-c-p"},"is_answered":true,"view_count":9135,"accepted_answer_id":75640469,"answer_count":2,"score":16,"last_activity_date":1691763235,"creation_date":1676717861,"last_edit_date":1676719713,"question_id":75492854,"content_license":"CC BY-SA 4.0","link":"https://stackoverflow.com/questions/75492854/platformexceptioninvalid-image-cannot-load-representation-of-type-public-jpeg","title":"PlatformException(invalid_image, Cannot load representation of type public.jpeg, NSItemProviderErrorDomain, null)"},{"tags":["ansible","ansible-template","ansible-tower"],"owner":{"account_id":26257364,"reputation":1,"user_id":19929231,"user_type":"registered","profile_image":"https://www.gravatar.com/avatar/23ba58931da619f2dee747a546d49998?s=256&d=identicon&r=PG","display_name":"signits","link":"https://stackoverflow.com/users/19929231/signits"},"is_answered":false,"view_count":88,"answer_count":0,"score":0,"last_activity_date":1676717857,"creation_date":1676717806,"last_edit_date":1676717857,"question_id":75492850,"content_license":"CC BY-SA 4.0","link":"https://stackoverflow.com/questions/75492850/aap-tower-passing-job-tags-to-provisioning-callback-during-its-execution-wit","title":"AAP/Tower - Passing &quot;job_tags&quot; to provisioning callback during its execution with curl"},{"tags":["css","reactjs"],"owner":{"account_id":27818251,"reputation":1,"user_id":21239211,"user_type":"registered","profile_image":"https://lh3.googleusercontent.com/a/AEdFTp6jFHunaLlnjwq0FfIsqT6T0bn2d1ue5WPQXPGi=k-s256","display_name":"Simarjeet Singh","link":"https://stackoverflow.com/users/21239211/simarjeet-singh"},"is_answered":false,"view_count":44,"answer_count":2,"score":0,"last_activity_date":1676717991,"creation_date":1676717800,"question_id":75492848,"content_license":"CC BY-SA 4.0","link":"https://stackoverflow.com/questions/75492848/hide-scrollbar-for-a-particular-div","title":"Hide scrollbar for a particular div"},{"tags":["python","playwright","webautomation","playwright-python"],"owner":{"account_id":27818232,"reputation":11,"user_id":21239195,"user_type":"registered","profile_image":"https://www.gravatar.com/avatar/e46f40e319e2aa379aec0a87c6f7aa59?s=256&d=identicon&r=PG","display_name":"Paul","link":"https://stackoverflow.com/users/21239195/paul"},"is_answered":false,"view_count":493,"answer_count":1,"score":0,"last_activity_date":1676849791,"creation_date":1676717793,"last_edit_date":1676717880,"question_id":75492846,"content_license":"CC BY-SA 4.0","link":"https://stackoverflow.com/questions/75492846/playwright-python-how-to-locate-an-iframe-object-that-has-a-dynamic-ip-and-no-n","title":"Playwright Python: How to locate an iframe object that has a dynamic ip and no name/url?"},{"tags":["javascript","html","reactjs"],"owner":{"account_id":21576264,"reputation":374,"user_id":15908339,"user_type":"registered","profile_image":"https://i.stack.imgur.com/1rXZz.png?s=256&g=1","display_name":"Pratik Dev","link":"https://stackoverflow.com/users/15908339/pratik-dev"},"is_answered":true,"view_count":351,"accepted_answer_id":75492994,"answer_count":2,"score":1,"last_activity_date":1676721533,"creation_date":1676717765,"last_edit_date":1676718263,"question_id":75492842,"content_license":"CC BY-SA 4.0","link":"https://stackoverflow.com/questions/75492842/how-to-handle-these-multiple-forms","title":"how to handle these multiple forms?"},{"tags":["python"],"owner":{"account_id":25008301,"reputation":41,"user_id":18868015,"user_type":"registered","profile_image":"https://i.stack.imgur.com/2KDiu.jpg?s=256&g=1","display_name":"Ali Valizade","link":"https://stackoverflow.com/users/18868015/ali-valizade"},"is_answered":true,"view_count":150,"answer_count":1,"score":0,"last_activity_date":1676719274,"creation_date":1676717740,"last_edit_date":1676717758,"question_id":75492840,"content_license":"CC BY-SA 4.0","link":"https://stackoverflow.com/questions/75492840/attributeerror-module-pysynth-has-no-attribute-make-wav","title":"AttributeError: module &#39;pysynth&#39; has no attribute &#39;make_wav&#39;"},{"tags":["laravel-8"],"owner":{"account_id":21843838,"reputation":3,"user_id":16137005,"user_type":"registered","profile_image":"https://lh3.googleusercontent.com/a/AATXAJwtQGKx9Fqli6RVVxklDK_OYsY2LoSfOIMa5MmR=k-s256","display_name":"Alvin Mbiyu","link":"https://stackoverflow.com/users/16137005/alvin-mbiyu"},"is_answered":true,"view_count":53,"accepted_answer_id":75498821,"answer_count":1,"score":0,"last_activity_date":1676795085,"creation_date":1676717722,"question_id":75492839,"content_license":"CC BY-SA 4.0","link":"https://stackoverflow.com/questions/75492839/sqlstate23000-integrity-constraint-violation-1048-column-county-id-cannot","title":"SQLSTATE[23000]: Integrity constraint violation: 1048 Column &#39;county_id&#39; cannot be null"},{"tags":["python","excel","pandas"],"owner":{"account_id":19504782,"reputation":1,"user_id":14270049,"user_type":"registered","profile_image":"https://www.gravatar.com/avatar/c32d045c78d37a1fe5ffcf0cddcd251d?s=256&d=identicon&r=PG&f=y&so-version=2","display_name":"Awan","link":"https://stackoverflow.com/users/14270049/awan"},"is_answered":true,"view_count":73,"answer_count":1,"score":0,"last_activity_date":1676718533,"creation_date":1676717710,"question_id":75492837,"content_license":"CC BY-SA 4.0","link":"https://stackoverflow.com/questions/75492837/how-to-read-excel-cell-values-as-a-list","title":"How to read excel cell values as a list?"},{"tags":["javascript","html","css"],"owner":{"account_id":25154980,"reputation":78,"user_id":18999921,"user_type":"registered","profile_image":"https://lh3.googleusercontent.com/a-/AOh14GjYg8IRN7vhzb99dktv6KAcZInmNNZpXpUY44QU2Q=k-s256","display_name":"Aun Zaidi","link":"https://stackoverflow.com/users/18999921/aun-zaidi"},"is_answered":false,"view_count":81,"answer_count":0,"score":0,"last_activity_date":1676717695,"creation_date":1676717695,"question_id":75492835,"content_license":"CC BY-SA 4.0","link":"https://stackoverflow.com/questions/75492835/how-to-animate-a-part-of-an-image","title":"How to animate a part of an image"},{"tags":["css","mobile","overflow","horizontal-scrolling"],"owner":{"account_id":25672920,"reputation":1,"user_id":19436863,"user_type":"registered","profile_image":"https://lh3.googleusercontent.com/a/AATXAJzwSBl61aurrkdTdxhVyHFsJ-5X1EJdsuTjGADs=k-s256","display_name":"Alexander Rydberg","link":"https://stackoverflow.com/users/19436863/alexander-rydberg"},"is_answered":false,"view_count":273,"answer_count":1,"score":0,"last_activity_date":1676718910,"creation_date":1676717646,"question_id":75492834,"content_license":"CC BY-SA 4.0","link":"https://stackoverflow.com/questions/75492834/how-do-i-make-elements-horizontally-scrollable-on-mobile-and-not-just-resize","title":"How do I make elements horizontally scrollable on mobile and not just resize?"},{"tags":["javascript","reactjs","oauth-2.0","oauth","twitter-oauth"],"owner":{"account_id":19313939,"reputation":28,"user_id":14119116,"user_type":"registered","profile_image":"https://i.stack.imgur.com/lIMjK.jpg?s=256&g=1","display_name":"Amir B","link":"https://stackoverflow.com/users/14119116/amir-b"},"is_answered":false,"view_count":226,"answer_count":0,"score":1,"last_activity_date":1676717547,"creation_date":1676717547,"question_id":75492824,"content_license":"CC BY-SA 4.0","link":"https://stackoverflow.com/questions/75492824/how-to-handle-twitter-oauth-in-a-popup-window-and-close-the-popup-and-reload-the","title":"How to handle Twitter OAuth in a popup window and close the popup and reload the parent window in react app?"},{"tags":["python","pandas"],"owner":{"account_id":22594331,"reputation":253,"user_id":16776897,"user_type":"registered","profile_image":"https://www.gravatar.com/avatar/cd757eb4696372e3fa6c6af678e366e7?s=256&d=identicon&r=PG&f=y&so-version=2","display_name":"JohnH","link":"https://stackoverflow.com/users/16776897/johnh"},"is_answered":true,"view_count":68,"accepted_answer_id":75501996,"answer_count":2,"score":0,"last_activity_date":1676872590,"creation_date":1676717536,"last_edit_date":1676723909,"question_id":75492822,"content_license":"CC BY-SA 4.0","link":"https://stackoverflow.com/questions/75492822/efficient-way-to-fill-missing-values-using-groupby","title":"Efficient way to fill missing values using groupby"},{"tags":["elm","katex"],"owner":{"account_id":1173705,"reputation":123,"user_id":13539807,"user_type":"registered","profile_image":"https://www.gravatar.com/avatar/53098ee6309af3ea39300146b51b1b99?s=256&d=identicon&r=PG","display_name":"bitt.j","link":"https://stackoverflow.com/users/13539807/bitt-j"},"is_answered":true,"view_count":166,"accepted_answer_id":75643305,"answer_count":1,"score":1,"last_activity_date":1678031867,"creation_date":1676717521,"last_edit_date":1676725483,"question_id":75492820,"content_license":"CC BY-SA 4.0","link":"https://stackoverflow.com/questions/75492820/embedding-mathematical-equations-in-an-elm-spa","title":"Embedding mathematical equations in an Elm Spa"},{"tags":["amazon-dynamodb","marshalling"],"owner":{"account_id":19883475,"reputation":11,"user_id":14566952,"user_type":"registered","profile_image":"https://www.gravatar.com/avatar/db58f3f46d0a2f70b30265361436ebf0?s=256&d=identicon&r=PG&f=y&so-version=2","display_name":"sheffield","link":"https://stackoverflow.com/users/14566952/sheffield"},"is_answered":true,"view_count":275,"answer_count":1,"score":1,"last_activity_date":1676728061,"creation_date":1676717516,"last_edit_date":1676727670,"question_id":75492819,"content_license":"CC BY-SA 4.0","link":"https://stackoverflow.com/questions/75492819/how-to-marshall-a-composite-key-for-getcommand","title":"How to Marshall a composite key for GetCommand"},{"tags":["angular","typescript","eslint","typescript-eslint"],"owner":{"account_id":4547737,"reputation":842,"user_id":3693763,"user_type":"registered","profile_image":"https://i.stack.imgur.com/hoV7b.jpg?s=256&g=1","display_name":"Pinaki","link":"https://stackoverflow.com/users/3693763/pinaki"},"is_answered":true,"view_count":367,"accepted_answer_id":75492828,"answer_count":1,"score":-2,"last_activity_date":1676717578,"creation_date":1676717483,"question_id":75492815,"content_license":"CC BY-SA 4.0","link":"https://stackoverflow.com/questions/75492815/unsafe-member-access-setattribute-on-an-any-value-eslinttypescript-eslint","title":"Unsafe member access .setAttribute on an `any` value. eslint(@typescript-eslint/no-unsafe-member-access)"},{"tags":["android","android-jetpack-compose","compose-recomposition"],"owner":{"account_id":1139691,"reputation":1520,"user_id":1123946,"user_type":"registered","accept_rate":61,"profile_image":"https://i.stack.imgur.com/dile1.jpg?s=256&g=1","display_name":"Javier","link":"https://stackoverflow.com/users/1123946/javier"},"is_answered":false,"view_count":432,"answer_count":1,"score":1,"last_activity_date":1683692697,"creation_date":1676717476,"question_id":75492813,"content_license":"CC BY-SA 4.0","link":"https://stackoverflow.com/questions/75492813/jetpack-compose-avoid-unnecessary-image-bitmap-recomposition","title":"Jetpack compose avoid unnecessary Image bitmap recomposition"},{"tags":["bash","git","visual-studio","github","terminal"],"owner":{"account_id":18453853,"reputation":17,"user_id":13443198,"user_type":"registered","profile_image":"https://lh3.googleusercontent.com/a-/AOh14GitEDErY0Gs2I0NluKS8fi0aS1E_X3F7m13hucN=k-s256","display_name":"HiImnewb","link":"https://stackoverflow.com/users/13443198/hiimnewb"},"is_answered":false,"view_count":157,"answer_count":1,"score":0,"last_activity_date":1676717821,"creation_date":1676717461,"question_id":75492812,"content_license":"CC BY-SA 4.0","link":"https://stackoverflow.com/questions/75492812/why-my-git-bash-is-crashing-when-opening-it-and-not-starting","title":"Why my Git Bash is crashing when opening it and not starting?"},{"tags":["unity-game-engine","shader","arcore"],"owner":{"account_id":26007211,"reputation":11,"user_id":19716774,"user_type":"registered","profile_image":"https://www.gravatar.com/avatar/078ba215e4d06adad6c3d204225d82e3?s=256&d=identicon&r=PG","display_name":"laury","link":"https://stackoverflow.com/users/19716774/laury"},"is_answered":true,"view_count":180,"accepted_answer_id":75492990,"answer_count":1,"score":0,"last_activity_date":1676719376,"creation_date":1676717442,"question_id":75492809,"content_license":"CC BY-SA 4.0","link":"https://stackoverflow.com/questions/75492809/problem-with-surface-shader-for-clipping-with-a-plane-in-augmented-reality","title":"Problem with surface shader for clipping with a plane in Augmented Reality"},{"tags":["r","dataframe","dplyr","division"],"owner":{"account_id":9174053,"reputation":2389,"user_id":6820344,"user_type":"registered","accept_rate":72,"profile_image":"https://www.gravatar.com/avatar/58a12efc45254bd94d8ecdb96ef59fa0?s=256&d=identicon&r=PG&f=y&so-version=2","display_name":"Rspacer","link":"https://stackoverflow.com/users/6820344/rspacer"},"is_answered":true,"view_count":65,"accepted_answer_id":75492889,"answer_count":4,"score":0,"last_activity_date":1676740975,"creation_date":1676717327,"last_edit_date":1676732791,"question_id":75492805,"content_license":"CC BY-SA 4.0","link":"https://stackoverflow.com/questions/75492805/how-to-divide-only-a-certain-factor-in-a-column-in-r-data-frame","title":"How to divide only a certain factor in a column in R data frame?"},{"tags":["javascript","typescript","sequelize.js","nestjs","sequelize-typescript"],"owner":{"account_id":26485595,"reputation":41,"user_id":20124223,"user_type":"registered","profile_image":"https://www.gravatar.com/avatar/6bc6382c1339ac4c35a27db34e27309f?s=256&d=identicon&r=PG","display_name":"wowblvck","link":"https://stackoverflow.com/users/20124223/wowblvck"},"is_answered":false,"view_count":76,"answer_count":2,"score":0,"last_activity_date":1677071277,"creation_date":1676717304,"last_edit_date":1676965344,"question_id":75492801,"content_license":"CC BY-SA 4.0","link":"https://stackoverflow.com/questions/75492801/between-two-dates","title":"Between two dates"},{"tags":["html","for-loop","web-scraping","beautifulsoup","while-loop"],"owner":{"account_id":27818134,"reputation":1,"user_id":21239110,"user_type":"registered","profile_image":"https://lh3.googleusercontent.com/a/AEdFTp46qETTgcJwUNgZvAYHqx5FZempCadFxEK__t8q8w=k-s256","display_name":"Aykut Y&#252;cel G&#252;nel","link":"https://stackoverflow.com/users/21239110/aykut-y%c3%bccel-g%c3%bcnel"},"is_answered":false,"view_count":42,"answer_count":0,"score":0,"last_activity_date":1676717300,"creation_date":1676717300,"question_id":75492800,"content_license":"CC BY-SA 4.0","link":"https://stackoverflow.com/questions/75492800/no-results-for-the-web-scrapping-from-autoscout24","title":"No results for the web-scrapping from autoscout24"},{"tags":["python","networkx","polygon","shapely","topology"],"owner":{"account_id":16571542,"reputation":325,"user_id":11974537,"user_type":"registered","profile_image":"https://www.gravatar.com/avatar/ce21e516e72d3149ae5b9be14fdc23e7?s=256&d=identicon&r=PG&f=y&so-version=2","display_name":"Laguilhoat","link":"https://stackoverflow.com/users/11974537/laguilhoat"},"is_answered":false,"view_count":49,"answer_count":0,"score":2,"last_activity_date":1676717237,"creation_date":1676717237,"question_id":75492795,"content_license":"CC BY-SA 4.0","link":"https://stackoverflow.com/questions/75492795/how-do-i-find-all-inner-cells-within-a-spatial-network-of-nodes","title":"How do I find all inner cells within a spatial network of nodes?"}],"has_more":true,"quota_max":300,"quota_remaining":277}