{"items":[{"tags":["android","android-workmanager"],"owner":{"account_id":19575575,"reputation":77,"user_id":14325719,"user_type":"registered","profile_image":"https://www.gravatar.com/avatar/bec559c7498a6575be12f41f02195f42?s=256&d=identicon&r=PG&f=y&so-version=2","display_name":"Droid","link":"https://stackoverflow.com/users/14325719/droid"},"is_answered":false,"view_count":42,"answer_count":0,"score":0,"last_activity_date":1682956783,"creation_date":1682956783,"question_id":76148338,"content_license":"CC BY-SA 4.0","link":"https://stackoverflow.com/questions/76148338/how-to-publish-progress-from-work-manager","title":"How to publish progress from work manager?"},{"tags":["mongodb","realm"],"owner":{"account_id":6486169,"reputation":171,"user_id":5021689,"user_type":"registered","profile_image":"https://i.stack.imgur.com/2wW2u.png?s=256&g=1","display_name":"Christian Meichsner","link":"https://stackoverflow.com/users/5021689/christian-meichsner"},"is_answered":true,"view_count":103,"answer_count":2,"score":0,"last_activity_date":1683048609,"creation_date":1682956764,"question_id":76148337,"content_license":"CC BY-SA 4.0","link":"https://stackoverflow.com/questions/76148337/how-is-mongodb-realm-handling-concurrent-updates","title":"How is mongodb-realm handling concurrent updates"},{"tags":["javascript","php","jquery","wordpress","woocommerce"],"owner":{"account_id":24502618,"reputation":53,"user_id":19549676,"user_type":"registered","profile_image":"https://lh3.googleusercontent.com/a/AItbvmlmvPgFBXXmoCPSqRNHGjGYndVLE6Cl4kuiOxDa=k-s256","display_name":"Alex","link":"https://stackoverflow.com/users/19549676/alex"},"is_answered":true,"view_count":132,"accepted_answer_id":76151670,"answer_count":1,"score":0,"last_activity_date":1683000639,"creation_date":1682956667,"question_id":76148327,"content_license":"CC BY-SA 4.0","link":"https://stackoverflow.com/questions/76148327/add-product-to-cart-using-jquery-ajax-and-php-in-functions-php","title":"Add product to cart using jquery ajax and php in functions.php"},{"tags":["reactjs","treeview"],"owner":{"account_id":26709441,"reputation":13,"user_id":20315079,"user_type":"registered","profile_image":"https://www.gravatar.com/avatar/9a42123c2833f1b8cbe1775d97a61ca3?s=256&d=identicon&r=PG","display_name":"Lenur","link":"https://stackoverflow.com/users/20315079/lenur"},"is_answered":false,"view_count":359,"answer_count":1,"score":0,"last_activity_date":1682957051,"creation_date":1682956649,"question_id":76148326,"content_license":"CC BY-SA 4.0","link":"https://stackoverflow.com/questions/76148326/react-tree-view-component","title":"React Tree view component"},{"tags":["javascript"],"owner":{"account_id":22202473,"reputation":15,"user_id":16442936,"user_type":"registered","profile_image":"https://i.stack.imgur.com/qZImC.png?s=256&g=1","display_name":"Nicolas Pezzullo","link":"https://stackoverflow.com/users/16442936/nicolas-pezzullo"},"is_answered":true,"view_count":64,"accepted_answer_id":76148872,"answer_count":1,"score":-2,"last_activity_date":1682962935,"creation_date":1682956640,"last_edit_date":1682958542,"question_id":76148325,"content_license":"CC BY-SA 4.0","link":"https://stackoverflow.com/questions/76148325/properties-of-undefined-reading-tolowercase-yet-code-still-lower-cases","title":"Properties of undefined ( reading .toLowerCase() ), yet code still lower cases"},{"tags":["react-native","react-native-maps","directions"],"owner":{"account_id":24095252,"reputation":45,"user_id":18067882,"user_type":"registered","profile_image":"https://lh3.googleusercontent.com/a-/AOh14Ggk9_QpjzxtbxYtVVB_rkm6NJfgFruDrmur8YJJXQ=k-s256","display_name":"Rasmus","link":"https://stackoverflow.com/users/18067882/rasmus"},"is_answered":false,"view_count":415,"answer_count":0,"score":0,"last_activity_date":1683579356,"creation_date":1682956634,"last_edit_date":1683579356,"question_id":76148323,"content_license":"CC BY-SA 4.0","link":"https://stackoverflow.com/questions/76148323/react-native-maps-directions-show-multiple-alternative-routes","title":"react-native-maps-directions show multiple alternative routes"},{"tags":["haskell","lambda-calculus","combinatory-logic"],"owner":{"account_id":23505635,"reputation":21,"user_id":17554960,"user_type":"registered","profile_image":"https://lh3.googleusercontent.com/a/AATXAJzv5IrG40B9da4wZEGPzt4tDAAZV7cWM_UBSYVQ=k-s256","display_name":"idkDude","link":"https://stackoverflow.com/users/17554960/idkdude"},"is_answered":true,"view_count":109,"answer_count":2,"score":2,"last_activity_date":1683048727,"creation_date":1682956632,"question_id":76148322,"content_license":"CC BY-SA 4.0","link":"https://stackoverflow.com/questions/76148322/not-returning-all-possible-one-step-reductions-for-combinatory-expressions","title":"Not returning all possible one-step reductions for combinatory expressions"},{"tags":["unit-testing","unity-game-engine","channel","scriptable-object"],"owner":{"account_id":14695462,"reputation":1,"user_id":10612973,"user_type":"registered","profile_image":"https://www.gravatar.com/avatar/41b637822a0492db5ccbd4b3be8a9afa?s=256&d=identicon&r=PG&f=y&so-version=2","display_name":"Rollo","link":"https://stackoverflow.com/users/10612973/rollo"},"is_answered":false,"view_count":41,"answer_count":0,"score":0,"last_activity_date":1682956618,"creation_date":1682956618,"question_id":76148319,"content_license":"CC BY-SA 4.0","link":"https://stackoverflow.com/questions/76148319/how-can-i-unit-test-playmode-behaviours-with-a-scriptable-object-channel-based-s","title":"How can I Unit Test PlayMode behaviours with a Scriptable Object Channel based setup for my Unity game?"},{"tags":["android","sqlite","kotlin","android-room"],"owner":{"account_id":27368751,"reputation":13,"user_id":20875146,"user_type":"registered","profile_image":"https://www.gravatar.com/avatar/838d676d749a0925aee8d306616094fe?s=256&d=identicon&r=PG","display_name":"Eugene Zimin","link":"https://stackoverflow.com/users/20875146/eugene-zimin"},"is_answered":true,"view_count":69,"accepted_answer_id":76149814,"answer_count":1,"score":0,"last_activity_date":1683192053,"creation_date":1682956611,"last_edit_date":1683192053,"question_id":76148318,"content_license":"CC BY-SA 4.0","link":"https://stackoverflow.com/questions/76148318/get-entities-belonging-to-a-given-account-in-android-room","title":"Get entities belonging to a given account in Android Room"},{"tags":["terminal","windows-terminal","oh-my-posh"],"owner":{"account_id":28473763,"reputation":11,"user_id":21788718,"user_type":"registered","profile_image":"https://www.gravatar.com/avatar/67695af30b660b4aad952b7a6bfe33c6?s=256&d=identicon&r=PG&f=y&so-version=2","display_name":"Joe","link":"https://stackoverflow.com/users/21788718/joe"},"is_answered":false,"view_count":396,"answer_count":1,"score":1,"last_activity_date":1683633928,"creation_date":1682956596,"question_id":76148315,"content_license":"CC BY-SA 4.0","link":"https://stackoverflow.com/questions/76148315/terminal-glyphs-are-not-showing","title":"Terminal Glyphs are not showing"},{"tags":["linux","oracle11g","oracle-sqldeveloper","sqlplus"],"owner":{"account_id":49858,"reputation":443,"user_id":148606,"user_type":"registered","profile_image":"https://www.gravatar.com/avatar/7ba31517908a31f03df39b3a398d4ae9?s=256&d=identicon&r=PG","display_name":"Woody2143","link":"https://stackoverflow.com/users/148606/woody2143"},"is_answered":true,"view_count":60,"accepted_answer_id":76177309,"answer_count":1,"score":0,"last_activity_date":1683233793,"creation_date":1682956561,"last_edit_date":1682967455,"question_id":76148314,"content_license":"CC BY-SA 4.0","link":"https://stackoverflow.com/questions/76148314/query-against-an-oracle-database-using-sqlplus-returns-a-column-that-is-an-empty","title":"Query against an Oracle database using sqlplus returns a column that is an empty single character wide column"},{"tags":["python","pandas","excel","numpy"],"owner":{"account_id":26406482,"reputation":15,"user_id":20056201,"user_type":"registered","profile_image":"https://lh3.googleusercontent.com/a/ALm5wu1A6d36uwWRuL9mrNydM4FZYroa8LVNljvekP-K=k-s256","display_name":"PythonNoob","link":"https://stackoverflow.com/users/20056201/pythonnoob"},"is_answered":true,"view_count":59,"answer_count":1,"score":0,"last_activity_date":1682968368,"creation_date":1682956548,"last_edit_date":1682963516,"question_id":76148313,"content_license":"CC BY-SA 4.0","link":"https://stackoverflow.com/questions/76148313/pandas-datetime-column-to-excel-serial-typeerror","title":"Pandas Datetime column to Excel Serial TypeError"},{"tags":["pytorch"],"owner":{"account_id":26558663,"reputation":1,"user_id":20186861,"user_type":"registered","profile_image":"https://lh3.googleusercontent.com/a/ALm5wu0OJy-479mkNDpdQd9PhRELjHfUvzwAFs3lZdeRCQ=k-s256","display_name":"Infatoshi Nakamoto","link":"https://stackoverflow.com/users/20186861/infatoshi-nakamoto"},"is_answered":false,"view_count":618,"answer_count":0,"score":0,"last_activity_date":1691442171,"creation_date":1682956541,"last_edit_date":1691442171,"question_id":76148312,"content_license":"CC BY-SA 4.0","link":"https://stackoverflow.com/questions/76148312/outofmemoryerror-cuda-out-of-memory","title":"OutOfMemoryError: CUDA out of memory"},{"tags":["python","docker","python-asyncio","python-docker"],"owner":{"account_id":11045810,"reputation":598,"user_id":8112003,"user_type":"registered","profile_image":"https://graph.facebook.com/1351572098263642/picture?type=large","display_name":"Nikolai Ehrhardt","link":"https://stackoverflow.com/users/8112003/nikolai-ehrhardt"},"is_answered":true,"view_count":80,"accepted_answer_id":76184472,"answer_count":1,"score":0,"last_activity_date":1683306093,"creation_date":1682956505,"last_edit_date":1683016864,"question_id":76148307,"content_license":"CC BY-SA 4.0","link":"https://stackoverflow.com/questions/76148307/executing-docker-exec-concurrently","title":"Executing docker exec concurrently"},{"tags":["prometheus-alertmanager"],"owner":{"account_id":28473667,"reputation":25,"user_id":21788635,"user_type":"registered","profile_image":"https://i.stack.imgur.com/znYfG.jpg?s=256&g=1","display_name":"JBeach","link":"https://stackoverflow.com/users/21788635/jbeach"},"is_answered":true,"view_count":353,"accepted_answer_id":76177203,"answer_count":1,"score":0,"last_activity_date":1683232585,"creation_date":1682956497,"last_edit_date":1682956646,"question_id":76148305,"content_license":"CC BY-SA 4.0","link":"https://stackoverflow.com/questions/76148305/alertmanager-v0-25-0-active-time-intervals-configuration-does-not-work-why","title":"alertmanager v0.25.0: active_time_intervals configuration does not work--why?"},{"tags":["python","google-chrome","selenium-webdriver","selenium-chromedriver","robotframework"],"owner":{"account_id":3378097,"reputation":137,"user_id":2835832,"user_type":"registered","accept_rate":75,"profile_image":"https://graph.facebook.com/1612852976/picture?type=large","display_name":"Gheeno San Pascual III","link":"https://stackoverflow.com/users/2835832/gheeno-san-pascual-iii"},"is_answered":true,"view_count":374,"answer_count":1,"score":0,"last_activity_date":1682977260,"creation_date":1682956493,"question_id":76148304,"content_license":"CC BY-SA 4.0","link":"https://stackoverflow.com/questions/76148304/robotframework-how-to-use-an-old-chromedriver","title":"Robotframework - How to use an old chromedriver"},{"tags":["pip","python-3.11"],"owner":{"account_id":28473711,"reputation":1,"user_id":21788677,"user_type":"registered","profile_image":"https://lh3.googleusercontent.com/a/AGNmyxYBXqTkApBv-V7YazUHVQgEKzD2W11aRzT-CL0VSQ=k-s256","display_name":"Arkodyauti Biswas","link":"https://stackoverflow.com/users/21788677/arkodyauti-biswas"},"is_answered":true,"view_count":46,"answer_count":1,"score":-1,"last_activity_date":1683007546,"creation_date":1682956447,"last_edit_date":1682956522,"question_id":76148298,"content_license":"CC BY-SA 4.0","link":"https://stackoverflow.com/questions/76148298/error-in-installimg-mideapipe-in-python-3-11","title":"Error In installimg mideapipe in python 3.11"},{"tags":["json","groovy"],"owner":{"account_id":27715916,"reputation":35,"user_id":21157631,"user_type":"registered","profile_image":"https://www.gravatar.com/avatar/5933a1b118f197ec01b5e97274d14d19?s=256&d=identicon&r=PG","display_name":"Destiel","link":"https://stackoverflow.com/users/21157631/destiel"},"is_answered":true,"view_count":205,"accepted_answer_id":76156059,"answer_count":1,"score":0,"last_activity_date":1683093777,"creation_date":1682956447,"last_edit_date":1683093777,"question_id":76148297,"content_license":"CC BY-SA 4.0","link":"https://stackoverflow.com/questions/76148297/unable-to-determine-current-character-it-is-not-a-string-number-array-or-obje","title":"Unable to determine current character, it is not a string, number, array or object?"},{"tags":["react-native","e2e-testing","detox"],"owner":{"account_id":79978,"reputation":839,"user_id":1097028,"user_type":"registered","accept_rate":33,"profile_image":"https://www.gravatar.com/avatar/c88c02186e3b1de0e6c77651534d3d36?s=256&d=identicon&r=PG","display_name":"Tyler","link":"https://stackoverflow.com/users/1097028/tyler"},"is_answered":false,"view_count":95,"answer_count":0,"score":1,"last_activity_date":1682956349,"creation_date":1682956349,"question_id":76148287,"content_license":"CC BY-SA 4.0","link":"https://stackoverflow.com/questions/76148287/testing-date-time-based-behavior-in-react-native-detox","title":"Testing date/time based behavior in React Native Detox"},{"tags":["selenium-webdriver","cucumber-java","extentreports"],"owner":{"account_id":28471652,"reputation":1,"user_id":21786886,"user_type":"registered","profile_image":"https://www.gravatar.com/avatar/dc2d0a09f8044f6ef3e5b513306603d8?s=256&d=identicon&r=PG&f=y&so-version=2","display_name":"Krishna Belel","link":"https://stackoverflow.com/users/21786886/krishna-belel"},"is_answered":false,"view_count":63,"answer_count":0,"score":0,"last_activity_date":1682956366,"creation_date":1682956302,"last_edit_date":1682956366,"question_id":76148283,"content_license":"CC BY-SA 4.0","link":"https://stackoverflow.com/questions/76148283/extent-reports-are-not-generated-for-selenium-cucumber","title":"Extent reports are not generated for Selenium cucumber"},{"tags":["c#","asp.net",".net","blazor"],"owner":{"account_id":27481044,"reputation":21,"user_id":20968125,"user_type":"registered","profile_image":"https://i.stack.imgur.com/IOqHQ.png?s=256&g=1","display_name":"Freelancer","link":"https://stackoverflow.com/users/20968125/freelancer"},"is_answered":true,"view_count":83,"accepted_answer_id":76179683,"answer_count":1,"score":1,"last_activity_date":1683271100,"creation_date":1682956301,"last_edit_date":1682967169,"question_id":76148282,"content_license":"CC BY-SA 4.0","link":"https://stackoverflow.com/questions/76148282/submitting-editform-via-onkeydown-does-not-clear-textinputarea-in-blazor","title":"submitting EditForm via @onkeydown does not clear TextInputArea in blazor"},{"tags":["javascript","c#","api","asp.net-core","asp.net-apicontroller"],"owner":{"account_id":22790602,"reputation":64,"user_id":16944993,"user_type":"registered","profile_image":"https://i.stack.imgur.com/GhaZZ.jpg?s=256&g=1","display_name":"Mahdi Saneipour","link":"https://stackoverflow.com/users/16944993/mahdi-saneipour"},"is_answered":false,"view_count":68,"answer_count":1,"score":0,"last_activity_date":1683025127,"creation_date":1682956260,"last_edit_date":1683019544,"question_id":76148279,"content_license":"CC BY-SA 4.0","link":"https://stackoverflow.com/questions/76148279/getting-400-error-when-i-want-to-post-a-file-and-and-string-with-apicontroller-a","title":"Getting 400 Error when i want to post a file and and string with ApiController Asp.Net Core"},{"tags":["c#","error-handling","masstransit"],"owner":{"account_id":133709,"reputation":1714,"user_id":335287,"user_type":"registered","accept_rate":62,"profile_image":"https://www.gravatar.com/avatar/04353dfbc8922ebe07dc7dd87dc0c623?s=256&d=identicon&r=PG","display_name":"RubenHerman","link":"https://stackoverflow.com/users/335287/rubenherman"},"is_answered":true,"view_count":117,"accepted_answer_id":76149033,"answer_count":1,"score":0,"last_activity_date":1682963518,"creation_date":1682956258,"question_id":76148277,"content_license":"CC BY-SA 4.0","link":"https://stackoverflow.com/questions/76148277/error-handling-after-publishing-events-masstransit","title":"Error handling after publishing events masstransit"},{"tags":["java","gradle","lwjgl"],"owner":{"account_id":16084988,"reputation":35,"user_id":11609957,"user_type":"registered","profile_image":"https://www.gravatar.com/avatar/2ae76f26de6b53252741250b155abc37?s=256&d=identicon&r=PG&f=y&so-version=2","display_name":"l1chorpe","link":"https://stackoverflow.com/users/11609957/l1chorpe"},"is_answered":true,"view_count":99,"accepted_answer_id":76149756,"answer_count":1,"score":2,"last_activity_date":1682971593,"creation_date":1682956225,"question_id":76148273,"content_license":"CC BY-SA 4.0","link":"https://stackoverflow.com/questions/76148273/how-can-i-remove-or-separate-lwjgl-modules-from-my-own","title":"How can I remove (or separate) LWJGL modules from my own?"},{"tags":["kotlin","token","ktor"],"owner":{"account_id":28473377,"reputation":1,"user_id":21788383,"user_type":"registered","profile_image":"https://lh3.googleusercontent.com/a/AGNmyxZXOg7p9XoAM5pM_dgobT2cwMJPXpV9cwGar-LrXQ=k-s256","display_name":"kavemrp","link":"https://stackoverflow.com/users/21788383/kavemrp"},"is_answered":true,"view_count":55,"accepted_answer_id":76164154,"answer_count":1,"score":0,"last_activity_date":1683118966,"creation_date":1682956216,"last_edit_date":1682956779,"question_id":76148272,"content_license":"CC BY-SA 4.0","link":"https://stackoverflow.com/questions/76148272/googleidtokenverifier-verifier-return-null","title":"GoogleIdTokenVerifier verifier return null"},{"tags":["python","visual-studio-code","vscode-debugger","openai-api"],"owner":{"account_id":3060770,"reputation":475,"user_id":2593480,"user_type":"registered","profile_image":"https://graph.facebook.com/1174565999/picture?type=large","display_name":"Yam Shargil","link":"https://stackoverflow.com/users/2593480/yam-shargil"},"is_answered":true,"view_count":5602,"accepted_answer_id":76148268,"answer_count":1,"score":1,"last_activity_date":1688811682,"creation_date":1682956176,"question_id":76148267,"content_license":"CC BY-SA 4.0","link":"https://stackoverflow.com/questions/76148267/openai-api-authenticationerror-no-api-key-provided-when-switching-to-internalc","title":"OpenAI API &quot;AuthenticationError No API key provided&quot; when switching to internalConsole in VS Code launch.json"},{"tags":["ubuntu","kubernetes-ingress","minikube","skaffold"],"owner":{"account_id":20115127,"reputation":1,"user_id":19454531,"user_type":"registered","profile_image":"https://lh3.googleusercontent.com/a-/AOh14GiRINKOZwX73tpTnf2YVFl80gb-v8fLGhNQ3Mx7Gg=k-s256","display_name":"Suhrav Hussain","link":"https://stackoverflow.com/users/19454531/suhrav-hussain"},"is_answered":false,"view_count":40,"answer_count":0,"score":0,"last_activity_date":1682956173,"creation_date":1682956173,"question_id":76148266,"content_license":"CC BY-SA 4.0","link":"https://stackoverflow.com/questions/76148266/why-is-my-site-not-reachable-from-browser-after-setting-up-ingress-nginx-on-mini","title":"Why is my site not reachable from browser after setting up Ingress Nginx on Minikube?"},{"tags":["visual-c++","visual-studio-2022"],"owner":{"account_id":962991,"reputation":111,"user_id":7555391,"user_type":"registered","profile_image":"https://www.gravatar.com/avatar/6e9429b297e2610948a125e5394061e7?s=256&d=identicon&r=PG","display_name":"vmak","link":"https://stackoverflow.com/users/7555391/vmak"},"is_answered":false,"view_count":19,"answer_count":0,"score":0,"last_activity_date":1682956173,"creation_date":1682956173,"question_id":76148265,"content_license":"CC BY-SA 4.0","link":"https://stackoverflow.com/questions/76148265/is-it-possible-to-put-buttons-on-menu-bar-file-edit-view-help-after-help-in-vs","title":"Is it possible to put buttons on menu bar (file edit view help) after help in VS2022?"},{"tags":["sqlite-net"],"owner":{"account_id":27818203,"reputation":606,"user_id":21239166,"user_type":"registered","profile_image":"https://www.gravatar.com/avatar/1a2158d352ceb2f64119d506fec46b69?s=256&d=identicon&r=PG","display_name":"OXO","link":"https://stackoverflow.com/users/21239166/oxo"},"is_answered":false,"view_count":22,"answer_count":0,"score":0,"last_activity_date":1682956163,"creation_date":1682956163,"question_id":76148264,"content_license":"CC BY-SA 4.0","link":"https://stackoverflow.com/questions/76148264/sqlite-extensions-creating-empty-entries-after-update-data-inconsistencies","title":"SQLite-Extensions creating empty entries after Update (data inconsistencies)"},{"tags":["excel","vba"],"owner":{"account_id":4004920,"reputation":3,"user_id":6735553,"user_type":"registered","profile_image":"https://www.gravatar.com/avatar/1c401e5be9972dc8bb20111be08a99dd?s=256&d=identicon&r=PG&f=y&so-version=2","display_name":"kblunt333","link":"https://stackoverflow.com/users/6735553/kblunt333"},"is_answered":false,"view_count":60,"answer_count":1,"score":0,"last_activity_date":1683126748,"creation_date":1682956151,"question_id":76148261,"content_license":"CC BY-SA 4.0","link":"https://stackoverflow.com/questions/76148261/excel-timestamp-only-when-the-concatenated-range-is-updated","title":"Excel Timestamp only when the concatenated range is updated"}],"has_more":true,"quota_max":300,"quota_remaining":224}