{"items":[{"tags":["drupal","migration"],"owner":{"account_id":27914936,"reputation":1,"user_id":21316286,"user_type":"registered","profile_image":"https://www.gravatar.com/avatar/4ea7c2503b4e902da4653d9a9065c8ce?s=256&d=identicon&r=PG","display_name":"Sahejin","link":"https://stackoverflow.com/users/21316286/sahejin"},"is_answered":false,"view_count":35,"answer_count":0,"score":0,"last_activity_date":1677733197,"creation_date":1677733197,"question_id":75611480,"content_license":"CC BY-SA 4.0","link":"https://stackoverflow.com/questions/75611480/drupal-7-page-migration-to-drupal-9","title":"Drupal 7 page migration to Drupal 9"},{"tags":["php","replace","strtok","strrchr"],"owner":{"user_type":"does_not_exist","display_name":"user21315634"},"is_answered":true,"view_count":48,"accepted_answer_id":75611532,"answer_count":2,"score":-1,"last_activity_date":1677743030,"creation_date":1677733147,"question_id":75611477,"content_license":"CC BY-SA 4.0","link":"https://stackoverflow.com/questions/75611477/strrchr-strtok-php-not-working-extract-everything-after-id","title":"strrchr strtok php not working (extract everything after id="},{"tags":["python-3.x","list","dictionary","integer","tuples"],"owner":{"account_id":14660218,"reputation":71,"user_id":10587646,"user_type":"registered","profile_image":"https://www.gravatar.com/avatar/9ff4cb09b1b2cede22f407164d66fe96?s=256&d=identicon&r=PG&f=y&so-version=2","display_name":"KrishnaSaran draksharapu","link":"https://stackoverflow.com/users/10587646/krishnasaran-draksharapu"},"is_answered":true,"view_count":84,"accepted_answer_id":75611493,"answer_count":1,"score":0,"last_activity_date":1677733466,"creation_date":1677733137,"question_id":75611476,"content_license":"CC BY-SA 4.0","link":"https://stackoverflow.com/questions/75611476/how-to-remove-list-datatype-for-values-inside-a-dictionary-in-python","title":"How to remove list datatype for values inside a dictionary in python?"},{"tags":["python","python-3.x","file-io","anaconda3"],"owner":{"account_id":1193144,"reputation":3453,"user_id":1165477,"user_type":"registered","accept_rate":66,"profile_image":"https://www.gravatar.com/avatar/443a6b8cdd45673a2ed50c5423a04eea?s=256&d=identicon&r=PG","display_name":"Will","link":"https://stackoverflow.com/users/1165477/will"},"is_answered":false,"view_count":12,"closed_date":1677733501,"answer_count":0,"score":0,"last_activity_date":1677733123,"creation_date":1677733123,"question_id":75611475,"link":"https://stackoverflow.com/questions/75611475/when-using-anaconda-where-does-pythons-idle-gui-create-output-files-when-calli","closed_reason":"Duplicate","title":"When using Anaconda, where does Python&#39;s Idle GUI create output files when calling &#39;file.open(...)&#39;?"},{"tags":["postgresql-14"],"owner":{"account_id":1087146,"reputation":101,"user_id":1082591,"user_type":"registered","profile_image":"https://i.stack.imgur.com/rGzEd.png?s=256&g=1","display_name":"quickdraw","link":"https://stackoverflow.com/users/1082591/quickdraw"},"is_answered":false,"view_count":39,"answer_count":0,"score":1,"last_activity_date":1677733122,"creation_date":1677733122,"question_id":75611474,"content_license":"CC BY-SA 4.0","link":"https://stackoverflow.com/questions/75611474/postgresql-on-conflict-do-update-by-giving-a-row-type-variable-instead-of-spelli","title":"PostgreSQL ON CONFLICT DO UPDATE by giving a ROW type variable instead of spelling out all columns?"},{"tags":["swift","swiftui"],"owner":{"account_id":10246000,"reputation":1592,"user_id":7561768,"user_type":"registered","accept_rate":25,"profile_image":"https://i.stack.imgur.com/QDdej.jpg?s=256&g=1","display_name":"Tung Vu Duc","link":"https://stackoverflow.com/users/7561768/tung-vu-duc"},"is_answered":false,"view_count":79,"answer_count":0,"score":0,"last_activity_date":1677744339,"creation_date":1677733099,"question_id":75611470,"content_license":"CC BY-SA 4.0","link":"https://stackoverflow.com/questions/75611470/swiftui-view-does-not-reload-after-state-variable-changes","title":"SwiftUI view does not reload after @State variable changes"},{"tags":["c#","sql","azure"],"owner":{"account_id":27914879,"reputation":1,"user_id":21316239,"user_type":"registered","profile_image":"https://lh3.googleusercontent.com/a/AGNmyxbjbzE_HSc6UCXPPS9b7jiH6rjn8si3d_YCKCmE=k-s256","display_name":"Yashaswi Narkhedkar","link":"https://stackoverflow.com/users/21316239/yashaswi-narkhedkar"},"is_answered":true,"view_count":107,"accepted_answer_id":75650791,"answer_count":1,"score":0,"last_activity_date":1678105366,"creation_date":1677733084,"last_edit_date":1677734568,"question_id":75611468,"content_license":"CC BY-SA 4.0","link":"https://stackoverflow.com/questions/75611468/getting-execution-timeout-expired-error-only-for-100-records","title":"Getting Execution Timeout Expired error only for 100 records"},{"tags":["python"],"owner":{"account_id":27895816,"reputation":1,"user_id":21301131,"user_type":"registered","profile_image":"https://www.gravatar.com/avatar/cc071c5214ac938938c1ebbe8075db6e?s=256&d=identicon&r=PG","display_name":"johnborris","link":"https://stackoverflow.com/users/21301131/johnborris"},"is_answered":true,"view_count":89,"answer_count":1,"score":-1,"last_activity_date":1680870476,"creation_date":1677733054,"last_edit_date":1680870476,"question_id":75611466,"content_license":"CC BY-SA 4.0","link":"https://stackoverflow.com/questions/75611466/write-a-function-loopingmy-func-interval-limit","title":"Write a function looping(my_func, interval, limit)"},{"tags":["python","numpy","numpy-ndarray","python-decorators","array-broadcasting"],"owner":{"account_id":18985968,"reputation":1,"user_id":13861233,"user_type":"registered","profile_image":"https://i.stack.imgur.com/y1afq.jpg?s=256&g=1","display_name":"suneater","link":"https://stackoverflow.com/users/13861233/suneater"},"is_answered":true,"view_count":43,"answer_count":1,"score":0,"last_activity_date":1677769427,"creation_date":1677733011,"last_edit_date":1677734168,"question_id":75611461,"content_license":"CC BY-SA 4.0","link":"https://stackoverflow.com/questions/75611461/how-do-i-best-add-a-kwarg-to-a-function-that-controls-the-ndarray-axis-along-whi","title":"How do I best add a kwarg to a function that controls the ndarray axis along which computations are performed?"},{"tags":["c#",".net"],"owner":{"account_id":26222984,"reputation":49,"user_id":19900084,"user_type":"registered","profile_image":"https://i.stack.imgur.com/CMdl6.jpg?s=256&g=1","display_name":"Jack251970","link":"https://stackoverflow.com/users/19900084/jack251970"},"is_answered":true,"view_count":49,"accepted_answer_id":75612944,"answer_count":1,"score":1,"last_activity_date":1677804094,"creation_date":1677733002,"last_edit_date":1677804094,"question_id":75611460,"content_license":"CC BY-SA 4.0","link":"https://stackoverflow.com/questions/75611460/c-get-file-list-of-startmenu-error-unauthorizedaccessexception","title":"C# Get File List of StartMenu Error: UnauthorizedAccessException"},{"tags":["android","android-studio","android-jetpack-compose","android-jetpack"],"owner":{"account_id":20950286,"reputation":43,"user_id":15392124,"user_type":"registered","profile_image":"https://lh4.googleusercontent.com/-37oxbuNHXP8/AAAAAAAAAAI/AAAAAAAAFaw/AMZuuckRfn-qi55jjyCdozuD7BC0kGbXUQ/s96-c/photo.jpg?sz=256","display_name":"amajester","link":"https://stackoverflow.com/users/15392124/amajester"},"is_answered":true,"view_count":170,"answer_count":2,"score":-1,"last_activity_date":1678743368,"creation_date":1677732867,"last_edit_date":1678743368,"question_id":75611454,"content_license":"CC BY-SA 4.0","link":"https://stackoverflow.com/questions/75611454/scaffold-in-android","title":"Scaffold in Android?"},{"tags":["database","go","transactions"],"owner":{"account_id":26011876,"reputation":11,"user_id":19720809,"user_type":"registered","profile_image":"https://lh3.googleusercontent.com/a/AItbvmlWCXr4yB_W75kJYvouXfkofXxRJVYn7VsVcNU=k-s256","display_name":"mradul garg","link":"https://stackoverflow.com/users/19720809/mradul-garg"},"is_answered":false,"view_count":496,"answer_count":2,"score":1,"last_activity_date":1678255381,"creation_date":1677732828,"last_edit_date":1677770037,"question_id":75611452,"content_license":"CC BY-SA 4.0","link":"https://stackoverflow.com/questions/75611452/how-to-make-connection-between-2-separate-transactions-in-golang","title":"how to make connection between 2 separate transactions in golang"},{"tags":["r"],"owner":{"account_id":27904406,"reputation":1,"user_id":21307933,"user_type":"registered","profile_image":"https://lh3.googleusercontent.com/a/AGNmyxY_P8K65PpGls6rRRYav-9uqojCOila1yoCljaI=k-s256","display_name":"cluelessmonkey ","link":"https://stackoverflow.com/users/21307933/cluelessmonkey"},"is_answered":false,"view_count":20,"answer_count":0,"score":0,"last_activity_date":1677732707,"creation_date":1677732707,"question_id":75611444,"content_license":"CC BY-SA 4.0","link":"https://stackoverflow.com/questions/75611444/struggling-to-create-confusion-matrix-in-decision-tree-algorithm","title":"struggling to create confusion matrix In decision tree algorithm"},{"tags":["node.js","express","sequelize.js"],"owner":{"account_id":22175974,"reputation":29,"user_id":16420529,"user_type":"registered","profile_image":"https://lh3.googleusercontent.com/a-/AOh14Gi3tFjfKQvvkZgDIsDhrR1fsE3UoAdkybUBTeI5rA=k-s256","display_name":"Yoga Arliza","link":"https://stackoverflow.com/users/16420529/yoga-arliza"},"is_answered":true,"view_count":49,"accepted_answer_id":75612457,"answer_count":1,"score":1,"last_activity_date":1677755057,"creation_date":1677732699,"question_id":75611443,"content_license":"CC BY-SA 4.0","link":"https://stackoverflow.com/questions/75611443/how-to-create-new-data-with-relation-in-nodejs-using-sequelize","title":"How to create new data with relation in nodejs using sequelize"},{"tags":["angular","typescript","blob"],"owner":{"account_id":11610882,"reputation":127,"user_id":10180658,"user_type":"registered","profile_image":"https://www.gravatar.com/avatar/60fcf830383a1d1cfd40c48f7759779c?s=256&d=identicon&r=PG&f=y&so-version=2","display_name":"Tightrope","link":"https://stackoverflow.com/users/10180658/tightrope"},"is_answered":true,"view_count":342,"accepted_answer_id":75611495,"answer_count":1,"score":0,"last_activity_date":1677733497,"creation_date":1677732669,"question_id":75611442,"content_license":"CC BY-SA 4.0","link":"https://stackoverflow.com/questions/75611442/how-to-convert-a-string-not-a-file-to-a-pdf-blob-and-then-open-said-file-in-br","title":"How to convert a string (not a File) to a PDF Blob and then open said file in browser in TypeScript (Angular)"},{"tags":["expo"],"owner":{"account_id":23335903,"reputation":114,"user_id":17411570,"user_type":"registered","profile_image":"https://www.gravatar.com/avatar/27a062bc8196b2b20114a87b47335ed5?s=256&d=identicon&r=PG","display_name":"seth8656","link":"https://stackoverflow.com/users/17411570/seth8656"},"is_answered":true,"view_count":1497,"answer_count":3,"score":1,"last_activity_date":1701934378,"creation_date":1677732609,"last_edit_date":1677732954,"question_id":75611436,"content_license":"CC BY-SA 4.0","link":"https://stackoverflow.com/questions/75611436/how-do-i-eas-build-into-an-expo-organization-instead-of-my-personal-expo-account","title":"How do I Eas build into an expo organization instead of my personal expo account?"},{"tags":["google-sheets","google-sheets-formula"],"owner":{"account_id":27914268,"reputation":3,"user_id":21315752,"user_type":"registered","profile_image":"https://www.gravatar.com/avatar/73a3f33f42f775625d90bb9f56773570?s=256&d=identicon&r=PG","display_name":"Myke_Oxlong","link":"https://stackoverflow.com/users/21315752/myke-oxlong"},"is_answered":true,"view_count":35,"accepted_answer_id":75611453,"answer_count":1,"score":0,"last_activity_date":1677732839,"creation_date":1677732562,"question_id":75611435,"content_license":"CC BY-SA 4.0","link":"https://stackoverflow.com/questions/75611435/google-sheets-formula-returning-false-instead-of-integer","title":"google sheets formula returning false instead of integer"},{"tags":["python","pandas","dataframe","data-analysis"],"owner":{"account_id":27914881,"reputation":11,"user_id":21316240,"user_type":"registered","profile_image":"https://www.gravatar.com/avatar/26d69cbc425231496d3b37c37b2f8e05?s=256&d=identicon&r=PG","display_name":"TaCh-Da","link":"https://stackoverflow.com/users/21316240/tach-da"},"is_answered":true,"view_count":144,"closed_date":1677770612,"accepted_answer_id":75614185,"answer_count":1,"score":0,"last_activity_date":1677753033,"creation_date":1677732536,"question_id":75611433,"link":"https://stackoverflow.com/questions/75611433/pandas-dataframe-compare-values-and-find-mismatch-in-each-row","closed_reason":"Not suitable for this site","title":"Pandas Dataframe - Compare values and find mismatch in each row?"},{"tags":["laravel","laravel-9"],"owner":{"account_id":1316208,"reputation":2139,"user_id":1262994,"user_type":"registered","accept_rate":64,"profile_image":"https://www.gravatar.com/avatar/fc44dd352f0b76f44963a3864f252c62?s=256&d=identicon&r=PG","display_name":"farjam","link":"https://stackoverflow.com/users/1262994/farjam"},"is_answered":false,"view_count":301,"answer_count":1,"score":0,"last_activity_date":1677814267,"creation_date":1677732513,"last_edit_date":1677773067,"question_id":75611431,"content_license":"CC BY-SA 4.0","link":"https://stackoverflow.com/questions/75611431/laravel-interface-not-found","title":"Laravel interface not found"},{"tags":["pandas","matplotlib"],"owner":{"account_id":17282075,"reputation":142,"user_id":16883041,"user_type":"registered","profile_image":"https://lh3.googleusercontent.com/a-/AOh14GgArOAJD-WijHE2ythS8dPwkOC431oDws8F25_a=k-s256","display_name":"Puzzlemaster","link":"https://stackoverflow.com/users/16883041/puzzlemaster"},"is_answered":true,"view_count":29,"accepted_answer_id":75611492,"answer_count":1,"score":1,"last_activity_date":1677736834,"creation_date":1677732490,"question_id":75611430,"content_license":"CC BY-SA 4.0","link":"https://stackoverflow.com/questions/75611430/mathplotlib-adding-dates-automatically","title":"Mathplotlib adding dates automatically"},{"tags":["python","pandas","matplotlib","seaborn","linechart"],"owner":{"account_id":18185050,"reputation":19,"user_id":13231974,"user_type":"registered","profile_image":"https://www.gravatar.com/avatar/1e5d4398208ea2cd8eda28d72b4f52ef?s=256&d=identicon&r=PG&f=y&so-version=2","display_name":"Maggi","link":"https://stackoverflow.com/users/13231974/maggi"},"is_answered":false,"view_count":34,"answer_count":1,"score":-1,"last_activity_date":1677733115,"creation_date":1677732487,"question_id":75611429,"content_license":"CC BY-SA 4.0","link":"https://stackoverflow.com/questions/75611429/how-to-plot-each-teams-figures-throughout-the-years-on-the-same-line-chart","title":"How to plot each team&#39;s figures throughout the years on the same line chart?"},{"tags":["android","service"],"owner":{"account_id":7531838,"reputation":1,"user_id":5724987,"user_type":"registered","profile_image":"https://i.stack.imgur.com/YLgog.png?s=256&g=1","display_name":"Morpher","link":"https://stackoverflow.com/users/5724987/morpher"},"is_answered":false,"view_count":66,"answer_count":0,"score":0,"last_activity_date":1677804113,"creation_date":1677732454,"last_edit_date":1677804113,"question_id":75611426,"content_license":"CC BY-SA 4.0","link":"https://stackoverflow.com/questions/75611426/implementing-an-exported-android-service-for-use-by-an-app-using-uses-permissio","title":"Implementing an exported Android Service for use by an App using &lt;uses-permission-sdk-23&gt;"},{"tags":["ruby","google-api","google-calendar-api"],"owner":{"account_id":27914898,"reputation":1,"user_id":21316252,"user_type":"registered","profile_image":"https://www.gravatar.com/avatar/e05a2fc52dcab8f67abaa31c5c0a4a2d?s=256&d=identicon&r=PG","display_name":"Muffinsnz","link":"https://stackoverflow.com/users/21316252/muffinsnz"},"is_answered":false,"view_count":164,"answer_count":1,"score":0,"last_activity_date":1677743701,"creation_date":1677732429,"last_edit_date":1677738462,"question_id":75611423,"content_license":"CC BY-SA 4.0","link":"https://stackoverflow.com/questions/75611423/getting-the-error-that-i-need-to-have-writer-access-to-this-calendar-googlea","title":"Getting the error that I need to have writer access to this calendar. (Google::Apis::ClientError)"},{"tags":["vite"],"owner":{"account_id":27914884,"reputation":1,"user_id":21316242,"user_type":"registered","profile_image":"https://www.gravatar.com/avatar/8694b9c5287cbd7abb1dcc314ba50a11?s=256&d=identicon&r=PG","display_name":"Narney","link":"https://stackoverflow.com/users/21316242/narney"},"is_answered":false,"view_count":42,"answer_count":0,"score":0,"last_activity_date":1677732414,"creation_date":1677732414,"question_id":75611422,"content_license":"CC BY-SA 4.0","link":"https://stackoverflow.com/questions/75611422/vite4-lib-how-to-package-a-vue-sfc-into-one-file","title":"vite4 lib how to package a vue sfc into one file"},{"tags":["jquery"],"owner":{"account_id":12624975,"reputation":151,"user_id":9179012,"user_type":"registered","profile_image":"https://graph.facebook.com/1961038653923969/picture?type=large","display_name":"Malik Zubair Mukhtar","link":"https://stackoverflow.com/users/9179012/malik-zubair-mukhtar"},"is_answered":false,"view_count":50,"answer_count":0,"score":0,"last_activity_date":1677732402,"creation_date":1677732402,"question_id":75611421,"content_license":"CC BY-SA 4.0","link":"https://stackoverflow.com/questions/75611421/i-dont-want-to-show-popup-model-on-past-date-slot-using-jquery","title":"I don&#39;t want to show popup model on past date slot using jquery"},{"tags":["python","r","statistics","regression"],"owner":{"account_id":22494818,"reputation":63,"user_id":16691994,"user_type":"registered","profile_image":"https://lh3.googleusercontent.com/a/AATXAJx8b9HOpdhMHwa5VkeTzTJSHrrmdFUl99KF4Ij1=k-s256","display_name":"MartyMcFly","link":"https://stackoverflow.com/users/16691994/martymcfly"},"is_answered":false,"view_count":71,"answer_count":1,"score":0,"last_activity_date":1678092785,"creation_date":1677732396,"question_id":75611420,"content_license":"CC BY-SA 4.0","link":"https://stackoverflow.com/questions/75611420/regression-outputs-differ-in-r-and-in-python-when-using-the-same-dataset","title":"Regression Outputs differ in R and In Python when using the same dataset"},{"tags":["elasticsearch","nlp"],"owner":{"account_id":15654222,"reputation":29,"user_id":11295009,"user_type":"registered","profile_image":"https://www.gravatar.com/avatar/6703f2597b4bfa89b8b6719a9c8a9c7a?s=256&d=identicon&r=PG&f=y&so-version=2","display_name":"Rabeen","link":"https://stackoverflow.com/users/11295009/rabeen"},"is_answered":false,"view_count":23,"answer_count":0,"score":1,"last_activity_date":1677764166,"creation_date":1677732365,"last_edit_date":1677764166,"question_id":75611418,"content_license":"CC BY-SA 4.0","link":"https://stackoverflow.com/questions/75611418/i-want-to-create-a-filter-api-with-elasticsaerch-while-user-select-an-item-then","title":"i want to create a filter api with elasticsaerch while user select an item then full string macthing result must be return"},{"tags":["c#","postgresql","npgsql"],"owner":{"account_id":22371589,"reputation":5,"user_id":16586592,"user_type":"registered","profile_image":"https://lh3.googleusercontent.com/a-/AOh14Gj6CiQXW7s3DwXV5a-RiPJGDphNCWB8gNR2I5lqRQ=k-s256","display_name":"Josh Jennings","link":"https://stackoverflow.com/users/16586592/josh-jennings"},"is_answered":true,"view_count":454,"accepted_answer_id":75614355,"answer_count":1,"score":0,"last_activity_date":1677753879,"creation_date":1677732331,"question_id":75611416,"content_license":"CC BY-SA 4.0","link":"https://stackoverflow.com/questions/75611416/can-you-convert-c-byte-to-postgressql-bytea-using-npgsql","title":"Can you convert C# byte[] to postgressql bytea using Npgsql"},{"tags":["c++"],"owner":{"account_id":17808009,"reputation":13,"user_id":12933293,"user_type":"registered","profile_image":"https://lh4.googleusercontent.com/-huCJZdrs4p4/AAAAAAAAAAI/AAAAAAAAAAA/ACHi3rcuZezryH7v_5EUEJPHNq2x90yikQ/photo.jpg?sz=256","display_name":"Brother Bear","link":"https://stackoverflow.com/users/12933293/brother-bear"},"is_answered":true,"view_count":162,"accepted_answer_id":75611450,"answer_count":3,"score":1,"last_activity_date":1678186527,"creation_date":1677732300,"last_edit_date":1677745708,"question_id":75611415,"content_license":"CC BY-SA 4.0","link":"https://stackoverflow.com/questions/75611415/how-to-ensure-a-string-is-a-number","title":"How to ensure a string is a number"},{"tags":["excel"],"owner":{"account_id":20062636,"reputation":1,"user_id":14709041,"user_type":"registered","profile_image":"https://www.gravatar.com/avatar/3bca2f711623cb17225c0f162890c99d?s=256&d=identicon&r=PG&f=y&so-version=2","display_name":"hg05","link":"https://stackoverflow.com/users/14709041/hg05"},"is_answered":false,"view_count":22,"answer_count":0,"score":0,"last_activity_date":1677732283,"creation_date":1677732253,"last_edit_date":1677732283,"question_id":75611414,"content_license":"CC BY-SA 4.0","link":"https://stackoverflow.com/questions/75611414/excel-help-to-get-data-from-sql-for-a-particular-year-based-on-user-input","title":"Excel help to get data from SQL for a particular year based on user input"}],"has_more":true,"quota_max":300,"quota_remaining":231}