{"items":[{"tags":["python","pymongo","decorator"],"owner":{"account_id":28153961,"reputation":13,"user_id":21514968,"user_type":"registered","profile_image":"https://www.gravatar.com/avatar/c53238f01914387a030fc4e69a15272f?s=256&d=identicon&r=PG&f=y&so-version=2","display_name":"YM KIM","link":"https://stackoverflow.com/users/21514968/ym-kim"},"is_answered":true,"view_count":96,"accepted_answer_id":75873389,"answer_count":1,"score":1,"last_activity_date":1680067134,"creation_date":1680065998,"question_id":75873295,"content_license":"CC BY-SA 4.0","link":"https://stackoverflow.com/questions/75873295/in-decorator-function-is-there-a-way-to-apply-the-session-used-by-decorator-wra","title":"In decorator function, Is there a way to apply the session used by decorator wrapper function to the repository code?"},{"tags":["r","dataframe","matrix"],"owner":{"account_id":14990154,"reputation":13,"user_id":10821569,"user_type":"registered","profile_image":"https://graph.facebook.com/993272890858951/picture?type=large","display_name":"Chris Hill","link":"https://stackoverflow.com/users/10821569/chris-hill"},"is_answered":true,"view_count":69,"accepted_answer_id":75873569,"answer_count":3,"score":1,"last_activity_date":1680184274,"creation_date":1680065998,"last_edit_date":1680069189,"question_id":75873294,"content_license":"CC BY-SA 4.0","link":"https://stackoverflow.com/questions/75873294/how-do-i-perform-subtraction-of-two-different-sized-matrices-efficiently-in-r","title":"How do I perform subtraction of two different sized matrices efficiently in R?"},{"tags":["java","arrays"],"owner":{"account_id":7322177,"reputation":1011,"user_id":5577819,"user_type":"registered","accept_rate":100,"profile_image":"https://i.stack.imgur.com/PB8JN.jpg?s=256&g=1","display_name":"Zia","link":"https://stackoverflow.com/users/5577819/zia"},"is_answered":true,"view_count":55,"accepted_answer_id":75873367,"answer_count":1,"score":0,"last_activity_date":1680066918,"creation_date":1680065988,"question_id":75873293,"content_license":"CC BY-SA 4.0","link":"https://stackoverflow.com/questions/75873293/how-to-add-values-in-existing-object","title":"How to Add Values in existing Object[]"},{"tags":["assembly","gcc","compiler-construction","x86-64"],"owner":{"account_id":20964999,"reputation":137,"user_id":15403542,"user_type":"registered","profile_image":"https://www.gravatar.com/avatar/20b10103e4948ed9110fd5a6164c7d1d?s=256&d=identicon&r=PG&f=y&so-version=2","display_name":"chez93","link":"https://stackoverflow.com/users/15403542/chez93"},"is_answered":true,"view_count":74,"accepted_answer_id":75873496,"answer_count":1,"score":1,"last_activity_date":1680289359,"creation_date":1680065944,"last_edit_date":1680289359,"question_id":75873291,"content_license":"CC BY-SA 4.0","link":"https://stackoverflow.com/questions/75873291/why-doesnt-the-generated-gcc-code-for-array-allocation-and-access-follow-the-m","title":"Why doesn&#39;t the generated GCC code for array allocation and access follow the `movl (%rdx, %rcx, 4), %eax` formula?"},{"tags":["python","stockquotes"],"owner":{"account_id":28154627,"reputation":1,"user_id":21515529,"user_type":"registered","profile_image":"https://lh3.googleusercontent.com/a/AGNmyxa9jMoOGQCwZRjNrJ0l6ArQCbu4_DNCKLH-CbDn=k-s256","display_name":"Faltu Login","link":"https://stackoverflow.com/users/21515529/faltu-login"},"is_answered":false,"view_count":300,"answer_count":1,"score":0,"last_activity_date":1698166446,"creation_date":1680065897,"last_edit_date":1680298382,"question_id":75873285,"content_license":"CC BY-SA 4.0","link":"https://stackoverflow.com/questions/75873285/getting-live-feed-data-through-nsepy","title":"Getting Live Feed Data Through NsePy"},{"tags":["javascript","node.js","angular","http-status-code-502"],"owner":{"account_id":6487569,"reputation":1973,"user_id":5022605,"user_type":"registered","accept_rate":36,"profile_image":"https://www.gravatar.com/avatar/5afcb4e1ab5c17292a5dac858a137f91?s=256&d=identicon&r=PG&f=y&so-version=2","display_name":"Alvin Stefanus","link":"https://stackoverflow.com/users/5022605/alvin-stefanus"},"is_answered":false,"view_count":234,"answer_count":1,"score":0,"last_activity_date":1680075073,"creation_date":1680065857,"last_edit_date":1680070485,"question_id":75873283,"content_license":"CC BY-SA 4.0","link":"https://stackoverflow.com/questions/75873283/nginx-node-js-how-to-fix-file-upload-502-cors-error","title":"Nginx Node JS: How To Fix &quot;File Upload 502 Cors Error&quot;?"},{"tags":["r","correlation","r-corrplot","fdr","q-value"],"owner":{"user_type":"does_not_exist","display_name":"user2110417"},"is_answered":true,"view_count":275,"accepted_answer_id":75873442,"answer_count":2,"score":2,"last_activity_date":1680068560,"creation_date":1680065815,"question_id":75873280,"content_license":"CC BY-SA 4.0","link":"https://stackoverflow.com/questions/75873280/how-to-add-adjusted-pvalue-to-the-corrplot-matrix","title":"How to add adjusted pvalue to the corrplot matrix?"},{"tags":["php","wordpress"],"owner":{"account_id":28142585,"reputation":39,"user_id":21505395,"user_type":"registered","profile_image":"https://www.gravatar.com/avatar/42adbfd0773457f534243c035225db19?s=256&d=identicon&r=PG&f=y&so-version=2","display_name":"Perfection","link":"https://stackoverflow.com/users/21505395/perfection"},"is_answered":false,"view_count":57,"answer_count":1,"score":1,"last_activity_date":1680156216,"creation_date":1680065783,"question_id":75873275,"content_license":"CC BY-SA 4.0","link":"https://stackoverflow.com/questions/75873275/hook-problem-in-wordpress-plugin-inside-class","title":"Hook Problem in Wordpress Plugin - Inside Class"},{"tags":["excel-formula","powerbi","dax"],"owner":{"account_id":17298715,"reputation":23,"user_id":12528804,"user_type":"registered","profile_image":"https://lh3.googleusercontent.com/a-/AAuE7mArSV01xGUSO9wUro-Jhs8OsMElAUiXjAShUQjQAA=k-s256","display_name":"Sanuzy","link":"https://stackoverflow.com/users/12528804/sanuzy"},"is_answered":true,"view_count":37,"accepted_answer_id":75885484,"answer_count":1,"score":0,"last_activity_date":1680162717,"creation_date":1680065754,"last_edit_date":1680161437,"question_id":75873273,"content_license":"CC BY-SA 4.0","link":"https://stackoverflow.com/questions/75873273/count-distinct-measure-with-average-condition","title":"Count Distinct measure with average condition"},{"tags":["sql","case"],"owner":{"account_id":26607777,"reputation":3,"user_id":20228336,"user_type":"registered","profile_image":"https://www.gravatar.com/avatar/a477c6cdc3a05a635a257d293e29f069?s=256&d=identicon&r=PG","display_name":"Mr.B","link":"https://stackoverflow.com/users/20228336/mr-b"},"is_answered":true,"view_count":43,"accepted_answer_id":75873398,"answer_count":3,"score":-2,"last_activity_date":1680312816,"creation_date":1680065747,"question_id":75873272,"content_license":"CC BY-SA 4.0","link":"https://stackoverflow.com/questions/75873272/how-to-match-a-column-from-a-calculation-column-non-existing-within-the-same-t","title":"How to match a Column from a calculation column (non-existing) within the same table"},{"tags":["azure"],"owner":{"account_id":20466829,"reputation":1,"user_id":15018141,"user_type":"registered","profile_image":"https://lh4.googleusercontent.com/-OuGZIoH1jPk/AAAAAAAAAAI/AAAAAAAAAAA/AMZuuckxyka3yKWUDw_LzF86LE5smXEQbw/s96-c/photo.jpg?sz=256","display_name":"shahar ziman","link":"https://stackoverflow.com/users/15018141/shahar-ziman"},"is_answered":false,"view_count":66,"answer_count":0,"score":0,"last_activity_date":1680065702,"creation_date":1680065702,"question_id":75873267,"content_license":"CC BY-SA 4.0","link":"https://stackoverflow.com/questions/75873267/azure-devops-checkout-branch-as-variable","title":"azure devops checkout branch as variable"},{"tags":["flutter","showdialog","text-widget","flutter-onpressed"],"owner":{"account_id":18179902,"reputation":15,"user_id":13227891,"user_type":"registered","profile_image":"https://lh3.googleusercontent.com/a-/AOh14Gi43GMdAkPQ9ebAigCGqB2WzL4I7AZtt4Jg-7Gr=k-s256","display_name":"KiraKami","link":"https://stackoverflow.com/users/13227891/kirakami"},"is_answered":true,"view_count":48,"accepted_answer_id":75874074,"answer_count":1,"score":0,"last_activity_date":1680074023,"creation_date":1680065697,"question_id":75873265,"content_license":"CC BY-SA 4.0","link":"https://stackoverflow.com/questions/75873265/when-i-input-the-text-in-showdialog-function-and-pass-it-to-text-widget-it-isnt","title":"When i input the text in showDialog function and pass it to Text widget it isn&#39;t getting displayed"},{"tags":["php","mysql","laravel","union","common-table-expression"],"owner":{"account_id":1524234,"reputation":115,"user_id":1423064,"user_type":"registered","profile_image":"https://www.gravatar.com/avatar/0debd47e7d30b9f711bcde62fb0c92fc?s=256&d=identicon&r=PG","display_name":"Anita Mourya","link":"https://stackoverflow.com/users/1423064/anita-mourya"},"is_answered":false,"view_count":360,"answer_count":2,"score":0,"last_activity_date":1680692450,"creation_date":1680065691,"last_edit_date":1680692450,"question_id":75873263,"content_license":"CC BY-SA 4.0","link":"https://stackoverflow.com/questions/75873263/laravel-cte-with-query-builder-for-union-all","title":"Laravel CTE (WITH) query builder for union all"},{"tags":["node.js","express","shopify","shopify-app","shopify-api-node"],"owner":{"user_type":"does_not_exist","display_name":"user21481074"},"is_answered":false,"view_count":146,"answer_count":0,"score":0,"last_activity_date":1680065627,"creation_date":1680065627,"question_id":75873258,"content_license":"CC BY-SA 4.0","link":"https://stackoverflow.com/questions/75873258/no-shop-provided-message-showing-while-run-project-in-shopify","title":"No Shop provided message showing while run project in Shopify"},{"tags":["java","for-loop","java-stream"],"owner":{"account_id":28154498,"reputation":3,"user_id":21515420,"user_type":"registered","profile_image":"https://lh3.googleusercontent.com/a/AGNmyxZzLVPFPDyYxW2dKumZDIoKy6Zo_A3Xm7ALEzsE=k-s256","display_name":"Mayank","link":"https://stackoverflow.com/users/21515420/mayank"},"is_answered":true,"view_count":62,"accepted_answer_id":75873414,"answer_count":2,"score":0,"last_activity_date":1680067425,"creation_date":1680065621,"last_edit_date":1680067425,"question_id":75873257,"content_license":"CC BY-SA 4.0","link":"https://stackoverflow.com/questions/75873257/3-levels-of-nested-for-loop-to-java-stream","title":"3 levels of nested for loop to Java Stream"},{"tags":["python","google-vision"],"owner":{"account_id":17602448,"reputation":107,"user_id":13240679,"user_type":"registered","profile_image":"https://www.gravatar.com/avatar/b157fd4b5a0ebfa94f9f8bb512f0bb8c?s=256&d=identicon&r=PG&f=y&so-version=2","display_name":"barcaman","link":"https://stackoverflow.com/users/13240679/barcaman"},"is_answered":false,"view_count":22,"answer_count":0,"score":0,"last_activity_date":1680065617,"creation_date":1680065617,"question_id":75873256,"content_license":"CC BY-SA 4.0","link":"https://stackoverflow.com/questions/75873256/what-does-google-visions-pixelfraction-actually-do-and-does-it-work","title":"What does Google Visions pixelFraction actually do? and does it work?"},{"tags":["concurrency","airflow"],"owner":{"account_id":17916861,"reputation":1,"user_id":13017623,"user_type":"registered","profile_image":"https://lh3.googleusercontent.com/a-/AOh14Gjipvz0Z_LFeE0LZUOVTPv_HtnSn2hahOgoYIE-Ag=k-s256","display_name":"Sellapandi Jacob","link":"https://stackoverflow.com/users/13017623/sellapandi-jacob"},"is_answered":false,"view_count":28,"answer_count":0,"score":0,"last_activity_date":1680065617,"creation_date":1680065617,"question_id":75873255,"content_license":"CC BY-SA 4.0","link":"https://stackoverflow.com/questions/75873255/can-i-set-concurrency-to-databrickssubmitrundeferrableoperator-dynamic-tasks","title":"Can I set concurrency to DatabricksSubmitRunDeferrableOperator dynamic tasks?"},{"tags":["linux","rust","fork"],"owner":{"account_id":8916709,"reputation":1856,"user_id":6655004,"user_type":"registered","profile_image":"https://www.gravatar.com/avatar/5b375670d867b454fcdd64d3f5573cdd?s=256&d=identicon&r=PG&f=y&so-version=2","display_name":"Filipe Rodrigues","link":"https://stackoverflow.com/users/6655004/filipe-rodrigues"},"is_answered":false,"view_count":82,"answer_count":0,"score":1,"last_activity_date":1680069356,"creation_date":1680065605,"last_edit_date":1680069356,"question_id":75873254,"content_license":"CC BY-SA 4.0","link":"https://stackoverflow.com/questions/75873254/userfaultfd-doesnt-receive-fork-event-unless-a-register-is-done-before","title":"Userfaultfd doesn&#39;t receive fork event unless a register is done before"},{"tags":["flutter","flutterwebviewplugin"],"owner":{"account_id":28145026,"reputation":1,"user_id":21507468,"user_type":"registered","profile_image":"https://lh3.googleusercontent.com/a/AGNmyxYvdBDk0EAp5GFTxqVAxoH_rwnWWzN2yOWNBkyQ=k-s256","display_name":"Ashoka","link":"https://stackoverflow.com/users/21507468/ashoka"},"is_answered":false,"view_count":201,"answer_count":0,"score":0,"last_activity_date":1680065604,"creation_date":1680065604,"question_id":75873253,"content_license":"CC BY-SA 4.0","link":"https://stackoverflow.com/questions/75873253/how-to-block-all-ads-in-flutter-webview","title":"how to block all ads in flutter webview?"},{"tags":["javascript","reactjs","visual-studio-code","import","chakra-ui"],"owner":{"account_id":24459199,"reputation":11,"user_id":18380425,"user_type":"registered","profile_image":"https://www.gravatar.com/avatar/5fe8d26b1ccb54e61e44793fe760a180?s=256&d=identicon&r=PG","display_name":"keyclick","link":"https://stackoverflow.com/users/18380425/keyclick"},"is_answered":false,"view_count":240,"answer_count":0,"score":0,"last_activity_date":1680065600,"creation_date":1680065600,"question_id":75873252,"content_license":"CC BY-SA 4.0","link":"https://stackoverflow.com/questions/75873252/any-way-to-activate-auto-import-of-functions-when-the-functions-are-being-typed","title":"Any way to activate auto import of functions when the functions are being typed in VSCode"},{"tags":["flutter","error-handling","multipart","syncfusion"],"owner":{"account_id":27971044,"reputation":1,"user_id":21360751,"user_type":"registered","profile_image":"https://lh3.googleusercontent.com/a/AGNmyxauLASiFJeqgheXdhrFLs_5QhRAXNBJ7bxylluX=k-s256","display_name":"Hankoo","link":"https://stackoverflow.com/users/21360751/hankoo"},"is_answered":false,"view_count":389,"answer_count":0,"score":0,"last_activity_date":1680065520,"creation_date":1680065520,"question_id":75873247,"content_license":"CC BY-SA 4.0","link":"https://stackoverflow.com/questions/75873247/pathnotfoundexception-cannot-retrieve-length-of-file-path-os-error-no","title":"PathNotFoundException: Cannot retrieve length of file, path = &#39; &#39; (OS Error: No such file or directory, errno = 2)"},{"tags":["r","ggplot2"],"owner":{"account_id":27836930,"reputation":1,"user_id":21254173,"user_type":"registered","profile_image":"https://www.gravatar.com/avatar/b1dfb682ebf9503f1b7768e7e62fbbec?s=256&d=identicon&r=PG","display_name":"Iron-Man 2020","link":"https://stackoverflow.com/users/21254173/iron-man-2020"},"is_answered":true,"view_count":24,"accepted_answer_id":75873580,"answer_count":1,"score":0,"last_activity_date":1680099012,"creation_date":1680065489,"last_edit_date":1680099012,"question_id":75873244,"content_license":"CC BY-SA 4.0","link":"https://stackoverflow.com/questions/75873244/how-to-make-a-bar-graph-using-select-values","title":"How to make a bar graph using select values"},{"tags":["java","email","quarkus"],"owner":{"account_id":8114023,"reputation":1631,"user_id":6113110,"user_type":"registered","accept_rate":62,"profile_image":"https://www.gravatar.com/avatar/1c167b3e02a811d1de9e165ba0c17dda?s=256&d=identicon&r=PG&f=y&so-version=2","display_name":"Robert","link":"https://stackoverflow.com/users/6113110/robert"},"is_answered":false,"view_count":246,"answer_count":1,"score":0,"last_activity_date":1701329611,"creation_date":1680065471,"last_edit_date":1701145362,"question_id":75873242,"content_license":"CC BY-SA 4.0","link":"https://stackoverflow.com/questions/75873242/quarkus-mailer-does-not-receive-mail-in-test-when-mocked","title":"Quarkus Mailer does not receive mail in TEST (when mocked)"},{"tags":["python","opencv","camera","distortion","camera-intrinsics"],"owner":{"account_id":28154506,"reputation":11,"user_id":21515426,"user_type":"registered","profile_image":"https://www.gravatar.com/avatar/c0503cf55eae312be569b40f92b113ab?s=256&d=identicon&r=PG&f=y&so-version=2","display_name":"mphong","link":"https://stackoverflow.com/users/21515426/mphong"},"is_answered":true,"view_count":560,"answer_count":1,"score":1,"last_activity_date":1680067480,"creation_date":1680065471,"last_edit_date":1680065711,"question_id":75873241,"content_license":"CC BY-SA 4.0","link":"https://stackoverflow.com/questions/75873241/how-does-camera-distortion-coefficients-and-camera-intrinsic-parameters-change-a","title":"How does camera distortion coefficients and camera intrinsic parameters change after image crop or resize?"},{"tags":["python","pandas","pickle"],"owner":{"account_id":1902615,"reputation":448,"user_id":1718152,"user_type":"registered","accept_rate":62,"profile_image":"https://www.gravatar.com/avatar/6933e6f86b708e88fabf5eeb80007935?s=256&d=identicon&r=PG","display_name":"Semi","link":"https://stackoverflow.com/users/1718152/semi"},"is_answered":false,"view_count":63,"answer_count":0,"score":1,"last_activity_date":1681935524,"creation_date":1680065446,"last_edit_date":1681935524,"question_id":75873239,"content_license":"CC BY-SA 4.0","link":"https://stackoverflow.com/questions/75873239/efficiently-persist-many-slices-referencing-the-same-dataframe","title":"Efficiently persist many slices referencing the same dataframe"},{"tags":["memgraphdb"],"owner":{"account_id":27543248,"reputation":126,"user_id":21019641,"user_type":"registered","profile_image":"https://i.stack.imgur.com/d8e5I.jpg?s=256&g=1","display_name":"Juliette Gia","link":"https://stackoverflow.com/users/21019641/juliette-gia"},"is_answered":true,"view_count":21,"accepted_answer_id":75873238,"answer_count":1,"score":0,"last_activity_date":1680065403,"creation_date":1680065403,"question_id":75873237,"content_license":"CC BY-SA 4.0","link":"https://stackoverflow.com/questions/75873237/is-it-possible-to-parse-json-and-convert-it-to-the-gqlachemy-model-object","title":"Is it possible to parse JSON and convert it to the GQLAchemy model object?"},{"tags":["python","jupyter-notebook","symspellpy"],"owner":{"account_id":28061202,"reputation":1,"user_id":21435296,"user_type":"registered","profile_image":"https://www.gravatar.com/avatar/4ee908cf60dc04ddd6bc60a40fd2093f?s=256&d=identicon&r=PG&f=y&so-version=2","display_name":"Ira Ahmad","link":"https://stackoverflow.com/users/21435296/ira-ahmad"},"is_answered":false,"view_count":247,"answer_count":0,"score":0,"last_activity_date":1680065384,"creation_date":1680065384,"question_id":75873236,"content_license":"CC BY-SA 4.0","link":"https://stackoverflow.com/questions/75873236/error-installing-symspellpy-in-jupyter-notebook","title":"Error Installing Symspellpy in Jupyter Notebook"},{"tags":["optimization","greedy"],"owner":{"account_id":28154441,"reputation":1,"user_id":21515377,"user_type":"registered","profile_image":"https://www.gravatar.com/avatar/c4da4363026305dfd91b18c819a10a0f?s=256&d=identicon&r=PG&f=y&so-version=2","display_name":"mars","link":"https://stackoverflow.com/users/21515377/mars"},"is_answered":false,"view_count":45,"answer_count":1,"score":0,"last_activity_date":1680162311,"creation_date":1680065350,"question_id":75873233,"content_license":"CC BY-SA 4.0","link":"https://stackoverflow.com/questions/75873233/greedy-algorithm-problem-how-to-assign-workers-with-different-skillsets-to-jobs","title":"Greedy Algorithm problem: how to assign workers with different skillsets to jobs"},{"tags":["python","opencv","machine-learning","deep-learning","paddleocr"],"owner":{"account_id":14884970,"reputation":335,"user_id":10748412,"user_type":"registered","profile_image":"https://lh3.googleusercontent.com/-duXPIA6BIEk/AAAAAAAAAAI/AAAAAAAAAG4/kcDxy19auVA/photo.jpg?sz=256","display_name":"ReaL_HyDRA","link":"https://stackoverflow.com/users/10748412/real-hydra"},"is_answered":false,"view_count":82,"answer_count":1,"score":-2,"last_activity_date":1680086668,"creation_date":1680065317,"last_edit_date":1680086668,"question_id":75873232,"content_license":"CC BY-SA 4.0","link":"https://stackoverflow.com/questions/75873232/how-to-get-individual-columns-values-into-a-list-using-python","title":"How to get individual columns values into a list using Python"},{"tags":["apache-flink","flink-streaming"],"owner":{"account_id":7493848,"reputation":1,"user_id":5694710,"user_type":"registered","profile_image":"https://lh4.googleusercontent.com/-ibr66IEOE0w/AAAAAAAAAAI/AAAAAAAAAPU/rtN365EGFJk/photo.jpg?sz=256","display_name":"Chien Nguyen","link":"https://stackoverflow.com/users/5694710/chien-nguyen"},"is_answered":false,"view_count":60,"answer_count":1,"score":0,"last_activity_date":1681702622,"creation_date":1680065275,"last_edit_date":1681702622,"question_id":75873230,"content_license":"CC BY-SA 4.0","link":"https://stackoverflow.com/questions/75873230/how-to-work-on-flink-apache-with-big-keyed","title":"How to work on Flink Apache with big keyed?"}],"has_more":true,"quota_max":300,"quota_remaining":122}