{"items":[{"tags":["amazon-ec2","systemd","systemctl","amazon-linux-2"],"owner":{"account_id":6781087,"reputation":516,"user_id":5221310,"user_type":"registered","accept_rate":80,"profile_image":"https://www.gravatar.com/avatar/cc361f22bd006cb54c2a08198669a0c3?s=256&d=identicon&r=PG&f=y&so-version=2","display_name":"Aaron Parisi","link":"https://stackoverflow.com/users/5221310/aaron-parisi"},"is_answered":false,"view_count":406,"answer_count":1,"score":-1,"last_activity_date":1679824993,"creation_date":1678942789,"question_id":75752322,"content_license":"CC BY-SA 4.0","link":"https://stackoverflow.com/questions/75752322/why-is-systemd-service-failing-on-aws-amazon-linux-2","title":"Why is systemd service failing on AWS Amazon Linux 2?"},{"tags":["reactjs","visual-studio-code","npm"],"owner":{"account_id":28029184,"reputation":11,"user_id":21408639,"user_type":"registered","profile_image":"https://www.gravatar.com/avatar/26ee0ea3a5c0d780b03b9bb1c2a40e4a?s=256&d=identicon&r=PG&f=y&so-version=2","display_name":"Developer","link":"https://stackoverflow.com/users/21408639/developer"},"is_answered":false,"view_count":757,"answer_count":0,"score":1,"last_activity_date":1678944553,"creation_date":1678942722,"last_edit_date":1678944553,"question_id":75752318,"content_license":"CC BY-SA 4.0","link":"https://stackoverflow.com/questions/75752318/error-there-is-no-registered-task-type-npm-did-you-miss-installing-an-extens","title":"Error: there is no registered task type &#39;npm&#39;. Did you miss installing an extension that provides a corresponding task provider?"},{"tags":["oracle-sqldeveloper"],"owner":{"account_id":27499752,"reputation":3,"user_id":20983717,"user_type":"registered","profile_image":"https://lh3.googleusercontent.com/a/AEdFTp6hB9AKm9vM1LulFMmcNNLi_Xs0Z2tfjzZvTshG=k-s256","display_name":"Yudha Patria","link":"https://stackoverflow.com/users/20983717/yudha-patria"},"is_answered":true,"view_count":26,"accepted_answer_id":75752665,"answer_count":1,"score":0,"last_activity_date":1678947067,"creation_date":1678942707,"last_edit_date":1678942892,"question_id":75752315,"content_license":"CC BY-SA 4.0","link":"https://stackoverflow.com/questions/75752315/oracle-sql-developer-to-show-multiple-rows-based-on-value-at-different-column-wi","title":"Oracle SQL Developer to show multiple rows based on value at different column with same data"},{"tags":["azure","azure-data-factory"],"owner":{"account_id":26916215,"reputation":129,"user_id":20490950,"user_type":"registered","profile_image":"https://lh3.googleusercontent.com/a/ALm5wu2FzqEc8f0Cxr0TQeTcatLlR71ZN6WDdXRfpBCslQ=k-s256","display_name":"AzSurya Teja","link":"https://stackoverflow.com/users/20490950/azsurya-teja"},"is_answered":false,"view_count":95,"answer_count":1,"score":0,"last_activity_date":1678963368,"creation_date":1678942685,"question_id":75752312,"content_license":"CC BY-SA 4.0","link":"https://stackoverflow.com/questions/75752312/can-we-push-azure-blob-data-to-tableau-hyper-file-in-azure-data-factory","title":"Can we push Azure blob data to Tableau hyper file in Azure data factory"},{"tags":["python","tensorflow","keras","tensorflow2.0"],"owner":{"account_id":27019792,"reputation":11,"user_id":20577969,"user_type":"registered","profile_image":"https://www.gravatar.com/avatar/89b8aff7897ca114974129871cf19878?s=256&d=identicon&r=PG","display_name":"Delun Zhang","link":"https://stackoverflow.com/users/20577969/delun-zhang"},"is_answered":true,"view_count":367,"accepted_answer_id":75945873,"answer_count":2,"score":1,"last_activity_date":1680756128,"creation_date":1678942589,"last_edit_date":1678945030,"question_id":75752307,"content_license":"CC BY-SA 4.0","link":"https://stackoverflow.com/questions/75752307/tf-keras-utils-get-file-error-typeerror-not-supported-between-instances-of","title":"tf.keras.utils.get_file error: TypeError: &#39;&lt;&#39; not supported between instances of &#39;int&#39; and &#39;NoneType&#39;"},{"tags":["python","pandas","numpy","matrix","python-xarray"],"owner":{"account_id":21824739,"reputation":9,"user_id":16120414,"user_type":"registered","profile_image":"https://lh3.googleusercontent.com/a-/AOh14Ggbyfib6DDHxQwqIms766U7dL1S84q7UjzcX0nf=k-s256","display_name":"Jordan-Yousef Jbour","link":"https://stackoverflow.com/users/16120414/jordan-yousef-jbour"},"is_answered":false,"view_count":25,"answer_count":0,"score":0,"last_activity_date":1678942559,"creation_date":1678942559,"question_id":75752303,"content_license":"CC BY-SA 4.0","link":"https://stackoverflow.com/questions/75752303/issue-with-output-of-h-matrix-generation-for-bayesian-inversion-in-python","title":"Issue with output of H-Matrix Generation for Bayesian Inversion in Python"},{"tags":["github-actions"],"owner":{"account_id":2912970,"reputation":488,"user_id":2640701,"user_type":"registered","accept_rate":70,"profile_image":"https://www.gravatar.com/avatar/e95c4f68bbc90965aee10eb6196b60ae?s=256&d=identicon&r=PG","display_name":"Vyas Rao","link":"https://stackoverflow.com/users/2640701/vyas-rao"},"is_answered":false,"view_count":15,"answer_count":0,"score":0,"last_activity_date":1678942547,"creation_date":1678942547,"question_id":75752301,"content_license":"CC BY-SA 4.0","link":"https://stackoverflow.com/questions/75752301/get-pr-files-even-before-checkout-is-performed-in-github-action","title":"Get PR files even before checkout is performed in Github action"},{"tags":["swift","google-cloud-firestore"],"owner":{"account_id":27206686,"reputation":65,"user_id":20738120,"user_type":"registered","profile_image":"https://www.gravatar.com/avatar/31f375a631c297404b734f2b676f5a25?s=256&d=identicon&r=PG","display_name":"Sutton","link":"https://stackoverflow.com/users/20738120/sutton"},"is_answered":false,"view_count":34,"answer_count":0,"score":0,"last_activity_date":1678951374,"creation_date":1678942544,"last_edit_date":1678951374,"question_id":75752300,"content_license":"CC BY-SA 4.0","link":"https://stackoverflow.com/questions/75752300/instantly-updating-a-field-in-a-firestore-document","title":"Instantly Updating a field in a FireStore document"},{"tags":["laravel","sqlyog","laravel-admin"],"owner":{"account_id":28029187,"reputation":13,"user_id":21408642,"user_type":"registered","profile_image":"https://lh3.googleusercontent.com/a/AGNmyxa5cQMI8tWtfhyfDl3MiXA9_s_rHVnweURodX8NWw=k-s256","display_name":"Sushi","link":"https://stackoverflow.com/users/21408642/sushi"},"is_answered":true,"view_count":121,"accepted_answer_id":75752510,"answer_count":1,"score":1,"last_activity_date":1678945156,"creation_date":1678942463,"last_edit_date":1678942711,"question_id":75752295,"content_license":"CC BY-SA 4.0","link":"https://stackoverflow.com/questions/75752295/laravel-admin-controller","title":"Laravel admin controller"},{"tags":["mimekit"],"owner":{"account_id":1134537,"reputation":41,"user_id":1119879,"user_type":"registered","profile_image":"https://www.gravatar.com/avatar/a1c8bcbd12e0bae6eb9419273166bcb1?s=256&d=identicon&r=PG","display_name":"gregsohl","link":"https://stackoverflow.com/users/1119879/gregsohl"},"is_answered":true,"view_count":494,"accepted_answer_id":75768384,"answer_count":1,"score":1,"last_activity_date":1679060996,"creation_date":1678942459,"question_id":75752293,"content_license":"CC BY-SA 4.0","link":"https://stackoverflow.com/questions/75752293/is-there-an-available-explanation-of-the-difference-between-mimekit-and-mimekitl","title":"Is there an available explanation of the difference between MimeKit and MimeKitLite?"},{"tags":["r","shiny","dt"],"owner":{"account_id":466711,"reputation":105,"user_id":871623,"user_type":"registered","profile_image":"https://www.gravatar.com/avatar/3fbf91003298828dfd385ed379a95e0b?s=256&d=identicon&r=PG&f=y&so-version=2","display_name":"LeonL.","link":"https://stackoverflow.com/users/871623/leonl"},"is_answered":false,"view_count":172,"answer_count":1,"score":0,"last_activity_date":1679421324,"creation_date":1678942430,"question_id":75752290,"content_license":"CC BY-SA 4.0","link":"https://stackoverflow.com/questions/75752290/r-shiny-dt-datatables-warning-table-id-datatables-table-0-invalid-json-respo","title":"R Shiny DT: DataTables warning: table id=DataTables_Table_0 - Invalid JSON response"},{"tags":["hashcode","apache-commons","exclusion-constraint"],"owner":{"account_id":1515927,"reputation":257,"user_id":1416932,"user_type":"registered","profile_image":"https://www.gravatar.com/avatar/b31cdaccb5cee8a4e6784b3684f9cd58?s=256&d=identicon&r=PG","display_name":"user1416932","link":"https://stackoverflow.com/users/1416932/user1416932"},"is_answered":false,"view_count":39,"answer_count":0,"score":1,"last_activity_date":1682576170,"creation_date":1678942339,"last_edit_date":1682576170,"question_id":75752285,"content_license":"CC BY-SA 4.0","link":"https://stackoverflow.com/questions/75752285/how-to-exclude-some-fields-of-subclasses-from-apache-commons-hashcodebuilder-r","title":"How to exclude some fields of subclasses from Apache Commons-&gt; HashCodeBuilder.reflectionHashCode"},{"tags":["git","github"],"owner":{"account_id":27398445,"reputation":21,"user_id":20900268,"user_type":"registered","profile_image":"https://lh3.googleusercontent.com/a/AEdFTp6n4uUFoOxVXV6oFcaazTHg_uZsv-duDU81skSO=k-s256","display_name":"Muhammad Hossain","link":"https://stackoverflow.com/users/20900268/muhammad-hossain"},"is_answered":true,"view_count":33,"closed_date":1678945558,"answer_count":1,"score":-3,"last_activity_date":1678942737,"creation_date":1678942311,"last_edit_date":1678942369,"question_id":75752283,"link":"https://stackoverflow.com/questions/75752283/website-not-woking-after-clone-it-from-my-own-github-account","closed_reason":"Needs details or clarity","title":"Website not woking after clone it from my own github account"},{"tags":["redis"],"owner":{"account_id":3266341,"reputation":1349,"user_id":2858044,"user_type":"registered","accept_rate":50,"profile_image":"https://www.gravatar.com/avatar/f42cca2ddc19f4e11ac01777eb45a070?s=256&d=identicon&r=PG&f=y&so-version=2","display_name":"itx","link":"https://stackoverflow.com/users/2858044/itx"},"is_answered":false,"view_count":54,"answer_count":0,"score":0,"last_activity_date":1678949045,"creation_date":1678942259,"last_edit_date":1678949045,"question_id":75752281,"content_license":"CC BY-SA 4.0","link":"https://stackoverflow.com/questions/75752281/latency-on-redis-when-call-conccurrent-command","title":"Latency on Redis when call conccurrent command"},{"tags":["android","kotlin","post","android-volley"],"owner":{"account_id":21906895,"reputation":19,"user_id":16191856,"user_type":"registered","profile_image":"https://i.stack.imgur.com/zpQ1F.jpg?s=256&g=1","display_name":"DroidMe","link":"https://stackoverflow.com/users/16191856/droidme"},"is_answered":false,"view_count":116,"answer_count":0,"score":0,"last_activity_date":1678942226,"creation_date":1678942226,"question_id":75752278,"content_license":"CC BY-SA 4.0","link":"https://stackoverflow.com/questions/75752278/android-unexpected-response-code-400-post-mp3-to-with-volley-to-openai-whisp","title":"Android - Unexpected response code 400 - Post MP3 to with Volley to OpenAI Whisper"},{"tags":["flutter"],"owner":{"account_id":18120626,"reputation":733,"user_id":13176726,"user_type":"registered","profile_image":"https://www.gravatar.com/avatar/eb6f9dabf176800d58e8d012f409cf5e?s=256&d=identicon&r=PG&f=y&so-version=2","display_name":"A_K","link":"https://stackoverflow.com/users/13176726/a-k"},"is_answered":true,"view_count":74,"accepted_answer_id":75752567,"answer_count":2,"score":0,"last_activity_date":1680986707,"creation_date":1678942195,"last_edit_date":1680986707,"question_id":75752277,"content_license":"CC BY-SA 4.0","link":"https://stackoverflow.com/questions/75752277/reducing-spacing-in-an-expanded-in-flutter-project","title":"Reducing Spacing in an Expanded in Flutter Project"},{"tags":["git","mingw","rsync","mingw-w64","msys2"],"owner":{"account_id":47032,"reputation":1768,"user_id":139163,"user_type":"registered","accept_rate":64,"profile_image":"https://www.gravatar.com/avatar/5ff67351f0b6ce2d10ad132d1ac1579b?s=256&d=identicon&r=PG","display_name":"videoguy","link":"https://stackoverflow.com/users/139163/videoguy"},"is_answered":true,"view_count":2115,"accepted_answer_id":76430741,"answer_count":3,"score":6,"last_activity_date":1691268357,"creation_date":1678942169,"question_id":75752274,"content_license":"CC BY-SA 4.0","link":"https://stackoverflow.com/questions/75752274/rsync-for-windows-that-runs-with-git-for-windows-mingw-tools","title":"rsync for Windows that runs with Git for Windows mingw tools"},{"tags":["flutter"],"owner":{"account_id":28029144,"reputation":1,"user_id":21408608,"user_type":"registered","profile_image":"https://www.gravatar.com/avatar/a1c214b6dff26ff04268b4f9d5fc0426?s=256&d=identicon&r=PG&f=y&so-version=2","display_name":"elite","link":"https://stackoverflow.com/users/21408608/elite"},"is_answered":true,"view_count":90,"answer_count":1,"score":-1,"last_activity_date":1679077954,"creation_date":1678942127,"question_id":75752269,"content_license":"CC BY-SA 4.0","link":"https://stackoverflow.com/questions/75752269/fatal-error-kotlin-stdlib-jdk7-1-5-30-pom21-content-is-not-allowed-in-prolog","title":"Fatal Error kotlin-stdlib-jdk7-1.5.30.pom:2:1: Content is not allowed in prolog"},{"tags":["c#","multithreading","download","network-programming"],"owner":{"account_id":16100677,"reputation":5,"user_id":11621534,"user_type":"registered","profile_image":"https://lh5.googleusercontent.com/-1MdlRHKllNA/AAAAAAAAAAI/AAAAAAAAHYo/z3ZC0z55cdM/photo.jpg?sz=256","display_name":"Ho&#224;ng T&#226;m","link":"https://stackoverflow.com/users/11621534/ho%c3%a0ng-t%c3%a2m"},"is_answered":true,"view_count":295,"answer_count":2,"score":-2,"last_activity_date":1678953699,"creation_date":1678942084,"question_id":75752262,"content_license":"CC BY-SA 4.0","link":"https://stackoverflow.com/questions/75752262/implementing-a-multi-threaded-file-downloader-in-c-with-error-handling","title":"Implementing a multi-threaded file downloader in C# with error handling"},{"tags":["google-api","google-people-api"],"owner":{"account_id":19466330,"reputation":339,"user_id":14239545,"user_type":"registered","profile_image":"https://www.gravatar.com/avatar/bc9a000de09f1312dcca2500ceb9cf3e?s=256&d=identicon&r=PG&f=y&so-version=2","display_name":"loveloper.dev","link":"https://stackoverflow.com/users/14239545/loveloper-dev"},"is_answered":true,"view_count":827,"accepted_answer_id":75759610,"answer_count":1,"score":2,"last_activity_date":1678987293,"creation_date":1678941980,"question_id":75752260,"content_license":"CC BY-SA 4.0","link":"https://stackoverflow.com/questions/75752260/google-people-apis-nextpagetoken-can-retrieve-only-next-page","title":"Google People API&#39;s nextPageToken can retrieve only next page?"},{"tags":["kubernetes","azure-aks","telegraf-inputs-plugin"],"owner":{"account_id":12579144,"reputation":49,"user_id":9150499,"user_type":"registered","profile_image":"https://www.gravatar.com/avatar/4d4fe658e88c1f471a529727ac61b3c4?s=256&d=identicon&r=PG&f=y&so-version=2","display_name":"KNDM","link":"https://stackoverflow.com/users/9150499/kndm"},"is_answered":false,"view_count":54,"answer_count":0,"score":0,"last_activity_date":1678941966,"creation_date":1678941966,"question_id":75752259,"content_license":"CC BY-SA 4.0","link":"https://stackoverflow.com/questions/75752259/aks-telegraf-with-eventhub-plugin-not-working","title":"AKS Telegraf with Eventhub plugin not working"},{"tags":["azure","kubernetes","azure-aks","cni"],"owner":{"account_id":134390,"reputation":4998,"user_id":336489,"user_type":"registered","accept_rate":45,"profile_image":"https://www.gravatar.com/avatar/61a3f03a33e41a4cea169f0e04a1d185?s=256&d=identicon&r=PG","display_name":"GilliVilla","link":"https://stackoverflow.com/users/336489/gillivilla"},"is_answered":true,"view_count":232,"accepted_answer_id":75752299,"answer_count":1,"score":0,"last_activity_date":1678942544,"creation_date":1678941933,"question_id":75752255,"content_license":"CC BY-SA 4.0","link":"https://stackoverflow.com/questions/75752255/aks-cluster-find-azure-cni-version","title":"AKS cluster find Azure CNI version"},{"tags":["bootstrap-5"],"owner":{"account_id":17640155,"reputation":23,"user_id":12802586,"user_type":"registered","profile_image":"https://www.gravatar.com/avatar/d1e2a360f25f8e4d16f4ac9e962fd18e?s=256&d=identicon&r=PG&f=y&so-version=2","display_name":"akinoguchi","link":"https://stackoverflow.com/users/12802586/akinoguchi"},"is_answered":true,"view_count":503,"accepted_answer_id":75757498,"answer_count":1,"score":1,"last_activity_date":1678976133,"creation_date":1678941913,"question_id":75752254,"content_license":"CC BY-SA 4.0","link":"https://stackoverflow.com/questions/75752254/how-to-autohide-toast-in-bootstrap-5","title":"How to autohide toast in Bootstrap 5"},{"tags":["azure","azure-cloud-services"],"owner":{"account_id":7850470,"reputation":61,"user_id":8467141,"user_type":"registered","profile_image":"https://www.gravatar.com/avatar/197535cd9a436c07d74735b7cc67707e?s=256&d=identicon&r=PG&f=y&so-version=2","display_name":"Pramod Shivaprasad","link":"https://stackoverflow.com/users/8467141/pramod-shivaprasad"},"is_answered":false,"view_count":81,"answer_count":1,"score":0,"last_activity_date":1685056361,"creation_date":1678941900,"question_id":75752251,"content_license":"CC BY-SA 4.0","link":"https://stackoverflow.com/questions/75752251/configure-and-save-application-logs-for-azure-cloud-classic-service","title":"Configure and save application logs for azure cloud classic service"},{"tags":["flutter","flutter-integration-test"],"owner":{"account_id":10894611,"reputation":368,"user_id":8140419,"user_type":"registered","profile_image":"https://i.stack.imgur.com/KmMH9.jpg?s=256&g=1","display_name":"Jagadeesh","link":"https://stackoverflow.com/users/8140419/jagadeesh"},"is_answered":false,"view_count":142,"answer_count":0,"score":0,"last_activity_date":1678944291,"creation_date":1678941822,"question_id":75752244,"content_license":"CC BY-SA 4.0","link":"https://stackoverflow.com/questions/75752244/how-to-verify-if-radio-button-is-clicked-or-not-in-flutter-integration-test","title":"How to verify if radio button is clicked or not in flutter integration test"},{"tags":["azure","twilio","sendgrid"],"owner":{"account_id":28029089,"reputation":1,"user_id":21408562,"user_type":"registered","profile_image":"https://lh3.googleusercontent.com/a/AGNmyxYW5S8LfXoYTdg--pvGiI0Ihd7rddl2nPzRgUCR=k-s256","display_name":"Sarthak Sharma","link":"https://stackoverflow.com/users/21408562/sarthak-sharma"},"is_answered":false,"view_count":85,"answer_count":0,"score":0,"last_activity_date":1678941752,"creation_date":1678941752,"question_id":75752239,"content_license":"CC BY-SA 4.0","link":"https://stackoverflow.com/questions/75752239/send-email-when-blob-is-uploaded-to-azure-blob-storage-using-sendgrid-in-python","title":"send email when blob is uploaded to azure blob storage using sendgrid in python"},{"tags":["c#",".net","wireshark","pcap","packet-capture"],"owner":{"account_id":15347042,"reputation":107,"user_id":11072100,"user_type":"registered","profile_image":"https://www.gravatar.com/avatar/e89028a6d742bb9996708da88de75158?s=256&d=identicon&r=PG&f=y&so-version=2","display_name":"Subin Suthan","link":"https://stackoverflow.com/users/11072100/subin-suthan"},"is_answered":true,"view_count":120,"accepted_answer_id":75771667,"answer_count":1,"score":-1,"last_activity_date":1679082577,"creation_date":1678941655,"question_id":75752235,"content_license":"CC BY-SA 4.0","link":"https://stackoverflow.com/questions/75752235/construct-a-pcap-record-from-a-csv-record-using-c-net-libraries","title":"Construct a pcap record from a csv record using C# .Net libraries"},{"tags":["javascript","node.js","arrays","callback","closures"],"owner":{"account_id":6376884,"reputation":355,"user_id":6259150,"user_type":"registered","accept_rate":100,"profile_image":"https://www.gravatar.com/avatar/892daf2126e1ff03bdeb57a9a8b6f5e5?s=256&d=identicon&r=PG&f=y&so-version=2","display_name":"Aeternus","link":"https://stackoverflow.com/users/6259150/aeternus"},"is_answered":true,"view_count":69,"accepted_answer_id":75752583,"answer_count":1,"score":-1,"last_activity_date":1679333662,"creation_date":1678941595,"last_edit_date":1679022092,"question_id":75752229,"content_license":"CC BY-SA 4.0","link":"https://stackoverflow.com/questions/75752229/javascript-closure-returning-object-that-modifies-array-weird-behavior","title":"Javascript closure returning object that modifies array weird behavior"},{"tags":["c#","design-patterns","dependency-injection","inversion-of-control","factory-pattern"],"owner":{"account_id":1545452,"reputation":802,"user_id":1439090,"user_type":"registered","accept_rate":51,"profile_image":"https://www.gravatar.com/avatar/740956e219311981190e9e8763fc3869?s=256&d=identicon&r=PG","display_name":"user1439090","link":"https://stackoverflow.com/users/1439090/user1439090"},"is_answered":true,"view_count":153,"accepted_answer_id":75764984,"answer_count":1,"score":1,"last_activity_date":1680015974,"creation_date":1678941577,"last_edit_date":1679039681,"question_id":75752228,"content_license":"CC BY-SA 4.0","link":"https://stackoverflow.com/questions/75752228/how-can-i-inject-named-delegate-function-into-a-factory-to-resolve-dependency-in","title":"How can I inject named delegate function into a factory to resolve dependency in .NET 7"},{"tags":["boto3","scheduler","aws-event-bridge"],"owner":{"account_id":25502352,"reputation":1,"user_id":19295339,"user_type":"registered","profile_image":"https://i.stack.imgur.com/s4p2J.jpg?s=256&g=1","display_name":"RJB","link":"https://stackoverflow.com/users/19295339/rjb"},"is_answered":true,"view_count":636,"answer_count":1,"score":-1,"last_activity_date":1678942411,"creation_date":1678941565,"last_edit_date":1678941729,"question_id":75752226,"content_license":"CC BY-SA 4.0","link":"https://stackoverflow.com/questions/75752226/boto3-client-scheduler","title":"Boto3 Client &#39;Scheduler&#39;"}],"has_more":true,"quota_max":300,"quota_remaining":174}