{"items":[{"tags":["javascript","vue.js","nuxt.js","vuejs3","nuxt3"],"owner":{"account_id":9538108,"reputation":77,"user_id":7087551,"user_type":"registered","profile_image":"https://www.gravatar.com/avatar/b9b619d330fc88d448544ecb24d2ea15?s=256&d=identicon&r=PG&f=y&so-version=2","display_name":"Neatpixels","link":"https://stackoverflow.com/users/7087551/neatpixels"},"is_answered":false,"view_count":657,"answer_count":0,"score":1,"last_activity_date":1676415588,"creation_date":1676415588,"question_id":75454023,"content_license":"CC BY-SA 4.0","link":"https://stackoverflow.com/questions/75454023/fetch-api-data-on-client-side-with-nuxt3-when-user-clicks-button-and-display-in","title":"Fetch api data on client side with nuxt3 when user clicks button and display in template"},{"tags":["javascript","java","selenium-webdriver"],"owner":{"account_id":13660772,"reputation":31,"user_id":21079845,"user_type":"registered","profile_image":"https://lh3.googleusercontent.com/a/AEdFTp4hT_LAXS3XFW0eNoUjsUWaGwNyBF4DaFVq_KebtA=k-s256","display_name":"Amir Ali Ansari","link":"https://stackoverflow.com/users/21079845/amir-ali-ansari"},"is_answered":true,"view_count":275,"answer_count":1,"score":1,"last_activity_date":1676473242,"creation_date":1676415547,"last_edit_date":1676473242,"question_id":75454020,"content_license":"CC BY-SA 4.0","link":"https://stackoverflow.com/questions/75454020/unable-to-get-the-values-of-an-element-using-selenium-java","title":"Unable to get the values of an element using selenium java"},{"tags":["javascript","reactjs","typescript"],"owner":{"account_id":27788180,"reputation":1,"user_id":21215156,"user_type":"registered","profile_image":"https://www.gravatar.com/avatar/4da10f4638521071b0bd913c89ebdac3?s=256&d=identicon&r=PG","display_name":"greekduck","link":"https://stackoverflow.com/users/21215156/greekduck"},"is_answered":false,"view_count":51,"answer_count":2,"score":0,"last_activity_date":1676416652,"creation_date":1676415484,"question_id":75454013,"content_license":"CC BY-SA 4.0","link":"https://stackoverflow.com/questions/75454013/react-calling-component-function-outside-of-the-component","title":"React calling component function outside of the component"},{"tags":["upload"],"owner":{"account_id":27788170,"reputation":1,"user_id":21215149,"user_type":"registered","profile_image":"https://graph.facebook.com/1806602073058323/picture?type=large","display_name":"Ilias Iliadis","link":"https://stackoverflow.com/users/21215149/ilias-iliadis"},"is_answered":false,"view_count":11,"answer_count":0,"score":0,"last_activity_date":1676415482,"creation_date":1676415482,"question_id":75454012,"content_license":"CC BY-SA 4.0","link":"https://stackoverflow.com/questions/75454012/all-of-a-sudden-r-does-not-read-my-excel-files","title":"All of a sudden R does not read my excel files"},{"tags":["django","amazon-web-services","aws-lambda"],"owner":{"account_id":27788167,"reputation":1,"user_id":21215146,"user_type":"registered","profile_image":"https://www.gravatar.com/avatar/3e1d07ebe36c7b9a97966b95615b1b22?s=256&d=identicon&r=PG","display_name":"kevin xavier","link":"https://stackoverflow.com/users/21215146/kevin-xavier"},"is_answered":false,"view_count":57,"answer_count":1,"score":0,"last_activity_date":1676471046,"creation_date":1676415477,"last_edit_date":1676418590,"question_id":75454010,"content_license":"CC BY-SA 4.0","link":"https://stackoverflow.com/questions/75454010/xml-etree-elementtree-parseerror-deploy-lambda-django-with-zappa","title":"xml.etree.ElementTree.ParseError deploy lambda django with zappa"},{"tags":["python","pandas","error-handling","proportions"],"owner":{"account_id":27464813,"reputation":1,"user_id":20954732,"user_type":"registered","profile_image":"https://lh3.googleusercontent.com/a/AEdFTp6njil0UFU_eoJ-FdNMqtWXS2DNHPG743oJT38_=k-s256","display_name":"Sherif Hammad","link":"https://stackoverflow.com/users/20954732/sherif-hammad"},"is_answered":false,"view_count":27,"answer_count":0,"score":0,"last_activity_date":1676415467,"creation_date":1676415467,"question_id":75454009,"content_license":"CC BY-SA 4.0","link":"https://stackoverflow.com/questions/75454009/how-to-make-function-that-calculate-proportion-and-make-plots-on-pandas","title":"how to make function that calculate proportion and make plots on pandas?"},{"tags":["python","python-3.x","flask","flask-login"],"owner":{"account_id":23924894,"reputation":49,"user_id":17920120,"user_type":"registered","profile_image":"https://lh3.googleusercontent.com/a/AATXAJx4mPqouDi5Wyur1w8jNG1048r1I2pbsiYgqAW2=k-s256","display_name":"Brian Rosales","link":"https://stackoverflow.com/users/17920120/brian-rosales"},"is_answered":true,"view_count":97,"answer_count":2,"score":0,"last_activity_date":1676448499,"creation_date":1676415455,"last_edit_date":1676416922,"question_id":75454006,"content_license":"CC BY-SA 4.0","link":"https://stackoverflow.com/questions/75454006/flask-not-able-to-get-put-method-working","title":"Flask- Not able to get PUT method working?"},{"tags":["python","beautifulsoup","replace"],"owner":{"account_id":25361402,"reputation":1,"user_id":19176582,"user_type":"registered","profile_image":"https://www.gravatar.com/avatar/bb28f432fd81866407a062e298b559ad?s=256&d=identicon&r=PG","display_name":"CommonBrit","link":"https://stackoverflow.com/users/19176582/commonbrit"},"is_answered":true,"view_count":60,"answer_count":2,"score":-1,"last_activity_date":1676416964,"creation_date":1676415400,"question_id":75454000,"content_license":"CC BY-SA 4.0","link":"https://stackoverflow.com/questions/75454000/python-extracting-data-from-text-to-use","title":"Python - Extracting data from text to use"},{"tags":["android","google-play","in-app-purchase"],"owner":{"account_id":462386,"reputation":1696,"user_id":864663,"user_type":"registered","accept_rate":64,"profile_image":"https://www.gravatar.com/avatar/808ac96cb009ba241fe54a53246ad540?s=256&d=identicon&r=PG","display_name":"David","link":"https://stackoverflow.com/users/864663/david"},"is_answered":false,"view_count":14,"answer_count":0,"score":0,"last_activity_date":1676415370,"creation_date":1676415370,"question_id":75453998,"content_license":"CC BY-SA 4.0","link":"https://stackoverflow.com/questions/75453998/is-there-a-way-to-cancel-an-iap-for-a-google-play-receipt-if-a-problem-is-realiz","title":"Is there a way to cancel an iAP for a Google Play receipt if a problem is realized in the backend processing?"},{"tags":["python","pandas","matplotlib"],"owner":{"account_id":8187458,"reputation":3823,"user_id":6387095,"user_type":"registered","accept_rate":67,"profile_image":"https://www.gravatar.com/avatar/b0f221f1eb33fc8856a2d606dd780c83?s=256&d=identicon&r=PG&f=y&so-version=2","display_name":"Sid","link":"https://stackoverflow.com/users/6387095/sid"},"is_answered":true,"view_count":11257,"accepted_answer_id":75463602,"answer_count":2,"score":10,"last_activity_date":1679044383,"creation_date":1676415353,"last_edit_date":1679044383,"question_id":75453995,"content_license":"CC BY-SA 4.0","link":"https://stackoverflow.com/questions/75453995/pandas-plot-vars-argument-must-have-dict-attribute","title":"Pandas plot, vars() argument must have __dict__ attribute?"},{"tags":["google-apps-script","google-sheets","google-sheets-formula","syntax-error"],"owner":{"account_id":26261474,"reputation":27,"user_id":19932730,"user_type":"registered","profile_image":"https://lh3.googleusercontent.com/a/AItbvmlBQF8I3743fZSdKC2Tcac5sWlHtsR5iV5GAHo1=k-s256","display_name":"Help_Please","link":"https://stackoverflow.com/users/19932730/help-please"},"is_answered":true,"view_count":61,"accepted_answer_id":75454699,"answer_count":1,"score":2,"last_activity_date":1676426946,"creation_date":1676415327,"last_edit_date":1676423260,"question_id":75453992,"content_license":"CC BY-SA 4.0","link":"https://stackoverflow.com/questions/75453992/google-apps-script-assistance-adding-a-formula","title":"Google Apps Script - Assistance Adding a formula"},{"tags":["html","css"],"owner":{"account_id":17658142,"reputation":728,"user_id":12817213,"user_type":"registered","profile_image":"https://i.stack.imgur.com/vaSv8.png?s=256&g=1","display_name":"Austin Poulson","link":"https://stackoverflow.com/users/12817213/austin-poulson"},"is_answered":true,"view_count":30,"accepted_answer_id":75454574,"answer_count":2,"score":0,"last_activity_date":1676422190,"creation_date":1676415314,"last_edit_date":1676415659,"question_id":75453990,"content_license":"CC BY-SA 4.0","link":"https://stackoverflow.com/questions/75453990/force-text-to-fit-into-a-specific-area-in-a-textarea-input","title":"Force text to fit into a specific area in a textarea input"},{"tags":["django","django-models","django-views","django-forms","django-templates"],"owner":{"account_id":27788144,"reputation":1,"user_id":21215126,"user_type":"registered","profile_image":"https://www.gravatar.com/avatar/4ad30b8894256bcdf9b18427ed8c3887?s=256&d=identicon&r=PG","display_name":"Gray","link":"https://stackoverflow.com/users/21215126/gray"},"is_answered":true,"view_count":44,"answer_count":1,"score":0,"last_activity_date":1676419274,"creation_date":1676415282,"last_edit_date":1676415364,"question_id":75453988,"content_license":"CC BY-SA 4.0","link":"https://stackoverflow.com/questions/75453988/how-to-search-for-exact-values-in-django","title":"How to search for exact values in Django?"},{"tags":["c++","stl","nullptr"],"owner":{"account_id":3230652,"reputation":51,"user_id":2726009,"user_type":"registered","profile_image":"https://www.gravatar.com/avatar/9717575966f1b738779b8f725546541d?s=256&d=identicon&r=PG&f=y&so-version=2","display_name":"rich","link":"https://stackoverflow.com/users/2726009/rich"},"is_answered":true,"view_count":252,"answer_count":1,"score":1,"last_activity_date":1676417565,"creation_date":1676415279,"question_id":75453987,"content_license":"CC BY-SA 4.0","link":"https://stackoverflow.com/questions/75453987/how-to-prevent-stdstring-being-constructed-from-a-nullptr-at-build-time-by-che","title":"How to prevent std::string being constructed from a nullptr at build time by checking the optimized compiler output"},{"tags":["python","replit"],"owner":{"account_id":27788151,"reputation":1,"user_id":21215131,"user_type":"registered","profile_image":"https://lh3.googleusercontent.com/a/AEdFTp7hmHagHzHqI1t8la9KnIjZiOXY_TusiH8aK13RRw=k-s256","display_name":"lia-young-07","link":"https://stackoverflow.com/users/21215131/lia-young-07"},"is_answered":true,"view_count":43,"answer_count":1,"score":-2,"last_activity_date":1676415529,"creation_date":1676415254,"question_id":75453984,"content_license":"CC BY-SA 4.0","link":"https://stackoverflow.com/questions/75453984/i-am-getting-an-error-in-my-python-program-that-seems-to-only-occur-every-now-a","title":"I am getting an error in my Python program, that seems to only occur every now and again"},{"tags":["javascript","css"],"owner":{"account_id":23018307,"reputation":23,"user_id":17139705,"user_type":"registered","profile_image":"https://lh3.googleusercontent.com/a/AATXAJyjbBAuhssYFG-_9G8x55oXdRMiBPFvmPVzVqlm=k-s256","display_name":"foshesco","link":"https://stackoverflow.com/users/17139705/foshesco"},"is_answered":false,"view_count":76,"answer_count":0,"score":0,"last_activity_date":1676415253,"creation_date":1676415253,"question_id":75453983,"content_license":"CC BY-SA 4.0","link":"https://stackoverflow.com/questions/75453983/hover-opacity-change-is-causing-double-tap-on-ios-safari","title":"Hover + Opacity change is causing double tap on iOS safari"},{"tags":["flutter","dart"],"owner":{"account_id":26595850,"reputation":65,"user_id":20218212,"user_type":"registered","profile_image":"https://lh3.googleusercontent.com/a/ALm5wu0yHBivzKArpgnOWJa1-_htJ3H-Gb50Hfd6PLQ53xQ=k-s256","display_name":"duda","link":"https://stackoverflow.com/users/20218212/duda"},"is_answered":true,"view_count":47,"accepted_answer_id":75454219,"answer_count":1,"score":0,"last_activity_date":1676417445,"creation_date":1676415229,"question_id":75453981,"content_license":"CC BY-SA 4.0","link":"https://stackoverflow.com/questions/75453981/datetime-textformfield-flutter-and-firebase","title":"DateTime TextFormField - Flutter and Firebase"},{"tags":["python","turtle-graphics","python-turtle"],"owner":{"account_id":27788145,"reputation":11,"user_id":21215127,"user_type":"registered","profile_image":"https://www.gravatar.com/avatar/c37f352b27bbe000af4de1bf436dc787?s=256&d=identicon&r=PG&f=y&so-version=2","display_name":"LazyByDesign","link":"https://stackoverflow.com/users/21215127/lazybydesign"},"is_answered":false,"view_count":330,"answer_count":1,"score":1,"last_activity_date":1676423605,"creation_date":1676415221,"last_edit_date":1676418657,"question_id":75453979,"content_license":"CC BY-SA 4.0","link":"https://stackoverflow.com/questions/75453979/how-to-make-a-star-where-the-user-has-input-to-how-many-points-the-star-has","title":"How to make a star where the user has input to how many points the star has?"},{"tags":["javascript","arrays"],"owner":{"account_id":10231365,"reputation":2456,"user_id":7551963,"user_type":"registered","accept_rate":86,"profile_image":"https://i.stack.imgur.com/wSA29.png?s=256&g=1","display_name":"Menai Ala Eddine - Aladdin","link":"https://stackoverflow.com/users/7551963/menai-ala-eddine-aladdin"},"is_answered":true,"view_count":35,"accepted_answer_id":75454102,"answer_count":1,"score":-1,"last_activity_date":1676416325,"creation_date":1676415160,"question_id":75453975,"content_license":"CC BY-SA 4.0","link":"https://stackoverflow.com/questions/75453975/how-the-find-the-symtric-difference-between-several-arrays-using-filter-and-redu","title":"How the find the symtric difference between several arrays using filter and reduce?"},{"tags":["pascal"],"owner":{"account_id":3811119,"reputation":1897,"user_id":3161924,"user_type":"registered","accept_rate":58,"profile_image":"https://www.gravatar.com/avatar/d03f0aeb613309092ae3e7dfc8807631?s=256&d=identicon&r=PG&f=y&so-version=2","display_name":"user3161924","link":"https://stackoverflow.com/users/3161924/user3161924"},"is_answered":false,"view_count":54,"answer_count":0,"score":0,"last_activity_date":1676445198,"creation_date":1676415096,"last_edit_date":1676445198,"question_id":75453971,"content_license":"CC BY-SA 4.0","link":"https://stackoverflow.com/questions/75453971/compare-pointers-in-virtual-pascal","title":"Compare Pointers in Virtual Pascal"},{"tags":["python","smtplib"],"owner":{"account_id":16411556,"reputation":65,"user_id":11854707,"user_type":"registered","profile_image":"https://lh6.googleusercontent.com/-MkP0UDRK_yI/AAAAAAAAAAI/AAAAAAAAAAA/ACHi3rd7FZFkKAhb_sIOUmzT38b-QC3Ruw/photo.jpg?sz=256","display_name":"Starboi","link":"https://stackoverflow.com/users/11854707/starboi"},"is_answered":false,"view_count":323,"answer_count":0,"score":0,"last_activity_date":1676415018,"creation_date":1676415018,"question_id":75453961,"content_license":"CC BY-SA 4.0","link":"https://stackoverflow.com/questions/75453961/how-to-resolve-the-unable-to-relay-recipient-in-non-accepted-domain-error-usin","title":"How to resolve the &#39;Unable to relay recipient in non-accepted domain&#39; error using smtplib?"},{"tags":["html","css"],"owner":{"account_id":27785320,"reputation":1,"user_id":21212903,"user_type":"registered","profile_image":"https://www.gravatar.com/avatar/592e3b354c95c55df381be2e8b745598?s=256&d=identicon&r=PG","display_name":"abbyg","link":"https://stackoverflow.com/users/21212903/abbyg"},"is_answered":false,"view_count":38,"answer_count":1,"score":0,"last_activity_date":1676415751,"creation_date":1676414929,"question_id":75453958,"content_license":"CC BY-SA 4.0","link":"https://stackoverflow.com/questions/75453958/opacity-gradient-background-colour","title":"Opacity gradient background colour"},{"tags":["javascript","arrays","json"],"owner":{"account_id":387104,"reputation":1642,"user_id":745262,"user_type":"registered","accept_rate":55,"profile_image":"https://i.stack.imgur.com/U0IYy.jpg?s=256&g=1","display_name":"SirBT","link":"https://stackoverflow.com/users/745262/sirbt"},"is_answered":true,"view_count":63,"accepted_answer_id":75457143,"answer_count":3,"score":1,"last_activity_date":1676449782,"creation_date":1676414921,"question_id":75453957,"content_license":"CC BY-SA 4.0","link":"https://stackoverflow.com/questions/75453957/why-am-i-not-able-to-loop-through-my-json-file","title":"Why am I not able to loop through my JSON file?"},{"tags":["c#","visual-studio","compiler-errors","visual-studio-2022","live-unit-tests"],"owner":{"account_id":17411364,"reputation":33,"user_id":12618518,"user_type":"registered","profile_image":"https://www.gravatar.com/avatar/fe4ed124037d74ec0e4545eca965e94e?s=256&d=identicon&r=PG&f=y&so-version=2","display_name":"Manish M","link":"https://stackoverflow.com/users/12618518/manish-m"},"is_answered":true,"view_count":205,"accepted_answer_id":75456015,"answer_count":1,"score":2,"last_activity_date":1676440887,"creation_date":1676414898,"question_id":75453955,"content_license":"CC BY-SA 4.0","link":"https://stackoverflow.com/questions/75453955/how-can-i-ignore-obsolete-type-errors-when-running-live-unit-testing-in-vs-2022","title":"How can I ignore obsolete type errors when running Live Unit Testing in VS 2022 enterprise?"},{"tags":["asp.net-core","github-actions"],"owner":{"account_id":93997,"reputation":426,"user_id":256885,"user_type":"registered","profile_image":"https://www.gravatar.com/avatar/92d473f58e07451c47e6f1bc59ff8cea?s=256&d=identicon&r=PG","display_name":"JiffyLueb","link":"https://stackoverflow.com/users/256885/jiffylueb"},"is_answered":true,"view_count":1744,"answer_count":5,"score":5,"last_activity_date":1680179431,"creation_date":1676414882,"last_edit_date":1676554416,"question_id":75453953,"content_license":"CC BY-SA 4.0","link":"https://stackoverflow.com/questions/75453953/how-to-fix-github-actions-dotnet-publish-workflow-error-the-output-option-i","title":"How to fix Github Actions dotnet publish workflow error: The &quot;--output&quot; option isn&#39;t supported when building a solution"},{"tags":["php","email","email-validation","sanitization"],"owner":{"account_id":4180263,"reputation":1315,"user_id":3425506,"user_type":"registered","accept_rate":100,"profile_image":"https://www.gravatar.com/avatar/9e4712e92b9c2749d94f692b2c18c3a1?s=256&d=identicon&r=PG&f=y&so-version=2","display_name":"user3425506","link":"https://stackoverflow.com/users/3425506/user3425506"},"is_answered":true,"view_count":153,"answer_count":1,"score":0,"last_activity_date":1676419639,"creation_date":1676414864,"question_id":75453951,"content_license":"CC BY-SA 4.0","link":"https://stackoverflow.com/questions/75453951/sanitizing-email-addresses-filter-var-filter-sanitize-email-vs-htmlentities","title":"Sanitizing email addresses: filter_var() / FILTER_SANITIZE_EMAIL vs htmlentities()"},{"tags":["sql","indexing","text","syntax"],"owner":{"account_id":13024545,"reputation":33,"user_id":20442930,"user_type":"registered","profile_image":"https://www.gravatar.com/avatar/c5ff7ecd1cae3989b09c33c7c1459429?s=256&d=identicon&r=PG","display_name":"ben","link":"https://stackoverflow.com/users/20442930/ben"},"is_answered":true,"view_count":30,"accepted_answer_id":75464569,"answer_count":1,"score":1,"last_activity_date":1676526515,"creation_date":1676414852,"last_edit_date":1676526423,"question_id":75453949,"content_license":"CC BY-SA 4.0","link":"https://stackoverflow.com/questions/75453949/is-it-possible-to-use-text-for-sql-indexing","title":"Is it possible to use Text for SQL Indexing"},{"tags":["c++","r","rcpp"],"owner":{"account_id":17794704,"reputation":1,"user_id":12922811,"user_type":"registered","profile_image":"https://lh3.googleusercontent.com/a-/AAuE7mDKH11JXQlYA-AO8qKcQtbdGM9DxM_VxYDCT-L3mg=k-s256","display_name":"daniel souza","link":"https://stackoverflow.com/users/12922811/daniel-souza"},"is_answered":true,"view_count":108,"answer_count":1,"score":0,"last_activity_date":1676418062,"creation_date":1676414842,"question_id":75453948,"content_license":"CC BY-SA 4.0","link":"https://stackoverflow.com/questions/75453948/sort-an-array-using-c-in-r","title":"Sort an Array using C++ in R"},{"tags":["shiny","shinydashboard","reactive","shinyapps","golem"],"owner":{"account_id":10043107,"reputation":1082,"user_id":7425379,"user_type":"registered","profile_image":"https://www.gravatar.com/avatar/f1c896d82684b0beb97da62c205df88a?s=256&d=identicon&r=PG&f=y&so-version=2","display_name":"GaB","link":"https://stackoverflow.com/users/7425379/gab"},"is_answered":true,"view_count":78,"accepted_answer_id":75982910,"answer_count":1,"score":0,"last_activity_date":1681194009,"creation_date":1676414837,"last_edit_date":1681193915,"question_id":75453946,"content_license":"CC BY-SA 4.0","link":"https://stackoverflow.com/questions/75453946/why-i-do-not-get-my-data-under-the-load-data-panel","title":"Why I do not get my data under the Load Data Panel?"},{"tags":["java","multithreading","concurrency","volatile","java-memory-model"],"owner":{"account_id":27405143,"reputation":33,"user_id":20905944,"user_type":"registered","profile_image":"https://lh3.googleusercontent.com/a/AEdFTp5GYKr8JJUTPIUshO4fSRHNzYUaejIWJtkFO9MN=k-s256","display_name":"Layosh M","link":"https://stackoverflow.com/users/20905944/layosh-m"},"is_answered":true,"view_count":117,"accepted_answer_id":75454851,"answer_count":1,"score":2,"last_activity_date":1676443739,"creation_date":1676414814,"last_edit_date":1676417323,"question_id":75453944,"content_license":"CC BY-SA 4.0","link":"https://stackoverflow.com/questions/75453944/volatile-happens-before-clarification-misunderstanding","title":"Volatile happens-before clarification/misunderstanding?"}],"has_more":true,"quota_max":300,"quota_remaining":291}