{"items":[{"tags":["python","pyyaml","ruamel.yaml"],"owner":{"account_id":16042183,"reputation":143,"user_id":11578345,"user_type":"registered","profile_image":"https://lh3.googleusercontent.com/-xLXmQ_y8-DY/AAAAAAAAAAI/AAAAAAAAAAA/ACHi3rfgJMg1CyNqwf6Ppbqr-XgQeMY2ww/mo/photo.jpg?sz=256","display_name":"Harry Whitnear","link":"https://stackoverflow.com/users/11578345/harry-whitnear"},"is_answered":true,"view_count":725,"accepted_answer_id":76334574,"answer_count":1,"score":0,"last_activity_date":1685034226,"creation_date":1685030392,"question_id":76334248,"content_license":"CC BY-SA 4.0","link":"https://stackoverflow.com/questions/76334248/what-is-the-ruamel-yaml-alternative-to-pyyamls-loader-fullloader","title":"what is the ruamel.yaml alternative to pyyaml&#39;s loader=FullLoader"},{"tags":["css","reactjs","next.js","material-ui","tailwind-css"],"owner":{"account_id":20209201,"reputation":21,"user_id":14822653,"user_type":"registered","profile_image":"https://www.gravatar.com/avatar/14959f457af1db1cf91184738631e080?s=256&d=identicon&r=PG&f=y&so-version=2","display_name":"Ayush Kumar","link":"https://stackoverflow.com/users/14822653/ayush-kumar"},"is_answered":false,"view_count":478,"answer_count":1,"score":1,"last_activity_date":1700733784,"creation_date":1685030367,"question_id":76334243,"content_license":"CC BY-SA 4.0","link":"https://stackoverflow.com/questions/76334243/using-mui-with-tailwindcss-and-nextjs-how-to-fix-transparent-button-problem-w","title":"Using MUI with Tailwindcss (and NextJS). How to fix transparent button problem while still keep using tailwindcss preflight"},{"tags":["git"],"owner":{"account_id":84801,"reputation":3109,"user_id":236835,"user_type":"registered","accept_rate":38,"profile_image":"https://www.gravatar.com/avatar/39004ab08c3113f5fdae6e70fbd0330e?s=256&d=identicon&r=PG","display_name":"Marten Bauer","link":"https://stackoverflow.com/users/236835/marten-bauer"},"is_answered":true,"view_count":31,"accepted_answer_id":76334317,"answer_count":1,"score":1,"last_activity_date":1685030963,"creation_date":1685030339,"question_id":76334240,"content_license":"CC BY-SA 4.0","link":"https://stackoverflow.com/questions/76334240/git-find-restore-a-unknown-deleted-file-in-a-known-folder","title":"Git find/restore a unknown deleted file in a known folder?"},{"tags":["excel","powerbi","dax","m"],"owner":{"account_id":17761462,"reputation":155,"user_id":12897374,"user_type":"registered","profile_image":"https://www.gravatar.com/avatar/0e5e459153c21a2afbc1b0c396c628d5?s=256&d=identicon&r=PG&f=y&so-version=2","display_name":"Steel8","link":"https://stackoverflow.com/users/12897374/steel8"},"is_answered":true,"view_count":33,"answer_count":2,"score":0,"last_activity_date":1685042462,"creation_date":1685030292,"question_id":76334236,"content_license":"CC BY-SA 4.0","link":"https://stackoverflow.com/questions/76334236/is-there-a-way-i-can-filter-values-of-two-tables-in-powerbi-and-then-do-aggregat","title":"Is there a way I can filter values of two tables in PowerBI and then do aggregation such as getting the percentages/ratio"},{"tags":["postgresql"],"owner":{"account_id":28680028,"reputation":3,"user_id":21961397,"user_type":"registered","profile_image":"https://lh3.googleusercontent.com/a/AAcHTteS3D2hrJO_-OeIoVDEgUHXonzaUuDH1ltoxZf0_Q=k-s256","display_name":"Юра Ким","link":"https://stackoverflow.com/users/21961397/%d0%ae%d1%80%d0%b0-%d0%9a%d0%b8%d0%bc"},"is_answered":true,"view_count":414,"closed_date":1685103745,"accepted_answer_id":76334994,"answer_count":1,"score":0,"last_activity_date":1685036759,"creation_date":1685030281,"question_id":76334234,"link":"https://stackoverflow.com/questions/76334234/postgre-is-of-type-date-but-expression-is-of-type-text","closed_reason":"Duplicate","title":"Postgre, is of type date but expression is of type text"},{"tags":["python","numpy","jax","automatic-differentiation","autodiff"],"owner":{"account_id":391272,"reputation":75,"user_id":751842,"user_type":"registered","profile_image":"https://www.gravatar.com/avatar/ede98f50ee6d5ea782504aaebe9b34d0?s=256&d=identicon&r=PG","display_name":"Ian Holmes","link":"https://stackoverflow.com/users/751842/ian-holmes"},"is_answered":true,"view_count":312,"accepted_answer_id":76336760,"answer_count":1,"score":1,"last_activity_date":1685056515,"creation_date":1685030245,"last_edit_date":1685051254,"question_id":76334231,"content_license":"CC BY-SA 4.0","link":"https://stackoverflow.com/questions/76334231/how-can-i-implement-a-vmappable-sum-over-a-dynamic-range-in-jax","title":"How can I implement a vmappable sum over a dynamic range in Jax?"},{"tags":["iis","application-pool","change-password"],"owner":{"account_id":4441435,"reputation":35,"user_id":3615899,"user_type":"registered","profile_image":"https://www.gravatar.com/avatar/cab3cea96a3b8f02ba4be3be4a92f50b?s=256&d=identicon&r=PG&f=y&so-version=2","display_name":"Tam&#225;s Somogyi","link":"https://stackoverflow.com/users/3615899/tam%c3%a1s-somogyi"},"is_answered":false,"view_count":173,"answer_count":0,"score":0,"last_activity_date":1685030232,"creation_date":1685030232,"question_id":76334226,"content_license":"CC BY-SA 4.0","link":"https://stackoverflow.com/questions/76334226/password-reset-for-iis-application-pool-identity","title":"Password reset for IIS application pool identity"},{"tags":["python","web-scraping","beautifulsoup"],"owner":{"account_id":24661917,"reputation":1,"user_id":18558045,"user_type":"registered","profile_image":"https://www.gravatar.com/avatar/543ab3e76fabd67da819bb1fbe1a41cc?s=256&d=identicon&r=PG","display_name":"ismailk","link":"https://stackoverflow.com/users/18558045/ismailk"},"is_answered":false,"view_count":27,"answer_count":1,"score":-1,"last_activity_date":1685030956,"creation_date":1685030219,"last_edit_date":1685030956,"question_id":76334221,"content_license":"CC BY-SA 4.0","link":"https://stackoverflow.com/questions/76334221/how-to-get-a-value-out-of-bs4","title":"How to get a value out of bs4"},{"tags":["java","maven","testng","maven-surefire-plugin"],"owner":{"account_id":21237877,"reputation":79,"user_id":15621824,"user_type":"registered","profile_image":"https://www.gravatar.com/avatar/54c43dec32cf675ca2b12c8f27396714?s=256&d=identicon&r=PG&f=y&so-version=2","display_name":"Alexb1999","link":"https://stackoverflow.com/users/15621824/alexb1999"},"is_answered":false,"view_count":121,"answer_count":2,"score":0,"last_activity_date":1685095450,"creation_date":1685030192,"last_edit_date":1685089439,"question_id":76334216,"content_license":"CC BY-SA 4.0","link":"https://stackoverflow.com/questions/76334216/testng-test-not-running-via-command-line","title":"TestNG test not running via command line"},{"tags":["arcgis","esri"],"owner":{"account_id":15838169,"reputation":1,"user_id":11427455,"user_type":"registered","profile_image":"https://www.gravatar.com/avatar/46c062d80faed4b0928e03e1b42918d4?s=256&d=identicon&r=PG&f=y&so-version=2","display_name":"manogna","link":"https://stackoverflow.com/users/11427455/manogna"},"is_answered":false,"view_count":77,"answer_count":0,"score":0,"last_activity_date":1685030164,"creation_date":1685030164,"question_id":76334212,"content_license":"CC BY-SA 4.0","link":"https://stackoverflow.com/questions/76334212/how-do-i-convert-a-json-url-to-features-in-arcgis-pro","title":"How do I convert a JSON URL to features in ArcGIS Pro?"},{"tags":["java","c#","encoding","base64","tobase64string"],"owner":{"account_id":4455768,"reputation":177,"user_id":12810685,"user_type":"registered","profile_image":"https://lh3.googleusercontent.com/-EJnZkBJCf5g/AAAAAAAAAAI/AAAAAAAAAAA/ACHi3reDJ0jN3BLNVQm8fhQf8M3Etf-80Q/photo.jpg?sz=256","display_name":"Fazla Elahi Md Jubayer","link":"https://stackoverflow.com/users/12810685/fazla-elahi-md-jubayer"},"is_answered":false,"view_count":81,"answer_count":2,"score":0,"last_activity_date":1685040289,"creation_date":1685030163,"last_edit_date":1685031859,"question_id":76334211,"content_license":"CC BY-SA 4.0","link":"https://stackoverflow.com/questions/76334211/base64-encode-giving-me-different-value-for-c-and-java","title":"Base64 Encode giving me different value for c# and java"},{"tags":["python","psycopg3"],"owner":{"account_id":1526399,"reputation":727,"user_id":1424729,"user_type":"registered","accept_rate":7,"profile_image":"https://i.stack.imgur.com/UGvPS.png?s=256&g=1","display_name":"Dmitry","link":"https://stackoverflow.com/users/1424729/dmitry"},"is_answered":false,"view_count":537,"answer_count":1,"score":0,"last_activity_date":1698250274,"creation_date":1685030138,"last_edit_date":1685355500,"question_id":76334209,"content_license":"CC BY-SA 4.0","link":"https://stackoverflow.com/questions/76334209/connections-leak-from-a-psycopg-connection-pool","title":"Connections leak from a Psycopg connection pool"},{"tags":["android","android-jetpack-compose","android-camera","android-camera-intent"],"owner":{"account_id":6497011,"reputation":31,"user_id":5029292,"user_type":"registered","profile_image":"https://www.gravatar.com/avatar/4ee0b07246a1deaf49a61f0715ff6e46?s=256&d=identicon&r=PG&f=y&so-version=2","display_name":"92sandeor","link":"https://stackoverflow.com/users/5029292/92sandeor"},"is_answered":false,"view_count":119,"answer_count":0,"score":0,"last_activity_date":1685030138,"creation_date":1685030138,"question_id":76334208,"content_license":"CC BY-SA 4.0","link":"https://stackoverflow.com/questions/76334208/take-photo-of-certain-size-with-compose","title":"Take photo of certain size with Compose"},{"tags":["python","python-3.x","variables","syntax-error","global-variables"],"owner":{"account_id":27451430,"reputation":1,"user_id":20943614,"user_type":"registered","profile_image":"https://www.gravatar.com/avatar/86136116c304cb27edbc2ea1adf1650a?s=256&d=identicon&r=PG","display_name":"omardabookwyrm","link":"https://stackoverflow.com/users/20943614/omardabookwyrm"},"is_answered":false,"view_count":175,"answer_count":1,"score":0,"last_activity_date":1685030269,"creation_date":1685030108,"question_id":76334204,"content_license":"CC BY-SA 4.0","link":"https://stackoverflow.com/questions/76334204/syntaxerror-name-retry-is-assigned-to-before-global-declaration","title":"SyntaxError: name &#39;retry&#39; is assigned to before global declaration"},{"tags":["c#","c++","linux","enums","dllimport"],"owner":{"account_id":2539910,"reputation":1066,"user_id":2205930,"user_type":"registered","accept_rate":63,"profile_image":"https://www.gravatar.com/avatar/4659ab6b4bcb3fbf3c0c671571d728bf?s=256&d=identicon&r=PG","display_name":"user2205930","link":"https://stackoverflow.com/users/2205930/user2205930"},"is_answered":false,"view_count":53,"answer_count":0,"score":0,"last_activity_date":1685040121,"creation_date":1685030098,"last_edit_date":1685040121,"question_id":76334202,"content_license":"CC BY-SA 4.0","link":"https://stackoverflow.com/questions/76334202/return-c-enum-to-c-double-free-tcache-2-error","title":"Return C++ enum to C# - double free tcache 2 error"},{"tags":["if-statement"],"owner":{"account_id":19363227,"reputation":11,"user_id":14158092,"user_type":"registered","profile_image":"https://lh3.googleusercontent.com/a-/AOh14GiBuwpDdiwAX0PimA1G3dkhte8IPOndyEMWE1n7vw=k-s256","display_name":"HelloItsME","link":"https://stackoverflow.com/users/14158092/helloitsme"},"is_answered":false,"view_count":10,"answer_count":0,"score":0,"last_activity_date":1685030165,"creation_date":1685030089,"last_edit_date":1685030165,"question_id":76334201,"content_license":"CC BY-SA 4.0","link":"https://stackoverflow.com/questions/76334201/if-statement-in-power-bi-colors","title":"If Statement in Power BI - Colors"},{"tags":["matlab","raster","geography"],"owner":{"account_id":28679982,"reputation":1,"user_id":21961364,"user_type":"registered","profile_image":"https://lh3.googleusercontent.com/a/AAcHTtcXgP0LSK5Rd1-zsR3S_5TDqu5y-_j1tHhruL1pKA=k-s256","display_name":"smallstar","link":"https://stackoverflow.com/users/21961364/smallstar"},"is_answered":false,"view_count":160,"answer_count":0,"score":0,"last_activity_date":1685068060,"creation_date":1685030069,"last_edit_date":1685068060,"question_id":76334199,"content_license":"CC BY-SA 4.0","link":"https://stackoverflow.com/questions/76334199/matlab-index-exceeds-the-number-of-array-elements-index-must-not-exceed-0","title":"MATLAB: Index exceeds the number of array elements. Index must not exceed 0"},{"tags":["typescript","vue.js","azure-ad-msal","quasar-framework"],"owner":{"account_id":22356987,"reputation":3,"user_id":16574086,"user_type":"registered","profile_image":"https://lh3.googleusercontent.com/a/AATXAJwNPfme8gN-rth2iHLUTUOgoRN2VGeGUQsRfpXd=k-s256","display_name":"Anniel Marrero","link":"https://stackoverflow.com/users/16574086/anniel-marrero"},"is_answered":false,"view_count":259,"answer_count":0,"score":0,"last_activity_date":1685030052,"creation_date":1685030052,"question_id":76334194,"content_license":"CC BY-SA 4.0","link":"https://stackoverflow.com/questions/76334194/how-to-acquire-a-token-when-it-expires-using-msal-in-vue-3-composition-api","title":"How to acquire a token when it expires using MSAL in Vue 3 + composition api"},{"tags":["javascript","vue.js","vuejs2","vuejs3","fragment"],"owner":{"account_id":6063545,"reputation":4298,"user_id":4734657,"user_type":"registered","profile_image":"https://lh3.googleusercontent.com/-UmXW9nvCYS4/AAAAAAAAAAI/AAAAAAAAAAA/ivPLFtSWAG4/photo.jpg?sz=256","display_name":"SirPeople","link":"https://stackoverflow.com/users/4734657/sirpeople"},"is_answered":false,"view_count":54,"answer_count":0,"score":0,"last_activity_date":1685029999,"creation_date":1685029999,"question_id":76334190,"content_license":"CC BY-SA 4.0","link":"https://stackoverflow.com/questions/76334190/dynamically-switch-between-component-or-template","title":"Dynamically switch between component or `template`"},{"tags":["error-handling","quarkus","kie","kogito"],"owner":{"account_id":4255464,"reputation":160,"user_id":6417045,"user_type":"registered","profile_image":"https://www.gravatar.com/avatar/af4e9a8d16ff803ddf1c8a61df20acd5?s=256&d=identicon&r=PG","display_name":"pvsfair","link":"https://stackoverflow.com/users/6417045/pvsfair"},"is_answered":false,"view_count":178,"answer_count":0,"score":0,"last_activity_date":1685032865,"creation_date":1685029999,"last_edit_date":1685032865,"question_id":76334189,"content_license":"CC BY-SA 4.0","link":"https://stackoverflow.com/questions/76334189/throw-an-error-from-subprocess-to-main-process-without-aborting-any-process","title":"Throw an error from subprocess to main process without aborting any process"},{"tags":["data-pipeline","azkaban"],"owner":{"account_id":19483984,"reputation":69,"user_id":14253710,"user_type":"registered","profile_image":"https://lh3.googleusercontent.com/a-/AOh14Gge5zJXewb6Ljublqx9_-JT_yYPYyGfQE8dO3SCZA=k-s256","display_name":"Bora &#199;olakoğlu","link":"https://stackoverflow.com/users/14253710/bora-%c3%87olako%c4%9flu"},"is_answered":false,"view_count":21,"answer_count":0,"score":0,"last_activity_date":1685029987,"creation_date":1685029987,"question_id":76334188,"content_license":"CC BY-SA 4.0","link":"https://stackoverflow.com/questions/76334188/is-it-possible-to-configure-dependencies-in-azkaban-to-start-a-job-after-complet","title":"Is it possible to configure dependencies in Azkaban to start a job after completion of either Job A or Job B, without requiring both of them to finish"},{"tags":["azure-devops","continuous-integration","semantic-versioning","continuous-delivery","conventional-commits"],"owner":{"account_id":18451806,"reputation":95,"user_id":13441700,"user_type":"registered","profile_image":"https://lh6.googleusercontent.com/-_8zo5GYeG24/AAAAAAAAAAI/AAAAAAAAAAA/AAKWJJPxsnG5rMW1Wfnx5gzHiRHr3AOK-Q/photo.jpg?sz=256","display_name":"David Coxsey","link":"https://stackoverflow.com/users/13441700/david-coxsey"},"is_answered":false,"view_count":277,"answer_count":1,"score":1,"last_activity_date":1685742392,"creation_date":1685029983,"question_id":76334187,"content_license":"CC BY-SA 4.0","link":"https://stackoverflow.com/questions/76334187/when-should-you-update-release-notes-changelogs","title":"When should you update release notes/changelogs?"},{"tags":["python-3.x","macos","pdf","ghostscript","python-camelot"],"owner":{"account_id":28679623,"reputation":1,"user_id":21961074,"user_type":"registered","profile_image":"https://lh3.googleusercontent.com/a/AAcHTtd3O0NnuTx8cyAWRCrmfKQvbpqVGINu2Q7Ste9k8w=k-s256","display_name":"MAYANK GARG","link":"https://stackoverflow.com/users/21961074/mayank-garg"},"is_answered":false,"view_count":162,"answer_count":0,"score":0,"last_activity_date":1685336639,"creation_date":1685029982,"last_edit_date":1685336639,"question_id":76334186,"content_license":"CC BY-SA 4.0","link":"https://stackoverflow.com/questions/76334186/oserror-tried-libssl-so-no-such-file-during-handling-of-the-above-exceptio","title":"OSError: tried: &#39;libssl.so&#39; (no such file),During handling of the above exception raise RuntimeError(&quot;Please make sure that Ghostscript is installed&quot;"},{"tags":["django","devops","hosting","nginx-config"],"owner":{"account_id":16614583,"reputation":3,"user_id":12006638,"user_type":"registered","profile_image":"https://lh3.googleusercontent.com/a-/AAuE7mDygY95BCul80t3HfNWbhuxA1IP_a8wyPKp2ax6=k-s256","display_name":"Muhammad Nawaz","link":"https://stackoverflow.com/users/12006638/muhammad-nawaz"},"is_answered":false,"view_count":50,"answer_count":1,"score":0,"last_activity_date":1685083766,"creation_date":1685029980,"question_id":76334185,"content_license":"CC BY-SA 4.0","link":"https://stackoverflow.com/questions/76334185/is-it-possible-to-access-both-my-django-project-and-nginx-server-on-a-single-por","title":"Is it possible to access both my Django project and Nginx Server on a single port forwarding?"},{"tags":["makefile","embedded-linux","header-files","kernel-module"],"owner":{"account_id":2722460,"reputation":1,"user_id":2348447,"user_type":"registered","profile_image":"https://www.gravatar.com/avatar/ff2ad8575851e2d85bc6107a86e107b2?s=256&d=identicon&r=PG","display_name":"user2348447","link":"https://stackoverflow.com/users/2348447/user2348447"},"is_answered":false,"view_count":27,"answer_count":0,"score":0,"last_activity_date":1685721375,"creation_date":1685029929,"last_edit_date":1685721375,"question_id":76334178,"content_license":"CC BY-SA 4.0","link":"https://stackoverflow.com/questions/76334178/proper-pathing-for-an-embedded-include-file","title":"Proper pathing for an embedded include file"},{"tags":["python","python-3.x","image-processing","imagefilter"],"owner":{"account_id":22695109,"reputation":23,"user_id":16864055,"user_type":"registered","profile_image":"https://lh3.googleusercontent.com/a-/AOh14GjPzarEmIauSgT5eSAHgsnzvOi-NbGC7nSkX7q5vA=k-s256","display_name":"SkarmArri","link":"https://stackoverflow.com/users/16864055/skarmarri"},"is_answered":true,"view_count":123,"accepted_answer_id":76345983,"answer_count":1,"score":2,"last_activity_date":1685175776,"creation_date":1685029899,"question_id":76334174,"content_license":"CC BY-SA 4.0","link":"https://stackoverflow.com/questions/76334174/why-is-my-speckle-lee-filter-adding-noise-instead-of-reducing-noise","title":"Why is my Speckle (Lee Filter) adding noise instead of reducing noise?"},{"tags":["r","geospatial","r-sf","centroid"],"owner":{"account_id":8740718,"reputation":1871,"user_id":6537892,"user_type":"registered","profile_image":"https://i.stack.imgur.com/DEFs2.png?s=256&g=1","display_name":"pietrodito","link":"https://stackoverflow.com/users/6537892/pietrodito"},"is_answered":true,"view_count":99,"accepted_answer_id":76335224,"answer_count":1,"score":0,"last_activity_date":1685039472,"creation_date":1685029886,"question_id":76334169,"content_license":"CC BY-SA 4.0","link":"https://stackoverflow.com/questions/76334169/how-to-compute-the-weighted-centroid-of-multiple-st-points-with-the-spatialeco-p","title":"How to compute the weighted centroid of multiple st_points with the spatialEco package?"},{"tags":["pandas","select","type-conversion"],"owner":{"account_id":1893897,"reputation":4865,"user_id":1711271,"user_type":"registered","accept_rate":87,"profile_image":"https://www.gravatar.com/avatar/593c2d4f4372384ae06efe0d991fa184?s=256&d=identicon&r=PG","display_name":"DeltaIV","link":"https://stackoverflow.com/users/1711271/deltaiv"},"is_answered":false,"view_count":97,"answer_count":0,"score":1,"last_activity_date":1685029868,"creation_date":1685029868,"question_id":76334168,"content_license":"CC BY-SA 4.0","link":"https://stackoverflow.com/questions/76334168/convert-all-columns-of-a-dataframe-of-a-certain-type-to-another-type","title":"Convert all columns of a dataframe of a certain type to another type"},{"tags":["c++","c","c++14","misra","autosar"],"owner":{"account_id":7638213,"reputation":585,"user_id":5791141,"user_type":"registered","profile_image":"https://www.gravatar.com/avatar/48e5e4ea05ffdde9083c1905365b5729?s=256&d=identicon&r=PG&f=y&so-version=2","display_name":"foreverska","link":"https://stackoverflow.com/users/5791141/foreverska"},"is_answered":false,"view_count":211,"answer_count":0,"score":2,"last_activity_date":1685044513,"creation_date":1685029861,"last_edit_date":1685044513,"question_id":76334167,"content_license":"CC BY-SA 4.0","link":"https://stackoverflow.com/questions/76334167/autosar-c14-compliant-c-interface","title":"Autosar C++14 compliant C interface"},{"tags":["authentication","next.js","middleware","next-auth"],"owner":{"account_id":26529604,"reputation":11,"user_id":20162012,"user_type":"registered","profile_image":"https://www.gravatar.com/avatar/76c4491e3f262a36bb75978680617557?s=256&d=identicon&r=PG","display_name":"ponwock","link":"https://stackoverflow.com/users/20162012/ponwock"},"is_answered":true,"view_count":30,"accepted_answer_id":76334591,"answer_count":1,"score":0,"last_activity_date":1685033319,"creation_date":1685029843,"question_id":76334166,"content_license":"CC BY-SA 4.0","link":"https://stackoverflow.com/questions/76334166/next-auth-middleware-disables-register-page-for-non-authenticated-users","title":"Next-Auth Middleware Disables Register Page for Non-authenticated users"}],"has_more":true,"quota_max":300,"quota_remaining":129}