{"items":[{"tags":["database","wordpress","categories","bulk"],"owner":{"account_id":28797717,"reputation":21,"user_id":22055478,"user_type":"registered","profile_image":"https://lh3.googleusercontent.com/a/AAcHTtcA5Sd_NZ8uXvKJDZ9Gz_DGNawaERKQtpZ5KunM=k-s256","display_name":"Luca Spinelli","link":"https://stackoverflow.com/users/22055478/luca-spinelli"},"is_answered":true,"view_count":70,"accepted_answer_id":76457578,"answer_count":2,"score":1,"last_activity_date":1686579650,"creation_date":1686477588,"question_id":76449950,"content_license":"CC BY-SA 4.0","link":"https://stackoverflow.com/questions/76449950/ive-thousands-of-articles-and-i-want-to-set-a-category-for-them-via-a-db-query","title":"I&#39;ve thousands of articles and i want to set a category for them via a db query"},{"tags":["imgur"],"owner":{"account_id":91808,"reputation":3401,"user_id":251914,"user_type":"registered","accept_rate":43,"profile_image":"https://www.gravatar.com/avatar/8809800aec2460f291384b794d7e6f8f?s=256&d=identicon&r=PG","display_name":"Rick","link":"https://stackoverflow.com/users/251914/rick"},"is_answered":false,"view_count":20,"answer_count":0,"score":1,"last_activity_date":1686477587,"creation_date":1686477587,"question_id":76449949,"content_license":"CC BY-SA 4.0","link":"https://stackoverflow.com/questions/76449949/imgur-api-is-there-a-way-to-pre-name-an-image-to-be-uploaded-later","title":"Imgur API: Is there a way to pre-name an image to be uploaded later?"},{"tags":["google-apps-script"],"owner":{"account_id":28797658,"reputation":1,"user_id":22055431,"user_type":"registered","profile_image":"https://i.stack.imgur.com/TqB3o.jpg?s=256&g=1","display_name":"xxue","link":"https://stackoverflow.com/users/22055431/xxue"},"is_answered":false,"view_count":27,"answer_count":0,"score":0,"last_activity_date":1686477579,"creation_date":1686477579,"question_id":76449948,"content_license":"CC BY-SA 4.0","link":"https://stackoverflow.com/questions/76449948/getting-a-500-error-when-clicking-the-back-to-index-button-in-my-google-apps-s","title":"Getting a 500 error when clicking the &quot;Back to Index&quot; button in my Google Apps Script web application"},{"tags":["amazon-web-services","build","http-status-code-404","next.js13"],"owner":{"account_id":28228890,"reputation":1,"user_id":21578435,"user_type":"registered","profile_image":"https://i.stack.imgur.com/rddpb.jpg?s=256&g=1","display_name":"Muhammad Umair","link":"https://stackoverflow.com/users/21578435/muhammad-umair"},"is_answered":false,"view_count":57,"answer_count":0,"score":0,"last_activity_date":1686477540,"creation_date":1686477540,"question_id":76449945,"content_license":"CC BY-SA 4.0","link":"https://stackoverflow.com/questions/76449945/page-refresh-404-error-in-next-js-13-4-version-after-deploy-on-aws-and-where-is","title":"Page refresh 404 error in Next.js 13.4 version after deploy on AWS and Where is the actual build folder for deployemnt"},{"tags":["android","android-studio","gradle","build","build.gradle"],"owner":{"account_id":10470352,"reputation":679,"user_id":7738516,"user_type":"registered","profile_image":"https://i.stack.imgur.com/7FPuz.jpg?s=256&g=1","display_name":"Vishnu Satheesh","link":"https://stackoverflow.com/users/7738516/vishnu-satheesh"},"is_answered":false,"view_count":730,"answer_count":1,"score":1,"last_activity_date":1693495844,"creation_date":1686477498,"question_id":76449942,"content_license":"CC BY-SA 4.0","link":"https://stackoverflow.com/questions/76449942/android-studio-gradle-sync-and-build-taking-too-much-time","title":"Android Studio Gradle sync and build taking too much time"},{"tags":["ocaml","foldleft"],"owner":{"account_id":23432942,"reputation":1,"user_id":17491468,"user_type":"registered","profile_image":"https://www.gravatar.com/avatar/23a1daa8b7b874f134d2a9669ba9ba84?s=256&d=identicon&r=PG","display_name":"MAMR","link":"https://stackoverflow.com/users/17491468/mamr"},"is_answered":true,"view_count":105,"answer_count":1,"score":0,"last_activity_date":1688254211,"creation_date":1686477443,"last_edit_date":1686494832,"question_id":76449940,"content_license":"CC BY-SA 4.0","link":"https://stackoverflow.com/questions/76449940/ocaml-fold-left-all-elements-with-even-index-on-left-and-elements-with-uneven-in","title":"ocaml fold_left all elements with even index on left and elements with uneven index on right"},{"tags":["python","http","web","server","tcp"],"owner":{"account_id":3672073,"reputation":7124,"user_id":3059024,"user_type":"registered","accept_rate":83,"profile_image":"https://www.gravatar.com/avatar/2e121fcc408e62a6da0b5f03beae7462?s=256&d=identicon&r=PG&f=y&so-version=2","display_name":"CiaranWelsh","link":"https://stackoverflow.com/users/3059024/ciaranwelsh"},"is_answered":false,"view_count":42,"answer_count":0,"score":0,"last_activity_date":1686477382,"creation_date":1686477382,"question_id":76449938,"content_license":"CC BY-SA 4.0","link":"https://stackoverflow.com/questions/76449938/problem-with-starting-and-stopping-a-httpserver-multiple-times-in-python","title":"Problem with starting and stopping a &quot;HTTPServer&quot; multiple times in Python"},{"tags":["javascript","node.js"],"owner":{"account_id":28781156,"reputation":85,"user_id":22042764,"user_type":"registered","profile_image":"https://lh3.googleusercontent.com/a/AAcHTtc9Ag3OwpPG3alHlRuR2I0zk1QqbLxxlTcwc5Wv=k-s256","display_name":"Raol mAX","link":"https://stackoverflow.com/users/22042764/raol-max"},"is_answered":true,"view_count":536,"answer_count":1,"score":-1,"last_activity_date":1686479499,"creation_date":1686477324,"question_id":76449933,"content_license":"CC BY-SA 4.0","link":"https://stackoverflow.com/questions/76449933/change-ip-address-of-nodejs-server","title":"Change IP address of NodeJS server"},{"tags":["flutter","timer","state","init","state-management"],"owner":{"account_id":19448774,"reputation":1,"user_id":14225691,"user_type":"registered","profile_image":"https://lh3.googleusercontent.com/a-/AOh14GiW1pqCP-ah84uzTWJN5nsNk2gC2iL52uE5gk5CYg=k-s256","display_name":"Zulqarnain Haider","link":"https://stackoverflow.com/users/14225691/zulqarnain-haider"},"is_answered":false,"view_count":46,"answer_count":0,"score":0,"last_activity_date":1686483908,"creation_date":1686477319,"last_edit_date":1686483908,"question_id":76449932,"content_license":"CC BY-SA 4.0","link":"https://stackoverflow.com/questions/76449932/timer-function-in-initstate-flutter-causing-a-problem-and-changing-the-page-info","title":"Timer function in initstate flutter causing a problem and changing the page information"},{"tags":["r","circlize"],"owner":{"account_id":28797629,"reputation":1,"user_id":22055406,"user_type":"registered","profile_image":"https://lh3.googleusercontent.com/a/AAcHTteP8P9kzL0q-8L6tNe65OUVeNk4hFRQzfUy1YNW=k-s256","display_name":"user22055406","link":"https://stackoverflow.com/users/22055406/user22055406"},"is_answered":false,"view_count":44,"answer_count":0,"score":0,"last_activity_date":1686539902,"creation_date":1686477313,"last_edit_date":1686539902,"question_id":76449931,"content_license":"CC BY-SA 4.0","link":"https://stackoverflow.com/questions/76449931/when-using-r-package-circlize-to-draw-a-pdf-image-there-will-be-redundant-line","title":"When using R package circlize to draw a PDF image , there will be redundant lines, why? How to eliminate redundant lines"},{"tags":["cnosdb"],"owner":{"account_id":27801181,"reputation":209,"user_id":21225604,"user_type":"registered","profile_image":"https://lh3.googleusercontent.com/a/AEdFTp5oD92nfw5MCkdl4JPj6SkN5ZU_vR6ravNMqe-f=k-s256","display_name":"learn_more","link":"https://stackoverflow.com/users/21225604/learn-more"},"is_answered":false,"view_count":12,"answer_count":0,"score":0,"last_activity_date":1686477269,"creation_date":1686477269,"question_id":76449928,"content_license":"CC BY-SA 4.0","link":"https://stackoverflow.com/questions/76449928/how-to-solve-memory-exhaustion","title":"How to solve memory exhaustion？"},{"tags":["flutter","dart","flutter-dependencies","dart-pub"],"owner":{"account_id":17894603,"reputation":76,"user_id":13000317,"user_type":"registered","profile_image":"https://i.stack.imgur.com/qTLph.png?s=256&g=1","display_name":"Snow Star","link":"https://stackoverflow.com/users/13000317/snow-star"},"is_answered":false,"view_count":495,"answer_count":1,"score":0,"last_activity_date":1686548282,"creation_date":1686477238,"last_edit_date":1686548282,"question_id":76449926,"content_license":"CC BY-SA 4.0","link":"https://stackoverflow.com/questions/76449926/dart-sdk-version-issue-with-null-safety-the-null-safety-flag-is-no-longer-s","title":"Dart SDK version issue with null safety &quot;The `--null-safety` flag is no longer supported&quot;"},{"tags":["database","mongodb","nosql"],"owner":{"account_id":1476989,"reputation":602,"user_id":1387159,"user_type":"registered","accept_rate":55,"profile_image":"https://i.stack.imgur.com/hTjii.png?s=256&g=1","display_name":"Divyanshu Negi","link":"https://stackoverflow.com/users/1387159/divyanshu-negi"},"is_answered":false,"view_count":20,"answer_count":0,"score":0,"last_activity_date":1686477232,"creation_date":1686477232,"question_id":76449925,"content_license":"CC BY-SA 4.0","link":"https://stackoverflow.com/questions/76449925/in-mongodb-why-only-the-first-replica-set-has-all-red-lines-whereas-it-does-no","title":"In mongoDB why only the first replica set has all red lines ? whereas it does not used in the operations"},{"tags":["c#","xaml","xamarin.forms","bindableproperty"],"owner":{"account_id":28797631,"reputation":1,"user_id":22055409,"user_type":"registered","profile_image":"https://www.gravatar.com/avatar/dae7373d6da361ac3fe666b85399e1df?s=256&d=identicon&r=PG&f=y&so-version=2","display_name":"tpBsk93","link":"https://stackoverflow.com/users/22055409/tpbsk93"},"is_answered":false,"view_count":64,"answer_count":1,"score":0,"last_activity_date":1686557836,"creation_date":1686477206,"question_id":76449924,"content_license":"CC BY-SA 4.0","link":"https://stackoverflow.com/questions/76449924/how-do-bindableproperties-work-in-xamarin-forms","title":"How do BindableProperties work in Xamarin.Forms?"},{"tags":["r","complexheatmap"],"owner":{"account_id":19118360,"reputation":55,"user_id":13962787,"user_type":"registered","profile_image":"https://lh3.googleusercontent.com/a-/AOh14GhmyugjCvBtReQCgKfLdETxKc9d9wBNKpTWr5T59Q=k-s256","display_name":"Pharmacos","link":"https://stackoverflow.com/users/13962787/pharmacos"},"is_answered":false,"view_count":39,"answer_count":0,"score":0,"last_activity_date":1686477205,"creation_date":1686477205,"question_id":76449923,"content_license":"CC BY-SA 4.0","link":"https://stackoverflow.com/questions/76449923/generate-oncoprint","title":"Generate Oncoprint"},{"tags":["python","tensorflow","conv-neural-network","artificial-intelligence","tensorflow-datasets"],"owner":{"account_id":25839847,"reputation":11,"user_id":19575571,"user_type":"registered","profile_image":"https://www.gravatar.com/avatar/ae6612079879ef2863596561a9f2d469?s=256&d=identicon&r=PG&f=y&so-version=2","display_name":"Jake","link":"https://stackoverflow.com/users/19575571/jake"},"is_answered":false,"view_count":61,"answer_count":0,"score":0,"last_activity_date":1686477728,"creation_date":1686477185,"last_edit_date":1686477728,"question_id":76449922,"content_license":"CC BY-SA 4.0","link":"https://stackoverflow.com/questions/76449922/tensorflow-training-loss-extremely-low-from-the-start-of-training","title":"Tensorflow training loss extremely low from the start of training"},{"tags":["java","gradle","discord4j"],"owner":{"account_id":28797647,"reputation":1,"user_id":22055423,"user_type":"registered","profile_image":"https://i.stack.imgur.com/gIAs9.png?s=256&g=1","display_name":"Double","link":"https://stackoverflow.com/users/22055423/double"},"is_answered":true,"view_count":1166,"accepted_answer_id":76472349,"answer_count":1,"score":-1,"last_activity_date":1687525204,"creation_date":1686477090,"last_edit_date":1686477634,"question_id":76449918,"content_license":"CC BY-SA 4.0","link":"https://stackoverflow.com/questions/76449918/could-not-compile-initialization-script","title":"Could not compile initialization script"},{"tags":["google-play","admob","ads","google-ads-api"],"owner":{"account_id":27194526,"reputation":25,"user_id":20727649,"user_type":"registered","profile_image":"https://lh3.googleusercontent.com/a/AEdFTp6JybTODNh2-swlBp6sI2P9ZYZ0piwUUn-1qyiV_w=k-s256","display_name":"shatyloartem","link":"https://stackoverflow.com/users/20727649/shatyloartem"},"is_answered":true,"view_count":80,"accepted_answer_id":76461187,"answer_count":1,"score":0,"last_activity_date":1686619918,"creation_date":1686477088,"question_id":76449917,"content_license":"CC BY-SA 4.0","link":"https://stackoverflow.com/questions/76449917/my-admob-ad-is-not-showing-for-more-than-three-days","title":"My AdMob ad is not showing for more than three days"},{"tags":["mysql","pivot-table"],"owner":{"account_id":1591411,"reputation":869,"user_id":1474659,"user_type":"registered","accept_rate":47,"profile_image":"https://www.gravatar.com/avatar/af21153a3bb93fd96737bea7011282a2?s=256&d=identicon&r=PG","display_name":"abhijeet","link":"https://stackoverflow.com/users/1474659/abhijeet"},"is_answered":false,"view_count":23,"closed_date":1686488643,"answer_count":0,"score":0,"last_activity_date":1686488602,"creation_date":1686477006,"last_edit_date":1686488602,"question_id":76449915,"link":"https://stackoverflow.com/questions/76449915/how-to-transform-unique-column-values-as-column-heads-in-mysql","closed_reason":"Duplicate","title":"How to transform unique column values as column heads in mysql?"},{"tags":["windows","google-chrome","keyboard-shortcuts"],"owner":{"account_id":26070150,"reputation":1,"user_id":19769978,"user_type":"registered","profile_image":"https://www.gravatar.com/avatar/72823f13d062f920e34c9a4199007e49?s=256&d=identicon&r=PG","display_name":"Igor","link":"https://stackoverflow.com/users/19769978/igor"},"is_answered":false,"view_count":389,"answer_count":0,"score":0,"last_activity_date":1686477295,"creation_date":1686476996,"last_edit_date":1686477295,"question_id":76449914,"content_license":"CC BY-SA 4.0","link":"https://stackoverflow.com/questions/76449914/open-chrome-url-from-chrome-chrome-urls-list","title":"Open Chrome URL from chrome://chrome-urls/ list"},{"tags":["visual-studio-code","jupyter-notebook"],"owner":{"account_id":11756094,"reputation":469,"user_id":8603743,"user_type":"registered","profile_image":"https://www.gravatar.com/avatar/bdfbf7446ca5767d2d321fd262fa0fbb?s=256&d=identicon&r=PG&f=y&so-version=2","display_name":"PejoPhylo","link":"https://stackoverflow.com/users/8603743/pejophylo"},"is_answered":false,"view_count":56,"answer_count":0,"score":0,"last_activity_date":1686760129,"creation_date":1686476962,"question_id":76449910,"content_license":"CC BY-SA 4.0","link":"https://stackoverflow.com/questions/76449910/specify-running-python-kernel-in-jupyter-notebook-from-visual-studio-code","title":"Specify running python kernel in jupyter notebook from visual studio code"},{"tags":["javascript","dom","dom-events"],"owner":{"account_id":25572042,"reputation":11,"user_id":19352243,"user_type":"registered","profile_image":"https://lh3.googleusercontent.com/a-/AOh14Ghyj-I26Ia4pcBVvIbcC1dp8cG-YV3rlgmD7nhBIQ=k-s256","display_name":"Aditya Raj Pateriya","link":"https://stackoverflow.com/users/19352243/aditya-raj-pateriya"},"is_answered":false,"view_count":84,"answer_count":0,"score":0,"last_activity_date":1686666373,"creation_date":1686476957,"last_edit_date":1686666373,"question_id":76449908,"content_license":"CC BY-SA 4.0","link":"https://stackoverflow.com/questions/76449908/i-want-my-script-to-be-run-automatically-whenever-an-ad-appears-in-youtube","title":"I want my script to be run automatically whenever an ad appears in Youtube"},{"tags":["typescript","next.js","next-auth"],"owner":{"account_id":24260606,"reputation":1,"user_id":18210215,"user_type":"registered","profile_image":"https://lh3.googleusercontent.com/a-/AOh14GgUJTZad48a3wWP_F60as86YSVqNdsCZmt0NA62=k-s256","display_name":"Ha Drum","link":"https://stackoverflow.com/users/18210215/ha-drum"},"is_answered":false,"view_count":35,"answer_count":0,"score":0,"last_activity_date":1686476897,"creation_date":1686476897,"question_id":76449905,"content_license":"CC BY-SA 4.0","link":"https://stackoverflow.com/questions/76449905/next-auth-typescript-all-declarations-of-nextauth-url-must-have-identical-modi","title":"next-auth TypeScript All declarations of &#39;NEXTAUTH_URL&#39; must have identical modifiers"},{"tags":["sql","postgresql","postgresql-9.5","ltree"],"owner":{"account_id":1795412,"reputation":8132,"user_id":1634905,"user_type":"registered","accept_rate":46,"profile_image":"https://www.gravatar.com/avatar/749542b139e166c65b021b1c32aa233c?s=256&d=identicon&r=PG","display_name":"sudoExclaimationExclaimation","link":"https://stackoverflow.com/users/1634905/sudoexclaimationexclaimation"},"is_answered":true,"view_count":187,"accepted_answer_id":76450067,"answer_count":1,"score":0,"last_activity_date":1686509734,"creation_date":1686476800,"last_edit_date":1686509734,"question_id":76449899,"content_license":"CC BY-SA 4.0","link":"https://stackoverflow.com/questions/76449899/in-postgres-when-using-ltree-can-the-id-column-be-gotten-rid-of-since-the-ltr","title":"In Postgres, when using LTREE, can the ID column be gotten rid of since the `LTREE` path has the ID already as the last label?"},{"tags":["reactjs","firebase","google-cloud-firestore","firebase-realtime-database","survey"],"owner":{"account_id":28797389,"reputation":1,"user_id":22055221,"user_type":"registered","profile_image":"https://i.stack.imgur.com/IRCRV.png?s=256&g=1","display_name":"Ahmetsedd","link":"https://stackoverflow.com/users/22055221/ahmetsedd"},"is_answered":false,"view_count":15,"answer_count":0,"score":0,"last_activity_date":1686501186,"creation_date":1686476760,"last_edit_date":1686501186,"question_id":76449896,"content_license":"CC BY-SA 4.0","link":"https://stackoverflow.com/questions/76449896/encountering-an-error-in-votesurvey-component-while-using-firebase-in-react-c","title":"Encountering an error in VoteSurvey component while using Firebase in React. C"},{"tags":["algorithm","graph","language-agnostic","graph-theory"],"owner":{"account_id":28322875,"reputation":3,"user_id":22055408,"user_type":"registered","profile_image":"https://lh3.googleusercontent.com/a/AGNmyxZsmnfk26SXD-uc73pzKydFMYDJRb9li-rAI8mRpA=k-s256","display_name":"user1171376","link":"https://stackoverflow.com/users/22055408/user1171376"},"is_answered":true,"view_count":133,"accepted_answer_id":76451289,"answer_count":2,"score":0,"last_activity_date":1686498851,"creation_date":1686476651,"last_edit_date":1686493434,"question_id":76449892,"content_license":"CC BY-SA 4.0","link":"https://stackoverflow.com/questions/76449892/algorithm-to-calculate-if-bottleneck-distance-between-nodes-s-and-t-in-a-weighte","title":"Algorithm to calculate if bottleneck distance between Nodes s and t in a weighted undirected graph is at most W in O(V+E) time"},{"tags":["node.js","reactjs","deployment","cpanel"],"owner":{"account_id":28219582,"reputation":11,"user_id":21570534,"user_type":"registered","profile_image":"https://lh3.googleusercontent.com/a/AGNmyxb2eDCmLq4VFS0OJF7eFOQbE8wu5kKoZVt5YYDR=k-s256","display_name":"sad dd","link":"https://stackoverflow.com/users/21570534/sad-dd"},"is_answered":false,"view_count":25,"answer_count":0,"score":0,"last_activity_date":1686476537,"creation_date":1686476537,"question_id":76449888,"content_license":"CC BY-SA 4.0","link":"https://stackoverflow.com/questions/76449888/how-to-successfully-host-a-react-app-on-cpanel-without-nodejs-support","title":"How to successfully host a React app on cPanel without nodejs support"},{"tags":["c++","templates","c++20","std-ranges"],"owner":{"account_id":20888845,"reputation":81,"user_id":15344741,"user_type":"registered","profile_image":"https://i.stack.imgur.com/I2udB.jpg?s=256&g=1","display_name":"葛盈泽","link":"https://stackoverflow.com/users/15344741/%e8%91%9b%e7%9b%88%e6%b3%bd"},"is_answered":true,"view_count":137,"answer_count":2,"score":2,"last_activity_date":1686568751,"creation_date":1686476458,"last_edit_date":1686568751,"question_id":76449879,"content_license":"CC BY-SA 4.0","link":"https://stackoverflow.com/questions/76449879/why-cannot-i-use-stdget","title":"Why cannot I use std::get"},{"tags":["python","spreadsheet"],"owner":{"account_id":21194055,"reputation":20,"user_id":15585963,"user_type":"registered","profile_image":"https://www.gravatar.com/avatar/922874002270f76bfe33244b1fd0477f?s=256&d=identicon&r=PG&f=y&so-version=2","display_name":"fredsta1608","link":"https://stackoverflow.com/users/15585963/fredsta1608"},"is_answered":true,"view_count":48,"accepted_answer_id":76450035,"answer_count":1,"score":0,"last_activity_date":1686480032,"creation_date":1686476435,"last_edit_date":1686478830,"question_id":76449878,"content_license":"CC BY-SA 4.0","link":"https://stackoverflow.com/questions/76449878/set-different-colors-in-a-single-spreadsheet-cell-excel-with-python","title":"Set different colors in a single spreadsheet cell (Excel) with Python"},{"tags":["excel","powerquery","m"],"owner":{"account_id":28797638,"reputation":61,"user_id":22055414,"user_type":"registered","profile_image":"https://lh3.googleusercontent.com/a/AAcHTtdfOXOKW7PPFwyhmV-b-FnSIZVeTvAYbx4AaJ22-AY=k-s256","display_name":"Naama Efrati","link":"https://stackoverflow.com/users/22055414/naama-efrati"},"is_answered":true,"view_count":315,"answer_count":1,"score":3,"last_activity_date":1686478759,"creation_date":1686476351,"question_id":76449874,"content_license":"CC BY-SA 4.0","link":"https://stackoverflow.com/questions/76449874/power-query-count-non-null-values-only-in-columns-their-name-starts-with-spri","title":"Power Query - Count non-null values only in columns their name starts with &quot;Sprint_&quot;"}],"has_more":true,"quota_max":300,"quota_remaining":62}