{"items":[{"tags":["python","dataframe"],"owner":{"account_id":27736221,"reputation":21,"user_id":21173749,"user_type":"registered","profile_image":"https://lh3.googleusercontent.com/a/AEdFTp6Xdvo8eGfIz3ESVbfcJz5u7U3ZA6rhLUMR2cyX=k-s256","display_name":"Don K.","link":"https://stackoverflow.com/users/21173749/don-k"},"is_answered":false,"view_count":24,"answer_count":0,"score":0,"last_activity_date":1686218381,"creation_date":1686218381,"question_id":76430701,"content_license":"CC BY-SA 4.0","link":"https://stackoverflow.com/questions/76430701/trying-to-make-a-new-dataframe-with-details-of-an-old-one","title":"Trying to make a new dataframe with details of an old one"},{"tags":["python","python-3.x","streamlit"],"owner":{"account_id":1381656,"reputation":5197,"user_id":1314503,"user_type":"registered","accept_rate":62,"profile_image":"https://i.stack.imgur.com/APJbb.jpg?s=256&g=1","display_name":"KarSho","link":"https://stackoverflow.com/users/1314503/karsho"},"is_answered":false,"view_count":437,"answer_count":1,"score":0,"last_activity_date":1686218377,"creation_date":1686218377,"question_id":76430698,"content_license":"CC BY-SA 4.0","link":"https://stackoverflow.com/questions/76430698/unable-to-move-the-cache-access-is-denied-and-unable-to-create-cache","title":"Unable to move the cache: Access is denied and Unable to create cache"},{"tags":["unique","window-functions","python-polars"],"owner":{"account_id":18166869,"reputation":87,"user_id":13217286,"user_type":"registered","profile_image":"https://www.gravatar.com/avatar/606fd43dc29428caca850b5444aedafe?s=256&d=identicon&r=PG&f=y&so-version=2","display_name":"Thomas","link":"https://stackoverflow.com/users/13217286/thomas"},"is_answered":true,"view_count":178,"accepted_answer_id":76430901,"answer_count":2,"score":0,"last_activity_date":1686237699,"creation_date":1686218377,"question_id":76430697,"content_license":"CC BY-SA 4.0","link":"https://stackoverflow.com/questions/76430697/make-a-new-column-with-list-of-unique-values-grouped-by-or-over-another-column","title":"Make a new column with list of unique values grouped by, or over, another column in Polars"},{"tags":["sparql","wikidata","wikidata-query-service"],"owner":{"account_id":5758461,"reputation":522,"user_id":4545592,"user_type":"registered","accept_rate":86,"profile_image":"https://lh5.googleusercontent.com/-t24WTxgMmPQ/AAAAAAAAAAI/AAAAAAAAAOQ/wsjAQcQsOdI/photo.jpg?sz=256","display_name":"L&#233;o Joubert","link":"https://stackoverflow.com/users/4545592/l%c3%a9o-joubert"},"is_answered":false,"view_count":33,"answer_count":1,"score":0,"last_activity_date":1686661345,"creation_date":1686218372,"last_edit_date":1686242719,"question_id":76430695,"content_license":"CC BY-SA 4.0","link":"https://stackoverflow.com/questions/76430695/is-there-a-way-to-get-id-of-wikipedia-biographies-about-men-and-woman-separatly","title":"Is there a way to get ID of Wikipedia biographies about men and woman separatly using Sparql and wikidata?"},{"tags":["sql","mysql","upload","sql-update","mixed"],"owner":{"account_id":17138739,"reputation":1,"user_id":12403228,"user_type":"registered","profile_image":"https://www.gravatar.com/avatar/0d3e90ace481124b305b65c20a7a706b?s=256&d=identicon&r=PG&f=y&so-version=2","display_name":"OrianFishken","link":"https://stackoverflow.com/users/12403228/orianfishken"},"is_answered":true,"view_count":23,"answer_count":1,"score":-1,"last_activity_date":1686219082,"creation_date":1686218331,"last_edit_date":1686218525,"question_id":76430691,"content_license":"CC BY-SA 4.0","link":"https://stackoverflow.com/questions/76430691/mysql-columns-values-are-mixed-after-upload","title":"mysql columns values are mixed after upload"},{"tags":["python","sockets","server","client","python-multithreading"],"owner":{"account_id":26808881,"reputation":1,"user_id":20399778,"user_type":"registered","profile_image":"https://lh3.googleusercontent.com/a/ALm5wu354rb08VQ_lhS1wpiDguPMYvMOqivg-8gqXSLv-Q=k-s256","display_name":"Rowan Gallagher","link":"https://stackoverflow.com/users/20399778/rowan-gallagher"},"is_answered":false,"view_count":166,"answer_count":1,"score":0,"last_activity_date":1686224854,"creation_date":1686218276,"last_edit_date":1686218342,"question_id":76430683,"content_license":"CC BY-SA 4.0","link":"https://stackoverflow.com/questions/76430683/target-machine-refusing-connection-with-client-winerror-10061","title":"Target machine refusing connection with client [WinError 10061]"},{"tags":["json","wordpress","api"],"owner":{"account_id":26248501,"reputation":11,"user_id":21210487,"user_type":"registered","profile_image":"https://lh3.googleusercontent.com/a-/AFdZucoPYvzQL4Wtb92gSeVl5o7HMK5_IkQ4MrK-7760_w=k-s256","display_name":"omar al aufi","link":"https://stackoverflow.com/users/21210487/omar-al-aufi"},"is_answered":false,"view_count":71,"answer_count":0,"score":0,"last_activity_date":1686226510,"creation_date":1686218243,"question_id":76430677,"content_license":"CC BY-SA 4.0","link":"https://stackoverflow.com/questions/76430677/how-to-improve-json-response-time-in-wordpress","title":"How to improve JSON Response Time in Wordpress"},{"tags":["r","ggplot2","gradient","panel"],"owner":{"account_id":28779110,"reputation":1,"user_id":22041080,"user_type":"registered","profile_image":"https://www.gravatar.com/avatar/31812400f5b451f4ae01fa69798cf40b?s=256&d=identicon&r=PG&f=y&so-version=2","display_name":"Cathy","link":"https://stackoverflow.com/users/22041080/cathy"},"is_answered":false,"view_count":31,"answer_count":1,"score":0,"last_activity_date":1686396990,"creation_date":1686218224,"question_id":76430675,"content_license":"CC BY-SA 4.0","link":"https://stackoverflow.com/questions/76430675/plotting-tide-data-as-a-color-gradient-panel-with-microplastics-concentration-pe","title":"plotting tide data as a color gradient panel with microplastics concentration per day per time in ggplot in r"},{"tags":["c#","unity-game-engine"],"owner":{"account_id":26252961,"reputation":1,"user_id":19925484,"user_type":"registered","profile_image":"https://lh3.googleusercontent.com/a-/AFdZucoY5ZMnLiKFH88zsicmHOwqjkZjdQ24lz39iXcq=k-s256","display_name":"AnonymousRo_","link":"https://stackoverflow.com/users/19925484/anonymousro"},"is_answered":true,"view_count":38,"answer_count":1,"score":0,"last_activity_date":1686219097,"creation_date":1686218210,"last_edit_date":1686218710,"question_id":76430673,"content_license":"CC BY-SA 4.0","link":"https://stackoverflow.com/questions/76430673/i-want-to-do-a-app-that-runs-thru-the-words-from-a-txt-file-and-search-for-a-spe","title":"i want to do a app that runs thru the words from a txt file and search for a specific word and my foreach compare only the last word"},{"tags":["apache-nifi"],"owner":{"account_id":28779139,"reputation":1,"user_id":22041103,"user_type":"registered","profile_image":"https://lh3.googleusercontent.com/a/AAcHTtdreOs2XD-YydZwjD6WsEkxKjl1isnbXRNjgSKD=k-s256","display_name":"Shruti Srivastava","link":"https://stackoverflow.com/users/22041103/shruti-srivastava"},"is_answered":false,"view_count":285,"answer_count":1,"score":0,"last_activity_date":1686227853,"creation_date":1686218179,"question_id":76430670,"content_license":"CC BY-SA 4.0","link":"https://stackoverflow.com/questions/76430670/list-sftp-processor-not-picking-files-in-apache-nifi","title":"List SFTP Processor not picking files in Apache Nifi"},{"tags":["html","css"],"owner":{"account_id":28626915,"reputation":21,"user_id":21918721,"user_type":"registered","profile_image":"https://www.gravatar.com/avatar/2d4efaff1bab4572126e89fa54dab30b?s=256&d=identicon&r=PG&f=y&so-version=2","display_name":"Alejandro","link":"https://stackoverflow.com/users/21918721/alejandro"},"is_answered":true,"view_count":60,"accepted_answer_id":76430854,"answer_count":1,"score":0,"last_activity_date":1686480635,"creation_date":1686218136,"last_edit_date":1686480635,"question_id":76430665,"content_license":"CC BY-SA 4.0","link":"https://stackoverflow.com/questions/76430665/cut-borders-in-html","title":"Cut borders in html"},{"tags":["python","machine-learning","scikit-learn","deep-learning","data-preprocessing"],"owner":{"account_id":28779179,"reputation":1,"user_id":22041135,"user_type":"registered","profile_image":"https://lh3.googleusercontent.com/a/AAcHTtf56ZEr_CI6jNyhg2U_CQccYpwwlNtt3OLKfz0y=k-s256","display_name":"pastelll","link":"https://stackoverflow.com/users/22041135/pastelll"},"is_answered":false,"view_count":23,"answer_count":0,"score":0,"last_activity_date":1686218109,"creation_date":1686218109,"question_id":76430663,"content_license":"CC BY-SA 4.0","link":"https://stackoverflow.com/questions/76430663/i-have-two-datasets-of-audio-and-text-how-to-split-them-randomly-but-they-have","title":"I have two datasets of audio and text. How to split them randomly, but they have the same index for correlating audio-text?"},{"tags":["stock","fifo","deque","portfolio"],"owner":{"account_id":19665196,"reputation":1,"user_id":14395821,"user_type":"registered","profile_image":"https://lh5.googleusercontent.com/-3yYPvnaMBKI/AAAAAAAAAAI/AAAAAAAAAAA/AMZuuclTKlkeiU_5KbPmcI1BirjxJ0HhEw/photo.jpg?sz=256","display_name":"Elian Jose","link":"https://stackoverflow.com/users/14395821/elian-jose"},"is_answered":false,"view_count":451,"answer_count":1,"score":-2,"last_activity_date":1686413884,"creation_date":1686218056,"question_id":76430649,"content_license":"CC BY-SA 4.0","link":"https://stackoverflow.com/questions/76430649/calculating-the-profit-and-loss-for-fifo","title":"Calculating the Profit and loss for FIFO"},{"tags":["google-apps-script","google-sheets"],"owner":{"account_id":28779166,"reputation":1,"user_id":22041124,"user_type":"registered","profile_image":"https://www.gravatar.com/avatar/81b292ca58da9dea926a9fb8b9755c20?s=256&d=identicon&r=PG&f=y&so-version=2","display_name":"Kimart","link":"https://stackoverflow.com/users/22041124/kimart"},"is_answered":false,"view_count":19,"answer_count":0,"score":0,"last_activity_date":1686218053,"creation_date":1686218053,"question_id":76430648,"content_license":"CC BY-SA 4.0","link":"https://stackoverflow.com/questions/76430648/how-can-i-use-appscript-in-google-sheets-to-record-only-rows-that-have-had-a-cha","title":"how can I use appscript in google sheets to record only rows that have had a change in one specific cell at the end of the day?"},{"tags":["c#",".net-framework-version"],"owner":{"account_id":7065657,"reputation":1,"user_id":5409056,"user_type":"registered","profile_image":"https://www.gravatar.com/avatar/ae23bdd89bae75e1933a257db726b0a8?s=256&d=identicon&r=PG&f=y&so-version=2","display_name":"Prakash","link":"https://stackoverflow.com/users/5409056/prakash"},"is_answered":false,"view_count":80,"answer_count":1,"score":-1,"last_activity_date":1686221326,"creation_date":1686218043,"question_id":76430647,"content_license":"CC BY-SA 4.0","link":"https://stackoverflow.com/questions/76430647/how-to-target-multiple-net-framework-versions-for-a-c-net-framework-project","title":"How to target multiple .net framework versions for a c# .net framework project (Not the sdk style)"},{"tags":["java","android","xml","android-layout","android-studio-flamingo"],"owner":{"account_id":25125063,"reputation":61,"user_id":18972953,"user_type":"registered","profile_image":"https://lh3.googleusercontent.com/a-/AOh14GiP3QGymDcoccV840BVvcvtkwsNX7lbcK4yHRk2Nw=k-s256","display_name":"Kaylin Heru","link":"https://stackoverflow.com/users/18972953/kaylin-heru"},"is_answered":true,"view_count":6218,"answer_count":3,"score":5,"last_activity_date":1692313647,"creation_date":1686218039,"last_edit_date":1686430622,"question_id":76430646,"content_license":"CC BY-SA 4.0","link":"https://stackoverflow.com/questions/76430646/constant-expression-required-when-trying-to-create-a-switch-case-block","title":"constant expression required when trying to create a switch case block"},{"tags":["r","dplyr","tidyverse"],"owner":{"account_id":20366139,"reputation":255,"user_id":14939441,"user_type":"registered","profile_image":"https://lh5.googleusercontent.com/-pBJe6p2TTqw/AAAAAAAAAAI/AAAAAAAAAAA/AMZuucl6YHUAUQSPSt220HZn3TreuSG_2Q/s96-c/photo.jpg?sz=256","display_name":"Thandi","link":"https://stackoverflow.com/users/14939441/thandi"},"is_answered":true,"view_count":52,"accepted_answer_id":76432036,"answer_count":2,"score":1,"last_activity_date":1686228644,"creation_date":1686218020,"last_edit_date":1686218325,"question_id":76430642,"content_license":"CC BY-SA 4.0","link":"https://stackoverflow.com/questions/76430642/test-if-strings-from-two-datasets-match-using-subject-id-columns-from-twi-datase","title":"test if strings from two datasets match using subject id columns from twi datasets by subject id"},{"tags":["scala","scala-reflect"],"owner":{"account_id":12280100,"reputation":131,"user_id":8962015,"user_type":"registered","accept_rate":14,"profile_image":"https://www.gravatar.com/avatar/83b45d8386d965428316664de363a2ee?s=256&d=identicon&r=PG&f=y&so-version=2","display_name":"B-Brennan","link":"https://stackoverflow.com/users/8962015/b-brennan"},"is_answered":true,"view_count":52,"answer_count":1,"score":0,"last_activity_date":1686223290,"creation_date":1686218014,"question_id":76430639,"content_license":"CC BY-SA 4.0","link":"https://stackoverflow.com/questions/76430639/how-to-access-the-field-arg-of-a-function-argument-in-scala","title":"How to access the field &#39;arg&#39; of a function argument in Scala"},{"tags":["java","oracle","spring-boot","spring-data"],"owner":{"account_id":5640336,"reputation":59,"user_id":4464403,"user_type":"registered","profile_image":"https://www.gravatar.com/avatar/0dac4e944b4fdaac18e412cc41b23451?s=256&d=identicon&r=PG&f=y&so-version=2","display_name":"VPCCP","link":"https://stackoverflow.com/users/4464403/vpccp"},"is_answered":false,"view_count":64,"answer_count":1,"score":0,"last_activity_date":1686220509,"creation_date":1686217957,"question_id":76430634,"content_license":"CC BY-SA 4.0","link":"https://stackoverflow.com/questions/76430634/updating-an-entity-through-database-procedure-and-reading-updated-entity-in-spri","title":"Updating an entity through database procedure and reading updated entity in spring transaction"},{"tags":["java","jbpm"],"owner":{"account_id":28779172,"reputation":1,"user_id":22041130,"user_type":"registered","profile_image":"https://lh3.googleusercontent.com/a/AAcHTtenbcOI8XZ-LOUg0c2g-H0QN-ACqXVwLYRAWwZ2xQ=k-s256","display_name":"Shahnawaz Ahmed","link":"https://stackoverflow.com/users/22041130/shahnawaz-ahmed"},"is_answered":false,"view_count":15,"answer_count":0,"score":0,"last_activity_date":1686217988,"creation_date":1686217945,"last_edit_date":1686217988,"question_id":76430632,"content_license":"CC BY-SA 4.0","link":"https://stackoverflow.com/questions/76430632/deployment-box-is-not-opening-in-deployment-mode-for-drools-business-central","title":"Deployment box is not opening in deployment mode for Drools Business Central"},{"tags":["docker","unix"],"owner":{"account_id":11977388,"reputation":129,"user_id":8764140,"user_type":"registered","profile_image":"https://i.stack.imgur.com/n4ikt.jpg?s=256&g=1","display_name":"Romain Lavalle","link":"https://stackoverflow.com/users/8764140/romain-lavalle"},"is_answered":false,"view_count":14,"answer_count":0,"score":0,"last_activity_date":1686217917,"creation_date":1686217917,"question_id":76430631,"content_license":"CC BY-SA 4.0","link":"https://stackoverflow.com/questions/76430631/transfert-output-from-docker-container-to-hosts-focused-window","title":"Transfert output from docker container to host&#39;s focused window"},{"tags":["cookies","iframe","safari"],"owner":{"account_id":15319832,"reputation":23,"user_id":11410775,"user_type":"registered","profile_image":"https://www.gravatar.com/avatar/c94d3daa0526ab437ed7908440df26d7?s=256&d=identicon&r=PG&f=y&so-version=2","display_name":"BLB","link":"https://stackoverflow.com/users/11410775/blb"},"is_answered":false,"view_count":53,"answer_count":0,"score":0,"last_activity_date":1686217910,"creation_date":1686217910,"question_id":76430630,"content_license":"CC BY-SA 4.0","link":"https://stackoverflow.com/questions/76430630/safari-not-able-to-set-cookie-in-iframe-even-when-using-hasstorageaccess-api","title":"Safari not able to set cookie in iframe even when using hasStorageAccess API"},{"tags":["c++","oop","header-files"],"owner":{"account_id":4212979,"reputation":675,"user_id":3450112,"user_type":"registered","accept_rate":71,"profile_image":"https://i.stack.imgur.com/AOvym.png?s=256&g=1","display_name":"Paul","link":"https://stackoverflow.com/users/3450112/paul"},"is_answered":true,"view_count":54,"accepted_answer_id":76431020,"answer_count":1,"score":0,"last_activity_date":1686220984,"creation_date":1686217906,"question_id":76430629,"content_license":"CC BY-SA 4.0","link":"https://stackoverflow.com/questions/76430629/c-library-avoid-including-sub-classes","title":"C++ library avoid including sub classes"},{"tags":["visual-studio-code"],"owner":{"account_id":1006522,"reputation":11820,"user_id":1020139,"user_type":"registered","accept_rate":43,"profile_image":"https://www.gravatar.com/avatar/e6b113d9e9ab23110a4e5b611bcaad61?s=256&d=identicon&r=PG","display_name":"Shuzheng","link":"https://stackoverflow.com/users/1020139/shuzheng"},"is_answered":false,"view_count":24,"answer_count":0,"score":1,"last_activity_date":1686226139,"creation_date":1686217894,"last_edit_date":1686226139,"question_id":76430627,"content_license":"CC BY-SA 4.0","link":"https://stackoverflow.com/questions/76430627/how-to-run-prelaunchtask-in-the-python-debug-console-in-vs-code","title":"How to run `preLaunchTask` in the Python Debug Console in VS Code?"},{"tags":["angular","typescript","bootstrap-modal"],"owner":{"account_id":26690077,"reputation":41,"user_id":20298778,"user_type":"registered","profile_image":"https://www.gravatar.com/avatar/8930e570da89c4b143af3926c35d0632?s=256&d=identicon&r=PG","display_name":"LasagneLover","link":"https://stackoverflow.com/users/20298778/lasagnelover"},"is_answered":false,"view_count":37,"answer_count":1,"score":1,"last_activity_date":1686245980,"creation_date":1686217886,"question_id":76430626,"content_license":"CC BY-SA 4.0","link":"https://stackoverflow.com/questions/76430626/my-bootstrap-modal-template-open-up-but-doesnt-shows-up-the-form-inside","title":"My bootstrap modal template open up but doesn&#39;t shows up the form inside"},{"tags":["java","spring","spring-boot","redirect","spring-security"],"owner":{"account_id":21887534,"reputation":31,"user_id":16174994,"user_type":"registered","profile_image":"https://www.gravatar.com/avatar/99a41f0f26d2ab74a1ab9b3583b387d3?s=256&d=identicon&r=PG&f=y&so-version=2","display_name":"pablo99","link":"https://stackoverflow.com/users/16174994/pablo99"},"is_answered":false,"view_count":42,"answer_count":0,"score":0,"last_activity_date":1686218183,"creation_date":1686217878,"last_edit_date":1686218183,"question_id":76430623,"content_license":"CC BY-SA 4.0","link":"https://stackoverflow.com/questions/76430623/spring-security-login-page-err-too-many-redirects","title":"Spring Security /login page: ERR_TOO_MANY_REDIRECTS"},{"tags":["vega-lite"],"owner":{"account_id":8347486,"reputation":13,"user_id":6270763,"user_type":"registered","profile_image":"https://graph.facebook.com/10154151079379670/picture?type=large","display_name":"Raghav Khare","link":"https://stackoverflow.com/users/6270763/raghav-khare"},"is_answered":false,"view_count":211,"answer_count":0,"score":0,"last_activity_date":1686262781,"creation_date":1686217850,"question_id":76430621,"content_license":"CC BY-SA 4.0","link":"https://stackoverflow.com/questions/76430621/treemap-how-to-build-tree-map-chart-in-vega-lite","title":"TreeMap : How to build tree map chart in vega lite"},{"tags":["c#","xml"],"owner":{"account_id":25513481,"reputation":11,"user_id":19304711,"user_type":"registered","profile_image":"https://www.gravatar.com/avatar/8800d82c525986d8b6cc573abf35dd3c?s=256&d=identicon&r=PG","display_name":"Markus F","link":"https://stackoverflow.com/users/19304711/markus-f"},"is_answered":false,"view_count":30,"closed_date":1686757520,"answer_count":0,"score":1,"last_activity_date":1686217834,"creation_date":1686217834,"question_id":76430618,"link":"https://stackoverflow.com/questions/76430618/xml-deserialize-known-elements-in-unknown-order-and-count","closed_reason":"Duplicate","title":"XML deserialize known elements in unknown order and count"},{"tags":["python","plot","geospatial","folium"],"owner":{"account_id":28040987,"reputation":153,"user_id":21418558,"user_type":"registered","profile_image":"https://lh3.googleusercontent.com/a/AGNmyxbO_7yO4ju9wcP1bqM4JQ7dg5AhX9MAEE3oZhcL=k-s256","display_name":"Claudio Tomasi","link":"https://stackoverflow.com/users/21418558/claudio-tomasi"},"is_answered":false,"view_count":75,"answer_count":0,"score":0,"last_activity_date":1686234025,"creation_date":1686217796,"last_edit_date":1686234025,"question_id":76430614,"content_license":"CC BY-SA 4.0","link":"https://stackoverflow.com/questions/76430614/plot-isochrones-with-folium-or-similar","title":"Plot Isochrones with folium or similar"},{"tags":["continuous-integration","gitlab-ci","gitlab-ci-runner","cicd"],"owner":{"account_id":20554183,"reputation":31,"user_id":15086165,"user_type":"registered","profile_image":"https://lh3.googleusercontent.com/a-/AOh14Gim-_IpS9Qfs8-C1Fua7ypNL14iAdbFOGSGDV5Ccw=k-s256","display_name":"Алексей Ванюшин","link":"https://stackoverflow.com/users/15086165/%d0%90%d0%bb%d0%b5%d0%ba%d1%81%d0%b5%d0%b9-%d0%92%d0%b0%d0%bd%d1%8e%d1%88%d0%b8%d0%bd"},"is_answered":true,"view_count":105,"answer_count":1,"score":1,"last_activity_date":1686592695,"creation_date":1686217770,"last_edit_date":1686592695,"question_id":76430613,"content_license":"CC BY-SA 4.0","link":"https://stackoverflow.com/questions/76430613/gitlab-ci-how-to-configure-the-launch-of-only-one-task-for-each-runner","title":"Gitlab ci. How to configure the launch of only one task for each runner?"}],"has_more":true,"quota_max":300,"quota_remaining":74}