{"items":[{"tags":["chisel","chiseltest"],"owner":{"account_id":28199359,"reputation":11,"user_id":21553415,"user_type":"registered","profile_image":"https://www.gravatar.com/avatar/c6ec5621958c49dbaaf79e54b2db4282?s=256&d=identicon&r=PG&f=y&so-version=2","display_name":"Shuo Ran","link":"https://stackoverflow.com/users/21553415/shuo-ran"},"is_answered":false,"view_count":44,"answer_count":0,"score":1,"last_activity_date":1680517152,"creation_date":1680497820,"last_edit_date":1680517152,"question_id":75916144,"content_license":"CC BY-SA 4.0","link":"https://stackoverflow.com/questions/75916144/sint-sint-became-uint-sint-in-chisel","title":"`SInt * SInt` became `UInt * SInt` in chisel"},{"tags":["autodesk-forge","autodesk-viewer"],"owner":{"account_id":25996960,"reputation":3,"user_id":19708163,"user_type":"registered","profile_image":"https://www.gravatar.com/avatar/566d162f69248785370f55442931964b?s=256&d=identicon&r=PG","display_name":"dattm","link":"https://stackoverflow.com/users/19708163/dattm"},"is_answered":true,"view_count":40,"accepted_answer_id":75961904,"answer_count":1,"score":0,"last_activity_date":1680901187,"creation_date":1680497784,"question_id":75916141,"content_license":"CC BY-SA 4.0","link":"https://stackoverflow.com/questions/75916141/how-to-only-load-main-model-on-autodesk-forge","title":"How to only load main model on Autodesk Forge"},{"tags":["powerbi","dax","scatter-plot","tableau-desktop"],"owner":{"account_id":23680776,"reputation":155,"user_id":17706352,"user_type":"registered","profile_image":"https://www.gravatar.com/avatar/6b024c4bd5aa910e84a087a08b4c109d?s=256&d=identicon&r=PG","display_name":"bensmith87","link":"https://stackoverflow.com/users/17706352/bensmith87"},"is_answered":false,"view_count":736,"answer_count":0,"score":1,"last_activity_date":1682596476,"creation_date":1680497727,"question_id":75916137,"content_license":"CC BY-SA 4.0","link":"https://stackoverflow.com/questions/75916137/use-dax-measure-in-values-or-legend-field-in-power-bi-scatter-plot","title":"Use DAX Measure in &quot;Values&quot; or &quot;Legend&quot; Field in Power BI Scatter Plot"},{"tags":["spring-boot","jwt"],"owner":{"account_id":5810544,"reputation":1,"user_id":4581769,"user_type":"registered","profile_image":"https://www.gravatar.com/avatar/679c3c12633d479e0426b38a7cff8585?s=256&d=identicon&r=PG&f=y&so-version=2","display_name":"javaLearner","link":"https://stackoverflow.com/users/4581769/javalearner"},"is_answered":false,"view_count":48,"answer_count":0,"score":0,"last_activity_date":1680505500,"creation_date":1680497681,"question_id":75916136,"content_license":"CC BY-SA 4.0","link":"https://stackoverflow.com/questions/75916136/spring-boot-load-on-startup","title":"Spring boot load on startup"},{"tags":["postgresql","sql-injection","dapper","dynamicquery"],"owner":{"account_id":10607506,"reputation":45,"user_id":7812359,"user_type":"registered","profile_image":"https://www.gravatar.com/avatar/2311b63cfe375fde6b32ba05712d439d?s=256&d=identicon&r=PG&f=y&so-version=2","display_name":"Faraaz","link":"https://stackoverflow.com/users/7812359/faraaz"},"is_answered":true,"view_count":324,"accepted_answer_id":75938032,"answer_count":2,"score":0,"last_activity_date":1680688463,"creation_date":1680497672,"last_edit_date":1680499172,"question_id":75916135,"content_license":"CC BY-SA 4.0","link":"https://stackoverflow.com/questions/75916135/avoid-sql-injection-in-postgres-sql-dynamic-query-using-dapper","title":"Avoid SQL injection in Postgres sql dynamic query using Dapper"},{"tags":["python","macos","airflow","boto3"],"owner":{"account_id":4206207,"reputation":945,"user_id":11774808,"user_type":"registered","profile_image":"https://lh6.googleusercontent.com/-L8EsrcMm6gk/AAAAAAAAAAI/AAAAAAAAAAA/ACHi3reXQ5uPp5l81opQZN79bkr1OJizoQ/photo.jpg?sz=256","display_name":"m01010011","link":"https://stackoverflow.com/users/11774808/m01010011"},"is_answered":false,"view_count":187,"answer_count":1,"score":0,"last_activity_date":1680531802,"creation_date":1680497589,"last_edit_date":1680531802,"question_id":75916129,"content_license":"CC BY-SA 4.0","link":"https://stackoverflow.com/questions/75916129/why-am-i-unable-to-create-boto3-s3-client-instance-in-airflow-2-5-task-gets-stu","title":"Why am I unable to create Boto3 S3 client instance in Airflow 2.5 (task gets stuck without error)? How to debug it?"},{"tags":["jquery"],"owner":{"account_id":16448211,"reputation":193,"user_id":15502957,"user_type":"registered","profile_image":"https://www.gravatar.com/avatar/fc97a37ca54c5c2067ed8793ce97edb7?s=256&d=identicon&r=PG&f=y&so-version=2","display_name":"tj26","link":"https://stackoverflow.com/users/15502957/tj26"},"is_answered":false,"view_count":59,"answer_count":1,"score":-1,"last_activity_date":1680669565,"creation_date":1680497571,"last_edit_date":1680669435,"question_id":75916128,"content_license":"CC BY-SA 4.0","link":"https://stackoverflow.com/questions/75916128/jquery-alert-use-enter-key-to-close-window","title":"jquery-alert Use Enter key to close window"},{"tags":["vue.js","vue-router"],"owner":{"account_id":24018428,"reputation":21,"user_id":18001074,"user_type":"registered","profile_image":"https://lh3.googleusercontent.com/a/AATXAJy37HjgSHKXNYJpCccJ7IXTqC9L5bgkesyICF0W=k-s256","display_name":"user18001074","link":"https://stackoverflow.com/users/18001074/user18001074"},"is_answered":false,"view_count":132,"answer_count":0,"score":0,"last_activity_date":1680497537,"creation_date":1680497537,"question_id":75916125,"content_license":"CC BY-SA 4.0","link":"https://stackoverflow.com/questions/75916125/vue-router-keepalive-meta-not-functioning","title":"Vue router keepAlive meta not functioning"},{"tags":["python","airflow","airflow-2.x"],"owner":{"account_id":20612406,"reputation":91,"user_id":15131281,"user_type":"registered","profile_image":"https://lh6.googleusercontent.com/-GS_jflzqlIM/AAAAAAAAAAI/AAAAAAAAAAA/AMZuucmtCjw9FaTVhAyGA5No27tZJDkC-A/s96-c/photo.jpg?sz=256","display_name":"Kumar Padhy","link":"https://stackoverflow.com/users/15131281/kumar-padhy"},"is_answered":true,"view_count":708,"answer_count":1,"score":1,"last_activity_date":1680610059,"creation_date":1680497522,"question_id":75916124,"content_license":"CC BY-SA 4.0","link":"https://stackoverflow.com/questions/75916124/how-pull-xcom-value-between-task-and-taskgroup","title":"How pull xcom value between task and taskgroup?"},{"tags":["go","tpm","trusted-computing"],"owner":{"account_id":17912508,"reputation":11,"user_id":13014285,"user_type":"registered","profile_image":"https://lh3.googleusercontent.com/a-/AOh14GhpGtJ1zNr6RlYalmF2eWbZeGylGW3_-YwhhO7tSw=k-s256","display_name":"Avishka Shamendra","link":"https://stackoverflow.com/users/13014285/avishka-shamendra"},"is_answered":false,"view_count":134,"answer_count":1,"score":1,"last_activity_date":1680506200,"creation_date":1680497395,"last_edit_date":1680506200,"question_id":75916117,"content_license":"CC BY-SA 4.0","link":"https://stackoverflow.com/questions/75916117/go-lang-tpm2-library-pcr-extend-pcr-read-inconsistency","title":"Go lang tpm2 library PCR extend, PCR read inconsistency"},{"tags":["ssl","iis","https"],"owner":{"account_id":10153528,"reputation":170,"user_id":7499304,"user_type":"registered","accept_rate":50,"profile_image":"https://www.gravatar.com/avatar/e68f3022d45d18de2ae21911b4c7ae72?s=256&d=identicon&r=PG&f=y&so-version=2","display_name":"hud. ","link":"https://stackoverflow.com/users/7499304/hud"},"is_answered":true,"view_count":2565,"accepted_answer_id":75916398,"answer_count":1,"score":0,"last_activity_date":1680501570,"creation_date":1680497386,"question_id":75916116,"content_license":"CC BY-SA 4.0","link":"https://stackoverflow.com/questions/75916116/renew-a-web-hosting-certificate-on-iis","title":"Renew a web hosting certificate on IIS"},{"tags":["javascript","css","reactjs","responsive-design","responsive"],"owner":{"account_id":25786010,"reputation":129,"user_id":19530814,"user_type":"registered","profile_image":"https://www.gravatar.com/avatar/7a8a01336f84fcfe581837b37b6aa919?s=256&d=identicon&r=PG","display_name":"meWho","link":"https://stackoverflow.com/users/19530814/mewho"},"is_answered":false,"view_count":39,"answer_count":1,"score":-1,"last_activity_date":1680502828,"creation_date":1680497257,"question_id":75916112,"content_license":"CC BY-SA 4.0","link":"https://stackoverflow.com/questions/75916112/footer-doesnt-fix-to-bottom-of-a-page-when-scrolling-with-not-much-content-on-p","title":"footer doesn&#39;t fix to bottom of a page when scrolling with not much content on page"},{"tags":["c++","visual-studio-code","visual-c++"],"owner":{"account_id":28199395,"reputation":11,"user_id":21553444,"user_type":"registered","profile_image":"https://lh3.googleusercontent.com/a/AGNmyxYPGKmNaPKg-jGMHmpW-HLjoJkdV4ynw6LkUgKo-w=k-s256","display_name":"Taher Sasta","link":"https://stackoverflow.com/users/21553444/taher-sasta"},"is_answered":false,"view_count":113,"answer_count":1,"score":0,"last_activity_date":1682022641,"creation_date":1680497208,"question_id":75916111,"content_license":"CC BY-SA 4.0","link":"https://stackoverflow.com/questions/75916111/how-to-compile-nuke-ndk-plugins-in-c","title":"How to compile nuke NDK plugins in C++"},{"tags":["android-studio","kotlin"],"owner":{"account_id":28191827,"reputation":21,"user_id":21547101,"user_type":"registered","profile_image":"https://i.stack.imgur.com/iPoGC.jpg?s=256&g=1","display_name":"Brandon","link":"https://stackoverflow.com/users/21547101/brandon"},"is_answered":false,"view_count":620,"answer_count":1,"score":2,"last_activity_date":1701362531,"creation_date":1680497182,"last_edit_date":1680680874,"question_id":75916109,"content_license":"CC BY-SA 4.0","link":"https://stackoverflow.com/questions/75916109/any-difference-between-getstring-and-stringresource","title":"Any difference between getString() and stringResource()"},{"tags":["kotlin","value-type","data-class","reference-type"],"owner":{"account_id":5344769,"reputation":1637,"user_id":4260623,"user_type":"registered","accept_rate":14,"profile_image":"https://i.stack.imgur.com/Kff1e.jpg?s=256&g=1","display_name":"Nasir","link":"https://stackoverflow.com/users/4260623/nasir"},"is_answered":true,"view_count":429,"accepted_answer_id":75917257,"answer_count":1,"score":2,"last_activity_date":1680514530,"creation_date":1680497124,"last_edit_date":1680514530,"question_id":75916106,"content_license":"CC BY-SA 4.0","link":"https://stackoverflow.com/questions/75916106/are-kotlin-data-classes-value-types-or-reference-type","title":"Are Kotlin data classes Value types or Reference type?"},{"tags":["google-sheets-api"],"owner":{"account_id":28199400,"reputation":1,"user_id":21553448,"user_type":"registered","profile_image":"https://lh3.googleusercontent.com/a/AGNmyxYzfE0g1-cuRX5nkUhLWL3SU_hAb4PY2t48iOgu=k-s256","display_name":"Desiree Koller","link":"https://stackoverflow.com/users/21553448/desiree-koller"},"is_answered":false,"view_count":15,"answer_count":0,"score":0,"last_activity_date":1680497117,"creation_date":1680497117,"question_id":75916102,"content_license":"CC BY-SA 4.0","link":"https://stackoverflow.com/questions/75916102/adding-phone-number-and-hit-enter-not-space","title":"adding phone number and hit enter not space"},{"tags":["javascript","reactjs","typescript","axios","google-translate"],"owner":{"account_id":17820247,"reputation":43,"user_id":12942771,"user_type":"registered","profile_image":"https://lh3.googleusercontent.com/a-/AAuE7mANYkF5wMA5MfC7uNMTqa7QR3uE5bMbNUMsY79n=k-s256","display_name":"Project Destoryer","link":"https://stackoverflow.com/users/12942771/project-destoryer"},"is_answered":false,"view_count":103,"answer_count":0,"score":1,"last_activity_date":1680497067,"creation_date":1680497067,"question_id":75916098,"content_license":"CC BY-SA 4.0","link":"https://stackoverflow.com/questions/75916098/cant-google-translate-response-data-from-axios-to-english-reactjs","title":"Can&#39;t google translate response-data from Axios to English - ReactJS"},{"tags":["string","apache-nifi"],"owner":{"account_id":28141814,"reputation":1,"user_id":21504739,"user_type":"registered","profile_image":"https://lh3.googleusercontent.com/a/AGNmyxabd1xYpf_ZRqEBi3TpoAkoxYSRVe3ZeZ3ZlNR73Q=k-s256","display_name":"Kate","link":"https://stackoverflow.com/users/21504739/kate"},"is_answered":false,"view_count":36,"answer_count":0,"score":0,"last_activity_date":1680504245,"creation_date":1680497063,"last_edit_date":1680504245,"question_id":75916097,"content_license":"CC BY-SA 4.0","link":"https://stackoverflow.com/questions/75916097/nifi-attributestojson-returns-empty-strings","title":"NiFi attributesToJson returns empty strings"},{"tags":["sql","database","azure-data-factory","query-optimization","azure-synapse"],"owner":{"account_id":28186589,"reputation":3,"user_id":21542662,"user_type":"registered","profile_image":"https://lh3.googleusercontent.com/a/AGNmyxahc76c_xGpFjGhAJDCdo0kceU2K5hzGDlXT9kn=k-s256","display_name":"venkat ","link":"https://stackoverflow.com/users/21542662/venkat"},"is_answered":true,"view_count":91,"accepted_answer_id":75916134,"answer_count":1,"score":0,"last_activity_date":1681816522,"creation_date":1680496978,"last_edit_date":1681816522,"question_id":75916093,"content_license":"CC BY-SA 4.0","link":"https://stackoverflow.com/questions/75916093/azure-synapse-performance-optimization","title":"Azure Synapse Performance optimization"},{"tags":["trading","indicator","pine-script-v4","technical-indicator"],"owner":{"account_id":28199346,"reputation":1,"user_id":21553405,"user_type":"registered","profile_image":"https://lh3.googleusercontent.com/a/AGNmyxYGaEoM1ZV9wAIRvOrMIdqrnsApwj7-rFv5ohu9xg=k-s256","display_name":"Biage C","link":"https://stackoverflow.com/users/21553405/biage-c"},"is_answered":false,"view_count":133,"answer_count":1,"score":0,"last_activity_date":1680499873,"creation_date":1680496964,"question_id":75916091,"content_license":"CC BY-SA 4.0","link":"https://stackoverflow.com/questions/75916091/cannot-call-plot-error-for-pine-script-elliot-wave-indicator","title":"Cannot call &#39;plot&#39; error for pine-script Elliot Wave indicator"},{"tags":["typescript","firebase","google-cloud-platform","google-cloud-firestore","google-cloud-functions"],"owner":{"account_id":6212257,"reputation":2043,"user_id":4838216,"user_type":"registered","accept_rate":48,"profile_image":"https://www.gravatar.com/avatar/cd7c83fe2796b102bffa4729d0074956?s=256&d=identicon&r=PG&f=y&so-version=2","display_name":"whatwhatwhat","link":"https://stackoverflow.com/users/4838216/whatwhatwhat"},"is_answered":true,"view_count":88,"accepted_answer_id":75917102,"answer_count":1,"score":0,"last_activity_date":1680681568,"creation_date":1680496906,"last_edit_date":1680681568,"question_id":75916087,"content_license":"CC BY-SA 4.0","link":"https://stackoverflow.com/questions/75916087/do-i-need-to-validate-the-apikey-or-is-validating-the-users-auth-enough-for-an","title":"Do I need to validate the apiKey or is validating the user&#39;s auth enough for an HTTPS callable function?"},{"tags":["python","geometry","line","intersection","pyvista"],"owner":{"account_id":27754537,"reputation":25,"user_id":21188982,"user_type":"registered","profile_image":"https://www.gravatar.com/avatar/42a87dfa76fe1b27d158a6cd79633dc6?s=256&d=identicon&r=PG","display_name":"ChristianHS","link":"https://stackoverflow.com/users/21188982/christianhs"},"is_answered":true,"view_count":326,"accepted_answer_id":75923634,"answer_count":1,"score":1,"last_activity_date":1680554712,"creation_date":1680496904,"last_edit_date":1680541150,"question_id":75916086,"content_license":"CC BY-SA 4.0","link":"https://stackoverflow.com/questions/75916086/how-can-i-intersect-2-lines-using-pyvista","title":"How can I intersect 2 lines using PyVista?"},{"tags":["c#","roslyn","sourcegenerators","csharp-source-generator","incremental-generator"],"owner":{"account_id":1155604,"reputation":2499,"user_id":1136311,"user_type":"registered","accept_rate":42,"profile_image":"https://www.gravatar.com/avatar/6e78c5dc795d256f958c458d151c581e?s=256&d=identicon&r=PG","display_name":"monkey0506","link":"https://stackoverflow.com/users/1136311/monkey0506"},"is_answered":false,"view_count":85,"answer_count":1,"score":0,"last_activity_date":1691540711,"creation_date":1680496863,"last_edit_date":1680506409,"question_id":75916082,"content_license":"CC BY-SA 4.0","link":"https://stackoverflow.com/questions/75916082/getoperation-returning-null-for-variabledeclaratorsyntax-variabledeclarationsyn","title":"GetOperation returning null for VariableDeclaratorSyntax, VariableDeclarationSyntax, and FieldDeclarationSyntax"},{"tags":["database","b-tree","bulk-load","b-plus-tree"],"owner":{"account_id":11893054,"reputation":11,"user_id":8703303,"user_type":"registered","profile_image":"https://www.gravatar.com/avatar/973c7e3e524e0fb0669006462ffe17bf?s=256&d=identicon&r=PG&f=y&so-version=2","display_name":"Saasha Joshi","link":"https://stackoverflow.com/users/8703303/saasha-joshi"},"is_answered":false,"view_count":348,"answer_count":1,"score":1,"last_activity_date":1680770648,"creation_date":1680496862,"last_edit_date":1680770648,"question_id":75916081,"content_license":"CC BY-SA 4.0","link":"https://stackoverflow.com/questions/75916081/bulk-loading-b-trees-top-down-and-bottom-up-approach","title":"Bulk Loading B+ trees: Top-down and Bottom-up approach"},{"tags":["c","linked-list"],"owner":{"account_id":27730661,"reputation":1,"user_id":21169231,"user_type":"registered","profile_image":"https://lh3.googleusercontent.com/a/AEdFTp6Z5iiTl7QGHMCKxz_IF8FTTWoY2i966p8LYnhl=k-s256","display_name":"madhvi burange","link":"https://stackoverflow.com/users/21169231/madhvi-burange"},"is_answered":false,"view_count":77,"answer_count":1,"score":-1,"last_activity_date":1680734601,"creation_date":1680496856,"last_edit_date":1680734601,"question_id":75916079,"content_license":"CC BY-SA 4.0","link":"https://stackoverflow.com/questions/75916079/push-function-for-linkedlist","title":"Push function for LinkedList"},{"tags":["phalcon","phalcon-routing"],"owner":{"account_id":22933883,"reputation":1,"user_id":17067640,"user_type":"registered","profile_image":"https://lh3.googleusercontent.com/a/AATXAJza5B7nGdSbDiFb1RWOedBkFHaaAQvRGA-Whg7E=k-s256","display_name":"Chamara Abeysekara","link":"https://stackoverflow.com/users/17067640/chamara-abeysekara"},"is_answered":false,"view_count":121,"answer_count":2,"score":0,"last_activity_date":1680793703,"creation_date":1680496679,"question_id":75916069,"content_license":"CC BY-SA 4.0","link":"https://stackoverflow.com/questions/75916069/phalcon-get-routes-allowing-any-other-non-http-method-to-make-successful-request","title":"phalcon GET routes allowing any other non http method to make successful request to that route"},{"tags":["reactjs","react-native"],"owner":{"account_id":11725101,"reputation":21,"user_id":8582682,"user_type":"registered","profile_image":"https://www.gravatar.com/avatar/1a2b1ccda648c8a0a8c580144fb587b9?s=256&d=identicon&r=PG&f=y&so-version=2","display_name":"tyler","link":"https://stackoverflow.com/users/8582682/tyler"},"is_answered":false,"view_count":43,"answer_count":0,"score":0,"last_activity_date":1680497054,"creation_date":1680496665,"last_edit_date":1680497047,"question_id":75916067,"content_license":"CC BY-SA 4.0","link":"https://stackoverflow.com/questions/75916067/how-do-i-map-a-state-to-buttons","title":"How do I map a state to buttons"},{"tags":["javascript","paypal","payment-gateway","paypal-sandbox"],"owner":{"account_id":20375930,"reputation":11,"user_id":14947108,"user_type":"registered","profile_image":"https://www.gravatar.com/avatar/7416c434a1bc3708aa0ac82d1e82c74b?s=256&d=identicon&r=PG&f=y&so-version=2","display_name":"Clement Klenam","link":"https://stackoverflow.com/users/14947108/clement-klenam"},"is_answered":false,"view_count":41,"answer_count":0,"score":1,"last_activity_date":1680496550,"creation_date":1680496550,"question_id":75916063,"content_license":"CC BY-SA 4.0","link":"https://stackoverflow.com/questions/75916063/script-js28-uncaught-referenceerror-isvalidcvc-is-not-defined-i-keep-getting-n","title":"script.js:28 Uncaught ReferenceError: isValidCVC is not defined i keep getting not defined in my console"},{"tags":["excel","vba","autofilter"],"owner":{"account_id":27896756,"reputation":3,"user_id":21301873,"user_type":"registered","profile_image":"https://www.gravatar.com/avatar/12a3b61bd3b3a6cdb9f3da43374d6dcb?s=256&d=identicon&r=PG","display_name":"richhodg","link":"https://stackoverflow.com/users/21301873/richhodg"},"is_answered":true,"view_count":62,"accepted_answer_id":75916434,"answer_count":2,"score":0,"last_activity_date":1681044735,"creation_date":1680496504,"last_edit_date":1680497295,"question_id":75916058,"content_license":"CC BY-SA 4.0","link":"https://stackoverflow.com/questions/75916058/autofilter-multiple-worksheet-where-a-column-does-not-contain-a-value","title":"Autofilter multiple worksheet where a column does not contain a value"},{"tags":["swift","postgresql","schema","vapor"],"owner":{"account_id":19624598,"reputation":69,"user_id":14364279,"user_type":"registered","profile_image":"https://lh3.googleusercontent.com/a-/AOh14GjaR5BABDKpOazqUxIWk-msotTRMVYqJ5VJ6HNg=k-s256","display_name":"Harry Flotemersch","link":"https://stackoverflow.com/users/14364279/harry-flotemersch"},"is_answered":true,"view_count":41,"answer_count":1,"score":1,"last_activity_date":1680496949,"creation_date":1680496493,"question_id":75916057,"content_license":"CC BY-SA 4.0","link":"https://stackoverflow.com/questions/75916057/vapor-4-schema-truncate","title":"Vapor 4, Schema Truncate"}],"has_more":true,"quota_max":300,"quota_remaining":102}