{"items":[{"tags":["python","regex"],"owner":{"account_id":27868392,"reputation":13,"user_id":21279473,"user_type":"registered","profile_image":"https://lh3.googleusercontent.com/a/AGNmyxZ4luZoNITFDei8GExqHXd3eDyEWBRWTNdi2OuEow=k-s256","display_name":"Vanomel","link":"https://stackoverflow.com/users/21279473/vanomel"},"is_answered":true,"view_count":52,"accepted_answer_id":75555848,"answer_count":1,"score":0,"last_activity_date":1677241036,"creation_date":1677236385,"question_id":75555726,"content_license":"CC BY-SA 4.0","link":"https://stackoverflow.com/questions/75555726/regular-expression-to-match-only-json-output","title":"regular expression to match only json output"},{"tags":["r","subset"],"owner":{"account_id":27124153,"reputation":125,"user_id":20667454,"user_type":"registered","profile_image":"https://www.gravatar.com/avatar/b3bd507e390cfb024b9ab9fa59a750b0?s=256&d=identicon&r=PG","display_name":"Rara","link":"https://stackoverflow.com/users/20667454/rara"},"is_answered":true,"view_count":52,"accepted_answer_id":75555926,"answer_count":2,"score":0,"last_activity_date":1677245068,"creation_date":1677236370,"question_id":75555724,"content_license":"CC BY-SA 4.0","link":"https://stackoverflow.com/questions/75555724/how-to-subset-two-data-frames-based-on-the-common-values-in-two-columns-in-r","title":"How to subset two data frames based on the common values in two columns in R"},{"tags":["c#","visual-studio","unit-testing","coding-style","editorconfig"],"owner":{"account_id":188665,"reputation":2227,"user_id":427525,"user_type":"registered","accept_rate":63,"profile_image":"https://www.gravatar.com/avatar/acdcbae20309e73600b218a3ac2dea63?s=256&d=identicon&r=PG","display_name":"Brian Kessler","link":"https://stackoverflow.com/users/427525/brian-kessler"},"is_answered":true,"view_count":241,"answer_count":1,"score":2,"last_activity_date":1701360827,"creation_date":1677236356,"question_id":75555722,"content_license":"CC BY-SA 4.0","link":"https://stackoverflow.com/questions/75555722/in-a-visual-studio-c-project-is-it-possible-to-enforce-microsoft-learns-best","title":"In a Visual Studio C# project, is it possible to enforce Microsoft Learn&#39;s Best Practice Naming convention for tests?"},{"tags":["grpc","grpc-c++"],"owner":{"account_id":27868575,"reputation":11,"user_id":21279610,"user_type":"registered","profile_image":"https://lh3.googleusercontent.com/a/AGNmyxa1_KI4-eZ78xAvsR3CEqm2NBXx5Hp7ahkNbuEO=k-s256","display_name":"Martin Zamkotsian","link":"https://stackoverflow.com/users/21279610/martin-zamkotsian"},"is_answered":false,"view_count":273,"answer_count":1,"score":1,"last_activity_date":1689781279,"creation_date":1677236349,"question_id":75555720,"content_license":"CC BY-SA 4.0","link":"https://stackoverflow.com/questions/75555720/grpc-c-grpcstatuserror-message-does-not-report-failure-reason","title":"gRPC C++ grpc::Status::error_message does not report failure reason"},{"tags":["nuxt.js"],"owner":{"account_id":27176595,"reputation":11,"user_id":20712481,"user_type":"registered","profile_image":"https://lh3.googleusercontent.com/a/AEdFTp7Cudks8KAgGnQFPT4EwzKA9-Ri2AvN_vanjUIgBg=k-s256","display_name":"soula montassar","link":"https://stackoverflow.com/users/20712481/soula-montassar"},"is_answered":true,"view_count":1228,"answer_count":1,"score":1,"last_activity_date":1677587883,"creation_date":1677236345,"last_edit_date":1677236650,"question_id":75555718,"content_license":"CC BY-SA 4.0","link":"https://stackoverflow.com/questions/75555718/nuxt-js-cannot-find-module-nodefs","title":"NUXT JS: Cannot find module node:fs"},{"tags":["next.js"],"owner":{"account_id":18143272,"reputation":21,"user_id":13196880,"user_type":"registered","profile_image":"https://lh3.googleusercontent.com/a-/AOh14GiXKn7XYfyoMuBU1iOc1v_Fozzop9lOddDfkXM8=k-s256","display_name":"jhahspu","link":"https://stackoverflow.com/users/13196880/jhahspu"},"is_answered":true,"view_count":464,"closed_date":1684304895,"accepted_answer_id":75556085,"answer_count":2,"score":-2,"last_activity_date":1684245828,"creation_date":1677236338,"last_edit_date":1684245828,"question_id":75555716,"link":"https://stackoverflow.com/questions/75555716/how-to-create-nextjs-app-without-github-repository","closed_reason":"Needs details or clarity","title":"How to create nextjs app without github repository"},{"tags":["git","npm","yarnpkg","package.json"],"owner":{"account_id":4103751,"reputation":1820,"user_id":3368498,"user_type":"registered","accept_rate":95,"profile_image":"https://i.stack.imgur.com/ulp2s.jpg?s=256&g=1","display_name":"Radek Anuszewski","link":"https://stackoverflow.com/users/3368498/radek-anuszewski"},"is_answered":false,"view_count":96,"answer_count":0,"score":0,"last_activity_date":1677236299,"creation_date":1677236299,"question_id":75555712,"content_license":"CC BY-SA 4.0","link":"https://stackoverflow.com/questions/75555712/yarn-publish-and-autocommit-to-git","title":"Yarn publish and autocommit to Git"},{"tags":["java","spring"],"owner":{"account_id":5771883,"reputation":3854,"user_id":4555102,"user_type":"registered","accept_rate":35,"profile_image":"https://i.stack.imgur.com/2RQHU.jpg?s=256&g=1","display_name":"shuba.ivan","link":"https://stackoverflow.com/users/4555102/shuba-ivan"},"is_answered":false,"view_count":24,"answer_count":1,"score":0,"last_activity_date":1677241670,"creation_date":1677236290,"question_id":75555711,"content_license":"CC BY-SA 4.0","link":"https://stackoverflow.com/questions/75555711/is-it-possible-to-implement-some-pre-process-or-something-to-check-if-it-bean-na","title":"Is it possible to implement some pre-process or something to check if it bean name present in Enum"},{"tags":["salesforce","soql"],"owner":{"account_id":283447,"reputation":4162,"user_id":580950,"user_type":"registered","accept_rate":75,"profile_image":"https://www.gravatar.com/avatar/de4ca8cc3d001e153e0e5ef0289467cf?s=256&d=identicon&r=PG","display_name":"TSCAmerica.com","link":"https://stackoverflow.com/users/580950/tscamerica-com"},"is_answered":true,"view_count":509,"accepted_answer_id":75556917,"answer_count":1,"score":0,"last_activity_date":1677243890,"creation_date":1677236263,"question_id":75555710,"content_license":"CC BY-SA 4.0","link":"https://stackoverflow.com/questions/75555710/salesforce-soql-unknown-error-parsing-query","title":"Salesforce - SOQL - Unknown error parsing query"},{"tags":["c#","winforms"],"owner":{"account_id":25386155,"reputation":7,"user_id":19197919,"user_type":"registered","profile_image":"https://lh3.googleusercontent.com/a-/AOh14Ghp8lHvkyxrQ1aRHhSTbYM5S0tqTTxYd_AV51sRmA=k-s256","display_name":"Ramenmaestro","link":"https://stackoverflow.com/users/19197919/ramenmaestro"},"is_answered":true,"view_count":202,"accepted_answer_id":75564439,"answer_count":1,"score":0,"last_activity_date":1677317277,"creation_date":1677236255,"last_edit_date":1677242515,"question_id":75555708,"content_license":"CC BY-SA 4.0","link":"https://stackoverflow.com/questions/75555708/how-can-i-set-last-selected-item-as-default-for-a-combobox","title":"How can I set last selected item as default for a combobox?"},{"tags":["python","lambda"],"owner":{"account_id":1412917,"reputation":178,"user_id":1339178,"user_type":"registered","accept_rate":40,"profile_image":"https://www.gravatar.com/avatar/677373ee0a6dc88b3e51837b94866326?s=256&d=identicon&r=PG","display_name":"cookertron","link":"https://stackoverflow.com/users/1339178/cookertron"},"is_answered":false,"view_count":21,"answer_count":1,"score":0,"last_activity_date":1677236907,"creation_date":1677236247,"question_id":75555706,"content_license":"CC BY-SA 4.0","link":"https://stackoverflow.com/questions/75555706/sorting-cube-surfaces-lambda-syntax-error","title":"Sorting Cube Surfaces Lambda Syntax Error"},{"tags":["r","shiny","r-markdown","r-leaflet"],"owner":{"account_id":22245901,"reputation":80,"user_id":17446666,"user_type":"registered","profile_image":"https://www.gravatar.com/avatar/658c48ffd5916d856b8c776faefcab05?s=256&d=identicon&r=PG&f=y&so-version=2","display_name":"AlexaQuinoa","link":"https://stackoverflow.com/users/17446666/alexaquinoa"},"is_answered":false,"view_count":58,"answer_count":0,"score":0,"last_activity_date":1677236220,"creation_date":1677236220,"question_id":75555703,"content_license":"CC BY-SA 4.0","link":"https://stackoverflow.com/questions/75555703/r-markdown-not-knitting-to-html","title":"R markdown not knitting to HTML?"},{"tags":["sql","sql-server","t-sql"],"owner":{"account_id":2454880,"reputation":4435,"user_id":2140331,"user_type":"registered","accept_rate":87,"profile_image":"https://www.gravatar.com/avatar/e4fc058b786dd472111650fe7b049cc5?s=256&d=identicon&r=PG","display_name":"xeraphim","link":"https://stackoverflow.com/users/2140331/xeraphim"},"is_answered":false,"view_count":66,"answer_count":1,"score":0,"last_activity_date":1677243687,"creation_date":1677236195,"last_edit_date":1677242619,"question_id":75555700,"content_license":"CC BY-SA 4.0","link":"https://stackoverflow.com/questions/75555700/sql-server-select-if-multiple-rows-because-of-one-column-only-return-one-with","title":"SQL Server : select if multiple rows because of one column, only return one with comma seperated values"},{"tags":["android","flutter","android-studio","dart","pub.dev"],"owner":{"account_id":23415061,"reputation":36,"user_id":17476120,"user_type":"registered","profile_image":"https://lh3.googleusercontent.com/a/AATXAJxOLB_YMqwNibTcFJJ3UBccwYNah1LkjS8ySYHN=k-s256","display_name":"Muhammad Zain","link":"https://stackoverflow.com/users/17476120/muhammad-zain"},"is_answered":false,"view_count":57,"answer_count":0,"score":0,"last_activity_date":1677559948,"creation_date":1677236152,"question_id":75555693,"content_license":"CC BY-SA 4.0","link":"https://stackoverflow.com/questions/75555693/the-flutter-tool-cannot-access-the-file-or-directory-import-window-project-in-m","title":"The flutter tool cannot access the file or directory. import window project in mac"},{"tags":["javascript","r","web-scraping","rselenium"],"owner":{"account_id":18805102,"reputation":13,"user_id":13714632,"user_type":"registered","profile_image":"https://www.gravatar.com/avatar/cd19a419e3e70ece1a87617b187d7311?s=256&d=identicon&r=PG&f=y&so-version=2","display_name":"MartinH","link":"https://stackoverflow.com/users/13714632/martinh"},"is_answered":false,"view_count":43,"answer_count":0,"score":0,"last_activity_date":1677251856,"creation_date":1677236135,"last_edit_date":1677251856,"question_id":75555692,"content_license":"CC BY-SA 4.0","link":"https://stackoverflow.com/questions/75555692/cant-select-language-code-in-web-scraping-script-rselenium-chrome","title":"Can&#39;t select language code in web-scraping script (RSelenium, Chrome)"},{"tags":["selenium-webdriver","javascriptexecutor"],"owner":{"account_id":1574741,"reputation":1753,"user_id":1461517,"user_type":"registered","accept_rate":47,"profile_image":"https://www.gravatar.com/avatar/213899124be78f62307b81c6059e386d?s=256&d=identicon&r=PG","display_name":"Steerpike","link":"https://stackoverflow.com/users/1461517/steerpike"},"is_answered":true,"view_count":337,"accepted_answer_id":75562466,"answer_count":3,"score":0,"last_activity_date":1677283887,"creation_date":1677236128,"question_id":75555689,"content_license":"CC BY-SA 4.0","link":"https://stackoverflow.com/questions/75555689/selenium-javascriptexecutor-invalid-or-unexpected-token","title":"Selenium JavascriptExecutor: Invalid or unexpected token"},{"tags":["python","pandas","csv"],"owner":{"account_id":27261764,"reputation":1,"user_id":20784494,"user_type":"registered","profile_image":"https://www.gravatar.com/avatar/c0f0c19b2bf410ea16eed51952867ac5?s=256&d=identicon&r=PG","display_name":"mocoloco","link":"https://stackoverflow.com/users/20784494/mocoloco"},"is_answered":false,"view_count":63,"answer_count":0,"score":0,"last_activity_date":1677237476,"creation_date":1677236122,"last_edit_date":1677236721,"question_id":75555688,"content_license":"CC BY-SA 4.0","link":"https://stackoverflow.com/questions/75555688/converting-txt-to-csv-using-pandas-not-working","title":"Converting .txt to .csv using Pandas not working"},{"tags":["laravel","eloquent","laravel-9","eloquent-relationship"],"owner":{"account_id":4212172,"reputation":615,"user_id":3449547,"user_type":"registered","accept_rate":67,"profile_image":"https://www.gravatar.com/avatar/90cfbefd97a3db05bdf0f9648506d76d?s=256&d=identicon&r=PG&f=y&so-version=2","display_name":"Puneet","link":"https://stackoverflow.com/users/3449547/puneet"},"is_answered":false,"view_count":79,"answer_count":3,"score":0,"last_activity_date":1677266593,"creation_date":1677236106,"question_id":75555686,"content_license":"CC BY-SA 4.0","link":"https://stackoverflow.com/questions/75555686/how-to-apply-multiple-where-condition-on-laravel-eloquent-having-mutliple-models","title":"How to apply multiple where condition on laravel eloquent having mutliple models"},{"tags":["dictionary","gdal","geotiff","elevation"],"owner":{"account_id":24442049,"reputation":1,"user_id":18365603,"user_type":"registered","profile_image":"https://lh3.googleusercontent.com/a/AATXAJxAXDd3pNqRdkryakTRcdo_IGAC9VCYMmN6B0UH=k-s256","display_name":"Alexander Rumjancev","link":"https://stackoverflow.com/users/18365603/alexander-rumjancev"},"is_answered":false,"view_count":26,"answer_count":0,"score":0,"last_activity_date":1677236089,"creation_date":1677236089,"question_id":75555681,"content_license":"CC BY-SA 4.0","link":"https://stackoverflow.com/questions/75555681/required-dem-specifications-by-ugcs","title":"Required DEM specifications by UgCS"},{"tags":["html","css","flexbox"],"owner":{"account_id":11239568,"reputation":51,"user_id":8244370,"user_type":"registered","profile_image":"https://lh3.googleusercontent.com/-XMACRzbItXs/AAAAAAAAAAI/AAAAAAAAAs0/z1Ta78b00ss/photo.jpg?sz=256","display_name":"VISHWANATH T S","link":"https://stackoverflow.com/users/8244370/vishwanath-t-s"},"is_answered":true,"view_count":52,"answer_count":1,"score":0,"last_activity_date":1677237515,"creation_date":1677236067,"last_edit_date":1677237009,"question_id":75555677,"content_license":"CC BY-SA 4.0","link":"https://stackoverflow.com/questions/75555677/ordering-items-in-flexbox","title":"Ordering items in Flexbox"},{"tags":["javascript","html","css","stenciljs"],"owner":{"account_id":13848291,"reputation":1059,"user_id":15268848,"user_type":"registered","profile_image":"https://lh3.googleusercontent.com/a-/AOh14GhG4U4jlZ-OpmvlMlBrJCqB1IXOV45BBXILor2Eyg=k-s256","display_name":"happy_story","link":"https://stackoverflow.com/users/15268848/happy-story"},"is_answered":false,"view_count":117,"answer_count":0,"score":0,"last_activity_date":1677236050,"creation_date":1677236050,"question_id":75555673,"content_license":"CC BY-SA 4.0","link":"https://stackoverflow.com/questions/75555673/i-have-two-buttons-in-a-row-both-containing-icons-but-if-one-of-the-icons-is-l","title":"I have two buttons in a row, both containing icons, but if one of the icons is larger, the other button gets pushed down despite same height. Why?"},{"tags":["c#",".net","windows","icons"],"owner":{"account_id":1551448,"reputation":783,"user_id":1443733,"user_type":"registered","accept_rate":77,"profile_image":"https://www.gravatar.com/avatar/989362eb37e40fd6f45dbd700bb480b5?s=256&d=identicon&r=PG","display_name":"Soko","link":"https://stackoverflow.com/users/1443733/soko"},"is_answered":false,"view_count":155,"answer_count":1,"score":0,"last_activity_date":1680478819,"creation_date":1677235977,"question_id":75555660,"content_license":"CC BY-SA 4.0","link":"https://stackoverflow.com/questions/75555660/net-c-how-to-get-windows-default-vector-icon-for-file-type","title":".NET C#: How to get Windows default &quot;vector&quot; icon for file type"},{"tags":["amazon-redshift"],"owner":{"account_id":17774181,"reputation":11,"user_id":12906951,"user_type":"registered","profile_image":"https://lh3.googleusercontent.com/a-/AAuE7mDqI8zCzZ7cNyLW_S2ITdnLI9Utk4O35HZ8Qarg=k-s256","display_name":"Arjun Singh","link":"https://stackoverflow.com/users/12906951/arjun-singh"},"is_answered":false,"view_count":58,"answer_count":1,"score":0,"last_activity_date":1677258627,"creation_date":1677235964,"last_edit_date":1677236481,"question_id":75555658,"content_license":"CC BY-SA 4.0","link":"https://stackoverflow.com/questions/75555658/redshift-serializable-isolation-violation-in-glue-postactions","title":"Redshift Serializable isolation violation in glue postactions"},{"tags":["python","generics","python-typing","generic-function"],"owner":{"account_id":20181987,"reputation":63,"user_id":14802300,"user_type":"registered","profile_image":"https://lh3.googleusercontent.com/a-/AOh14GjQ9sF7K29AM7kxKQLkmyZIU76clHmerukWn2ftcg=k-s256","display_name":"Levan Gharibashvili","link":"https://stackoverflow.com/users/14802300/levan-gharibashvili"},"is_answered":false,"view_count":494,"answer_count":0,"score":0,"last_activity_date":1677235910,"creation_date":1677235910,"question_id":75555655,"content_license":"CC BY-SA 4.0","link":"https://stackoverflow.com/questions/75555655/typing-for-a-python-function-that-takes-a-generic-class-and-returns-a-specific-i","title":"Typing for a Python function that takes a generic class and returns a specific instance of that class"},{"tags":["python","torchvision"],"owner":{"account_id":27868572,"reputation":81,"user_id":21279608,"user_type":"registered","profile_image":"https://lh3.googleusercontent.com/a/AGNmyxaZJKifXHazaduD1GWq1MgG5ZTi1ZhjpI6U1t9N=k-s256","display_name":"Ranim Saidi","link":"https://stackoverflow.com/users/21279608/ranim-saidi"},"is_answered":true,"view_count":14545,"answer_count":2,"score":8,"last_activity_date":1684661909,"creation_date":1677235861,"last_edit_date":1684661909,"question_id":75555648,"content_license":"CC BY-SA 4.0","link":"https://stackoverflow.com/questions/75555648/failed-to-load-image-python-extension","title":"Failed to load image Python extension"},{"tags":["python","nlp","gpt-2"],"owner":{"account_id":15764888,"reputation":85,"user_id":11375592,"user_type":"registered","profile_image":"https://lh4.googleusercontent.com/-d5_pjmYdQKo/AAAAAAAAAAI/AAAAAAAAABE/Nyknmbk9-zg/photo.jpg?sz=256","display_name":"Sajjad Hossain Sagor","link":"https://stackoverflow.com/users/11375592/sajjad-hossain-sagor"},"is_answered":false,"view_count":802,"answer_count":0,"score":0,"last_activity_date":1677254953,"creation_date":1677235859,"last_edit_date":1677254953,"question_id":75555647,"content_license":"CC BY-SA 4.0","link":"https://stackoverflow.com/questions/75555647/train-gpt-2-on-custom-data","title":"Train GPT-2 on custom data"},{"tags":["c","pipe","fork","exit"],"owner":{"account_id":27866912,"reputation":1,"user_id":21278247,"user_type":"registered","profile_image":"https://www.gravatar.com/avatar/f6c54f2cf09c99a3ec4ee6784f8c1d21?s=256&d=identicon&r=PG","display_name":"BearB","link":"https://stackoverflow.com/users/21278247/bearb"},"is_answered":true,"view_count":56,"answer_count":1,"score":0,"last_activity_date":1677241490,"creation_date":1677235843,"last_edit_date":1677241490,"question_id":75555643,"content_license":"CC BY-SA 4.0","link":"https://stackoverflow.com/questions/75555643/continue-asking-user-for-input-until-condition-is-met-in-two-way-process","title":"Continue asking user for input until condition is met in two way process"},{"tags":["kubernetes","websocket","envoyproxy"],"owner":{"account_id":3442780,"reputation":4961,"user_id":2884309,"user_type":"registered","accept_rate":73,"profile_image":"https://i.stack.imgur.com/T1Mo3.jpg?s=256&g=1","display_name":"Ivan Aracki","link":"https://stackoverflow.com/users/2884309/ivan-aracki"},"is_answered":false,"view_count":266,"answer_count":0,"score":0,"last_activity_date":1677235828,"creation_date":1677235828,"question_id":75555638,"content_license":"CC BY-SA 4.0","link":"https://stackoverflow.com/questions/75555638/preserve-a-websocket-connection-in-such-way-that-the-connection-is-taken-over-by","title":"Preserve a websocket connection in such way that the connection is taken over by another healthy upstream?"},{"tags":["kubernetes","terraform","pgadmin-4"],"owner":{"account_id":18283524,"reputation":353,"user_id":13311923,"user_type":"registered","profile_image":"https://lh5.googleusercontent.com/-Em_LDGzjZ_w/AAAAAAAAAAI/AAAAAAAAAAA/AAKWJJOEBplpgIZ7BqgdOo8fJFVlU3SK5Q/photo.jpg?sz=256","display_name":"MBA","link":"https://stackoverflow.com/users/13311923/mba"},"is_answered":false,"view_count":51,"answer_count":0,"score":0,"last_activity_date":1677238086,"creation_date":1677235826,"last_edit_date":1677238086,"question_id":75555635,"content_license":"CC BY-SA 4.0","link":"https://stackoverflow.com/questions/75555635/unable-to-persist-servers-configuration","title":"Unable to persist servers configuration"},{"tags":["flutter","dart","package","dispose","pub.dev"],"owner":{"account_id":26996230,"reputation":21,"user_id":20558300,"user_type":"registered","profile_image":"https://www.gravatar.com/avatar/7ecdffef9338f456e55f4bf716bc0412?s=256&d=identicon&r=PG","display_name":"Corentin","link":"https://stackoverflow.com/users/20558300/corentin"},"is_answered":false,"view_count":141,"answer_count":3,"score":0,"last_activity_date":1680625570,"creation_date":1677235807,"question_id":75555630,"content_license":"CC BY-SA 4.0","link":"https://stackoverflow.com/questions/75555630/problem-of-initialization-of-values-in-flutter","title":"Problem of initialization of values in Flutter"}],"has_more":true,"quota_max":300,"quota_remaining":253}