{"items":[{"tags":["graphql","apollo-client","supabase"],"owner":{"account_id":19649721,"reputation":723,"user_id":14383815,"user_type":"registered","profile_image":"https://www.gravatar.com/avatar/925a06d392c190cf8cd1a23c455544d9?s=256&d=identicon&r=PG&f=y&so-version=2","display_name":"Usama Abdul Razzaq","link":"https://stackoverflow.com/users/14383815/usama-abdul-razzaq"},"is_answered":false,"view_count":146,"answer_count":0,"score":0,"last_activity_date":1686671999,"creation_date":1686671999,"question_id":76466745,"content_license":"CC BY-SA 4.0","link":"https://stackoverflow.com/questions/76466745/real-time-data-operations-in-supabase-native-functionalities-or-apollo-client-w","title":"Real-time data operations in Supabase: Native functionalities or Apollo Client with GraphQL?"},{"tags":["nextflow"],"owner":{"account_id":3250349,"reputation":830,"user_id":2740831,"user_type":"registered","accept_rate":76,"profile_image":"https://www.gravatar.com/avatar/7a2d762804ac528c67028f84cf6e6a1f?s=256&d=identicon&r=PG&f=y&so-version=2","display_name":"Death Metal","link":"https://stackoverflow.com/users/2740831/death-metal"},"is_answered":true,"view_count":251,"accepted_answer_id":76469515,"answer_count":1,"score":1,"last_activity_date":1686789941,"creation_date":1686671996,"question_id":76466744,"content_license":"CC BY-SA 4.0","link":"https://stackoverflow.com/questions/76466744/nextflow-pass-reads-variable-to-process-in-another-script","title":"Nextflow: pass reads variable to process in another script"},{"tags":["marklogic","cts"],"owner":{"account_id":16369011,"reputation":9,"user_id":11822699,"user_type":"registered","profile_image":"https://www.gravatar.com/avatar/75b952f04529f23fb26a84baa900f1a2?s=256&d=identicon&r=PG&f=y&so-version=2","display_name":"Manjunath","link":"https://stackoverflow.com/users/11822699/manjunath"},"is_answered":false,"view_count":59,"answer_count":2,"score":0,"last_activity_date":1686815581,"creation_date":1686671986,"last_edit_date":1686815581,"question_id":76466743,"content_license":"CC BY-SA 4.0","link":"https://stackoverflow.com/questions/76466743/optimized-way-to-join-two-collections-in-marklogic-and-get-the-result","title":"Optimized way to join two collections in Marklogic and get the result"},{"tags":["python-3.x","pyserial"],"owner":{"account_id":19249066,"reputation":91,"user_id":14067510,"user_type":"registered","profile_image":"https://www.gravatar.com/avatar/f2f3f22ebb85a9d5439464efc89b13ce?s=256&d=identicon&r=PG&f=y&so-version=2","display_name":"bgardne7","link":"https://stackoverflow.com/users/14067510/bgardne7"},"is_answered":false,"view_count":31,"answer_count":0,"score":0,"last_activity_date":1686671966,"creation_date":1686671966,"question_id":76466740,"content_license":"CC BY-SA 4.0","link":"https://stackoverflow.com/questions/76466740/read-output-from-command-line-using-pyserial","title":"Read output from command line using pyserial"},{"tags":["python","r","math","mathematical-optimization","numerical-methods"],"owner":{"account_id":19334776,"reputation":1039,"user_id":14135555,"user_type":"registered","profile_image":"https://graph.facebook.com/4267556193316153/picture?type=large","display_name":"Jorge Paredes","link":"https://stackoverflow.com/users/14135555/jorge-paredes"},"is_answered":true,"view_count":181,"accepted_answer_id":76509777,"answer_count":1,"score":1,"last_activity_date":1688994669,"creation_date":1686671953,"last_edit_date":1688788716,"question_id":76466738,"content_license":"CC BY-SA 4.0","link":"https://stackoverflow.com/questions/76466738/numerical-optimization-but-with-vectors","title":"Numerical Optimization but with vectors"},{"tags":["excel","vba","optimization","while-loop"],"owner":{"account_id":21903190,"reputation":13,"user_id":16188622,"user_type":"registered","profile_image":"https://lh3.googleusercontent.com/a-/AOh14GjJ9OvBaGK0iZIY5g9CNLhVk7rHd1HS2QeSHx3d=k-s256","display_name":"Connor Baush","link":"https://stackoverflow.com/users/16188622/connor-baush"},"is_answered":true,"view_count":130,"accepted_answer_id":76466864,"answer_count":1,"score":0,"last_activity_date":1686677597,"creation_date":1686671939,"question_id":76466734,"content_license":"CC BY-SA 4.0","link":"https://stackoverflow.com/questions/76466734/prevent-vba-while-loop-from-getting-progressively-slower","title":"Prevent VBA While loop from getting progressively slower"},{"tags":["reactjs","react-hooks"],"owner":{"account_id":26766693,"reputation":39,"user_id":20363711,"user_type":"registered","profile_image":"https://lh3.googleusercontent.com/a/ALm5wu1xTiq4mv-alBx1uLhcANCiqxxNwHJEfLGDaOud=k-s256","display_name":"Safee987","link":"https://stackoverflow.com/users/20363711/safee987"},"is_answered":true,"view_count":39,"answer_count":1,"score":1,"last_activity_date":1686718640,"creation_date":1686671925,"last_edit_date":1686718640,"question_id":76466732,"content_license":"CC BY-SA 4.0","link":"https://stackoverflow.com/questions/76466732/infinite-re-render-of-an-api-call","title":"infinite re-render of an API call"},{"tags":["python","html","selenium-webdriver","phantomjs","webdriverwait"],"owner":{"account_id":6926363,"reputation":2155,"user_id":5317332,"user_type":"registered","profile_image":"https://www.gravatar.com/avatar/dd78b34d7ea79a0b38e6647132ecf084?s=256&d=identicon&r=PG&f=y&so-version=2","display_name":"Alez","link":"https://stackoverflow.com/users/5317332/alez"},"is_answered":true,"view_count":77,"accepted_answer_id":76468337,"answer_count":2,"score":1,"last_activity_date":1691006313,"creation_date":1686671923,"last_edit_date":1691006313,"question_id":76466731,"content_license":"CC BY-SA 4.0","link":"https://stackoverflow.com/questions/76466731/parse-a-dynamic-html-page-using-phantomjs-and-python","title":"Parse a dynamic HTML Page using PhantomJS and Python"},{"tags":["teamcity","kotlin-dsl","listof"],"owner":{"account_id":5900492,"reputation":65,"user_id":4644185,"user_type":"registered","profile_image":"https://www.gravatar.com/avatar/da8b0b50bd4d917b5c0ed327041e5809?s=256&d=identicon&r=PG&f=y&so-version=2","display_name":"Win32Sector","link":"https://stackoverflow.com/users/4644185/win32sector"},"is_answered":false,"view_count":81,"answer_count":0,"score":0,"last_activity_date":1686671910,"creation_date":1686671910,"question_id":76466729,"content_license":"CC BY-SA 4.0","link":"https://stackoverflow.com/questions/76466729/how-can-i-get-values-from-listof-param-in-kotlin-dsl","title":"How can I get values from listOf param in kotlin DSL?"},{"tags":["python","numerical-methods","pde"],"owner":{"account_id":28813711,"reputation":1,"user_id":22067851,"user_type":"registered","profile_image":"https://www.gravatar.com/avatar/62a23b5925dbc58d06402d4912994479?s=256&d=identicon&r=PG&f=y&so-version=2","display_name":"Ajibola","link":"https://stackoverflow.com/users/22067851/ajibola"},"is_answered":false,"view_count":31,"answer_count":0,"score":0,"last_activity_date":1686671865,"creation_date":1686671865,"question_id":76466726,"content_license":"CC BY-SA 4.0","link":"https://stackoverflow.com/questions/76466726/diffusion-equation-with-non-constant-coefficient","title":"Diffusion Equation with Non-constant coefficient"},{"tags":["php","codeigniter","codeigniter-3"],"owner":{"account_id":11218533,"reputation":249,"user_id":8230340,"user_type":"registered","accept_rate":27,"profile_image":"https://www.gravatar.com/avatar/05f134d8d498f47905f2e1c41a01020f?s=256&d=identicon&r=PG&f=y&so-version=2","display_name":"rajesh","link":"https://stackoverflow.com/users/8230340/rajesh"},"is_answered":false,"view_count":43,"answer_count":0,"score":0,"last_activity_date":1686985600,"creation_date":1686671859,"last_edit_date":1686985600,"question_id":76466724,"content_license":"CC BY-SA 4.0","link":"https://stackoverflow.com/questions/76466724/codeigniter-3-404-error-for-controller-method","title":"CodeIgniter 3 404 error for controller/method"},{"tags":["java","junit5","rest-assured"],"owner":{"account_id":28813600,"reputation":9,"user_id":22067761,"user_type":"registered","profile_image":"https://i.stack.imgur.com/bptkw.jpg?s=256&g=1","display_name":"Андрей Шамурадов","link":"https://stackoverflow.com/users/22067761/%d0%90%d0%bd%d0%b4%d1%80%d0%b5%d0%b9-%d0%a8%d0%b0%d0%bc%d1%83%d1%80%d0%b0%d0%b4%d0%be%d0%b2"},"is_answered":false,"view_count":52,"answer_count":1,"score":0,"last_activity_date":1687965840,"creation_date":1686671855,"question_id":76466723,"content_license":"CC BY-SA 4.0","link":"https://stackoverflow.com/questions/76466723/how-to-take-only-a-specific-object-from-json-using-rest-assured","title":"How to take only a specific object from JSON using rest assured"},{"tags":["google-sheets-formula"],"owner":{"account_id":19723993,"reputation":5,"user_id":14440960,"user_type":"registered","profile_image":"https://www.gravatar.com/avatar/944a46655fab024a8820cd8badcccecb?s=256&d=identicon&r=PG","display_name":"Danielle Barrett","link":"https://stackoverflow.com/users/14440960/danielle-barrett"},"is_answered":false,"view_count":21,"answer_count":0,"score":0,"last_activity_date":1686671855,"creation_date":1686671855,"question_id":76466722,"content_license":"CC BY-SA 4.0","link":"https://stackoverflow.com/questions/76466722/query-importrange-function-is-adding-additional-information-into-the-header-name","title":"QUERY IMPORTRANGE function is adding additional information into the header name"},{"tags":["r","linux","amazon-web-services","curl","terra"],"owner":{"account_id":3054041,"reputation":62,"user_id":2588072,"user_type":"registered","accept_rate":75,"profile_image":"https://www.gravatar.com/avatar/4db117ee4e8d12f9f1ab27568315b412?s=256&d=identicon&r=PG","display_name":"user_123","link":"https://stackoverflow.com/users/2588072/user-123"},"is_answered":false,"view_count":108,"answer_count":0,"score":0,"last_activity_date":1686671853,"creation_date":1686671853,"question_id":76466721,"content_license":"CC BY-SA 4.0","link":"https://stackoverflow.com/questions/76466721/issues-with-running-r-in-a-docker-container-for-an-aws-lambda-function","title":"Issues with running R in a docker container for an AWS Lambda function"},{"tags":["c#","opentk","opengl-4"],"owner":{"account_id":23358416,"reputation":83,"user_id":17431054,"user_type":"registered","profile_image":"https://lh3.googleusercontent.com/a-/AOh14Gg9_pYYusyoO-td_naUh1ifDc0U52yrflw0BXAc=k-s256","display_name":"justanotheruser","link":"https://stackoverflow.com/users/17431054/justanotheruser"},"is_answered":false,"view_count":24,"answer_count":0,"score":0,"last_activity_date":1686674194,"creation_date":1686671849,"last_edit_date":1686674194,"question_id":76466720,"content_license":"CC BY-SA 4.0","link":"https://stackoverflow.com/questions/76466720/use-uv-and-normal-indices-in-opentk","title":"use UV and normal indices in OpenTK"},{"tags":["javascript","reactjs","typescript","next.js","web-applications"],"owner":{"account_id":17978044,"reputation":23,"user_id":13065099,"user_type":"registered","profile_image":"https://lh3.googleusercontent.com/a-/AOh14GgVOqY_yWDOymnL2qXAiaXq5RXZWHbMwY8jCRuYaLg=k-s256","display_name":"jaydeep bhattacharya","link":"https://stackoverflow.com/users/13065099/jaydeep-bhattacharya"},"is_answered":false,"view_count":268,"answer_count":0,"score":0,"last_activity_date":1686671839,"creation_date":1686671839,"question_id":76466719,"content_license":"CC BY-SA 4.0","link":"https://stackoverflow.com/questions/76466719/in-nextjs-application-the-layout-i-defined-in-layout-tsx-is-not-working-properly","title":"In NEXTJs application the Layout I defined in layout.tsx is not working properly. Would you guys find what to do?"},{"tags":["java","html","css","parsing","itext7"],"owner":{"account_id":28813748,"reputation":1,"user_id":22067879,"user_type":"registered","profile_image":"https://lh3.googleusercontent.com/a/AAcHTtcB7yuyH3n6UxAR06pAG0tqH73I1UhYsEQrjwRH=k-s256","display_name":"Byou Ptube","link":"https://stackoverflow.com/users/22067879/byou-ptube"},"is_answered":false,"view_count":40,"answer_count":0,"score":0,"last_activity_date":1686672164,"creation_date":1686671790,"last_edit_date":1686672164,"question_id":76466714,"content_license":"CC BY-SA 4.0","link":"https://stackoverflow.com/questions/76466714/issue-using-itext7-htmltopdf-converter-the-property-font-property-must-be-a-pd","title":"issue using itext7 htmltopdf converter The &quot;Property.Font&quot; property must be a PdfFont object in this context"},{"tags":["postgresql","postgis","jooq"],"owner":{"account_id":28031318,"reputation":21,"user_id":21410452,"user_type":"registered","profile_image":"https://www.gravatar.com/avatar/4df63f2ec3de0fc18910fd9906ffdfdc?s=256&d=identicon&r=PG&f=y&so-version=2","display_name":"jorge-plaza","link":"https://stackoverflow.com/users/21410452/jorge-plaza"},"is_answered":false,"view_count":94,"answer_count":1,"score":1,"last_activity_date":1686767520,"creation_date":1686671782,"question_id":76466713,"content_license":"CC BY-SA 4.0","link":"https://stackoverflow.com/questions/76466713/jooq-multiset-generates-sql-query-with-postgis-geometry-coordinates-instead-of-h","title":"Jooq Multiset generates sql query with Postgis geometry coordinates instead of hex value"},{"tags":["unity-game-engine","virtual-reality"],"owner":{"account_id":6887621,"reputation":793,"user_id":5292219,"user_type":"registered","accept_rate":56,"profile_image":"https://graph.facebook.com/10204803365940987/picture?type=large","display_name":"Alessandro Zago","link":"https://stackoverflow.com/users/5292219/alessandro-zago"},"is_answered":false,"view_count":57,"answer_count":0,"score":0,"last_activity_date":1686671749,"creation_date":1686671749,"question_id":76466709,"content_license":"CC BY-SA 4.0","link":"https://stackoverflow.com/questions/76466709/right-and-left-hand-positions-locked-initially","title":"Right and left hand positions locked initially"},{"tags":["javascript","jquery","onclick","keypress"],"owner":{"account_id":28813744,"reputation":13,"user_id":22067875,"user_type":"registered","profile_image":"https://lh3.googleusercontent.com/a/AAcHTtdVheLS66d6XSI_CPRukj0SD2yO7ExBDrIQmPJV=k-s256","display_name":"ABHIJAT","link":"https://stackoverflow.com/users/22067875/abhijat"},"is_answered":true,"view_count":35,"accepted_answer_id":76467729,"answer_count":1,"score":1,"last_activity_date":1686681178,"creation_date":1686671685,"last_edit_date":1686681178,"question_id":76466703,"content_license":"CC BY-SA 4.0","link":"https://stackoverflow.com/questions/76466703/toggle-audio-playback-on-keyboard-key","title":"Toggle audio playback on keyboard key"},{"tags":["c#","azure-mobile-services","winui-3"],"owner":{"account_id":5551547,"reputation":836,"user_id":4404399,"user_type":"registered","accept_rate":77,"profile_image":"https://lh6.googleusercontent.com/-oQ1pUmRbWy8/AAAAAAAAAAI/AAAAAAAAAAA/AiLol5KoHqU/photo.jpg?sz=256","display_name":"E. A. Bagby","link":"https://stackoverflow.com/users/4404399/e-a-bagby"},"is_answered":false,"view_count":97,"answer_count":1,"score":0,"last_activity_date":1690840074,"creation_date":1686671679,"question_id":76466701,"content_license":"CC BY-SA 4.0","link":"https://stackoverflow.com/questions/76466701/winui-3-replacement-package-for-deprecated-namespace-windowsazure-mobileservice","title":"WinUI 3: Replacement package for Deprecated namespace WindowsAzure.MobileServices"},{"tags":["php","laravel","amazon-web-services","amazon-s3"],"owner":{"account_id":7645456,"reputation":1049,"user_id":5796284,"user_type":"registered","accept_rate":94,"profile_image":"https://www.gravatar.com/avatar/0d0c55f94426eb3d52568d5540aab6cf?s=256&d=identicon&r=PG&f=y&so-version=2","display_name":"hretic","link":"https://stackoverflow.com/users/5796284/hretic"},"is_answered":false,"view_count":244,"answer_count":0,"score":0,"last_activity_date":1686672669,"creation_date":1686671666,"last_edit_date":1686672669,"question_id":76466699,"content_license":"CC BY-SA 4.0","link":"https://stackoverflow.com/questions/76466699/aws-s3-pre-signed-url-upload-verification","title":"aws s3 pre-signed url upload verification"},{"tags":["google-analytics","ssis","google-analytics-api","google-analytics-4","kingswaysoft"],"owner":{"account_id":5774727,"reputation":19,"user_id":4557154,"user_type":"registered","profile_image":"https://www.gravatar.com/avatar/3413c2f883318562076704f20807f026?s=256&d=identicon&r=PG&f=y&so-version=2","display_name":"Uranium1989","link":"https://stackoverflow.com/users/4557154/uranium1989"},"is_answered":true,"view_count":188,"answer_count":2,"score":0,"last_activity_date":1687355710,"creation_date":1686671653,"question_id":76466697,"content_license":"CC BY-SA 4.0","link":"https://stackoverflow.com/questions/76466697/google-analytics-4-ssis-integration-using-kingswaysoft-metrics-dimensions-no","title":"Google Analytics 4 SSIS Integration using Kingswaysoft - Metrics &amp; Dimensions not getting listed wit Google Analytics Data API"},{"tags":["python","pandas","method-chaining","in-place"],"owner":{"account_id":4338618,"reputation":541,"user_id":4228193,"user_type":"registered","accept_rate":40,"profile_image":"https://i.stack.imgur.com/5nPj1.jpg?s=256&g=1","display_name":"mpag","link":"https://stackoverflow.com/users/4228193/mpag"},"is_answered":true,"view_count":150,"accepted_answer_id":76466765,"answer_count":2,"score":2,"last_activity_date":1686751096,"creation_date":1686671620,"last_edit_date":1686751096,"question_id":76466694,"content_license":"CC BY-SA 4.0","link":"https://stackoverflow.com/questions/76466694/pandas-chaining-and-the-use-of-inplace-parameter","title":"pandas chaining and the use of &quot;inplace&quot; parameter"},{"tags":["python"],"owner":{"user_type":"does_not_exist","display_name":"user22022915"},"is_answered":false,"view_count":88,"answer_count":1,"score":0,"last_activity_date":1686674752,"creation_date":1686671618,"last_edit_date":1686674752,"question_id":76466693,"content_license":"CC BY-SA 4.0","link":"https://stackoverflow.com/questions/76466693/python-script-for-dividing-the-students-equally-in-classes","title":"Python script for dividing the students equally in classes"},{"tags":["azure-active-directory","powerapps"],"owner":{"account_id":3199015,"reputation":57,"user_id":2701486,"user_type":"registered","profile_image":"https://www.gravatar.com/avatar/d43f69ccd77ea3ec560b55c956b9d1a9?s=256&d=identicon&r=PG&f=y&so-version=2","display_name":"kmax01","link":"https://stackoverflow.com/users/2701486/kmax01"},"is_answered":true,"view_count":180,"accepted_answer_id":76471737,"answer_count":1,"score":0,"last_activity_date":1687158519,"creation_date":1686671616,"question_id":76466692,"content_license":"CC BY-SA 4.0","link":"https://stackoverflow.com/questions/76466692/show-members-of-ad-group-in-power-apps-gallery-items","title":"Show members of AD group in Power Apps gallery items"},{"tags":["javascript"],"owner":{"account_id":4329690,"reputation":11412,"user_id":3535537,"user_type":"registered","accept_rate":78,"profile_image":"https://i.stack.imgur.com/buDCT.png?s=256&g=1","display_name":"St&#233;phane GRILLON","link":"https://stackoverflow.com/users/3535537/st%c3%a9phane-grillon"},"is_answered":true,"view_count":48,"accepted_answer_id":76466834,"answer_count":4,"score":-4,"last_activity_date":1686672947,"creation_date":1686671615,"last_edit_date":1686671874,"question_id":76466690,"content_license":"CC BY-SA 4.0","link":"https://stackoverflow.com/questions/76466690/how-to-group-an-array-of-objects-by-key-using-javascript","title":"How to group an array of objects by key using javascript?"},{"tags":["r","dplyr","filter","data-cleaning"],"owner":{"account_id":10865789,"reputation":945,"user_id":7989204,"user_type":"registered","profile_image":"https://www.gravatar.com/avatar/e4f9a8a0baa7388e825bfa382faf9561?s=256&d=identicon&r=PG&f=y&so-version=2","display_name":"cliu","link":"https://stackoverflow.com/users/7989204/cliu"},"is_answered":true,"view_count":43,"accepted_answer_id":76471249,"answer_count":1,"score":0,"last_activity_date":1686728899,"creation_date":1686671608,"question_id":76466689,"content_license":"CC BY-SA 4.0","link":"https://stackoverflow.com/questions/76466689/select-groups-that-satisfy-one-of-the-two-conditions-using-dplyr","title":"Select groups that satisfy one of the two conditions using dplyr"},{"tags":["linux","powershell","loops","csv","pipe"],"owner":{"account_id":5737580,"reputation":724,"user_id":4531180,"user_type":"registered","profile_image":"https://www.gravatar.com/avatar/0816f9d25f4a3a74c8c20adb467e942d?s=256&d=identicon&r=PG&f=y&so-version=2","display_name":"Nicholas Saunders","link":"https://stackoverflow.com/users/4531180/nicholas-saunders"},"is_answered":true,"view_count":170,"accepted_answer_id":76466931,"answer_count":3,"score":1,"last_activity_date":1687039317,"creation_date":1686671603,"last_edit_date":1687039317,"question_id":76466687,"content_license":"CC BY-SA 4.0","link":"https://stackoverflow.com/questions/76466687/how-to-convert-a-specific-csv-column-to-titlecase-with-powershell-from-the-repl","title":"How to convert a specific CSV column to TitleCase with PowerShell from the REPL console?"},{"tags":["c#","inheritance","abstract-class"],"owner":{"account_id":3471610,"reputation":15228,"user_id":2905768,"user_type":"registered","accept_rate":80,"profile_image":"https://i.stack.imgur.com/RZJIU.png?s=256&g=1","display_name":"PMF","link":"https://stackoverflow.com/users/2905768/pmf"},"is_answered":false,"view_count":54,"answer_count":0,"score":0,"last_activity_date":1686673677,"creation_date":1686671597,"question_id":76466686,"content_license":"CC BY-SA 4.0","link":"https://stackoverflow.com/questions/76466686/how-do-i-check-if-a-base-class-implementation-is-called","title":"How do I check if a base class implementation is called?"}],"has_more":true,"quota_max":300,"quota_remaining":297}