{"items":[{"tags":["vba","ms-word","key-bindings"],"owner":{"account_id":28596484,"reputation":3,"user_id":21894475,"user_type":"registered","profile_image":"https://lh3.googleusercontent.com/a/AGNmyxYBD1Onq5JFOM2ymFa8FejQJMsqU90Uiw3-Boc=k-s256","display_name":"Сергей Михайлов","link":"https://stackoverflow.com/users/21894475/%d0%a1%d0%b5%d1%80%d0%b3%d0%b5%d0%b9-%d0%9c%d0%b8%d1%85%d0%b0%d0%b9%d0%bb%d0%be%d0%b2"},"is_answered":true,"view_count":53,"closed_date":1684154317,"accepted_answer_id":76246456,"answer_count":1,"score":0,"last_activity_date":1684068066,"creation_date":1684015157,"last_edit_date":1684068066,"question_id":76245048,"link":"https://stackoverflow.com/questions/76245048/change-action-of-tab-in-microsoft-word","closed_reason":"Not suitable for this site","title":"Change action of Tab in Microsoft Word"},{"tags":["javascript","crud","edit"],"owner":{"account_id":28252829,"reputation":11,"user_id":21598776,"user_type":"registered","profile_image":"https://www.gravatar.com/avatar/65c7ca7d79aa31f0e2c6c6915b9af47a?s=256&d=identicon&r=PG&f=y&so-version=2","display_name":"Chocolate covered Strawberry","link":"https://stackoverflow.com/users/21598776/chocolate-covered-strawberry"},"is_answered":true,"view_count":55,"accepted_answer_id":76246622,"answer_count":1,"score":0,"last_activity_date":1684054287,"creation_date":1684015109,"last_edit_date":1684053653,"question_id":76245045,"content_license":"CC BY-SA 4.0","link":"https://stackoverflow.com/questions/76245045/js-todolist-edit-update-item","title":"JS: TODOLIST - EDIT/Update Item"},{"tags":["pine-script-v5","tradingview-api","pine-script-v4"],"owner":{"account_id":13487094,"reputation":23,"user_id":9730578,"user_type":"registered","profile_image":"https://lh3.googleusercontent.com/-XdUIqdMkCWA/AAAAAAAAAAI/AAAAAAAAAAA/4252rscbv5M/photo.jpg?sz=256","display_name":"Manish","link":"https://stackoverflow.com/users/9730578/manish"},"is_answered":false,"view_count":180,"answer_count":0,"score":0,"last_activity_date":1684015088,"creation_date":1684015088,"question_id":76245044,"content_license":"CC BY-SA 4.0","link":"https://stackoverflow.com/questions/76245044/earnings-line-in-tradingview","title":"Earnings line in Tradingview"},{"tags":["pivot","databricks","azure-databricks","unpivot"],"owner":{"account_id":23029216,"reputation":13,"user_id":17148975,"user_type":"registered","profile_image":"https://lh3.googleusercontent.com/a/AATXAJzpIS1BGA76qwhUzR63Dv9SmeOpgv9l7MWelv1e=k-s256","display_name":"Johnson","link":"https://stackoverflow.com/users/17148975/johnson"},"is_answered":false,"view_count":381,"answer_count":1,"score":0,"last_activity_date":1684305863,"creation_date":1684015037,"question_id":76245040,"content_license":"CC BY-SA 4.0","link":"https://stackoverflow.com/questions/76245040/pivot-unpivot-in-databricks","title":"Pivot Unpivot in Databricks"},{"tags":["c#","linq","unity-game-engine"],"owner":{"account_id":21195448,"reputation":31,"user_id":15587124,"user_type":"registered","profile_image":"https://www.gravatar.com/avatar/9406006e84357e88e0f0a412501753dd?s=256&d=identicon&r=PG&f=y&so-version=2","display_name":"Adam","link":"https://stackoverflow.com/users/15587124/adam"},"is_answered":true,"view_count":36,"accepted_answer_id":76245120,"answer_count":2,"score":0,"last_activity_date":1684016934,"creation_date":1684014937,"question_id":76245036,"content_license":"CC BY-SA 4.0","link":"https://stackoverflow.com/questions/76245036/why-is-linq-select-making-my-new-object-a-reference-to-the-object-i-copied-its-c","title":"Why is Linq Select making my new object a reference to the object I copied its constructor arguments from?"},{"tags":["docker","jenkins-pipeline","spring-test","testcontainers","testcontainers-junit5"],"owner":{"account_id":27835226,"reputation":25,"user_id":21252826,"user_type":"registered","profile_image":"https://www.gravatar.com/avatar/6ebae9ee4f08b34461fc64faf9b9341f?s=256&d=identicon&r=PG&f=y&so-version=2","display_name":"Dave","link":"https://stackoverflow.com/users/21252826/dave"},"is_answered":false,"view_count":696,"answer_count":0,"score":1,"last_activity_date":1684016347,"creation_date":1684014903,"last_edit_date":1684016347,"question_id":76245035,"content_license":"CC BY-SA 4.0","link":"https://stackoverflow.com/questions/76245035/spring-boot-integration-test-failing-with-testcontainers-and-gradle-in-docker-co","title":"Spring Boot integration test failing with Testcontainers and Gradle in Docker container"},{"tags":["html","css","frontend"],"owner":{"account_id":28596379,"reputation":1,"user_id":21894407,"user_type":"registered","profile_image":"https://www.gravatar.com/avatar/72b750fa296cc23e9e85d3e3de00511e?s=256&d=identicon&r=PG&f=y&so-version=2","display_name":"Matthew Ball","link":"https://stackoverflow.com/users/21894407/matthew-ball"},"is_answered":true,"view_count":56,"answer_count":1,"score":0,"last_activity_date":1684015378,"creation_date":1684014849,"question_id":76245033,"content_license":"CC BY-SA 4.0","link":"https://stackoverflow.com/questions/76245033/how-to-selectively-hide-elements-in-html-css-based-on-window-size-without-using","title":"How to selectively hide elements in HTML/CSS based on window size without using media queries?"},{"tags":["java","itext","flying-saucer"],"owner":{"account_id":2882066,"reputation":336,"user_id":2472716,"user_type":"registered","profile_image":"https://www.gravatar.com/avatar/f02e05d067db23fcb7bda44c48cf0614?s=256&d=identicon&r=PG","display_name":"Saurabh","link":"https://stackoverflow.com/users/2472716/saurabh"},"is_answered":false,"view_count":282,"answer_count":0,"score":0,"last_activity_date":1688688533,"creation_date":1684014786,"last_edit_date":1688688533,"question_id":76245031,"content_license":"CC BY-SA 4.0","link":"https://stackoverflow.com/questions/76245031/flying-saucer-itext-9-1-22-not-rendering-image-in-the-pdf","title":"flying saucer itext 9.1.22 not rendering image in the pdf"},{"tags":["excel-formula","concatenation","vlookup","spreadsheet","probability"],"owner":{"account_id":28596394,"reputation":1,"user_id":21894416,"user_type":"registered","profile_image":"https://www.gravatar.com/avatar/ec720d0daadba664c9aeb2a6c0dd1dbc?s=256&d=identicon&r=PG&f=y&so-version=2","display_name":"mikem302","link":"https://stackoverflow.com/users/21894416/mikem302"},"is_answered":false,"view_count":61,"answer_count":2,"score":0,"last_activity_date":1684063312,"creation_date":1684014784,"question_id":76245030,"content_license":"CC BY-SA 4.0","link":"https://stackoverflow.com/questions/76245030/excel-error-with-vlookup-using-concatenation","title":"Excel Error with VLOOKUP using concatenation"},{"tags":["spring-boot","spring-batch"],"owner":{"account_id":1917319,"reputation":428,"user_id":1729649,"user_type":"registered","profile_image":"https://www.gravatar.com/avatar/4f3aaba415aee060865c4b28e229a66e?s=256&d=identicon&r=PG","display_name":"Sukh","link":"https://stackoverflow.com/users/1729649/sukh"},"is_answered":true,"view_count":864,"accepted_answer_id":76246386,"answer_count":1,"score":0,"last_activity_date":1684050450,"creation_date":1684014740,"question_id":76245029,"content_license":"CC BY-SA 4.0","link":"https://stackoverflow.com/questions/76245029/how-to-disable-spring-batch-meta-data-in-spring-5-0-1","title":"How to Disable Spring Batch Meta Data in spring 5.0.1"},{"tags":["angular","typescript","firebase","gitlab-ci"],"owner":{"account_id":9851318,"reputation":21,"user_id":7297325,"user_type":"registered","profile_image":"https://lh3.googleusercontent.com/-ZctWFHFrLDo/AAAAAAAAAAI/AAAAAAAAAcU/S99d6Ix9hxE/photo.jpg?sz=256","display_name":"TriVe","link":"https://stackoverflow.com/users/7297325/trive"},"is_answered":false,"view_count":50,"answer_count":0,"score":1,"last_activity_date":1684014530,"creation_date":1684014530,"question_id":76245024,"content_license":"CC BY-SA 4.0","link":"https://stackoverflow.com/questions/76245024/how-to-hide-firebase-configuration-in-angular-compiled-bundle","title":"How to hide Firebase configuration in angular compiled bundle"},{"tags":["c#","listview","maui"],"owner":{"account_id":8226966,"reputation":461,"user_id":6188976,"user_type":"registered","profile_image":"https://i.stack.imgur.com/ETqxN.jpg?s=256&g=1","display_name":"SqueezeOJ","link":"https://stackoverflow.com/users/6188976/squeezeoj"},"is_answered":true,"view_count":399,"answer_count":1,"score":3,"last_activity_date":1684067428,"creation_date":1684014466,"last_edit_date":1684067428,"question_id":76245019,"content_license":"CC BY-SA 4.0","link":"https://stackoverflow.com/questions/76245019/what-is-the-source-of-this-c-maui-listview-warning-microsoft-maui-controls-xam","title":"What is the source of this C# MAUI ListView Warning: Microsoft.Maui.Controls.Xaml.Diagnostics.BindingDiagnostics: Warning: property not found"},{"tags":["nrwl-nx","nrwl"],"owner":{"account_id":13497560,"reputation":77,"user_id":9737933,"user_type":"registered","profile_image":"https://lh3.googleusercontent.com/-XdUIqdMkCWA/AAAAAAAAAAI/AAAAAAAAAAA/4252rscbv5M/photo.jpg?sz=256","display_name":"darek joda","link":"https://stackoverflow.com/users/9737933/darek-joda"},"is_answered":false,"view_count":344,"answer_count":1,"score":0,"last_activity_date":1684162842,"creation_date":1684014448,"last_edit_date":1684045041,"question_id":76245017,"content_license":"CC BY-SA 4.0","link":"https://stackoverflow.com/questions/76245017/nx-genenerator-throws-error-when-i-try-to-add-a-value-flag-in-schema-json","title":"NX genenerator throws error when i try to add a value flag in schema.json"},{"tags":["django-models"],"owner":{"account_id":13260034,"reputation":11,"user_id":9574902,"user_type":"registered","profile_image":"https://www.gravatar.com/avatar/e3a07bfe32736ddd3f8ff90f76d32971?s=256&d=identicon&r=PG&f=y&so-version=2","display_name":"MAhmadi","link":"https://stackoverflow.com/users/9574902/mahmadi"},"is_answered":false,"view_count":14,"answer_count":0,"score":0,"last_activity_date":1684014432,"creation_date":1684014432,"question_id":76245016,"content_license":"CC BY-SA 4.0","link":"https://stackoverflow.com/questions/76245016/i-want-to-update-some-fields-of-database-record-in-django-how-can-implement-it","title":"I Want to update some fields of database record in Django. How can Implement it Clean?"},{"tags":["ios","mobile-safari","mediasession"],"owner":{"account_id":6278620,"reputation":1003,"user_id":4880498,"user_type":"registered","accept_rate":77,"profile_image":"https://graph.facebook.com/10152725670678414/picture?type=large","display_name":"tobiasg","link":"https://stackoverflow.com/users/4880498/tobiasg"},"is_answered":false,"view_count":225,"answer_count":0,"score":2,"last_activity_date":1684014431,"creation_date":1684014431,"question_id":76245015,"content_license":"CC BY-SA 4.0","link":"https://stackoverflow.com/questions/76245015/media-session-api-on-ios-16-does-it-require-name-url-of-website","title":"Media Session API on iOS 16, does it require name/URL of website?"},{"tags":["installation","google-colaboratory","spacy","python-3.8","allennlp"],"owner":{"account_id":13060922,"reputation":1,"user_id":9438138,"user_type":"registered","profile_image":"https://graph.facebook.com/10213319460078309/picture?type=large","display_name":"Shashank Gupta","link":"https://stackoverflow.com/users/9438138/shashank-gupta"},"is_answered":false,"view_count":446,"answer_count":0,"score":0,"last_activity_date":1684014360,"creation_date":1684014360,"question_id":76245010,"content_license":"CC BY-SA 4.0","link":"https://stackoverflow.com/questions/76245010/google-colab-upgraded-python-version-to-3-10","title":"Google Colab upgraded python version to 3.10"},{"tags":["javascript","google-apps-script"],"owner":{"account_id":4360775,"reputation":9272,"user_id":11732320,"user_type":"registered","profile_image":"https://i.stack.imgur.com/sm6MV.jpg?s=256&g=1","display_name":"pgSystemTester","link":"https://stackoverflow.com/users/11732320/pgsystemtester"},"is_answered":true,"view_count":56,"accepted_answer_id":76245475,"answer_count":1,"score":1,"last_activity_date":1684167443,"creation_date":1684014215,"last_edit_date":1684167443,"question_id":76245008,"content_license":"CC BY-SA 4.0","link":"https://stackoverflow.com/questions/76245008/how-to-retrieve-all-get-is-function-results-of-google-drive-file","title":"How to Retrieve All Get/Is Function Results of Google Drive File?"},{"tags":["javascript","rpc","ethers.js","erc20","matic"],"owner":{"account_id":22806786,"reputation":1,"user_id":16958730,"user_type":"registered","profile_image":"https://lh3.googleusercontent.com/a-/AOh14GhV07_UHDuFDQsKB5wH4op50YJCvB-Aq5b0O9u_ZE0=k-s256","display_name":"Paul Play","link":"https://stackoverflow.com/users/16958730/paul-play"},"is_answered":false,"view_count":204,"answer_count":0,"score":0,"last_activity_date":1684014290,"creation_date":1684014196,"last_edit_date":1684014290,"question_id":76245005,"content_license":"CC BY-SA 4.0","link":"https://stackoverflow.com/questions/76245005/error-processing-response-error-exceeds-block-gas-limit-in-ethers-js-using-t","title":"&quot;Error: processing response error: exceeds block gas limit&quot; in ethers.js using the alchemy sdk (javascript/webpack)"},{"tags":["azure","terraform"],"owner":{"account_id":25049105,"reputation":37,"user_id":18905216,"user_type":"registered","profile_image":"https://www.gravatar.com/avatar/bf2b53ce281e5d6817aff0ae84231e7e?s=256&d=identicon&r=PG&f=y&so-version=2","display_name":"Hamma","link":"https://stackoverflow.com/users/18905216/hamma"},"is_answered":false,"view_count":109,"answer_count":2,"score":-1,"last_activity_date":1685008433,"creation_date":1684014178,"question_id":76245004,"content_license":"CC BY-SA 4.0","link":"https://stackoverflow.com/questions/76245004/call-resources-from-a-map-terraform","title":"call resources from a map - terraform"},{"tags":["python","shopify","shopify-app","shopify-api","shopify-api-node"],"owner":{"account_id":27904354,"reputation":53,"user_id":21307902,"user_type":"registered","profile_image":"https://lh3.googleusercontent.com/a/AGNmyxZcnPuf5jx2R_atu3OfIaVUcggGR5rW-IDNmLU=k-s256","display_name":"Alex Co","link":"https://stackoverflow.com/users/21307902/alex-co"},"is_answered":false,"view_count":88,"answer_count":0,"score":0,"last_activity_date":1684090265,"creation_date":1684014072,"last_edit_date":1684090265,"question_id":76244998,"content_license":"CC BY-SA 4.0","link":"https://stackoverflow.com/questions/76244998/python-request-get-for-collections-for-shopify-issue-pagination","title":"Python request GET for collections for shopify issue pagination"},{"tags":["powerbi","dax"],"owner":{"account_id":15572662,"reputation":49,"user_id":12973349,"user_type":"registered","profile_image":"https://www.gravatar.com/avatar/455353919fc298398fa0246fbbbc8667?s=256&d=identicon&r=PG&f=y&so-version=2","display_name":"Massau","link":"https://stackoverflow.com/users/12973349/massau"},"is_answered":true,"view_count":438,"accepted_answer_id":76245219,"answer_count":1,"score":0,"last_activity_date":1684021437,"creation_date":1684014043,"question_id":76244997,"content_license":"CC BY-SA 4.0","link":"https://stackoverflow.com/questions/76244997/power-bi-create-multiple-measures-at-once-based-on-the-result-of-a-calculation","title":"Power BI - Create multiple measures at once based on the result of a calculation"},{"tags":["react-native","expo","mobile-development","codesandbox"],"owner":{"account_id":18883497,"reputation":1,"user_id":13837202,"user_type":"registered","profile_image":"https://www.gravatar.com/avatar/4c245c6669b81e630dc8e9adc8fc928a?s=256&d=identicon&r=PG&f=y&so-version=2","display_name":"guzz","link":"https://stackoverflow.com/users/13837202/guzz"},"is_answered":false,"view_count":56,"answer_count":0,"score":0,"last_activity_date":1684013961,"creation_date":1684013961,"question_id":76244993,"content_license":"CC BY-SA 4.0","link":"https://stackoverflow.com/questions/76244993/why-my-expo-app-doesnt-work-in-codesandbox-i-cant-run-it","title":"Why my expo app doesnt work in codesandbox? I cant run it"},{"tags":["pyspark","snowflake-cloud-data-platform"],"owner":{"account_id":21113007,"reputation":2097,"user_id":15520615,"user_type":"registered","profile_image":"https://www.gravatar.com/avatar/4e6b09956495afafc84227ea7b0cec6c?s=256&d=identicon&r=PG&f=y&so-version=2","display_name":"Patterson","link":"https://stackoverflow.com/users/15520615/patterson"},"is_answered":true,"view_count":85,"accepted_answer_id":76246599,"answer_count":1,"score":0,"last_activity_date":1684054047,"creation_date":1684013834,"question_id":76244984,"content_license":"CC BY-SA 4.0","link":"https://stackoverflow.com/questions/76244984/valueerror-substring-not-found-when-refactoring-pyspark-to-work-with-snowpark","title":"ValueError: substring not found when refactoring PySpark to work with snowpark"},{"tags":["android","kotlin"],"owner":{"account_id":16015081,"reputation":881,"user_id":11558043,"user_type":"registered","profile_image":"https://www.gravatar.com/avatar/a2d54d438fa2473be379d45441ce7fec?s=256&d=identicon&r=PG&f=y&so-version=2","display_name":"هيثم","link":"https://stackoverflow.com/users/11558043/%d9%87%d9%8a%d8%ab%d9%85"},"is_answered":false,"view_count":36,"answer_count":0,"score":0,"last_activity_date":1684479093,"creation_date":1684013747,"last_edit_date":1684479093,"question_id":76244979,"content_license":"CC BY-SA 4.0","link":"https://stackoverflow.com/questions/76244979/how-to-dynamically-update-native-android-code","title":"How to Dynamically update native android code?"},{"tags":["pyqt","pyside","pyside6","pyqt6"],"owner":{"account_id":17226831,"reputation":23,"user_id":12475770,"user_type":"registered","profile_image":"https://i.stack.imgur.com/whfXX.png?s=256&g=1","display_name":"angushushu","link":"https://stackoverflow.com/users/12475770/angushushu"},"is_answered":false,"view_count":68,"answer_count":0,"score":0,"last_activity_date":1684013646,"creation_date":1684013646,"question_id":76244977,"content_license":"CC BY-SA 4.0","link":"https://stackoverflow.com/questions/76244977/pyside6-or-pyqt6-signal-when-local-date-changed","title":"PySide6 or PyQt6 signal when local date changed"},{"tags":["javascript","html","json","excel","sheetjs"],"owner":{"account_id":26451971,"reputation":43,"user_id":20095078,"user_type":"registered","profile_image":"https://lh3.googleusercontent.com/a/ALm5wu3dJ_IjS9I19ux7RkfRuv6xBptreMHaWB_8LImq=k-s256","display_name":"l4cky","link":"https://stackoverflow.com/users/20095078/l4cky"},"is_answered":false,"view_count":92,"answer_count":0,"score":0,"last_activity_date":1684016355,"creation_date":1684013617,"last_edit_date":1684016355,"question_id":76244976,"content_license":"CC BY-SA 4.0","link":"https://stackoverflow.com/questions/76244976/multiple-excel-rows-part-of-1-json-item-how-to","title":"Multiple excel rows part of 1 json item: how to"},{"tags":["firebase","google-cloud-firestore","arduino","esp32","arduino-esp8266"],"owner":{"account_id":23097724,"reputation":3,"user_id":17207568,"user_type":"registered","profile_image":"https://lh3.googleusercontent.com/a/AATXAJyXklYbl2ITg9kq_Avb_tp4JrP6T7XYjkoE2b9f=k-s256","display_name":"Savvy_coder","link":"https://stackoverflow.com/users/17207568/savvy-coder"},"is_answered":false,"view_count":67,"answer_count":0,"score":0,"last_activity_date":1684276187,"creation_date":1684013596,"last_edit_date":1684276187,"question_id":76244974,"content_license":"CC BY-SA 4.0","link":"https://stackoverflow.com/questions/76244974/getting-invalid-value-error-when-setting-timestamp-value-in-firestore-using-ar","title":"Getting &#39;Invalid value&#39; error when setting timestamp value in Firestore using Arduino and ESP32"},{"tags":["typescript","next.js"],"owner":{"account_id":25763179,"reputation":95,"user_id":19513722,"user_type":"registered","profile_image":"https://i.stack.imgur.com/nANcR.png?s=256&g=1","display_name":"Daniel Z.","link":"https://stackoverflow.com/users/19513722/daniel-z"},"is_answered":false,"view_count":536,"answer_count":1,"score":4,"last_activity_date":1701938968,"creation_date":1684013553,"question_id":76244973,"content_license":"CC BY-SA 4.0","link":"https://stackoverflow.com/questions/76244973/nextjs-13-query-title-of-page-in-layout","title":"Nextjs 13: query title of page in layout"},{"tags":["reactjs"],"owner":{"account_id":6196040,"reputation":2964,"user_id":4827274,"user_type":"registered","accept_rate":61,"profile_image":"https://lh5.googleusercontent.com/-pf_hlC8aHpk/AAAAAAAAAAI/AAAAAAAAAxc/o84OKwPrLw8/photo.jpg?sz=256","display_name":"El Hombre Sin Nombre","link":"https://stackoverflow.com/users/4827274/el-hombre-sin-nombre"},"is_answered":false,"view_count":11,"answer_count":0,"score":0,"last_activity_date":1684013550,"creation_date":1684013550,"question_id":76244972,"content_license":"CC BY-SA 4.0","link":"https://stackoverflow.com/questions/76244972/react-dispatch-onload-and-read-value","title":"React - Dispatch onload and read value"},{"tags":["proxy"],"owner":{"account_id":5583691,"reputation":866,"user_id":4431340,"user_type":"registered","accept_rate":64,"profile_image":"https://www.gravatar.com/avatar/0adbe5c60187375457388c44e4a2ae54?s=256&d=identicon&r=PG&f=y&so-version=2","display_name":"Dmitry","link":"https://stackoverflow.com/users/4431340/dmitry"},"is_answered":false,"view_count":120,"answer_count":1,"score":1,"last_activity_date":1690287459,"creation_date":1684013499,"last_edit_date":1684139748,"question_id":76244971,"content_license":"CC BY-SA 4.0","link":"https://stackoverflow.com/questions/76244971/how-to-forward-traffic-for-80-and-443-ports-from-one-server-to-another-linux","title":"How to forward traffic for 80 and 443 ports from one server to another (Linux)"}],"has_more":true,"quota_max":300,"quota_remaining":176}