{"items":[{"tags":["button"],"owner":{"account_id":28308667,"reputation":1,"user_id":21646261,"user_type":"registered","profile_image":"https://lh3.googleusercontent.com/a/AGNmyxb2wLRsgsF9ZCHnVIzlstQTkZP4XX0MmoBvoRHMyq4=k-s256","display_name":"Patrick S","link":"https://stackoverflow.com/users/21646261/patrick-s"},"is_answered":false,"view_count":19,"answer_count":1,"score":0,"last_activity_date":1681509974,"creation_date":1681509584,"last_edit_date":1681509623,"question_id":76019237,"content_license":"CC BY-SA 4.0","link":"https://stackoverflow.com/questions/76019237/why-is-the-button-size-for-column-toggle-smaller-than-other-buttons","title":"Why is the button size for column toggle smaller than other buttons?"},{"tags":["google-apps-script","google-sheets","google-sheets-formula","conditional-formatting"],"owner":{"account_id":11627864,"reputation":205,"user_id":8517084,"user_type":"registered","profile_image":"https://www.gravatar.com/avatar/38e8bc61ca018b91ade185aec55cb1ef?s=256&d=identicon&r=PG&f=y&so-version=2","display_name":"J. Kubassek","link":"https://stackoverflow.com/users/8517084/j-kubassek"},"is_answered":true,"view_count":100,"accepted_answer_id":76025100,"answer_count":1,"score":-2,"last_activity_date":1681955707,"creation_date":1681509580,"last_edit_date":1681862560,"question_id":76019236,"content_license":"CC BY-SA 4.0","link":"https://stackoverflow.com/questions/76019236/is-there-a-more-efficient-formula-to-apply-conditional-formatting-using-the-row","title":"Is there a more efficient formula to apply conditional formatting using the ROW function?"},{"tags":["vue.js","vuejs3","vue-script-setup","tiptap"],"owner":{"account_id":13683334,"reputation":136,"user_id":9873078,"user_type":"registered","profile_image":"https://lh4.googleusercontent.com/-iWS42W0tRwk/AAAAAAAAAAI/AAAAAAAALow/s8deSPkSJvs/photo.jpg?sz=256","display_name":"Samuel M. Bednarz","link":"https://stackoverflow.com/users/9873078/samuel-m-bednarz"},"is_answered":true,"view_count":152,"accepted_answer_id":76022829,"answer_count":1,"score":0,"last_activity_date":1681568812,"creation_date":1681509524,"last_edit_date":1681568812,"question_id":76019234,"content_license":"CC BY-SA 4.0","link":"https://stackoverflow.com/questions/76019234/tiptap2-floating-menu-giving-me-an-error-in-vue-3-with-script-setup","title":"Tiptap2 floating menu giving me an error in vue 3 with script setup"},{"tags":["javascript","html","jquery"],"owner":{"account_id":27827023,"reputation":49,"user_id":21246238,"user_type":"registered","profile_image":"https://lh3.googleusercontent.com/a/AEdFTp7V5IJTtrUzPhSdIq2AkANy5L-pLdQubTA_yQcJ=k-s256","display_name":"Vinnei","link":"https://stackoverflow.com/users/21246238/vinnei"},"is_answered":false,"view_count":20,"answer_count":0,"score":1,"last_activity_date":1681509477,"creation_date":1681509477,"question_id":76019233,"content_license":"CC BY-SA 4.0","link":"https://stackoverflow.com/questions/76019233/a-addeventlistener-wont-work-in-a-html-jquery-dark-light-switcher","title":"A addEventListener won&#39;t work in a html jQuery dark-light switcher"},{"tags":["reactjs","setstate","react-functional-component"],"owner":{"account_id":26221475,"reputation":1,"user_id":19898824,"user_type":"registered","profile_image":"https://lh3.googleusercontent.com/a/AItbvmnLG18aDQY9ad5SIdxIkBxr5ETdTxo1obHicwqn=k-s256","display_name":"Fernando Cede&#241;o Nuez","link":"https://stackoverflow.com/users/19898824/fernando-cede%c3%b1o-nuez"},"is_answered":true,"view_count":30,"accepted_answer_id":76019552,"answer_count":1,"score":-1,"last_activity_date":1681513750,"creation_date":1681509439,"question_id":76019229,"content_license":"CC BY-SA 4.0","link":"https://stackoverflow.com/questions/76019229/updating-the-state-with-a-prop-or-idk","title":"&quot;Updating the state with a prop&quot; or idk"},{"tags":["excel","excel-formula","sumproduct"],"owner":{"account_id":6698804,"reputation":177,"user_id":5166034,"user_type":"registered","accept_rate":50,"profile_image":"https://www.gravatar.com/avatar/312e3f11f4c06013fa8eea8867c3500a?s=256&d=identicon&r=PG&f=y&so-version=2","display_name":"ImFabien75","link":"https://stackoverflow.com/users/5166034/imfabien75"},"is_answered":true,"view_count":92,"answer_count":3,"score":2,"last_activity_date":1681600381,"creation_date":1681509412,"last_edit_date":1681514570,"question_id":76019226,"content_license":"CC BY-SA 4.0","link":"https://stackoverflow.com/questions/76019226/get-first-adress-of-cell-having-value-in-2d-array","title":"Get first adress of cell having value in 2D array"},{"tags":["sql","for-loop","if-statement","stored-procedures","google-bigquery"],"owner":{"account_id":26294886,"reputation":29,"user_id":19961297,"user_type":"registered","profile_image":"https://www.gravatar.com/avatar/12328596f9306a487c99406c05f933d0?s=256&d=identicon&r=PG","display_name":"tamboo","link":"https://stackoverflow.com/users/19961297/tamboo"},"is_answered":false,"view_count":220,"answer_count":2,"score":0,"last_activity_date":1681534920,"creation_date":1681509305,"last_edit_date":1681534920,"question_id":76019217,"content_license":"CC BY-SA 4.0","link":"https://stackoverflow.com/questions/76019217/stored-procedures-if-statement-within-for-in","title":"Stored procedures: IF statement within FOR...IN"},{"tags":["c","printf","unsigned-char","conversion-specifier"],"owner":{"account_id":6776659,"reputation":47,"user_id":5218235,"user_type":"registered","profile_image":"https://www.gravatar.com/avatar/dcb7f843e7c30e0de342c881627a4526?s=256&d=identicon&r=PG&f=y&so-version=2","display_name":"niil87","link":"https://stackoverflow.com/users/5218235/niil87"},"is_answered":true,"view_count":165,"accepted_answer_id":76019333,"answer_count":3,"score":2,"last_activity_date":1681602498,"creation_date":1681509304,"last_edit_date":1681511570,"question_id":76019216,"content_license":"CC BY-SA 4.0","link":"https://stackoverflow.com/questions/76019216/printf-performing-implicit-casting","title":"Printf performing implicit casting"},{"tags":["python","pandas","dataframe","filter"],"owner":{"account_id":28307145,"reputation":13,"user_id":21644981,"user_type":"registered","profile_image":"https://lh3.googleusercontent.com/a/AGNmyxaUDgIJ2ll5_wecQ2ppmISb01Biq0AOC_D4_wSE=k-s256","display_name":"Luis Pineda","link":"https://stackoverflow.com/users/21644981/luis-pineda"},"is_answered":true,"view_count":38,"accepted_answer_id":76019325,"answer_count":1,"score":1,"last_activity_date":1682071916,"creation_date":1681509290,"last_edit_date":1682071916,"question_id":76019215,"content_license":"CC BY-SA 4.0","link":"https://stackoverflow.com/questions/76019215/how-to-compare-two-data-sets-and-delete-rows-if-condition-match","title":"how to compare two data sets and delete rows if condition match"},{"tags":["python","python-3.x","bash","shell"],"owner":{"account_id":19606876,"reputation":2615,"user_id":14350333,"user_type":"registered","profile_image":"https://i.stack.imgur.com/NvQIE.png?s=256&g=1","display_name":"Yusuf","link":"https://stackoverflow.com/users/14350333/yusuf"},"is_answered":false,"view_count":114,"answer_count":1,"score":1,"last_activity_date":1681509693,"creation_date":1681509264,"question_id":76019214,"content_license":"CC BY-SA 4.0","link":"https://stackoverflow.com/questions/76019214/how-can-determine-to-run-a-script-using-python-or-python3-depending-on-the-i","title":"How can determine to run a script using `python` or `python3` depending on the installed version of python?"},{"tags":["python","plotly","plotly.graph-objects"],"owner":{"account_id":28308614,"reputation":13,"user_id":21646215,"user_type":"registered","profile_image":"https://www.gravatar.com/avatar/27f8f3b91245ebe8a23322cd81b323e4?s=256&d=identicon&r=PG&f=y&so-version=2","display_name":"sean412","link":"https://stackoverflow.com/users/21646215/sean412"},"is_answered":true,"view_count":402,"accepted_answer_id":76019833,"answer_count":1,"score":1,"last_activity_date":1681519393,"creation_date":1681509260,"question_id":76019211,"content_license":"CC BY-SA 4.0","link":"https://stackoverflow.com/questions/76019211/python-plotly-coloring-graph-object-lines-according-to-variable-value","title":"Python Plotly: Coloring graph_object lines according to variable value?"},{"tags":["visual-studio","api","debugging","visual-studio-2022"],"owner":{"account_id":8515447,"reputation":185,"user_id":6384041,"user_type":"registered","profile_image":"https://www.gravatar.com/avatar/060ca3f5b4a11856b4f53889612ba72f?s=256&d=identicon&r=PG&f=y&so-version=2","display_name":"Glenn","link":"https://stackoverflow.com/users/6384041/glenn"},"is_answered":true,"view_count":54,"accepted_answer_id":76053156,"answer_count":1,"score":1,"last_activity_date":1683682735,"creation_date":1681509215,"last_edit_date":1683682735,"question_id":76019209,"content_license":"CC BY-SA 4.0","link":"https://stackoverflow.com/questions/76019209/disappearing-reasonphrase-in-c-7-3-visual-studio-17-5-4","title":"Disappearing ReasonPhrase in C# 7.3, Visual Studio 17.5.4"},{"tags":["laravel-9","laravel-10"],"owner":{"account_id":28308558,"reputation":1,"user_id":21646169,"user_type":"registered","profile_image":"https://lh3.googleusercontent.com/a/AGNmyxb5XUBfUiQ8NyEYC9iT6fzHHVyu8mB_DRcIJHGf=k-s256","display_name":"Juan jose Nieto Gill","link":"https://stackoverflow.com/users/21646169/juan-jose-nieto-gill"},"is_answered":false,"view_count":16,"answer_count":0,"score":0,"last_activity_date":1681547727,"creation_date":1681509155,"last_edit_date":1681547727,"question_id":76019201,"content_license":"CC BY-SA 4.0","link":"https://stackoverflow.com/questions/76019201/can-the-patch-method-be-used-more-than-once-in-laravel-for-the-same-entity","title":"Can the &quot;PATCH&quot; method be used more than once in Laravel for the same entity?"},{"tags":["python","pandas"],"owner":{"account_id":28308529,"reputation":23,"user_id":21646144,"user_type":"registered","profile_image":"https://lh3.googleusercontent.com/a/AGNmyxYeE3yHPtJM7l5wkNrmaz4mba52kpBRQ0YWfmt6sQ=k-s256","display_name":"Zakria Ghani","link":"https://stackoverflow.com/users/21646144/zakria-ghani"},"is_answered":true,"view_count":41,"accepted_answer_id":76019412,"answer_count":2,"score":2,"last_activity_date":1681519517,"creation_date":1681509090,"question_id":76019196,"content_license":"CC BY-SA 4.0","link":"https://stackoverflow.com/questions/76019196/subtract-all-values-in-a-detail-column-from-a-summary-column-using-an-id-column","title":"Subtract all values in a detail column from a summary column using an ID column to group them together - PANDAS"},{"tags":["android","ios","swift","react-native","mobile-application"],"owner":{"account_id":28308631,"reputation":3,"user_id":21646232,"user_type":"registered","profile_image":"https://lh3.googleusercontent.com/a/AGNmyxaHd3i9Pl509w6klBHxTEqdG820Ow6VKMcBq_P8fQ=k-s256","display_name":"Roali Biten","link":"https://stackoverflow.com/users/21646232/roali-biten"},"is_answered":true,"view_count":66,"accepted_answer_id":76019429,"answer_count":1,"score":-2,"last_activity_date":1681512239,"creation_date":1681509066,"question_id":76019194,"content_license":"CC BY-SA 4.0","link":"https://stackoverflow.com/questions/76019194/react-native-theme-app-is-there-any-way-to-change-the-text-style-outside-of-th","title":"React Native Theme App - Is there any way to change the text style outside of the React Native App"},{"tags":["excel","sharepoint","power-automate"],"owner":{"account_id":19591262,"reputation":34,"user_id":14338219,"user_type":"registered","profile_image":"https://www.gravatar.com/avatar/9e44a0f15c12a9c6aeee2fca6957f399?s=256&d=identicon&r=PG&f=y&so-version=2","display_name":"Baby Yoda","link":"https://stackoverflow.com/users/14338219/baby-yoda"},"is_answered":false,"view_count":202,"answer_count":0,"score":0,"last_activity_date":1681509045,"creation_date":1681509045,"question_id":76019192,"content_license":"CC BY-SA 4.0","link":"https://stackoverflow.com/questions/76019192/transfer-excel-data-to-another-excel-file-power-automate","title":"Transfer Excel data to another Excel file - Power automate"},{"tags":["html","css","flexbox"],"owner":{"account_id":9051315,"reputation":318,"user_id":6741328,"user_type":"registered","profile_image":"https://graph.facebook.com/10209045323343600/picture?type=large","display_name":"Gus Murphy","link":"https://stackoverflow.com/users/6741328/gus-murphy"},"is_answered":true,"view_count":50,"accepted_answer_id":76019228,"answer_count":1,"score":0,"last_activity_date":1681509434,"creation_date":1681509044,"question_id":76019191,"content_license":"CC BY-SA 4.0","link":"https://stackoverflow.com/questions/76019191/how-can-i-create-a-vertically-scrollable-table-within-a-flex-container-without-a","title":"How can I create a vertically scrollable table within a flex container without a fixed height?"},{"tags":["java","android","selenium-webdriver","appium","page-factory"],"owner":{"account_id":2901678,"reputation":1,"user_id":2488180,"user_type":"registered","profile_image":"https://www.gravatar.com/avatar/96b5a1883e91d7674291a406ef448c03?s=256&d=identicon&r=PG","display_name":"Left Handed","link":"https://stackoverflow.com/users/2488180/left-handed"},"is_answered":false,"view_count":217,"answer_count":1,"score":0,"last_activity_date":1681671679,"creation_date":1681508968,"last_edit_date":1681671679,"question_id":76019185,"content_license":"CC BY-SA 4.0","link":"https://stackoverflow.com/questions/76019185/androidfindby-not-working-when-i-used-appiumdriver","title":"@AndroidFindBy not working when i used appiumDriver"},{"tags":["c++","operator-overloading","dynamic-arrays","brackets"],"owner":{"account_id":28308393,"reputation":3,"user_id":21646024,"user_type":"registered","profile_image":"https://lh3.googleusercontent.com/a/AGNmyxbknPYRL1xhO-GJwzTS-XYlNWXIH3NZizbq5zpY=k-s256","display_name":"the learner","link":"https://stackoverflow.com/users/21646024/the-learner"},"is_answered":true,"view_count":143,"accepted_answer_id":76019227,"answer_count":1,"score":0,"last_activity_date":1698693824,"creation_date":1681508928,"last_edit_date":1698693824,"question_id":76019180,"content_license":"CC BY-SA 4.0","link":"https://stackoverflow.com/questions/76019180/how-to-overload-and-use-two-different-operators-simultaneously-in-c","title":"How to overload and use two different operators simultaneously in C++?"},{"tags":["postgresql","triggers"],"owner":{"account_id":17640,"reputation":261576,"user_id":39677,"user_type":"registered","accept_rate":57,"profile_image":"https://www.gravatar.com/avatar/77aa7bc1ace6e4b0b49a2102e4fa4059?s=256&d=identicon&r=PG","display_name":"Blankman","link":"https://stackoverflow.com/users/39677/blankman"},"is_answered":true,"view_count":162,"accepted_answer_id":76019314,"answer_count":1,"score":1,"last_activity_date":1681833085,"creation_date":1681508923,"last_edit_date":1681651355,"question_id":76019179,"content_license":"CC BY-SA 4.0","link":"https://stackoverflow.com/questions/76019179/how-can-i-create-a-trigger-that-will-propogate-an-update-to-primary-key-table","title":"How can I create a trigger that will propogate an update to primary key table?"},{"tags":["r","list"],"owner":{"account_id":28308618,"reputation":11,"user_id":21646219,"user_type":"registered","profile_image":"https://lh3.googleusercontent.com/a/AGNmyxY4PcMztGgXaWuNJDENeJK-XAmrlOVodsZHQ9L_tA=k-s256","display_name":"Case","link":"https://stackoverflow.com/users/21646219/case"},"is_answered":false,"view_count":22,"answer_count":0,"score":1,"last_activity_date":1681545321,"creation_date":1681508913,"last_edit_date":1681545321,"question_id":76019177,"content_license":"CC BY-SA 4.0","link":"https://stackoverflow.com/questions/76019177/how-do-i-extract-the-2-sub-element-of-every-part-of-a-list-even-when-some-parts","title":"how do I extract the 2 sub element of every part of a list even when some parts don&#39;t have a second sub element?"},{"tags":["quantlib","quantlib-swig"],"owner":{"account_id":16401014,"reputation":93,"user_id":11846982,"user_type":"registered","profile_image":"https://www.gravatar.com/avatar/620cd5c17fd6a430fe2159ba8228385d?s=256&d=identicon&r=PG&f=y&so-version=2","display_name":"Nick","link":"https://stackoverflow.com/users/11846982/nick"},"is_answered":true,"view_count":251,"accepted_answer_id":76030361,"answer_count":1,"score":0,"last_activity_date":1681679598,"creation_date":1681508869,"question_id":76019174,"content_license":"CC BY-SA 4.0","link":"https://stackoverflow.com/questions/76019174/quantlib-swap-pricing-index-fixing-leg-missing","title":"QuantLib swap pricing, index fixing leg missing"},{"tags":["postgresql","unique-constraint","upsert"],"owner":{"account_id":28107365,"reputation":1,"user_id":21475756,"user_type":"registered","profile_image":"https://www.gravatar.com/avatar/af1de4fc001b08d556ccf91eb7873f5a?s=256&d=identicon&r=PG&f=y&so-version=2","display_name":"zzzzzz","link":"https://stackoverflow.com/users/21475756/zzzzzz"},"is_answered":false,"view_count":21,"closed_date":1681712123,"answer_count":0,"score":0,"last_activity_date":1681508804,"creation_date":1681508804,"question_id":76019171,"link":"https://stackoverflow.com/questions/76019171/using-upsert-to-update-conflicting-record-and-inserting-a-new-one-afterwards","closed_reason":"Duplicate","title":"Using UPSERT to update conflicting record and inserting a new one afterwards?"},{"tags":["android"],"owner":{"account_id":7282863,"reputation":186,"user_id":5551975,"user_type":"registered","profile_image":"https://i.stack.imgur.com/1xXyo.png?s=256&g=1","display_name":"dcarl661","link":"https://stackoverflow.com/users/5551975/dcarl661"},"is_answered":true,"view_count":78,"answer_count":1,"score":0,"last_activity_date":1681510817,"creation_date":1681508752,"question_id":76019167,"content_license":"CC BY-SA 4.0","link":"https://stackoverflow.com/questions/76019167/android-manifest-permission-receive-sms-or-android-permission-receive-sms","title":"android Manifest.permission.RECEIVE_SMS Or android.permission.RECEIVE_SMS"},{"tags":["html","html-lists"],"owner":{"account_id":26035091,"reputation":15,"user_id":19740647,"user_type":"registered","profile_image":"https://lh3.googleusercontent.com/a-/AFdZucqPCodX5CHUuSIr45BbuT4zKkWV3gzBn9_2ZAiq=k-s256","display_name":"Deepti Sheoran","link":"https://stackoverflow.com/users/19740647/deepti-sheoran"},"is_answered":true,"view_count":243,"accepted_answer_id":76019462,"answer_count":1,"score":0,"last_activity_date":1681541688,"creation_date":1681508677,"last_edit_date":1681513017,"question_id":76019161,"content_license":"CC BY-SA 4.0","link":"https://stackoverflow.com/questions/76019161/what-difference-does-it-make-when-i-have-line-breaks-in-the-source-html-inside-e","title":"What difference does it make when I have line breaks in the source HTML inside element markup?"},{"tags":["pickle","langchain"],"owner":{"account_id":28308605,"reputation":31,"user_id":21646208,"user_type":"registered","profile_image":"https://www.gravatar.com/avatar/ab49fab18d02efbf74309ab0040cfeb1?s=256&d=identicon&r=PG&f=y&so-version=2","display_name":"L12345","link":"https://stackoverflow.com/users/21646208/l12345"},"is_answered":false,"view_count":1250,"answer_count":0,"score":3,"last_activity_date":1681508617,"creation_date":1681508595,"last_edit_date":1681508617,"question_id":76019153,"content_license":"CC BY-SA 4.0","link":"https://stackoverflow.com/questions/76019153/how-do-you-resolve-this-error-when-you-pickle-a-langchain-vectorstoreindexcreato","title":"How do you resolve this error when you pickle a LangChain VectorStoreIndexCreator object?"},{"tags":["python"],"owner":{"account_id":28308602,"reputation":1,"user_id":21646206,"user_type":"registered","profile_image":"https://graph.facebook.com/217916954193742/picture?type=large","display_name":"Matthew Connor","link":"https://stackoverflow.com/users/21646206/matthew-connor"},"is_answered":false,"view_count":34,"answer_count":3,"score":-1,"last_activity_date":1681509099,"creation_date":1681508500,"last_edit_date":1681508861,"question_id":76019142,"content_license":"CC BY-SA 4.0","link":"https://stackoverflow.com/questions/76019142/the-n-isnt-working-in-python-and-tried-and-alternate-method-and-doesnt-give-t","title":"The \\n isn&#39;t working in python and tried and alternate method and doesn&#39;t give the same results"},{"tags":["r","shiny","shinymodules"],"owner":{"account_id":21981853,"reputation":133,"user_id":16256771,"user_type":"registered","profile_image":"https://www.gravatar.com/avatar/678f40ca2cceffcadda255597ff85148?s=256&d=identicon&r=PG&f=y&so-version=2","display_name":"Quizicall","link":"https://stackoverflow.com/users/16256771/quizicall"},"is_answered":true,"view_count":62,"accepted_answer_id":76021520,"answer_count":1,"score":1,"last_activity_date":1681552527,"creation_date":1681508449,"last_edit_date":1681552527,"question_id":76019140,"content_license":"CC BY-SA 4.0","link":"https://stackoverflow.com/questions/76019140/show-tab-that-was-hidden-from-another-shiny-module","title":"Show tab that was hidden from another Shiny module"},{"tags":["python","python-3.x","beautifulsoup"],"owner":{"account_id":7634692,"reputation":1845,"user_id":5788582,"user_type":"registered","accept_rate":91,"profile_image":"https://lh3.googleusercontent.com/-XdUIqdMkCWA/AAAAAAAAAAI/AAAAAAAAAAA/4252rscbv5M/photo.jpg?sz=256","display_name":"Jay Jung","link":"https://stackoverflow.com/users/5788582/jay-jung"},"is_answered":true,"view_count":42,"accepted_answer_id":76019189,"answer_count":1,"score":1,"last_activity_date":1681509023,"creation_date":1681508436,"question_id":76019139,"content_license":"CC BY-SA 4.0","link":"https://stackoverflow.com/questions/76019139/how-to-use-bs4-to-grab-all-text-sequentially-whether-wrapped-in-element-tag-or","title":"How to use bs4 to grab all text, sequentially, whether wrapped in element tag or not, regardless of hierarchical order"},{"tags":["javascript","object"],"owner":{"account_id":15549678,"reputation":927,"user_id":11217758,"user_type":"registered","profile_image":"https://www.gravatar.com/avatar/f926ce0f13b7d5a6699f784528a25515?s=256&d=identicon&r=PG&f=y&so-version=2","display_name":"Adam B.","link":"https://stackoverflow.com/users/11217758/adam-b"},"is_answered":true,"view_count":451,"answer_count":3,"score":-2,"last_activity_date":1681509918,"creation_date":1681508419,"last_edit_date":1681509918,"question_id":76019134,"content_license":"CC BY-SA 4.0","link":"https://stackoverflow.com/questions/76019134/javascript-copy-properties-by-reference-without-modifying-the-original-object","title":"JavaScript copy properties by reference without modifying the original object"}],"has_more":true,"quota_max":300,"quota_remaining":291}