{"items":[{"tags":["javascript","visual-studio","debugging"],"owner":{"account_id":10267948,"reputation":723,"user_id":7577314,"user_type":"registered","accept_rate":78,"profile_image":"https://graph.facebook.com/10212326222534591/picture?type=large","display_name":"Erik Westwig","link":"https://stackoverflow.com/users/7577314/erik-westwig"},"is_answered":false,"view_count":25,"answer_count":0,"score":0,"last_activity_date":1684447176,"creation_date":1684447176,"question_id":76284743,"content_license":"CC BY-SA 4.0","link":"https://stackoverflow.com/questions/76284743/running-debugging-simple-website-with-javascript-in-visual-studio","title":"Running/debugging simple website with JavaScript in Visual Studio"},{"tags":["powershell","cognos","cognos-11"],"owner":{"account_id":13769091,"reputation":2913,"user_id":9937026,"user_type":"registered","profile_image":"https://www.gravatar.com/avatar/6166599d326c4bf053ab93ab4e191403?s=256&d=identicon&r=PG&f=y&so-version=2","display_name":"dougp","link":"https://stackoverflow.com/users/9937026/dougp"},"is_answered":true,"view_count":57,"answer_count":1,"score":0,"last_activity_date":1684448002,"creation_date":1684447169,"last_edit_date":1684448002,"question_id":76284742,"content_license":"CC BY-SA 4.0","link":"https://stackoverflow.com/questions/76284742/split-path-doesnt-like-colons-in-the-leaf","title":"Split-Path doesn&#39;t like colons in the Leaf"},{"tags":["c#","winui-3"],"owner":{"account_id":1313678,"reputation":89,"user_id":1261114,"user_type":"registered","profile_image":"https://www.gravatar.com/avatar/f986c36043e7aa172b738f3a95d5d897?s=256&d=identicon&r=PG","display_name":"WCS","link":"https://stackoverflow.com/users/1261114/wcs"},"is_answered":false,"view_count":88,"answer_count":0,"score":0,"last_activity_date":1684767165,"creation_date":1684447151,"last_edit_date":1684767165,"question_id":76284739,"content_license":"CC BY-SA 4.0","link":"https://stackoverflow.com/questions/76284739/in-a-c-uwp-app-when-the-code-hits-the-await-key-word-the-error-message-value","title":"In a c# UWP app, when the code hits the await key word, the error message &#39;value does not fall in the expected range&#39;"},{"tags":["c#","asp.net","json"],"owner":{"account_id":7168193,"reputation":664,"user_id":5476615,"user_type":"registered","accept_rate":78,"profile_image":"https://i.stack.imgur.com/f4tWm.gif?s=256&g=1","display_name":"erasmo carlos","link":"https://stackoverflow.com/users/5476615/erasmo-carlos"},"is_answered":false,"view_count":444,"answer_count":0,"score":0,"last_activity_date":1684452315,"creation_date":1684447142,"last_edit_date":1684452315,"question_id":76284737,"content_license":"CC BY-SA 4.0","link":"https://stackoverflow.com/questions/76284737/error-reading-jobject-from-jsonreader-path-line-0-position-0","title":"Error reading JObject from JsonReader. Path &#39;&#39;, line 0, position 0"},{"tags":["karate"],"owner":{"account_id":28631152,"reputation":21,"user_id":21922158,"user_type":"registered","profile_image":"https://www.gravatar.com/avatar/28abcd89135f5502f7788369afe545b9?s=256&d=identicon&r=PG&f=y&so-version=2","display_name":"user21922158","link":"https://stackoverflow.com/users/21922158/user21922158"},"is_answered":false,"view_count":48,"answer_count":1,"score":2,"last_activity_date":1684470379,"creation_date":1684447142,"question_id":76284736,"content_license":"CC BY-SA 4.0","link":"https://stackoverflow.com/questions/76284736/what-configuration-options-are-available-for-disabling-report-generation-in-ka","title":"What configuration option(s) are available for disabling report generation in Karate?"},{"tags":["java","swing","awt"],"owner":{"account_id":101412,"reputation":5107,"user_id":272869,"user_type":"registered","accept_rate":96,"profile_image":"https://www.gravatar.com/avatar/83680b12d53f53f073a3fbe504695733?s=256&d=identicon&r=PG&f=y&so-version=2","display_name":"VextoR","link":"https://stackoverflow.com/users/272869/vextor"},"is_answered":true,"view_count":54,"accepted_answer_id":76285160,"answer_count":2,"score":1,"last_activity_date":1684463212,"creation_date":1684447094,"question_id":76284734,"content_license":"CC BY-SA 4.0","link":"https://stackoverflow.com/questions/76284734/is-there-a-way-to-catch-when-any-jpopupmenu-is-shown","title":"Is there a way to catch when any JPopupMenu is shown?"},{"tags":["c#","visual-studio","xamarin"],"owner":{"account_id":12871380,"reputation":162,"user_id":9309698,"user_type":"registered","accept_rate":40,"profile_image":"https://lh3.googleusercontent.com/-XdUIqdMkCWA/AAAAAAAAAAI/AAAAAAAAAAA/4252rscbv5M/photo.jpg?sz=256","display_name":"tgmjack","link":"https://stackoverflow.com/users/9309698/tgmjack"},"is_answered":true,"view_count":40,"accepted_answer_id":76284866,"answer_count":1,"score":0,"last_activity_date":1684448956,"creation_date":1684447074,"last_edit_date":1684448015,"question_id":76284732,"content_license":"CC BY-SA 4.0","link":"https://stackoverflow.com/questions/76284732/passing-custom-variable-into-command-with-xamarin","title":"passing custom variable into Command with xamarin"},{"tags":["windows","searchbar"],"owner":{"account_id":28631145,"reputation":21,"user_id":21922154,"user_type":"registered","profile_image":"https://www.gravatar.com/avatar/cb6081755b0293d52864a66d0aac8f4c?s=256&d=identicon&r=PG&f=y&so-version=2","display_name":"Zwerg","link":"https://stackoverflow.com/users/21922154/zwerg"},"is_answered":true,"view_count":78,"closed_date":1684498281,"accepted_answer_id":76288940,"answer_count":1,"score":1,"last_activity_date":1684498582,"creation_date":1684447010,"question_id":76284727,"link":"https://stackoverflow.com/questions/76284727/how-to-disable-windows-news-feed-beside-searchbar","closed_reason":"Not suitable for this site","title":"How to disable windows news feed beside searchbar?"},{"tags":["android","react-native","android-studio","android-emulator","bluestacks"],"owner":{"account_id":12784567,"reputation":162,"user_id":9251217,"user_type":"registered","profile_image":"https://www.gravatar.com/avatar/46a3c712a8a07b05481c6418af29c1d7?s=256&d=identicon&r=PG&f=y&so-version=2","display_name":"msacco","link":"https://stackoverflow.com/users/9251217/msacco"},"is_answered":false,"view_count":34,"answer_count":0,"score":0,"last_activity_date":1684446991,"creation_date":1684446991,"question_id":76284726,"content_license":"CC BY-SA 4.0","link":"https://stackoverflow.com/questions/76284726/errors-with-android-studio-emulator","title":"Errors with Android Studio Emulator"},{"tags":["python","pandas","combinations","nested-loops"],"owner":{"account_id":2095240,"reputation":193,"user_id":1864162,"user_type":"registered","profile_image":"https://i.stack.imgur.com/92Lnt.png?s=256&g=1","display_name":"Job Br&#252;ggen","link":"https://stackoverflow.com/users/1864162/job-br%c3%bcggen"},"is_answered":true,"view_count":38,"answer_count":1,"score":0,"last_activity_date":1684448531,"creation_date":1684446982,"question_id":76284724,"content_license":"CC BY-SA 4.0","link":"https://stackoverflow.com/questions/76284724/iterating-over-dataframes-revisited","title":"Iterating over Dataframes - revisited?"},{"tags":["python"],"owner":{"account_id":28631063,"reputation":13,"user_id":21922093,"user_type":"registered","profile_image":"https://i.stack.imgur.com/YuEPX.jpg?s=256&g=1","display_name":"Saladin12","link":"https://stackoverflow.com/users/21922093/saladin12"},"is_answered":true,"view_count":46,"accepted_answer_id":76284745,"answer_count":2,"score":1,"last_activity_date":1684448562,"creation_date":1684446930,"question_id":76284718,"content_license":"CC BY-SA 4.0","link":"https://stackoverflow.com/questions/76284718/how-can-i-get-the-correct-result-for-my-rock-paper-scissors-game-without-using","title":"How can I get the correct result for my Rock, Paper, Scissors game without using integers?"},{"tags":["c","clang","ncurses","curses"],"owner":{"account_id":28631119,"reputation":38,"user_id":21922133,"user_type":"registered","profile_image":"https://lh3.googleusercontent.com/a/AGNmyxbIxPZJDfAJa5SR5IXWcz503v-9dYZZBmqhZ7w9=k-s256","display_name":"Apesteguia","link":"https://stackoverflow.com/users/21922133/apesteguia"},"is_answered":true,"view_count":91,"closed_date":1684453416,"accepted_answer_id":76284985,"answer_count":1,"score":-2,"last_activity_date":1684451131,"creation_date":1684446861,"last_edit_date":1684449888,"question_id":76284714,"link":"https://stackoverflow.com/questions/76284714/how-can-i-find-memory-leaks-in-my-program","closed_reason":"Needs more focus","title":"How can i find memory leaks in my program?"},{"tags":["python","opencv","image-processing","bounding-box"],"owner":{"account_id":26109716,"reputation":11,"user_id":19803849,"user_type":"registered","profile_image":"https://www.gravatar.com/avatar/eca335f2fc29bf5170afbdb983890665?s=256&d=identicon&r=PG","display_name":"Zach K","link":"https://stackoverflow.com/users/19803849/zach-k"},"is_answered":true,"view_count":131,"accepted_answer_id":76293633,"answer_count":1,"score":0,"last_activity_date":1684559909,"creation_date":1684446858,"question_id":76284713,"content_license":"CC BY-SA 4.0","link":"https://stackoverflow.com/questions/76284713/open-cv-select-bounding-box-based-on-area","title":"Open CV Select Bounding Box based on Area"},{"tags":["react-native","expo","filesystems"],"owner":{"account_id":11732283,"reputation":492,"user_id":8587334,"user_type":"registered","profile_image":"https://graph.facebook.com/1940368312908606/picture?type=large","display_name":"PietroPutelli","link":"https://stackoverflow.com/users/8587334/pietroputelli"},"is_answered":false,"view_count":88,"answer_count":0,"score":0,"last_activity_date":1684446750,"creation_date":1684446750,"question_id":76284707,"content_license":"CC BY-SA 4.0","link":"https://stackoverflow.com/questions/76284707/expo-filesystem-downloadasync-does-not-resolve-to-anything-react-native","title":"Expo FileSystem downloadAsync does not resolve to anything [React Native]"},{"tags":["vb.net","visual-studio","dll"],"owner":{"account_id":11376915,"reputation":101,"user_id":10007805,"user_type":"registered","profile_image":"https://i.stack.imgur.com/A62p1.jpg?s=256&g=1","display_name":"Paul","link":"https://stackoverflow.com/users/10007805/paul"},"is_answered":false,"view_count":87,"answer_count":1,"score":0,"last_activity_date":1690574224,"creation_date":1684446731,"question_id":76284706,"content_license":"CC BY-SA 4.0","link":"https://stackoverflow.com/questions/76284706/vs-2022-referenced-dll-specific-version-property-does-not-behave-as-i-would-ex","title":"VS 2022 Referenced dll &quot;Specific Version&quot; property does not behave as I would expect"},{"tags":["tableau-desktop"],"owner":{"account_id":21240840,"reputation":1,"user_id":15624336,"user_type":"registered","profile_image":"https://www.gravatar.com/avatar/d3617b9942aa45bdc5dbb49cc8363122?s=256&d=identicon&r=PG&f=y&so-version=2","display_name":"Keshav Rana","link":"https://stackoverflow.com/users/15624336/keshav-rana"},"is_answered":false,"view_count":24,"answer_count":0,"score":0,"last_activity_date":1684726996,"creation_date":1684446726,"last_edit_date":1684477514,"question_id":76284705,"content_license":"CC BY-SA 4.0","link":"https://stackoverflow.com/questions/76284705/how-to-calculate-the-percentage-of-manufacturers-with-sales-above-global-average","title":"How to Calculate the Percentage of Manufacturers with Sales Above Global Average Sales by Category in Tableau using Super Store Dataset"},{"tags":["ios","flutter","calendly"],"owner":{"account_id":28631149,"reputation":11,"user_id":21922156,"user_type":"registered","profile_image":"https://www.gravatar.com/avatar/ebf88a241b01864692774a48b15273ef?s=256&d=identicon&r=PG&f=y&so-version=2","display_name":"Nathan McDonald","link":"https://stackoverflow.com/users/21922156/nathan-mcdonald"},"is_answered":false,"view_count":40,"answer_count":0,"score":1,"last_activity_date":1684446703,"creation_date":1684446703,"question_id":76284703,"content_license":"CC BY-SA 4.0","link":"https://stackoverflow.com/questions/76284703/api-issue-in-flutter","title":"API issue in Flutter"},{"tags":["javascript","bookmarklet","cross-origin-resource-policy"],"owner":{"account_id":24524733,"reputation":11,"user_id":18437313,"user_type":"registered","profile_image":"https://www.gravatar.com/avatar/006bac2bfe4a1bd78c9ed41d4e029615?s=256&d=identicon&r=PG","display_name":"spimcom","link":"https://stackoverflow.com/users/18437313/spimcom"},"is_answered":true,"view_count":57,"answer_count":2,"score":-1,"last_activity_date":1684454865,"creation_date":1684446686,"last_edit_date":1684453351,"question_id":76284701,"content_license":"CC BY-SA 4.0","link":"https://stackoverflow.com/questions/76284701/how-can-i-use-a-bookmarklet-to-get-an-innertext-from-an-external-domain-iframe","title":"How can I use a bookmarklet to get an innerText from an external domain iframe? (x-origin errors)"},{"tags":["firebase","react-native"],"owner":{"account_id":6561268,"reputation":888,"user_id":6708508,"user_type":"registered","profile_image":"https://i.stack.imgur.com/UyDpf.jpg?s=256&g=1","display_name":"Muteshi","link":"https://stackoverflow.com/users/6708508/muteshi"},"is_answered":true,"view_count":217,"answer_count":1,"score":3,"last_activity_date":1685253632,"creation_date":1684446682,"last_edit_date":1684684209,"question_id":76284700,"content_license":"CC BY-SA 4.0","link":"https://stackoverflow.com/questions/76284700/linking-phone-number-to-accounts-with-signin-method-of-email-and-password-on-fir","title":"Linking phone number to accounts with signin method of email and password on firebase"},{"tags":["typescript","types","typeerror"],"owner":{"account_id":3268769,"reputation":2185,"user_id":2752626,"user_type":"registered","accept_rate":40,"profile_image":"https://i.stack.imgur.com/dLtVi.jpg?s=256&g=1","display_name":"T00rk","link":"https://stackoverflow.com/users/2752626/t00rk"},"is_answered":true,"view_count":34,"accepted_answer_id":76284731,"answer_count":1,"score":0,"last_activity_date":1684449318,"creation_date":1684446657,"question_id":76284697,"content_license":"CC BY-SA 4.0","link":"https://stackoverflow.com/questions/76284697/typescript-custom-type-with-properties-of-another","title":"Typescript custom type with properties of another"},{"tags":["c","postgresql","apache-age"],"owner":{"account_id":25610325,"reputation":715,"user_id":19383865,"user_type":"registered","profile_image":"https://i.stack.imgur.com/Tdazz.jpg?s=256&g=1","display_name":"Matheus Farias","link":"https://stackoverflow.com/users/19383865/matheus-farias"},"is_answered":true,"view_count":88,"accepted_answer_id":76285096,"answer_count":2,"score":0,"last_activity_date":1684563813,"creation_date":1684446654,"question_id":76284695,"content_license":"CC BY-SA 4.0","link":"https://stackoverflow.com/questions/76284695/pg-getarg-float4-allways-returning-0","title":"PG_GETARG_FLOAT4() allways returning 0"},{"tags":["svelte","vite","sveltekit"],"owner":{"account_id":905270,"reputation":11022,"user_id":940300,"user_type":"registered","accept_rate":75,"profile_image":"https://i.stack.imgur.com/7IWb0.jpg?s=256&g=1","display_name":"Basic Coder","link":"https://stackoverflow.com/users/940300/basic-coder"},"is_answered":false,"view_count":108,"answer_count":0,"score":0,"last_activity_date":1684449104,"creation_date":1684446643,"question_id":76284694,"content_license":"CC BY-SA 4.0","link":"https://stackoverflow.com/questions/76284694/vite-sveltekit-unresponsive-white-website","title":"Vite &amp; Sveltekit: Unresponsive white website"},{"tags":["firebase","gatsby"],"owner":{"account_id":3268896,"reputation":3037,"user_id":2752719,"user_type":"registered","accept_rate":26,"profile_image":"https://www.gravatar.com/avatar/e69b18fcf87cf3edd12055381d9b51b8?s=256&d=identicon&r=PG&f=y&so-version=2","display_name":"Ben","link":"https://stackoverflow.com/users/2752719/ben"},"is_answered":false,"view_count":30,"answer_count":0,"score":0,"last_activity_date":1684470262,"creation_date":1684446616,"last_edit_date":1684470262,"question_id":76284692,"content_license":"CC BY-SA 4.0","link":"https://stackoverflow.com/questions/76284692/firebase-storage-fetching-image-fails-randomly","title":"Firebase storage fetching image fails randomly"},{"tags":["android","inet","software-packaging"],"owner":{"account_id":22135476,"reputation":21,"user_id":16386347,"user_type":"registered","profile_image":"https://www.gravatar.com/avatar/9986a1325204074f638220a3731c2f23?s=256&d=identicon&r=PG&f=y&so-version=2","display_name":"mantz","link":"https://stackoverflow.com/users/16386347/mantz"},"is_answered":false,"view_count":5,"answer_count":0,"score":0,"last_activity_date":1684446540,"creation_date":1684446540,"question_id":76284689,"content_license":"CC BY-SA 4.0","link":"https://stackoverflow.com/questions/76284689/inet6-address-insteaf-of-inet-android-repackaginglab","title":"Inet6 address insteaf of inet Android repackagingLab"},{"tags":["python","database","postgresql","telegram-bot","asyncpg"],"owner":{"account_id":28205852,"reputation":3,"user_id":21558961,"user_type":"registered","profile_image":"https://www.gravatar.com/avatar/c75d39037ffb876f0e704fa9e5a7001a?s=256&d=identicon&r=PG&f=y&so-version=2","display_name":"John Olso","link":"https://stackoverflow.com/users/21558961/john-olso"},"is_answered":true,"view_count":205,"accepted_answer_id":76303905,"answer_count":1,"score":-1,"last_activity_date":1684740807,"creation_date":1684446529,"last_edit_date":1684488096,"question_id":76284687,"content_license":"CC BY-SA 4.0","link":"https://stackoverflow.com/questions/76284687/asyncpg-exceptions-postgressyntaxerror-syntax-error-at-or-near-problem-with","title":"asyncpg.exceptions.PostgresSyntaxError: syntax error at or near &quot;=&quot; problem with databese and user"},{"tags":["karate"],"owner":{"account_id":328807,"reputation":19,"user_id":651966,"user_type":"registered","profile_image":"https://www.gravatar.com/avatar/7c2094d0dd2c2e15211d3c1ca87c5177?s=256&d=identicon&r=PG","display_name":"eslio","link":"https://stackoverflow.com/users/651966/eslio"},"is_answered":false,"view_count":150,"answer_count":1,"score":0,"last_activity_date":1684470235,"creation_date":1684446516,"question_id":76284686,"content_license":"CC BY-SA 4.0","link":"https://stackoverflow.com/questions/76284686/multi-thread-access-exception-karate-1-3-1","title":"Multi thread access exception - Karate 1.3.1"},{"tags":["configuration","apache-superset"],"owner":{"account_id":28630998,"reputation":1,"user_id":21922039,"user_type":"registered","profile_image":"https://lh3.googleusercontent.com/a/AGNmyxYje3yqPyghPt0DiuL5gS6VrPkvLGOHTNphtBXU=k-s256","display_name":"Xiaoxue Duan","link":"https://stackoverflow.com/users/21922039/xiaoxue-duan"},"is_answered":false,"view_count":221,"answer_count":0,"score":0,"last_activity_date":1684743948,"creation_date":1684446350,"last_edit_date":1684743948,"question_id":76284677,"content_license":"CC BY-SA 4.0","link":"https://stackoverflow.com/questions/76284677/troubleshooting-row-limit-change-in-superset-config-py-superset-version2-0-1","title":"Troubleshooting Row Limit Change in superset_config.py (superset version2.0.1)"},{"tags":["javascript","html","css"],"owner":{"account_id":28114686,"reputation":33,"user_id":21481967,"user_type":"registered","profile_image":"https://lh3.googleusercontent.com/a/AGNmyxa4SVFjQEpgBi5u0F9ep0d8nDHouu03-QC4z6G2=k-s256","display_name":"user21481967","link":"https://stackoverflow.com/users/21481967/user21481967"},"is_answered":false,"view_count":46,"answer_count":0,"score":1,"last_activity_date":1684491484,"creation_date":1684446295,"last_edit_date":1684491484,"question_id":76284673,"content_license":"CC BY-SA 4.0","link":"https://stackoverflow.com/questions/76284673/implementing-hover-effects-adding-buttons-and-improving-design-for-an-expandin","title":"Implementing Hover Effects, Adding Buttons, and Improving Design for an Expanding Content Card in WordPress"},{"tags":["c#","redis","stackexchange.redis"],"owner":{"account_id":15096,"reputation":11472,"user_id":31532,"user_type":"registered","accept_rate":97,"profile_image":"https://www.gravatar.com/avatar/923164a150f414e076b32c4c6bbfecab?s=256&d=identicon&r=PG","display_name":"Dan Atkinson","link":"https://stackoverflow.com/users/31532/dan-atkinson"},"is_answered":false,"view_count":256,"answer_count":1,"score":0,"last_activity_date":1684453325,"creation_date":1684446284,"last_edit_date":1684453325,"question_id":76284670,"content_license":"CC BY-SA 4.0","link":"https://stackoverflow.com/questions/76284670/storing-xml-and-performing-xpath-queries-directly-against-redis","title":"Storing XML and performing XPath queries directly against Redis"},{"tags":["wordpress","custom-wordpress-pages","wordpress-gutenberg"],"owner":{"account_id":28252708,"reputation":1,"user_id":21598678,"user_type":"registered","profile_image":"https://lh3.googleusercontent.com/a/AGNmyxahx48b47scxvS0pf_coCVuVRT_UsWXmse1mhsw=k-s256","display_name":"Marcos N&#243;brega","link":"https://stackoverflow.com/users/21598678/marcos-n%c3%b3brega"},"is_answered":false,"view_count":31,"answer_count":1,"score":0,"last_activity_date":1684722753,"creation_date":1684446228,"question_id":76284667,"content_license":"CC BY-SA 4.0","link":"https://stackoverflow.com/questions/76284667/wordpress-custom-block-link-saved-in-database-not-retrieved-when-editing-post","title":"WordPress custom block: Link saved in database not retrieved when editing post"}],"has_more":true,"quota_max":300,"quota_remaining":156}