{"items":[{"tags":["reactjs","express","cookies","httpcookie","express-jwt"],"owner":{"account_id":19095334,"reputation":1,"user_id":13944740,"user_type":"registered","profile_image":"https://lh3.googleusercontent.com/a-/AOh14GiZmSJ-l2QN6az4BnBrAReOS68MdarZJumrk36i_w=k-s256","display_name":"eonsinde","link":"https://stackoverflow.com/users/13944740/eonsinde"},"is_answered":false,"view_count":29,"answer_count":0,"score":0,"last_activity_date":1685138397,"creation_date":1685138397,"question_id":76344395,"content_license":"CC BY-SA 4.0","link":"https://stackoverflow.com/questions/76344395/how-can-i-get-the-jwt-token-sent-in-res-cookie-to-appear-in-my-browsers-cookie","title":"How can I get the JWT token sent in res.cookie to appear in my browser&#39;s cookie storage?"},{"tags":["html","css","css-grid"],"owner":{"account_id":1859358,"reputation":42923,"user_id":1684269,"user_type":"registered","accept_rate":91,"profile_image":"https://www.gravatar.com/avatar/5adbf1d60d27b9ee3aeee069591ba88b?s=256&d=identicon&r=PG","display_name":"Ole","link":"https://stackoverflow.com/users/1684269/ole"},"is_answered":true,"view_count":35,"accepted_answer_id":76346311,"answer_count":1,"score":0,"last_activity_date":1685180861,"creation_date":1685138273,"last_edit_date":1685139595,"question_id":76344387,"content_license":"CC BY-SA 4.0","link":"https://stackoverflow.com/questions/76344387/creating-a-grid-layout-with-one-square-being-scrollable","title":"Creating a grid layout with one square being scrollable?"},{"tags":["c#","xamarin","absolutelayout"],"owner":{"account_id":12871380,"reputation":162,"user_id":9309698,"user_type":"registered","accept_rate":40,"profile_image":"https://lh3.googleusercontent.com/-XdUIqdMkCWA/AAAAAAAAAAI/AAAAAAAAAAA/4252rscbv5M/photo.jpg?sz=256","display_name":"tgmjack","link":"https://stackoverflow.com/users/9309698/tgmjack"},"is_answered":false,"view_count":57,"answer_count":0,"score":0,"last_activity_date":1685143199,"creation_date":1685138254,"last_edit_date":1685143199,"question_id":76344385,"content_license":"CC BY-SA 4.0","link":"https://stackoverflow.com/questions/76344385/set-absolute-position-of-image-to-object-its-bound-to","title":"set absolute position of image to object its bound to"},{"tags":["kubernetes","kubernetes-helm","kubectl","kubernetes-secrets"],"owner":{"account_id":1963536,"reputation":360,"user_id":1764353,"user_type":"registered","accept_rate":82,"profile_image":"https://www.gravatar.com/avatar/6df082eac457b8d22740d110511ce72d?s=256&d=identicon&r=PG","display_name":"John R","link":"https://stackoverflow.com/users/1764353/john-r"},"is_answered":false,"view_count":229,"answer_count":0,"score":0,"last_activity_date":1694170979,"creation_date":1685138209,"last_edit_date":1694170979,"question_id":76344384,"content_license":"CC BY-SA 4.0","link":"https://stackoverflow.com/questions/76344384/kubectl-secrets-volume-mount-gets-caused-by-java-io-ioexception-invalid-keyst","title":"kubectl secrets volume mount gets &quot;Caused by: java.io.IOException: Invalid keystore format&quot; for keystore.jks"},{"tags":["node.js","arrays","mongodb","mongoose"],"owner":{"account_id":28688619,"reputation":3,"user_id":21968357,"user_type":"registered","profile_image":"https://lh3.googleusercontent.com/a/AAcHTtf6UlZJCSYlydn28_wupvsiv-qjBMLrkcDNRg0Ynw=k-s256","display_name":"Iman Golea","link":"https://stackoverflow.com/users/21968357/iman-golea"},"is_answered":true,"view_count":30,"accepted_answer_id":76346979,"answer_count":2,"score":0,"last_activity_date":1685191351,"creation_date":1685138171,"last_edit_date":1685171568,"question_id":76344382,"content_license":"CC BY-SA 4.0","link":"https://stackoverflow.com/questions/76344382/typeerror-cannot-read-property-skills-of-null","title":"TypeError: Cannot read property &#39;skills&#39; of null"},{"tags":["github"],"owner":{"account_id":27878943,"reputation":15,"user_id":21287860,"user_type":"registered","profile_image":"https://lh3.googleusercontent.com/a/AGNmyxb_t-StxYB8wzpXVpnYntlVKBuB15qA_3opJHbZ=k-s256","display_name":"amogusenjoyer123","link":"https://stackoverflow.com/users/21287860/amogusenjoyer123"},"is_answered":false,"view_count":41,"answer_count":1,"score":0,"last_activity_date":1685717781,"creation_date":1685138166,"last_edit_date":1685717781,"question_id":76344381,"content_license":"CC BY-SA 4.0","link":"https://stackoverflow.com/questions/76344381/dont-know-how-to-restore-project-to-last-commit-stage","title":"Don&#39;t know how to restore project to last commit stage"},{"tags":["sql","database","t-sql"],"owner":{"account_id":12063873,"reputation":165,"user_id":8821833,"user_type":"registered","profile_image":"https://www.gravatar.com/avatar/fdcb747393b7048a5e95c9200c200207?s=256&d=identicon&r=PG&f=y&so-version=2","display_name":"CraftyFox","link":"https://stackoverflow.com/users/8821833/craftyfox"},"is_answered":false,"view_count":76,"answer_count":1,"score":-3,"last_activity_date":1685711168,"creation_date":1685138164,"last_edit_date":1685327990,"question_id":76344380,"content_license":"CC BY-SA 4.0","link":"https://stackoverflow.com/questions/76344380/why-does-sql-concatenate-number-and-string-together-when-adding-them","title":"Why does sql concatenate number and string together when adding them"},{"tags":["python","selenium-webdriver","selenium-chromedriver"],"owner":{"account_id":20320400,"reputation":1,"user_id":15837556,"user_type":"registered","profile_image":"https://lh6.googleusercontent.com/-FmTbEl2MHTE/AAAAAAAAAAI/AAAAAAAAAAA/AMZuucmNI0cwG7Xtxu0BTz9BqESJpsEuLw/s96-c/photo.jpg?sz=256","display_name":"Adeel Syed","link":"https://stackoverflow.com/users/15837556/adeel-syed"},"is_answered":false,"view_count":34,"answer_count":0,"score":0,"last_activity_date":1685148173,"creation_date":1685138159,"last_edit_date":1685148173,"question_id":76344379,"content_license":"CC BY-SA 4.0","link":"https://stackoverflow.com/questions/76344379/selenium-is-not-finding-the-element-i-need","title":"Selenium is not finding the element I need?"},{"tags":["youtube","youtube-api"],"owner":{"account_id":83665,"reputation":1777,"user_id":234404,"user_type":"registered","accept_rate":84,"profile_image":"https://www.gravatar.com/avatar/dc006762db6bce3b31eb911e5a48da05?s=256&d=identicon&r=PG","display_name":"Rees","link":"https://stackoverflow.com/users/234404/rees"},"is_answered":false,"view_count":49,"answer_count":1,"score":0,"last_activity_date":1695134899,"creation_date":1685138100,"question_id":76344378,"content_license":"CC BY-SA 4.0","link":"https://stackoverflow.com/questions/76344378/how-to-upload-video-using-youtube-api-and-a-video-url","title":"How to upload video using youtube API and a video URL"},{"tags":["xml","parsing","processing-instruction"],"owner":{"account_id":6468288,"reputation":5,"user_id":5009352,"user_type":"registered","profile_image":"https://www.gravatar.com/avatar/91c44d1b8cb05dd4e5767b2f3d3f9b8a?s=256&d=identicon&r=PG&f=y&so-version=2","display_name":"William","link":"https://stackoverflow.com/users/5009352/william"},"is_answered":true,"view_count":24,"accepted_answer_id":76344460,"answer_count":1,"score":0,"last_activity_date":1685139444,"creation_date":1685138063,"question_id":76344376,"content_license":"CC BY-SA 4.0","link":"https://stackoverflow.com/questions/76344376/parsing-xml-processing-instruction","title":"Parsing XML Processing Instruction"},{"tags":["excel-2010"],"owner":{"account_id":12472685,"reputation":1,"user_id":9080188,"user_type":"registered","profile_image":"https://www.gravatar.com/avatar/c5283329eceb7310b9a59f335aaaf785?s=256&d=identicon&r=PG&f=y&so-version=2","display_name":"status1","link":"https://stackoverflow.com/users/9080188/status1"},"is_answered":false,"view_count":20,"answer_count":1,"score":0,"last_activity_date":1685640534,"creation_date":1685138041,"question_id":76344375,"content_license":"CC BY-SA 4.0","link":"https://stackoverflow.com/questions/76344375/trouble-replacing-2-single-quotes-with-a-decimal-in-an-excel-cell-with-rtd-formu","title":"Trouble replacing 2 single quotes with a decimal in an Excel cell with RTD formula"},{"tags":["django","django-models","subquery","django-subquery"],"owner":{"account_id":19069605,"reputation":3,"user_id":13924060,"user_type":"registered","profile_image":"https://www.gravatar.com/avatar/8c176717d6b11c2635986594cbbb1867?s=256&d=identicon&r=PG&f=y&so-version=2","display_name":"MartingaleCoda","link":"https://stackoverflow.com/users/13924060/martingalecoda"},"is_answered":true,"view_count":23,"accepted_answer_id":76345704,"answer_count":1,"score":0,"last_activity_date":1685170558,"creation_date":1685137989,"question_id":76344374,"content_license":"CC BY-SA 4.0","link":"https://stackoverflow.com/questions/76344374/how-can-i-ensure-correct-grouping-in-a-django-subquery-annotation","title":"How can I ensure correct grouping in a Django subquery annotation?"},{"tags":["spring","spring-boot","kotlin","spring-security"],"owner":{"account_id":122494,"reputation":14696,"user_id":316343,"user_type":"registered","accept_rate":62,"profile_image":"https://i.stack.imgur.com/dS40E.png?s=256&g=1","display_name":"Jahan Zinedine","link":"https://stackoverflow.com/users/316343/jahan-zinedine"},"is_answered":true,"view_count":358,"accepted_answer_id":76344372,"answer_count":1,"score":0,"last_activity_date":1685139691,"creation_date":1685137975,"question_id":76344371,"content_license":"CC BY-SA 4.0","link":"https://stackoverflow.com/questions/76344371/how-authenticationentrypoint-commence-could-be-used-in-spring-boot-with-webflux","title":"How AuthenticationEntryPoint.commence could be used in Spring Boot with WebFlux configured"},{"tags":["sql","sql-server","t-sql"],"owner":{"account_id":28226783,"reputation":5,"user_id":21576648,"user_type":"registered","profile_image":"https://www.gravatar.com/avatar/10331974c61987bbe4cec32f33ed7de8?s=256&d=identicon&r=PG&f=y&so-version=2","display_name":"TheSearcher","link":"https://stackoverflow.com/users/21576648/thesearcher"},"is_answered":true,"view_count":67,"answer_count":1,"score":-3,"last_activity_date":1685203188,"creation_date":1685137838,"last_edit_date":1685165485,"question_id":76344362,"content_license":"CC BY-SA 4.0","link":"https://stackoverflow.com/questions/76344362/why-does-this-code-in-a-stored-procedure-produce-an-error","title":"Why does this code in a stored procedure produce an error?"},{"tags":["python","astropy","fits"],"owner":{"account_id":17771005,"reputation":187,"user_id":12904608,"user_type":"registered","profile_image":"https://www.gravatar.com/avatar/5d309a99b260d4fd237e839544bccc2e?s=256&d=identicon&r=PG&f=y&so-version=2","display_name":"Adrian","link":"https://stackoverflow.com/users/12904608/adrian"},"is_answered":false,"view_count":46,"answer_count":0,"score":1,"last_activity_date":1685137834,"creation_date":1685137834,"question_id":76344360,"content_license":"CC BY-SA 4.0","link":"https://stackoverflow.com/questions/76344360/is-this-a-fits-header-problem-or-something-to-do-with-astropy","title":"Is this a fits header problem or something to do with astropy?"},{"tags":["neural-network","annotations","dataset"],"owner":{"account_id":28688523,"reputation":1,"user_id":21968282,"user_type":"registered","profile_image":"https://lh3.googleusercontent.com/a/AAcHTtf71L989ZenFik8ML-c1ZABicSp3IeYg6P6Fdri3A=k-s256","display_name":"Grace Guo","link":"https://stackoverflow.com/users/21968282/grace-guo"},"is_answered":false,"view_count":27,"answer_count":0,"score":0,"last_activity_date":1685137834,"creation_date":1685137834,"question_id":76344359,"content_license":"CC BY-SA 4.0","link":"https://stackoverflow.com/questions/76344359/personpath22-dataset-pathtrack-annotation-format","title":"PersonPath22 Dataset PathTrack Annotation Format"},{"tags":["matlab","gnuplot"],"owner":{"account_id":28688431,"reputation":1,"user_id":21968212,"user_type":"registered","profile_image":"https://www.gravatar.com/avatar/7ab1e18171cf9c90f62e623d97d6ce92?s=256&d=identicon&r=PG&f=y&so-version=2","display_name":"Brandon","link":"https://stackoverflow.com/users/21968212/brandon"},"is_answered":false,"view_count":49,"answer_count":1,"score":0,"last_activity_date":1685257955,"creation_date":1685137807,"question_id":76344358,"content_license":"CC BY-SA 4.0","link":"https://stackoverflow.com/questions/76344358/adapting-a-gnuplot-cable-modeling-script-for-matlab-lsqcurvefit-issue","title":"Adapting a GNUPLOT cable modeling script for MATLAB - lsqcurvefit issue"},{"tags":["c++","string","dictionary"],"owner":{"account_id":3476906,"reputation":109,"user_id":2909854,"user_type":"registered","profile_image":"https://www.gravatar.com/avatar/4efc1cc803a2354125c62e99415e04e8?s=256&d=identicon&r=PG&f=y&so-version=2","display_name":"nabelekt","link":"https://stackoverflow.com/users/2909854/nabelekt"},"is_answered":true,"view_count":81,"closed_date":1685276848,"accepted_answer_id":76344373,"answer_count":1,"score":-4,"last_activity_date":1685137976,"creation_date":1685137795,"last_edit_date":1685137925,"question_id":76344357,"link":"https://stackoverflow.com/questions/76344357/map-at-throws-stdout-of-range-for-value-that-exists-with-seemingly-identical","closed_reason":"Not suitable for this site","title":"Map at() throws std::out_of_range for value that exists with seemingly-identical string literal key"},{"tags":["hyper-v","windows-11","mastodon"],"owner":{"account_id":28687914,"reputation":1,"user_id":21967789,"user_type":"registered","profile_image":"https://i.stack.imgur.com/kH470.jpg?s=256&g=1","display_name":"4mc","link":"https://stackoverflow.com/users/21967789/4mc"},"is_answered":false,"view_count":21,"answer_count":0,"score":0,"last_activity_date":1685137873,"creation_date":1685137787,"last_edit_date":1685137873,"question_id":76344356,"content_license":"CC BY-SA 4.0","link":"https://stackoverflow.com/questions/76344356/can-i-use-a-public-domain-name-dns-server-to-connect-to-a-hyper-v-vm-running-a","title":"Can I use a public Domain Name (DNS Server) to connect to a Hyper-V VM running a Mastondon instance"},{"tags":["node.js","typescript","next.js","t3"],"owner":{"account_id":28614623,"reputation":1,"user_id":21908908,"user_type":"registered","profile_image":"https://lh3.googleusercontent.com/a/AGNmyxayoUDzEFz2Kp4HY99jccvaay-vcgSmWTVfZR-g=k-s256","display_name":"Ben Senescu","link":"https://stackoverflow.com/users/21908908/ben-senescu"},"is_answered":false,"view_count":195,"answer_count":1,"score":0,"last_activity_date":1685137842,"creation_date":1685137751,"question_id":76344352,"content_license":"CC BY-SA 4.0","link":"https://stackoverflow.com/questions/76344352/syntaxerror-unexpected-token-after-create-t3-app-bootstrap","title":"SyntaxError: Unexpected token &#39;??=&#39; after create-t3-app bootstrap"},{"tags":["google-apps-script","google-sheets","mobile","google-workspace","google-workspace-add-ons"],"owner":{"account_id":192606,"reputation":9871,"user_id":433835,"user_type":"registered","accept_rate":95,"profile_image":"https://www.gravatar.com/avatar/3e2d4d28e146d5ea68425807f4040c07?s=256&d=identicon&r=PG","display_name":"Koh&#225;nyi R&#243;bert","link":"https://stackoverflow.com/users/433835/koh%c3%a1nyi-r%c3%b3bert"},"is_answered":true,"view_count":82,"accepted_answer_id":76346371,"answer_count":1,"score":0,"last_activity_date":1685181970,"creation_date":1685137662,"last_edit_date":1685181918,"question_id":76344348,"content_license":"CC BY-SA 4.0","link":"https://stackoverflow.com/questions/76344348/how-to-test-google-workspace-add-on-on-mobile-android-ios-in-google-sheets-app","title":"How to test Google Workspace add-on on mobile (Android/iOS) in Google Sheets app?"},{"tags":["r","string","dataframe"],"owner":{"account_id":15177860,"reputation":405,"user_id":10952047,"user_type":"registered","profile_image":"https://www.gravatar.com/avatar/9276cc19487c9e013eefd4ac537550d0?s=256&d=identicon&r=PG&f=y&so-version=2","display_name":"jonny jeep","link":"https://stackoverflow.com/users/10952047/jonny-jeep"},"is_answered":false,"view_count":17,"closed_date":1685138506,"answer_count":0,"score":1,"last_activity_date":1685137659,"creation_date":1685137659,"question_id":76344346,"link":"https://stackoverflow.com/questions/76344346/transform-part-of-a-string-as-new-row-in-data-frame","closed_reason":"Duplicate","title":"Transform part of a string as new row in data.frame"},{"tags":["php","html","css"],"owner":{"account_id":27533810,"reputation":11,"user_id":21011845,"user_type":"registered","profile_image":"https://i.stack.imgur.com/PJdKA.jpg?s=256&g=1","display_name":"Sad cat","link":"https://stackoverflow.com/users/21011845/sad-cat"},"is_answered":false,"view_count":35,"answer_count":0,"score":1,"last_activity_date":1685138541,"creation_date":1685137658,"last_edit_date":1685138541,"question_id":76344345,"content_license":"CC BY-SA 4.0","link":"https://stackoverflow.com/questions/76344345/my-css-works-on-my-html-pages-but-not-on-my-php-pages","title":"My css works on my html pages but not on my php pages"},{"tags":["c++","bgfx"],"owner":{"account_id":28599865,"reputation":51,"user_id":21897088,"user_type":"registered","profile_image":"https://www.gravatar.com/avatar/0fb1aa29910bb8ea0ed970ac5d2be24c?s=256&d=identicon&r=PG&f=y&so-version=2","display_name":"Cake","link":"https://stackoverflow.com/users/21897088/cake"},"is_answered":true,"view_count":145,"answer_count":1,"score":1,"last_activity_date":1685252184,"creation_date":1685137538,"last_edit_date":1685139359,"question_id":76344338,"content_license":"CC BY-SA 4.0","link":"https://stackoverflow.com/questions/76344338/bgfx-not-setting-background-correctly","title":"bgfx not setting background correctly"},{"tags":["drools","hill-climbing"],"owner":{"account_id":16127842,"reputation":17,"user_id":11642215,"user_type":"registered","profile_image":"https://www.gravatar.com/avatar/f4c1a43d4f69092b7b9c9eac90a5348c?s=256&d=identicon&r=PG&f=y&so-version=2","display_name":"Gummistiefel","link":"https://stackoverflow.com/users/11642215/gummistiefel"},"is_answered":true,"view_count":41,"accepted_answer_id":76350596,"answer_count":1,"score":0,"last_activity_date":1685262762,"creation_date":1685137478,"last_edit_date":1685143656,"question_id":76344336,"content_license":"CC BY-SA 4.0","link":"https://stackoverflow.com/questions/76344336/how-can-i-implement-hill-climbing-using-drl-exclusively","title":"How can I implement hill climbing using DRL exclusively?"},{"tags":["python","operating-system","shutil"],"owner":{"account_id":15246842,"reputation":662,"user_id":11001493,"user_type":"registered","profile_image":"https://www.gravatar.com/avatar/ac018c0bafc9c39d55d24991bce2a33f?s=256&d=identicon&r=PG&f=y&so-version=2","display_name":"user026","link":"https://stackoverflow.com/users/11001493/user026"},"is_answered":true,"view_count":156,"accepted_answer_id":76344403,"answer_count":1,"score":0,"last_activity_date":1685138514,"creation_date":1685137448,"last_edit_date":1685138254,"question_id":76344334,"content_license":"CC BY-SA 4.0","link":"https://stackoverflow.com/questions/76344334/os-makedirs-is-creating-a-new-folder-with-file-name","title":"os.makedirs is creating a new folder with file name"},{"tags":["postgresql","plpgsql","sql-injection","dynamic-sql"],"owner":{"account_id":14342628,"reputation":115,"user_id":11308443,"user_type":"registered","profile_image":"https://www.gravatar.com/avatar/02f4d6691501fb48230726f2abc9592f?s=256&d=identicon&r=PG&f=y&so-version=2","display_name":"cptkirkh","link":"https://stackoverflow.com/users/11308443/cptkirkh"},"is_answered":true,"view_count":183,"accepted_answer_id":76344529,"answer_count":1,"score":1,"last_activity_date":1685142104,"creation_date":1685137302,"last_edit_date":1685140828,"question_id":76344323,"content_license":"CC BY-SA 4.0","link":"https://stackoverflow.com/questions/76344323/dynamic-sql-and-sql-injection","title":"Dynamic SQL and SQL injection"},{"tags":["azure-api-management"],"owner":{"account_id":28688552,"reputation":1,"user_id":21968308,"user_type":"registered","profile_image":"https://www.gravatar.com/avatar/22461a661628f24af82100f2926d8176?s=256&d=identicon&r=PG&f=y&so-version=2","display_name":"Todd Drake","link":"https://stackoverflow.com/users/21968308/todd-drake"},"is_answered":false,"view_count":99,"answer_count":1,"score":0,"last_activity_date":1685163484,"creation_date":1685137216,"last_edit_date":1685137296,"question_id":76344319,"content_license":"CC BY-SA 4.0","link":"https://stackoverflow.com/questions/76344319/using-choose-with-cors-in-policy-fragments","title":"Using choose with cors in policy fragments"},{"tags":["php","symfony","nginx","fastcgi","macos-ventura"],"owner":{"account_id":20560650,"reputation":1,"user_id":15091242,"user_type":"registered","profile_image":"https://www.gravatar.com/avatar/046ac9abb1d28242966bbd4dfdec619f?s=256&d=identicon&r=PG&f=y&so-version=2","display_name":"bahahmadou94","link":"https://stackoverflow.com/users/15091242/bahahmadou94"},"is_answered":false,"view_count":180,"answer_count":0,"score":0,"last_activity_date":1685137192,"creation_date":1685137192,"question_id":76344318,"content_license":"CC BY-SA 4.0","link":"https://stackoverflow.com/questions/76344318/unable-to-connect-to-the-php-fastcgi-process-dial-tcp-53315-socket-too-many","title":"Unable to connect to the PHP FastCGI process: dial tcp :53315: socket: too many open files"},{"tags":["firebase","dns","firebase-hosting","namecheap"],"owner":{"account_id":19336827,"reputation":21,"user_id":14137258,"user_type":"registered","profile_image":"https://www.gravatar.com/avatar/8c73c714b0e6a9884e088cd38ea4f4b7?s=256&d=identicon&r=PG&f=y&so-version=2","display_name":"zircon98","link":"https://stackoverflow.com/users/14137258/zircon98"},"is_answered":true,"view_count":107,"closed_date":1685265729,"answer_count":1,"score":1,"last_activity_date":1685146285,"creation_date":1685137184,"last_edit_date":1685137294,"question_id":76344317,"link":"https://stackoverflow.com/questions/76344317/firebase-instruct-me-to-put-two-a-records-but-it-only-gave-me-one","closed_reason":"Not suitable for this site","title":"Firebase instruct me to put two A records, but it only gave me one"}],"has_more":true,"quota_max":300,"quota_remaining":123}