{"items":[{"tags":["vuejs2","v-for"],"owner":{"account_id":9063283,"reputation":3,"user_id":6749086,"user_type":"registered","profile_image":"https://www.gravatar.com/avatar/49ce964069df0fdbc8496d34c471c7ac?s=256&d=identicon&r=PG&f=y&so-version=2","display_name":"A. Bardelli","link":"https://stackoverflow.com/users/6749086/a-bardelli"},"is_answered":true,"view_count":19,"accepted_answer_id":75605907,"answer_count":1,"score":0,"last_activity_date":1677784062,"creation_date":1677668390,"last_edit_date":1677784062,"question_id":75602775,"content_license":"CC BY-SA 4.0","link":"https://stackoverflow.com/questions/75602775/why-does-the-hidden-elements-parent-visually-slide-down-when-hiding-an-elemen","title":"Why does the hidden element&#39;s parent visually &quot;slide down&quot; when hiding an element through v-show? Using Vue 2.7.x"},{"tags":["python","selenium-webdriver","proxy","webdriver-manager"],"owner":{"account_id":2034039,"reputation":19,"user_id":1816863,"user_type":"registered","profile_image":"https://www.gravatar.com/avatar/2f19315cb92347cba6bec1ec39bdb3c0?s=256&d=identicon&r=PG","display_name":"Centhil Chellappan","link":"https://stackoverflow.com/users/1816863/centhil-chellappan"},"is_answered":false,"view_count":2688,"answer_count":0,"score":0,"last_activity_date":1677750982,"creation_date":1677668380,"last_edit_date":1677750982,"question_id":75602774,"content_license":"CC BY-SA 4.0","link":"https://stackoverflow.com/questions/75602774/selenium-webdriver-manager-behind-vpn-using-python-gives-connection-error","title":"Selenium webdriver_manager behind VPN using Python gives connection error"},{"tags":["python","pandas"],"owner":{"account_id":22621445,"reputation":51,"user_id":16800140,"user_type":"registered","profile_image":"https://lh3.googleusercontent.com/a/AATXAJyRAK-cBDdLF72Fn0ZVl0NSaaiaS2D6ywBJAfkg_g=k-s256","display_name":"Gorkem Tunc","link":"https://stackoverflow.com/users/16800140/gorkem-tunc"},"is_answered":true,"view_count":2321,"accepted_answer_id":75631854,"answer_count":2,"score":2,"last_activity_date":1677877460,"creation_date":1677668363,"question_id":75602771,"content_license":"CC BY-SA 4.0","link":"https://stackoverflow.com/questions/75602771/attributeerror-readonlyworksheet-object-has-no-attribute-defined-names","title":"AttributeError: &#39;ReadOnlyWorksheet&#39; object has no attribute &#39;defined_names"},{"tags":["c#","windows",".net-core","maui"],"owner":{"account_id":91947,"reputation":161829,"user_id":252228,"user_type":"registered","accept_rate":80,"profile_image":"https://www.gravatar.com/avatar/3ea75023c3c487f36257090d420b7c50?s=256&d=identicon&r=PG","display_name":"Martin Honnen","link":"https://stackoverflow.com/users/252228/martin-honnen"},"is_answered":true,"view_count":233,"accepted_answer_id":75602833,"answer_count":1,"score":1,"last_activity_date":1677668712,"creation_date":1677668329,"question_id":75602768,"content_license":"CC BY-SA 4.0","link":"https://stackoverflow.com/questions/75602768/attempt-to-read-asset-file-gives-file-not-found-exception-indicating-the-file-is","title":"Attempt to read Asset file gives file not found exception indicating the file is looked for in C:\\WINDOWS\\system32"},{"tags":["webpack","salesforce","babeljs","polyfills","lwc"],"owner":{"account_id":18804654,"reputation":26,"user_id":13714270,"user_type":"registered","profile_image":"https://lh3.googleusercontent.com/-XmKC6Wxv34s/AAAAAAAAAAI/AAAAAAAAAAA/AMZuuclddBCMoDnA0g8OIUTtlBFm0iqZow/photo.jpg?sz=256","display_name":"Yash Soni","link":"https://stackoverflow.com/users/13714270/yash-soni"},"is_answered":false,"view_count":30,"answer_count":0,"score":0,"last_activity_date":1677669499,"creation_date":1677668302,"last_edit_date":1677669499,"question_id":75602765,"content_license":"CC BY-SA 4.0","link":"https://stackoverflow.com/questions/75602765/error-cannot-assign-to-read-only-property-parseint-of-object-object-object","title":"Error: Cannot assign to read only property &#39;parseInt&#39; of object &#39;[object Object] Salesforce locker console"},{"tags":["reactjs","button","bootstrap-4","react-bootstrap"],"owner":{"account_id":21547615,"reputation":1,"user_id":15884220,"user_type":"registered","profile_image":"https://lh3.googleusercontent.com/a-/AOh14GjpIZJKfd1gYAMy6Tt63Act6X1qH3PgDi2cD8ICqw=k-s256","display_name":"KiKi_Play","link":"https://stackoverflow.com/users/15884220/kiki-play"},"is_answered":false,"view_count":133,"answer_count":0,"score":0,"last_activity_date":1677668407,"creation_date":1677668295,"last_edit_date":1677668407,"question_id":75602764,"content_license":"CC BY-SA 4.0","link":"https://stackoverflow.com/questions/75602764/react-bootstrap-button-is-not-clickable","title":"React bootstrap button is not clickable"},{"tags":["xmpp","ejabberd","one-to-one","chatroom"],"owner":{"account_id":6413373,"reputation":1109,"user_id":4972288,"user_type":"registered","accept_rate":79,"profile_image":"https://lh3.googleusercontent.com/-KxKGMEXmbvo/AAAAAAAAAAI/AAAAAAAAAuE/95Hzy7Jl8ow/photo.jpg?sz=256","display_name":"Pinank Lakhani","link":"https://stackoverflow.com/users/4972288/pinank-lakhani"},"is_answered":false,"view_count":28,"answer_count":0,"score":1,"last_activity_date":1677668278,"creation_date":1677668278,"question_id":75602763,"content_license":"CC BY-SA 4.0","link":"https://stackoverflow.com/questions/75602763/ejabberd-contact-list-grouping-and-show-contact-list-if-its-connected-with-paren","title":"Ejabberd contact list grouping and show contact list if its connected with parent entity"},{"tags":["java","spring","spring-boot","docker","docker-image"],"owner":{"account_id":14665475,"reputation":111,"user_id":10591439,"user_type":"registered","profile_image":"https://www.gravatar.com/avatar/3882a55ca0020c1d9890a1e55fbf1f6f?s=256&d=identicon&r=PG&f=y&so-version=2","display_name":"vapan","link":"https://stackoverflow.com/users/10591439/vapan"},"is_answered":true,"view_count":2777,"accepted_answer_id":75619418,"answer_count":3,"score":8,"last_activity_date":1699177117,"creation_date":1677668272,"last_edit_date":1677746055,"question_id":75602761,"content_license":"CC BY-SA 4.0","link":"https://stackoverflow.com/questions/75602761/builder-lifecycle-creator-failed-with-status-code-51","title":"Builder lifecycle &#39;creator&#39; failed with status code 51"},{"tags":["date","header","timeline","gantt-chart","anychart"],"owner":{"account_id":24340902,"reputation":19,"user_id":18278345,"user_type":"registered","profile_image":"https://lh3.googleusercontent.com/a-/AOh14GgavPMo0t4sRPDADXToiO-uCnP_uxkYgOx7PhcXJQ=k-s256","display_name":"Diliban B","link":"https://stackoverflow.com/users/18278345/diliban-b"},"is_answered":false,"view_count":162,"answer_count":1,"score":1,"last_activity_date":1680504624,"creation_date":1677668264,"question_id":75602759,"content_license":"CC BY-SA 4.0","link":"https://stackoverflow.com/questions/75602759/any-chart-gantt-chart-displaying-incorrect-date-in-timeline","title":"Any chart gantt chart displaying incorrect date in timeline"},{"tags":["java","android","retrofit2"],"owner":{"account_id":24761956,"reputation":1,"user_id":18646249,"user_type":"registered","profile_image":"https://lh3.googleusercontent.com/a/AATXAJzudqO4KWRY4mt8CERzzefvlGM4bL1TluN1cWzf=k-s256","display_name":"Pakhi","link":"https://stackoverflow.com/users/18646249/pakhi"},"is_answered":false,"view_count":410,"answer_count":0,"score":0,"last_activity_date":1677678694,"creation_date":1677668255,"last_edit_date":1677678694,"question_id":75602757,"content_license":"CC BY-SA 4.0","link":"https://stackoverflow.com/questions/75602757/unable-to-import-scalarsconverterfactory","title":"Unable to Import ScalarsConverterFactory"},{"tags":["javascript","reactjs","typescript","material-ui"],"owner":{"account_id":27908211,"reputation":11,"user_id":21310953,"user_type":"registered","profile_image":"https://lh3.googleusercontent.com/a/AGNmyxbiwu_uH3-ww8Vzm4MGrTYu3EKH9i1TExx3pmJpFA=k-s256","display_name":"Tech News","link":"https://stackoverflow.com/users/21310953/tech-news"},"is_answered":false,"view_count":441,"answer_count":1,"score":1,"last_activity_date":1682415144,"creation_date":1677668242,"last_edit_date":1682415144,"question_id":75602752,"content_license":"CC BY-SA 4.0","link":"https://stackoverflow.com/questions/75602752/mui-datagrid-how-to-add-custom-specific-event-listeners-such-as-rowdragstart","title":"MUI DataGrid: How to add custom/specific event listeners such as `rowDragStart` or `rowDragOver`?"},{"tags":["javascript","vue.js","nginx","build","vite"],"owner":{"account_id":23729813,"reputation":1,"user_id":17749227,"user_type":"registered","profile_image":"https://www.gravatar.com/avatar/9b97e92126947b56ede89971e762c9e6?s=256&d=identicon&r=PG","display_name":"zenereyes","link":"https://stackoverflow.com/users/17749227/zenereyes"},"is_answered":false,"view_count":146,"answer_count":0,"score":0,"last_activity_date":1677670042,"creation_date":1677668231,"last_edit_date":1677670042,"question_id":75602749,"content_license":"CC BY-SA 4.0","link":"https://stackoverflow.com/questions/75602749/vue-3-vite-after-npm-run-dev-not-load-resource-with-nginx","title":"Vue 3 + Vite after npm run dev not load resource with nginx"},{"tags":["java","spring-boot","hibernate","jpa"],"owner":{"account_id":23417672,"reputation":13,"user_id":17478374,"user_type":"registered","profile_image":"https://www.gravatar.com/avatar/50c5ee171d95408caf45addcbe1a6b1e?s=256&d=identicon&r=PG","display_name":"space99","link":"https://stackoverflow.com/users/17478374/space99"},"is_answered":false,"view_count":184,"answer_count":1,"score":0,"last_activity_date":1677683972,"creation_date":1677668206,"last_edit_date":1677683385,"question_id":75602745,"content_license":"CC BY-SA 4.0","link":"https://stackoverflow.com/questions/75602745/how-to-have-multiple-joincolumns-with-existing-column-names","title":"how to have multiple @JoinColumns with existing column names"},{"tags":["caching","graphql","nestjs","dataloader","mercurius"],"owner":{"account_id":2142783,"reputation":273,"user_id":3481266,"user_type":"registered","profile_image":"https://i.stack.imgur.com/2lOZg.jpg?s=256&g=1","display_name":"pbonnefoi","link":"https://stackoverflow.com/users/3481266/pbonnefoi"},"is_answered":false,"view_count":192,"answer_count":0,"score":1,"last_activity_date":1677668197,"creation_date":1677668197,"question_id":75602743,"content_license":"CC BY-SA 4.0","link":"https://stackoverflow.com/questions/75602743/how-to-enable-redis-cache-and-loaders-using-nest-and-mercurius","title":"How to enable Redis cache and Loaders using Nest and Mercurius"},{"tags":["sql","google-bigquery"],"owner":{"account_id":9500978,"reputation":67,"user_id":7062096,"user_type":"registered","profile_image":"https://i.stack.imgur.com/9itWx.jpg?s=256&g=1","display_name":"Maxperezt","link":"https://stackoverflow.com/users/7062096/maxperezt"},"is_answered":true,"view_count":108,"accepted_answer_id":75603052,"answer_count":2,"score":0,"last_activity_date":1677670631,"creation_date":1677668187,"question_id":75602742,"content_license":"CC BY-SA 4.0","link":"https://stackoverflow.com/questions/75602742/how-to-get-min-date-row-if-multiple-rows-have-same-values-except-the-created-dat","title":"How To Get Min Date Row if Multiple Rows Have Same Values Except the Created Date?"},{"tags":["c#","unity-game-engine","steam","achievements","steamworks-api"],"owner":{"account_id":3856596,"reputation":181,"user_id":3195374,"user_type":"registered","accept_rate":25,"profile_image":"https://www.gravatar.com/avatar/efcd665a225465aa5884e37d74aab80c?s=256&d=identicon&r=PG&f=y&so-version=2","display_name":"mukul","link":"https://stackoverflow.com/users/3195374/mukul"},"is_answered":false,"view_count":106,"answer_count":1,"score":0,"last_activity_date":1678185569,"creation_date":1677668142,"question_id":75602729,"content_license":"CC BY-SA 4.0","link":"https://stackoverflow.com/questions/75602729/steam-achievements-not-unlocking-on-all-devices","title":"Steam achievements not unlocking on all devices"},{"tags":["amazon-web-services","amazon-rds","amazon-rds-proxy"],"owner":{"account_id":1175011,"reputation":440,"user_id":1151209,"user_type":"registered","accept_rate":50,"profile_image":"https://www.gravatar.com/avatar/554b7bc81831e7f92b1e61fcc8ffd5c4?s=256&d=identicon&r=PG","display_name":"WWTLF","link":"https://stackoverflow.com/users/1151209/wwtlf"},"is_answered":false,"view_count":59,"answer_count":0,"score":0,"last_activity_date":1677668139,"creation_date":1677668139,"question_id":75602728,"content_license":"CC BY-SA 4.0","link":"https://stackoverflow.com/questions/75602728/aws-createdbproxy-is-not-supported","title":"AWS CreateDBProxy is not supported"},{"tags":["amazon-web-services","react-native","expo","react-native-firebase"],"owner":{"account_id":21514387,"reputation":67,"user_id":15856520,"user_type":"registered","profile_image":"https://www.gravatar.com/avatar/80161d499d01a1935b0ce04d967ea24d?s=256&d=identicon&r=PG&f=y&so-version=2","display_name":"Berke Palamutcu","link":"https://stackoverflow.com/users/15856520/berke-palamutcu"},"is_answered":false,"view_count":48,"answer_count":0,"score":0,"last_activity_date":1677668115,"creation_date":1677668115,"question_id":75602723,"content_license":"CC BY-SA 4.0","link":"https://stackoverflow.com/questions/75602723/what-kind-of-architecture-is-required-for-expo-react-native-push-notifications","title":"What kind of architecture is required for expo react native push notifications?"},{"tags":["angular","rxjs"],"owner":{"account_id":17401635,"reputation":56,"user_id":12610411,"user_type":"registered","profile_image":"https://i.stack.imgur.com/RE6jx.jpg?s=256&g=1","display_name":"sushiLover","link":"https://stackoverflow.com/users/12610411/sushilover"},"is_answered":true,"view_count":605,"accepted_answer_id":75603307,"answer_count":3,"score":0,"last_activity_date":1680256703,"creation_date":1677668106,"last_edit_date":1677669601,"question_id":75602722,"content_license":"CC BY-SA 4.0","link":"https://stackoverflow.com/questions/75602722/how-to-load-observable-data-inside-element-in-ngif","title":"How to load observable data, inside element in ngIf"},{"tags":["javascript","html","foreach","addeventlistener","queryselector"],"owner":{"account_id":27802607,"reputation":1,"user_id":21226772,"user_type":"registered","profile_image":"https://lh3.googleusercontent.com/a/AEdFTp5cT6ltsykfmMY7wfqD8S2wPFQiXT7KfWZ3BN0p6A=k-s256","display_name":"Judge Obito","link":"https://stackoverflow.com/users/21226772/judge-obito"},"is_answered":false,"view_count":39,"answer_count":0,"score":0,"last_activity_date":1677668081,"creation_date":1677668081,"question_id":75602721,"content_license":"CC BY-SA 4.0","link":"https://stackoverflow.com/questions/75602721/my-addeventlistener-only-listens-to-my-last-queryselector-why","title":"My addEventListener only listens to my last querySelector why?"},{"tags":["mongodb","aggregation-framework","left-join","facet"],"owner":{"account_id":20948493,"reputation":37,"user_id":15390757,"user_type":"registered","profile_image":"https://www.gravatar.com/avatar/8ca9bf51d93527aa4aaab77046b7ca17?s=256&d=identicon&r=PG&f=y&so-version=2","display_name":"TMPS","link":"https://stackoverflow.com/users/15390757/tmps"},"is_answered":false,"view_count":42,"answer_count":0,"score":0,"last_activity_date":1677689306,"creation_date":1677668069,"last_edit_date":1677689306,"question_id":75602717,"content_license":"CC BY-SA 4.0","link":"https://stackoverflow.com/questions/75602717/left-join-facet-output-arrays-in-mongodb","title":"Left join $facet output arrays in MongoDB"},{"tags":["javascript","vue.js"],"owner":{"account_id":9232556,"reputation":49,"user_id":6858190,"user_type":"registered","profile_image":"https://i.stack.imgur.com/sepT5.jpg?s=256&g=1","display_name":"Sazzad","link":"https://stackoverflow.com/users/6858190/sazzad"},"is_answered":false,"view_count":69,"answer_count":1,"score":-1,"last_activity_date":1695450654,"creation_date":1677668061,"question_id":75602714,"content_license":"CC BY-SA 4.0","link":"https://stackoverflow.com/questions/75602714/i-got-an-error-when-i-try-to-load-existing-design-in-vue-email-editor","title":"I got an error when I try to load existing design in vue-email-editor"},{"tags":["django","oracle"],"owner":{"account_id":21939576,"reputation":31,"user_id":16220304,"user_type":"registered","profile_image":"https://lh3.googleusercontent.com/a-/AOh14GjMI8p0pRab62SasyzZaH1afdYuA-F6d4PeYhWc2g=k-s256","display_name":"Hamed Barati","link":"https://stackoverflow.com/users/16220304/hamed-barati"},"is_answered":false,"view_count":93,"answer_count":0,"score":2,"last_activity_date":1677668045,"creation_date":1677668045,"question_id":75602712,"content_license":"CC BY-SA 4.0","link":"https://stackoverflow.com/questions/75602712/delete-unused-tables-and-fields-in-django","title":"Delete unused tables and fields in django"},{"tags":["python","tiff","gdal","qgis"],"owner":{"account_id":18447038,"reputation":7,"user_id":13438069,"user_type":"registered","profile_image":"https://lh3.googleusercontent.com/a-/AOh14Gha9SY9PQm-qBthBgDn2Ef-F2RcsdpWkzP2ZWhxuA=k-s256","display_name":"Việt Nguyễn Đức","link":"https://stackoverflow.com/users/13438069/vi%e1%bb%87t-nguy%e1%bb%85n-%c4%90%e1%bb%a9c"},"is_answered":true,"view_count":128,"accepted_answer_id":75603300,"answer_count":1,"score":0,"last_activity_date":1677675304,"creation_date":1677668026,"last_edit_date":1677675304,"question_id":75602710,"content_license":"CC BY-SA 4.0","link":"https://stackoverflow.com/questions/75602710/bands-histogram-of-tif-image-only-shows-0","title":"Bands histogram of TIF image only shows 0"},{"tags":["java","concurrency","volatile","synchronized","atomicinteger"],"owner":{"account_id":8245636,"reputation":273,"user_id":6201816,"user_type":"registered","profile_image":"https://www.gravatar.com/avatar/7bb9cfb665252cc9ffb3cb23dab55f0c?s=256&d=identicon&r=PG&f=y&so-version=2","display_name":"itspr","link":"https://stackoverflow.com/users/6201816/itspr"},"is_answered":true,"view_count":53,"answer_count":2,"score":1,"last_activity_date":1677678668,"creation_date":1677667898,"question_id":75602692,"content_license":"CC BY-SA 4.0","link":"https://stackoverflow.com/questions/75602692/can-we-achieve-visibility-and-atomicity-using-volatile-and-synchronized-together","title":"Can we achieve visibility and atomicity using Volatile and Synchronized together?"},{"tags":["android","kotlin","android-intent"],"owner":{"account_id":21884600,"reputation":1,"user_id":16172393,"user_type":"registered","profile_image":"https://lh3.googleusercontent.com/a-/AOh14Gi1ST3dFk5BmBIHbdNYbA--jQz6FbGWZvl3Z3rgEw=k-s256","display_name":"TANG","link":"https://stackoverflow.com/users/16172393/tang"},"is_answered":false,"view_count":50,"answer_count":0,"score":0,"last_activity_date":1677667894,"creation_date":1677667894,"question_id":75602690,"content_license":"CC BY-SA 4.0","link":"https://stackoverflow.com/questions/75602690/how-could-i-use-startactivityintent-to-enter-the-screen-of-track-workout","title":"How could I use startActivity(intent) to enter the screen of &quot;Track Workout&quot;"},{"tags":["programming-languages"],"owner":{"account_id":14541479,"reputation":1672,"user_id":10503039,"user_type":"registered","profile_image":"https://i.stack.imgur.com/qGu7K.jpg?s=256&g=1","display_name":"Nullndr","link":"https://stackoverflow.com/users/10503039/nullndr"},"is_answered":false,"view_count":23,"answer_count":0,"score":0,"last_activity_date":1677667867,"creation_date":1677667867,"question_id":75602687,"content_license":"CC BY-SA 4.0","link":"https://stackoverflow.com/questions/75602687/best-approach-to-save-lines-for-tokens-in-a-scanner","title":"Best approach to save lines for tokens in a scanner"},{"tags":["r","dataframe","purrr"],"owner":{"account_id":7142784,"reputation":2539,"user_id":5459729,"user_type":"registered","profile_image":"https://i.stack.imgur.com/Vx4xi.jpg?s=256&g=1","display_name":"Claudiu Papasteri","link":"https://stackoverflow.com/users/5459729/claudiu-papasteri"},"is_answered":true,"view_count":715,"answer_count":2,"score":0,"last_activity_date":1677752494,"creation_date":1677667837,"last_edit_date":1677668513,"question_id":75602684,"content_license":"CC BY-SA 4.0","link":"https://stackoverflow.com/questions/75602684/using-purrr-map-to-iterate-list-of-data-frames-extract-columns-and-created-a-ne","title":"Using purrr map to iterate list of data frames, extract columns and created a new data frame"},{"tags":["postgresql","date","prisma"],"owner":{"account_id":26853383,"reputation":1,"user_id":20438004,"user_type":"registered","profile_image":"https://www.gravatar.com/avatar/3218153ea8ec25907763ba606b421a4f?s=256&d=identicon&r=PG","display_name":"xohek16117","link":"https://stackoverflow.com/users/20438004/xohek16117"},"is_answered":false,"view_count":110,"answer_count":0,"score":0,"last_activity_date":1677667824,"creation_date":1677667824,"question_id":75602683,"content_license":"CC BY-SA 4.0","link":"https://stackoverflow.com/questions/75602683/how-to-perform-best-search-to-age-of-user-using-prisma","title":"How to perform best search to age of user using prisma?"},{"tags":["c#","docker","elasticsearch","logging","serilog"],"owner":{"account_id":13386111,"reputation":1,"user_id":9659947,"user_type":"registered","profile_image":"https://lh4.googleusercontent.com/-mEuCigl28Pk/AAAAAAAAAAI/AAAAAAAAACw/4bpv8gHingI/photo.jpg?sz=256","display_name":"Andreas Lemesios","link":"https://stackoverflow.com/users/9659947/andreas-lemesios"},"is_answered":false,"view_count":71,"answer_count":0,"score":0,"last_activity_date":1677674394,"creation_date":1677667769,"last_edit_date":1677674394,"question_id":75602674,"content_license":"CC BY-SA 4.0","link":"https://stackoverflow.com/questions/75602674/cannot-use-elasticsearch-ip-address-as-node-uri-does-not-trust-server-certifica","title":"Cannot use ElasticSearch IP Address as Node URI (does not trust server certificate)"}],"has_more":true,"quota_max":300,"quota_remaining":234}