{"items":[{"tags":["neo4j-apoc","neo4j-spatial"],"owner":{"account_id":2392816,"reputation":2925,"user_id":2092322,"user_type":"registered","accept_rate":88,"profile_image":"https://i.stack.imgur.com/mcabk.jpg?s=256&g=1","display_name":"BairDev","link":"https://stackoverflow.com/users/2092322/bairdev"},"is_answered":false,"view_count":46,"answer_count":0,"score":0,"last_activity_date":1677495584,"creation_date":1677495584,"question_id":75579596,"content_license":"CC BY-SA 4.0","link":"https://stackoverflow.com/questions/75579596/unknown-function-apoc-spatial-geocodeonce-in-neo4j-4-4-why","title":"Unknown function apoc.spatial.geocodeOnce in neo4j 4.4, why?"},{"tags":["php","laravel","google-cloud-platform","google-bigquery"],"owner":{"account_id":16504918,"reputation":21,"user_id":17137987,"user_type":"registered","profile_image":"https://i.stack.imgur.com/k3lxB.png?s=256&g=1","display_name":"Hames Rodrigues","link":"https://stackoverflow.com/users/17137987/hames-rodrigues"},"is_answered":false,"view_count":63,"answer_count":0,"score":0,"last_activity_date":1677495576,"creation_date":1677495576,"question_id":75579592,"content_license":"CC BY-SA 4.0","link":"https://stackoverflow.com/questions/75579592/oauth-2-token-error-in-laravel-due-to-bigquery-integration","title":"Oauth 2 token error in Laravel due to BigQuery Integration"},{"tags":["unity-game-engine","shader","shader-graph"],"owner":{"account_id":15011285,"reputation":3,"user_id":20633199,"user_type":"registered","profile_image":"https://www.gravatar.com/avatar/d2b61f926789881693b645c681abbfb5?s=256&d=identicon&r=PG","display_name":"Marc Teuber","link":"https://stackoverflow.com/users/20633199/marc-teuber"},"is_answered":false,"view_count":215,"answer_count":1,"score":0,"last_activity_date":1688904705,"creation_date":1677495566,"last_edit_date":1677497916,"question_id":75579591,"content_license":"CC BY-SA 4.0","link":"https://stackoverflow.com/questions/75579591/why-cant-i-plug-this-vector-1-not-into-multiply","title":"Why cant I plug this Vector 1 not into Multiply?"},{"tags":["microsoft-teams","microsoft-graph-teams"],"owner":{"account_id":16689585,"reputation":117,"user_id":12062542,"user_type":"registered","profile_image":"https://graph.facebook.com/3477403308952557/picture?type=large","display_name":"Syed Muhammad Ibrahim","link":"https://stackoverflow.com/users/12062542/syed-muhammad-ibrahim"},"is_answered":false,"view_count":94,"answer_count":0,"score":0,"last_activity_date":1677495563,"creation_date":1677495563,"question_id":75579588,"content_license":"CC BY-SA 4.0","link":"https://stackoverflow.com/questions/75579588/static-tab-in-teams-custom-app-not-showing-loading-the-url-added-in-contenturl","title":"Static tab in teams custom app not showing loading the url added in contenturl"},{"tags":["google-apps-script","google-sheets","timestamp"],"owner":{"account_id":27889869,"reputation":1,"user_id":21296486,"user_type":"registered","profile_image":"https://www.gravatar.com/avatar/719f221c475d0c932f68b4a977aaeff5?s=256&d=identicon&r=PG","display_name":"otw","link":"https://stackoverflow.com/users/21296486/otw"},"is_answered":false,"view_count":34,"answer_count":0,"score":0,"last_activity_date":1679073417,"creation_date":1677495563,"last_edit_date":1679073417,"question_id":75579587,"content_license":"CC BY-SA 4.0","link":"https://stackoverflow.com/questions/75579587/appsscript-failed-to-generate-timestamp-in-some-rows","title":"AppsScript failed to generate timestamp in some rows"},{"tags":["java","android","android-studio","kotlin"],"owner":{"account_id":27545233,"reputation":1,"user_id":21021288,"user_type":"registered","profile_image":"https://www.gravatar.com/avatar/9db7c8b17602415ec9cffc711a4819f7?s=256&d=identicon&r=PG","display_name":"Nikhil Patil","link":"https://stackoverflow.com/users/21021288/nikhil-patil"},"is_answered":false,"view_count":17,"answer_count":0,"score":0,"last_activity_date":1677495545,"creation_date":1677495545,"question_id":75579585,"content_license":"CC BY-SA 4.0","link":"https://stackoverflow.com/questions/75579585/how-to-apply-filter-when-i-click-the-form-in-blankformlist-activity-only-that-f","title":"how to apply filter, when i click the form in blankformList Activity only that form entries visible to user in InsctanceChooserList Activity"},{"tags":["join","pyspark","conditional-statements"],"owner":{"account_id":27889841,"reputation":1,"user_id":21296463,"user_type":"registered","profile_image":"https://www.gravatar.com/avatar/9bca623508c1015d26636315126c742d?s=256&d=identicon&r=PG&f=y&so-version=2","display_name":"LUCAS","link":"https://stackoverflow.com/users/21296463/lucas"},"is_answered":false,"view_count":32,"answer_count":1,"score":0,"last_activity_date":1677499030,"creation_date":1677495531,"last_edit_date":1677496687,"question_id":75579581,"content_license":"CC BY-SA 4.0","link":"https://stackoverflow.com/questions/75579581/parameterize-join-conditions-in-pyspark","title":"Parameterize join conditions in pyspark"},{"tags":["tensorflow","tflite"],"owner":{"account_id":16111725,"reputation":23,"user_id":11629787,"user_type":"registered","profile_image":"https://lh6.googleusercontent.com/-cVmDAfHybAg/AAAAAAAAAAI/AAAAAAAAAAA/ACHi3rd5Z3Dfg-mKijTpT9xTKyHNjpepcA/mo/photo.jpg?sz=256","display_name":"krank s","link":"https://stackoverflow.com/users/11629787/krank-s"},"is_answered":false,"view_count":121,"answer_count":0,"score":1,"last_activity_date":1677495850,"creation_date":1677495504,"last_edit_date":1677495850,"question_id":75579578,"content_license":"CC BY-SA 4.0","link":"https://stackoverflow.com/questions/75579578/how-to-change-outputs-on-tflite-model-via-tflite-model-maker","title":"How to Change Outputs on tflite model via tflite model maker"},{"tags":["python","kubernetes","openshift","redhat"],"owner":{"account_id":20893235,"reputation":73,"user_id":15348136,"user_type":"registered","profile_image":"https://lh3.googleusercontent.com/a-/AOh14GjbtP2sINjvOHJ0rz-pA5UQ-8fKz1QYoRCpamF3=k-s256","display_name":"Abhishek K M","link":"https://stackoverflow.com/users/15348136/abhishek-k-m"},"is_answered":true,"view_count":325,"answer_count":3,"score":0,"last_activity_date":1689156712,"creation_date":1677495488,"question_id":75579577,"content_license":"CC BY-SA 4.0","link":"https://stackoverflow.com/questions/75579577/how-to-retrieve-the-openshift-container-pod-name-using-python","title":"how to retrieve the openshift container pod name using python?"},{"tags":["trim","batch-rename"],"owner":{"account_id":27889739,"reputation":1,"user_id":21296382,"user_type":"registered","profile_image":"https://lh3.googleusercontent.com/a/AGNmyxal1E_JapJXAV8yoY_idVMQUDK37LHEY-l1CkXE=k-s256","display_name":"G&#225;bor Mikl&#243;s Moln&#225;r","link":"https://stackoverflow.com/users/21296382/g%c3%a1bor-mikl%c3%b3s-moln%c3%a1r"},"is_answered":false,"view_count":39,"answer_count":0,"score":0,"last_activity_date":1677495472,"creation_date":1677495472,"question_id":75579572,"content_license":"CC BY-SA 4.0","link":"https://stackoverflow.com/questions/75579572/batch-trim-mulitple-folder-name-including-subfolders-batch-trim-multiple-file","title":"Batch trim mulitple folder name, including subfolders; batch trim multiple file names in these folders"},{"tags":["java","spring","spring-boot","mybatis","spring-mybatis"],"owner":{"account_id":9160569,"reputation":61,"user_id":6812019,"user_type":"registered","profile_image":"https://i.stack.imgur.com/WCP8j.jpg?s=256&g=1","display_name":"Jayesslee","link":"https://stackoverflow.com/users/6812019/jayesslee"},"is_answered":true,"view_count":241,"accepted_answer_id":75579611,"answer_count":2,"score":0,"last_activity_date":1677515483,"creation_date":1677495464,"last_edit_date":1677515483,"question_id":75579569,"content_license":"CC BY-SA 4.0","link":"https://stackoverflow.com/questions/75579569/spring-boot-transactional-does-not-work-when-org-springframework-http-converter","title":"Spring boot @Transactional does not work when org.springframework.http.converter.HttpMessageConversionException is thrown?"},{"tags":["sql-server","locking","sql-server-2016","table-locking","escalation"],"owner":{"account_id":10705754,"reputation":127,"user_id":9998467,"user_type":"registered","profile_image":"https://lh3.googleusercontent.com/-jzGYJGIA6oQ/AAAAAAAAAAI/AAAAAAAAAAA/AB6qoq10Hhb2I6E_dsGElNu7_UukmkSqMw/mo/photo.jpg?sz=256","display_name":"Mulciber Coder","link":"https://stackoverflow.com/users/9998467/mulciber-coder"},"is_answered":false,"view_count":71,"answer_count":0,"score":0,"last_activity_date":1677502339,"creation_date":1677495449,"last_edit_date":1677502339,"question_id":75579564,"content_license":"CC BY-SA 4.0","link":"https://stackoverflow.com/questions/75579564/lock-escalation-on-update-statement-that-uses-a-primary-key","title":"Lock escalation on update statement that uses a primary key"},{"tags":["r","data-analysis"],"owner":{"account_id":27889894,"reputation":1,"user_id":21296508,"user_type":"registered","profile_image":"https://lh3.googleusercontent.com/a/AGNmyxa7g7S1IqYNCfUP8Fh89ED5-BgpxR4hMwPtILM=k-s256","display_name":"Vishwavani Ravi","link":"https://stackoverflow.com/users/21296508/vishwavani-ravi"},"is_answered":false,"view_count":17,"answer_count":0,"score":0,"last_activity_date":1677495445,"creation_date":1677495445,"question_id":75579562,"content_license":"CC BY-SA 4.0","link":"https://stackoverflow.com/questions/75579562/mae-of-ex-post-and-ex-ante","title":"MAE of ex-post and ex-ante"},{"tags":["asp.net","asp.net-core","grpc","grpc-dotnet"],"owner":{"account_id":226356,"reputation":9074,"user_id":487356,"user_type":"registered","accept_rate":75,"profile_image":"https://www.gravatar.com/avatar/faa4d2befdc2f080be1cf88af1448855?s=256&d=identicon&r=PG","display_name":"Robert Hegner","link":"https://stackoverflow.com/users/487356/robert-hegner"},"is_answered":false,"view_count":393,"answer_count":2,"score":1,"last_activity_date":1677778893,"creation_date":1677495426,"last_edit_date":1677502274,"question_id":75579559,"content_license":"CC BY-SA 4.0","link":"https://stackoverflow.com/questions/75579559/cant-get-grpc-to-work-on-an-existing-asp-net-core-project","title":"Can&#39;t get gRPC to work on an existing ASP.NET Core project"},{"tags":["gremlin","amazon-neptune","azure-cosmosdb-gremlinapi","tinkergraph"],"owner":{"account_id":4337370,"reputation":3797,"user_id":4788260,"user_type":"registered","profile_image":"https://i.stack.imgur.com/sNQiX.jpg?s=256&g=1","display_name":"Sanjay Sharma","link":"https://stackoverflow.com/users/4788260/sanjay-sharma"},"is_answered":true,"view_count":85,"answer_count":1,"score":0,"last_activity_date":1677524727,"creation_date":1677495410,"last_edit_date":1677507163,"question_id":75579557,"content_license":"CC BY-SA 4.0","link":"https://stackoverflow.com/questions/75579557/convert-graphson-v2d0-serializer-response-to-graphson","title":"Convert GRAPHSON_V2D0 Serializer response to GRAPHSON"},{"tags":["java","intellij-idea","intellij-plugin"],"owner":{"account_id":27889880,"reputation":1,"user_id":21296497,"user_type":"registered","profile_image":"https://www.gravatar.com/avatar/767fd23c584c66c70ceaa8573a3b8e6a?s=256&d=identicon&r=PG","display_name":"Ioan3124","link":"https://stackoverflow.com/users/21296497/ioan3124"},"is_answered":false,"view_count":31,"answer_count":1,"score":0,"last_activity_date":1677497856,"creation_date":1677495395,"last_edit_date":1677497856,"question_id":75579555,"content_license":"CC BY-SA 4.0","link":"https://stackoverflow.com/questions/75579555/i-cant-add-tomcat-run-configuration-to-my-project","title":"I can&#39;t add Tomcat run configuration to my project"},{"tags":["django","apache","django-rest-framework","cpanel"],"owner":{"account_id":27889747,"reputation":1,"user_id":21296389,"user_type":"registered","profile_image":"https://www.gravatar.com/avatar/bd97980c5301121b3742443b7a8f2770?s=256&d=identicon&r=PG","display_name":"Husan Ibragimov","link":"https://stackoverflow.com/users/21296389/husan-ibragimov"},"is_answered":false,"view_count":12,"answer_count":0,"score":0,"last_activity_date":1677495378,"creation_date":1677495378,"question_id":75579553,"content_license":"CC BY-SA 4.0","link":"https://stackoverflow.com/questions/75579553/i-dont-know-how-to-create-apache-handlers-and-connect-to-django-project","title":"I don&#39;t know, how to create Apache handlers and connect to Django project"},{"tags":["pine-script","pine-script-v5","pine-script-v4"],"owner":{"account_id":27889872,"reputation":1,"user_id":21296490,"user_type":"registered","profile_image":"https://lh3.googleusercontent.com/a/AGNmyxbJ-kOSOu1wzSi9N3LLhSszTdRJgPbcx5Rar1wc=k-s256","display_name":"Sk faruk","link":"https://stackoverflow.com/users/21296490/sk-faruk"},"is_answered":false,"view_count":354,"answer_count":1,"score":-1,"last_activity_date":1677543562,"creation_date":1677495377,"question_id":75579552,"content_license":"CC BY-SA 4.0","link":"https://stackoverflow.com/questions/75579552/how-to-code-on-pine-script-to-get-previous-3-candle-closing-value-and-previous-3","title":"How to code on pine script to get previous 3 candle closing value and previous 3 candle rsi value on a screen mode"},{"tags":["java","spring-boot","exceptionhandler"],"owner":{"account_id":9013194,"reputation":220,"user_id":10663941,"user_type":"registered","profile_image":"https://lh3.googleusercontent.com/-BB2zFpVCRCA/AAAAAAAAAAI/AAAAAAAAAH8/CylbU3_9er0/photo.jpg?sz=256","display_name":"The Prototype","link":"https://stackoverflow.com/users/10663941/the-prototype"},"is_answered":true,"view_count":226,"accepted_answer_id":75580427,"answer_count":2,"score":0,"last_activity_date":1677500439,"creation_date":1677495374,"question_id":75579551,"content_license":"CC BY-SA 4.0","link":"https://stackoverflow.com/questions/75579551/question-about-exceptionhandlerexception-class","title":"Question about @ExceptionHandler(Exception.class)"},{"tags":["javascript","image","vue.js","file-upload","requirejs"],"owner":{"account_id":18544533,"reputation":1,"user_id":21252753,"user_type":"registered","profile_image":"https://www.gravatar.com/avatar/90bd79a72117c213096a275246c0d36f?s=256&d=identicon&r=PG&f=y&so-version=2","display_name":"NVY","link":"https://stackoverflow.com/users/21252753/nvy"},"is_answered":false,"view_count":265,"answer_count":2,"score":0,"last_activity_date":1677502910,"creation_date":1677495336,"last_edit_date":1677495603,"question_id":75579545,"content_license":"CC BY-SA 4.0","link":"https://stackoverflow.com/questions/75579545/how-to-correctly-load-dynamic-images-in-vue-js","title":"How to correctly load dynamic images in Vue.js?"},{"tags":["javascript","reactjs","react-context"],"owner":{"account_id":13657663,"reputation":21,"user_id":9853692,"user_type":"registered","profile_image":"https://lh3.googleusercontent.com/-XdUIqdMkCWA/AAAAAAAAAAI/AAAAAAAAAAA/4252rscbv5M/photo.jpg?sz=256","display_name":"rootlikegroot","link":"https://stackoverflow.com/users/9853692/rootlikegroot"},"is_answered":false,"view_count":98,"answer_count":0,"score":1,"last_activity_date":1677495333,"creation_date":1677495333,"question_id":75579544,"content_license":"CC BY-SA 4.0","link":"https://stackoverflow.com/questions/75579544/i-cant-figure-out-on-how-to-use-usecontext-in-my-app","title":"I can&#39;t figure out on how to use useContext in my app"},{"tags":["php","laravel"],"owner":{"account_id":9899062,"reputation":61,"user_id":7329620,"user_type":"registered","accept_rate":0,"profile_image":"https://graph.facebook.com/10209752408480391/picture?type=large","display_name":"Nu Carvignulu","link":"https://stackoverflow.com/users/7329620/nu-carvignulu"},"is_answered":false,"view_count":578,"answer_count":2,"score":1,"last_activity_date":1678818458,"creation_date":1677495295,"last_edit_date":1677680165,"question_id":75579538,"content_license":"CC BY-SA 4.0","link":"https://stackoverflow.com/questions/75579538/laravel-livewire-multispep-form-save-data","title":"Laravel Livewire multispep form save data"},{"tags":["azure-data-factory","azure-data-lake-gen2"],"owner":{"account_id":2357110,"reputation":221,"user_id":2064682,"user_type":"registered","accept_rate":44,"profile_image":"https://www.gravatar.com/avatar/98db0a1847ad3e262f0351a3b4ff6919?s=256&d=identicon&r=PG","display_name":"Raj","link":"https://stackoverflow.com/users/2064682/raj"},"is_answered":false,"view_count":179,"answer_count":1,"score":-1,"last_activity_date":1677499223,"creation_date":1677495278,"question_id":75579533,"content_license":"CC BY-SA 4.0","link":"https://stackoverflow.com/questions/75579533/adf-industries-best-practices","title":"ADF Industries Best Practices"},{"tags":["python","list"],"owner":{"account_id":27889896,"reputation":13,"user_id":21296511,"user_type":"registered","profile_image":"https://www.gravatar.com/avatar/2b92611760d48e85eaf5fbf54c8d15e8?s=256&d=identicon&r=PG","display_name":"nehrumodi","link":"https://stackoverflow.com/users/21296511/nehrumodi"},"is_answered":true,"view_count":59,"closed_date":1677497938,"accepted_answer_id":75579582,"answer_count":1,"score":-2,"last_activity_date":1677495534,"creation_date":1677495277,"question_id":75579531,"link":"https://stackoverflow.com/questions/75579531/appending-issue-in-a-list-in-python","closed_reason":"Not suitable for this site","title":"Appending issue in a list in Python"},{"tags":["php","laravel","php-carbon"],"owner":{"account_id":25630562,"reputation":465,"user_id":19401027,"user_type":"registered","profile_image":"https://www.gravatar.com/avatar/a21e95b80e450cbd7cd09b1e6c66cfa0?s=256&d=identicon&r=PG","display_name":"JanBoehmer","link":"https://stackoverflow.com/users/19401027/janboehmer"},"is_answered":true,"view_count":124,"accepted_answer_id":75584633,"answer_count":2,"score":0,"last_activity_date":1677604893,"creation_date":1677495274,"question_id":75579530,"content_license":"CC BY-SA 4.0","link":"https://stackoverflow.com/questions/75579530/how-to-get-the-minute-difference-between-two-carbon-objects-ignoring-the-date","title":"How to get the minute difference between two Carbon objects ignoring the date?"},{"tags":["laravel","api"],"owner":{"account_id":21078031,"reputation":1,"user_id":15492975,"user_type":"registered","profile_image":"https://lh3.googleusercontent.com/a-/AOh14Gj2ms5ximjWX3BWjv7F_6_CZDIoV6YFeoM8bDVU=k-s256","display_name":"Abdul Majid","link":"https://stackoverflow.com/users/15492975/abdul-majid"},"is_answered":false,"view_count":272,"answer_count":1,"score":-2,"last_activity_date":1677624669,"creation_date":1677495272,"last_edit_date":1677624669,"question_id":75579528,"content_license":"CC BY-SA 4.0","link":"https://stackoverflow.com/questions/75579528/this-page-cant-be-displayed-bkash-payment-api-integration-app-url-access-issu","title":"This Page Can&#39;t be Displayed - bKash payment api integration App URL access issue"},{"tags":["go","p2p","ipfs","libp2p","go-libp2p"],"owner":{"account_id":22160754,"reputation":58,"user_id":16407794,"user_type":"registered","profile_image":"https://lh3.googleusercontent.com/a/AATXAJw7npqSh2vPWFNzVDvPKLxTlThdFQ8s8kosoheF=k-s256","display_name":"alberto sansegundo","link":"https://stackoverflow.com/users/16407794/alberto-sansegundo"},"is_answered":false,"view_count":230,"answer_count":1,"score":2,"last_activity_date":1678223519,"creation_date":1677495270,"last_edit_date":1677546917,"question_id":75579527,"content_license":"CC BY-SA 4.0","link":"https://stackoverflow.com/questions/75579527/program-using-libp2p-to-connect-using-tcp-quic-or-both","title":"Program using libp2p to connect using TCP, QUIC or both"},{"tags":["sql","sql-server"],"owner":{"account_id":27889289,"reputation":1,"user_id":21296021,"user_type":"registered","profile_image":"https://www.gravatar.com/avatar/e2f78b2fb4cb61d46528f6e8666f520c?s=256&d=identicon&r=PG","display_name":"Hisham","link":"https://stackoverflow.com/users/21296021/hisham"},"is_answered":false,"view_count":70,"answer_count":1,"score":0,"last_activity_date":1677681613,"creation_date":1677495212,"last_edit_date":1677496616,"question_id":75579518,"content_license":"CC BY-SA 4.0","link":"https://stackoverflow.com/questions/75579518/how-to-build-an-unique-number-for-a-tupel-in-sql","title":"How to build an unique number for a tupel in SQL"},{"tags":[".net","winforms","richtextbox","richedit"],"owner":{"account_id":453710,"reputation":192153,"user_id":850848,"user_type":"registered","accept_rate":80,"profile_image":"https://www.gravatar.com/avatar/c287735beca76400cb9b6d08bf591cb9?s=256&d=identicon&r=PG","display_name":"Martin Prikryl","link":"https://stackoverflow.com/users/850848/martin-prikryl"},"is_answered":false,"view_count":165,"answer_count":0,"score":0,"last_activity_date":1677495184,"creation_date":1677495184,"question_id":75579514,"content_license":"CC BY-SA 4.0","link":"https://stackoverflow.com/questions/75579514/rich-text-box-replaces-default-monospaced-font-for-box-drawing-characters-with-v","title":"Rich text box replaces default Monospaced font for Box-drawing characters with Variable-width font"},{"tags":["c#","firebase","google-cloud-platform","google-cloud-firestore","firebase-security"],"owner":{"account_id":23247288,"reputation":63,"user_id":17335689,"user_type":"registered","profile_image":"https://lh3.googleusercontent.com/a-/AOh14GjJxXeZP2Xt9a6dGYUL0dlZYIOPUR0UmkHHo4Su7w=k-s256","display_name":"Daniel Brunner","link":"https://stackoverflow.com/users/17335689/daniel-brunner"},"is_answered":true,"view_count":74,"answer_count":1,"score":0,"last_activity_date":1702456631,"creation_date":1677495176,"last_edit_date":1702456631,"question_id":75579513,"content_license":"CC BY-SA 4.0","link":"https://stackoverflow.com/questions/75579513/firestore-rules-stop-listener","title":"Firestore rules stop listener"}],"has_more":true,"quota_max":300,"quota_remaining":241}