{"items":[{"tags":["python","python-3.x","audio","speech-recognition","librosa"],"owner":{"account_id":16536313,"reputation":5,"user_id":11948234,"user_type":"registered","profile_image":"https://www.gravatar.com/avatar/ee4ba75a178622fdd04430017e2ff643?s=256&d=identicon&r=PG&f=y&so-version=2","display_name":"Bajomo Richard","link":"https://stackoverflow.com/users/11948234/bajomo-richard"},"is_answered":false,"view_count":246,"answer_count":1,"score":0,"last_activity_date":1677093604,"creation_date":1677020389,"question_id":75526732,"content_license":"CC BY-SA 4.0","link":"https://stackoverflow.com/questions/75526732/how-to-track-speech-librosa-python-library","title":"How to track speech Librosa (python library)"},{"tags":["python","pandas","dataframe","split","explode"],"owner":{"account_id":27836325,"reputation":113,"user_id":21253697,"user_type":"registered","profile_image":"https://www.gravatar.com/avatar/6b395697a4a1893878e1777966bf42f4?s=256&d=identicon&r=PG","display_name":"Link","link":"https://stackoverflow.com/users/21253697/link"},"is_answered":true,"view_count":137,"answer_count":2,"score":2,"last_activity_date":1677061762,"creation_date":1677020294,"last_edit_date":1677026926,"question_id":75526717,"content_license":"CC BY-SA 4.0","link":"https://stackoverflow.com/questions/75526717/split-remove-whitespace-and-explode-string-in-dataframe","title":"Split, remove whitespace, and explode string in dataframe"},{"tags":["kubernetes","networking","cron"],"owner":{"account_id":1698675,"reputation":8901,"user_id":1559401,"user_type":"registered","accept_rate":83,"profile_image":"https://i.stack.imgur.com/t9DjW.jpg?s=256&g=1","display_name":"rbaleksandar","link":"https://stackoverflow.com/users/1559401/rbaleksandar"},"is_answered":false,"view_count":155,"answer_count":0,"score":0,"last_activity_date":1677021460,"creation_date":1677020277,"question_id":75526715,"content_license":"CC BY-SA 4.0","link":"https://stackoverflow.com/questions/75526715/how-to-use-a-kubernetes-cron-job-that-applies-a-patch-to-a-cluster-node-with-inf","title":"How to use a Kubernetes cron job that applies a patch to a cluster node with information about the host network interface?"},{"tags":["c#"],"owner":{"account_id":25738949,"reputation":39,"user_id":19493228,"user_type":"registered","profile_image":"https://www.gravatar.com/avatar/d200e848f8f38404739b454bdfb93c08?s=256&d=identicon&r=PG","display_name":"Anthony","link":"https://stackoverflow.com/users/19493228/anthony"},"is_answered":false,"view_count":88,"answer_count":4,"score":-1,"last_activity_date":1677099516,"creation_date":1677020206,"last_edit_date":1677022367,"question_id":75526708,"content_license":"CC BY-SA 4.0","link":"https://stackoverflow.com/questions/75526708/abstract-class-method-to-deserialize-string-to-inherited-class-properties","title":"Abstract class method to deserialize string to inherited class properties"},{"tags":["pine-script","pine-script-v5","algorithmic-trading","tradingview-api","pine-script-v4"],"owner":{"account_id":26528502,"reputation":11,"user_id":20161097,"user_type":"registered","profile_image":"https://www.gravatar.com/avatar/f8b895554bcc62df0595846f7d6ca582?s=256&d=identicon&r=PG","display_name":"Adam","link":"https://stackoverflow.com/users/20161097/adam"},"is_answered":false,"view_count":110,"answer_count":0,"score":0,"last_activity_date":1677020124,"creation_date":1677020124,"question_id":75526703,"content_license":"CC BY-SA 4.0","link":"https://stackoverflow.com/questions/75526703/plotting-win-trade-data-for-a-strategy-in-pinescript","title":"Plotting Win Trade Data for a Strategy in PineScript"},{"tags":["reinforcement-learning","snapshot","stable-baselines"],"owner":{"account_id":27845963,"reputation":3,"user_id":21261404,"user_type":"registered","profile_image":"https://www.gravatar.com/avatar/054a81bb3603cc0fd33ce818902dde86?s=256&d=identicon&r=PG","display_name":"user21261404","link":"https://stackoverflow.com/users/21261404/user21261404"},"is_answered":true,"view_count":335,"accepted_answer_id":75544611,"answer_count":1,"score":0,"last_activity_date":1677153975,"creation_date":1677020104,"last_edit_date":1677020294,"question_id":75526701,"content_license":"CC BY-SA 4.0","link":"https://stackoverflow.com/questions/75526701/resume-training-for-stable-baseline-model-ppo","title":"Resume training for stable baseline model PPO"},{"tags":["php","sockets","hex"],"owner":{"account_id":3063289,"reputation":1,"user_id":2595533,"user_type":"registered","profile_image":"https://www.gravatar.com/avatar/da489ed867e9775ef3313187fa9c7cda?s=256&d=identicon&r=PG","display_name":"Jeff M","link":"https://stackoverflow.com/users/2595533/jeff-m"},"is_answered":false,"view_count":35,"answer_count":1,"score":0,"last_activity_date":1677022182,"creation_date":1677020080,"question_id":75526694,"content_license":"CC BY-SA 4.0","link":"https://stackoverflow.com/questions/75526694/php-fwrite-in-hexidecimal-format-not-hexidecimal-string-over-the-air-firmware","title":"PHP fwrite in hexidecimal format, not hexidecimal string - Over The Air firmware send"},{"tags":["python","python-3.x","database"],"owner":{"account_id":27846005,"reputation":1,"user_id":21261438,"user_type":"registered","profile_image":"https://lh3.googleusercontent.com/a/AEdFTp7qcjw5Aayed29ym_kc8Z0h8qG1NTISIYRCarKD=k-s256","display_name":"BiFrost","link":"https://stackoverflow.com/users/21261438/bifrost"},"is_answered":false,"view_count":69,"answer_count":1,"score":0,"last_activity_date":1677357334,"creation_date":1677020049,"last_edit_date":1677020193,"question_id":75526691,"content_license":"CC BY-SA 4.0","link":"https://stackoverflow.com/questions/75526691/reading-writing-a-file-containing-newlines-by-newlines","title":"Reading/writing a file containing newlines by newlines"},{"tags":["javascript","arrays","numbers"],"owner":{"user_type":"does_not_exist","display_name":"user21261277"},"is_answered":false,"view_count":102,"answer_count":0,"score":0,"last_activity_date":1677021854,"creation_date":1677020032,"last_edit_date":1677020146,"question_id":75526687,"content_license":"CC BY-SA 4.0","link":"https://stackoverflow.com/questions/75526687/how-to-calculate-sum-of-matched-number-in-array-includes-string","title":"How to calculate sum of matched number in array includes string"},{"tags":["node.js","ffmpeg"],"owner":{"account_id":18557077,"reputation":19,"user_id":13521891,"user_type":"registered","profile_image":"https://www.gravatar.com/avatar/67124bd0d55a6113ffb6a439446f8080?s=256&d=identicon&r=PG&f=y&so-version=2","display_name":"Maciej_Solowiej","link":"https://stackoverflow.com/users/13521891/maciej-solowiej"},"is_answered":false,"view_count":94,"answer_count":0,"score":0,"last_activity_date":1698844903,"creation_date":1677019995,"question_id":75526684,"content_license":"CC BY-SA 4.0","link":"https://stackoverflow.com/questions/75526684/how-to-extract-unique-frames-from-mp4-in-node-using-ffmpeg","title":"How to extract unique frames from mp4 in node using ffmpeg"},{"tags":["python","variable-assignment","array-indexing"],"owner":{"account_id":25809783,"reputation":51,"user_id":19550744,"user_type":"registered","profile_image":"https://lh3.googleusercontent.com/a/AItbvmnyGjNgA_3oI2QEV64ED_-q-CGikKT19jWmWYgH=k-s256","display_name":"OhMoh24","link":"https://stackoverflow.com/users/19550744/ohmoh24"},"is_answered":true,"view_count":82,"accepted_answer_id":75527088,"answer_count":1,"score":1,"last_activity_date":1677024305,"creation_date":1677019994,"last_edit_date":1677020487,"question_id":75526683,"content_license":"CC BY-SA 4.0","link":"https://stackoverflow.com/questions/75526683/python-array-variable-assignment","title":"Python Array variable assignment"},{"tags":["mobile","katalon-studio"],"owner":{"account_id":13724279,"reputation":1,"user_id":9903465,"user_type":"registered","profile_image":"https://lh6.googleusercontent.com/-SL1o08OK9v4/AAAAAAAAAAI/AAAAAAAAAGw/p2PEw-NSqRs/photo.jpg?sz=256","display_name":"Islam Lotfy","link":"https://stackoverflow.com/users/9903465/islam-lotfy"},"is_answered":false,"view_count":47,"answer_count":1,"score":0,"last_activity_date":1678109167,"creation_date":1677019991,"last_edit_date":1677046498,"question_id":75526682,"content_license":"CC BY-SA 4.0","link":"https://stackoverflow.com/questions/75526682/how-to-compare-number-of-message-appears-on-ui-with-data-i-iterate-from-excel-sh","title":"how to compare number of message appears on UI with data i iterate from excel sheet (katalon)"},{"tags":["output","lasso-regression","visualize"],"owner":{"account_id":27845078,"reputation":1,"user_id":21260737,"user_type":"registered","profile_image":"https://www.gravatar.com/avatar/69336b3dbce819bc989662ce8206c527?s=256&d=identicon&r=PG","display_name":"Gerry","link":"https://stackoverflow.com/users/21260737/gerry"},"is_answered":false,"view_count":142,"answer_count":0,"score":0,"last_activity_date":1677020373,"creation_date":1677019944,"last_edit_date":1677020373,"question_id":75526677,"content_license":"CC BY-SA 4.0","link":"https://stackoverflow.com/questions/75526677/i-am-not-understanding-the-output-in-r-for-the-lasso-binary-regression-using-t","title":"I am not understanding the output in R for the Lasso (binary) regression using the package glmnet"},{"tags":["stm32","uart","stm32cubeide"],"owner":{"account_id":15608396,"reputation":11,"user_id":13270047,"user_type":"registered","profile_image":"https://www.gravatar.com/avatar/4a52e3faec98ba02be0e8b555b3cb44b?s=256&d=identicon&r=PG&f=y&so-version=2","display_name":"Александр","link":"https://stackoverflow.com/users/13270047/%d0%90%d0%bb%d0%b5%d0%ba%d1%81%d0%b0%d0%bd%d0%b4%d1%80"},"is_answered":true,"view_count":103,"answer_count":1,"score":0,"last_activity_date":1677049658,"creation_date":1677019915,"question_id":75526675,"content_license":"CC BY-SA 4.0","link":"https://stackoverflow.com/questions/75526675/multiply-uarts-stm32","title":"Multiply UARTS STM32"},{"tags":[".net","windows","clickonce"],"owner":{"account_id":1648569,"reputation":582,"user_id":1519587,"user_type":"registered","profile_image":"https://i.stack.imgur.com/Q0SCy.jpg?s=256&g=1","display_name":"Mark Seefeldt","link":"https://stackoverflow.com/users/1519587/mark-seefeldt"},"is_answered":false,"view_count":101,"answer_count":1,"score":1,"last_activity_date":1695393474,"creation_date":1677019903,"question_id":75526672,"content_license":"CC BY-SA 4.0","link":"https://stackoverflow.com/questions/75526672/clickonce-install-sehexception","title":"ClickOnce install SEHException"},{"tags":["python","pyspark","streaming","watermark"],"owner":{"account_id":7014160,"reputation":89,"user_id":5376071,"user_type":"registered","accept_rate":0,"profile_image":"https://www.gravatar.com/avatar/6b72da3a6f17a0c063fb41ebd4cd782d?s=256&d=identicon&r=PG&f=y&so-version=2","display_name":"Gatto Nou","link":"https://stackoverflow.com/users/5376071/gatto-nou"},"is_answered":false,"view_count":200,"answer_count":0,"score":0,"last_activity_date":1678538856,"creation_date":1677019898,"question_id":75526671,"content_license":"CC BY-SA 4.0","link":"https://stackoverflow.com/questions/75526671/spark-structured-streaming-watermark-issue","title":"Spark Structured Streaming Watermark issue"},{"tags":["azure","encryption","azure-keyvault"],"owner":{"account_id":5645382,"reputation":2544,"user_id":4467670,"user_type":"registered","profile_image":"https://graph.facebook.com/100003096226037/picture?type=large","display_name":"Emperor Eto","link":"https://stackoverflow.com/users/4467670/emperor-eto"},"is_answered":false,"view_count":120,"answer_count":0,"score":0,"last_activity_date":1677583747,"creation_date":1677019834,"last_edit_date":1677583747,"question_id":75526665,"content_license":"CC BY-SA 4.0","link":"https://stackoverflow.com/questions/75526665/is-it-physically-possible-for-microsoft-to-see-azure-key-vault-contents","title":"Is it Physically Possible for Microsoft to See Azure Key Vault Contents?"},{"tags":["dataframe","data-manipulation","kable","stargazer"],"owner":{"account_id":12791855,"reputation":1,"user_id":9256136,"user_type":"registered","profile_image":"https://www.gravatar.com/avatar/ca7485e297b3631da3c00f33958fb00f?s=256&d=identicon&r=PG&f=y&so-version=2","display_name":"Sonja Laukemper","link":"https://stackoverflow.com/users/9256136/sonja-laukemper"},"is_answered":false,"view_count":41,"answer_count":0,"score":0,"last_activity_date":1677019825,"creation_date":1677019825,"question_id":75526663,"content_license":"CC BY-SA 4.0","link":"https://stackoverflow.com/questions/75526663/displaying-regression-output-stored-in-data-frame-in-stargazer-table","title":"Displaying regression output stored in data frame in stargazer table"},{"tags":["javascript","reactjs"],"owner":{"account_id":4772304,"reputation":3649,"user_id":3856666,"user_type":"registered","accept_rate":72,"profile_image":"https://i.stack.imgur.com/zU1W2.jpg?s=256&g=1","display_name":"Himmel","link":"https://stackoverflow.com/users/3856666/himmel"},"is_answered":true,"view_count":43,"accepted_answer_id":75526801,"answer_count":1,"score":0,"last_activity_date":1677021837,"creation_date":1677019807,"question_id":75526661,"content_license":"CC BY-SA 4.0","link":"https://stackoverflow.com/questions/75526661/react-keep-all-state-management-in-context-provider-while-using-an-async-call","title":"React - keep all state management in Context Provider while using an async call"},{"tags":["flutter","class","widget","stateful"],"owner":{"account_id":27845936,"reputation":1,"user_id":21261380,"user_type":"registered","profile_image":"https://lh3.googleusercontent.com/a/AEdFTp4C8v6fibIOfaESjKqQ2SzGK_UnJY4OUhDtdR-eveg=k-s256","display_name":"Caio Abreu","link":"https://stackoverflow.com/users/21261380/caio-abreu"},"is_answered":false,"view_count":43,"answer_count":0,"score":0,"last_activity_date":1677019749,"creation_date":1677019749,"question_id":75526654,"content_license":"CC BY-SA 4.0","link":"https://stackoverflow.com/questions/75526654/how-to-create-widget-in-flutter-using-class","title":"How to Create widget in flutter using class"},{"tags":["javascript"],"owner":{"account_id":27342414,"reputation":11,"user_id":20852856,"user_type":"registered","profile_image":"https://www.gravatar.com/avatar/1eea24ad892bec5444d4b5e531a1eefb?s=256&d=identicon&r=PG&f=y&so-version=2","display_name":"Satyajeet Jha","link":"https://stackoverflow.com/users/20852856/satyajeet-jha"},"is_answered":false,"view_count":101,"answer_count":1,"score":1,"last_activity_date":1677022693,"creation_date":1677019744,"last_edit_date":1677022693,"question_id":75526653,"content_license":"CC BY-SA 4.0","link":"https://stackoverflow.com/questions/75526653/cleartimeout-in-debounce-and-its-significance","title":"clearTimeOut in debounce and its significance"},{"tags":["flutter","ffmpeg"],"owner":{"account_id":13722566,"reputation":96,"user_id":9902120,"user_type":"registered","profile_image":"https://lh3.googleusercontent.com/-Xwt0BMREJfs/AAAAAAAAAAI/AAAAAAAAABM/cq7DnAqQuTk/photo.jpg?sz=256","display_name":"Rodolfo","link":"https://stackoverflow.com/users/9902120/rodolfo"},"is_answered":false,"view_count":25,"answer_count":0,"score":0,"last_activity_date":1677019732,"creation_date":1677019732,"question_id":75526652,"content_license":"CC BY-SA 4.0","link":"https://stackoverflow.com/questions/75526652/apps-dont-recognize-file-created-by-ffmpeg-in-flutter","title":"Apps don&#39;t recognize file created by ffmpeg in flutter"},{"tags":["javascript","python","graph","plotly","cytoscape"],"owner":{"account_id":14537564,"reputation":1577,"user_id":10500424,"user_type":"registered","profile_image":"https://www.gravatar.com/avatar/4a8819f9a5ca3731b7acc76e60f24f80?s=256&d=identicon&r=PG","display_name":"irahorecka","link":"https://stackoverflow.com/users/10500424/irahorecka"},"is_answered":false,"view_count":36,"answer_count":0,"score":1,"last_activity_date":1677019704,"creation_date":1677019704,"question_id":75526647,"content_license":"CC BY-SA 4.0","link":"https://stackoverflow.com/questions/75526647/plotly-cytoscape-remove-edge-functionality-to-increase-callback-performance","title":"Plotly Cytoscape: remove edge functionality to increase callback performance"},{"tags":["javascript","python","android"],"owner":{"account_id":27764967,"reputation":3,"user_id":21196495,"user_type":"registered","profile_image":"https://lh3.googleusercontent.com/a/AEdFTp5nG3A39aC3fgPtfLwtR-o60I_NzzWKR0R38ioz=k-s256","display_name":"MThien","link":"https://stackoverflow.com/users/21196495/mthien"},"is_answered":true,"view_count":72,"accepted_answer_id":75526813,"answer_count":2,"score":-1,"last_activity_date":1677021333,"creation_date":1677019700,"question_id":75526646,"content_license":"CC BY-SA 4.0","link":"https://stackoverflow.com/questions/75526646/how-to-stop-the-countdown-loop","title":"how to stop the countdown loop"},{"tags":[".net","open-telemetry","asp.net-core-hosted-services"],"owner":{"account_id":16322421,"reputation":425,"user_id":11787880,"user_type":"registered","profile_image":"https://www.gravatar.com/avatar/56fa2f2483975b05de54b566b799f1e3?s=256&d=identicon&r=PG&f=y&so-version=2","display_name":"grzegorzorwat","link":"https://stackoverflow.com/users/11787880/grzegorzorwat"},"is_answered":true,"view_count":783,"answer_count":1,"score":1,"last_activity_date":1677945518,"creation_date":1677019682,"last_edit_date":1677945381,"question_id":75526644,"content_license":"CC BY-SA 4.0","link":"https://stackoverflow.com/questions/75526644/opentelemetry-and-hosted-services","title":"OpenTelemetry and hosted services"},{"tags":["c++","boost","memory-leaks","address-sanitizer","leak-sanitizer"],"owner":{"account_id":2320195,"reputation":3379,"user_id":2036161,"user_type":"registered","accept_rate":52,"profile_image":"https://www.gravatar.com/avatar/ba65c6994b3945d68ea848b7d8a27253?s=256&d=identicon&r=PG","display_name":"ventsyv","link":"https://stackoverflow.com/users/2036161/ventsyv"},"is_answered":false,"view_count":493,"answer_count":0,"score":0,"last_activity_date":1677019640,"creation_date":1677019640,"question_id":75526643,"content_license":"CC BY-SA 4.0","link":"https://stackoverflow.com/questions/75526643/how-to-suppress-alloc-dealloc-mismatch-in-leaksanatizer","title":"How to suppress alloc-dealloc-mismatch in LeakSanatizer"},{"tags":["microservices","cqrs","distributed-system","distributed-transactions","eventual-consistency"],"owner":{"account_id":27845961,"reputation":11,"user_id":21261403,"user_type":"registered","profile_image":"https://www.gravatar.com/avatar/fb5c520a823071983cdf87172aefcd49?s=256&d=identicon&r=PG","display_name":"AKBK","link":"https://stackoverflow.com/users/21261403/akbk"},"is_answered":true,"view_count":105,"answer_count":1,"score":1,"last_activity_date":1677057252,"creation_date":1677019587,"question_id":75526639,"content_license":"CC BY-SA 4.0","link":"https://stackoverflow.com/questions/75526639/cqrs-inventory-management-how-to-manage-eventual-consistency-when-getting-stock","title":"CQRS Inventory management how to manage eventual consistency when getting stock balance from read store?"},{"tags":["c#","sdk"],"owner":{"account_id":10040221,"reputation":41,"user_id":7423280,"user_type":"registered","profile_image":"https://www.gravatar.com/avatar/f70c410eb7b090dd2085083bb45dc30e?s=256&d=identicon&r=PG&f=y&so-version=2","display_name":"redacted","link":"https://stackoverflow.com/users/7423280/redacted"},"is_answered":false,"view_count":122,"closed_date":1677047071,"answer_count":1,"score":2,"last_activity_date":1677038129,"creation_date":1677019560,"last_edit_date":1677020761,"question_id":75526633,"link":"https://stackoverflow.com/questions/75526633/c-best-practices-for-dependency-injection-in-sdk-projects","closed_reason":"Opinion-based","title":"C# - Best practices for dependency injection in SDK projects?"},{"tags":["c#","asp.net-core-mvc","identity","intranet"],"owner":{"account_id":1920782,"reputation":1512,"user_id":1732358,"user_type":"registered","accept_rate":81,"profile_image":"https://www.gravatar.com/avatar/ae25b458888e2181b9d17186196a164f?s=256&d=identicon&r=PG","display_name":"bagofmilk","link":"https://stackoverflow.com/users/1732358/bagofmilk"},"is_answered":true,"view_count":93,"answer_count":1,"score":0,"last_activity_date":1677059996,"creation_date":1677019536,"last_edit_date":1677042238,"question_id":75526631,"content_license":"CC BY-SA 4.0","link":"https://stackoverflow.com/questions/75526631/asp-net-core-6-mvc-app-detect-intranet-users","title":"ASP.NET Core 6 MVC app - Detect Intranet users"},{"tags":["python","pycharm","python-3.5","pipenv"],"owner":{"account_id":24556883,"reputation":77,"user_id":18465282,"user_type":"registered","profile_image":"https://lh3.googleusercontent.com/a-/AOh14GiuNAHIOI0Xn8TGgDbqMdbfPx8Gt5FpQEM3cLXlBbc=k-s256","display_name":"Quentin Tiefaine","link":"https://stackoverflow.com/users/18465282/quentin-tiefaine"},"is_answered":false,"view_count":37,"answer_count":0,"score":0,"last_activity_date":1677019526,"creation_date":1677019526,"question_id":75526629,"content_license":"CC BY-SA 4.0","link":"https://stackoverflow.com/questions/75526629/create-a-pipenv-with-pycharm-by-using-an-old-python-3-5-version","title":"create a pipenv with PyCharm, by using an old Python 3.5 version"}],"has_more":true,"quota_max":300,"quota_remaining":264}