{"items":[{"tags":["c#","unity-game-engine","button"],"owner":{"account_id":27884347,"reputation":7,"user_id":21292159,"user_type":"registered","profile_image":"https://lh3.googleusercontent.com/a/AGNmyxYjmcm_9FVBYMpAKTtLjh5fdhJTMVolxSlxdzmVog=k-s256","display_name":"MVRK Films","link":"https://stackoverflow.com/users/21292159/mvrk-films"},"is_answered":false,"view_count":39,"answer_count":1,"score":0,"last_activity_date":1677523891,"creation_date":1677430786,"last_edit_date":1677430898,"question_id":75573596,"content_license":"CC BY-SA 4.0","link":"https://stackoverflow.com/questions/75573596/can-i-change-the-target-and-fuction-of-a-button-via-script","title":"Can I change the target and fuction of a button via script?"},{"tags":["spring","spring-boot","properties"],"owner":{"account_id":5325395,"reputation":48,"user_id":4247568,"user_type":"registered","profile_image":"https://www.gravatar.com/avatar/da6e188153a40f7fe6fdefc8d9ccbc57?s=256&d=identicon&r=PG&f=y&so-version=2","display_name":"seyjay","link":"https://stackoverflow.com/users/4247568/seyjay"},"is_answered":true,"view_count":130,"accepted_answer_id":75573807,"answer_count":1,"score":2,"last_activity_date":1677432602,"creation_date":1677430752,"question_id":75573593,"content_license":"CC BY-SA 4.0","link":"https://stackoverflow.com/questions/75573593/how-to-manage-spring-boot-properties-map-with-global-default-value","title":"How to manage Spring Boot properties Map with global default value?"},{"tags":["reactjs","react-native","redux"],"owner":{"account_id":14192265,"reputation":125,"user_id":10252506,"user_type":"registered","profile_image":"https://www.gravatar.com/avatar/b53bac2ebdaa1d0142f4201c477b3356?s=256&d=identicon&r=PG&f=y&so-version=2","display_name":"Tyler.G","link":"https://stackoverflow.com/users/10252506/tyler-g"},"is_answered":false,"view_count":22,"answer_count":0,"score":0,"last_activity_date":1677430712,"creation_date":1677430712,"question_id":75573589,"content_license":"CC BY-SA 4.0","link":"https://stackoverflow.com/questions/75573589/react-redux-get-updated-array-value-in-component","title":"React redux get updated array value in component"},{"tags":["python","sockets"],"owner":{"account_id":27884300,"reputation":11,"user_id":21292112,"user_type":"registered","profile_image":"https://lh3.googleusercontent.com/a/AGNmyxa5nDKgTL_vlAt3-yASMH5P77el-8p36UvDCFreyQ=k-s256","display_name":"Akash Biswas","link":"https://stackoverflow.com/users/21292112/akash-biswas"},"is_answered":false,"view_count":59,"answer_count":0,"score":1,"last_activity_date":1677430696,"creation_date":1677430696,"question_id":75573587,"content_license":"CC BY-SA 4.0","link":"https://stackoverflow.com/questions/75573587/socket-programming-from-multiple-clients-to-server-and-server-to-multiple-client","title":"Socket Programming from multiple clients to server and server to multiple clients in python"},{"tags":["python","dictionary","contour","gaussian-process"],"owner":{"account_id":27767156,"reputation":1,"user_id":21198270,"user_type":"registered","profile_image":"https://www.gravatar.com/avatar/6510cfab5b89c289fcd4aecff9b43d19?s=256&d=identicon&r=PG&f=y&so-version=2","display_name":"Amelia","link":"https://stackoverflow.com/users/21198270/amelia"},"is_answered":false,"view_count":45,"answer_count":0,"score":0,"last_activity_date":1677430685,"creation_date":1677430685,"question_id":75573586,"content_license":"CC BY-SA 4.0","link":"https://stackoverflow.com/questions/75573586/rainfall-contour-map-in-python-using-gaussian-process","title":"Rainfall contour map in Python using Gaussian Process"},{"tags":["java","reactive-programming"],"owner":{"account_id":16731772,"reputation":1572,"user_id":12093975,"user_type":"registered","profile_image":"https://www.gravatar.com/avatar/642f88ba5698f301f23e69a563c65bc6?s=256&d=identicon&r=PG&f=y&so-version=2","display_name":"skyho","link":"https://stackoverflow.com/users/12093975/skyho"},"is_answered":false,"view_count":54,"answer_count":0,"score":0,"last_activity_date":1677430665,"creation_date":1677430665,"question_id":75573584,"content_license":"CC BY-SA 4.0","link":"https://stackoverflow.com/questions/75573584/how-to-detect-objects-in-publisher-flux-that-have-a-field-with-duplicate-values","title":"How to detect objects in Publisher Flux that have a field with duplicate values"},{"tags":["if-statement","reset","euler-angles"],"owner":{"account_id":27789620,"reputation":7,"user_id":21216314,"user_type":"registered","profile_image":"https://graph.facebook.com/10221626523686423/picture?type=large","display_name":"Paul ","link":"https://stackoverflow.com/users/21216314/paul"},"is_answered":false,"view_count":26,"answer_count":1,"score":0,"last_activity_date":1677498007,"creation_date":1677430664,"question_id":75573583,"content_license":"CC BY-SA 4.0","link":"https://stackoverflow.com/questions/75573583/eulerangles-and-if-statements","title":"eulerAngles and If statements"},{"tags":["entity-framework-core","adventureworks"],"owner":{"account_id":27714017,"reputation":1,"user_id":21156119,"user_type":"registered","profile_image":"https://www.gravatar.com/avatar/7c7d57a0f845d7ff58b5391c47c6e64e?s=256&d=identicon&r=PG","display_name":"Paul Kersey","link":"https://stackoverflow.com/users/21156119/paul-kersey"},"is_answered":false,"view_count":126,"answer_count":1,"score":0,"last_activity_date":1677615379,"creation_date":1677430626,"last_edit_date":1677489324,"question_id":75573579,"content_license":"CC BY-SA 4.0","link":"https://stackoverflow.com/questions/75573579/controller-base-crud-method-examples-in-minimal-net-7-0-web-api","title":"Controller Base CRUD method examples in minimal .net 7.0 web api"},{"tags":["c#","asp.net-core","azure-active-directory","azure-application-insights","azure-application-insights-profiler"],"owner":{"account_id":1103043,"reputation":503,"user_id":1095005,"user_type":"registered","accept_rate":44,"profile_image":"https://www.gravatar.com/avatar/dbb961cda3ddcd3428313370da92dfcd?s=256&d=identicon&r=PG","display_name":"SuryaKavitha","link":"https://stackoverflow.com/users/1095005/suryakavitha"},"is_answered":true,"view_count":1208,"accepted_answer_id":75577048,"answer_count":1,"score":0,"last_activity_date":1677476488,"creation_date":1677430618,"last_edit_date":1677431290,"question_id":75573578,"content_license":"CC BY-SA 4.0","link":"https://stackoverflow.com/questions/75573578/retrieve-logs-from-application-insights-using-c-net-core-function","title":"Retrieve logs from Application Insights Using C# .NET Core function"},{"tags":["c#","rest","openid-connect",".net-7.0"],"owner":{"account_id":27884239,"reputation":13,"user_id":21292061,"user_type":"registered","profile_image":"https://i.stack.imgur.com/dqnxm.jpg?s=256&g=1","display_name":"leland knight","link":"https://stackoverflow.com/users/21292061/leland-knight"},"is_answered":true,"view_count":393,"accepted_answer_id":75578091,"answer_count":1,"score":1,"last_activity_date":1677633990,"creation_date":1677430610,"last_edit_date":1677633990,"question_id":75573577,"content_license":"CC BY-SA 4.0","link":"https://stackoverflow.com/questions/75573577/when-configuring-jwtbearer-or-openidconnect-bearer-error-invalid-token-c-n","title":"When configuring JwtBearer or OpenIDConnect, Bearer error=&quot;invalid_token&quot;, c# .net 7"},{"tags":["javascript","sqlite","express"],"owner":{"account_id":25003935,"reputation":3,"user_id":18864087,"user_type":"registered","profile_image":"https://www.gravatar.com/avatar/0084ef5d65cfdebaae64baac291f2def?s=256&d=identicon&r=PG","display_name":"jayqui-grisli","link":"https://stackoverflow.com/users/18864087/jayqui-grisli"},"is_answered":false,"view_count":109,"closed_date":1677512329,"answer_count":1,"score":0,"last_activity_date":1677536547,"creation_date":1677430520,"last_edit_date":1677513168,"question_id":75573565,"link":"https://stackoverflow.com/questions/75573565/waiting-for-js-callbacks-to-return-main-thread","closed_reason":"Duplicate","title":"waiting for JS callbacks to return main thread"},{"tags":["asp.net-core","westwind-globalization"],"owner":{"account_id":27616313,"reputation":27,"user_id":21078296,"user_type":"registered","profile_image":"https://lh3.googleusercontent.com/a/AEdFTp6Fu2MIaqwlvZCxJ88z1stq6U85bkyjQ1oq9tgQxw=k-s256","display_name":"Kudiyarasu M","link":"https://stackoverflow.com/users/21078296/kudiyarasu-m"},"is_answered":false,"view_count":17,"answer_count":0,"score":0,"last_activity_date":1677430458,"creation_date":1677430458,"question_id":75573558,"content_license":"CC BY-SA 4.0","link":"https://stackoverflow.com/questions/75573558/get-value-from-java-script-to-viewdata-in-layout","title":"Get Value from java script to viewData in layout"},{"tags":["java","spring","spring-boot","rest","get"],"owner":{"account_id":444292,"reputation":1,"user_id":836018,"user_type":"registered","accept_rate":57,"profile_image":"https://i.stack.imgur.com/JwOcN.png?s=256&g=1","display_name":"Jack","link":"https://stackoverflow.com/users/836018/jack"},"is_answered":true,"view_count":1133,"accepted_answer_id":75575004,"answer_count":3,"score":1,"last_activity_date":1677445470,"creation_date":1677430421,"question_id":75573553,"content_license":"CC BY-SA 4.0","link":"https://stackoverflow.com/questions/75573553/passing-pageable-parameter-with-get-method-in-spring-boot-controller","title":"Passing Pageable parameter with GET method in Spring Boot Controller"},{"tags":["python","fastapi"],"owner":{"account_id":27766223,"reputation":21,"user_id":21197521,"user_type":"registered","profile_image":"https://www.gravatar.com/avatar/c5aebbb1a59bfa5a3e3b14a6fe3ec852?s=256&d=identicon&r=PG","display_name":"mml","link":"https://stackoverflow.com/users/21197521/mml"},"is_answered":true,"view_count":747,"accepted_answer_id":75579289,"answer_count":1,"score":-1,"last_activity_date":1677493734,"creation_date":1677430394,"question_id":75573551,"content_license":"CC BY-SA 4.0","link":"https://stackoverflow.com/questions/75573551/how-to-install-fastapi-on-an-offline-computer","title":"How to install fastapi on an offline computer"},{"tags":["python","windows","macos"],"owner":{"account_id":27883812,"reputation":3,"user_id":21291721,"user_type":"registered","profile_image":"https://www.gravatar.com/avatar/484b66e908578b367ef337abdd59eab5?s=256&d=identicon&r=PG&f=y&so-version=2","display_name":"Justin Fairbanks","link":"https://stackoverflow.com/users/21291721/justin-fairbanks"},"is_answered":false,"view_count":33,"answer_count":0,"score":0,"last_activity_date":1677431017,"creation_date":1677430358,"question_id":75573547,"content_license":"CC BY-SA 4.0","link":"https://stackoverflow.com/questions/75573547/cross-platform-time-calculation","title":"Cross platform time calculation"},{"tags":["python-3.x","subprocess","djvu"],"owner":{"account_id":12070222,"reputation":41,"user_id":8825848,"user_type":"registered","profile_image":"https://i.stack.imgur.com/kM7Zr.jpg?s=256&g=1","display_name":"John Honai","link":"https://stackoverflow.com/users/8825848/john-honai"},"is_answered":false,"view_count":47,"answer_count":0,"score":0,"last_activity_date":1677430345,"creation_date":1677430345,"question_id":75573545,"content_license":"CC BY-SA 4.0","link":"https://stackoverflow.com/questions/75573545/djvu-file-parsing-xml-to-djvuxmlparser-results-in-subprocess-calledprocesserror","title":"DJVU file: Parsing XML to djvuxmlparser results in subprocess.CalledProcessError"},{"tags":["javascript","clipboard"],"owner":{"account_id":27812834,"reputation":15,"user_id":21234891,"user_type":"registered","profile_image":"https://lh3.googleusercontent.com/a/AEdFTp6WE8KffUUJRsqge9jzGF3ctwl18WCBbrnEomNu=k-s256","display_name":"kyle walker","link":"https://stackoverflow.com/users/21234891/kyle-walker"},"is_answered":false,"view_count":41,"answer_count":0,"score":0,"last_activity_date":1677430367,"creation_date":1677430328,"last_edit_date":1677430367,"question_id":75573543,"content_license":"CC BY-SA 4.0","link":"https://stackoverflow.com/questions/75573543/same-javascript-function-doesnt-work-in-other-project","title":"Same Javascript function doesn&#39;t work in other project"},{"tags":["python-3.x","django-views"],"owner":{"account_id":27884229,"reputation":1,"user_id":21292054,"user_type":"registered","profile_image":"https://lh3.googleusercontent.com/a/AGNmyxYrbmWlB9aPnC21G1jm_6GXkQ-TiJQTILFeyJI5Xg=k-s256","display_name":"Kirill Bogatyuk","link":"https://stackoverflow.com/users/21292054/kirill-bogatyuk"},"is_answered":false,"view_count":12,"answer_count":0,"score":0,"last_activity_date":1677430313,"creation_date":1677430313,"question_id":75573542,"content_license":"CC BY-SA 4.0","link":"https://stackoverflow.com/questions/75573542/why-doesnt-this-merhod-works-its-written-samly-as-in-book-but-it-works-with","title":"Why doesn&#39;t this merhod works (it&#39;s written samly as in book) but it works with full directory? (It is writen with django)"},{"tags":["set","combinatorics","partition"],"owner":{"account_id":17183580,"reputation":13,"user_id":21292111,"user_type":"registered","profile_image":"https://www.gravatar.com/avatar/02474fe087c35a0b9f80774624da33c7?s=256&d=identicon&r=PG&f=y&so-version=2","display_name":"Kinkin","link":"https://stackoverflow.com/users/21292111/kinkin"},"is_answered":true,"view_count":65,"accepted_answer_id":75576129,"answer_count":1,"score":1,"last_activity_date":1677518597,"creation_date":1677430296,"question_id":75573540,"content_license":"CC BY-SA 4.0","link":"https://stackoverflow.com/questions/75573540/generating-noncrossing-partitions-in-python","title":"Generating noncrossing partitions in python"},{"tags":["reactjs","mongodb","api","react-hooks"],"owner":{"account_id":27882793,"reputation":11,"user_id":21290905,"user_type":"registered","profile_image":"https://www.gravatar.com/avatar/0a8b76601d899dedaf1ae9c9da714392?s=256&d=identicon&r=PG","display_name":"Trytobegood","link":"https://stackoverflow.com/users/21290905/trytobegood"},"is_answered":false,"view_count":35,"answer_count":1,"score":0,"last_activity_date":1677432023,"creation_date":1677430257,"last_edit_date":1677430778,"question_id":75573539,"content_license":"CC BY-SA 4.0","link":"https://stackoverflow.com/questions/75573539/i-have-to-refresh-the-page-to-see-the-change-in-reactjs","title":"I have to refresh the page to see the change in REACTJS"},{"tags":["c++","macos","usersession","launch-daemon"],"owner":{"account_id":449124,"reputation":21396,"user_id":843732,"user_type":"registered","accept_rate":57,"profile_image":"https://www.gravatar.com/avatar/8e7b3eb1f6bb311c47610a9d230485f0?s=256&d=identicon&r=PG","display_name":"c00000fd","link":"https://stackoverflow.com/users/843732/c00000fd"},"is_answered":true,"view_count":159,"accepted_answer_id":76797155,"answer_count":1,"score":0,"last_activity_date":1690709418,"creation_date":1677430256,"question_id":75573538,"content_license":"CC BY-SA 4.0","link":"https://stackoverflow.com/questions/75573538/how-to-enumerate-all-logged-in-user-sessions-from-a-launch-daemon-on-macos","title":"How to enumerate all logged in user sessions from a launch daemon on macOS?"},{"tags":["java","maven","apache-tika"],"owner":{"account_id":11655491,"reputation":361,"user_id":8543252,"user_type":"registered","accept_rate":100,"profile_image":"https://www.gravatar.com/avatar/baefd3219f13cd3f492ee3fa7c354f92?s=256&d=identicon&r=PG&f=y&so-version=2","display_name":"IDK","link":"https://stackoverflow.com/users/8543252/idk"},"is_answered":true,"view_count":453,"accepted_answer_id":75575137,"answer_count":1,"score":1,"last_activity_date":1678975463,"creation_date":1677430256,"last_edit_date":1677448307,"question_id":75573537,"content_license":"CC BY-SA 4.0","link":"https://stackoverflow.com/questions/75573537/tika-parsetostring-returns-empty-string","title":"tika.parseToString returns empty string"},{"tags":["php","symfony","error-handling"],"owner":{"account_id":13751710,"reputation":31,"user_id":9923618,"user_type":"registered","profile_image":"https://lh4.googleusercontent.com/-X_u0DaqYWFo/AAAAAAAAAAI/AAAAAAAAAAA/AB6qoq2tp-RNpvoF5tdDIVhC6ZVM0337mg/mo/photo.jpg?sz=256","display_name":"Nicolas Potier","link":"https://stackoverflow.com/users/9923618/nicolas-potier"},"is_answered":false,"view_count":215,"answer_count":2,"score":0,"last_activity_date":1678392881,"creation_date":1677430248,"question_id":75573535,"content_license":"CC BY-SA 4.0","link":"https://stackoverflow.com/questions/75573535/overriding-symfony-error-page-in-dev-mode","title":"Overriding Symfony Error page in dev mode"},{"tags":["html","css","animation","scroll","behavior"],"owner":{"account_id":24392728,"reputation":41,"user_id":18322476,"user_type":"registered","profile_image":"https://www.gravatar.com/avatar/b5325bfe3de29daf4b0c27d7b802e810?s=256&d=identicon&r=PG","display_name":"so_hell","link":"https://stackoverflow.com/users/18322476/so-hell"},"is_answered":false,"view_count":21,"answer_count":1,"score":-2,"last_activity_date":1677431980,"creation_date":1677430242,"question_id":75573534,"content_license":"CC BY-SA 4.0","link":"https://stackoverflow.com/questions/75573534/specific-scrolling-behaviour-of-a-div","title":"Specific Scrolling behaviour of a div"},{"tags":["r"],"owner":{"account_id":20675649,"reputation":37,"user_id":15180330,"user_type":"registered","profile_image":"https://www.gravatar.com/avatar/5af4dd245bf84978e872672af410ba7d?s=256&d=identicon&r=PG&f=y&so-version=2","display_name":"Annah.Grace","link":"https://stackoverflow.com/users/15180330/annah-grace"},"is_answered":true,"view_count":50,"accepted_answer_id":75573618,"answer_count":2,"score":0,"last_activity_date":1677431950,"creation_date":1677430242,"question_id":75573533,"content_license":"CC BY-SA 4.0","link":"https://stackoverflow.com/questions/75573533/creating-a-function-to-apply-to-every-row-of-several-different-dfs-in-r","title":"Creating a function to apply to every row of several different DFs in r"},{"tags":["python","telegram","python-telegram-bot","custom-keyboard"],"owner":{"account_id":15221912,"reputation":1,"user_id":10983570,"user_type":"registered","profile_image":"https://www.gravatar.com/avatar/0b8390ca62a44a90e9ba186a9555661e?s=256&d=identicon&r=PG&f=y&so-version=2","display_name":"jraub","link":"https://stackoverflow.com/users/10983570/jraub"},"is_answered":true,"view_count":886,"answer_count":1,"score":0,"last_activity_date":1677525045,"creation_date":1677430227,"last_edit_date":1677430301,"question_id":75573532,"content_license":"CC BY-SA 4.0","link":"https://stackoverflow.com/questions/75573532/python-telegram-bot-how-to-force-standard-keyboard-after-using-reply-markup","title":"Python Telegram Bot - how to force &quot;standard&quot; keyboard after using reply_markup=ReplyKeyboardMarkup()"},{"tags":["godot","terrain"],"owner":{"account_id":17696659,"reputation":59,"user_id":12847253,"user_type":"registered","profile_image":"https://www.gravatar.com/avatar/fc4410e7f804a69e729c69fe1760b7dc?s=256&d=identicon&r=PG&f=y&so-version=2","display_name":"fangb0n3","link":"https://stackoverflow.com/users/12847253/fangb0n3"},"is_answered":false,"view_count":111,"answer_count":0,"score":0,"last_activity_date":1677430219,"creation_date":1677430219,"question_id":75573531,"content_license":"CC BY-SA 4.0","link":"https://stackoverflow.com/questions/75573531/godot-heightmap-terrain-zylann-color-painting-is-burning-the-colors-onto-t","title":"Godot Heightmap Terrain ( Zylann ) Color Painting is &quot;burning&quot; the colors onto the terrain"},{"tags":["pine-script","pine-script-v5"],"owner":{"account_id":16267739,"reputation":1,"user_id":21283959,"user_type":"registered","profile_image":"https://www.gravatar.com/avatar/ec0187ebf843f5adfa081d8fc0930780?s=256&d=identicon&r=PG","display_name":"anonymouss","link":"https://stackoverflow.com/users/21283959/anonymouss"},"is_answered":false,"view_count":80,"answer_count":0,"score":0,"last_activity_date":1677430224,"creation_date":1677430188,"last_edit_date":1677430224,"question_id":75573526,"content_license":"CC BY-SA 4.0","link":"https://stackoverflow.com/questions/75573526/creating-dynamic-pivot-for-the-next-day-using-pinescript","title":"creating dynamic pivot for the next day using pinescript"},{"tags":["charts"],"owner":{"account_id":556979,"reputation":2223,"user_id":919264,"user_type":"registered","accept_rate":62,"profile_image":"https://www.gravatar.com/avatar/904e3f5b74c1bbe9abaeba243b73ad0a?s=256&d=identicon&r=PG","display_name":"Florent Georges","link":"https://stackoverflow.com/users/919264/florent-georges"},"is_answered":false,"view_count":58,"answer_count":0,"score":0,"last_activity_date":1699113960,"creation_date":1677430183,"question_id":75573524,"content_license":"CC BY-SA 4.0","link":"https://stackoverflow.com/questions/75573524/several-values-for-floating-bar-chartjs","title":"Several values for floating bar ChartJS"},{"tags":["tensorflow","keras","neural-network"],"owner":{"account_id":1361170,"reputation":41,"user_id":1298521,"user_type":"registered","profile_image":"https://www.gravatar.com/avatar/6d95cc3a5a669f4b9893610ed3bacabd?s=256&d=identicon&r=PG","display_name":"user1298521","link":"https://stackoverflow.com/users/1298521/user1298521"},"is_answered":false,"view_count":148,"answer_count":0,"score":0,"last_activity_date":1677430482,"creation_date":1677430181,"last_edit_date":1677430482,"question_id":75573523,"content_license":"CC BY-SA 4.0","link":"https://stackoverflow.com/questions/75573523/error-occurred-when-finalizing-generatordataset-iterator-in-the-middle-of-trai","title":"&quot;Error occurred when finalizing GeneratorDataset iterator&quot; in the middle of training"}],"has_more":true,"quota_max":300,"quota_remaining":244}