{"items":[{"tags":["mysql","laravel","digital-ocean","droplet"],"owner":{"account_id":17208048,"reputation":91,"user_id":12458159,"user_type":"registered","profile_image":"https://www.gravatar.com/avatar/130517879c22b489b24cfc276bf066af?s=256&d=identicon&r=PG&f=y&so-version=2","display_name":"Michel FW","link":"https://stackoverflow.com/users/12458159/michel-fw"},"is_answered":true,"view_count":127,"answer_count":1,"score":0,"last_activity_date":1684769222,"creation_date":1684749578,"last_edit_date":1684754164,"question_id":76305011,"content_license":"CC BY-SA 4.0","link":"https://stackoverflow.com/questions/76305011/sqlstatehy000-2002-php-network-getaddresses-getaddrinfo-failed-when-trying","title":"SQLSTATE[HY000] [2002] php_network_getaddresses: getaddrinfo failed when trying to connect to DigitalOcean Managed Database"},{"tags":["redcap"],"owner":{"account_id":28394605,"reputation":49,"user_id":21719849,"user_type":"registered","profile_image":"https://i.stack.imgur.com/jw44w.jpg?s=256&g=1","display_name":"Jorge A","link":"https://stackoverflow.com/users/21719849/jorge-a"},"is_answered":true,"view_count":419,"accepted_answer_id":76498932,"answer_count":1,"score":1,"last_activity_date":1699581917,"creation_date":1684749547,"last_edit_date":1685990418,"question_id":76305009,"content_license":"CC BY-SA 4.0","link":"https://stackoverflow.com/questions/76305009/how-can-i-join-multiple-variables-into-one-without-losing-information-in-redcap","title":"How can I join multiple variables into one, without losing information in REDCap?"},{"tags":["tensorflow","tf.data.dataset"],"owner":{"account_id":5710136,"reputation":1082,"user_id":4512432,"user_type":"registered","accept_rate":71,"profile_image":"https://www.gravatar.com/avatar/bbea968362330f2b7d044b10b85d452a?s=256&d=identicon&r=PG&f=y&so-version=2","display_name":"momo","link":"https://stackoverflow.com/users/4512432/momo"},"is_answered":true,"view_count":131,"accepted_answer_id":76307085,"answer_count":1,"score":0,"last_activity_date":1684764734,"creation_date":1684749529,"question_id":76305007,"content_license":"CC BY-SA 4.0","link":"https://stackoverflow.com/questions/76305007/how-to-slice-an-existing-tf-data-dataset-into-elements-of-a-new-dataset","title":"How to slice an existing tf.data dataset into elements of a new dataset"},{"tags":["mql4","indicator","mql5","metatrader5","meta-query"],"owner":{"account_id":28652816,"reputation":11,"user_id":21939466,"user_type":"registered","profile_image":"https://lh3.googleusercontent.com/a/AGNmyxbjqX0E9z-sxYXdg_V-m5BKhEaigzat6kGYaGHngQ=k-s256","display_name":"Hirwa L&#233;andre","link":"https://stackoverflow.com/users/21939466/hirwa-l%c3%a9andre"},"is_answered":false,"view_count":96,"answer_count":0,"score":1,"last_activity_date":1684759335,"creation_date":1684749512,"last_edit_date":1684759335,"question_id":76305003,"content_license":"CC BY-SA 4.0","link":"https://stackoverflow.com/questions/76305003/how-can-i-enhance-the-zigzag-indicator-in-metatrader-terminal-5-to-include-bars","title":"How can I enhance the ZigZag-Indicator in MetaTrader Terminal 5 to include bars and points for visualizing ranges?"},{"tags":["reactjs","mdbreact"],"owner":{"account_id":17347336,"reputation":2540,"user_id":12566640,"user_type":"registered","profile_image":"https://www.gravatar.com/avatar/4bddda89d44e3cc40912a4aabb1abb5a?s=256&d=identicon&r=PG&f=y&so-version=2","display_name":"r121","link":"https://stackoverflow.com/users/12566640/r121"},"is_answered":false,"view_count":206,"answer_count":0,"score":0,"last_activity_date":1684749511,"creation_date":1684749511,"question_id":76305002,"content_license":"CC BY-SA 4.0","link":"https://stackoverflow.com/questions/76305002/attempted-import-error-mdbcarouselinner-is-not-exported-from-mdb-react-ui-ki","title":"Attempted import error: &#39;MDBCarouselInner&#39; is not exported from &#39;mdb-react-ui-kit&#39;"},{"tags":["godot","gdscript"],"owner":{"account_id":28623229,"reputation":11,"user_id":21915812,"user_type":"registered","profile_image":"https://lh3.googleusercontent.com/a/AGNmyxYyu7qMUCILQrNmcMPeVrwQe1_gHIDof7WV45r3mg=k-s256","display_name":"FE TEC","link":"https://stackoverflow.com/users/21915812/fe-tec"},"is_answered":false,"view_count":58,"answer_count":1,"score":0,"last_activity_date":1684798732,"creation_date":1684749503,"question_id":76305001,"content_license":"CC BY-SA 4.0","link":"https://stackoverflow.com/questions/76305001/problem-in-my-code-send-player-when-it-is-enters-in-area2d-1-to-new-position-or","title":"problem in my code&gt; send player when it is enters in area2d 1 to new position or to another area"},{"tags":["google-chrome","reverse-engineering"],"owner":{"account_id":14769228,"reputation":933,"user_id":10666216,"user_type":"registered","profile_image":"https://www.gravatar.com/avatar/baaff74793a5b20fcee37414ef0c2748?s=256&d=identicon&r=PG&f=y&so-version=2","display_name":"Jan Berndt","link":"https://stackoverflow.com/users/10666216/jan-berndt"},"is_answered":false,"view_count":34,"answer_count":1,"score":0,"last_activity_date":1684763938,"creation_date":1684749485,"last_edit_date":1684749807,"question_id":76304999,"content_license":"CC BY-SA 4.0","link":"https://stackoverflow.com/questions/76304999/find-out-address-of-opened-popup-in-chrome","title":"Find out address of opened popup in Chrome"},{"tags":["python","sqlalchemy"],"owner":{"account_id":1126377,"reputation":1214,"user_id":1113579,"user_type":"registered","accept_rate":33,"profile_image":"https://www.gravatar.com/avatar/5d76b5cabc0cda4b8faeaa66f6936025?s=256&d=identicon&r=PG","display_name":"AllSolutions","link":"https://stackoverflow.com/users/1113579/allsolutions"},"is_answered":true,"view_count":58,"answer_count":1,"score":0,"last_activity_date":1685221981,"creation_date":1684749452,"last_edit_date":1685219182,"question_id":76304997,"content_license":"CC BY-SA 4.0","link":"https://stackoverflow.com/questions/76304997/build-a-dictionary-from-an-objects-explicitly-declared-fields","title":"Build a dictionary from an object&#39;s explicitly declared fields"},{"tags":["r"],"owner":{"account_id":27752471,"reputation":17,"user_id":21186653,"user_type":"registered","profile_image":"https://www.gravatar.com/avatar/279b5445fcb052c919bb520719dec97f?s=256&d=identicon&r=PG","display_name":"ElR","link":"https://stackoverflow.com/users/21186653/elr"},"is_answered":false,"view_count":20,"answer_count":0,"score":0,"last_activity_date":1684749477,"creation_date":1684749442,"last_edit_date":1684749477,"question_id":76304993,"content_license":"CC BY-SA 4.0","link":"https://stackoverflow.com/questions/76304993/how-to-obtain-the-exact-value-of-small-pvalue-by-using-summary-factorlist-functi","title":"How to obtain the exact value of small Pvalue by using summary_factorlist function in R"},{"tags":["r","checkbox","shiny"],"owner":{"account_id":15126948,"reputation":1323,"user_id":10915988,"user_type":"registered","profile_image":"https://www.gravatar.com/avatar/2833809a805bca6d320ffbeafdc9cc8d?s=256&d=identicon&r=PG&f=y&so-version=2","display_name":"TobKel","link":"https://stackoverflow.com/users/10915988/tobkel"},"is_answered":true,"view_count":66,"answer_count":1,"score":0,"last_activity_date":1684751384,"creation_date":1684749426,"question_id":76304991,"content_license":"CC BY-SA 4.0","link":"https://stackoverflow.com/questions/76304991/r-shiny-checkboxinput-automatically-selected-based-on-ondition","title":"R Shiny checkboxInput automatically selected based on ondition"},{"tags":["r","shiny","shinydashboard","seurat"],"owner":{"account_id":19178410,"reputation":856,"user_id":14010653,"user_type":"registered","profile_image":"https://lh6.googleusercontent.com/-vqbVJdnSQT0/AAAAAAAAAAI/AAAAAAAAAAA/AMZuucnAtPe9nMxZ0tNMV5bPoyS8xqfDGg/photo.jpg?sz=256","display_name":"PesKchan","link":"https://stackoverflow.com/users/14010653/peskchan"},"is_answered":false,"view_count":18,"answer_count":0,"score":0,"last_activity_date":1684749413,"creation_date":1684749413,"question_id":76304990,"content_license":"CC BY-SA 4.0","link":"https://stackoverflow.com/questions/76304990/fetchdata-function-include-in-shiny-app-to-extract-and-export-clusters","title":"fetchdata function include in shiny app to extract and export clusters"},{"tags":["c","bison"],"owner":{"account_id":28653168,"reputation":15,"user_id":21939747,"user_type":"registered","profile_image":"https://www.gravatar.com/avatar/d94d175de9920877fc0bd7f1e5359193?s=256&d=identicon&r=PG&f=y&so-version=2","display_name":"Four dimension","link":"https://stackoverflow.com/users/21939747/four-dimension"},"is_answered":true,"view_count":40,"accepted_answer_id":76305786,"answer_count":1,"score":1,"last_activity_date":1684760502,"creation_date":1684749413,"last_edit_date":1684749676,"question_id":76304989,"content_license":"CC BY-SA 4.0","link":"https://stackoverflow.com/questions/76304989/i-want-to-implement-multiple-analysis-statements-in-bison-but-each-time-it-will","title":"I want to implement multiple analysis statements in bison, but each time it will succeed only when it is executed for the first time"},{"tags":["python","matplotlib"],"owner":{"account_id":4762649,"reputation":751,"user_id":3849662,"user_type":"registered","accept_rate":79,"profile_image":"https://www.gravatar.com/avatar/8a8fe2cb6435c538d45bb1cfb266b0d1?s=256&d=identicon&r=PG&f=y&so-version=2","display_name":"Joe Smart","link":"https://stackoverflow.com/users/3849662/joe-smart"},"is_answered":true,"view_count":31,"accepted_answer_id":76305253,"answer_count":1,"score":1,"last_activity_date":1684753814,"creation_date":1684749406,"question_id":76304987,"content_license":"CC BY-SA 4.0","link":"https://stackoverflow.com/questions/76304987/stacked-bar-charts-with-differing-x-axes","title":"Stacked bar charts with differing x axes"},{"tags":["python","user-interface","tkinter","label"],"owner":{"account_id":28653189,"reputation":11,"user_id":21939765,"user_type":"registered","profile_image":"https://www.gravatar.com/avatar/f697378b8e2eb50d8e2cedac926b5a1c?s=256&d=identicon&r=PG&f=y&so-version=2","display_name":"JTpy","link":"https://stackoverflow.com/users/21939765/jtpy"},"is_answered":true,"view_count":104,"answer_count":1,"score":1,"last_activity_date":1685355546,"creation_date":1684749400,"last_edit_date":1685355546,"question_id":76304985,"content_license":"CC BY-SA 4.0","link":"https://stackoverflow.com/questions/76304985/tkinter-label-is-missing-python-not-working-correctly","title":"Tkinter Label is missing - Python not working correctly?"},{"tags":["drupal","content-management-system","drupal-8","drupal-modules"],"owner":{"account_id":28239395,"reputation":134,"user_id":21587394,"user_type":"registered","profile_image":"https://www.gravatar.com/avatar/7cb26bb4a0a3cda62f3a4e08ad9c2851?s=256&d=identicon&r=PG&f=y&so-version=2","display_name":"Surya kiran","link":"https://stackoverflow.com/users/21587394/surya-kiran"},"is_answered":true,"view_count":44,"answer_count":1,"score":0,"last_activity_date":1684839547,"creation_date":1684749384,"question_id":76304983,"content_license":"CC BY-SA 4.0","link":"https://stackoverflow.com/questions/76304983/in-drupal-10-can-i-use-devel-generate-module-for-ecommerce-site","title":"In drupal 10, Can i use devel generate module for ecommerce site?"},{"tags":["apache-spark","pyspark","apache-kafka","spark-structured-streaming"],"owner":{"account_id":10432483,"reputation":2671,"user_id":7691891,"user_type":"registered","profile_image":"https://i.stack.imgur.com/2fSJi.jpg?s=256&g=1","display_name":"Smaillns","link":"https://stackoverflow.com/users/7691891/smaillns"},"is_answered":false,"view_count":41,"answer_count":1,"score":0,"last_activity_date":1684765329,"creation_date":1684749366,"last_edit_date":1684762521,"question_id":76304980,"content_license":"CC BY-SA 4.0","link":"https://stackoverflow.com/questions/76304980/streaming-null-fields-into-kafka-using-pyspark","title":"Streaming null fields into kafka using Pyspark"},{"tags":["java","docker","maven","circleci","docker-build"],"owner":{"account_id":246941,"reputation":1582,"user_id":521347,"user_type":"registered","accept_rate":60,"profile_image":"https://www.gravatar.com/avatar/e25f20cac27e4f5ddc38e86081f8524d?s=256&d=identicon&r=PG","display_name":"Sumit Desai","link":"https://stackoverflow.com/users/521347/sumit-desai"},"is_answered":true,"view_count":609,"accepted_answer_id":76305318,"answer_count":1,"score":0,"last_activity_date":1684751834,"creation_date":1684749297,"question_id":76304976,"content_license":"CC BY-SA 4.0","link":"https://stackoverflow.com/questions/76304976/error-while-copying-maven-generated-jar-file-in-docker-file-build-stage","title":"Error while copying maven generated jar file in Docker file build stage"},{"tags":["julia","makie.jl"],"owner":{"account_id":4413827,"reputation":2595,"user_id":3595992,"user_type":"registered","accept_rate":90,"profile_image":"https://www.gravatar.com/avatar/31e3046b3653deb630d10f74c1567a76?s=256&d=identicon&r=PG&f=y&so-version=2","display_name":"JeanJouX","link":"https://stackoverflow.com/users/3595992/jeanjoux"},"is_answered":true,"view_count":123,"accepted_answer_id":76306413,"answer_count":1,"score":0,"last_activity_date":1684760480,"creation_date":1684749254,"question_id":76304971,"content_license":"CC BY-SA 4.0","link":"https://stackoverflow.com/questions/76304971/cannot-convert-an-object-of-type-int64-to-an-object-of-type-symbol-with-cairom","title":"Cannot `convert` an object of type Int64 to an object of type Symbol with CairoMakie and Julia"},{"tags":["powershell","powershell-4.0","powershell-remoting"],"owner":{"account_id":19266554,"reputation":1,"user_id":14081376,"user_type":"registered","profile_image":"https://lh3.googleusercontent.com/a-/AOh14Gi-DR9xtmwnrytZtivdrf11YWtcR2LYS-f9--NHsQ=k-s256","display_name":"cheppalli abhishek","link":"https://stackoverflow.com/users/14081376/cheppalli-abhishek"},"is_answered":false,"view_count":73,"answer_count":0,"score":0,"last_activity_date":1684749842,"creation_date":1684749250,"last_edit_date":1684749842,"question_id":76304969,"content_license":"CC BY-SA 4.0","link":"https://stackoverflow.com/questions/76304969/how-do-i-check-if-a-powershell-script-is-still-running-before-triggering-a-new-i","title":"How do I check if a Powershell script is still running before triggering a new instance?"},{"tags":["sql","google-bigquery","bigquery-udf"],"owner":{"account_id":28653171,"reputation":1,"user_id":21939749,"user_type":"registered","profile_image":"https://lh3.googleusercontent.com/a/AGNmyxbul4Z0FkpT7Xvw9IPDlDXGFZUBp4D_ws1pswVQqA=k-s256","display_name":"jlj1899","link":"https://stackoverflow.com/users/21939749/jlj1899"},"is_answered":false,"view_count":70,"answer_count":0,"score":0,"last_activity_date":1684749240,"creation_date":1684749240,"question_id":76304966,"content_license":"CC BY-SA 4.0","link":"https://stackoverflow.com/questions/76304966/cast-a-column-into-specific-datatype-based-on-string-value-in-another-column-big","title":"Cast a column into specific datatype based on string value in another column BigQuery"},{"tags":["powershell","system-administration"],"owner":{"account_id":28653157,"reputation":1,"user_id":21939739,"user_type":"registered","profile_image":"https://lh3.googleusercontent.com/a/AGNmyxY4EZu37iAL4jcLBeyt1VpFD757qCoJXZXBJL8b=k-s256","display_name":"A K","link":"https://stackoverflow.com/users/21939739/a-k"},"is_answered":false,"view_count":268,"answer_count":0,"score":0,"last_activity_date":1684749232,"creation_date":1684749232,"question_id":76304964,"content_license":"CC BY-SA 4.0","link":"https://stackoverflow.com/questions/76304964/list-of-all-installed-app-for-each-user-in-ad","title":"List of All Installed APP for each user in AD"},{"tags":["powershell"],"owner":{"account_id":28632998,"reputation":23,"user_id":21923627,"user_type":"registered","profile_image":"https://www.gravatar.com/avatar/0b706b773668313dfb3252f4f2d70c9d?s=256&d=identicon&r=PG&f=y&so-version=2","display_name":"Dark Night","link":"https://stackoverflow.com/users/21923627/dark-night"},"is_answered":false,"view_count":33,"answer_count":0,"score":1,"last_activity_date":1684749208,"creation_date":1684749208,"question_id":76304959,"content_license":"CC BY-SA 4.0","link":"https://stackoverflow.com/questions/76304959/the-script-keeps-adding-the-new-log-file-content-to-the-previous-log-file-how-t","title":"The Script Keeps adding the new log file content to the previous log file. How to stop it?"},{"tags":["html","css","flexbox"],"owner":{"account_id":28419471,"reputation":1,"user_id":21741797,"user_type":"registered","profile_image":"https://www.gravatar.com/avatar/2582d7c5ed4fcc4c17abb797ffe81617?s=256&d=identicon&r=PG&f=y&so-version=2","display_name":"thmAtei","link":"https://stackoverflow.com/users/21741797/thmatei"},"is_answered":false,"view_count":49,"answer_count":0,"score":0,"last_activity_date":1684880743,"creation_date":1684749181,"last_edit_date":1684880743,"question_id":76304957,"content_license":"CC BY-SA 4.0","link":"https://stackoverflow.com/questions/76304957/how-can-i-put-the-footer-under-the-main","title":"How can I put the footer under the main?"},{"tags":["amazon-web-services","amazon-s3","cloud","object-storage"],"owner":{"account_id":28653119,"reputation":1,"user_id":21939701,"user_type":"registered","profile_image":"https://lh3.googleusercontent.com/a/AGNmyxaV9-zfre0dGXq3zu3JGB1mfggOfqITA2JooCXl_g=k-s256","display_name":"Ray Li","link":"https://stackoverflow.com/users/21939701/ray-li"},"is_answered":false,"view_count":14,"answer_count":0,"score":0,"last_activity_date":1684757939,"creation_date":1684749162,"last_edit_date":1684757939,"question_id":76304956,"content_license":"CC BY-SA 4.0","link":"https://stackoverflow.com/questions/76304956/cloud-object-storage-account-add-another-clouds-bucket","title":"Cloud Object Storage Account add Another Cloud&#39;s Bucket"},{"tags":["c","sockets","sctp"],"owner":{"account_id":28494122,"reputation":1,"user_id":21806321,"user_type":"registered","profile_image":"https://lh3.googleusercontent.com/a/AGNmyxaLPfrFMZVE8yLdn3FaMxaNT-3CjnqFNaxzZPJf=k-s256","display_name":"myquest9 sh","link":"https://stackoverflow.com/users/21806321/myquest9-sh"},"is_answered":false,"view_count":102,"answer_count":0,"score":0,"last_activity_date":1684750445,"creation_date":1684749150,"last_edit_date":1684750445,"question_id":76304955,"content_license":"CC BY-SA 4.0","link":"https://stackoverflow.com/questions/76304955/connecting-same-sctp-server-port-with-two-different-sctp-client-ports","title":"connecting same sctp server port with two different sctp client ports"},{"tags":["next.js"],"owner":{"account_id":25855760,"reputation":11,"user_id":19589044,"user_type":"registered","profile_image":"https://lh3.googleusercontent.com/a-/AFdZucpGfutzYQJxh2XBzq5VYAfanigrfRG5tQ9ncLJLIw=k-s256","display_name":"Παναγιώτης Αγαπίου","link":"https://stackoverflow.com/users/19589044/%ce%a0%ce%b1%ce%bd%ce%b1%ce%b3%ce%b9%cf%8e%cf%84%ce%b7%cf%82-%ce%91%ce%b3%ce%b1%cf%80%ce%af%ce%bf%cf%85"},"is_answered":true,"view_count":495,"answer_count":1,"score":1,"last_activity_date":1684750409,"creation_date":1684749123,"last_edit_date":1684749257,"question_id":76304953,"content_license":"CC BY-SA 4.0","link":"https://stackoverflow.com/questions/76304953/how-to-perform-on-demand-mass-cache-invalidation-in-next-js-application","title":"How to perform on-demand mass cache invalidation in Next.js application?"},{"tags":["db2"],"owner":{"account_id":3937353,"reputation":347,"user_id":3253280,"user_type":"registered","profile_image":"https://www.gravatar.com/avatar/89388a49f9aa0fe93787cf2c3adc96ba?s=256&d=identicon&r=PG&f=y&so-version=2","display_name":"Amit","link":"https://stackoverflow.com/users/3253280/amit"},"is_answered":false,"view_count":27,"answer_count":0,"score":0,"last_activity_date":1684946287,"creation_date":1684749113,"last_edit_date":1684946287,"question_id":76304951,"content_license":"CC BY-SA 4.0","link":"https://stackoverflow.com/questions/76304951/db2-ef-core-7-generates-insert-query-that-restricts-parameters-to-a-certain-numb","title":"DB2 EF core 7 generates insert query that restricts parameters to a certain number"},{"tags":["python","pandas"],"owner":{"account_id":26370060,"reputation":21,"user_id":20024895,"user_type":"registered","profile_image":"https://lh3.googleusercontent.com/a/ALm5wu13bEHZ3yCNoZsvWgaZtMfuLNfmJZZpRczsKzjf=k-s256","display_name":"sazaki","link":"https://stackoverflow.com/users/20024895/sazaki"},"is_answered":true,"view_count":50,"accepted_answer_id":76307948,"answer_count":1,"score":0,"last_activity_date":1684779656,"creation_date":1684749082,"last_edit_date":1684754442,"question_id":76304949,"content_license":"CC BY-SA 4.0","link":"https://stackoverflow.com/questions/76304949/sum-of-certain-columns-is-wrong-after-using-pd-wide-to-long","title":"Sum of certain columns is wrong after using pd.wide_to_long?"},{"tags":["javascript","html","intersection-observer"],"owner":{"account_id":397180,"reputation":2110,"user_id":761164,"user_type":"registered","accept_rate":69,"profile_image":"https://www.gravatar.com/avatar/c6bce88769f4f6cdf59c2c8e060b7a89?s=256&d=identicon&r=PG","display_name":"pindol","link":"https://stackoverflow.com/users/761164/pindol"},"is_answered":false,"view_count":355,"answer_count":1,"score":0,"last_activity_date":1684839622,"creation_date":1684749075,"question_id":76304948,"content_license":"CC BY-SA 4.0","link":"https://stackoverflow.com/questions/76304948/using-intersectionobserver-to-detect-element-with-100vh-is-fully-visible","title":"Using IntersectionObserver to detect element with 100vh is fully visible"},{"tags":["javascript","node.js","angular","cordova","environment-variables"],"owner":{"account_id":28653069,"reputation":1,"user_id":21939664,"user_type":"registered","profile_image":"https://lh3.googleusercontent.com/a/AGNmyxaeOUSR8CpT_cPZtrtpANhUXfThw36ob6P57rTM=k-s256","display_name":"Francisco Martinez","link":"https://stackoverflow.com/users/21939664/francisco-martinez"},"is_answered":false,"view_count":87,"answer_count":0,"score":0,"last_activity_date":1684749459,"creation_date":1684749061,"last_edit_date":1684749459,"question_id":76304945,"content_license":"CC BY-SA 4.0","link":"https://stackoverflow.com/questions/76304945/cordova-11-1-0-cant-access-cordova-hook-environment-variables-using-node-js","title":"Cordova 11.1.0 - Can&#39;t access Cordova hook environment variables using Node.js - returns undefined"}],"has_more":true,"quota_max":300,"quota_remaining":141}