{"items":[{"tags":["excel-formula","unicode"],"owner":{"account_id":366789,"reputation":377,"user_id":4261279,"user_type":"registered","profile_image":"https://lh4.googleusercontent.com/-qQbXWTYBJCk/AAAAAAAAAAI/AAAAAAAAAAA/AMZuuck8SE-a6OW1qHDlmL40_r4Sp695aQ/photo.jpg?sz=256","display_name":"Florin","link":"https://stackoverflow.com/users/4261279/florin"},"is_answered":true,"view_count":235,"accepted_answer_id":76775562,"answer_count":2,"score":1,"last_activity_date":1693219984,"creation_date":1682222393,"last_edit_date":1682451589,"question_id":76083063,"content_license":"CC BY-SA 4.0","link":"https://stackoverflow.com/questions/76083063/length-of-strings-with-unicode-in-excel","title":"Length of strings with Unicode in Excel"},{"tags":["xamarin.forms","xamarin.android"],"owner":{"account_id":8477762,"reputation":65,"user_id":6358428,"user_type":"registered","profile_image":"https://www.gravatar.com/avatar/f1bd67f6b3b30d683e4894ec7840c5c7?s=256&d=identicon&r=PG&f=y&so-version=2","display_name":"Y U","link":"https://stackoverflow.com/users/6358428/y-u"},"is_answered":false,"view_count":176,"answer_count":0,"score":0,"last_activity_date":1682223348,"creation_date":1682222354,"last_edit_date":1682223348,"question_id":76083061,"content_license":"CC BY-SA 4.0","link":"https://stackoverflow.com/questions/76083061/crossfirebasepushnotification-current-ontokenrefresh-not-always-firing-at-app-st","title":"CrossFirebasePushNotification.Current.OnTokenRefresh not always firing at app startup"},{"tags":["php","laravel-8"],"owner":{"account_id":28382742,"reputation":3,"user_id":21709798,"user_type":"registered","profile_image":"https://lh3.googleusercontent.com/a/AGNmyxbSJ1YPaPFulZgC9FXuhco3P_JTpWkNGoEG1k5NPA=k-s256","display_name":"Yeimer Rafael Montes Mendoza","link":"https://stackoverflow.com/users/21709798/yeimer-rafael-montes-mendoza"},"is_answered":true,"view_count":147,"accepted_answer_id":76083506,"answer_count":1,"score":-1,"last_activity_date":1682423898,"creation_date":1682222346,"last_edit_date":1682253264,"question_id":76083060,"content_license":"CC BY-SA 4.0","link":"https://stackoverflow.com/questions/76083060/how-can-i-make-a-connection-in-laravel-without-having-to-use-the-database-php-fi","title":"How can I make a connection in Laravel without having to use the database.php file?"},{"tags":["c#",".net-core","encryption","aes"],"owner":{"account_id":44441,"reputation":6901,"user_id":130479,"user_type":"registered","accept_rate":76,"profile_image":"https://www.gravatar.com/avatar/a77ef462627b7cca8f1b9f3225674b7e?s=256&d=identicon&r=PG","display_name":"joepour","link":"https://stackoverflow.com/users/130479/joepour"},"is_answered":true,"view_count":525,"accepted_answer_id":76083111,"answer_count":1,"score":0,"last_activity_date":1688079839,"creation_date":1682222274,"question_id":76083058,"content_license":"CC BY-SA 4.0","link":"https://stackoverflow.com/questions/76083058/url-safe-c-aes-encryption","title":"URL Safe C# AES Encryption"},{"tags":["reactjs","react-hooks","react-query"],"owner":{"account_id":11657558,"reputation":31,"user_id":9561200,"user_type":"registered","profile_image":"https://www.gravatar.com/avatar/4eefcfc00ef01aa73bfc64bd8249ff8c?s=256&d=identicon&r=PG&f=y&so-version=2","display_name":"Monmon","link":"https://stackoverflow.com/users/9561200/monmon"},"is_answered":false,"view_count":290,"answer_count":0,"score":1,"last_activity_date":1682223791,"creation_date":1682222264,"last_edit_date":1682223791,"question_id":76083057,"content_license":"CC BY-SA 4.0","link":"https://stackoverflow.com/questions/76083057/react-query-returning-undefined-inside-usememo-function","title":"React Query returning undefined inside useMemo function"},{"tags":["java","class","types","sensors","settext"],"owner":{"account_id":28384649,"reputation":1,"user_id":21711282,"user_type":"registered","profile_image":"https://lh3.googleusercontent.com/a/AGNmyxYsggWcPSNpR3efVvKFrLPsHyL-ry5Ap-jor2Xn=k-s256","display_name":"Ashutosh pandey","link":"https://stackoverflow.com/users/21711282/ashutosh-pandey"},"is_answered":false,"view_count":12,"closed_date":1682227781,"answer_count":0,"score":0,"last_activity_date":1682222092,"creation_date":1682222092,"question_id":76083052,"link":"https://stackoverflow.com/questions/76083052/error-non-static-method-getdefaultsensorint-cannot-be-referenced-from-a-stati","closed_reason":"Duplicate","title":"error: non-static method getDefaultSensor(int) cannot be referenced from a static context"},{"tags":["sql","mysql"],"owner":{"account_id":27231779,"reputation":21,"user_id":20759385,"user_type":"registered","profile_image":"https://www.gravatar.com/avatar/d9aa78991a0d94d7f9d737797912973c?s=256&d=identicon&r=PG","display_name":"reunion","link":"https://stackoverflow.com/users/20759385/reunion"},"is_answered":true,"view_count":53,"answer_count":2,"score":1,"last_activity_date":1682322115,"creation_date":1682221959,"last_edit_date":1682224021,"question_id":76083044,"content_license":"CC BY-SA 4.0","link":"https://stackoverflow.com/questions/76083044/comparing-casted-converted-str-to-date-values-in-case","title":"Comparing casted/converted/str_to_date values in CASE?"},{"tags":["java","email"],"owner":{"account_id":24983556,"reputation":11,"user_id":18845583,"user_type":"registered","profile_image":"https://lh3.googleusercontent.com/a-/AOh14Gi8M5sCw6ZKh6pmj_1Pq76Iym5K86u_NCMemhVQ=k-s256","display_name":"jiuli","link":"https://stackoverflow.com/users/18845583/jiuli"},"is_answered":false,"view_count":40,"answer_count":1,"score":1,"last_activity_date":1682244145,"creation_date":1682221948,"question_id":76083043,"content_license":"CC BY-SA 4.0","link":"https://stackoverflow.com/questions/76083043/about-java-mail-search","title":"about java mail search"},{"tags":["mysql","docker","circleci-2.0"],"owner":{"account_id":22816105,"reputation":39,"user_id":16966699,"user_type":"registered","profile_image":"https://www.gravatar.com/avatar/0d0f7360d38f70bb455e279b89986da2?s=256&d=identicon&r=PG","display_name":"oshigoto46","link":"https://stackoverflow.com/users/16966699/oshigoto46"},"is_answered":false,"view_count":32,"answer_count":0,"score":0,"last_activity_date":1682221898,"creation_date":1682221898,"question_id":76083042,"content_license":"CC BY-SA 4.0","link":"https://stackoverflow.com/questions/76083042/i-want-to-upload-mysql-log-onto-circleci-artifact-folder","title":"i want to upload mysql log onto circleci artifact folder"},{"tags":["reactjs","next.js"],"owner":{"account_id":27031672,"reputation":31,"user_id":20669042,"user_type":"registered","profile_image":"https://www.gravatar.com/avatar/f5cca94d5ba9c8bb2f46d8f7c6f3b57c?s=256&d=identicon&r=PG","display_name":"Surendra Singh Kamboj","link":"https://stackoverflow.com/users/20669042/surendra-singh-kamboj"},"is_answered":false,"view_count":70,"answer_count":1,"score":2,"last_activity_date":1682222159,"creation_date":1682221841,"question_id":76083040,"content_license":"CC BY-SA 4.0","link":"https://stackoverflow.com/questions/76083040/react-js-variables-not-rendering-in-css-with-tailwind-css","title":"React.js variables not rendering in css with tailwind css"},{"tags":["mysql","utf-8"],"owner":{"account_id":28356969,"reputation":1,"user_id":21711257,"user_type":"registered","profile_image":"https://graph.facebook.com/10160516298739605/picture?type=large","display_name":"Oscar Orellana Casas","link":"https://stackoverflow.com/users/21711257/oscar-orellana-casas"},"is_answered":false,"view_count":50,"answer_count":0,"score":0,"last_activity_date":1682264757,"creation_date":1682221783,"last_edit_date":1682264757,"question_id":76083038,"content_license":"CC BY-SA 4.0","link":"https://stackoverflow.com/questions/76083038/i-get-the-following-error-not-supported-between-instances-of-nonetype-and-in","title":"I get the following error: not supported between instances of &#39;NoneType&#39; and &#39;int&#39; in Mysql WorkBench with a simple script"},{"tags":["javascript","python","html","css"],"owner":{"account_id":28384652,"reputation":21,"user_id":21711285,"user_type":"registered","profile_image":"https://lh3.googleusercontent.com/a/AGNmyxaCsb4X1oG3PmYpy6W17aVscdWyk1nje1cfJuBzLQ=k-s256","display_name":"Roderio","link":"https://stackoverflow.com/users/21711285/roderio"},"is_answered":false,"view_count":54,"answer_count":0,"score":2,"last_activity_date":1682254458,"creation_date":1682221707,"question_id":76083036,"content_license":"CC BY-SA 4.0","link":"https://stackoverflow.com/questions/76083036/flask-app-bot-not-responding-after-sending-message","title":"Flask app: bot not responding after sending message"},{"tags":["android","android-studio","kotlin"],"owner":{"account_id":19165804,"reputation":476,"user_id":14000547,"user_type":"registered","profile_image":"https://i.stack.imgur.com/2Nbye.png?s=256&g=1","display_name":"Tanmay Agarwal","link":"https://stackoverflow.com/users/14000547/tanmay-agarwal"},"is_answered":false,"view_count":114,"answer_count":0,"score":0,"last_activity_date":1682223377,"creation_date":1682221559,"last_edit_date":1682223377,"question_id":76083033,"content_license":"CC BY-SA 4.0","link":"https://stackoverflow.com/questions/76083033/unable-to-build-or-run-simplex-chat-android-app-on-android-studio","title":"unable to build or run simplex chat android app on android studio"},{"tags":["mysql","alter-table","notnull"],"owner":{"account_id":17831360,"reputation":1,"user_id":21711251,"user_type":"registered","profile_image":"https://lh3.googleusercontent.com/a-/AAuE7mCCRaFKql6ptdDjZZI3BvGx7wImbdCvMsIMf6vC=k-s256","display_name":"alasdair hando","link":"https://stackoverflow.com/users/21711251/alasdair-hando"},"is_answered":true,"view_count":148,"closed_date":1682229648,"answer_count":1,"score":-2,"last_activity_date":1682224946,"creation_date":1682221519,"question_id":76083030,"link":"https://stackoverflow.com/questions/76083030/add-a-mandatory-column-of-dates-to-an-existing-table","closed_reason":"Duplicate","title":"Add a mandatory column of dates to an existing table"},{"tags":["c++","input","getline"],"owner":{"account_id":28384516,"reputation":21,"user_id":21711177,"user_type":"registered","profile_image":"https://www.gravatar.com/avatar/9e67ca1bc295936ab4c19c00ee7215f3?s=256&d=identicon&r=PG&f=y&so-version=2","display_name":"berke","link":"https://stackoverflow.com/users/21711177/berke"},"is_answered":false,"view_count":93,"answer_count":1,"score":2,"last_activity_date":1682228032,"creation_date":1682221500,"last_edit_date":1682221675,"question_id":76083029,"content_license":"CC BY-SA 4.0","link":"https://stackoverflow.com/questions/76083029/how-can-i-get-all-the-input-as-a-string-if-it-has-different-types-of-white-space","title":"how can i get all the input as a string if it has different types of white spaces characters?"},{"tags":["flutter","dart","animation","widget"],"owner":{"account_id":28384493,"reputation":3,"user_id":21711157,"user_type":"registered","profile_image":"https://lh3.googleusercontent.com/a/AGNmyxalUfa9Nalpt-feaN-EsZoSumRXGMPxuguomkN8LA=k-s256","display_name":"Priyanshu","link":"https://stackoverflow.com/users/21711157/priyanshu"},"is_answered":true,"view_count":150,"answer_count":1,"score":0,"last_activity_date":1682223041,"creation_date":1682221459,"last_edit_date":1682221577,"question_id":76083027,"content_license":"CC BY-SA 4.0","link":"https://stackoverflow.com/questions/76083027/listtile-ontap-animation","title":"ListTile onTap animation"},{"tags":["python","flask","jinja2"],"owner":{"account_id":19487341,"reputation":11,"user_id":14256388,"user_type":"registered","profile_image":"https://i.stack.imgur.com/woirA.jpg?s=256&g=1","display_name":"Ren&#233; Guido Steg","link":"https://stackoverflow.com/users/14256388/ren%c3%a9-guido-steg"},"is_answered":false,"view_count":428,"answer_count":1,"score":0,"last_activity_date":1682250367,"creation_date":1682221455,"last_edit_date":1682248906,"question_id":76083026,"content_license":"CC BY-SA 4.0","link":"https://stackoverflow.com/questions/76083026/jinja2-exceptions-undefinederror-sorted-is-undefined","title":"jinja2.exceptions.UndefinedError: &#39;sorted&#39; is undefined"},{"tags":["excel","excel-formula"],"owner":{"account_id":18680948,"reputation":85,"user_id":13617491,"user_type":"registered","profile_image":"https://lh3.googleusercontent.com/-RZDt7etxbAo/AAAAAAAAAAI/AAAAAAAAAAA/AMZuucnNouIA8Sgv8JMVniKJKDpRLZDMpw/photo.jpg?sz=256","display_name":"user13617491","link":"https://stackoverflow.com/users/13617491/user13617491"},"is_answered":true,"view_count":75,"answer_count":2,"score":-3,"last_activity_date":1682263482,"creation_date":1682221279,"last_edit_date":1682245006,"question_id":76083021,"content_license":"CC BY-SA 4.0","link":"https://stackoverflow.com/questions/76083021/excel-return-values-from-other-columns-based-on-current-value","title":"Excel return values from other columns based on current value"},{"tags":["node.js","encryption","aes","cryptojs","encryption-symmetric"],"owner":{"account_id":540447,"reputation":39,"user_id":908660,"user_type":"registered","accept_rate":25,"profile_image":"https://www.gravatar.com/avatar/891c81250e9f856f58080cdc999dad45?s=256&d=identicon&r=PG","display_name":"master_axe","link":"https://stackoverflow.com/users/908660/master-axe"},"is_answered":true,"view_count":198,"answer_count":1,"score":-1,"last_activity_date":1682279662,"creation_date":1682221257,"question_id":76083020,"content_license":"CC BY-SA 4.0","link":"https://stackoverflow.com/questions/76083020/is-cryptojs-aes-ironclad-by-using-a-random-256-bit-string-one-time-use","title":"Is CryptoJS.AES ironclad by using a random 256 bit string (one time use)?"},{"tags":["vb.net","sqlite"],"owner":{"account_id":2789342,"reputation":27,"user_id":2399901,"user_type":"registered","profile_image":"https://www.gravatar.com/avatar/c4284d0cf2090c858dee2f64eb531be1?s=256&d=identicon&r=PG","display_name":"Rick Ellison","link":"https://stackoverflow.com/users/2399901/rick-ellison"},"is_answered":false,"view_count":31,"answer_count":1,"score":0,"last_activity_date":1682224528,"creation_date":1682221223,"question_id":76083016,"content_license":"CC BY-SA 4.0","link":"https://stackoverflow.com/questions/76083016/how-to-properly-exit-a-while-reader-read-routine","title":"How to properly exit a While Reader.Read routine"},{"tags":["google-chrome","devtools"],"owner":{"account_id":1491756,"reputation":608,"user_id":1398692,"user_type":"registered","accept_rate":68,"profile_image":"https://i.stack.imgur.com/4Sbxs.png?s=256&g=1","display_name":"Sergio","link":"https://stackoverflow.com/users/1398692/sergio"},"is_answered":false,"view_count":96,"answer_count":1,"score":0,"last_activity_date":1682244582,"creation_date":1682221209,"last_edit_date":1682244582,"question_id":76083014,"content_license":"CC BY-SA 4.0","link":"https://stackoverflow.com/questions/76083014/coverage-doesnt-work-in-chrome-dev-tools","title":"Coverage doesn&#39;t work in Chrome Dev Tools"},{"tags":["java","reactjs","spring-boot","spring-security","react-router"],"owner":{"account_id":3345025,"reputation":35,"user_id":2810351,"user_type":"registered","accept_rate":33,"profile_image":"https://i.stack.imgur.com/AhmFv.jpg?s=256&g=1","display_name":"user2810351","link":"https://stackoverflow.com/users/2810351/user2810351"},"is_answered":false,"view_count":474,"answer_count":1,"score":1,"last_activity_date":1682227938,"creation_date":1682221197,"last_edit_date":1682221760,"question_id":76083013,"content_license":"CC BY-SA 4.0","link":"https://stackoverflow.com/questions/76083013/react-routes-not-working-with-embedded-spring-boot-project","title":"React routes not working with embedded Spring boot project"},{"tags":["reactjs","npm","create-react-app","npx"],"owner":{"account_id":27798206,"reputation":11,"user_id":21223154,"user_type":"registered","profile_image":"https://www.gravatar.com/avatar/7fa35d1884c66c443d2fab3ea9b0f70a?s=256&d=identicon&r=PG","display_name":"Imran Nawar","link":"https://stackoverflow.com/users/21223154/imran-nawar"},"is_answered":false,"view_count":214,"answer_count":2,"score":1,"last_activity_date":1694709819,"creation_date":1682221081,"last_edit_date":1682305951,"question_id":76083011,"content_license":"CC BY-SA 4.0","link":"https://stackoverflow.com/questions/76083011/facing-error-during-creating-react-app-with-npx","title":"Facing Error during creating React app with npx"},{"tags":["javascript"],"owner":{"account_id":7669872,"reputation":67,"user_id":5812490,"user_type":"registered","profile_image":"https://i.stack.imgur.com/ARYhZ.jpg?s=256&g=1","display_name":"Steve H","link":"https://stackoverflow.com/users/5812490/steve-h"},"is_answered":true,"view_count":455,"accepted_answer_id":76640241,"answer_count":1,"score":3,"last_activity_date":1688763983,"creation_date":1682221078,"question_id":76083010,"content_license":"CC BY-SA 4.0","link":"https://stackoverflow.com/questions/76083010/run-ninjarmm-custom-library-script-from-console","title":"Run NinjaRMM custom library script from console"},{"tags":["python","tensorflow","google-colaboratory"],"owner":{"account_id":21210535,"reputation":151,"user_id":15599248,"user_type":"registered","profile_image":"https://i.stack.imgur.com/WOkCA.png?s=256&g=1","display_name":"cc01cc","link":"https://stackoverflow.com/users/15599248/cc01cc"},"is_answered":false,"view_count":126,"answer_count":1,"score":0,"last_activity_date":1682394004,"creation_date":1682220989,"last_edit_date":1682394004,"question_id":76083008,"content_license":"CC BY-SA 4.0","link":"https://stackoverflow.com/questions/76083008/how-to-install-tensorflow-examples-in-colab","title":"How to install &#39;tensorflow_examples&#39; in colab"},{"tags":["mysql"],"owner":{"account_id":26076119,"reputation":1,"user_id":19775062,"user_type":"registered","profile_image":"https://lh3.googleusercontent.com/a-/AFdZucpmjeNCnrNswEdZKPvioID9istjhm6R35oXWFfe=k-s256","display_name":"Hunag","link":"https://stackoverflow.com/users/19775062/hunag"},"is_answered":false,"view_count":25,"answer_count":1,"score":-1,"last_activity_date":1682257066,"creation_date":1682220821,"last_edit_date":1682220930,"question_id":76083003,"content_license":"CC BY-SA 4.0","link":"https://stackoverflow.com/questions/76083003/unknown-column-p-key-in-where-clause-update-but-select-works","title":"Unknown column &#39;P_KEY&#39; in &#39;where clause&#39; UPDATE but &#39;SELECT&#39; works"},{"tags":["node.js","express","pug"],"owner":{"account_id":18916554,"reputation":13,"user_id":13801499,"user_type":"registered","profile_image":"https://lh3.googleusercontent.com/a-/AOh14GgUR6UdL7Nh6sFyiQwVoFK9RW2E-BR5vi4ldqBz9A=k-s256","display_name":"Nazar Kopelchak","link":"https://stackoverflow.com/users/13801499/nazar-kopelchak"},"is_answered":true,"view_count":68,"answer_count":1,"score":0,"last_activity_date":1682362000,"creation_date":1682220775,"question_id":76083000,"content_license":"CC BY-SA 4.0","link":"https://stackoverflow.com/questions/76083000/dynamically-setting-a-default-select-option-in-pug","title":"Dynamically setting a default select option in Pug"},{"tags":["sql","r","pivot-table"],"owner":{"account_id":27680115,"reputation":29,"user_id":21129055,"user_type":"registered","profile_image":"https://i.stack.imgur.com/WZtSQ.png?s=256&g=1","display_name":"Kenny Smith","link":"https://stackoverflow.com/users/21129055/kenny-smith"},"is_answered":true,"view_count":73,"accepted_answer_id":76096016,"answer_count":2,"score":0,"last_activity_date":1682374149,"creation_date":1682220670,"last_edit_date":1682356094,"question_id":76082998,"content_license":"CC BY-SA 4.0","link":"https://stackoverflow.com/questions/76082998/equivalent-of-sqls-case-when-x-then-1-else-null-end-in-r","title":"Equivalent of SQL&#39;s CASE WHEN x THEN 1 ELSE NULL END in R"},{"tags":["r","bar-chart"],"owner":{"account_id":7556299,"reputation":53,"user_id":5735779,"user_type":"registered","profile_image":"https://lh5.googleusercontent.com/-r93MGwmZl68/AAAAAAAAAAI/AAAAAAAAAEU/6GSR6SagCMs/photo.jpg?sz=256","display_name":"Akira Takenaka","link":"https://stackoverflow.com/users/5735779/akira-takenaka"},"is_answered":true,"view_count":54,"accepted_answer_id":76084232,"answer_count":1,"score":3,"last_activity_date":1682245115,"creation_date":1682220583,"last_edit_date":1682244726,"question_id":76082997,"content_license":"CC BY-SA 4.0","link":"https://stackoverflow.com/questions/76082997/how-to-put-groups-of-rotated-x-labels-in-labeled-brackets","title":"How to put groups of rotated x-labels in labeled brackets?"},{"tags":["c++","qt","c++11","variadic-templates","variadic-functions"],"owner":{"account_id":1465157,"reputation":1256,"user_id":1378243,"user_type":"registered","profile_image":"https://www.gravatar.com/avatar/d6ba31ef6b469e5e8b11d6f4f33fd86e?s=256&d=identicon&r=PG","display_name":"CodeLurker","link":"https://stackoverflow.com/users/1378243/codelurker"},"is_answered":false,"view_count":111,"closed_date":1682221691,"answer_count":0,"score":0,"last_activity_date":1682242143,"creation_date":1682220505,"last_edit_date":1682242143,"question_id":76082996,"link":"https://stackoverflow.com/questions/76082996/how-can-i-create-a-method-with-a-variable-number-of-arguments-in-a-class-with-q","closed_reason":"Duplicate","title":"How can I create a method with a variable number of arguments in a class with Q_OBJECT?"}],"has_more":true,"quota_max":300,"quota_remaining":259}