{"items":[{"tags":["android","firebase","kotlin","firebase-storage"],"owner":{"account_id":26752667,"reputation":43,"user_id":20351788,"user_type":"registered","profile_image":"https://www.gravatar.com/avatar/e1f467a7bdc5652d67f016c8c95cb3bb?s=256&d=identicon&r=PG","display_name":"Joshu","link":"https://stackoverflow.com/users/20351788/joshu"},"is_answered":false,"view_count":35,"answer_count":0,"score":0,"last_activity_date":1678813197,"creation_date":1678813197,"question_id":75736221,"content_license":"CC BY-SA 4.0","link":"https://stackoverflow.com/questions/75736221/upload-profile-picture-from-storage-to-firebase-storage-android","title":"Upload profile picture from storage to firebase storage (android)"},{"tags":["javascript","reactjs"],"owner":{"account_id":19582279,"reputation":17,"user_id":14331059,"user_type":"registered","profile_image":"https://www.gravatar.com/avatar/a0af297d9623a339f51faed1f28497ef?s=256&d=identicon&r=PG&f=y&so-version=2","display_name":"Dawn","link":"https://stackoverflow.com/users/14331059/dawn"},"is_answered":true,"view_count":40,"accepted_answer_id":75736400,"answer_count":1,"score":-2,"last_activity_date":1678814261,"creation_date":1678813195,"question_id":75736220,"content_license":"CC BY-SA 4.0","link":"https://stackoverflow.com/questions/75736220/update-state-from-fetched-api-request","title":"Update State from Fetched API request"},{"tags":["mysql"],"owner":{"account_id":26311778,"reputation":21,"user_id":19975191,"user_type":"registered","profile_image":"https://www.gravatar.com/avatar/2bc8f526b76c34e5e071a1ea3a1eda72?s=256&d=identicon&r=PG","display_name":"ce13","link":"https://stackoverflow.com/users/19975191/ce13"},"is_answered":true,"view_count":58,"answer_count":1,"score":0,"last_activity_date":1678815756,"creation_date":1678813192,"question_id":75736219,"content_license":"CC BY-SA 4.0","link":"https://stackoverflow.com/questions/75736219/data-type-for-timer-in-mysql","title":"Data Type for timer in MySQL"},{"tags":["c++"],"owner":{"account_id":7209993,"reputation":868,"user_id":5504419,"user_type":"registered","accept_rate":64,"profile_image":"https://www.gravatar.com/avatar/dd1a99f1af6cd314b6b614c36e972791?s=256&d=identicon&r=PG&f=y&so-version=2","display_name":"Mehno","link":"https://stackoverflow.com/users/5504419/mehno"},"is_answered":false,"view_count":76,"answer_count":0,"score":4,"last_activity_date":1678813504,"creation_date":1678813160,"last_edit_date":1678813504,"question_id":75736215,"content_license":"CC BY-SA 4.0","link":"https://stackoverflow.com/questions/75736215/c-enforce-passing-of-object-to-certain-scope","title":"C++ enforce passing of object to certain scope"},{"tags":["java","adobe-indesign","indesign-server"],"owner":{"account_id":5294303,"reputation":49,"user_id":4225855,"user_type":"registered","profile_image":"https://www.gravatar.com/avatar/cf6a89ab5c0628427feb26298d06a9b6?s=256&d=identicon&r=PG&f=y&so-version=2","display_name":"Bikramjit Singh","link":"https://stackoverflow.com/users/4225855/bikramjit-singh"},"is_answered":false,"view_count":109,"answer_count":0,"score":1,"last_activity_date":1678817914,"creation_date":1678813152,"last_edit_date":1678817914,"question_id":75736212,"content_license":"CC BY-SA 4.0","link":"https://stackoverflow.com/questions/75736212/indesign-server-sampleclient-java-sdk-not-working","title":"Indesign Server sampleclient java (SDK) not working"},{"tags":["bash","macos","shell"],"owner":{"account_id":24242242,"reputation":41,"user_id":18194450,"user_type":"registered","profile_image":"https://www.gravatar.com/avatar/ddf7afb5c6e8652f56a626b85a0431b7?s=256&d=identicon&r=PG","display_name":"TheNoobCoder","link":"https://stackoverflow.com/users/18194450/thenoobcoder"},"is_answered":true,"view_count":41,"answer_count":1,"score":-1,"last_activity_date":1678817109,"creation_date":1678813130,"last_edit_date":1678817109,"question_id":75736211,"content_license":"CC BY-SA 4.0","link":"https://stackoverflow.com/questions/75736211/increase-time-by-every-second-in-bash","title":"Increase time by every second in Bash"},{"tags":["c","gcc","interrupt","avr","microchip"],"owner":{"account_id":27911343,"reputation":11,"user_id":21313469,"user_type":"registered","profile_image":"https://lh3.googleusercontent.com/a/AGNmyxY6RPBsFwzFqBw7-QvBcTj3W0948qpuHTkKBcC0=k-s256","display_name":"Nematollah tahamtan","link":"https://stackoverflow.com/users/21313469/nematollah-tahamtan"},"is_answered":true,"view_count":227,"answer_count":1,"score":1,"last_activity_date":1678967035,"creation_date":1678813125,"last_edit_date":1678898095,"question_id":75736209,"content_license":"CC BY-SA 4.0","link":"https://stackoverflow.com/questions/75736209/any-pin-change-interrupt-in-my-avr-microcontroller-cause-a-micro-reset","title":"any pin change interrupt in my avr microcontroller cause a micro reset"},{"tags":["python","sqlalchemy"],"owner":{"account_id":8343209,"reputation":1167,"user_id":10012856,"user_type":"registered","profile_image":"https://i.stack.imgur.com/AXn5U.jpg?s=256&g=1","display_name":"MaxDragonheart","link":"https://stackoverflow.com/users/10012856/maxdragonheart"},"is_answered":false,"view_count":20,"answer_count":0,"score":0,"last_activity_date":1678813112,"creation_date":1678813112,"question_id":75736206,"content_license":"CC BY-SA 4.0","link":"https://stackoverflow.com/questions/75736206/noreferencedtableerror-when-i-try-to-create-a-table-with-relation-to-another-tab","title":"NoReferencedTableError when I try to create a table with relation to another table"},{"tags":["node.js","memory-leaks","closures"],"owner":{"account_id":13965443,"reputation":11,"user_id":10085365,"user_type":"registered","profile_image":"https://graph.facebook.com/10156598108253909/picture?type=large","display_name":"jjordan","link":"https://stackoverflow.com/users/10085365/jjordan"},"is_answered":true,"view_count":44,"answer_count":1,"score":0,"last_activity_date":1678823801,"creation_date":1678813075,"question_id":75736202,"content_license":"CC BY-SA 4.0","link":"https://stackoverflow.com/questions/75736202/nodejs-memory-leaks-what-classifies-as-a-reference-in-a-closure","title":"NodeJS Memory Leaks: What classifies as a reference in a closure"},{"tags":["flutter"],"owner":{"account_id":13208114,"reputation":4905,"user_id":9779791,"user_type":"registered","profile_image":"https://i.stack.imgur.com/56E8f.jpg?s=256&g=1","display_name":"mirkancal","link":"https://stackoverflow.com/users/9779791/mirkancal"},"is_answered":false,"view_count":29,"answer_count":0,"score":0,"last_activity_date":1678853121,"creation_date":1678813066,"last_edit_date":1678853121,"question_id":75736201,"content_license":"CC BY-SA 4.0","link":"https://stackoverflow.com/questions/75736201/authstatechanges-and-userchanges-fires-thousand-times-on-android","title":"authStateChanges and userChanges fires thousand times on Android"},{"tags":["java","spring-boot","hibernate","jackson"],"owner":{"account_id":10744360,"reputation":31,"user_id":7906248,"user_type":"registered","profile_image":"https://i.stack.imgur.com/9W2gF.png?s=256&g=1","display_name":"madrimas","link":"https://stackoverflow.com/users/7906248/madrimas"},"is_answered":true,"view_count":1316,"answer_count":1,"score":2,"last_activity_date":1679412200,"creation_date":1678813045,"last_edit_date":1678874197,"question_id":75736199,"content_license":"CC BY-SA 4.0","link":"https://stackoverflow.com/questions/75736199/hibernate-6-json-type-with-instant-cannot-be-serialized","title":"Hibernate 6: JSON type with Instant cannot be serialized"},{"tags":["r","ggplot2","plotly","ggplotly"],"owner":{"account_id":24420133,"reputation":39,"user_id":18346508,"user_type":"registered","profile_image":"https://www.gravatar.com/avatar/82a766c62ac3a969c53e1593713bcddb?s=256&d=identicon&r=PG","display_name":"Kat","link":"https://stackoverflow.com/users/18346508/kat"},"is_answered":true,"view_count":160,"accepted_answer_id":75736269,"answer_count":1,"score":0,"last_activity_date":1678813544,"creation_date":1678813036,"question_id":75736196,"content_license":"CC BY-SA 4.0","link":"https://stackoverflow.com/questions/75736196/hover-text-in-ggplotly-not-corresponding-to-correct-point-when-using-aesthetics","title":"Hover Text in ggplotly Not Corresponding to correct point when using aesthetics"},{"tags":["ubuntu","service","jar","ubuntu-16.04","executable-jar"],"owner":{"account_id":2073596,"reputation":2693,"user_id":1847560,"user_type":"registered","accept_rate":40,"profile_image":"https://i.stack.imgur.com/Wj2Yd.jpg?s=256&g=1","display_name":"vijayk","link":"https://stackoverflow.com/users/1847560/vijayk"},"is_answered":false,"view_count":166,"answer_count":0,"score":0,"last_activity_date":1678813022,"creation_date":1678813022,"question_id":75736188,"content_license":"CC BY-SA 4.0","link":"https://stackoverflow.com/questions/75736188/how-to-run-your-java-app-with-argument-as-a-service-on-ubuntu","title":"How to run Your Java App with argument as a Service on Ubuntu"},{"tags":["database","notion-api"],"owner":{"account_id":444530,"reputation":22224,"user_id":836390,"user_type":"registered","accept_rate":44,"profile_image":"https://i.stack.imgur.com/tNl4E.jpg?s=256&g=1","display_name":"joshlf","link":"https://stackoverflow.com/users/836390/joshlf"},"is_answered":false,"view_count":108,"answer_count":0,"score":0,"last_activity_date":1678812974,"creation_date":1678812974,"question_id":75736186,"content_license":"CC BY-SA 4.0","link":"https://stackoverflow.com/questions/75736186/notion-api-set-database-entrys-page-from-template","title":"Notion API: Set database entry&#39;s page from template"},{"tags":["cypher","memgraphdb","opencypher"],"owner":{"account_id":27909448,"reputation":81,"user_id":21311967,"user_type":"registered","profile_image":"https://i.stack.imgur.com/kXStY.jpg?s=256&g=1","display_name":"ShymPi1999","link":"https://stackoverflow.com/users/21311967/shympi1999"},"is_answered":true,"view_count":66,"accepted_answer_id":75736229,"answer_count":1,"score":1,"last_activity_date":1678841331,"creation_date":1678812972,"last_edit_date":1678841331,"question_id":75736184,"content_license":"CC BY-SA 4.0","link":"https://stackoverflow.com/questions/75736184/how-can-i-see-which-nodes-are-duplicates","title":"How can I see which nodes are duplicates?"},{"tags":["c#","pdf","printing","process"],"owner":{"account_id":7828221,"reputation":1,"user_id":5919203,"user_type":"registered","profile_image":"https://lh3.googleusercontent.com/-6Y0hLCktQpU/AAAAAAAAAAI/AAAAAAAAAWU/HRQfCQUB1qc/photo.jpg?sz=256","display_name":"j&#233;r&#244;me vilboux","link":"https://stackoverflow.com/users/5919203/j%c3%a9r%c3%b4me-vilboux"},"is_answered":false,"view_count":103,"answer_count":0,"score":0,"last_activity_date":1678812961,"creation_date":1678812961,"question_id":75736182,"content_license":"CC BY-SA 4.0","link":"https://stackoverflow.com/questions/75736182/print-pdf-in-c-with-the-choice-of-printer","title":"Print pdf in C# with the choice of printer"},{"tags":["python","algorithm","time-complexity"],"owner":{"account_id":3837342,"reputation":6111,"user_id":3181365,"user_type":"registered","accept_rate":70,"profile_image":"https://www.gravatar.com/avatar/a3f4d817ab2a4e4daf3398864ffc82bf?s=256&d=identicon&r=PG&f=y&so-version=2","display_name":"learner","link":"https://stackoverflow.com/users/3181365/learner"},"is_answered":true,"view_count":612,"accepted_answer_id":75736703,"answer_count":3,"score":1,"last_activity_date":1678911423,"creation_date":1678812960,"last_edit_date":1678820888,"question_id":75736181,"content_license":"CC BY-SA 4.0","link":"https://stackoverflow.com/questions/75736181/what-is-a-quick-way-to-count-the-number-of-pairs-in-a-list-where-a-xor-b-is-grea","title":"What is a quick way to count the number of pairs in a list where a XOR b is greater than a AND b?"},{"tags":["javascript","html","angular","typescript","ionic-framework"],"owner":{"account_id":8362471,"reputation":773,"user_id":6280280,"user_type":"registered","accept_rate":95,"profile_image":"https://i.stack.imgur.com/hdBwB.png?s=256&g=1","display_name":"Fearcoder","link":"https://stackoverflow.com/users/6280280/fearcoder"},"is_answered":false,"view_count":192,"answer_count":0,"score":0,"last_activity_date":1679441990,"creation_date":1678812950,"last_edit_date":1678814227,"question_id":75736177,"content_license":"CC BY-SA 4.0","link":"https://stackoverflow.com/questions/75736177/how-do-i-use-the-ionic-infinite-scroll-in-conjunction-with-sql-lite-data-capacit","title":"How do I use the ionic infinite scroll in conjunction with SQL lite data capacitor 4?"},{"tags":["r","function","character","numeric"],"owner":{"account_id":24651914,"reputation":25,"user_id":21397942,"user_type":"registered","profile_image":"https://www.gravatar.com/avatar/a340f0ea940eed63999b7bd3c289beb7?s=256&d=identicon&r=PG","display_name":"Bleras","link":"https://stackoverflow.com/users/21397942/bleras"},"is_answered":true,"view_count":61,"accepted_answer_id":75736204,"answer_count":1,"score":1,"last_activity_date":1678814986,"creation_date":1678812918,"question_id":75736173,"content_license":"CC BY-SA 4.0","link":"https://stackoverflow.com/questions/75736173/error-calculating-coefficient-of-variation-or-any-function-with-binary-operator","title":"Error calculating coefficient of variation (or any function with binary operators) with summarise() &amp; across() of dplyr"},{"tags":["visual-studio-2019","resx"],"owner":{"account_id":17234996,"reputation":13,"user_id":12478665,"user_type":"registered","profile_image":"https://www.gravatar.com/avatar/2eb471dc4c2ffd6e9e60c5588e81eaef?s=256&d=identicon&r=PG&f=y&so-version=2","display_name":"Goliatr","link":"https://stackoverflow.com/users/12478665/goliatr"},"is_answered":false,"view_count":61,"answer_count":0,"score":0,"last_activity_date":1678812906,"creation_date":1678812906,"question_id":75736171,"content_license":"CC BY-SA 4.0","link":"https://stackoverflow.com/questions/75736171/visual-studio-generated-dll-files-from-resx-files-allways-contain-changes","title":"Visual Studio Generated .dll files from .resx files allways contain changes"},{"tags":["outlook","smtpclient"],"owner":{"account_id":13344653,"reputation":29,"user_id":9631794,"user_type":"registered","profile_image":"https://graph.facebook.com/876881882507740/picture?type=large","display_name":"Dave Alessi","link":"https://stackoverflow.com/users/9631794/dave-alessi"},"is_answered":true,"view_count":184,"accepted_answer_id":75736818,"answer_count":1,"score":0,"last_activity_date":1678816919,"creation_date":1678812900,"question_id":75736170,"content_license":"CC BY-SA 4.0","link":"https://stackoverflow.com/questions/75736170/unable-to-send-to-outlook-using-smtp-from-3rd-party-server","title":"Unable to send to Outlook using SMTP from 3rd party server"},{"tags":["javascript","datatables"],"owner":{"account_id":27854019,"reputation":277,"user_id":21267931,"user_type":"registered","profile_image":"https://www.gravatar.com/avatar/0effb44509d3d94206c9b4e94156aeec?s=256&d=identicon&r=PG","display_name":"newuser","link":"https://stackoverflow.com/users/21267931/newuser"},"is_answered":false,"view_count":233,"answer_count":0,"score":0,"last_activity_date":1678813726,"creation_date":1678812874,"last_edit_date":1678813726,"question_id":75736167,"content_license":"CC BY-SA 4.0","link":"https://stackoverflow.com/questions/75736167/how-to-hide-datatable-on-page-load-and-reset","title":"How to hide datatable on page load and Reset?"},{"tags":["tailwind-css","vite","postcss","solid-js"],"owner":{"account_id":138304,"reputation":12202,"user_id":343159,"user_type":"registered","accept_rate":37,"profile_image":"https://www.gravatar.com/avatar/621bd528bae8952ea5f9391b2a727ee6?s=256&d=identicon&r=PG","display_name":"serlingpa","link":"https://stackoverflow.com/users/343159/serlingpa"},"is_answered":false,"view_count":487,"answer_count":0,"score":1,"last_activity_date":1678812863,"creation_date":1678812863,"question_id":75736166,"content_license":"CC BY-SA 4.0","link":"https://stackoverflow.com/questions/75736166/nx-vite-solidjs-and-tailwind-how-do-i-configure-these","title":"Nx, Vite, SolidJS and Tailwind: how do I configure these?"},{"tags":["java","awt"],"owner":{"account_id":14961660,"reputation":1403,"user_id":10801227,"user_type":"registered","profile_image":"https://i.stack.imgur.com/06Jui.png?s=256&g=1","display_name":"John","link":"https://stackoverflow.com/users/10801227/john"},"is_answered":false,"view_count":81,"answer_count":0,"score":0,"last_activity_date":1678812862,"creation_date":1678812862,"question_id":75736165,"content_license":"CC BY-SA 4.0","link":"https://stackoverflow.com/questions/75736165/what-does-java-awt-fontformatexception-java-lang-nullpointerexception","title":"What does java.awt.FontFormatException: java.lang.NullPointerException"},{"tags":["go","google-app-engine","google-cloud-platform"],"owner":{"account_id":3921864,"reputation":768,"user_id":3243751,"user_type":"registered","profile_image":"https://i.stack.imgur.com/oGV4a.png?s=256&g=1","display_name":"FLUXparticle","link":"https://stackoverflow.com/users/3243751/fluxparticle"},"is_answered":true,"view_count":177,"accepted_answer_id":75755168,"answer_count":1,"score":2,"last_activity_date":1678963632,"creation_date":1678812858,"last_edit_date":1678891034,"question_id":75736163,"content_license":"CC BY-SA 4.0","link":"https://stackoverflow.com/questions/75736163/i-suddenly-can-no-longer-deploy-my-golang-app-to-google-appengine","title":"I suddenly can no longer deploy my GoLang app to Google AppEngine"},{"tags":["python-2.7","python-import","importerror","openai-api"],"owner":{"account_id":26140553,"reputation":3,"user_id":19830005,"user_type":"registered","profile_image":"https://i.stack.imgur.com/jYXpR.jpg?s=256&g=1","display_name":"Giabbi","link":"https://stackoverflow.com/users/19830005/giabbi"},"is_answered":false,"view_count":730,"answer_count":1,"score":0,"last_activity_date":1678816494,"creation_date":1678812855,"question_id":75736162,"content_license":"CC BY-SA 4.0","link":"https://stackoverflow.com/questions/75736162/cannot-import-openai-in-python-2-7-18","title":"Cannot import openai in python 2.7.18"},{"tags":["c#",".net-6.0","castle-windsor"],"owner":{"account_id":9109962,"reputation":11,"user_id":6779067,"user_type":"registered","profile_image":"https://www.gravatar.com/avatar/618562b220e1875580534a245da4ef47?s=256&d=identicon&r=PG&f=y&so-version=2","display_name":"Harry S","link":"https://stackoverflow.com/users/6779067/harry-s"},"is_answered":false,"view_count":290,"answer_count":1,"score":0,"last_activity_date":1678817366,"creation_date":1678812854,"question_id":75736161,"content_license":"CC BY-SA 4.0","link":"https://stackoverflow.com/questions/75736161/castle-windsor-c-with-net-6-configuration-fromappconfig-not-supported","title":"Castle Windsor C# with .net 6 - Configuration.FromAppConfig() not supported"},{"tags":["javascript","d3.js"],"owner":{"account_id":28014723,"reputation":1,"user_id":21396661,"user_type":"registered","profile_image":"https://lh3.googleusercontent.com/a/AGNmyxaPNH4TqVd_9OHdMoEnCVX97gbd8bn4FV8MvmLuFA=k-s256","display_name":"Javier Ramirez","link":"https://stackoverflow.com/users/21396661/javier-ramirez"},"is_answered":false,"view_count":47,"answer_count":0,"score":0,"last_activity_date":1678812849,"creation_date":1678812849,"question_id":75736160,"content_license":"CC BY-SA 4.0","link":"https://stackoverflow.com/questions/75736160/using-csv-on-d3-contour-plots","title":"Using csv on D3-contour plots"},{"tags":["c#",".net","sql-server","t-sql","try-catch"],"owner":{"account_id":4338764,"reputation":113,"user_id":3542599,"user_type":"registered","profile_image":"https://www.gravatar.com/avatar/281f7c7486b227157ebbccaf3b336e99?s=256&d=identicon&r=PG&f=y&so-version=2","display_name":"Enter Display Name Here","link":"https://stackoverflow.com/users/3542599/enter-display-name-here"},"is_answered":true,"view_count":255,"answer_count":1,"score":0,"last_activity_date":1678832067,"creation_date":1678812817,"question_id":75736156,"content_license":"CC BY-SA 4.0","link":"https://stackoverflow.com/questions/75736156/c-sqlcommand-executereader-not-returning-rows-from-catch","title":"C# SqlCommand ExecuteReader not returning rows from CATCH"},{"tags":["oauth-2.0","openid-connect"],"owner":{"account_id":1262186,"reputation":805,"user_id":1220169,"user_type":"registered","accept_rate":50,"profile_image":"https://www.gravatar.com/avatar/6f8a2d971f9672011792f043709b6765?s=256&d=identicon&r=PG","display_name":"user1220169","link":"https://stackoverflow.com/users/1220169/user1220169"},"is_answered":false,"view_count":237,"answer_count":1,"score":0,"last_activity_date":1678822222,"creation_date":1678812810,"last_edit_date":1678820362,"question_id":75736154,"content_license":"CC BY-SA 4.0","link":"https://stackoverflow.com/questions/75736154/openid-connect-implementation-via-ping-identity-custom-authentication-page-via","title":"OpenID Connect implementation via PING Identity, custom authentication page via authorization_endpoint"}],"has_more":true,"quota_max":300,"quota_remaining":181}