{"items":[{"tags":["amazon-web-services","amazon-vpc"],"owner":{"account_id":20541842,"reputation":173,"user_id":20036372,"user_type":"registered","profile_image":"https://www.gravatar.com/avatar/a60111308ed533786c6b22b8d82d3db6?s=256&d=identicon&r=PG","display_name":"asfarasiknow","link":"https://stackoverflow.com/users/20036372/asfarasiknow"},"is_answered":true,"view_count":440,"accepted_answer_id":75569899,"answer_count":1,"score":-2,"last_activity_date":1677395678,"creation_date":1677365973,"last_edit_date":1677395678,"question_id":75568973,"content_license":"CC BY-SA 4.0","link":"https://stackoverflow.com/questions/75568973/ec2-instance-cannot-use-yum-inside-private-subnet","title":"EC2 instance cannot use yum inside private subnet"},{"tags":["rust","rust-tokio"],"owner":{"account_id":1445507,"reputation":6980,"user_id":1364158,"user_type":"registered","accept_rate":84,"profile_image":"https://www.gravatar.com/avatar/ad9bbb5d972682b478d32f77a33494b6?s=256&d=identicon&r=PG","display_name":"Samuel Hapak","link":"https://stackoverflow.com/users/1364158/samuel-hapak"},"is_answered":false,"view_count":69,"answer_count":0,"score":1,"last_activity_date":1677368783,"creation_date":1677365955,"last_edit_date":1677368783,"question_id":75568971,"content_license":"CC BY-SA 4.0","link":"https://stackoverflow.com/questions/75568971/kill-vector-of-processes-in-parallel-in-tokio","title":"Kill vector of processes in parallel in Tokio"},{"tags":["javascript","asynchronous","synchronous"],"owner":{"account_id":25856397,"reputation":1,"user_id":19589572,"user_type":"registered","profile_image":"https://lh3.googleusercontent.com/a/AItbvmkAhoadegGbIecxm7zI-LhVADa9338DB8f5Lxce=k-s256","display_name":"Sumaya A.","link":"https://stackoverflow.com/users/19589572/sumaya-a"},"is_answered":true,"view_count":249,"answer_count":2,"score":0,"last_activity_date":1677429541,"creation_date":1677365935,"last_edit_date":1677365974,"question_id":75568970,"content_license":"CC BY-SA 4.0","link":"https://stackoverflow.com/questions/75568970/why-its-called-synchronous-while-it-means-asynchronous-javascript","title":"Why it&#39;s called Synchronous while it means Asynchronous | Javascript"},{"tags":["powerbi","dax","powerquery"],"owner":{"account_id":25297552,"reputation":29,"user_id":19122429,"user_type":"registered","profile_image":"https://www.gravatar.com/avatar/a51d67727c7fe4be3fb6ff077e0f062c?s=256&d=identicon&r=PG","display_name":"beginnerman","link":"https://stackoverflow.com/users/19122429/beginnerman"},"is_answered":true,"view_count":61,"answer_count":2,"score":-1,"last_activity_date":1677381123,"creation_date":1677365904,"question_id":75568968,"content_license":"CC BY-SA 4.0","link":"https://stackoverflow.com/questions/75568968/how-to-match-consecutive-dates-contains-multiple-values-and-calculate-the-date-p","title":"How to match consecutive dates contains multiple values and calculate the date per each calendar month"},{"tags":["python","performance","networkx"],"owner":{"account_id":76593,"reputation":7148,"user_id":219153,"user_type":"registered","accept_rate":73,"profile_image":"https://i.stack.imgur.com/je9qW.jpg?s=256&g=1","display_name":"Paul Jurczak","link":"https://stackoverflow.com/users/219153/paul-jurczak"},"is_answered":false,"view_count":538,"answer_count":0,"score":0,"last_activity_date":1677371331,"creation_date":1677365848,"last_edit_date":1677371331,"question_id":75568963,"content_license":"CC BY-SA 4.0","link":"https://stackoverflow.com/questions/75568963/what-is-the-fastest-way-to-get-the-number-of-neighbor-nodes-with-networkx","title":"What is the fastest way to get the number of neighbor nodes with NetworkX?"},{"tags":["typescript","express","sinon"],"owner":{"account_id":15309158,"reputation":433,"user_id":11044953,"user_type":"registered","profile_image":"https://lh4.googleusercontent.com/-y09vu64hIC8/AAAAAAAAAAI/AAAAAAAAAAc/bVbh5VZSNgY/photo.jpg?sz=256","display_name":"Vinicius Bortoletto","link":"https://stackoverflow.com/users/11044953/vinicius-bortoletto"},"is_answered":false,"view_count":22,"answer_count":1,"score":-1,"last_activity_date":1677370031,"creation_date":1677365809,"question_id":75568961,"content_license":"CC BY-SA 4.0","link":"https://stackoverflow.com/questions/75568961/how-to-test-an-express-js-errorhandler","title":"How to test an express.js ErrorHandler?"},{"tags":["pytorch"],"owner":{"account_id":5432130,"reputation":2045,"user_id":4570472,"user_type":"registered","accept_rate":75,"profile_image":"https://www.gravatar.com/avatar/b283ad95ca0edb0dd02e088c17fead7e?s=256&d=identicon&r=PG&f=y&so-version=2","display_name":"Rylan Schaeffer","link":"https://stackoverflow.com/users/4570472/rylan-schaeffer"},"is_answered":false,"view_count":26,"answer_count":0,"score":2,"last_activity_date":1677438116,"creation_date":1677365761,"last_edit_date":1677438116,"question_id":75568957,"content_license":"CC BY-SA 4.0","link":"https://stackoverflow.com/questions/75568957/how-do-i-construct-a-lazytransformer-in-pytorch","title":"How do I construct a LazyTransformer in PyTorch?"},{"tags":["oracle","materialized-views"],"owner":{"account_id":25628004,"reputation":1,"user_id":19398810,"user_type":"registered","profile_image":"https://lh3.googleusercontent.com/a-/AOh14Gg9nfwXw_mvDVOR6N9yYVXosmZ4GyTQTREmADWh=k-s256","display_name":"Michael Jin","link":"https://stackoverflow.com/users/19398810/michael-jin"},"is_answered":false,"view_count":283,"answer_count":1,"score":0,"last_activity_date":1677395541,"creation_date":1677365745,"last_edit_date":1677369717,"question_id":75568954,"content_license":"CC BY-SA 4.0","link":"https://stackoverflow.com/questions/75568954/materialized-view-on-pre-built-table","title":"Materialized View on pre-built table"},{"tags":["algorithm","elixir"],"owner":{"account_id":14627190,"reputation":474,"user_id":10564213,"user_type":"registered","profile_image":"https://i.stack.imgur.com/y9kkX.jpg?s=256&g=1","display_name":"Zoey","link":"https://stackoverflow.com/users/10564213/zoey"},"is_answered":true,"view_count":389,"answer_count":1,"score":0,"last_activity_date":1677973524,"creation_date":1677365624,"last_edit_date":1677973524,"question_id":75568946,"content_license":"CC BY-SA 4.0","link":"https://stackoverflow.com/questions/75568946/guidance-to-implement-war-card-game-elixir","title":"Guidance to implement war card game (Elixir)"},{"tags":["flutter","image","dart"],"owner":{"account_id":27879705,"reputation":1,"user_id":21288440,"user_type":"registered","profile_image":"https://lh3.googleusercontent.com/a/AGNmyxa87SNy65VUAPBCgc7HHUX2Bn2C6ylT73GIeOZW=k-s256","display_name":"znel2002","link":"https://stackoverflow.com/users/21288440/znel2002"},"is_answered":false,"view_count":35,"answer_count":0,"score":0,"last_activity_date":1677366060,"creation_date":1677365575,"last_edit_date":1677366060,"question_id":75568942,"content_license":"CC BY-SA 4.0","link":"https://stackoverflow.com/questions/75568942/merge-list-of-images-together-in-flutter","title":"Merge list of images together in flutter"},{"tags":["typescript","function","interface","arrow-functions"],"owner":{"account_id":26939269,"reputation":220,"user_id":20510384,"user_type":"registered","profile_image":"https://www.gravatar.com/avatar/43b36d984c0f5c781c3beddb021fe81a?s=256&d=identicon&r=PG","display_name":"souyahia","link":"https://stackoverflow.com/users/20510384/souyahia"},"is_answered":false,"view_count":45,"closed_date":1677373765,"answer_count":0,"score":1,"last_activity_date":1677373930,"creation_date":1677365517,"last_edit_date":1677366378,"question_id":75568938,"link":"https://stackoverflow.com/questions/75568938/what-is-the-difference-between-these-two-interface-declarations","closed_reason":"Duplicate","title":"What is the difference between these two interface declarations?"},{"tags":["javascript","node.js","puppeteer"],"owner":{"account_id":1740937,"reputation":34807,"user_id":1592380,"user_type":"registered","accept_rate":77,"profile_image":"https://www.gravatar.com/avatar/1b375c795476432e64d4433a651d2804?s=256&d=identicon&r=PG","display_name":"user1592380","link":"https://stackoverflow.com/users/1592380/user1592380"},"is_answered":false,"view_count":24,"closed_date":1677714803,"answer_count":0,"score":1,"last_activity_date":1677365514,"creation_date":1677365514,"question_id":75568937,"link":"https://stackoverflow.com/questions/75568937/extracting-header-and-footer-table-fields-with-puppeteer","closed_reason":"Duplicate","title":"Extracting header and footer table fields with puppeteer"},{"tags":["php","file-get-contents"],"owner":{"account_id":27878927,"reputation":7,"user_id":21287848,"user_type":"registered","profile_image":"https://www.gravatar.com/avatar/76db47418d409548f7173bb24e56b5ea?s=256&d=identicon&r=PG","display_name":"Yulia94","link":"https://stackoverflow.com/users/21287848/yulia94"},"is_answered":true,"view_count":45,"closed_date":1677368282,"accepted_answer_id":75569109,"answer_count":1,"score":-1,"last_activity_date":1677368114,"creation_date":1677365492,"last_edit_date":1677365569,"question_id":75568936,"link":"https://stackoverflow.com/questions/75568936/rendering-json-data-to-html-tags","closed_reason":"Needs more focus","title":"Rendering JSON data to HTML tags"},{"tags":["flutter","flutter-getx","flutter-state"],"owner":{"account_id":21009664,"reputation":17,"user_id":15438569,"user_type":"registered","profile_image":"https://lh3.googleusercontent.com/a-/AOh14GiqcbdA5O7MrbQQL3vIRHAv-RJ5thrj3CWV995KeA=k-s256","display_name":"BlaCK _ WolF","link":"https://stackoverflow.com/users/15438569/black-wolf"},"is_answered":false,"view_count":89,"answer_count":0,"score":0,"last_activity_date":1677745127,"creation_date":1677365481,"last_edit_date":1677745127,"question_id":75568934,"content_license":"CC BY-SA 4.0","link":"https://stackoverflow.com/questions/75568934/update-the-page-using-futurebuilder-getbuilder","title":"Update the page using FutureBuilder() + GetBuilder()"},{"tags":["java","sql","spring-data-jpa"],"owner":{"user_type":"does_not_exist","display_name":"anon"},"is_answered":true,"view_count":53,"answer_count":1,"score":-1,"last_activity_date":1677500831,"creation_date":1677365418,"last_edit_date":1677500831,"question_id":75568929,"content_license":"CC BY-SA 4.0","link":"https://stackoverflow.com/questions/75568929/query-to-find-all-equal-values-from-2-list-of-string-columns","title":"Query to find all equal values from 2 list of string columns"},{"tags":["django","django-rest-framework","vuejs3","caddy","caddyfile"],"owner":{"account_id":6233729,"reputation":678,"user_id":4849647,"user_type":"registered","profile_image":"https://i.stack.imgur.com/5DEtH.png?s=256&g=1","display_name":"Soroosh","link":"https://stackoverflow.com/users/4849647/soroosh"},"is_answered":false,"view_count":103,"answer_count":0,"score":0,"last_activity_date":1677404962,"creation_date":1677365401,"last_edit_date":1677404962,"question_id":75568928,"content_license":"CC BY-SA 4.0","link":"https://stackoverflow.com/questions/75568928/vue-app-on-server-cannot-communicate-with-drf-back-end-on-same-vps-using-caddy","title":"Vue app on server cannot communicate with DRF back-end on same VPS using caddy"},{"tags":["next.js","prisma","playwright","next-auth"],"owner":{"account_id":15944249,"reputation":35,"user_id":11505295,"user_type":"registered","profile_image":"https://i.stack.imgur.com/PdV4k.jpg?s=256&g=1","display_name":"Polzarak","link":"https://stackoverflow.com/users/11505295/polzarak"},"is_answered":true,"view_count":857,"answer_count":1,"score":0,"last_activity_date":1678194478,"creation_date":1677365397,"last_edit_date":1677366416,"question_id":75568927,"content_license":"CC BY-SA 4.0","link":"https://stackoverflow.com/questions/75568927/unable-to-add-cookie-to-browser-context-for-testing-app","title":"Unable to add cookie to browser context for testing app"},{"tags":["r","lm"],"owner":{"account_id":25715961,"reputation":1,"user_id":21288290,"user_type":"registered","profile_image":"https://www.gravatar.com/avatar/52bce91597ac4a8d65b1336468bb5eb3?s=256&d=identicon&r=PG","display_name":"DragonStaty","link":"https://stackoverflow.com/users/21288290/dragonstaty"},"is_answered":false,"view_count":34,"closed_date":1677390268,"answer_count":1,"score":0,"last_activity_date":1677366912,"creation_date":1677365289,"last_edit_date":1677366007,"question_id":75568920,"link":"https://stackoverflow.com/questions/75568920/problem-with-lm-giving-incorrect-result-when-using-1-var-as-second-variable","closed_reason":"Duplicate","title":"Problem with lm() giving incorrect result when using 1/var as second variable"},{"tags":["html","css","bootstrap-5"],"owner":{"account_id":8917332,"reputation":1089,"user_id":6655405,"user_type":"registered","accept_rate":50,"profile_image":"https://i.stack.imgur.com/vGCz9.jpg?s=256&g=1","display_name":"Stelios Papamichail","link":"https://stackoverflow.com/users/6655405/stelios-papamichail"},"is_answered":true,"view_count":277,"answer_count":2,"score":2,"last_activity_date":1677654072,"creation_date":1677365284,"question_id":75568919,"content_license":"CC BY-SA 4.0","link":"https://stackoverflow.com/questions/75568919/centering-a-bootstrap-grid-on-mobile","title":"Centering a bootstrap grid on mobile"},{"tags":["css","reactjs","asp.net-identity","visual-studio-2022",".net-7.0"],"owner":{"account_id":11767417,"reputation":11,"user_id":21288373,"user_type":"registered","profile_image":"https://www.gravatar.com/avatar/168f25b6f395102830180f14f1702984?s=256&d=identicon&r=PG&f=y&so-version=2","display_name":"Nuclear Fusion","link":"https://stackoverflow.com/users/21288373/nuclear-fusion"},"is_answered":false,"view_count":117,"answer_count":0,"score":1,"last_activity_date":1695673389,"creation_date":1677365225,"last_edit_date":1677365482,"question_id":75568915,"content_license":"CC BY-SA 4.0","link":"https://stackoverflow.com/questions/75568915/how-do-i-style-the-default-identity-pages-in-an-asp-net-react-js-application","title":"How do I style the default identity pages in an ASP.NET React JS application?"},{"tags":["javascript","android","webview"],"owner":{"account_id":27879678,"reputation":11,"user_id":21288415,"user_type":"registered","profile_image":"https://lh3.googleusercontent.com/a/AGNmyxbM3omkkU6k0_uNTs9Zw-jO6Ul3F5uLUIASi7q_=k-s256","display_name":"Can MEMİŞ","link":"https://stackoverflow.com/users/21288415/can-mem%c4%b0%c5%9e"},"is_answered":false,"view_count":63,"answer_count":1,"score":1,"last_activity_date":1677394427,"creation_date":1677365201,"question_id":75568910,"content_license":"CC BY-SA 4.0","link":"https://stackoverflow.com/questions/75568910/redirecting-to-facebook-and-twitter-applications-with-webview","title":"Redirecting to facebook and twitter applications with webview"},{"tags":["reactjs"],"owner":{"account_id":24180351,"reputation":85,"user_id":18141122,"user_type":"registered","profile_image":"https://lh3.googleusercontent.com/a/AATXAJzBnm4ZMD_HH3JZlBmsvr0r9aBH-TvxCpEHYTl5=k-s256","display_name":"Emilia","link":"https://stackoverflow.com/users/18141122/emilia"},"is_answered":false,"view_count":20,"answer_count":1,"score":0,"last_activity_date":1677365452,"creation_date":1677365128,"question_id":75568907,"content_license":"CC BY-SA 4.0","link":"https://stackoverflow.com/questions/75568907/why-my-code-is-not-displaying-in-a-react-return","title":"Why my code is not displaying in a react return?"},{"tags":["reactjs","keycloak","keycloak-services","keycloak-rest-api","keycloak-gatekeeper"],"owner":{"account_id":11864898,"reputation":71,"user_id":8682657,"user_type":"registered","profile_image":"https://lh5.googleusercontent.com/-0LuNWk5YG8w/AAAAAAAAAAI/AAAAAAAAEB8/4ESNaCIUMx4/photo.jpg?sz=256","display_name":"Mohamed Fayek Saber","link":"https://stackoverflow.com/users/8682657/mohamed-fayek-saber"},"is_answered":false,"view_count":78,"answer_count":1,"score":0,"last_activity_date":1677439460,"creation_date":1677365021,"last_edit_date":1677388499,"question_id":75568902,"content_license":"CC BY-SA 4.0","link":"https://stackoverflow.com/questions/75568902/upgrading-from-key-cloak-15-to-20-0-5-after-deployment-react-app-giving-404-on","title":"Upgrading from key-cloak 15 to 20.0.5 &quot;after deployment React App giving 404 on main js and css"},{"tags":["google-apps-script","google-sheets"],"owner":{"account_id":6074269,"reputation":221,"user_id":9599749,"user_type":"registered","profile_image":"https://lh3.googleusercontent.com/-aAUCgcMR9MY/AAAAAAAAAAI/AAAAAAAAAW4/QVK13jmS5SE/photo.jpg?sz=256","display_name":"William Toscano","link":"https://stackoverflow.com/users/9599749/william-toscano"},"is_answered":true,"view_count":739,"accepted_answer_id":75569311,"answer_count":1,"score":1,"last_activity_date":1677371543,"creation_date":1677365005,"last_edit_date":1677365400,"question_id":75568901,"content_license":"CC BY-SA 4.0","link":"https://stackoverflow.com/questions/75568901/change-text-inside-cells-to-a-different-color","title":"Change text inside cells to a different color"},{"tags":["php","mongodb"],"owner":{"account_id":11287778,"reputation":40,"user_id":8278006,"user_type":"registered","profile_image":"https://www.gravatar.com/avatar/fea751eb4a49e2f16ef013fa452d399f?s=256&d=identicon&r=PG&f=y&so-version=2","display_name":"Jonathan A","link":"https://stackoverflow.com/users/8278006/jonathan-a"},"is_answered":true,"view_count":32,"accepted_answer_id":75569066,"answer_count":1,"score":0,"last_activity_date":1677367602,"creation_date":1677365001,"question_id":75568899,"content_license":"CC BY-SA 4.0","link":"https://stackoverflow.com/questions/75568899/mongodb-get-child-data","title":"MongoDB get child data"},{"tags":["javascript","typescript"],"owner":{"account_id":11287876,"reputation":2397,"user_id":8278075,"user_type":"registered","profile_image":"https://i.stack.imgur.com/7SMTz.png?s=256&g=1","display_name":"engineer-x","link":"https://stackoverflow.com/users/8278075/engineer-x"},"is_answered":false,"view_count":76,"answer_count":0,"score":0,"last_activity_date":1677364985,"creation_date":1677364985,"question_id":75568897,"content_license":"CC BY-SA 4.0","link":"https://stackoverflow.com/questions/75568897/property-then-does-not-exist-on-type-boolean-even-if-using-promise","title":"Property then does not exist on type boolean even if using Promise"},{"tags":["javascript","api","openai-api"],"owner":{"account_id":27879528,"reputation":3,"user_id":21288301,"user_type":"registered","profile_image":"https://www.gravatar.com/avatar/8fcb40695ecb782478f1ae6137881d3a?s=256&d=identicon&r=PG","display_name":"jadeviotriot","link":"https://stackoverflow.com/users/21288301/jadeviotriot"},"is_answered":true,"view_count":266,"accepted_answer_id":75812326,"answer_count":2,"score":0,"last_activity_date":1679488469,"creation_date":1677364965,"question_id":75568896,"content_license":"CC BY-SA 4.0","link":"https://stackoverflow.com/questions/75568896/outputs-from-openai-api-is-delayed-and-random","title":"Outputs from OpenAI Api is delayed and random"},{"tags":["python","pgzero"],"owner":{"account_id":25952723,"reputation":1,"user_id":19670512,"user_type":"registered","profile_image":"https://www.gravatar.com/avatar/e068fc2cb16336d6b42792ac8dbd5731?s=256&d=identicon&r=PG","display_name":"Azbojrn","link":"https://stackoverflow.com/users/19670512/azbojrn"},"is_answered":false,"view_count":35,"answer_count":0,"score":0,"last_activity_date":1677398712,"creation_date":1677364951,"last_edit_date":1677398712,"question_id":75568895,"content_license":"CC BY-SA 4.0","link":"https://stackoverflow.com/questions/75568895/get-the-name-of-actor-who-collided-with-another-actor","title":"Get the name of Actor who collided with another actor"},{"tags":["prometheus","grafana","monitoring","sli"],"owner":{"account_id":22152155,"reputation":21,"user_id":16400513,"user_type":"registered","profile_image":"https://lh3.googleusercontent.com/a/AATXAJyyHTnQGLUhI-hIkgtIXP3O-bttDdMxTOLFsRlK=k-s256","display_name":"Mustang","link":"https://stackoverflow.com/users/16400513/mustang"},"is_answered":false,"view_count":216,"answer_count":2,"score":0,"last_activity_date":1677451685,"creation_date":1677364945,"question_id":75568894,"content_license":"CC BY-SA 4.0","link":"https://stackoverflow.com/questions/75568894/designing-slo-based-on-prometheus-counters","title":"Designing SLO based on Prometheus Counters"},{"tags":["excel","excel-formula"],"owner":{"account_id":9142314,"reputation":23,"user_id":7955475,"user_type":"registered","profile_image":"https://www.gravatar.com/avatar/508574d71b9ecf7204d07b88ba0a9365?s=256&d=identicon&r=PG&f=y&so-version=2","display_name":"phw","link":"https://stackoverflow.com/users/7955475/phw"},"is_answered":true,"view_count":97,"accepted_answer_id":75571412,"answer_count":1,"score":0,"last_activity_date":1677407959,"creation_date":1677364939,"question_id":75568892,"content_license":"CC BY-SA 4.0","link":"https://stackoverflow.com/questions/75568892/how-to-trick-an-excel-function-that-wants-a-column-as-input-to-accept-a-list-of","title":"How to trick an Excel function that wants a column as input to accept a list of values as if these were in a column"}],"has_more":true,"quota_max":300,"quota_remaining":247}