{"items":[{"tags":["ubuntu","apache2","virtualhost","http-status-code-403"],"owner":{"account_id":17596734,"reputation":1,"user_id":12767507,"user_type":"registered","profile_image":"https://lh4.googleusercontent.com/-_lcyGCJ-dJQ/AAAAAAAAAAI/AAAAAAAAAAA/ACHi3redktrQFcCz7JGOtlH_0ktcoGsGXA/photo.jpg?sz=256","display_name":"s0ak","link":"https://stackoverflow.com/users/12767507/s0ak"},"is_answered":false,"view_count":49,"answer_count":0,"score":0,"last_activity_date":1678316399,"creation_date":1678316399,"question_id":75678987,"content_license":"CC BY-SA 4.0","link":"https://stackoverflow.com/questions/75678987/apache2-virtualhost-403-forbidden-linux","title":"Apache2 virtualhost 403 forbidden linux"},{"tags":["python","github","selenium-webdriver"],"owner":{"account_id":24580834,"reputation":73,"user_id":18485985,"user_type":"registered","profile_image":"https://www.gravatar.com/avatar/c1787ba9e6e41d529452fd294c602218?s=256&d=identicon&r=PG","display_name":"TripleCute","link":"https://stackoverflow.com/users/18485985/triplecute"},"is_answered":true,"view_count":18,"accepted_answer_id":75679617,"answer_count":1,"score":0,"last_activity_date":1678324944,"creation_date":1678316332,"last_edit_date":1678317257,"question_id":75678983,"content_license":"CC BY-SA 4.0","link":"https://stackoverflow.com/questions/75678983/selenium-not-allowing-any-form-data-control-on-github-website","title":"Selenium not allowing any form data control on GitHub Website"},{"tags":["r","dataframe","dplyr","tidyverse","data-cleaning"],"owner":{"account_id":22919566,"reputation":125,"user_id":17055596,"user_type":"registered","profile_image":"https://lh3.googleusercontent.com/a-/AOh14GjZUQr2WqDbYO02NuGi6QoqoBj6KolOELcAvntRgc0=k-s256","display_name":"Rodrigo H. Ozon","link":"https://stackoverflow.com/users/17055596/rodrigo-h-ozon"},"is_answered":false,"view_count":36,"answer_count":1,"score":0,"last_activity_date":1678317278,"creation_date":1678316266,"question_id":75678979,"content_license":"CC BY-SA 4.0","link":"https://stackoverflow.com/questions/75678979/filter-the-dataframe-preserving-the-first-month-year-from-top-to-bottom-by-varia","title":"Filter the dataframe preserving the first month/year from top to bottom by variable in R"},{"tags":["python","while-loop"],"owner":{"account_id":27969389,"reputation":3,"user_id":21359454,"user_type":"registered","profile_image":"https://lh3.googleusercontent.com/a/AGNmyxZ_NqlnByBFltqya05NYgfwnCknDukbf6uBFemV=k-s256","display_name":"Sultan A.","link":"https://stackoverflow.com/users/21359454/sultan-a"},"is_answered":true,"view_count":217,"accepted_answer_id":75679339,"answer_count":4,"score":0,"last_activity_date":1678321679,"creation_date":1678316264,"question_id":75678978,"content_license":"CC BY-SA 4.0","link":"https://stackoverflow.com/questions/75678978/how-do-i-create-a-while-loop-for-guessing-the-letters-in-a-word-until-the-word-i","title":"how do I create a while loop for guessing the letters in a word until the word is complete?"},{"tags":["kubernetes","events","containers"],"owner":{"account_id":2130641,"reputation":11,"user_id":3404326,"user_type":"registered","profile_image":"https://www.gravatar.com/avatar/d3f8b78fe2cf297becaf02870588d855?s=256&d=identicon&r=PG&f=y&so-version=2","display_name":"Aritra Ghosh","link":"https://stackoverflow.com/users/3404326/aritra-ghosh"},"is_answered":false,"view_count":236,"answer_count":1,"score":0,"last_activity_date":1678357940,"creation_date":1678316244,"last_edit_date":1678316352,"question_id":75678976,"content_license":"CC BY-SA 4.0","link":"https://stackoverflow.com/questions/75678976/kubectl-get-events-with-two-different-field-selectors-doesnt-work","title":"Kubectl get events with two different field selectors doesn&#39;t work"},{"tags":["python","django","http","redirect"],"owner":{"account_id":11668700,"reputation":82,"user_id":17834461,"user_type":"registered","profile_image":"https://lh4.googleusercontent.com/-mPVkdhErPe0/AAAAAAAAAAI/AAAAAAAABNU/yzGmNIbJBLQ/photo.jpg?sz=256","display_name":"Ethan Singer","link":"https://stackoverflow.com/users/17834461/ethan-singer"},"is_answered":false,"view_count":43,"answer_count":0,"score":0,"last_activity_date":1678316226,"creation_date":1678316226,"question_id":75678973,"content_license":"CC BY-SA 4.0","link":"https://stackoverflow.com/questions/75678973/django-redirect-not-clearing-after-clearing-disabling-cache-etc","title":"Django redirect not clearing after clearing, disabling cache, etc"},{"tags":["nginx","grafana"],"owner":{"account_id":20245287,"reputation":294,"user_id":14847960,"user_type":"registered","profile_image":"https://www.gravatar.com/avatar/c148edd7f410e1f401297673cf27d4d0?s=256&d=identicon&r=PG&f=y&so-version=2","display_name":"birdman","link":"https://stackoverflow.com/users/14847960/birdman"},"is_answered":false,"view_count":42,"answer_count":0,"score":0,"last_activity_date":1678316133,"creation_date":1678316133,"question_id":75678966,"content_license":"CC BY-SA 4.0","link":"https://stackoverflow.com/questions/75678966/how-to-properly-set-up-nginx-custom-config","title":"How to properly set up nginx custom config?"},{"tags":["python","pandas"],"owner":{"account_id":27969210,"reputation":11,"user_id":21359313,"user_type":"registered","profile_image":"https://www.gravatar.com/avatar/d8054f1e56d1aad73a6d95ddb72a3a08?s=256&d=identicon&r=PG","display_name":"sarahf","link":"https://stackoverflow.com/users/21359313/sarahf"},"is_answered":true,"view_count":96,"answer_count":3,"score":1,"last_activity_date":1678483052,"creation_date":1678316105,"last_edit_date":1678324816,"question_id":75678964,"content_license":"CC BY-SA 4.0","link":"https://stackoverflow.com/questions/75678964/how-to-sum-based-on-other-cols","title":"How to sum based on other cols"},{"tags":["delphi"],"owner":{"account_id":11495054,"reputation":119,"user_id":8424687,"user_type":"registered","profile_image":"https://www.gravatar.com/avatar/5fec878ed9118d8f8590622775f32cfe?s=256&d=identicon&r=PG&f=y&so-version=2","display_name":"WobblyBob","link":"https://stackoverflow.com/users/8424687/wobblybob"},"is_answered":false,"view_count":238,"answer_count":1,"score":0,"last_activity_date":1687314843,"creation_date":1678316073,"question_id":75678962,"content_license":"CC BY-SA 4.0","link":"https://stackoverflow.com/questions/75678962/delphi-11-3-dblookupcombobox-scrolling-issues-delphi-11-3","title":"Delphi 11.3 DBLookupComboBox Scrolling Issues. Delphi 11.3"},{"tags":["amazon-web-services","aws-cloudformation"],"owner":{"account_id":5607443,"reputation":23,"user_id":4441469,"user_type":"registered","profile_image":"https://graph.facebook.com/1586895133/picture?type=large","display_name":"Manas Pal","link":"https://stackoverflow.com/users/4441469/manas-pal"},"is_answered":true,"view_count":74,"accepted_answer_id":75679024,"answer_count":1,"score":1,"last_activity_date":1678318283,"creation_date":1678316061,"question_id":75678961,"content_license":"CC BY-SA 4.0","link":"https://stackoverflow.com/questions/75678961/how-to-output-the-tags-of-an-ec2-instance","title":"How to output the TAGs of an EC2 instance"},{"tags":["php","typo3"],"owner":{"account_id":7206472,"reputation":455,"user_id":5501919,"user_type":"registered","accept_rate":100,"profile_image":"https://www.gravatar.com/avatar/7709908ac4d3607832f8bd1524c31337?s=256&d=identicon&r=PG&f=y&so-version=2","display_name":"peni4142","link":"https://stackoverflow.com/users/5501919/peni4142"},"is_answered":true,"view_count":98,"accepted_answer_id":75679016,"answer_count":1,"score":0,"last_activity_date":1678316809,"creation_date":1678316033,"question_id":75678960,"content_license":"CC BY-SA 4.0","link":"https://stackoverflow.com/questions/75678960/typo3-tt-content-with-multipe-elements-1n","title":"TYPO3 tt_content with multipe elements 1:n"},{"tags":["python","pytorch","nlp","huggingface-transformers"],"owner":{"account_id":12148618,"reputation":273,"user_id":8869860,"user_type":"registered","profile_image":"https://www.gravatar.com/avatar/0ea94e990acd9b6efb4d48a3ebcd4a67?s=256&d=identicon&r=PG&f=y&so-version=2","display_name":"MichiganMagician","link":"https://stackoverflow.com/users/8869860/michiganmagician"},"is_answered":true,"view_count":143,"answer_count":2,"score":0,"last_activity_date":1679018094,"creation_date":1678316023,"last_edit_date":1678330232,"question_id":75678959,"content_license":"CC BY-SA 4.0","link":"https://stackoverflow.com/questions/75678959/runtimeerror-input-output-and-indices-must-be-on-the-current-device","title":"RuntimeError: Input, output and indices must be on the current device"},{"tags":["kubernetes"],"owner":{"account_id":1832128,"reputation":30990,"user_id":1663462,"user_type":"registered","accept_rate":78,"profile_image":"https://www.gravatar.com/avatar/c30e0fa0f3a065c038c633a95066d299?s=256&d=identicon&r=PG","display_name":"Chris Stryczynski","link":"https://stackoverflow.com/users/1663462/chris-stryczynski"},"is_answered":true,"view_count":403,"accepted_answer_id":75678986,"answer_count":1,"score":0,"last_activity_date":1678316373,"creation_date":1678315945,"question_id":75678951,"content_license":"CC BY-SA 4.0","link":"https://stackoverflow.com/questions/75678951/kubectl-pod-errors-with-container-init-caused-rootfs-linux-go75-mounting","title":"kubectl pod errors with &quot;container init caused: rootfs_linux.go:75: mounting ... mount through procfd: not a directory: unknown&quot;"},{"tags":["bash"],"owner":{"account_id":3430658,"reputation":121,"user_id":2875183,"user_type":"registered","profile_image":"https://i.stack.imgur.com/7Ezuf.png?s=256&g=1","display_name":"SARogersz","link":"https://stackoverflow.com/users/2875183/sarogersz"},"is_answered":false,"view_count":23,"answer_count":0,"score":0,"last_activity_date":1678315923,"creation_date":1678315923,"question_id":75678948,"content_license":"CC BY-SA 4.0","link":"https://stackoverflow.com/questions/75678948/bash-install-scripts-answer-navigation-doesnt-work-windows-quasar","title":"bash install scripts: answer navigation doesn&#39;t work (Windows, Quasar)"},{"tags":["r","arrays","loops","tidyverse"],"owner":{"account_id":21826979,"reputation":25,"user_id":16130941,"user_type":"registered","profile_image":"https://www.gravatar.com/avatar/8339678f99db01f728599f7b59ba653d?s=256&d=identicon&r=PG","display_name":"Matt","link":"https://stackoverflow.com/users/16130941/matt"},"is_answered":false,"view_count":96,"answer_count":1,"score":0,"last_activity_date":1678322654,"creation_date":1678315913,"last_edit_date":1678317062,"question_id":75678947,"content_license":"CC BY-SA 4.0","link":"https://stackoverflow.com/questions/75678947/how-do-i-create-a-loop-or-an-array-to-calculate-risk-ratios-for-five-different-v","title":"How do I create a loop or an array to calculate risk ratios for five different variables?"},{"tags":["python","powershell","kate"],"owner":{"account_id":8789348,"reputation":165,"user_id":6569876,"user_type":"registered","accept_rate":100,"profile_image":"https://i.stack.imgur.com/xPQrC.jpg?s=256&g=1","display_name":"crazyfox","link":"https://stackoverflow.com/users/6569876/crazyfox"},"is_answered":false,"view_count":53,"answer_count":0,"score":1,"last_activity_date":1678315806,"creation_date":1678315806,"question_id":75678941,"content_license":"CC BY-SA 4.0","link":"https://stackoverflow.com/questions/75678941/how-do-i-paste-from-powershell-so-that-the-encoding-is-utf-8-into-kate-editor","title":"How do I paste from powershell so that the encoding is utf-8 into Kate Editor?"},{"tags":["r","shiny","plotly"],"owner":{"account_id":18464406,"reputation":35,"user_id":13451032,"user_type":"registered","profile_image":"https://www.gravatar.com/avatar/146f6e4ca1f62291021f115c724f0c8b?s=256&d=identicon&r=PG&f=y&so-version=2","display_name":"Kekuw","link":"https://stackoverflow.com/users/13451032/kekuw"},"is_answered":false,"view_count":164,"answer_count":0,"score":0,"last_activity_date":1678315778,"creation_date":1678315778,"question_id":75678939,"content_license":"CC BY-SA 4.0","link":"https://stackoverflow.com/questions/75678939/plotly-click-event-not-registered","title":"Plotly click event not registered"},{"tags":["python","automation","outlook","pyautogui","office-automation"],"owner":{"account_id":17781162,"reputation":1,"user_id":12912335,"user_type":"registered","profile_image":"https://lh3.googleusercontent.com/a-/AAuE7mAnakwXKKU8PdUJiwiGhqlGNz7zEq4e0SAGFbw4hw=k-s256","display_name":"Varadhan E","link":"https://stackoverflow.com/users/12912335/varadhan-e"},"is_answered":false,"view_count":101,"answer_count":1,"score":0,"last_activity_date":1678367643,"creation_date":1678315650,"last_edit_date":1678367643,"question_id":75678929,"content_license":"CC BY-SA 4.0","link":"https://stackoverflow.com/questions/75678929/how-to-format-specific-lines-as-bold-within-a-paragraph-in-outlook-using-pyautog","title":"How to format specific lines as bold within a paragraph in Outlook using PyAutoGUI?"},{"tags":["google-sheets","google-sheets-formula"],"owner":{"account_id":271122,"reputation":800,"user_id":561488,"user_type":"registered","accept_rate":91,"profile_image":"https://www.gravatar.com/avatar/26a4a8d3da7bae9483dfdeb48b686aab?s=256&d=identicon&r=PG","display_name":"Beems","link":"https://stackoverflow.com/users/561488/beems"},"is_answered":true,"view_count":43,"accepted_answer_id":75679125,"answer_count":1,"score":1,"last_activity_date":1678317972,"creation_date":1678315587,"last_edit_date":1678316747,"question_id":75678926,"content_license":"CC BY-SA 4.0","link":"https://stackoverflow.com/questions/75678926/calculate-points-allocated-based-on-position-and-golf-score","title":"Calculate Points Allocated Based on Position and Golf Score"},{"tags":["gpu","nvidia","podman"],"owner":{"account_id":3730523,"reputation":1623,"user_id":3103083,"user_type":"registered","accept_rate":75,"profile_image":"https://i.stack.imgur.com/b3NPK.jpg?s=256&g=1","display_name":"KirkD-CO","link":"https://stackoverflow.com/users/3103083/kirkd-co"},"is_answered":true,"view_count":1212,"accepted_answer_id":75769155,"answer_count":1,"score":0,"last_activity_date":1679795754,"creation_date":1678315574,"last_edit_date":1678316223,"question_id":75678924,"content_license":"CC BY-SA 4.0","link":"https://stackoverflow.com/questions/75678924/failed-to-initialize-nvml-gpu-access-blocked-by-the-operating-system","title":"Failed to initialize NVML: GPU access blocked by the operating system"},{"tags":["next.js","redux-toolkit","react-state-management","react-server-components","appdirect"],"owner":{"account_id":16604028,"reputation":11,"user_id":12966331,"user_type":"registered","profile_image":"https://www.gravatar.com/avatar/1e958bb5dde627d2610acaff331a5b3a?s=256&d=identicon&r=PG&f=y&so-version=2","display_name":"Abbes Mohamed","link":"https://stackoverflow.com/users/12966331/abbes-mohamed"},"is_answered":false,"view_count":483,"answer_count":0,"score":0,"last_activity_date":1683882936,"creation_date":1678315516,"last_edit_date":1683734677,"question_id":75678919,"content_license":"CC BY-SA 4.0","link":"https://stackoverflow.com/questions/75678919/next13-state-management-in-the-app-directory","title":"next13 state management in the app directory"},{"tags":["c++"],"owner":{"account_id":22388864,"reputation":29,"user_id":16601289,"user_type":"registered","profile_image":"https://www.gravatar.com/avatar/8a8f2281288812e23896a09dca20e9ff?s=256&d=identicon&r=PG&f=y&so-version=2","display_name":"Alkyone","link":"https://stackoverflow.com/users/16601289/alkyone"},"is_answered":false,"view_count":84,"closed_date":1678315689,"answer_count":0,"score":0,"last_activity_date":1678315787,"creation_date":1678315514,"question_id":75678918,"link":"https://stackoverflow.com/questions/75678918/casting-pointer-to-wrong-derived-class","closed_reason":"Duplicate","title":"Casting pointer to wrong derived class"},{"tags":["c++","ipv4"],"owner":{"account_id":4841183,"reputation":837,"user_id":3906173,"user_type":"registered","accept_rate":32,"profile_image":"https://www.gravatar.com/avatar/e9c2a2d8fa1beb8aa7a1b52eca11cf11?s=256&d=identicon&r=PG&f=y&so-version=2","display_name":"brokendreams","link":"https://stackoverflow.com/users/3906173/brokendreams"},"is_answered":false,"view_count":147,"answer_count":0,"score":0,"last_activity_date":1678315429,"creation_date":1678315429,"question_id":75678909,"content_license":"CC BY-SA 4.0","link":"https://stackoverflow.com/questions/75678909/check-if-a-string-is-a-valid-ipv4-subnet-address-with-optional-mask-in-cpp","title":"Check if a string is a valid IPv4 subnet address with optional mask in CPP"},{"tags":["wpf"],"owner":{"account_id":11301347,"reputation":41,"user_id":8287192,"user_type":"registered","profile_image":"https://www.gravatar.com/avatar/90b4bbcad65b9c701ca30ce6fef6bc82?s=256&d=identicon&r=PG&f=y&so-version=2","display_name":"farzadini","link":"https://stackoverflow.com/users/8287192/farzadini"},"is_answered":true,"view_count":52,"accepted_answer_id":75685321,"answer_count":1,"score":0,"last_activity_date":1678368824,"creation_date":1678315420,"question_id":75678908,"content_license":"CC BY-SA 4.0","link":"https://stackoverflow.com/questions/75678908/mvvm-foreign-key-property-in-entity-framework-and-show-in-datagrid","title":"MVVM Foreign Key Property in Entity Framework and show in DataGrid"},{"tags":["vue.js","vuejs2","vue-component"],"owner":{"account_id":3080085,"reputation":27426,"user_id":2608515,"user_type":"registered","accept_rate":72,"profile_image":"https://www.gravatar.com/avatar/b015753d4047a43828022f9d1078bd8f?s=256&d=identicon&r=PG&f=y&so-version=2","display_name":"M -","link":"https://stackoverflow.com/users/2608515/m"},"is_answered":true,"view_count":433,"accepted_answer_id":75678977,"answer_count":2,"score":2,"last_activity_date":1678316693,"creation_date":1678315333,"question_id":75678899,"content_license":"CC BY-SA 4.0","link":"https://stackoverflow.com/questions/75678899/accessing-the-content-of-slots-in-javascript-in-vue-js-2-6","title":"Accessing the content of &lt;slots&gt; in Javascript in Vue.js 2.6"},{"tags":["azure","powershell","azure-devops"],"owner":{"account_id":47211,"reputation":14811,"user_id":139698,"user_type":"registered","accept_rate":91,"profile_image":"https://www.gravatar.com/avatar/0a7b421d94be463805e787c87ef1cff9?s=256&d=identicon&r=PG","display_name":"Rod","link":"https://stackoverflow.com/users/139698/rod"},"is_answered":true,"view_count":105,"accepted_answer_id":75679171,"answer_count":1,"score":0,"last_activity_date":1678329213,"creation_date":1678315312,"last_edit_date":1678316803,"question_id":75678897,"content_license":"CC BY-SA 4.0","link":"https://stackoverflow.com/questions/75678897/trying-to-put-together-a-rest-request-using-invoke-request-and-variablegroup-u","title":"Trying to put together a rest request using invoke-request and variablegroup - update"},{"tags":["pandas","dataframe"],"owner":{"account_id":4888301,"reputation":3,"user_id":3940086,"user_type":"registered","profile_image":"https://www.gravatar.com/avatar/4263fa08b4e5b1bffd505c8c376f7b1d?s=256&d=identicon&r=PG&f=y&so-version=2","display_name":"Craig Bender","link":"https://stackoverflow.com/users/3940086/craig-bender"},"is_answered":true,"view_count":41,"accepted_answer_id":75680386,"answer_count":1,"score":0,"last_activity_date":1678335255,"creation_date":1678315298,"question_id":75678894,"content_license":"CC BY-SA 4.0","link":"https://stackoverflow.com/questions/75678894/pandas-dataframe-duplicate-row-and-then-delete-original","title":"Pandas Dataframe Duplicate row and then delete original"},{"tags":["sql","sql-server","t-sql","query-optimization"],"owner":{"account_id":4753429,"reputation":1216,"user_id":3842845,"user_type":"registered","accept_rate":57,"profile_image":"https://i.stack.imgur.com/51bIs.jpg?s=256&g=1","display_name":"Java","link":"https://stackoverflow.com/users/3842845/java"},"is_answered":true,"view_count":145,"accepted_answer_id":75678921,"answer_count":2,"score":-1,"last_activity_date":1678458431,"creation_date":1678315277,"last_edit_date":1678320036,"question_id":75678891,"content_license":"CC BY-SA 4.0","link":"https://stackoverflow.com/questions/75678891/optimize-subquery-without-using-select-inside-where-clause","title":"Optimize subquery (without using Select inside Where clause)?"},{"tags":["javascript","css","datatables"],"owner":{"account_id":27854019,"reputation":277,"user_id":21267931,"user_type":"registered","profile_image":"https://www.gravatar.com/avatar/0effb44509d3d94206c9b4e94156aeec?s=256&d=identicon&r=PG","display_name":"newuser","link":"https://stackoverflow.com/users/21267931/newuser"},"is_answered":true,"view_count":716,"accepted_answer_id":75679002,"answer_count":1,"score":0,"last_activity_date":1678316657,"creation_date":1678315256,"question_id":75678888,"content_license":"CC BY-SA 4.0","link":"https://stackoverflow.com/questions/75678888/how-do-i-style-datatable-tooltips","title":"How do I style datatable tooltips?"},{"tags":["javascript","wordpress"],"owner":{"account_id":27854565,"reputation":29,"user_id":21268337,"user_type":"registered","profile_image":"https://www.gravatar.com/avatar/62f62931a0d76d6ddb2eb5b009c2d145?s=256&d=identicon&r=PG","display_name":"ariane","link":"https://stackoverflow.com/users/21268337/ariane"},"is_answered":false,"view_count":15,"answer_count":0,"score":0,"last_activity_date":1678315221,"creation_date":1678315221,"question_id":75678885,"content_license":"CC BY-SA 4.0","link":"https://stackoverflow.com/questions/75678885/how-to-block-part-of-an-email-address-with-wp-members","title":"how to block part of an email address with wp-members"}],"has_more":true,"quota_max":300,"quota_remaining":203}