{"items":[{"tags":["sql","pyspark"],"owner":{"account_id":26978316,"reputation":3,"user_id":20543099,"user_type":"registered","profile_image":"https://lh3.googleusercontent.com/a/ALm5wu2VmCh1jyKL4njFlGgih3jfkTt3RYquwYNhClNe=k-s256","display_name":"jasmy","link":"https://stackoverflow.com/users/20543099/jasmy"},"is_answered":true,"view_count":36,"accepted_answer_id":75614632,"answer_count":1,"score":0,"last_activity_date":1678112185,"creation_date":1677754775,"last_edit_date":1678112185,"question_id":75614535,"content_license":"CC BY-SA 4.0","link":"https://stackoverflow.com/questions/75614535/how-we-can-loop-on-a-list-of-columns-to-apply-a-pyspark-sql-query-on-each-of-the","title":"how we can loop on a list of columns to apply a pyspark sql query on each of them"},{"tags":["html","css","reactjs","next.js","preload"],"owner":{"account_id":3489925,"reputation":1951,"user_id":2919875,"user_type":"registered","accept_rate":86,"profile_image":"https://i.stack.imgur.com/y9TFn.jpg?s=256&g=1","display_name":"Leeren","link":"https://stackoverflow.com/users/2919875/leeren"},"is_answered":false,"view_count":239,"answer_count":0,"score":0,"last_activity_date":1677754774,"creation_date":1677754774,"question_id":75614534,"content_license":"CC BY-SA 4.0","link":"https://stackoverflow.com/questions/75614534/how-to-perform-dynamic-preloading-in-next-js","title":"How to perform dynamic preloading in Next.js"},{"tags":["python","telegram","telethon"],"owner":{"account_id":27917478,"reputation":1,"user_id":21318335,"user_type":"registered","profile_image":"https://lh3.googleusercontent.com/a/AGNmyxbxLMQNa03TWIjDfn64hg1Ue6kL1-296Gx3ESk_=k-s256","display_name":"Dax Shit","link":"https://stackoverflow.com/users/21318335/dax-shit"},"is_answered":true,"view_count":195,"answer_count":1,"score":-1,"last_activity_date":1677778526,"creation_date":1677754736,"question_id":75614527,"content_license":"CC BY-SA 4.0","link":"https://stackoverflow.com/questions/75614527/raise-valueerrorno-user-has-as-username-valueerror-no-user-has-bvbjjkh","title":"raise ValueError(&#39;No user has &quot;{}&quot; as username&#39; ValueError: No user has &quot;bvbjjkhjb&quot; as username"},{"tags":["docker","jenkins","automation","jenkins-job-dsl","configuration-as-code"],"owner":{"account_id":20057482,"reputation":31,"user_id":14704860,"user_type":"registered","profile_image":"https://lh3.googleusercontent.com/a-/AOh14GiVhsJ8oC38kEbOEJLBo71rM34fX-uAfCP4e3P6nA=k-s256","display_name":"Grainbox","link":"https://stackoverflow.com/users/14704860/grainbox"},"is_answered":false,"view_count":72,"answer_count":0,"score":0,"last_activity_date":1677754706,"creation_date":1677754706,"question_id":75614523,"content_license":"CC BY-SA 4.0","link":"https://stackoverflow.com/questions/75614523/create-a-job-dsl-seedjob-without-ui","title":"Create a job dsl SeedJob without UI"},{"tags":["prettier"],"owner":{"account_id":15115740,"reputation":29,"user_id":12277907,"user_type":"registered","profile_image":"https://www.gravatar.com/avatar/5f54e7e62c1fd17eaa7363e13d7d0550?s=256&d=identicon&r=PG&f=y&so-version=2","display_name":"brachkow","link":"https://stackoverflow.com/users/12277907/brachkow"},"is_answered":false,"view_count":29,"answer_count":0,"score":0,"last_activity_date":1677756369,"creation_date":1677754703,"last_edit_date":1677755904,"question_id":75614521,"content_license":"CC BY-SA 4.0","link":"https://stackoverflow.com/questions/75614521/how-to-uningore-directories-in-prettierignore","title":"How to uningore directories in .prettierignore"},{"tags":["json","laravel"],"owner":{"account_id":27917376,"reputation":1,"user_id":21318246,"user_type":"registered","profile_image":"https://lh3.googleusercontent.com/a/AGNmyxZmSq6Xxtt9KtE5Zy7dS-g64qMXgCFiDRK4P_w2Eg=k-s256","display_name":"pradeep upadhya","link":"https://stackoverflow.com/users/21318246/pradeep-upadhya"},"is_answered":false,"view_count":30,"answer_count":0,"score":0,"last_activity_date":1677759287,"creation_date":1677754699,"last_edit_date":1677759287,"question_id":75614520,"content_license":"CC BY-SA 4.0","link":"https://stackoverflow.com/questions/75614520/laravel-query-on-json-columns","title":"Laravel query on json columns"},{"tags":["java","spring-boot"],"owner":{"account_id":24766666,"reputation":193,"user_id":18650474,"user_type":"registered","profile_image":"https://www.gravatar.com/avatar/42e3d9088da467e3b5afa7198d06d3bc?s=256&d=identicon&r=PG","display_name":"Peek0","link":"https://stackoverflow.com/users/18650474/peek0"},"is_answered":true,"view_count":463,"accepted_answer_id":75622852,"answer_count":4,"score":0,"last_activity_date":1678127707,"creation_date":1677754662,"last_edit_date":1677770876,"question_id":75614516,"content_license":"CC BY-SA 4.0","link":"https://stackoverflow.com/questions/75614516/springboot-does-not-seem-to-pick-up-on-this-endpoint","title":"Springboot does not seem to pick up on this endpoint"},{"tags":["android","proguard"],"owner":{"account_id":258291,"reputation":773,"user_id":540370,"user_type":"registered","profile_image":"https://i.stack.imgur.com/E0RDe.jpg?s=256&g=1","display_name":"gianpaolo","link":"https://stackoverflow.com/users/540370/gianpaolo"},"is_answered":false,"view_count":109,"answer_count":0,"score":1,"last_activity_date":1677754656,"creation_date":1677754656,"question_id":75614515,"content_license":"CC BY-SA 4.0","link":"https://stackoverflow.com/questions/75614515/noclassdeffounderror-failed-resolution-of-lj-util-concurrent-concurrenthashma","title":"NoClassDefFoundError: Failed resolution of: Lj$/util/concurrent/ConcurrentHashMap"},{"tags":["python","multiprocessing"],"owner":{"account_id":22369959,"reputation":15,"user_id":16585189,"user_type":"registered","profile_image":"https://www.gravatar.com/avatar/380574a1e2bc18dbea46e7b1bb88aac1?s=256&d=identicon&r=PG&f=y&so-version=2","display_name":"S0yboi","link":"https://stackoverflow.com/users/16585189/s0yboi"},"is_answered":true,"view_count":232,"accepted_answer_id":75628395,"answer_count":1,"score":0,"last_activity_date":1677854125,"creation_date":1677754637,"last_edit_date":1677853034,"question_id":75614510,"content_license":"CC BY-SA 4.0","link":"https://stackoverflow.com/questions/75614510/python-error-when-handling-multiprocessing-with-pool-map","title":"Python error when handling multiprocessing with Pool.map"},{"tags":["java","spring-boot","locale"],"owner":{"account_id":26101587,"reputation":11,"user_id":19796933,"user_type":"registered","profile_image":"https://i.stack.imgur.com/xTGha.jpg?s=256&g=1","display_name":"sejin park","link":"https://stackoverflow.com/users/19796933/sejin-park"},"is_answered":false,"view_count":53,"answer_count":0,"score":0,"last_activity_date":1677760780,"creation_date":1677754628,"last_edit_date":1677760780,"question_id":75614507,"content_license":"CC BY-SA 4.0","link":"https://stackoverflow.com/questions/75614507/how-to-use-bundle-properties-with-locale-no-message-found-under-code","title":"how to use bundle properties with locale. No message found under code &#39;?????: &#39; for locale &#39;ko_kr&#39;"},{"tags":["swiftui","lockscreen","widgetkit","lockscreenwidget"],"owner":{"account_id":4261498,"reputation":713,"user_id":3485759,"user_type":"registered","accept_rate":58,"profile_image":"https://www.gravatar.com/avatar/2106e11a4b78f3ac9c99a5b7abce03b5?s=256&d=identicon&r=PG","display_name":"ppp","link":"https://stackoverflow.com/users/3485759/ppp"},"is_answered":true,"view_count":280,"answer_count":1,"score":0,"last_activity_date":1677755795,"creation_date":1677754623,"question_id":75614504,"content_license":"CC BY-SA 4.0","link":"https://stackoverflow.com/questions/75614504/text-gets-cut-off-in-accessorycircular-lock-screen-widget","title":"Text gets cut off in accessoryCircular lock screen widget"},{"tags":["firebase","vue.js","google-cloud-firestore"],"owner":{"account_id":27917461,"reputation":1,"user_id":21318322,"user_type":"registered","profile_image":"https://lh3.googleusercontent.com/a/AGNmyxYg0gw_a-eglkob39l9tERAhyGT2ZFOv07GH705=k-s256","display_name":"Alexander Stephens","link":"https://stackoverflow.com/users/21318322/alexander-stephens"},"is_answered":false,"view_count":25,"answer_count":0,"score":0,"last_activity_date":1677768171,"creation_date":1677754619,"last_edit_date":1677768171,"question_id":75614501,"content_license":"CC BY-SA 4.0","link":"https://stackoverflow.com/questions/75614501/totalling-a-value-from-firebase-in-vue","title":"totalling a value from firebase in vue"},{"tags":["azure","dns","azure-application-gateway","hostheaders"],"owner":{"account_id":3126484,"reputation":6139,"user_id":2645243,"user_type":"registered","accept_rate":88,"profile_image":"https://www.gravatar.com/avatar/2e9a575fe76d2098064bb2f77543a29a?s=256&d=identicon&r=PG","display_name":"Lukas K","link":"https://stackoverflow.com/users/2645243/lukas-k"},"is_answered":false,"view_count":523,"answer_count":1,"score":0,"last_activity_date":1678789657,"creation_date":1677754607,"last_edit_date":1677775959,"question_id":75614498,"content_license":"CC BY-SA 4.0","link":"https://stackoverflow.com/questions/75614498/is-it-possible-to-use-in-azure-application-gateway-with-two-web-apps-using-the-s","title":"Is it possible to use in Azure Application Gateway with two Web Apps using the same domain without hoste name override"},{"tags":["javascript","node.js","log4js-node","node.js-fs","fs-extra"],"owner":{"account_id":16243055,"reputation":139,"user_id":11728891,"user_type":"registered","profile_image":"https://lh5.googleusercontent.com/-1JIoY6B2Q2s/AAAAAAAAAAI/AAAAAAAAAAA/ACHi3rfu-tmqJ_sJUWrunfyjIZpgqNkiqg/photo.jpg?sz=256","display_name":"Shankar Nanda","link":"https://stackoverflow.com/users/11728891/shankar-nanda"},"is_answered":false,"view_count":39,"answer_count":0,"score":0,"last_activity_date":1677754597,"creation_date":1677754597,"question_id":75614497,"content_license":"CC BY-SA 4.0","link":"https://stackoverflow.com/questions/75614497/log4js-issue-cannot-read-property-native-of-undefined","title":"Log4js issue: Cannot read property &#39;native&#39; of undefined"},{"tags":["c++","string","datetime","variables","char"],"owner":{"account_id":13803114,"reputation":1610,"user_id":9962676,"user_type":"registered","profile_image":"https://lh5.googleusercontent.com/-UHeMtaBpXsA/AAAAAAAAAAI/AAAAAAAAAPU/nQsChcdwqGE/photo.jpg?sz=256","display_name":"Damiano Miazzi","link":"https://stackoverflow.com/users/9962676/damiano-miazzi"},"is_answered":false,"view_count":97,"answer_count":2,"score":1,"last_activity_date":1678935703,"creation_date":1677754593,"last_edit_date":1677761361,"question_id":75614496,"content_license":"CC BY-SA 4.0","link":"https://stackoverflow.com/questions/75614496/create-a-string-from-the-char-var-in-c","title":"Create a string from the char var in C++"},{"tags":["flutter","dart","push-notification","notifications","firebase-cloud-messaging"],"owner":{"account_id":21419692,"reputation":91,"user_id":15778248,"user_type":"registered","profile_image":"https://lh3.googleusercontent.com/a-/AOh14GgCfhVjzSFQ1Z9xIlW39ZbPmDr4lAjbETFRys-D=k-s256","display_name":"Shehzad Ahmad","link":"https://stackoverflow.com/users/15778248/shehzad-ahmad"},"is_answered":false,"view_count":167,"answer_count":0,"score":0,"last_activity_date":1677754592,"creation_date":1677754592,"question_id":75614495,"content_license":"CC BY-SA 4.0","link":"https://stackoverflow.com/questions/75614495/issue-in-adding-custom-notification-ringer-sound-in-flutter-app-for-background-n","title":"Issue in Adding Custom Notification Ringer Sound in Flutter App for Background Notification Triggered by Backend"},{"tags":["python","python-3.x","matplotlib"],"owner":{"account_id":27917337,"reputation":23,"user_id":21318216,"user_type":"registered","profile_image":"https://lh3.googleusercontent.com/a/AGNmyxZNww6mNp9VOuFNNTIgk5mkaNgfCFjvVo62XIG9ajU=k-s256","display_name":"rdcurt","link":"https://stackoverflow.com/users/21318216/rdcurt"},"is_answered":true,"view_count":23,"accepted_answer_id":75614522,"answer_count":1,"score":1,"last_activity_date":1677754705,"creation_date":1677754576,"question_id":75614492,"content_license":"CC BY-SA 4.0","link":"https://stackoverflow.com/questions/75614492/how-to-plot-data-from-a-dataframe-at-multiple-levels","title":"How to plot data from a DataFrame at multiple levels"},{"tags":["drupal","project-gutenberg"],"owner":{"account_id":27917435,"reputation":1,"user_id":21318301,"user_type":"registered","profile_image":"https://www.gravatar.com/avatar/c9471a45731081264d3d842decd9bd1b?s=256&d=identicon&r=PG","display_name":"sarah","link":"https://stackoverflow.com/users/21318301/sarah"},"is_answered":false,"view_count":23,"answer_count":0,"score":0,"last_activity_date":1677819704,"creation_date":1677754528,"last_edit_date":1677819704,"question_id":75614487,"content_license":"CC BY-SA 4.0","link":"https://stackoverflow.com/questions/75614487/guternberg-module-not-showhing-on-drupal-9","title":"Guternberg module not showhing on drupal 9"},{"tags":["oracle18c"],"owner":{"account_id":13550697,"reputation":33,"user_id":9775627,"user_type":"registered","profile_image":"https://www.gravatar.com/avatar/0507d11580e13aeb5bd44cd0aa741487?s=256&d=identicon&r=PG&f=y&so-version=2","display_name":"eathan","link":"https://stackoverflow.com/users/9775627/eathan"},"is_answered":false,"view_count":110,"answer_count":0,"score":0,"last_activity_date":1677754526,"creation_date":1677754526,"question_id":75614485,"content_license":"CC BY-SA 4.0","link":"https://stackoverflow.com/questions/75614485/last-ddl-time-and-timestamp-in-oracle-dba-objects-when-object-type-job","title":"LAST_DDL_TIME and TIMESTAMP in Oracle DBA_OBJECTS when Object Type = JOB"},{"tags":["java","android","android-intent","file-sharing","share-intent"],"owner":{"account_id":27917304,"reputation":1,"user_id":21318189,"user_type":"registered","profile_image":"https://lh3.googleusercontent.com/a/AGNmyxYTW3fr_-efZ3cXCv5u2w2OGaP0aUkxiA768OxYRw=k-s256","display_name":"VishaL RaJpuT","link":"https://stackoverflow.com/users/21318189/vishal-rajput"},"is_answered":false,"view_count":103,"answer_count":0,"score":0,"last_activity_date":1677754521,"creation_date":1677754521,"question_id":75614484,"content_license":"CC BY-SA 4.0","link":"https://stackoverflow.com/questions/75614484/how-to-allow-shared-intent-to-save-copy-and-print-option-in-android","title":"how to allow shared intent to save, copy and print option in android"},{"tags":["python","opencv","timestamp","object-detection"],"owner":{"account_id":27917069,"reputation":1,"user_id":21317994,"user_type":"registered","profile_image":"https://www.gravatar.com/avatar/ba8440c1c0f13fc0ee2248f216073f54?s=256&d=identicon&r=PG","display_name":"Nazi","link":"https://stackoverflow.com/users/21317994/nazi"},"is_answered":false,"view_count":20,"answer_count":0,"score":0,"last_activity_date":1677754780,"creation_date":1677754491,"last_edit_date":1677754780,"question_id":75614481,"content_license":"CC BY-SA 4.0","link":"https://stackoverflow.com/questions/75614481/timestamp-when-the-object-disappear","title":"Timestamp when the object disappear"},{"tags":["microsoft-teams"],"owner":{"account_id":27917308,"reputation":1,"user_id":21318193,"user_type":"registered","profile_image":"https://www.gravatar.com/avatar/846e8df3178a29b9fcfc595a457052d6?s=256&d=identicon&r=PG","display_name":"Jonghyun Kim","link":"https://stackoverflow.com/users/21318193/jonghyun-kim"},"is_answered":false,"view_count":45,"answer_count":0,"score":0,"last_activity_date":1684495567,"creation_date":1677754479,"last_edit_date":1678102895,"question_id":75614479,"content_license":"CC BY-SA 4.0","link":"https://stackoverflow.com/questions/75614479/the-tab-for-a-personal-app-that-loads-an-external-website-in-ms-teams-is-not-loa","title":"The tab for a personal app that loads an external website in MS Teams is not loading correctly"},{"tags":["python","pandas","dataframe","cumulative-sum","rate"],"owner":{"account_id":26954886,"reputation":37,"user_id":20523456,"user_type":"registered","profile_image":"https://lh3.googleusercontent.com/a/ALm5wu2OiLdlf3XlrA3q-l0MKtN5JYmTyRUovxl_JcMa=k-s256","display_name":"pooya ensafi","link":"https://stackoverflow.com/users/20523456/pooya-ensafi"},"is_answered":false,"view_count":31,"answer_count":0,"score":0,"last_activity_date":1677754450,"creation_date":1677754450,"question_id":75614476,"content_license":"CC BY-SA 4.0","link":"https://stackoverflow.com/questions/75614476/how-to-add-a-no-show-rate-column-in-a-healthcare-dataset-using-pandas","title":"How to add a no-show rate column in a healthcare dataset using pandas?"},{"tags":["vb.net","visual-studio","dll","dllimport","com+"],"owner":{"account_id":2649281,"reputation":1,"user_id":2291371,"user_type":"registered","profile_image":"https://www.gravatar.com/avatar/352a313e05a80cee12b831c9504be8ec?s=256&d=identicon&r=PG","display_name":"javi200482","link":"https://stackoverflow.com/users/2291371/javi200482"},"is_answered":false,"view_count":74,"answer_count":0,"score":0,"last_activity_date":1677754662,"creation_date":1677754447,"last_edit_date":1677754662,"question_id":75614475,"content_license":"CC BY-SA 4.0","link":"https://stackoverflow.com/questions/75614475/com-and-import-dll-for-exe","title":"COM+ and Import DLL for EXE"},{"tags":["html","swift","uikit"],"owner":{"account_id":25453642,"reputation":45,"user_id":19254628,"user_type":"registered","profile_image":"https://www.gravatar.com/avatar/a3300599be0b5f8310b9aabcdce1d44a?s=256&d=identicon&r=PG","display_name":"David","link":"https://stackoverflow.com/users/19254628/david"},"is_answered":true,"view_count":39,"accepted_answer_id":75625242,"answer_count":1,"score":1,"last_activity_date":1677835379,"creation_date":1677754430,"last_edit_date":1677771873,"question_id":75614471,"content_license":"CC BY-SA 4.0","link":"https://stackoverflow.com/questions/75614471/uikit-decoding-html-to-string-uses-times-new-roman-as-font","title":"UIKIT Decoding HTML to String uses Times New Roman as font"},{"tags":["python","html","css","selenium-webdriver","web"],"owner":{"account_id":27095558,"reputation":11,"user_id":20650821,"user_type":"registered","profile_image":"https://i.stack.imgur.com/nD7m4.jpg?s=256&g=1","display_name":"DevFish","link":"https://stackoverflow.com/users/20650821/devfish"},"is_answered":true,"view_count":40,"answer_count":1,"score":0,"last_activity_date":1682298217,"creation_date":1677754414,"question_id":75614468,"content_license":"CC BY-SA 4.0","link":"https://stackoverflow.com/questions/75614468/how-can-i-pull-a-list-of-words-from-a-specific-element-with-selenium","title":"How can I pull a list of words from a specific element with selenium?"},{"tags":["angular","angular15"],"owner":{"account_id":27294317,"reputation":1,"user_id":20812209,"user_type":"registered","profile_image":"https://www.gravatar.com/avatar/4346a4fcef4a7438165a59220f57de6d?s=256&d=identicon&r=PG","display_name":"Matt Auer","link":"https://stackoverflow.com/users/20812209/matt-auer"},"is_answered":false,"view_count":35,"answer_count":0,"score":0,"last_activity_date":1677757409,"creation_date":1677754386,"last_edit_date":1677757409,"question_id":75614462,"content_license":"CC BY-SA 4.0","link":"https://stackoverflow.com/questions/75614462/ngif-does-not-display-returned-results-from-api","title":"*ngIf does not display returned results from API"},{"tags":["android"],"owner":{"account_id":6095346,"reputation":292,"user_id":4756317,"user_type":"registered","accept_rate":50,"profile_image":"https://lh4.googleusercontent.com/-mH1ygdLGboI/AAAAAAAAAAI/AAAAAAAAAVc/xTOtf5jtqs8/photo.jpg?sz=256","display_name":"Георги Ангелов","link":"https://stackoverflow.com/users/4756317/%d0%93%d0%b5%d0%be%d1%80%d0%b3%d0%b8-%d0%90%d0%bd%d0%b3%d0%b5%d0%bb%d0%be%d0%b2"},"is_answered":false,"view_count":12,"answer_count":0,"score":0,"last_activity_date":1677754383,"creation_date":1677754383,"question_id":75614461,"content_license":"CC BY-SA 4.0","link":"https://stackoverflow.com/questions/75614461/show-portrait-layout-in-landscape-mode","title":"Show portrait layout in landscape mode"},{"tags":["logging","wildfly","logbook"],"owner":{"account_id":2750084,"reputation":55,"user_id":2369681,"user_type":"registered","accept_rate":25,"profile_image":"https://www.gravatar.com/avatar/2f9fd0b628e7b7a88d80f29c7b96b146?s=256&d=identicon&r=PG","display_name":"damianoo","link":"https://stackoverflow.com/users/2369681/damianoo"},"is_answered":false,"view_count":59,"answer_count":0,"score":0,"last_activity_date":1677754984,"creation_date":1677754377,"last_edit_date":1677754984,"question_id":75614459,"content_license":"CC BY-SA 4.0","link":"https://stackoverflow.com/questions/75614459/logbook-not-logging-requests-sends-from-wildfly-ejb-application-to-other-systems","title":"Logbook not logging requests sends from Wildfly EJB application to other systems"},{"tags":["mysql","sql"],"owner":{"account_id":8497034,"reputation":1153,"user_id":6394109,"user_type":"registered","accept_rate":100,"profile_image":"https://i.stack.imgur.com/g0WEX.png?s=256&g=1","display_name":"Ram Chander","link":"https://stackoverflow.com/users/6394109/ram-chander"},"is_answered":false,"view_count":58,"answer_count":1,"score":0,"last_activity_date":1677759000,"creation_date":1677754373,"last_edit_date":1677759000,"question_id":75614458,"content_license":"CC BY-SA 4.0","link":"https://stackoverflow.com/questions/75614458/sql-how-to-fetch-the-most-recent-entry-between-two-different-tables-timestam","title":"SQL - How to fetch the most recent entry between two different tables? (timestamp isn&#39;t getting stored)"}],"has_more":true,"quota_max":300,"quota_remaining":229}