{"items":[{"tags":["c","recursion","string-concatenation","language-theory"],"owner":{"account_id":24114608,"reputation":1,"user_id":18084695,"user_type":"registered","profile_image":"https://www.gravatar.com/avatar/1045b6fdcf2d3cc30965172cfa3e394a?s=256&d=identicon&r=PG","display_name":"imad ","link":"https://stackoverflow.com/users/18084695/imad"},"is_answered":true,"view_count":91,"accepted_answer_id":75568143,"answer_count":1,"score":-1,"last_activity_date":1677355856,"creation_date":1677279583,"last_edit_date":1677279833,"question_id":75562115,"content_license":"CC BY-SA 4.0","link":"https://stackoverflow.com/questions/75562115/concatenation-two-strings-recursive","title":"concatenation two strings recursive"},{"tags":["typescript","google-cloud-functions","firebase-tools"],"owner":{"account_id":207926,"reputation":1576,"user_id":458097,"user_type":"registered","accept_rate":27,"profile_image":"https://www.gravatar.com/avatar/da9aff273cc73659760f00fd9a73f2e1?s=256&d=identicon&r=PG","display_name":"arpho","link":"https://stackoverflow.com/users/458097/arpho"},"is_answered":false,"view_count":63,"answer_count":0,"score":0,"last_activity_date":1677311711,"creation_date":1677279556,"last_edit_date":1677311711,"question_id":75562113,"content_license":"CC BY-SA 4.0","link":"https://stackoverflow.com/questions/75562113/cannot-serve-functions-with-firebase","title":"cannot serve functions with firebase"},{"tags":["javascript","reactjs","typescript","react-hooks"],"owner":{"account_id":16665473,"reputation":129,"user_id":12044263,"user_type":"registered","profile_image":"https://www.gravatar.com/avatar/7ba9603a78c421ffcd91a32892bd1654?s=256&d=identicon&r=PG&f=y&so-version=2","display_name":"Ernesto","link":"https://stackoverflow.com/users/12044263/ernesto"},"is_answered":true,"view_count":65,"accepted_answer_id":75562354,"answer_count":1,"score":2,"last_activity_date":1677317374,"creation_date":1677279501,"last_edit_date":1677317374,"question_id":75562110,"content_license":"CC BY-SA 4.0","link":"https://stackoverflow.com/questions/75562110/sync-usestate-and-dom","title":"Sync useState and DOM"},{"tags":["azure","azure-devops","yaml","azure-pipelines","azure-pipelines-yaml"],"owner":{"account_id":27873251,"reputation":1,"user_id":21283273,"user_type":"registered","profile_image":"https://www.gravatar.com/avatar/42c286d1a89d1621a335bf8066492101?s=256&d=identicon&r=PG","display_name":"geohrge","link":"https://stackoverflow.com/users/21283273/geohrge"},"is_answered":false,"view_count":450,"answer_count":0,"score":0,"last_activity_date":1677279974,"creation_date":1677279498,"last_edit_date":1677279974,"question_id":75562109,"content_license":"CC BY-SA 4.0","link":"https://stackoverflow.com/questions/75562109/problems-with-yaml-if-elseif-conditionals","title":"Problems with YAML If, elseif conditionals"},{"tags":["python","pyqt5","vispy","qtopengl"],"owner":{"account_id":17727288,"reputation":591,"user_id":12870750,"user_type":"registered","profile_image":"https://lh3.googleusercontent.com/a-/AAuE7mCQoo4dLH6zNKbZDZ1uFB96HwBeS21baI3BJ_I1Zg=k-s256","display_name":"MBV","link":"https://stackoverflow.com/users/12870750/mbv"},"is_answered":true,"view_count":110,"accepted_answer_id":75585926,"answer_count":1,"score":0,"last_activity_date":1677539618,"creation_date":1677279455,"last_edit_date":1677534976,"question_id":75562106,"content_license":"CC BY-SA 4.0","link":"https://stackoverflow.com/questions/75562106/qgraphicsview-slow-line-render","title":"QgraphicsView slow line render"},{"tags":["python","scipy","scipy.stats"],"owner":{"account_id":20782673,"reputation":55,"user_id":15262691,"user_type":"registered","profile_image":"https://www.gravatar.com/avatar/76c4199b50c88e1f559947ae64d50350?s=256&d=identicon&r=PG&f=y&so-version=2","display_name":"FalloutATS21","link":"https://stackoverflow.com/users/15262691/falloutats21"},"is_answered":true,"view_count":57,"answer_count":2,"score":-2,"last_activity_date":1677331663,"creation_date":1677279452,"last_edit_date":1677331663,"question_id":75562105,"content_license":"CC BY-SA 4.0","link":"https://stackoverflow.com/questions/75562105/equivalent-of-betadist-of-excel-in-python","title":"equivalent of betadist of excel in python"},{"tags":["discord"],"owner":{"account_id":27873292,"reputation":1,"user_id":21283300,"user_type":"registered","profile_image":"https://lh3.googleusercontent.com/a/AGNmyxYzZk3Wr2D9ojYs4jTs6wawRDF-8GZHC6aj0zTEqA=k-s256","display_name":"Domi","link":"https://stackoverflow.com/users/21283300/domi"},"is_answered":false,"view_count":69,"answer_count":0,"score":0,"last_activity_date":1677279438,"creation_date":1677279438,"question_id":75562103,"content_license":"CC BY-SA 4.0","link":"https://stackoverflow.com/questions/75562103/error-when-including-a-song-in-a-discord-music-bot","title":"Error when including a song in a discord music bot"},{"tags":["java","spring-boot","spring-security","oauth-2.0","jwt"],"owner":{"account_id":12301165,"reputation":1,"user_id":8975432,"user_type":"registered","profile_image":"https://lh4.googleusercontent.com/-U1Z-_Dh-FNQ/AAAAAAAAAAI/AAAAAAAADc4/xejnfocaVt4/photo.jpg?sz=256","display_name":"Shurbann Martes","link":"https://stackoverflow.com/users/8975432/shurbann-martes"},"is_answered":true,"view_count":214,"accepted_answer_id":75562932,"answer_count":1,"score":0,"last_activity_date":1677291915,"creation_date":1677279422,"last_edit_date":1677290498,"question_id":75562102,"content_license":"CC BY-SA 4.0","link":"https://stackoverflow.com/questions/75562102/why-am-i-getting-an-http-response-401-access-denied-when-trying-to-make-an-htt","title":"Why am I getting an HTTP response 401 (access denied) when trying to make an HTTP GET request with Springboot with a valid JWT token"},{"tags":["html","css","image","flexbox","zooming"],"owner":{"account_id":17627883,"reputation":33,"user_id":12792586,"user_type":"registered","profile_image":"https://lh3.googleusercontent.com/a-/AAuE7mA8fvqEWVXRH41fAYXMaFSgaBwnAGUFT0FmqG5_jg=k-s256","display_name":"Ladan","link":"https://stackoverflow.com/users/12792586/ladan"},"is_answered":false,"view_count":154,"answer_count":1,"score":0,"last_activity_date":1677513761,"creation_date":1677279402,"last_edit_date":1677279577,"question_id":75562100,"content_license":"CC BY-SA 4.0","link":"https://stackoverflow.com/questions/75562100/how-to-hover-images-inside-row","title":"how to hover images inside row"},{"tags":["python","python-ldap"],"owner":{"account_id":5832458,"reputation":36,"user_id":4596533,"user_type":"registered","profile_image":"https://www.gravatar.com/avatar/f94b8f1f0c1ad22bc772b5f78a594040?s=256&d=identicon&r=PG&f=y&so-version=2","display_name":"Alexander Lipatiev","link":"https://stackoverflow.com/users/4596533/alexander-lipatiev"},"is_answered":false,"view_count":48,"answer_count":0,"score":0,"last_activity_date":1677279387,"creation_date":1677279387,"question_id":75562099,"content_license":"CC BY-SA 4.0","link":"https://stackoverflow.com/questions/75562099/install-python-ldap-with-openssl-backend","title":"Install python-ldap with OpenSSL backend"},{"tags":["android","delphi","indy"],"owner":{"account_id":4439418,"reputation":443,"user_id":3614327,"user_type":"registered","accept_rate":44,"profile_image":"https://www.gravatar.com/avatar/da11df4fa13c73ae2cc82688afbccdc8?s=256&d=identicon&r=PG&f=y&so-version=2","display_name":"alvaroc","link":"https://stackoverflow.com/users/3614327/alvaroc"},"is_answered":true,"view_count":195,"accepted_answer_id":75568460,"answer_count":1,"score":1,"last_activity_date":1677523749,"creation_date":1677279315,"question_id":75562091,"content_license":"CC BY-SA 4.0","link":"https://stackoverflow.com/questions/75562091/how-to-avoid-indy-socket-error-13-access-denied-exception-on-delphi-and-androi","title":"How to avoid Indy Socket Error # 13 Access denied exception on Delphi and Android?"},{"tags":["pygame","displayobject","python-3.11"],"owner":{"account_id":26300043,"reputation":1,"user_id":19965592,"user_type":"registered","profile_image":"https://www.gravatar.com/avatar/6cd8277808f75f78fac484947227d0f3?s=256&d=identicon&r=PG","display_name":"ManuelSN","link":"https://stackoverflow.com/users/19965592/manuelsn"},"is_answered":false,"view_count":48,"closed_date":1677309369,"answer_count":1,"score":0,"last_activity_date":1677309383,"creation_date":1677279314,"last_edit_date":1677309383,"question_id":75562090,"link":"https://stackoverflow.com/questions/75562090/why-do-i-keep-getting-a-black-screen-after-running-this-code","closed_reason":"Duplicate","title":"Why do I keep getting a black screen after running this code?"},{"tags":["class","design-patterns","copy-paste","composition"],"owner":{"account_id":17963724,"reputation":36,"user_id":13054105,"user_type":"registered","profile_image":"https://www.gravatar.com/avatar/a3fcde64ed58305d0891a43653c2bb89?s=256&d=identicon&r=PG&f=y&so-version=2","display_name":"Developer700","link":"https://stackoverflow.com/users/13054105/developer700"},"is_answered":true,"view_count":30,"closed_date":1677414239,"answer_count":1,"score":0,"last_activity_date":1677314090,"creation_date":1677279309,"last_edit_date":1677279684,"question_id":75562089,"link":"https://stackoverflow.com/questions/75562089/when-are-times-when-it-is-preferable-to-copy-and-paste-code-slightly-changing-i","closed_reason":"Opinion-based","title":"When are times when it is preferable to copy-and-paste code, slightly changing it, instead of using something like composition?"},{"tags":["python","sshfs","fsspec"],"owner":{"account_id":1785566,"reputation":1448,"user_id":1627106,"user_type":"registered","accept_rate":81,"profile_image":"https://www.gravatar.com/avatar/ba9e2bb16fd59ef912af2fc9186b9098?s=256&d=identicon&r=PG","display_name":"Daniel","link":"https://stackoverflow.com/users/1627106/daniel"},"is_answered":true,"view_count":206,"accepted_answer_id":75565032,"answer_count":1,"score":0,"last_activity_date":1677324025,"creation_date":1677279260,"last_edit_date":1677322161,"question_id":75562085,"content_license":"CC BY-SA 4.0","link":"https://stackoverflow.com/questions/75562085/use-connection-pooling-with-python-sshfs-fsspec-in-python","title":"Use connection pooling with python sshfs (fsspec) in Python"},{"tags":["javascript","themes","auto","light"],"owner":{"account_id":27873250,"reputation":1,"user_id":21283272,"user_type":"registered","profile_image":"https://lh3.googleusercontent.com/a/AGNmyxbhYPyMAZFj68Zj2gurnz1O_KrGCedoDlnmyyBm=k-s256","display_name":"Jacek Krajewski","link":"https://stackoverflow.com/users/21283272/jacek-krajewski"},"is_answered":false,"view_count":30,"answer_count":0,"score":0,"last_activity_date":1677279233,"creation_date":1677279233,"question_id":75562081,"content_license":"CC BY-SA 4.0","link":"https://stackoverflow.com/questions/75562081/dark-light-automatic-change","title":"Dark/Light Automatic Change"},{"tags":["sas","sas-macro"],"owner":{"account_id":3142242,"reputation":831,"user_id":2657491,"user_type":"registered","accept_rate":82,"profile_image":"https://i.stack.imgur.com/AAbxG.jpg?s=256&g=1","display_name":"lydias","link":"https://stackoverflow.com/users/2657491/lydias"},"is_answered":true,"view_count":104,"accepted_answer_id":75565546,"answer_count":1,"score":1,"last_activity_date":1677329514,"creation_date":1677279220,"question_id":75562078,"content_license":"CC BY-SA 4.0","link":"https://stackoverflow.com/questions/75562078/sas-fill-array-with-variable-end-with-date-some-dates-are-missing","title":"SAS fill array with variable end with date, some dates are missing"},{"tags":["r","dataframe","dplyr","subset"],"owner":{"account_id":17368033,"reputation":59,"user_id":12582734,"user_type":"registered","profile_image":"https://www.gravatar.com/avatar/ee778944c3661bd01209f7764c69727f?s=256&d=identicon&r=PG&f=y&so-version=2","display_name":"Sam Degregori","link":"https://stackoverflow.com/users/12582734/sam-degregori"},"is_answered":true,"view_count":57,"answer_count":1,"score":1,"last_activity_date":1677307936,"creation_date":1677279157,"last_edit_date":1677307936,"question_id":75562072,"content_license":"CC BY-SA 4.0","link":"https://stackoverflow.com/questions/75562072/subset-dataframe-to-have-not-more-than-5-records-for-each-group","title":"Subset dataframe to have not more than 5 records for each group"},{"tags":["visual-studio-code"],"owner":{"account_id":16372413,"reputation":11,"user_id":14087921,"user_type":"registered","profile_image":"https://lh5.googleusercontent.com/-NfqYxv8bGFk/AAAAAAAAAAI/AAAAAAAAACk/o2YdBHnA5f0/photo.jpg?sz=256","display_name":"Leandro Costa","link":"https://stackoverflow.com/users/14087921/leandro-costa"},"is_answered":false,"view_count":51,"answer_count":1,"score":0,"last_activity_date":1677303346,"creation_date":1677279154,"last_edit_date":1677303346,"question_id":75562071,"content_license":"CC BY-SA 4.0","link":"https://stackoverflow.com/questions/75562071/vscode-tricks-replace-the-end-of-a-line-that-has-the-beginning-matching-some-st","title":"VSCODE Tricks: Replace the end of a line that has the beginning matching some string"},{"tags":["python","lstm","hyperparameters"],"owner":{"account_id":27281560,"reputation":11,"user_id":20801382,"user_type":"registered","profile_image":"https://lh3.googleusercontent.com/a/AEdFTp6K4xRiRrijJGBIqUSqbaIIhtT8elr6emEv9G77=k-s256","display_name":"B OZTURK","link":"https://stackoverflow.com/users/20801382/b-ozturk"},"is_answered":false,"view_count":41,"answer_count":0,"score":1,"last_activity_date":1677279141,"creation_date":1677279141,"question_id":75562069,"content_license":"CC BY-SA 4.0","link":"https://stackoverflow.com/questions/75562069/hyperparameters-tunning-for-lstm-python","title":"Hyperparameters tunning for Lstm (python)"},{"tags":["android","react-native","google-play"],"owner":{"account_id":23689588,"reputation":11,"user_id":17714082,"user_type":"registered","profile_image":"https://www.gravatar.com/avatar/43a9265604e602f04bf731266200ded9?s=256&d=identicon&r=PG","display_name":"Anthony","link":"https://stackoverflow.com/users/17714082/anthony"},"is_answered":false,"view_count":429,"answer_count":0,"score":0,"last_activity_date":1677279515,"creation_date":1677279140,"last_edit_date":1677279515,"question_id":75562068,"content_license":"CC BY-SA 4.0","link":"https://stackoverflow.com/questions/75562068/text-not-showing-up-in-production-react-native-app","title":"Text not showing up in production React Native app"},{"tags":["c++","visual-studio-code","intellisense","sfml"],"owner":{"account_id":16358705,"reputation":68,"user_id":11814998,"user_type":"registered","profile_image":"https://lh6.googleusercontent.com/-PnbbmZD_xwA/AAAAAAAAAAI/AAAAAAAAAAA/ACHi3rej5vDTpX7xs_w_CUwM-K3mLaUdPA/photo.jpg?sz=256","display_name":"pevhv","link":"https://stackoverflow.com/users/11814998/pevhv"},"is_answered":true,"view_count":246,"accepted_answer_id":75562329,"answer_count":1,"score":1,"last_activity_date":1677407638,"creation_date":1677279119,"last_edit_date":1677407638,"question_id":75562064,"content_license":"CC BY-SA 4.0","link":"https://stackoverflow.com/questions/75562064/vs-code-intellisense-not-finding-sfml-c-why","title":"VS Code IntelliSense not finding SFML (c++). Why?"},{"tags":["javascript","google-ads-script"],"owner":{"account_id":21030570,"reputation":35,"user_id":15455049,"user_type":"registered","profile_image":"https://lh6.googleusercontent.com/-KTM_z69AWgk/AAAAAAAAAAI/AAAAAAAAAAA/AMZuuclxtKRFmzGSo9YpEWYhiilo0rPLSQ/s96-c/photo.jpg?sz=256","display_name":"ruscias","link":"https://stackoverflow.com/users/15455049/ruscias"},"is_answered":false,"view_count":76,"answer_count":0,"score":0,"last_activity_date":1677279114,"creation_date":1677279114,"question_id":75562063,"content_license":"CC BY-SA 4.0","link":"https://stackoverflow.com/questions/75562063/google-ads-script-single-account-link-checker-script-exceeded-maximum-execut","title":"Google Ads Script - Single Account Link Checker Script - Exceeded maximum execution time - Thoughts on Optimization"},{"tags":["parsing","yaml","config","voip","markup"],"owner":{"account_id":2871874,"reputation":1,"user_id":21283234,"user_type":"registered","profile_image":"https://www.gravatar.com/avatar/e73658e82154c59af20d9d79c05bc87d?s=256&d=identicon&r=PG","display_name":"user50834","link":"https://stackoverflow.com/users/21283234/user50834"},"is_answered":false,"view_count":19,"answer_count":0,"score":0,"last_activity_date":1677279099,"creation_date":1677279099,"question_id":75562062,"content_license":"CC BY-SA 4.0","link":"https://stackoverflow.com/questions/75562062/what-is-this-unknown-markup-config-format-exported-from-metaswitch-formatted-wi","title":"What is this unknown markup/config format exported from Metaswitch, formatted with Begin/End and Spaced Intents, and is there a parser for it?"},{"tags":["python","tensorflow","machine-learning","deep-learning","computer-vision"],"owner":{"account_id":27873220,"reputation":1,"user_id":21283250,"user_type":"registered","profile_image":"https://lh3.googleusercontent.com/a/AGNmyxZJvONxqQeuj5dEK1IZePp7LVzq6KHaR02C2Z6oNw=k-s256","display_name":"Muhammad Omer Mansoor","link":"https://stackoverflow.com/users/21283250/muhammad-omer-mansoor"},"is_answered":false,"view_count":58,"answer_count":0,"score":0,"last_activity_date":1677280921,"creation_date":1677279023,"last_edit_date":1677280921,"question_id":75562055,"content_license":"CC BY-SA 4.0","link":"https://stackoverflow.com/questions/75562055/i-am-trying-to-run-a-code-of-research-paper-and-while-executing-the-train-py-fil","title":"I am trying to run a code of research paper and while executing the train.py file i am facing an issue regarding the model input and output shape"},{"tags":["python","matplotlib","label","cartesian-coordinates","multiple-axes"],"owner":{"account_id":23061681,"reputation":5,"user_id":17176828,"user_type":"registered","profile_image":"https://www.gravatar.com/avatar/bf7953bf2bf7da872646f9c17e7b8dfb?s=256&d=identicon&r=PG","display_name":"DerekJohn13","link":"https://stackoverflow.com/users/17176828/derekjohn13"},"is_answered":true,"view_count":155,"accepted_answer_id":75575652,"answer_count":1,"score":0,"last_activity_date":1677454216,"creation_date":1677279011,"last_edit_date":1677449851,"question_id":75562054,"content_license":"CC BY-SA 4.0","link":"https://stackoverflow.com/questions/75562054/annotate-plot-with-ordered-pair-of-cartesian-coordinates-via-python-and-matplotl","title":"Annotate plot with ordered pair of cartesian coordinates via Python and MatPlotLib library"},{"tags":["android","google-play","android-app-signing","yubico","yubikey"],"owner":{"account_id":9646194,"reputation":1,"user_id":7158856,"user_type":"registered","profile_image":"https://lh6.googleusercontent.com/-AyPbmQBtXPw/AAAAAAAAAAI/AAAAAAAAADI/VnO6aU-oCRU/photo.jpg?sz=256","display_name":"watermellen","link":"https://stackoverflow.com/users/7158856/watermellen"},"is_answered":false,"view_count":81,"answer_count":0,"score":0,"last_activity_date":1677956558,"creation_date":1677279008,"last_edit_date":1677956558,"question_id":75562052,"content_license":"CC BY-SA 4.0","link":"https://stackoverflow.com/questions/75562052/is-it-possible-to-rotate-signing-keys-via-apksigner-when-key-is-stored-on-yubike","title":"Is it possible to rotate signing keys via apksigner when key is stored on YubiKey (PKCS11 protocol)?"},{"tags":["nlp","nltk","text-mining","gensim","word2vec"],"owner":{"account_id":26882372,"reputation":27,"user_id":20462564,"user_type":"registered","profile_image":"https://www.gravatar.com/avatar/8e5a1d36d26dd3bfb7033ce791db7712?s=256&d=identicon&r=PG","display_name":"Aren","link":"https://stackoverflow.com/users/20462564/aren"},"is_answered":false,"view_count":20,"answer_count":0,"score":0,"last_activity_date":1677279007,"creation_date":1677279007,"question_id":75562051,"content_license":"CC BY-SA 4.0","link":"https://stackoverflow.com/questions/75562051/what-is-the-best-approach-in-python-to-find-possibe-direct-relationships-between","title":"What is the best approach in python to find possibe direct relationships between subject and object words in a sentence"},{"tags":["django","django-rest-framework","django-permissions"],"owner":{"account_id":10563511,"reputation":119,"user_id":12035668,"user_type":"registered","profile_image":"https://graph.facebook.com/1887952224782554/picture?type=large","display_name":"Ahmed Mustafa","link":"https://stackoverflow.com/users/12035668/ahmed-mustafa"},"is_answered":false,"view_count":1168,"answer_count":1,"score":0,"last_activity_date":1677319291,"creation_date":1677279001,"question_id":75562049,"content_license":"CC BY-SA 4.0","link":"https://stackoverflow.com/questions/75562049/custom-permission-in-django-rest-framework","title":"Custom permission in django rest framework"},{"tags":["swift","swiftui"],"owner":{"account_id":27312482,"reputation":127,"user_id":20827414,"user_type":"registered","profile_image":"https://www.gravatar.com/avatar/b0f4a6ff560bf0d471f68c91f12c99bf?s=256&d=identicon&r=PG","display_name":"dhaval123","link":"https://stackoverflow.com/users/20827414/dhaval123"},"is_answered":true,"view_count":65,"accepted_answer_id":75562500,"answer_count":2,"score":0,"last_activity_date":1677318653,"creation_date":1677278931,"question_id":75562046,"content_license":"CC BY-SA 4.0","link":"https://stackoverflow.com/questions/75562046/get-maximum-value-from-foreach-object-list-swiftui","title":"get maximum value from foreach object list swiftui"},{"tags":["reactjs"],"owner":{"account_id":27873209,"reputation":25,"user_id":21283242,"user_type":"registered","profile_image":"https://lh3.googleusercontent.com/a/AGNmyxbmrAWvcG1L-dV2h3XcDsXSQGKxATpO__idbm3w=k-s256","display_name":"Matt Perry","link":"https://stackoverflow.com/users/21283242/matt-perry"},"is_answered":true,"view_count":39,"closed_date":1677344757,"accepted_answer_id":75562301,"answer_count":1,"score":0,"last_activity_date":1677281529,"creation_date":1677278908,"question_id":75562044,"link":"https://stackoverflow.com/questions/75562044/react-ternary-operator-issue","closed_reason":"Not suitable for this site","title":"React ternary operator issue"}],"has_more":true,"quota_max":300,"quota_remaining":252}