{"items":[{"tags":["python"],"owner":{"account_id":25049923,"reputation":11,"user_id":18905950,"user_type":"registered","profile_image":"https://www.gravatar.com/avatar/e83fa04bc426ab2828cbe2c66ddbf8db?s=256&d=identicon&r=PG","display_name":"safachaari","link":"https://stackoverflow.com/users/18905950/safachaari"},"is_answered":false,"view_count":58,"answer_count":0,"score":0,"last_activity_date":1678061188,"creation_date":1678057138,"last_edit_date":1678061188,"question_id":75645869,"content_license":"CC BY-SA 4.0","link":"https://stackoverflow.com/questions/75645869/how-to-get-a-new-molecule-using-molbert","title":"How to get a new molecule using molbert"},{"tags":["exception","asp.net-core-webapi"],"owner":{"account_id":1201338,"reputation":81,"user_id":1171946,"user_type":"registered","profile_image":"https://www.gravatar.com/avatar/6e8fef5065be70c8bd4f7d5e8dda793a?s=256&d=identicon&r=PG","display_name":"user1171946","link":"https://stackoverflow.com/users/1171946/user1171946"},"is_answered":false,"view_count":59,"answer_count":0,"score":0,"last_activity_date":1678056859,"creation_date":1678056859,"question_id":75645853,"content_license":"CC BY-SA 4.0","link":"https://stackoverflow.com/questions/75645853/web-api-net-6-catching-exceptions-early-and-replacing-them-with-different-ones","title":"Web API .NET 6: Catching exceptions early and replacing them with different ones"},{"tags":["filter","parameters","row","tableau-api"],"owner":{"account_id":22595197,"reputation":1,"user_id":16777609,"user_type":"registered","profile_image":"https://lh3.googleusercontent.com/a-/AOh14GhrKZOXrWkWj8oLsKPIdF8J105tYrWZI6LBkmNhgbU=k-s256","display_name":"Joseph Allen","link":"https://stackoverflow.com/users/16777609/joseph-allen"},"is_answered":false,"view_count":19,"answer_count":0,"score":0,"last_activity_date":1678056805,"creation_date":1678056805,"question_id":75645848,"content_license":"CC BY-SA 4.0","link":"https://stackoverflow.com/questions/75645848/passing-row-output-as-a-filter-in-tableau","title":"Passing Row Output as a Filter in Tableau"},{"tags":["python","json","tensorflow","keras"],"owner":{"account_id":22503456,"reputation":1,"user_id":16699432,"user_type":"registered","profile_image":"https://graph.facebook.com/631507317828147/picture?type=large","display_name":"Ibrahim K. Fahmy","link":"https://stackoverflow.com/users/16699432/ibrahim-k-fahmy"},"is_answered":false,"view_count":19,"closed_date":1678059062,"answer_count":0,"score":0,"last_activity_date":1678133102,"creation_date":1678056777,"last_edit_date":1678133102,"question_id":75645846,"link":"https://stackoverflow.com/questions/75645846/how-to-solve-this-error-bad-marshal-data-unknown-type-code","closed_reason":"Duplicate","title":"How to solve this error bad marshal data (unknown type code)"},{"tags":["postgresql","go","graphql","gqlgen"],"owner":{"account_id":23189006,"reputation":37,"user_id":17285656,"user_type":"registered","profile_image":"https://www.gravatar.com/avatar/4ff388d5349ed0aae0b46ac7c06a81b7?s=256&d=identicon&r=PG","display_name":"megajon","link":"https://stackoverflow.com/users/17285656/megajon"},"is_answered":false,"view_count":27,"answer_count":0,"score":0,"last_activity_date":1679070594,"creation_date":1678056776,"question_id":75645845,"content_license":"CC BY-SA 4.0","link":"https://stackoverflow.com/questions/75645845/pg-modelunsupported-string-error-when-inserting-ciphertext-with-gqlgen-api","title":"pg: Model(unsupported string) error when inserting ciphertext with gqlgen api"},{"tags":["arrays","c"],"owner":{"account_id":25392324,"reputation":11,"user_id":19203068,"user_type":"registered","profile_image":"https://lh3.googleusercontent.com/a-/AOh14Gi4Ou4aq8NTjXyvApYw9altkGEn-p1VVoQ2EbPXMQ=k-s256","display_name":"Renee Amos","link":"https://stackoverflow.com/users/19203068/renee-amos"},"is_answered":false,"view_count":47,"answer_count":3,"score":0,"last_activity_date":1678485935,"creation_date":1678056735,"last_edit_date":1678485630,"question_id":75645841,"content_license":"CC BY-SA 4.0","link":"https://stackoverflow.com/questions/75645841/segfault-tracking-frequency-of-unique-characters-in-a-string-and-storing-in-arr","title":"Segfault: Tracking frequency of unique characters in a string and storing in array"},{"tags":["telosys"],"owner":{"account_id":2183431,"reputation":3745,"user_id":1932405,"user_type":"registered","accept_rate":96,"profile_image":"https://www.gravatar.com/avatar/bcf5891fc3998fb5cb25ff116e6219f0?s=256&d=identicon&r=PG&f=y&so-version=2","display_name":"Har","link":"https://stackoverflow.com/users/1932405/har"},"is_answered":true,"view_count":123,"accepted_answer_id":75649307,"answer_count":1,"score":0,"last_activity_date":1678096147,"creation_date":1678056699,"question_id":75645837,"content_license":"CC BY-SA 4.0","link":"https://stackoverflow.com/questions/75645837/how-to-provide-input-to-telosys-code-generator","title":"How to provide Input to Telosys code generator"},{"tags":["javascript","d3.js","treemap"],"owner":{"account_id":5423980,"reputation":400,"user_id":4316850,"user_type":"registered","accept_rate":71,"profile_image":"https://i.stack.imgur.com/1Ftw9.jpg?s=256&g=1","display_name":"Got To Figure","link":"https://stackoverflow.com/users/4316850/got-to-figure"},"is_answered":false,"view_count":82,"answer_count":0,"score":0,"last_activity_date":1678056693,"creation_date":1678056693,"question_id":75645835,"content_license":"CC BY-SA 4.0","link":"https://stackoverflow.com/questions/75645835/how-to-remap-d3-v3-to-v7-functions-correctly-when-migrating-treemap-api","title":"How to remap D3 v3 to v7 functions correctly when migrating treemap api?"},{"tags":["python","selenium-webdriver"],"owner":{"account_id":26366413,"reputation":205,"user_id":20021812,"user_type":"registered","profile_image":"https://lh3.googleusercontent.com/a/ALm5wu22w5wq-0gLEYrMw5BOY_KS7ghtOM-i7Sxb6G9S=k-s256","display_name":"Felipe","link":"https://stackoverflow.com/users/20021812/felipe"},"is_answered":true,"view_count":49,"answer_count":1,"score":0,"last_activity_date":1678087821,"creation_date":1678056647,"last_edit_date":1678057954,"question_id":75645829,"content_license":"CC BY-SA 4.0","link":"https://stackoverflow.com/questions/75645829/how-to-upload-with-selenium","title":"How to upload with Selenium?"},{"tags":["cmake","gmp"],"owner":{"account_id":2845933,"reputation":149,"user_id":2444342,"user_type":"registered","accept_rate":75,"profile_image":"https://www.gravatar.com/avatar/8ba26696058b93d93a2ce92c5b61b48c?s=256&d=identicon&r=PG","display_name":"user2444342","link":"https://stackoverflow.com/users/2444342/user2444342"},"is_answered":false,"view_count":143,"answer_count":0,"score":2,"last_activity_date":1678058221,"creation_date":1678056626,"last_edit_date":1678058221,"question_id":75645826,"content_license":"CC BY-SA 4.0","link":"https://stackoverflow.com/questions/75645826/cmake-cant-find-gmp-library-when-compiling-minetest","title":"CMake cant find GMP library when compiling minetest"},{"tags":["google-apps-script"],"owner":{"account_id":6355092,"reputation":417,"user_id":4932717,"user_type":"registered","accept_rate":86,"profile_image":"https://www.gravatar.com/avatar/a4b13609b6eafe70fcd2e7d545d31eca?s=256&d=identicon&r=PG&f=y&so-version=2","display_name":"Andrew","link":"https://stackoverflow.com/users/4932717/andrew"},"is_answered":false,"view_count":34,"answer_count":0,"score":0,"last_activity_date":1678056558,"creation_date":1678056558,"question_id":75645823,"content_license":"CC BY-SA 4.0","link":"https://stackoverflow.com/questions/75645823/google-visualization-formatters-based-on-value-in-a-different-field","title":"Google Visualization Formatters based on value in a different field"},{"tags":["twig"],"owner":{"account_id":10827450,"reputation":1,"user_id":7962944,"user_type":"registered","profile_image":"https://www.gravatar.com/avatar/10fb3d1532ea50c4010fd7979c179844?s=256&d=identicon&r=PG&f=y&so-version=2","display_name":"James","link":"https://stackoverflow.com/users/7962944/james"},"is_answered":false,"view_count":50,"answer_count":1,"score":0,"last_activity_date":1678107200,"creation_date":1678056550,"last_edit_date":1678056656,"question_id":75645822,"content_license":"CC BY-SA 4.0","link":"https://stackoverflow.com/questions/75645822/how-can-i-reuse-dynamic-html-in-twig-twig-function","title":"How can I reuse dynamic html in twig (twig function?)"},{"tags":["php","mongodb","xampp"],"owner":{"account_id":27943031,"reputation":1,"user_id":21338652,"user_type":"registered","profile_image":"https://www.gravatar.com/avatar/f1f9f00325bc60b1e88e8bfb092c7059?s=256&d=identicon&r=PG","display_name":"UltraHardCorn","link":"https://stackoverflow.com/users/21338652/ultrahardcorn"},"is_answered":false,"view_count":46,"answer_count":0,"score":0,"last_activity_date":1678056550,"creation_date":1678056550,"question_id":75645821,"content_license":"CC BY-SA 4.0","link":"https://stackoverflow.com/questions/75645821/mongodb-driver-manager-is-an-unknow-class-php","title":"MongoDB\\Driver\\Manager is an unknow class PHP"},{"tags":["xml","web-config"],"owner":{"account_id":25265976,"reputation":7,"user_id":19096149,"user_type":"registered","profile_image":"https://i.stack.imgur.com/qiMPP.png?s=256&g=1","display_name":"Gary P.","link":"https://stackoverflow.com/users/19096149/gary-p"},"is_answered":false,"view_count":21,"answer_count":0,"score":0,"last_activity_date":1678056541,"creation_date":1678056541,"question_id":75645820,"content_license":"CC BY-SA 4.0","link":"https://stackoverflow.com/questions/75645820/c-reading-value-from-the-web-config-in-appsettings","title":"C# reading Value from the web.config in appSettings"},{"tags":["android","flutter","dart"],"owner":{"account_id":26044725,"reputation":45,"user_id":19748893,"user_type":"registered","profile_image":"https://www.gravatar.com/avatar/17977070362a0037d25ff121b25ebd00?s=256&d=identicon&r=PG","display_name":"rurjaf","link":"https://stackoverflow.com/users/19748893/rurjaf"},"is_answered":false,"view_count":42,"answer_count":1,"score":0,"last_activity_date":1678058318,"creation_date":1678056453,"question_id":75645818,"content_license":"CC BY-SA 4.0","link":"https://stackoverflow.com/questions/75645818/sharedpreferences-with-boolean-in-iconbutton-flutter","title":"sharedPreferences with boolean in iconButton flutter"},{"tags":["python"],"owner":{"account_id":27845280,"reputation":11,"user_id":21260886,"user_type":"registered","profile_image":"https://lh3.googleusercontent.com/a/AEdFTp7ChJ0FAaYgIcO5Lb39QPHDLRopYR5s4CRHkzcDgw=k-s256","display_name":"V Fried","link":"https://stackoverflow.com/users/21260886/v-fried"},"is_answered":false,"view_count":140,"closed_date":1678078640,"answer_count":1,"score":1,"last_activity_date":1678057659,"creation_date":1678056450,"last_edit_date":1678057301,"question_id":75645817,"link":"https://stackoverflow.com/questions/75645817/date-validation-dictionaries-gives-different-output-than-expected","closed_reason":"Not suitable for this site","title":"Date validation (dictionaries) gives different output than expected"},{"tags":["c#","opengl","opentk"],"owner":{"account_id":24752353,"reputation":57,"user_id":18637675,"user_type":"registered","profile_image":"https://i.stack.imgur.com/Hdjeq.jpg?s=256&g=1","display_name":"Lea","link":"https://stackoverflow.com/users/18637675/lea"},"is_answered":true,"view_count":91,"accepted_answer_id":75645929,"answer_count":1,"score":2,"last_activity_date":1678058266,"creation_date":1678056379,"question_id":75645813,"content_license":"CC BY-SA 4.0","link":"https://stackoverflow.com/questions/75645813/why-is-my-code-not-rendering-a-very-simple-rectangle","title":"Why is my code not rendering a very simple rectangle?"},{"tags":["python","shared-memory","bytesio"],"owner":{"account_id":101037,"reputation":11047,"user_id":272023,"user_type":"registered","accept_rate":66,"profile_image":"https://www.gravatar.com/avatar/25dbc4a263833e5a5b36f5394cfc1d01?s=256&d=identicon&r=PG","display_name":"John","link":"https://stackoverflow.com/users/272023/john"},"is_answered":true,"view_count":755,"accepted_answer_id":75645832,"answer_count":1,"score":1,"last_activity_date":1678212340,"creation_date":1678056361,"last_edit_date":1678057235,"question_id":75645812,"content_license":"CC BY-SA 4.0","link":"https://stackoverflow.com/questions/75645812/how-do-i-copy-bytes-to-from-sharedmemory-into-bytesio","title":"How do I copy bytes to/from SharedMemory into BytesIO?"},{"tags":["linux","bash","docker","shell"],"owner":{"account_id":13969208,"reputation":3378,"user_id":10088259,"user_type":"registered","profile_image":"https://www.gravatar.com/avatar/b2b51eb5f9c162c33081b2cc0e00a276?s=256&d=identicon&r=PG&f=y&so-version=2","display_name":"Fred Hors","link":"https://stackoverflow.com/users/10088259/fred-hors"},"is_answered":true,"view_count":30,"accepted_answer_id":75645836,"answer_count":1,"score":0,"last_activity_date":1678056699,"creation_date":1678056319,"question_id":75645810,"content_license":"CC BY-SA 4.0","link":"https://stackoverflow.com/questions/75645810/detect-with-shell-if-one-and-only-one-docker-container-is-up-with-this-while-scr","title":"Detect with shell if one and only one docker container is up with this while script"},{"tags":["r","r-raster"],"owner":{"account_id":24112596,"reputation":11,"user_id":18082979,"user_type":"registered","profile_image":"https://www.gravatar.com/avatar/b1680323422b9d63761c1f4fb40e754c?s=256&d=identicon&r=PG","display_name":"ac_wildlife","link":"https://stackoverflow.com/users/18082979/ac-wildlife"},"is_answered":false,"view_count":41,"answer_count":0,"score":0,"last_activity_date":1678111532,"creation_date":1678056308,"last_edit_date":1678111532,"question_id":75645809,"content_license":"CC BY-SA 4.0","link":"https://stackoverflow.com/questions/75645809/how-to-ignore-first-na-value-when-finding-linear-trend-across-raster-stack","title":"How to ignore first NA value when finding linear trend across raster stack"},{"tags":["webpack","mini-css-extract-plugin"],"owner":{"account_id":27943023,"reputation":1,"user_id":21338646,"user_type":"registered","profile_image":"https://graph.facebook.com/10100306880676110/picture?type=large","display_name":"Bryan Purcell","link":"https://stackoverflow.com/users/21338646/bryan-purcell"},"is_answered":false,"view_count":47,"answer_count":0,"score":0,"last_activity_date":1678056248,"creation_date":1678056248,"question_id":75645803,"content_license":"CC BY-SA 4.0","link":"https://stackoverflow.com/questions/75645803/modify-chunk-filename-at-runtime-similar-to-webpack-get-script-filename-bu","title":"Modify chunk filename at runtime (similar to __webpack_get_script_filename__) but for CSS chunks created with mini-css-extract-plugin"},{"tags":["javascript","google-apps-script"],"owner":{"account_id":12859903,"reputation":244,"user_id":9301989,"user_type":"registered","profile_image":"https://i.stack.imgur.com/Z9ti6.png?s=256&g=1","display_name":"Einarr","link":"https://stackoverflow.com/users/9301989/einarr"},"is_answered":true,"view_count":62,"closed_date":1678130917,"accepted_answer_id":75649751,"answer_count":1,"score":0,"last_activity_date":1678098907,"creation_date":1678056246,"question_id":75645802,"link":"https://stackoverflow.com/questions/75645802/how-to-remove-duplicates-of-a-multi-dimensional-array-based-on-a-column","closed_reason":"Duplicate","title":"How to remove duplicates of a multi-dimensional array based on a column"},{"tags":["android"],"owner":{"account_id":13442293,"reputation":11,"user_id":9699197,"user_type":"registered","profile_image":"https://www.gravatar.com/avatar/621740f95f7b34ebffbaeee7642d32a0?s=256&d=identicon&r=PG&f=y&so-version=2","display_name":"Tjk","link":"https://stackoverflow.com/users/9699197/tjk"},"is_answered":false,"view_count":82,"answer_count":0,"score":0,"last_activity_date":1678056226,"creation_date":1678056226,"question_id":75645801,"content_license":"CC BY-SA 4.0","link":"https://stackoverflow.com/questions/75645801/android-api-toggle-system-wide-mono-audio-in-app","title":"Android api: Toggle system-wide mono audio in app"},{"tags":["postgresql","transformation","dbt"],"owner":{"account_id":19064909,"reputation":57,"user_id":13920180,"user_type":"registered","profile_image":"https://www.gravatar.com/avatar/d8231991bc70d2f8b15f79c39e44de75?s=256&d=identicon&r=PG&f=y&so-version=2","display_name":"Fariha Baloch","link":"https://stackoverflow.com/users/13920180/fariha-baloch"},"is_answered":false,"view_count":384,"answer_count":1,"score":0,"last_activity_date":1678133873,"creation_date":1678056059,"last_edit_date":1678133873,"question_id":75645795,"content_license":"CC BY-SA 4.0","link":"https://stackoverflow.com/questions/75645795/jsonb-column-transformation-in-postgres-or-using-dbt","title":"Jsonb column transformation in postgres or using dbt"},{"tags":["python","tensorflow","loss-function","val"],"owner":{"account_id":27942998,"reputation":11,"user_id":21338624,"user_type":"registered","profile_image":"https://www.gravatar.com/avatar/bc09fba5e65727156eb381c787e6dfa7?s=256&d=identicon&r=PG&f=y&so-version=2","display_name":"Abir b","link":"https://stackoverflow.com/users/21338624/abir-b"},"is_answered":false,"view_count":45,"closed_date":1678064477,"answer_count":1,"score":-3,"last_activity_date":1678057553,"creation_date":1678056041,"last_edit_date":1678057553,"question_id":75645791,"link":"https://stackoverflow.com/questions/75645791/academic-project-named-molecule-design","closed_reason":"Duplicate","title":"Academic project named molecule design"},{"tags":["google-cloud-platform","workbench","google-cloud-vertex-ai"],"owner":{"account_id":9552240,"reputation":392,"user_id":7096004,"user_type":"registered","profile_image":"https://lh6.googleusercontent.com/-w3IZYJ-fbvs/AAAAAAAAAAI/AAAAAAAAAB0/ok-s85673ZA/photo.jpg?sz=256","display_name":"benaou mouad","link":"https://stackoverflow.com/users/7096004/benaou-mouad"},"is_answered":true,"view_count":243,"answer_count":1,"score":0,"last_activity_date":1678058588,"creation_date":1678055912,"question_id":75645782,"content_license":"CC BY-SA 4.0","link":"https://stackoverflow.com/questions/75645782/gcloud-config-get-value-compute-region-returns-unset-while-the-regions-is-been","title":"!gcloud config get-value compute/region returns unset while the regions is been set ( vertexaiworkbench notebook )"},{"tags":["datetime","google-sheets","google-sheets-formula"],"owner":{"account_id":27942996,"reputation":13,"user_id":21338622,"user_type":"registered","profile_image":"https://www.gravatar.com/avatar/1ce21f5f524503a11d3699f51cf6f9bc?s=256&d=identicon&r=PG","display_name":"gthomps42","link":"https://stackoverflow.com/users/21338622/gthomps42"},"is_answered":true,"view_count":46,"accepted_answer_id":75646118,"answer_count":1,"score":1,"last_activity_date":1678061512,"creation_date":1678055837,"last_edit_date":1678061512,"question_id":75645776,"content_license":"CC BY-SA 4.0","link":"https://stackoverflow.com/questions/75645776/is-there-a-way-in-google-sheets-to-have-the-datetime-format-changed-automatical","title":"Is there a way in google sheets to have the date:time format changed automatically on imported data?"},{"tags":["c++","windows","qt"],"owner":{"account_id":26683527,"reputation":1,"user_id":20293179,"user_type":"registered","profile_image":"https://www.gravatar.com/avatar/d899db7a3874ce7104778808b9826c74?s=256&d=identicon&r=PG","display_name":"EviiiiL","link":"https://stackoverflow.com/users/20293179/eviiiil"},"is_answered":true,"view_count":512,"accepted_answer_id":75646109,"answer_count":1,"score":-1,"last_activity_date":1683702094,"creation_date":1678055807,"last_edit_date":1678055910,"question_id":75645774,"content_license":"CC BY-SA 4.0","link":"https://stackoverflow.com/questions/75645774/qobjectconnectqquickwindow-qdeclarativegeomap-invalid-nullptr-parameter","title":"QObject::connect(QQuickWindow, QDeclarativeGeoMap): invalid nullptr parameter"},{"tags":["visual-studio-code","stm32"],"owner":{"account_id":2239910,"reputation":432,"user_id":1975199,"user_type":"registered","accept_rate":14,"profile_image":"https://www.gravatar.com/avatar/fd282360f3d610f61eeda6170c873047?s=256&d=identicon&r=PG","display_name":"jgauthier","link":"https://stackoverflow.com/users/1975199/jgauthier"},"is_answered":false,"view_count":131,"answer_count":0,"score":0,"last_activity_date":1678055802,"creation_date":1678055802,"question_id":75645773,"content_license":"CC BY-SA 4.0","link":"https://stackoverflow.com/questions/75645773/stm32-development-program-works-with-eclipse-ide-but-not-with-vscode","title":"STM32 development - program &quot;works&quot; with Eclipse IDE but not with VScode"},{"tags":["c++"],"owner":{"account_id":27942886,"reputation":37,"user_id":21338536,"user_type":"registered","profile_image":"https://i.stack.imgur.com/YwR5B.jpg?s=256&g=1","display_name":"Gablinsky","link":"https://stackoverflow.com/users/21338536/gablinsky"},"is_answered":false,"view_count":50,"answer_count":1,"score":2,"last_activity_date":1678056141,"creation_date":1678055667,"last_edit_date":1678056141,"question_id":75645768,"content_license":"CC BY-SA 4.0","link":"https://stackoverflow.com/questions/75645768/c-problem-with-simple-terminal-pause-function","title":"C++ Problem with simple terminal pause function"}],"has_more":true,"quota_max":300,"quota_remaining":215}