{"items":[{"tags":["google-cloud-platform","google-bigquery","google-cloud-pubsub","terraform-provider-gcp"],"owner":{"account_id":27266861,"reputation":19,"user_id":20788750,"user_type":"registered","profile_image":"https://lh3.googleusercontent.com/a/AEdFTp7ZvG6X-tuFqD5CBo23cNGRB-UtzPhW8RxzHQT3=k-s256","display_name":"Krish","link":"https://stackoverflow.com/users/20788750/krish"},"is_answered":true,"view_count":327,"accepted_answer_id":76104410,"answer_count":1,"score":-1,"last_activity_date":1682447935,"creation_date":1681876783,"last_edit_date":1681919601,"question_id":76050658,"content_license":"CC BY-SA 4.0","link":"https://stackoverflow.com/questions/76050658/google-cloud-pub-sub-write-to-bigquery-with-metadata-missing-fields","title":"Google cloud - pub/sub - write to Bigquery with metadata - missing fields"},{"tags":["delphi","crosstalk","tthread"],"owner":{"account_id":27952503,"reputation":11,"user_id":21345997,"user_type":"registered","profile_image":"https://www.gravatar.com/avatar/c5787bc3b2f60c2c31461559d039742e?s=256&d=identicon&r=PG","display_name":"The Pudding Race","link":"https://stackoverflow.com/users/21345997/the-pudding-race"},"is_answered":false,"view_count":126,"answer_count":0,"score":0,"last_activity_date":1681884466,"creation_date":1681876455,"last_edit_date":1681880752,"question_id":76050646,"content_license":"CC BY-SA 4.0","link":"https://stackoverflow.com/questions/76050646/is-tthread-passing-object-to-main-thread-via-synchronise-ok","title":"Is TThread passing object to main thread via Synchronise OK?"},{"tags":["javascript","reactjs"],"owner":{"account_id":27149413,"reputation":73,"user_id":20689113,"user_type":"registered","profile_image":"https://i.stack.imgur.com/e0le5.jpg?s=256&g=1","display_name":"flutternewbiee","link":"https://stackoverflow.com/users/20689113/flutternewbiee"},"is_answered":false,"view_count":35,"answer_count":1,"score":-2,"last_activity_date":1681889550,"creation_date":1681876429,"question_id":76050644,"content_license":"CC BY-SA 4.0","link":"https://stackoverflow.com/questions/76050644/copying-a-value-inside-a-map-of-td-using-a-button","title":"copying a value inside a map of &lt;td&gt; using a button"},{"tags":["amazon-web-services","amazon-elasticache","amazon-dynamodb-streams"],"owner":{"account_id":5454661,"reputation":560,"user_id":4338478,"user_type":"registered","profile_image":"https://www.gravatar.com/avatar/b1b41404bae444f0412292522fa2289c?s=256&d=identicon&r=PG&f=y&so-version=2","display_name":"blastervla","link":"https://stackoverflow.com/users/4338478/blastervla"},"is_answered":true,"view_count":83,"accepted_answer_id":76053454,"answer_count":1,"score":0,"last_activity_date":1681900251,"creation_date":1681876381,"question_id":76050642,"content_license":"CC BY-SA 4.0","link":"https://stackoverflow.com/questions/76050642/elasticache-prepopulate-when-node-starts","title":"ElastiCache prepopulate when node starts"},{"tags":["python","pytorch","tensor","matrix-indexing"],"owner":{"account_id":25035758,"reputation":3,"user_id":21677719,"user_type":"registered","profile_image":"https://www.gravatar.com/avatar/786bdf7ec2a82000401ed049d497e8a2?s=256&d=identicon&r=PG","display_name":"CXLi","link":"https://stackoverflow.com/users/21677719/cxli"},"is_answered":true,"view_count":108,"accepted_answer_id":76051229,"answer_count":1,"score":-1,"last_activity_date":1681884617,"creation_date":1681876278,"question_id":76050635,"content_license":"CC BY-SA 4.0","link":"https://stackoverflow.com/questions/76050635/how-to-convert-topk-data-from-torch-tensor-topk-to-a-pytorch-tensor","title":"How to convert topk data from torch.tensor.topk() to a pytorch tensor"},{"tags":["ios","swift","bluetooth-lowenergy"],"owner":{"account_id":5299264,"reputation":200,"user_id":4229472,"user_type":"registered","accept_rate":78,"profile_image":"https://www.gravatar.com/avatar/07f6370bb34bd9141b3bf904b82db085?s=256&d=identicon&r=PG&f=y&so-version=2","display_name":"vinoth87","link":"https://stackoverflow.com/users/4229472/vinoth87"},"is_answered":true,"view_count":149,"accepted_answer_id":76050656,"answer_count":1,"score":-2,"last_activity_date":1681890574,"creation_date":1681876200,"question_id":76050630,"content_license":"CC BY-SA 4.0","link":"https://stackoverflow.com/questions/76050630/ble-read-characteristics-takes-approximately-takes-3-to-4-seconds-how-to-read-f","title":"BLE Read characteristics takes approximately takes 3 to 4 seconds? How to read faster?"},{"tags":["typescript","react-native"],"owner":{"account_id":18863655,"reputation":1,"user_id":13759853,"user_type":"registered","profile_image":"https://www.gravatar.com/avatar/0fcb9bbdee3a985387528bbc927d2183?s=256&d=identicon&r=PG&f=y&so-version=2","display_name":"Wiratama Adi Wibawa","link":"https://stackoverflow.com/users/13759853/wiratama-adi-wibawa"},"is_answered":false,"view_count":33,"answer_count":1,"score":-1,"last_activity_date":1681892705,"creation_date":1681876198,"question_id":76050629,"content_license":"CC BY-SA 4.0","link":"https://stackoverflow.com/questions/76050629/how-to-make-apply-function-like-tailwind-with-typescript","title":"How to make apply function like tailwind with typescript"},{"tags":["python","sql-server","pyodbc"],"owner":{"account_id":28345507,"reputation":15,"user_id":21677797,"user_type":"registered","profile_image":"https://lh3.googleusercontent.com/a/AGNmyxYxm8QIHC47xzuAIVcfRQf-rMxqX4zzl1kD6U5S=k-s256","display_name":"user21677797","link":"https://stackoverflow.com/users/21677797/user21677797"},"is_answered":false,"view_count":43,"closed_date":1681927369,"answer_count":0,"score":0,"last_activity_date":1681876175,"creation_date":1681876175,"question_id":76050627,"link":"https://stackoverflow.com/questions/76050627/pyodbc-millions-of-records-ingestion","closed_reason":"Duplicate","title":"PYODBC - Millions of Records Ingestion"},{"tags":["android","android-studio","gradle"],"owner":{"account_id":5876042,"reputation":3033,"user_id":4626826,"user_type":"registered","accept_rate":46,"profile_image":"https://lh4.googleusercontent.com/-ZhfxrA-NG-k/AAAAAAAAAAI/AAAAAAAAAAA/q56lHKqg0WU/photo.jpg?sz=256","display_name":"Vishwajit Palankar","link":"https://stackoverflow.com/users/4626826/vishwajit-palankar"},"is_answered":false,"view_count":47,"answer_count":0,"score":0,"last_activity_date":1681876061,"creation_date":1681876061,"question_id":76050622,"content_license":"CC BY-SA 4.0","link":"https://stackoverflow.com/questions/76050622/how-to-check-all-the-urls-being-hit-while-app-is-being-build-in-android-studio","title":"How to check all the URLs being hit while app is being build in Android studio"},{"tags":["angular","ckeditor4"],"owner":{"account_id":28345571,"reputation":11,"user_id":21677854,"user_type":"registered","profile_image":"https://www.gravatar.com/avatar/0f4ed199166298ab17f157970b4ccf4f?s=256&d=identicon&r=PG&f=y&so-version=2","display_name":"Pushpatil","link":"https://stackoverflow.com/users/21677854/pushpatil"},"is_answered":false,"view_count":17,"answer_count":1,"score":0,"last_activity_date":1688539100,"creation_date":1681876025,"question_id":76050621,"content_license":"CC BY-SA 4.0","link":"https://stackoverflow.com/questions/76050621/how-to-prevent-showing-patse-icon-after-right-click-in-ckeditor4","title":"how to prevent showing patse icon after right click in ckeditor4"},{"tags":["angular","primeng"],"owner":{"account_id":28345495,"reputation":11,"user_id":21677786,"user_type":"registered","profile_image":"https://lh3.googleusercontent.com/a/AGNmyxbFOc0jQ_mcu06c-LyyLFnwHk8dpILHrSZ09GGV=k-s256","display_name":"joinow","link":"https://stackoverflow.com/users/21677786/joinow"},"is_answered":false,"view_count":139,"answer_count":0,"score":1,"last_activity_date":1681875860,"creation_date":1681875860,"question_id":76050616,"content_license":"CC BY-SA 4.0","link":"https://stackoverflow.com/questions/76050616/primeng-esc-not-working-when-dialog-contains-any-dropdown","title":"PrimeNG - ESC not working when dialog contains any dropdown"},{"tags":["php","api","rest","http","curl"],"owner":{"account_id":28163262,"reputation":15,"user_id":21522816,"user_type":"registered","profile_image":"https://lh3.googleusercontent.com/a/AGNmyxbpZQJLWugoou7bKjnMmpvV0H_S-SJzAc2Lz4LN=k-s256","display_name":"Felix","link":"https://stackoverflow.com/users/21522816/felix"},"is_answered":true,"view_count":69,"accepted_answer_id":76050764,"answer_count":1,"score":0,"last_activity_date":1681878589,"creation_date":1681875860,"last_edit_date":1681878589,"question_id":76050615,"content_license":"CC BY-SA 4.0","link":"https://stackoverflow.com/questions/76050615/validation-error-when-making-post-boldsign-api-request","title":"Validation error when making POST Boldsign API request"},{"tags":["javascript","html","notifications"],"owner":{"account_id":28055235,"reputation":41,"user_id":21430381,"user_type":"registered","profile_image":"https://lh3.googleusercontent.com/a/AGNmyxYpr_t4GyWr-mv09YgPU2RT3GhHKAmkgpyPZLbj=k-s256","display_name":"Jeramiah Burke","link":"https://stackoverflow.com/users/21430381/jeramiah-burke"},"is_answered":false,"view_count":47,"answer_count":0,"score":1,"last_activity_date":1681928634,"creation_date":1681875794,"last_edit_date":1681928634,"question_id":76050611,"content_license":"CC BY-SA 4.0","link":"https://stackoverflow.com/questions/76050611/i-am-trying-to-get-my-error-messages-display-if-requirements-are-not-met-for-re","title":"I am trying to get my error messages display if requirements are not met .For reason beyond my expertise I am getting an error and have no idea why"},{"tags":["swift","list","swiftui","foreach","detailview"],"owner":{"account_id":6600720,"reputation":639,"user_id":5099112,"user_type":"registered","profile_image":"https://www.gravatar.com/avatar/3210a08a457d73ed42e4057193888e7f?s=256&d=identicon&r=PG&f=y&so-version=2","display_name":"netsplatter","link":"https://stackoverflow.com/users/5099112/netsplatter"},"is_answered":false,"view_count":74,"answer_count":0,"score":0,"last_activity_date":1681875779,"creation_date":1681875779,"question_id":76050610,"content_license":"CC BY-SA 4.0","link":"https://stackoverflow.com/questions/76050610/how-to-trigger-ondisappear-event-for-a-view-inside-foreach-loop-in-swiftui","title":"How to trigger .onDisappear event for a View inside ForEach loop in SwiftUI?"},{"tags":["flutter","dart"],"owner":{"account_id":12347738,"reputation":69,"user_id":11870017,"user_type":"registered","profile_image":"https://www.gravatar.com/avatar/4e2eca8bb393c6c25ff260475067a70b?s=256&d=identicon&r=PG&f=y&so-version=2","display_name":"Daniel Wagner","link":"https://stackoverflow.com/users/11870017/daniel-wagner"},"is_answered":false,"view_count":400,"answer_count":0,"score":1,"last_activity_date":1681875589,"creation_date":1681875589,"question_id":76050600,"content_license":"CC BY-SA 4.0","link":"https://stackoverflow.com/questions/76050600/socketexception-when-connecting-to-vm-service","title":"SocketException when connecting to VM Service"},{"tags":["c","operating-system"],"owner":{"account_id":25502510,"reputation":1,"user_id":19295467,"user_type":"registered","profile_image":"https://lh3.googleusercontent.com/a/AATXAJy6HRRUAr-HyL1m-vwUf2CmEYx2ckaZQAPnrg16=k-s256","display_name":"BHAVESH","link":"https://stackoverflow.com/users/19295467/bhavesh"},"is_answered":true,"view_count":113,"closed_date":1682900205,"answer_count":1,"score":0,"last_activity_date":1682828679,"creation_date":1681875544,"last_edit_date":1681875911,"question_id":76050596,"link":"https://stackoverflow.com/questions/76050596/modify-code-to-print-a-instead-of-ba-using-asm-in-f2","closed_reason":"Needs more focus","title":"Modify code to print A instead of BA using asm in f2"},{"tags":["panel","xfce"],"owner":{"account_id":2299302,"reputation":2051,"user_id":2019965,"user_type":"registered","accept_rate":62,"profile_image":"https://i.stack.imgur.com/MDkxy.gif?s=256&g=1","display_name":"iateadonut","link":"https://stackoverflow.com/users/2019965/iateadonut"},"is_answered":false,"view_count":31,"answer_count":1,"score":0,"last_activity_date":1681899192,"creation_date":1681875524,"last_edit_date":1681899192,"question_id":76050594,"content_license":"CC BY-SA 4.0","link":"https://stackoverflow.com/questions/76050594/xfce-2nd-panel-underneath-1st-panel-that-will-lock-to-the-border","title":"xfce 2nd panel underneath 1st panel that will lock to the border"},{"tags":["cpu","cpu-architecture","6502"],"owner":{"account_id":28345171,"reputation":41,"user_id":21677506,"user_type":"registered","profile_image":"https://lh3.googleusercontent.com/a/AGNmyxYq0_t406Wvr7HZZo00w8AjDxPhjrinBBrKw5ds=k-s256","display_name":"Chickenguy5","link":"https://stackoverflow.com/users/21677506/chickenguy5"},"is_answered":true,"view_count":207,"answer_count":2,"score":4,"last_activity_date":1683305178,"creation_date":1681875523,"last_edit_date":1683305178,"question_id":76050593,"content_license":"CC BY-SA 4.0","link":"https://stackoverflow.com/questions/76050593/how-does-a-6502-cpu-have-an-8-bit-data-bus","title":"How does a 6502 CPU have an 8-bit data bus?"},{"tags":["mediawiki","mediawiki-extensions","mediawiki-templates"],"owner":{"account_id":4797985,"reputation":11,"user_id":3875333,"user_type":"registered","profile_image":"https://www.gravatar.com/avatar/71cb9146ca4442a2fd79ad85028b08ee?s=256&d=identicon&r=PG&f=y&so-version=2","display_name":"redheadkelly","link":"https://stackoverflow.com/users/3875333/redheadkelly"},"is_answered":false,"view_count":51,"answer_count":1,"score":0,"last_activity_date":1694975537,"creation_date":1681875406,"last_edit_date":1681896491,"question_id":76050584,"content_license":"CC BY-SA 4.0","link":"https://stackoverflow.com/questions/76050584/check-to-see-if-references-is-empty","title":"Check to see if &lt;references /&gt; is empty"},{"tags":["python","database","math","rounding"],"owner":{"user_type":"does_not_exist","display_name":"user17511401"},"is_answered":false,"view_count":40,"answer_count":0,"score":0,"last_activity_date":1681875404,"creation_date":1681875404,"question_id":76050583,"content_license":"CC BY-SA 4.0","link":"https://stackoverflow.com/questions/76050583/potential-maths-rounding-error-with-python-voting-system","title":"Potential maths rounding error with python voting system"},{"tags":["vb.net","picturebox"],"owner":{"account_id":23340093,"reputation":25,"user_id":17415097,"user_type":"registered","profile_image":"https://www.gravatar.com/avatar/9ffead945ed41fdeb4d380e2a0a83bed?s=256&d=identicon&r=PG","display_name":"Robert","link":"https://stackoverflow.com/users/17415097/robert"},"is_answered":false,"view_count":46,"answer_count":0,"score":1,"last_activity_date":1681884854,"creation_date":1681875254,"last_edit_date":1681884854,"question_id":76050576,"content_license":"CC BY-SA 4.0","link":"https://stackoverflow.com/questions/76050576/image-appears-outside-of-round-border","title":"image appears outside of round border"},{"tags":["ios","xcode","xcode-cloud"],"owner":{"account_id":2166697,"reputation":570,"user_id":1919672,"user_type":"registered","profile_image":"https://www.gravatar.com/avatar/f3d2a111405cf1994b6e71bfef48e10d?s=256&d=identicon&r=PG","display_name":"dcrow","link":"https://stackoverflow.com/users/1919672/dcrow"},"is_answered":false,"view_count":506,"answer_count":1,"score":-1,"last_activity_date":1681953874,"creation_date":1681875179,"question_id":76050572,"content_license":"CC BY-SA 4.0","link":"https://stackoverflow.com/questions/76050572/xcode-build-version-flag-to-set-for-xcode-cloud","title":"Xcode Build version flag to set for Xcode Cloud"},{"tags":["docker","next.js","monorepo","nrwl-nx"],"owner":{"account_id":4702774,"reputation":1417,"user_id":4519138,"user_type":"registered","accept_rate":62,"profile_image":"https://i.stack.imgur.com/rA4EN.png?s=256&g=1","display_name":"CandleCoder","link":"https://stackoverflow.com/users/4519138/candlecoder"},"is_answered":true,"view_count":345,"accepted_answer_id":76626522,"answer_count":3,"score":2,"last_activity_date":1688629091,"creation_date":1681875147,"last_edit_date":1682117938,"question_id":76050570,"content_license":"CC BY-SA 4.0","link":"https://stackoverflow.com/questions/76050570/getting-error-nx-failed-to-create-directory-app-node-modules-cache-nx-while","title":"Getting Error : NX Failed to create directory: /app/node_modules/.cache/nx while creating Docker Image"},{"tags":["laravel"],"owner":{"account_id":20196233,"reputation":17,"user_id":14813120,"user_type":"registered","profile_image":"https://www.gravatar.com/avatar/e0fb74cb755ea21120bfa3c1ac35d45c?s=256&d=identicon&r=PG&f=y&so-version=2","display_name":"AlphaRabid","link":"https://stackoverflow.com/users/14813120/alpharabid"},"is_answered":true,"view_count":166,"accepted_answer_id":76050586,"answer_count":1,"score":0,"last_activity_date":1681876701,"creation_date":1681875122,"last_edit_date":1681876701,"question_id":76050568,"content_license":"CC BY-SA 4.0","link":"https://stackoverflow.com/questions/76050568/laravel-responsemake-but-file-automatically-start-to-download","title":"Laravel Response::make, but file automatically start to download"},{"tags":["sql","sql-server","database","oracle","bit-manipulation"],"owner":{"account_id":1120685,"reputation":2411,"user_id":1109059,"user_type":"registered","accept_rate":87,"profile_image":"https://i.stack.imgur.com/mypGo.jpg?s=256&g=1","display_name":"gpa","link":"https://stackoverflow.com/users/1109059/gpa"},"is_answered":false,"view_count":42,"answer_count":0,"score":0,"last_activity_date":1682047474,"creation_date":1681875022,"last_edit_date":1682047474,"question_id":76050564,"content_license":"CC BY-SA 4.0","link":"https://stackoverflow.com/questions/76050564/sql-simplify-levels-logic","title":"SQL simplify levels logic"},{"tags":["c#",".net","google-api","google-oauth","google-api-dotnet-client"],"owner":{"account_id":18848922,"reputation":913,"user_id":13762264,"user_type":"registered","profile_image":"https://i.stack.imgur.com/6UWT9.png?s=256&g=1","display_name":"pjpscriv","link":"https://stackoverflow.com/users/13762264/pjpscriv"},"is_answered":true,"view_count":152,"answer_count":1,"score":0,"last_activity_date":1681883173,"creation_date":1681875000,"question_id":76050563,"content_license":"CC BY-SA 4.0","link":"https://stackoverflow.com/questions/76050563/googlecredential-getapplicationdefault-silent-timeout","title":"GoogleCredential.GetApplicationDefault silent timeout"},{"tags":["sql","google-bigquery"],"owner":{"account_id":16572523,"reputation":167,"user_id":11975229,"user_type":"registered","profile_image":"https://www.gravatar.com/avatar/e9ad438ad9daf17fdd6c3d34f6e351c3?s=256&d=identicon&r=PG&f=y&so-version=2","display_name":"xvzf","link":"https://stackoverflow.com/users/11975229/xvzf"},"is_answered":false,"view_count":60,"answer_count":0,"score":0,"last_activity_date":1681874923,"creation_date":1681874923,"question_id":76050558,"content_license":"CC BY-SA 4.0","link":"https://stackoverflow.com/questions/76050558/how-to-write-a-merge-query-for-an-array-of-struct-in-bigquery","title":"How to write a merge query for an array of struct in bigquery?"},{"tags":["in-app-purchase"],"owner":{"account_id":27720906,"reputation":59,"user_id":21161467,"user_type":"registered","profile_image":"https://i.stack.imgur.com/5u2RH.png?s=256&g=1","display_name":"ABEL","link":"https://stackoverflow.com/users/21161467/abel"},"is_answered":false,"view_count":64,"answer_count":0,"score":0,"last_activity_date":1682001587,"creation_date":1681874895,"last_edit_date":1682001587,"question_id":76050557,"content_license":"CC BY-SA 4.0","link":"https://stackoverflow.com/questions/76050557/error-during-react-native-ios-in-app-product-purchase-test-error-invalid-produ","title":"Error during React Native IOS in-app product purchase test [Error: Invalid product ID.]"},{"tags":["automation","discord"],"owner":{"account_id":28345449,"reputation":1,"user_id":21677750,"user_type":"registered","profile_image":"https://www.gravatar.com/avatar/11524eb74f38c4cb8fd0fd2260ab32ea?s=256&d=identicon&r=PG&f=y&so-version=2","display_name":"dub","link":"https://stackoverflow.com/users/21677750/dub"},"is_answered":false,"view_count":28,"answer_count":0,"score":0,"last_activity_date":1681874886,"creation_date":1681874886,"question_id":76050555,"content_license":"CC BY-SA 4.0","link":"https://stackoverflow.com/questions/76050555/how-to-add-an-autorole-to-a-member-after-voting-on-discord-bot-list","title":"How to add an autorole to a member after voting on discord bot list"},{"tags":["tensorflow","deep-learning","recurrent-neural-network"],"owner":{"account_id":27106682,"reputation":59,"user_id":21669823,"user_type":"registered","profile_image":"https://lh3.googleusercontent.com/a/ALm5wu3upnKNyX_6-fXbqFUVd_kKO89tkym7NilTD2lP=k-s256","display_name":"Anish Kommireddy","link":"https://stackoverflow.com/users/21669823/anish-kommireddy"},"is_answered":false,"view_count":42,"answer_count":0,"score":0,"last_activity_date":1681874802,"creation_date":1681874802,"question_id":76050551,"content_license":"CC BY-SA 4.0","link":"https://stackoverflow.com/questions/76050551/how-can-you-create-a-cppn-neat-in-tensorflow-js","title":"How can you create a CPPN-NEAT in tensorflow.js?"}],"has_more":true,"quota_max":300,"quota_remaining":275}