{"items":[{"tags":["windows","bluetooth-lowenergy"],"owner":{"account_id":5797997,"reputation":381,"user_id":7204831,"user_type":"registered","accept_rate":50,"profile_image":"https://lh6.googleusercontent.com/-BVTzI4cFWd8/AAAAAAAAAAI/AAAAAAAAADc/ENN2SgC00pY/photo.jpg?sz=256","display_name":"Samyukta Ramnath","link":"https://stackoverflow.com/users/7204831/samyukta-ramnath"},"is_answered":false,"view_count":252,"answer_count":1,"score":1,"last_activity_date":1684304586,"creation_date":1682978341,"question_id":76150438,"content_license":"CC BY-SA 4.0","link":"https://stackoverflow.com/questions/76150438/automate-a-bluetooth-connection-on-windows","title":"Automate a bluetooth connection on Windows"},{"tags":["node.js","aws-lambda"],"owner":{"account_id":110325,"reputation":1202,"user_id":291982,"user_type":"registered","accept_rate":60,"profile_image":"https://www.gravatar.com/avatar/9ad08ae7d657a7ae6d88cc74119b2e86?s=256&d=identicon&r=PG","display_name":"nil","link":"https://stackoverflow.com/users/291982/nil"},"is_answered":false,"view_count":883,"answer_count":1,"score":0,"last_activity_date":1682986397,"creation_date":1682978312,"question_id":76150435,"content_license":"CC BY-SA 4.0","link":"https://stackoverflow.com/questions/76150435/how-can-i-handle-a-process-exit-in-an-aws-lambda-function-in-order-to-flush-some","title":"How can I handle a process exit in an AWS Lambda function in order to flush some data which needs to be sent?"},{"tags":["android","react-native","android-biometric-prompt","react-native-keychain"],"owner":{"account_id":14884235,"reputation":855,"user_id":10747873,"user_type":"registered","profile_image":"https://i.stack.imgur.com/w7zXO.jpg?s=256&g=1","display_name":"Shep Sims","link":"https://stackoverflow.com/users/10747873/shep-sims"},"is_answered":false,"view_count":305,"answer_count":0,"score":0,"last_activity_date":1682978444,"creation_date":1682978175,"question_id":76150422,"content_license":"CC BY-SA 4.0","link":"https://stackoverflow.com/questions/76150422/why-does-issensoravailable-return-true-when-device-has-disabled-biometics-in-rea","title":"Why does isSensorAvailable return true when device has disabled biometics in react native (android)"},{"tags":["javascript","jasmine","local-storage"],"owner":{"account_id":1174097,"reputation":15160,"user_id":1150534,"user_type":"registered","accept_rate":66,"profile_image":"https://www.gravatar.com/avatar/043af7a7ebf89595bebc3364f933d648?s=256&d=identicon&r=PG","display_name":"Richlewis","link":"https://stackoverflow.com/users/1150534/richlewis"},"is_answered":true,"view_count":197,"answer_count":1,"score":-1,"last_activity_date":1682979856,"creation_date":1682978139,"last_edit_date":1682978456,"question_id":76150416,"content_license":"CC BY-SA 4.0","link":"https://stackoverflow.com/questions/76150416/how-to-iterate-through-window-localstorage","title":"How to iterate through window.localStorage"},{"tags":["ubuntu","github","github-actions"],"owner":{"account_id":28476548,"reputation":11,"user_id":21791135,"user_type":"registered","profile_image":"https://lh3.googleusercontent.com/a/AGNmyxZ8DeAQpyJCz2ikAB_SuCoO-5aa6Q6hQi7E2L0C=k-s256","display_name":"Nicholas Olson","link":"https://stackoverflow.com/users/21791135/nicholas-olson"},"is_answered":false,"view_count":61,"answer_count":0,"score":1,"last_activity_date":1682978100,"creation_date":1682978100,"question_id":76150411,"content_license":"CC BY-SA 4.0","link":"https://stackoverflow.com/questions/76150411/github-enterprise-self-hosted-runner-unable-to-fetch-lfs-files","title":"GitHub Enterprise Self-Hosted Runner unable to fetch LFS files"},{"tags":["matlab","distance"],"owner":{"account_id":25622092,"reputation":63,"user_id":19393798,"user_type":"registered","profile_image":"https://lh3.googleusercontent.com/a/AATXAJzjw2i0PLBJkp41wyXgJgrvwQvNy6xs2Y1iF4LV=k-s256","display_name":"Carlo Soares","link":"https://stackoverflow.com/users/19393798/carlo-soares"},"is_answered":false,"view_count":44,"answer_count":0,"score":0,"last_activity_date":1682978200,"creation_date":1682978095,"question_id":76150410,"content_license":"CC BY-SA 4.0","link":"https://stackoverflow.com/questions/76150410/calculate-distance-considering-road-network-using-matlab","title":"Calculate distance considering road network using matlab"},{"tags":["amazon-web-services","repository","nexus","sonatype"],"owner":{"account_id":26417923,"reputation":17,"user_id":20066014,"user_type":"registered","profile_image":"https://www.gravatar.com/avatar/a50aafd8ed6f0d8b974139ffcc2abd67?s=256&d=identicon&r=PG","display_name":"gklucard","link":"https://stackoverflow.com/users/20066014/gklucard"},"is_answered":false,"view_count":43,"answer_count":0,"score":0,"last_activity_date":1682978065,"creation_date":1682978065,"question_id":76150408,"content_license":"CC BY-SA 4.0","link":"https://stackoverflow.com/questions/76150408/nexus-sonatype-logging-issue-after-initial-setup","title":"Nexus Sonatype Logging issue after Initial Setup"},{"tags":["c#","for-loop","valuetuple"],"owner":{"account_id":9059159,"reputation":439,"user_id":6746240,"user_type":"registered","accept_rate":100,"profile_image":"https://www.gravatar.com/avatar/0e9c1ba07aac0554cf9f4d1592f4b346?s=256&d=identicon&r=PG&f=y&so-version=2","display_name":"William","link":"https://stackoverflow.com/users/6746240/william"},"is_answered":true,"view_count":82,"accepted_answer_id":76150670,"answer_count":3,"score":1,"last_activity_date":1682991678,"creation_date":1682978056,"last_edit_date":1682978441,"question_id":76150407,"content_license":"CC BY-SA 4.0","link":"https://stackoverflow.com/questions/76150407/modifying-list-of-valuetuples-vs-list-of-integers","title":"Modifying list of ValueTuples vs list of integers"},{"tags":["r","ggplot2","gganimate"],"owner":{"account_id":17061496,"reputation":59,"user_id":12344812,"user_type":"registered","profile_image":"https://lh5.googleusercontent.com/-mKbp0DPnIp4/AAAAAAAAAAI/AAAAAAAAAAA/ACHi3rfOPmGR6L4pFXmnMdZ6_SpSU7toew/photo.jpg?sz=256","display_name":"corsica","link":"https://stackoverflow.com/users/12344812/corsica"},"is_answered":true,"view_count":76,"accepted_answer_id":76150568,"answer_count":1,"score":0,"last_activity_date":1682980043,"creation_date":1682978055,"question_id":76150406,"content_license":"CC BY-SA 4.0","link":"https://stackoverflow.com/questions/76150406/how-to-animate-one-line-at-a-time-using-gganimate","title":"How to animate one line at a time using gganimate?"},{"tags":["python"],"owner":{"account_id":22302537,"reputation":373,"user_id":16527596,"user_type":"registered","profile_image":"https://lh3.googleusercontent.com/a/AATXAJy-3Q21DjQWTJzP1gYGmk3bI4-fiov4zUTpY_ZZ=k-s256","display_name":"Severjan Lici","link":"https://stackoverflow.com/users/16527596/severjan-lici"},"is_answered":false,"view_count":41,"answer_count":0,"score":0,"last_activity_date":1682978333,"creation_date":1682977960,"last_edit_date":1682978333,"question_id":76150400,"content_license":"CC BY-SA 4.0","link":"https://stackoverflow.com/questions/76150400/print-out-2-graphs-in-python","title":"Print out 2 graphs in python"},{"tags":["reactjs","material-ui","grid"],"owner":{"account_id":7544112,"reputation":565,"user_id":5727808,"user_type":"registered","profile_image":"https://www.gravatar.com/avatar/5f44b2098e969604644626e5ad0d7e26?s=256&d=identicon&r=PG&f=y&so-version=2","display_name":"TrollBearPig","link":"https://stackoverflow.com/users/5727808/trollbearpig"},"is_answered":false,"view_count":58,"answer_count":0,"score":0,"last_activity_date":1682977933,"creation_date":1682977933,"question_id":76150397,"content_license":"CC BY-SA 4.0","link":"https://stackoverflow.com/questions/76150397/mui-grid-draggable-droppable","title":"MUI Grid - Draggable Droppable"},{"tags":["javascript","reactjs","typescript","navigation","react-navigation-drawer"],"owner":{"account_id":28390405,"reputation":1,"user_id":21716261,"user_type":"registered","profile_image":"https://lh3.googleusercontent.com/a/AGNmyxZzTWBjsZYQjXQiq7qz2ozhmR5hxILKbukXCCp1=k-s256","display_name":"Casey Brown","link":"https://stackoverflow.com/users/21716261/casey-brown"},"is_answered":false,"view_count":24,"answer_count":0,"score":0,"last_activity_date":1682977892,"creation_date":1682977892,"question_id":76150396,"content_license":"CC BY-SA 4.0","link":"https://stackoverflow.com/questions/76150396/trying-to-save-scroll-placement-between-navigation-clicks-but-on-a-nav-drawer","title":"Trying to save scroll placement between navigation clicks, but on a nav drawer, not the whole page"},{"tags":["python","ubuntu","pythonpath","geant4"],"owner":{"account_id":22335549,"reputation":1,"user_id":19549017,"user_type":"registered","profile_image":"https://i.stack.imgur.com/33WWk.jpg?s=256&g=1","display_name":"teoretik_eugene","link":"https://stackoverflow.com/users/19549017/teoretik-eugene"},"is_answered":false,"view_count":60,"answer_count":0,"score":0,"last_activity_date":1682977829,"creation_date":1682977829,"question_id":76150391,"content_license":"CC BY-SA 4.0","link":"https://stackoverflow.com/questions/76150391/how-to-add-geant4-module-in-python-ide","title":"How to add geant4 module in python IDE?"},{"tags":["kotlin"],"owner":{"account_id":12673101,"reputation":1673,"user_id":9210263,"user_type":"registered","profile_image":"https://i.stack.imgur.com/2I8LA.jpg?s=256&g=1","display_name":"LeYAUable","link":"https://stackoverflow.com/users/9210263/leyauable"},"is_answered":false,"view_count":77,"answer_count":0,"score":0,"last_activity_date":1682978718,"creation_date":1682977805,"last_edit_date":1682978718,"question_id":76150390,"content_license":"CC BY-SA 4.0","link":"https://stackoverflow.com/questions/76150390/how-to-structure-class-with-same-behavior-but-different-parameters","title":"How to structure class with same &quot;behavior&quot; but different parameters?"},{"tags":["c#","visual-studio-code","raspberry-pi","raspberry-pi-zero"],"owner":{"account_id":11461267,"reputation":695,"user_id":8400863,"user_type":"registered","accept_rate":0,"profile_image":"https://www.gravatar.com/avatar/760618ba648877122bf1a7e6a568514f?s=256&d=identicon&r=PG&f=y&so-version=2","display_name":"user8400863","link":"https://stackoverflow.com/users/8400863/user8400863"},"is_answered":false,"view_count":121,"answer_count":0,"score":-1,"last_activity_date":1682977770,"creation_date":1682977770,"question_id":76150388,"content_license":"CC BY-SA 4.0","link":"https://stackoverflow.com/questions/76150388/failed-to-load-libcoreclr-so-on-raspberry-pi-zero-2w-when-running-c-program-usi","title":"Failed to load libcoreclr.so on Raspberry Pi Zero 2W when running C# program using .NET Core Debugger (vsdbg)"},{"tags":["jquery","smooth-scrolling"],"owner":{"account_id":28333165,"reputation":1,"user_id":21667127,"user_type":"registered","profile_image":"https://www.gravatar.com/avatar/35c679a1ab1e91105c34ba7155f92789?s=256&d=identicon&r=PG&f=y&so-version=2","display_name":"user21667127","link":"https://stackoverflow.com/users/21667127/user21667127"},"is_answered":false,"view_count":35,"answer_count":0,"score":0,"last_activity_date":1682978386,"creation_date":1682977727,"last_edit_date":1682978386,"question_id":76150386,"content_license":"CC BY-SA 4.0","link":"https://stackoverflow.com/questions/76150386/why-does-my-smooth-scroll-function-jump-to-the-top-of-the-page","title":"Why does my smooth scroll function jump to the top of the page?"},{"tags":["python","import","namespaces","git-submodules"],"owner":{"account_id":376740,"reputation":145,"user_id":728406,"user_type":"registered","accept_rate":60,"profile_image":"https://www.gravatar.com/avatar/123bacd17b6ead741264f6dbebb24c1c?s=256&d=identicon&r=PG","display_name":"Michael","link":"https://stackoverflow.com/users/728406/michael"},"is_answered":false,"view_count":31,"answer_count":0,"score":0,"last_activity_date":1682977682,"creation_date":1682977682,"question_id":76150385,"content_license":"CC BY-SA 4.0","link":"https://stackoverflow.com/questions/76150385/python-package-import-submodule-and-rename-it","title":"Python Package: Import submodule and rename it?"},{"tags":["c++","c","winapi"],"owner":{"account_id":28476507,"reputation":1,"user_id":21791097,"user_type":"registered","profile_image":"https://lh3.googleusercontent.com/a/AGNmyxYonjvjJYHS64qSpv3LMgOE8MGQnmOAI7_6C7JQ=k-s256","display_name":"Yaakov Schectman","link":"https://stackoverflow.com/users/21791097/yaakov-schectman"},"is_answered":false,"view_count":70,"answer_count":0,"score":0,"last_activity_date":1682977655,"creation_date":1682977655,"question_id":76150380,"content_license":"CC BY-SA 4.0","link":"https://stackoverflow.com/questions/76150380/redirect-win32-cursor-events-to-another-hwnd","title":"Redirect win32 cursor events to another HWND"},{"tags":["sql-server","t-sql"],"owner":{"account_id":3478603,"reputation":1885,"user_id":2911241,"user_type":"registered","accept_rate":94,"profile_image":"https://i.stack.imgur.com/dCs44.jpg?s=256&g=1","display_name":"Mike","link":"https://stackoverflow.com/users/2911241/mike"},"is_answered":true,"view_count":67,"accepted_answer_id":76150874,"answer_count":2,"score":0,"last_activity_date":1682995774,"creation_date":1682977655,"last_edit_date":1682988611,"question_id":76150379,"content_license":"CC BY-SA 4.0","link":"https://stackoverflow.com/questions/76150379/combine-5-queries-into-1-so-that-i-only-return-9-rows-and-not-23","title":"Combine 5 queries into 1 so that I only return 9 rows and not 23"},{"tags":["flutter","mobile","shapes"],"owner":{"account_id":28476432,"reputation":1,"user_id":21791035,"user_type":"registered","profile_image":"https://www.gravatar.com/avatar/5cfd42d5e27108540b97149312724ca7?s=256&d=identicon&r=PG&f=y&so-version=2","display_name":"Akksel","link":"https://stackoverflow.com/users/21791035/akksel"},"is_answered":false,"view_count":202,"answer_count":1,"score":0,"last_activity_date":1683014701,"creation_date":1682977611,"last_edit_date":1683012791,"question_id":76150375,"content_license":"CC BY-SA 4.0","link":"https://stackoverflow.com/questions/76150375/how-to-mask-a-custom-shape-inside-a-container-flutter","title":"How to Mask a custom shape inside a Container (Flutter)?"},{"tags":["rust"],"owner":{"account_id":15344635,"reputation":3827,"user_id":11070463,"user_type":"registered","profile_image":"https://i.stack.imgur.com/1w4qy.jpg?s=256&g=1","display_name":"Jay Mody","link":"https://stackoverflow.com/users/11070463/jay-mody"},"is_answered":true,"view_count":76,"accepted_answer_id":76150403,"answer_count":1,"score":2,"last_activity_date":1683033763,"creation_date":1682977607,"question_id":76150373,"content_license":"CC BY-SA 4.0","link":"https://stackoverflow.com/questions/76150373/trait-which-returns-an-iterator","title":"Trait which returns an iterator"},{"tags":["r","maps","overlay","ggmap"],"owner":{"account_id":23261646,"reputation":387,"user_id":17347824,"user_type":"registered","profile_image":"https://i.stack.imgur.com/iOWez.jpg?s=256&g=1","display_name":"data_life","link":"https://stackoverflow.com/users/17347824/data-life"},"is_answered":true,"view_count":78,"accepted_answer_id":76156731,"answer_count":1,"score":0,"last_activity_date":1683042981,"creation_date":1682977603,"last_edit_date":1683022348,"question_id":76150372,"content_license":"CC BY-SA 4.0","link":"https://stackoverflow.com/questions/76150372/overlay-map-with-legend-using-qmplot","title":"Overlay map with legend using qmplot"},{"tags":["microsoft-graph-api","microsoft-graph-teams"],"owner":{"account_id":25523890,"reputation":3,"user_id":19313294,"user_type":"registered","profile_image":"https://lh3.googleusercontent.com/a-/AOh14Gh1tPyu7rNSHM1GSEVbSWxM5kShlm0-GKzHEK6S=k-s256","display_name":"Kate Shutova","link":"https://stackoverflow.com/users/19313294/kate-shutova"},"is_answered":false,"view_count":97,"answer_count":0,"score":0,"last_activity_date":1682977580,"creation_date":1682977580,"question_id":76150370,"content_license":"CC BY-SA 4.0","link":"https://stackoverflow.com/questions/76150370/what-are-the-approaches-to-get-a-list-of-online-meetings-or-team-calls","title":"What are the approaches to get a list of online meetings or team calls?"},{"tags":["stripe-payments"],"owner":{"account_id":385391,"reputation":1461,"user_id":742503,"user_type":"registered","accept_rate":43,"profile_image":"https://i.stack.imgur.com/3JP2P.jpg?s=256&g=1","display_name":"techdog","link":"https://stackoverflow.com/users/742503/techdog"},"is_answered":true,"view_count":28,"accepted_answer_id":76150428,"answer_count":1,"score":0,"last_activity_date":1682978215,"creation_date":1682977538,"question_id":76150368,"content_license":"CC BY-SA 4.0","link":"https://stackoverflow.com/questions/76150368/i-want-to-setup-stripe-so-a-user-can-pay-and-register-in-one-step-how-do-i-acce","title":"I want to setup stripe so a user can pay and register in one step. How do I access the paymentlink metadata for a customer.subscription.created event"},{"tags":["azure-devops","devops"],"owner":{"account_id":28426269,"reputation":11,"user_id":21747598,"user_type":"registered","profile_image":"https://lh3.googleusercontent.com/a/AGNmyxbQMiBp1hMwskU0qzDoSVuILMrH4fxaHt2EGIJnSUg=k-s256","display_name":"Jemari Jo","link":"https://stackoverflow.com/users/21747598/jemari-jo"},"is_answered":false,"view_count":56,"answer_count":0,"score":1,"last_activity_date":1682977533,"creation_date":1682977533,"question_id":76150367,"content_license":"CC BY-SA 4.0","link":"https://stackoverflow.com/questions/76150367/how-to-query-based-on-the-the-date-of-a-specific-state-change-transition-ex-da","title":"How to query based on the the date of a specific state change transition (EX: date of transition to &#39;Ready for Deploy&#39;)"},{"tags":["python","python-asyncio"],"owner":{"account_id":17054129,"reputation":1010,"user_id":13142245,"user_type":"registered","profile_image":"https://www.gravatar.com/avatar/6e4632a2e6081d6d48a0fdb01da916e3?s=256&d=identicon&r=PG&f=y&so-version=2","display_name":"jbuddy_13","link":"https://stackoverflow.com/users/13142245/jbuddy-13"},"is_answered":true,"view_count":40,"answer_count":1,"score":0,"last_activity_date":1682980491,"creation_date":1682977516,"last_edit_date":1682980491,"question_id":76150363,"content_license":"CC BY-SA 4.0","link":"https://stackoverflow.com/questions/76150363/executing-asyncio-method-from-a-synchronous-method-blocking-until-complete-in","title":"Executing asyncio method from a synchronous method / blocking until complete in Python"},{"tags":["javascript","reactjs","react-hook-form"],"owner":{"account_id":23247270,"reputation":9,"user_id":17335674,"user_type":"registered","profile_image":"https://lh3.googleusercontent.com/a-/AOh14Ghes4h5pOtq-TLbRi8VbbFS0CkJ_8zAvF714gI1eQ=k-s256","display_name":"Erick Sutil","link":"https://stackoverflow.com/users/17335674/erick-sutil"},"is_answered":false,"view_count":23,"answer_count":0,"score":0,"last_activity_date":1682977770,"creation_date":1682977510,"last_edit_date":1682977770,"question_id":76150362,"content_license":"CC BY-SA 4.0","link":"https://stackoverflow.com/questions/76150362/how-can-i-get-the-changes-when-users-click-on-my-list-of-options-using-react-hoo","title":"How can I get the changes when users click on my list of options using react-hook-forms"},{"tags":["next.js","vercel"],"owner":{"account_id":20549343,"reputation":1,"user_id":15082384,"user_type":"registered","profile_image":"https://lh3.googleusercontent.com/a-/AOh14GgodePIipoBKcI5Vobysw8hsMPIILg86WLlmWn02g=k-s256","display_name":"S SriSumukha","link":"https://stackoverflow.com/users/15082384/s-srisumukha"},"is_answered":false,"view_count":136,"answer_count":1,"score":0,"last_activity_date":1683720474,"creation_date":1682977506,"last_edit_date":1683720474,"question_id":76150361,"content_license":"CC BY-SA 4.0","link":"https://stackoverflow.com/questions/76150361/error-in-deployment-in-vercel-build-failed-command-npm-run-build-exited-with-1","title":"Error in deployment in vercel Build Failed Command &quot;npm run build&quot; exited with 1"},{"tags":["flutter","dart"],"owner":{"account_id":28476318,"reputation":3,"user_id":21790941,"user_type":"registered","profile_image":"https://graph.facebook.com/6119729951455788/picture?type=large","display_name":"Yordan Stephanov","link":"https://stackoverflow.com/users/21790941/yordan-stephanov"},"is_answered":false,"view_count":31,"answer_count":0,"score":0,"last_activity_date":1682998314,"creation_date":1682977475,"question_id":76150358,"content_license":"CC BY-SA 4.0","link":"https://stackoverflow.com/questions/76150358/how-to-change-setstate-of-class-from-appbar-or-bottomnavigationbar","title":"How to change (setState) of class from appBar or bottomNavigationBar?"},{"tags":["node.js","mongodb","express","mongoose","atlas"],"owner":{"account_id":26779883,"reputation":3,"user_id":20374897,"user_type":"registered","profile_image":"https://i.stack.imgur.com/ojGv0.png?s=256&g=1","display_name":"Newbie coder","link":"https://stackoverflow.com/users/20374897/newbie-coder"},"is_answered":false,"view_count":25,"answer_count":0,"score":0,"last_activity_date":1682977458,"creation_date":1682977458,"question_id":76150354,"content_license":"CC BY-SA 4.0","link":"https://stackoverflow.com/questions/76150354/retriving-a-document-with-a-small-array-in-mongodb-slow","title":"Retriving a document with a small array in mongodb slow?"}],"has_more":true,"quota_max":300,"quota_remaining":224}