{"items":[{"tags":["java","android","gradle","android-gradle-plugin"],"owner":{"account_id":952605,"reputation":11497,"user_id":978461,"user_type":"registered","accept_rate":73,"profile_image":"https://www.gravatar.com/avatar/d2535a3251701535b55c5b8abf0e1415?s=256&d=identicon&r=PG&f=y&so-version=2","display_name":"Adam Varhegyi","link":"https://stackoverflow.com/users/978461/adam-varhegyi"},"is_answered":false,"view_count":333,"answer_count":1,"score":0,"last_activity_date":1678028951,"creation_date":1677927588,"question_id":75635199,"content_license":"CC BY-SA 4.0","link":"https://stackoverflow.com/questions/75635199/cant-list-my-projects-dependencies-via-gradle-could-not-resolve-all-files-fo","title":"Can&#39;t list my project&#39;s dependencies via gradle. &quot;Could not resolve all files for configuration &#39;:classpath&#39;.&quot;"},{"tags":["settings","command-prompt","windows-11"],"owner":{"account_id":1680420,"reputation":53,"user_id":1544752,"user_type":"registered","profile_image":"https://www.gravatar.com/avatar/b1d9cc32eebd48a93e85cda74086aec5?s=256&d=identicon&r=PG","display_name":"user1544752","link":"https://stackoverflow.com/users/1544752/user1544752"},"is_answered":false,"view_count":559,"answer_count":1,"score":3,"last_activity_date":1682942054,"creation_date":1677927577,"last_edit_date":1677927744,"question_id":75635197,"content_license":"CC BY-SA 4.0","link":"https://stackoverflow.com/questions/75635197/windows-11-cmd-window-position","title":"Windows 11 cmd window position"},{"tags":["javascript","node.js","mongodb","mongoose","mongoose-schema"],"owner":{"account_id":14139636,"reputation":45,"user_id":10214875,"user_type":"registered","profile_image":"https://i.stack.imgur.com/Qa88P.jpg?s=256&g=1","display_name":"Sheharyar  Khan","link":"https://stackoverflow.com/users/10214875/sheharyar-khan"},"is_answered":true,"view_count":3627,"answer_count":3,"score":0,"last_activity_date":1688611123,"creation_date":1677927454,"last_edit_date":1677947160,"question_id":75635190,"content_license":"CC BY-SA 4.0","link":"https://stackoverflow.com/questions/75635190/mongooseerror-model-find-no-longer-accepts-a-callback","title":"MongooseError: Model.find() no longer accepts a callback"},{"tags":["python","turtle-graphics","python-turtle"],"owner":{"account_id":19624235,"reputation":11,"user_id":14364014,"user_type":"registered","profile_image":"https://www.gravatar.com/avatar/c5d739fd027a584f6474d9b9ba8cd09e?s=256&d=identicon&r=PG&f=y&so-version=2","display_name":"shuham J","link":"https://stackoverflow.com/users/14364014/shuham-j"},"is_answered":true,"view_count":75,"answer_count":2,"score":1,"last_activity_date":1677948071,"creation_date":1677927427,"last_edit_date":1677948071,"question_id":75635188,"content_license":"CC BY-SA 4.0","link":"https://stackoverflow.com/questions/75635188/attributeerror-turtle-object-has-no-attribute-mainloop","title":"AttributeError: &#39;Turtle&#39; object has no attribute &#39;mainloop&#39;"},{"tags":["sql","spring","spring-data-jpa","relationship"],"owner":{"account_id":27784879,"reputation":389,"user_id":21212553,"user_type":"registered","profile_image":"https://www.gravatar.com/avatar/6b6b6469c8f7b8da3b3a0f6f56ee372c?s=256&d=identicon&r=PG","display_name":"galalem","link":"https://stackoverflow.com/users/21212553/galalem"},"is_answered":false,"view_count":43,"answer_count":0,"score":0,"last_activity_date":1677927396,"creation_date":1677927396,"question_id":75635183,"content_license":"CC BY-SA 4.0","link":"https://stackoverflow.com/questions/75635183/spring-jpa-count-relationships-based-on-enum-type","title":"Spring JPA count relationships based on enum type"},{"tags":["python","pandas","dataframe","calculated-columns"],"owner":{"account_id":27933389,"reputation":11,"user_id":21330869,"user_type":"registered","profile_image":"https://www.gravatar.com/avatar/51bf26539eba4719a59d4ee3dba7337b?s=256&d=identicon&r=PG","display_name":"Mbld","link":"https://stackoverflow.com/users/21330869/mbld"},"is_answered":false,"view_count":80,"answer_count":2,"score":1,"last_activity_date":1677934975,"creation_date":1677927375,"last_edit_date":1677934975,"question_id":75635182,"content_license":"CC BY-SA 4.0","link":"https://stackoverflow.com/questions/75635182/adding-a-calculated-column-x-from-two-values-of-another-column-y-in-pandas","title":"Adding a calculated column x from two values of another column y in Pandas"},{"tags":["c++","compression","zstd"],"owner":{"account_id":15813281,"reputation":47,"user_id":11409706,"user_type":"registered","profile_image":"https://www.gravatar.com/avatar/17b4336678a693a8047871a2c89d336c?s=256&d=identicon&r=PG&f=y&so-version=2","display_name":"Pavel12398","link":"https://stackoverflow.com/users/11409706/pavel12398"},"is_answered":true,"view_count":150,"answer_count":1,"score":-1,"last_activity_date":1678672601,"creation_date":1677927357,"last_edit_date":1678672601,"question_id":75635181,"content_license":"CC BY-SA 4.0","link":"https://stackoverflow.com/questions/75635181/zstd-throws-an-exception-if-src-is-less-than-or-equal-to-4-bytes","title":"ZSTD throws an exception if src is less than or equal to 4 bytes"},{"tags":["extjs"],"owner":{"account_id":27933408,"reputation":1,"user_id":21330886,"user_type":"registered","profile_image":"https://www.gravatar.com/avatar/91f4870dbe67f5b89331fb8c453f478b?s=256&d=identicon&r=PG","display_name":"Annadurai V","link":"https://stackoverflow.com/users/21330886/annadurai-v"},"is_answered":false,"view_count":23,"answer_count":0,"score":0,"last_activity_date":1677927350,"creation_date":1677927350,"question_id":75635180,"content_license":"CC BY-SA 4.0","link":"https://stackoverflow.com/questions/75635180/ext-js-3-41-grid-grouping","title":"Ext JS 3.41 Grid Grouping"},{"tags":["vba","ms-word"],"owner":{"account_id":22956294,"reputation":55,"user_id":17086817,"user_type":"registered","profile_image":"https://i.stack.imgur.com/2ayCS.jpg?s=256&g=1","display_name":"buzzed","link":"https://stackoverflow.com/users/17086817/buzzed"},"is_answered":false,"view_count":58,"answer_count":0,"score":0,"last_activity_date":1677946679,"creation_date":1677927309,"last_edit_date":1677946679,"question_id":75635176,"content_license":"CC BY-SA 4.0","link":"https://stackoverflow.com/questions/75635176/object-is-required","title":"Object is required"},{"tags":["python","python-3.x"],"owner":{"account_id":22088602,"reputation":11,"user_id":16346982,"user_type":"registered","profile_image":"https://www.gravatar.com/avatar/d9d83cb4788010d01b50b4eea1c65962?s=256&d=identicon&r=PG&f=y&so-version=2","display_name":"vir","link":"https://stackoverflow.com/users/16346982/vir"},"is_answered":true,"view_count":53,"answer_count":1,"score":1,"last_activity_date":1677928846,"creation_date":1677927178,"last_edit_date":1677928846,"question_id":75635168,"content_license":"CC BY-SA 4.0","link":"https://stackoverflow.com/questions/75635168/why-is-a-class-defined-within-a-function-not-usable-after-calling-the-function","title":"Why is a class defined within a function not usable after calling the function?"},{"tags":["python","ethereum","blockchain","solidity","decentralized-applications"],"owner":{"account_id":10941365,"reputation":11,"user_id":8041107,"user_type":"registered","profile_image":"https://i.stack.imgur.com/SZ2BE.jpg?s=256&g=1","display_name":"Dmul","link":"https://stackoverflow.com/users/8041107/dmul"},"is_answered":false,"view_count":226,"answer_count":1,"score":0,"last_activity_date":1677927404,"creation_date":1677927131,"question_id":75635163,"content_license":"CC BY-SA 4.0","link":"https://stackoverflow.com/questions/75635163/solc-and-solc-select-throwing-traceback-errors","title":"solc and solc-select throwing traceback errors"},{"tags":["javascript","node.js","reactjs","linux","react-native"],"owner":{"account_id":26980191,"reputation":66,"user_id":20544661,"user_type":"registered","profile_image":"https://lh3.googleusercontent.com/a/ALm5wu3bMxTzgpffBr6QmYsR5EwuXtAd0I2oQHmbjobEaA=k-s256","display_name":"tony stark","link":"https://stackoverflow.com/users/20544661/tony-stark"},"is_answered":false,"view_count":91,"answer_count":0,"score":0,"last_activity_date":1677928834,"creation_date":1677927028,"last_edit_date":1677928834,"question_id":75635157,"content_license":"CC BY-SA 4.0","link":"https://stackoverflow.com/questions/75635157/a-complete-log-of-this-run-can-be-found-in","title":"A complete log of this run can be found in:"},{"tags":["javascript","arrays"],"owner":{"account_id":20189350,"reputation":47,"user_id":14807950,"user_type":"registered","profile_image":"https://www.gravatar.com/avatar/8bbccceb28d177b4e7990bc9247297f3?s=256&d=identicon&r=PG&f=y&so-version=2","display_name":"Vishal","link":"https://stackoverflow.com/users/14807950/vishal"},"is_answered":true,"view_count":64,"accepted_answer_id":75635194,"answer_count":2,"score":1,"last_activity_date":1677928267,"creation_date":1677927021,"last_edit_date":1677927586,"question_id":75635155,"content_license":"CC BY-SA 4.0","link":"https://stackoverflow.com/questions/75635155/modifying-array-push-in-javascript-returns-typeerror-cannot-convert-undefined-o","title":"Modifying Array.push in javascript returns TypeError: Cannot convert undefined or null to object"},{"tags":["sql","postgresql"],"owner":{"account_id":11924933,"reputation":2798,"user_id":8726488,"user_type":"registered","accept_rate":67,"profile_image":"https://www.gravatar.com/avatar/94ca22e55ad1afcddfa00bfbe9aab049?s=256&d=identicon&r=PG&f=y&so-version=2","display_name":"Learn Hadoop","link":"https://stackoverflow.com/users/8726488/learn-hadoop"},"is_answered":true,"view_count":181,"answer_count":4,"score":-1,"last_activity_date":1677936211,"creation_date":1677926968,"last_edit_date":1677928539,"question_id":75635153,"content_license":"CC BY-SA 4.0","link":"https://stackoverflow.com/questions/75635153/posgresql-find-gender-count","title":"Posgresql - find gender count"},{"tags":[".net","database","nopcommerce"],"owner":{"account_id":10617181,"reputation":788,"user_id":7819262,"user_type":"registered","profile_image":"https://i.stack.imgur.com/YYLYn.jpg?s=256&g=1","display_name":"Raju Paladiya","link":"https://stackoverflow.com/users/7819262/raju-paladiya"},"is_answered":false,"view_count":68,"answer_count":0,"score":0,"last_activity_date":1677926944,"creation_date":1677926944,"question_id":75635152,"content_license":"CC BY-SA 4.0","link":"https://stackoverflow.com/questions/75635152/issue-reading-connectionstring-in-nopcommerce","title":"Issue reading ConnectionString in nopCommerce"},{"tags":["c++","visual-studio-code","autocomplete","clang","clangd"],"owner":{"account_id":2521392,"reputation":687,"user_id":9484595,"user_type":"registered","profile_image":"https://www.gravatar.com/avatar/8e1dbad7a21b9483192a7403461a4801?s=256&d=identicon&r=PG","display_name":"Bubaya","link":"https://stackoverflow.com/users/9484595/bubaya"},"is_answered":false,"view_count":1931,"answer_count":0,"score":2,"last_activity_date":1677944140,"creation_date":1677926926,"last_edit_date":1677938025,"question_id":75635148,"content_license":"CC BY-SA 4.0","link":"https://stackoverflow.com/questions/75635148/setting-up-clangd-properly-in-vs-code","title":"Setting up clangd properly in VS Code"},{"tags":["c#","autofac","factory"],"owner":{"account_id":249066,"reputation":15740,"user_id":524861,"user_type":"registered","accept_rate":65,"profile_image":"https://www.gravatar.com/avatar/9591879c1ef74486cf104a930edaa8d3?s=256&d=identicon&r=PG","display_name":"Ivan-Mark Debono","link":"https://stackoverflow.com/users/524861/ivan-mark-debono"},"is_answered":true,"view_count":115,"accepted_answer_id":75635209,"answer_count":1,"score":0,"last_activity_date":1677928120,"creation_date":1677926855,"question_id":75635143,"content_license":"CC BY-SA 4.0","link":"https://stackoverflow.com/questions/75635143/how-to-use-factory-pattern-with-autofac","title":"How to use factory pattern with Autofac?"},{"tags":["node.js","dokku"],"owner":{"account_id":5519963,"reputation":343,"user_id":4383275,"user_type":"registered","profile_image":"https://www.gravatar.com/avatar/ac8ec6796fe73972402a25946f29bbcd?s=256&d=identicon&r=PG&f=y&so-version=2","display_name":"marko kraljevic","link":"https://stackoverflow.com/users/4383275/marko-kraljevic"},"is_answered":false,"view_count":65,"answer_count":0,"score":0,"last_activity_date":1677926817,"creation_date":1677926817,"question_id":75635140,"content_license":"CC BY-SA 4.0","link":"https://stackoverflow.com/questions/75635140/force-dokku-to-install-package-json-from-nested-folders","title":"Force Dokku to install package.json from nested folders"},{"tags":["rust"],"owner":{"account_id":1445507,"reputation":6980,"user_id":1364158,"user_type":"registered","accept_rate":84,"profile_image":"https://www.gravatar.com/avatar/ad9bbb5d972682b478d32f77a33494b6?s=256&d=identicon&r=PG","display_name":"Samuel Hapak","link":"https://stackoverflow.com/users/1364158/samuel-hapak"},"is_answered":false,"view_count":54,"answer_count":0,"score":0,"last_activity_date":1677926815,"creation_date":1677926815,"question_id":75635139,"content_license":"CC BY-SA 4.0","link":"https://stackoverflow.com/questions/75635139/trait-putting-conditions-on-enum-repr","title":"Trait putting conditions on enum repr"},{"tags":["vue.js","nuxt.js","vuejs3"],"owner":{"account_id":15874974,"reputation":155,"user_id":11454468,"user_type":"registered","profile_image":"https://www.gravatar.com/avatar/1c7bb2f4eae8c70fa98ff9564421fa07?s=256&d=identicon&r=PG&f=y&so-version=2","display_name":"Sartre","link":"https://stackoverflow.com/users/11454468/sartre"},"is_answered":false,"view_count":286,"answer_count":0,"score":0,"last_activity_date":1677926799,"creation_date":1677926799,"question_id":75635136,"content_license":"CC BY-SA 4.0","link":"https://stackoverflow.com/questions/75635136/add-event-listener-in-vue3-on-an-async-instance","title":"Add event listener in Vue3 on an async instance"},{"tags":["python","matrix"],"owner":{"account_id":27933451,"reputation":13,"user_id":21330922,"user_type":"registered","profile_image":"https://lh3.googleusercontent.com/a/AGNmyxbhX6MsRbmY0tidebFjrNqqcvsOKQk_teGpT9Ke=k-s256","display_name":"Nataša Radukić","link":"https://stackoverflow.com/users/21330922/nata%c5%a1a-raduki%c4%87"},"is_answered":true,"view_count":55,"accepted_answer_id":75635225,"answer_count":2,"score":1,"last_activity_date":1677934174,"creation_date":1677926747,"question_id":75635133,"content_license":"CC BY-SA 4.0","link":"https://stackoverflow.com/questions/75635133/how-to-create-a-random-matrix-with-all-numbers-in-given-range-in-every-row-in-py","title":"How to create a random matrix with all numbers in given range in every row in Python?"},{"tags":["node.js","heroku","nestjs","prisma"],"owner":{"account_id":12117603,"reputation":57,"user_id":8850774,"user_type":"registered","profile_image":"https://www.gravatar.com/avatar/9460e01a2e9e6cbe074cbaec987a950a?s=256&d=identicon&r=PG&f=y&so-version=2","display_name":"Mastertrap","link":"https://stackoverflow.com/users/8850774/mastertrap"},"is_answered":false,"view_count":374,"answer_count":1,"score":-1,"last_activity_date":1677940837,"creation_date":1677926727,"last_edit_date":1677936793,"question_id":75635132,"content_license":"CC BY-SA 4.0","link":"https://stackoverflow.com/questions/75635132/nest-js-build-to-heroku-is-successful-but-routes-not-working","title":"Nest Js build to Heroku is successful but routes not working"},{"tags":["oop","solid-principles","single-responsibility-principle"],"owner":{"account_id":7315781,"reputation":41,"user_id":5573523,"user_type":"registered","profile_image":"https://www.gravatar.com/avatar/9ac72fe723b9c71b7a6d015522f02430?s=256&d=identicon&r=PG","display_name":"user5573523","link":"https://stackoverflow.com/users/5573523/user5573523"},"is_answered":false,"view_count":23,"answer_count":0,"score":0,"last_activity_date":1677928003,"creation_date":1677926702,"last_edit_date":1677928003,"question_id":75635130,"content_license":"CC BY-SA 4.0","link":"https://stackoverflow.com/questions/75635130/low-level-design-of-ml-model-prediction-apis","title":"Low Level Design of ML model prediction APIs"},{"tags":["javascript","sql","google-bigquery","etl","dataform"],"owner":{"account_id":9749301,"reputation":89,"user_id":7228100,"user_type":"registered","profile_image":"https://www.gravatar.com/avatar/f3ccb34b84d2e5c7acb9aaa50512c0a8?s=256&d=identicon&r=PG&f=y&so-version=2","display_name":"Keith Cozart","link":"https://stackoverflow.com/users/7228100/keith-cozart"},"is_answered":true,"view_count":416,"accepted_answer_id":76346028,"answer_count":1,"score":1,"last_activity_date":1685176555,"creation_date":1677926613,"last_edit_date":1678092050,"question_id":75635127,"content_license":"CC BY-SA 4.0","link":"https://stackoverflow.com/questions/75635127/how-can-i-add-advanced-logic-to-my-dataform-pipeline","title":"How can I add advanced logic to my dataform pipeline?"},{"tags":["generics","rust","traits"],"owner":{"account_id":451590,"reputation":183,"user_id":847562,"user_type":"registered","accept_rate":38,"profile_image":"https://www.gravatar.com/avatar/c5664394318c9a31c690985c8d4d9d44?s=256&d=identicon&r=PG","display_name":"weizhao","link":"https://stackoverflow.com/users/847562/weizhao"},"is_answered":true,"view_count":175,"accepted_answer_id":75635593,"answer_count":1,"score":0,"last_activity_date":1677932744,"creation_date":1677926604,"question_id":75635125,"content_license":"CC BY-SA 4.0","link":"https://stackoverflow.com/questions/75635125/expected-type-parameter-t-found-struct-cmd","title":"expected type parameter `T`, found struct `Cmd`"},{"tags":["postgresql","entity-framework","entity-framework-core","c#-8.0"],"owner":{"account_id":18951257,"reputation":1,"user_id":13828906,"user_type":"registered","profile_image":"https://lh3.googleusercontent.com/a-/AOh14GjdiSPu2PWevxpp2LN72D9x3o8aUKdjLH3dToVQww=k-s256","display_name":"kajal sharma","link":"https://stackoverflow.com/users/13828906/kajal-sharma"},"is_answered":false,"view_count":92,"answer_count":0,"score":0,"last_activity_date":1677950917,"creation_date":1677926593,"question_id":75635123,"content_license":"CC BY-SA 4.0","link":"https://stackoverflow.com/questions/75635123/system-invalidcastexception-column-alias-is-null","title":"System.InvalidCastException: Column &#39;Alias&#39; is null"},{"tags":["xml","spring-boot","spring-boot-test"],"owner":{"account_id":17343832,"reputation":172,"user_id":12563873,"user_type":"registered","profile_image":"https://www.gravatar.com/avatar/842dab070d943dd49f5e5f54d1dccd49?s=256&d=identicon&r=PG&f=y&so-version=2","display_name":"ShubhankarKG","link":"https://stackoverflow.com/users/12563873/shubhankarkg"},"is_answered":false,"view_count":60,"answer_count":0,"score":0,"last_activity_date":1677926585,"creation_date":1677926585,"question_id":75635122,"content_license":"CC BY-SA 4.0","link":"https://stackoverflow.com/questions/75635122/read-files-from-src-main-resources-in-src-test","title":"Read files from src/main/resources in src/test"},{"tags":["python","odf"],"owner":{"account_id":150087,"reputation":32178,"user_id":363028,"user_type":"registered","accept_rate":59,"profile_image":"https://i.stack.imgur.com/cP1F2.jpg?s=256&g=1","display_name":"Ole Tange","link":"https://stackoverflow.com/users/363028/ole-tange"},"is_answered":false,"view_count":34,"answer_count":1,"score":0,"last_activity_date":1677940499,"creation_date":1677926553,"last_edit_date":1677933218,"question_id":75635119,"content_license":"CC BY-SA 4.0","link":"https://stackoverflow.com/questions/75635119/set-anchortype-paragraph-for-image-using-odf-text","title":"Set anchortype=&quot;paragraph&quot; for image using odf.text"},{"tags":["c++","terminal","ansi-escape","tput"],"owner":{"account_id":12391481,"reputation":135,"user_id":9033337,"user_type":"registered","profile_image":"https://www.gravatar.com/avatar/069ef10a79fb4a932f4bbcf81329bbf1?s=256&d=identicon&r=PG&f=y&so-version=2","display_name":"Phillip","link":"https://stackoverflow.com/users/9033337/phillip"},"is_answered":false,"view_count":119,"answer_count":1,"score":0,"last_activity_date":1682034683,"creation_date":1677926549,"last_edit_date":1682034683,"question_id":75635118,"content_license":"CC BY-SA 4.0","link":"https://stackoverflow.com/questions/75635118/how-can-i-print-characters-to-screen-like-vim-on-linux","title":"How can I print characters to screen like vim on linux?"},{"tags":["c#","database","transactions","locking","acid"],"owner":{"account_id":182518,"reputation":21,"user_id":417272,"user_type":"registered","profile_image":"https://www.gravatar.com/avatar/e58eb668d8c6b1c1ecf758c5f8ab6b86?s=256&d=identicon&r=PG","display_name":"kondziu","link":"https://stackoverflow.com/users/417272/kondziu"},"is_answered":true,"view_count":149,"accepted_answer_id":75635267,"answer_count":1,"score":0,"last_activity_date":1677928270,"creation_date":1677926446,"question_id":75635113,"content_license":"CC BY-SA 4.0","link":"https://stackoverflow.com/questions/75635113/can-database-transaction-help-block-read-until-read-from-another-transaction-is","title":"Can database transaction help block read until read from another transaction is finished?"}],"has_more":true,"quota_max":300,"quota_remaining":222}