{"items":[{"tags":["typescript"],"owner":{"account_id":18921390,"reputation":59,"user_id":13805386,"user_type":"registered","profile_image":"https://www.gravatar.com/avatar/7f1deae67d93e56eb765138d2c56563f?s=256&d=identicon&r=PG&f=y&so-version=2","display_name":"Miguel","link":"https://stackoverflow.com/users/13805386/miguel"},"is_answered":true,"view_count":240,"accepted_answer_id":75932435,"answer_count":1,"score":1,"last_activity_date":1680630811,"creation_date":1680562739,"question_id":75924312,"content_license":"CC BY-SA 4.0","link":"https://stackoverflow.com/questions/75924312/how-to-make-all-class-properties-optional-in-typescript","title":"How to make all class properties optional in Typescript"},{"tags":["c++","cygwin"],"owner":{"account_id":28206792,"reputation":1,"user_id":21559757,"user_type":"registered","profile_image":"https://lh3.googleusercontent.com/a/AGNmyxaLV1-Jn9OHIVnyAn6SAy4UZgkOKBEsBV1y9Ns=k-s256","display_name":"Unbeliviable","link":"https://stackoverflow.com/users/21559757/unbeliviable"},"is_answered":false,"view_count":95,"answer_count":0,"score":0,"last_activity_date":1680611787,"creation_date":1680562579,"last_edit_date":1680611787,"question_id":75924303,"content_license":"CC BY-SA 4.0","link":"https://stackoverflow.com/questions/75924303/openjdk-8-compilation-using-c17","title":"OpenJDK 8 Compilation using C++17"},{"tags":["reactjs","google-maps","next.js","google-maps-api-3","static-site-generation"],"owner":{"account_id":28207393,"reputation":1,"user_id":21560241,"user_type":"registered","profile_image":"https://www.gravatar.com/avatar/d392ed67327da6b335cd83ff2f82d385?s=256&d=identicon&r=PG&f=y&so-version=2","display_name":"Jo&#227;o Vitor de Oliveira Lima","link":"https://stackoverflow.com/users/21560241/jo%c3%a3o-vitor-de-oliveira-lima"},"is_answered":false,"view_count":72,"answer_count":0,"score":0,"last_activity_date":1683717022,"creation_date":1680562575,"last_edit_date":1683717022,"question_id":75924301,"content_license":"CC BY-SA 4.0","link":"https://stackoverflow.com/questions/75924301/is-it-possible-to-use-the-google-maps-api-to-load-maps-with-static-site-generati","title":"Is it possible to use the Google maps api to load maps with Static Site Generation in Next?"},{"tags":["python-3.x","pandas","group-by","statsmodels"],"owner":{"account_id":1862068,"reputation":2090,"user_id":1686468,"user_type":"registered","accept_rate":75,"profile_image":"https://www.gravatar.com/avatar/e99349c72fc90171dd066ec5fd143855?s=256&d=identicon&r=PG","display_name":"Bazman","link":"https://stackoverflow.com/users/1686468/bazman"},"is_answered":false,"view_count":103,"answer_count":1,"score":1,"last_activity_date":1680947665,"creation_date":1680562265,"last_edit_date":1680947665,"question_id":75924284,"content_license":"CC BY-SA 4.0","link":"https://stackoverflow.com/questions/75924284/problem-applying-function-via-pandas-apply","title":"Problem applying function via Pandas apply"},{"tags":["python","nltk","stop-words","punctuation"],"owner":{"account_id":16008312,"reputation":61,"user_id":11553255,"user_type":"registered","profile_image":"https://lh5.googleusercontent.com/-rqE_ac6m4AI/AAAAAAAAAAI/AAAAAAAAAAA/ACHi3rdtRAT2we7UEDiQEMYAIocufCia9Q/mo/photo.jpg?sz=256","display_name":"Carlos Eduardo Barros","link":"https://stackoverflow.com/users/11553255/carlos-eduardo-barros"},"is_answered":false,"view_count":38,"answer_count":0,"score":0,"last_activity_date":1680562240,"creation_date":1680562240,"question_id":75924282,"content_license":"CC BY-SA 4.0","link":"https://stackoverflow.com/questions/75924282/include-quotation-mark-in-stop-words-to-use-with-nltk","title":"Include Quotation Mark in Stop Words to use with NLTK"},{"tags":["c++","stdvector","getline","d++"],"owner":{"account_id":28207236,"reputation":13,"user_id":21560116,"user_type":"registered","profile_image":"https://www.gravatar.com/avatar/b399de0d582a8e8be33b09aae827807a?s=256&d=identicon&r=PG&f=y&so-version=2","display_name":"SmawCity","link":"https://stackoverflow.com/users/21560116/smawcity"},"is_answered":true,"view_count":60,"accepted_answer_id":75924315,"answer_count":2,"score":1,"last_activity_date":1680576949,"creation_date":1680562228,"last_edit_date":1680564131,"question_id":75924281,"content_license":"CC BY-SA 4.0","link":"https://stackoverflow.com/questions/75924281/reading-from-a-file-is-not-returning-the-correct-number-of-objects","title":"Reading from a file is not returning the correct number of objects"},{"tags":["mysql","node.js","express","sequelize.js","railway.js"],"owner":{"account_id":12158291,"reputation":93,"user_id":15639982,"user_type":"registered","profile_image":"https://www.gravatar.com/avatar/965d0033af670905c3e49f28728d7758?s=256&d=identicon&r=PG&f=y&so-version=2","display_name":"Study","link":"https://stackoverflow.com/users/15639982/study"},"is_answered":false,"view_count":218,"answer_count":0,"score":0,"last_activity_date":1680625921,"creation_date":1680562226,"last_edit_date":1680625921,"question_id":75924280,"content_license":"CC BY-SA 4.0","link":"https://stackoverflow.com/questions/75924280/how-to-deploy-an-application-with-node-js-express-mysql-database-and-sequelize","title":"How to deploy an application with Node js, Express, Mysql database and Sequelize ORM on Railway?"},{"tags":["pip","module"],"owner":{"account_id":1637352,"reputation":601,"user_id":1510485,"user_type":"registered","accept_rate":78,"profile_image":"https://www.gravatar.com/avatar/95955bb975824b42958552f7c761af9e?s=256&d=identicon&r=PG","display_name":"WASasquatch","link":"https://stackoverflow.com/users/1510485/wasasquatch"},"is_answered":false,"view_count":30,"answer_count":0,"score":0,"last_activity_date":1680562220,"creation_date":1680562220,"question_id":75924278,"content_license":"CC BY-SA 4.0","link":"https://stackoverflow.com/questions/75924278/github-repo-installed-through-pip-has-no-modules","title":"github repo installed through pip has no modules"},{"tags":["python-3.x","image-processing","opencv","python"],"owner":{"account_id":28207322,"reputation":1,"user_id":21560190,"user_type":"registered","profile_image":"https://lh3.googleusercontent.com/a/AGNmyxZ9mx-2vjsRDO9T2ASMvinQdoPL0wNrVYSnDnqF=k-s256","display_name":"stam shem","link":"https://stackoverflow.com/users/21560190/stam-shem"},"is_answered":false,"view_count":63,"answer_count":1,"score":-1,"last_activity_date":1680607782,"creation_date":1680562220,"last_edit_date":1691005432,"question_id":75924279,"content_license":"CC BY-SA 4.0","link":"https://stackoverflow.com/questions/75924279/python-image-recognition-find-arrows-direction","title":"python image recognition find arrows direction"},{"tags":["docker","containers","informix"],"owner":{"account_id":28207304,"reputation":1,"user_id":21560172,"user_type":"registered","profile_image":"https://lh3.googleusercontent.com/a/AGNmyxbHb5n_PI6LohUYqsaG0qa-8i1QEBOpyE9UHZzUows=k-s256","display_name":"Kevin Foley","link":"https://stackoverflow.com/users/21560172/kevin-foley"},"is_answered":false,"view_count":95,"answer_count":2,"score":0,"last_activity_date":1681183693,"creation_date":1680562166,"last_edit_date":1680569322,"question_id":75924272,"content_license":"CC BY-SA 4.0","link":"https://stackoverflow.com/questions/75924272/informix-docker-container-won-t-restart-after-stop-from-cl-or-pause-from-des","title":"Informix Docker Container won’t restart after -stop (from CL) or pause (from Desktop). Must re-initialize each time"},{"tags":["python","django","migration"],"owner":{"account_id":14613337,"reputation":13,"user_id":10554190,"user_type":"registered","profile_image":"https://www.gravatar.com/avatar/4692fa7dcff00643716450e13000cfb5?s=256&d=identicon&r=PG&f=y&so-version=2","display_name":"shadow","link":"https://stackoverflow.com/users/10554190/shadow"},"is_answered":false,"view_count":166,"answer_count":2,"score":-1,"last_activity_date":1700817114,"creation_date":1680562143,"question_id":75924270,"content_license":"CC BY-SA 4.0","link":"https://stackoverflow.com/questions/75924270/django-migration-django-db-utils-integrityerror-1062-duplicate-entry-for","title":"Django migration: django.db.utils.IntegrityError: (1062, &quot;Duplicate entry &#39;&#39; for key &#39;slug&#39;&quot;)"},{"tags":["java"],"owner":{"account_id":27061958,"reputation":1,"user_id":20613864,"user_type":"registered","profile_image":"https://lh3.googleusercontent.com/a/ALm5wu3eapzpGnDx3HbeSsKnG3-YeFMthlzayvBI_48E=k-s256","display_name":"Jens Meier","link":"https://stackoverflow.com/users/20613864/jens-meier"},"is_answered":false,"view_count":22,"closed_date":1680562743,"answer_count":0,"score":0,"last_activity_date":1680562808,"creation_date":1680562079,"question_id":75924266,"link":"https://stackoverflow.com/questions/75924266/load-image-from-folder-in-project","closed_reason":"Duplicate","title":"Load image from folder in project"},{"tags":["r","cross-validation","variance","lightgbm","mse"],"owner":{"account_id":27778590,"reputation":1,"user_id":21528756,"user_type":"registered","profile_image":"https://www.gravatar.com/avatar/a7a5531d63f187f657c225aac025fc5c?s=256&d=identicon&r=PG","display_name":"Robin B","link":"https://stackoverflow.com/users/21528756/robin-b"},"is_answered":false,"view_count":43,"answer_count":0,"score":0,"last_activity_date":1680562049,"creation_date":1680562049,"question_id":75924264,"content_license":"CC BY-SA 4.0","link":"https://stackoverflow.com/questions/75924264/how-do-i-calculate-r-squared-from-lightgbm-cross-validated-models-in-r","title":"How do I calculate R-squared from LightGBM cross-validated models in R?"},{"tags":["html","css","excel","vba"],"owner":{"account_id":28207280,"reputation":1,"user_id":21560151,"user_type":"registered","profile_image":"https://www.gravatar.com/avatar/bdc92e3e58120b20728486bcecd48d07?s=256&d=identicon&r=PG&f=y&so-version=2","display_name":"JackoCantCode","link":"https://stackoverflow.com/users/21560151/jackocantcode"},"is_answered":true,"view_count":95,"answer_count":1,"score":0,"last_activity_date":1680647160,"creation_date":1680562031,"last_edit_date":1680647160,"question_id":75924263,"content_license":"CC BY-SA 4.0","link":"https://stackoverflow.com/questions/75924263/excel-vb-html-format-table-cells-based-on-value","title":"Excel/VB/HTML Format Table Cells based on value"},{"tags":["typescript","ui-automation","playwright","playwright-test"],"owner":{"account_id":28207297,"reputation":13,"user_id":21560165,"user_type":"registered","profile_image":"https://www.gravatar.com/avatar/d55818aefb77fdb8d84da510c1023a80?s=256&d=identicon&r=PG&f=y&so-version=2","display_name":"Teja","link":"https://stackoverflow.com/users/21560165/teja"},"is_answered":true,"view_count":1406,"accepted_answer_id":75928672,"answer_count":2,"score":1,"last_activity_date":1680612282,"creation_date":1680562019,"last_edit_date":1680582019,"question_id":75924261,"content_license":"CC BY-SA 4.0","link":"https://stackoverflow.com/questions/75924261/playwright-timeout-in-config-is-2mins-but-i-want-to-wait-for-5mins-in-one-my-t","title":"Playwright - timeout in config is 2mins but i want to wait for 5mins in one my test case without change in the config waittime"},{"tags":["dns","blogger","blogs"],"owner":{"account_id":28207309,"reputation":1,"user_id":21560178,"user_type":"registered","profile_image":"https://lh3.googleusercontent.com/a/AGNmyxaSPlnJM2YdCFFnEPDQFHnAlA_1nMpb3m2DTn7P=k-s256","display_name":"Blog Health Info","link":"https://stackoverflow.com/users/21560178/blog-health-info"},"is_answered":false,"view_count":31,"answer_count":0,"score":0,"last_activity_date":1680561994,"creation_date":1680561994,"question_id":75924260,"content_license":"CC BY-SA 4.0","link":"https://stackoverflow.com/questions/75924260/how-can-i-redirect-domain-using-dns-url-redirect-option","title":"How can I Redirect Domain Using DNS “URL Redirect” Option?"},{"tags":["memory","heap-memory","dynamic-memory-allocation","deque"],"owner":{"account_id":6608852,"reputation":1809,"user_id":6458245,"user_type":"registered","accept_rate":59,"profile_image":"https://www.gravatar.com/avatar/309786d74c2d360f53f72e2c2437649e?s=256&d=identicon&r=PG&f=y&so-version=2","display_name":"JobHunter69","link":"https://stackoverflow.com/users/6458245/jobhunter69"},"is_answered":false,"view_count":51,"answer_count":1,"score":0,"last_activity_date":1680564964,"creation_date":1680561928,"question_id":75924256,"content_license":"CC BY-SA 4.0","link":"https://stackoverflow.com/questions/75924256/what-happens-if-i-push-and-pop-from-deque-a-significant-number-of-times","title":"What happens if I push and pop from deque a significant number of times?"},{"tags":["python","html","css","selenium-webdriver"],"owner":{"account_id":28207159,"reputation":1,"user_id":21560058,"user_type":"registered","profile_image":"https://www.gravatar.com/avatar/25beb7950cc88c3f5e7fcd6c4428a896?s=256&d=identicon&r=PG&f=y&so-version=2","display_name":"cengizhan","link":"https://stackoverflow.com/users/21560058/cengizhan"},"is_answered":false,"view_count":42,"answer_count":1,"score":-4,"last_activity_date":1680582870,"creation_date":1680561912,"last_edit_date":1680562917,"question_id":75924255,"content_license":"CC BY-SA 4.0","link":"https://stackoverflow.com/questions/75924255/i-cant-get-the-value-i-want","title":"I can&#39;t get the value I want"},{"tags":["react-native","touchableopacity"],"owner":{"account_id":17093533,"reputation":27,"user_id":12369084,"user_type":"registered","profile_image":"https://lh6.googleusercontent.com/-Qc5C46o-mTA/AAAAAAAAAAI/AAAAAAAAAAA/ACHi3rcLTTe6-A0qvv7vk2v_7fByppq_uQ/photo.jpg?sz=256","display_name":"Anas Almohana","link":"https://stackoverflow.com/users/12369084/anas-almohana"},"is_answered":false,"view_count":47,"answer_count":0,"score":0,"last_activity_date":1680561851,"creation_date":1680561851,"question_id":75924250,"content_license":"CC BY-SA 4.0","link":"https://stackoverflow.com/questions/75924250/react-native-nested-touch-not-working-when-we-map-many-items","title":"React native nested touch not working when we map many items"},{"tags":["javascript","css","reactjs"],"owner":{"account_id":23422368,"reputation":65,"user_id":17482385,"user_type":"registered","profile_image":"https://www.gravatar.com/avatar/79c4a6c619eabfb6e6e203328d72f7ce?s=256&d=identicon&r=PG","display_name":"KyItsHigh","link":"https://stackoverflow.com/users/17482385/kyitshigh"},"is_answered":true,"view_count":53,"accepted_answer_id":75924386,"answer_count":1,"score":1,"last_activity_date":1680563985,"creation_date":1680561802,"last_edit_date":1680562826,"question_id":75924248,"content_license":"CC BY-SA 4.0","link":"https://stackoverflow.com/questions/75924248/have-vertical-bar-right-next-to-form-entry","title":"Have vertical bar right next to form entry"},{"tags":["scala","class","reflection","subclass"],"owner":{"account_id":7370774,"reputation":3,"user_id":5610999,"user_type":"registered","profile_image":"https://lh3.googleusercontent.com/a-/AOh14GgB08jx4Yo9FEfYJATNVrXu4L3xDufddohXiV8x=k-s256","display_name":"Abraham G","link":"https://stackoverflow.com/users/5610999/abraham-g"},"is_answered":true,"view_count":171,"accepted_answer_id":75925039,"answer_count":1,"score":0,"last_activity_date":1680670331,"creation_date":1680561797,"last_edit_date":1680582280,"question_id":75924247,"content_license":"CC BY-SA 4.0","link":"https://stackoverflow.com/questions/75924247/recursively-obtain-subclasses-of-a-class","title":"Recursively obtain subclass(es) of a class"},{"tags":["git","docker","google-cloud-platform","docker-compose","payload-cms"],"owner":{"account_id":10947239,"reputation":13,"user_id":9075666,"user_type":"registered","profile_image":"https://www.gravatar.com/avatar/6c1c148b38234960d441ffa2d1bc7555?s=256&d=identicon&r=PG&f=y&so-version=2","display_name":"Mihail Mihov","link":"https://stackoverflow.com/users/9075666/mihail-mihov"},"is_answered":false,"view_count":260,"answer_count":1,"score":1,"last_activity_date":1683145175,"creation_date":1680561790,"last_edit_date":1683143728,"question_id":75924246,"content_license":"CC BY-SA 4.0","link":"https://stackoverflow.com/questions/75924246/using-docker-compose-to-set-up-a-development-environment-for-multi-repo-projec","title":"Using `docker-compose` to set up a development environment for multi-repo project"},{"tags":["swift","swiftui","combine","swiftui-list","swiftui-tabview"],"owner":{"account_id":28207314,"reputation":3,"user_id":21560182,"user_type":"registered","profile_image":"https://lh3.googleusercontent.com/a/AGNmyxbPoDPw7vIalqPtFgUW5GTMoQp1qzG4OpxLf_6_=k-s256","display_name":"Kenan","link":"https://stackoverflow.com/users/21560182/kenan"},"is_answered":true,"view_count":148,"accepted_answer_id":75927468,"answer_count":1,"score":0,"last_activity_date":1680599083,"creation_date":1680561630,"last_edit_date":1680592016,"question_id":75924238,"content_license":"CC BY-SA 4.0","link":"https://stackoverflow.com/questions/75924238/tableview-changes-not-work-correctly-in-swiftui","title":"TableView changes not work correctly in swiftUI"},{"tags":["postgresql"],"owner":{"account_id":11429990,"reputation":1811,"user_id":8379001,"user_type":"registered","profile_image":"https://lh3.googleusercontent.com/-49eohiCLcXo/AAAAAAAAAAI/AAAAAAAAAHc/WFXd9EFt4Jo/photo.jpg?sz=256","display_name":"Dan","link":"https://stackoverflow.com/users/8379001/dan"},"is_answered":true,"view_count":25,"accepted_answer_id":75924359,"answer_count":1,"score":1,"last_activity_date":1680563623,"creation_date":1680561608,"question_id":75924237,"content_license":"CC BY-SA 4.0","link":"https://stackoverflow.com/questions/75924237/get-row-number-for-repeated-sets-of-categories","title":"Get row number for repeated sets of categories"},{"tags":["mongodb","google-bigquery"],"owner":{"account_id":8794497,"reputation":29,"user_id":6572847,"user_type":"registered","profile_image":"https://www.gravatar.com/avatar/9a87df4033a505712dc9fd628190902d?s=256&d=identicon&r=PG&f=y&so-version=2","display_name":"Douglas Correa","link":"https://stackoverflow.com/users/6572847/douglas-correa"},"is_answered":false,"view_count":68,"answer_count":0,"score":0,"last_activity_date":1680925638,"creation_date":1680561544,"last_edit_date":1680925638,"question_id":75924234,"content_license":"CC BY-SA 4.0","link":"https://stackoverflow.com/questions/75924234/inserting-large-amount-of-data-into-bigquery-via-node","title":"inserting large amount of data into bigquery via node"},{"tags":["node.js","angular","nestjs","nginx-reverse-proxy"],"owner":{"account_id":1329791,"reputation":169,"user_id":1273928,"user_type":"registered","accept_rate":40,"profile_image":"https://www.gravatar.com/avatar/a4ad3f7e24fccceb20955b6edcf2ea89?s=256&d=identicon&r=PG","display_name":"MHDaouas","link":"https://stackoverflow.com/users/1273928/mhdaouas"},"is_answered":false,"view_count":119,"answer_count":0,"score":0,"last_activity_date":1680561495,"creation_date":1680561495,"question_id":75924230,"content_license":"CC BY-SA 4.0","link":"https://stackoverflow.com/questions/75924230/angular-returns-index-html-when-calling-nodejs-api-with-nginx-reverse-proxy","title":"Angular returns index.html when calling nodejs api with Nginx reverse proxy"},{"tags":["python","ms-word","ole"],"owner":{"account_id":986206,"reputation":231,"user_id":8849135,"user_type":"registered","profile_image":"https://i.stack.imgur.com/grLB8.jpg?s=256&g=1","display_name":"Tomasz Kania","link":"https://stackoverflow.com/users/8849135/tomasz-kania"},"is_answered":false,"view_count":143,"answer_count":0,"score":0,"last_activity_date":1680561494,"creation_date":1680561494,"question_id":75924229,"content_license":"CC BY-SA 4.0","link":"https://stackoverflow.com/questions/75924229/inserting-ole-objects-to-word-documents-using-python-without-win32com","title":"Inserting OLE objects to Word documents using Python without win32com"},{"tags":["reactjs","next.js","create-react-app","chakra-ui"],"owner":{"account_id":25702142,"reputation":11,"user_id":19462043,"user_type":"registered","profile_image":"https://www.gravatar.com/avatar/b0b20d180d6ea7b397cc132c16c5a458?s=256&d=identicon&r=PG","display_name":"boatboat","link":"https://stackoverflow.com/users/19462043/boatboat"},"is_answered":false,"view_count":457,"answer_count":0,"score":1,"last_activity_date":1680561494,"creation_date":1680561494,"question_id":75924228,"content_license":"CC BY-SA 4.0","link":"https://stackoverflow.com/questions/75924228/next-js-next-build-fails-when-using-chakraui-undefined-reference-to-usememo","title":"Next.js | Next build fails when using ChakraUI - undefined reference to useMemo"},{"tags":["eslint","typescript-eslint"],"owner":{"account_id":1607293,"reputation":137,"user_id":2429751,"user_type":"registered","profile_image":"https://i.stack.imgur.com/Lt6Dn.png?s=256&g=1","display_name":"JasonBodnar","link":"https://stackoverflow.com/users/2429751/jasonbodnar"},"is_answered":true,"view_count":430,"accepted_answer_id":75929711,"answer_count":1,"score":1,"last_activity_date":1680613343,"creation_date":1680561485,"question_id":75924226,"content_license":"CC BY-SA 4.0","link":"https://stackoverflow.com/questions/75924226/using-typescript-eslint-naming-convention-is-it-possible-to-select-class-proper","title":"Using @typescript-eslint/naming-convention is it possible to select class properties that are not static?"},{"tags":["mongodb"],"owner":{"account_id":13561240,"reputation":170,"user_id":9782871,"user_type":"registered","profile_image":"https://lh5.googleusercontent.com/-bpv8yVXi_4A/AAAAAAAAAAI/AAAAAAAAAMw/hlb6t7iLqyQ/photo.jpg?sz=256","display_name":"Ajit Wadalkar","link":"https://stackoverflow.com/users/9782871/ajit-wadalkar"},"is_answered":false,"view_count":27,"answer_count":0,"score":0,"last_activity_date":1680561334,"creation_date":1680561334,"question_id":75924218,"content_license":"CC BY-SA 4.0","link":"https://stackoverflow.com/questions/75924218/can-we-merge-multiple-mongo-config-files-together-and-execute-them-in-one-go","title":"Can we merge multiple mongo config files together and execute them in one go?"}],"has_more":true,"quota_max":300,"quota_remaining":99}