{"items":[{"tags":["css","browser","safari","pseudo-element"],"owner":{"account_id":17328451,"reputation":3,"user_id":12552153,"user_type":"registered","profile_image":"https://graph.facebook.com/2679262005442137/picture?type=large","display_name":"user12552153","link":"https://stackoverflow.com/users/12552153/user12552153"},"is_answered":true,"view_count":91,"accepted_answer_id":76099939,"answer_count":1,"score":0,"last_activity_date":1682417092,"creation_date":1682416786,"question_id":76099889,"content_license":"CC BY-SA 4.0","link":"https://stackoverflow.com/questions/76099889/css-adding-an-icon-to-external-links-safari-issue","title":"CSS: Adding an Icon to external links - Safari Issue"},{"tags":["java","arrays","list"],"owner":{"account_id":2392816,"reputation":2925,"user_id":2092322,"user_type":"registered","accept_rate":88,"profile_image":"https://i.stack.imgur.com/mcabk.jpg?s=256&g=1","display_name":"BairDev","link":"https://stackoverflow.com/users/2092322/bairdev"},"is_answered":false,"view_count":80,"answer_count":1,"score":1,"last_activity_date":1682613124,"creation_date":1682416761,"last_edit_date":1682613124,"question_id":76099885,"content_license":"CC BY-SA 4.0","link":"https://stackoverflow.com/questions/76099885/how-to-initialize-list-of-arrays-of-strings-in-java","title":"How to initialize list of arrays of strings in Java?"},{"tags":["regex","url"],"owner":{"account_id":27965938,"reputation":33,"user_id":21356790,"user_type":"registered","profile_image":"https://lh3.googleusercontent.com/a/AGNmyxYUBUgl6IBzGP-Pp1MAHPvi4Bt-ERjnrZurfWj9aA=k-s256","display_name":"Rosalie Haverkort","link":"https://stackoverflow.com/users/21356790/rosalie-haverkort"},"is_answered":true,"view_count":101,"accepted_answer_id":76118152,"answer_count":1,"score":3,"last_activity_date":1682582951,"creation_date":1682416666,"last_edit_date":1682417181,"question_id":76099879,"content_license":"CC BY-SA 4.0","link":"https://stackoverflow.com/questions/76099879/regex-exclude-slash-character","title":"Regex exclude slash character"},{"tags":["html","c","arduino","esp32"],"owner":{"account_id":28401694,"reputation":1,"user_id":21726423,"user_type":"registered","profile_image":"https://lh3.googleusercontent.com/a/AGNmyxbuk5Vy42bqS9xdcvd7eYiV_HB3lHuziTaVkhPm=k-s256","display_name":"Vedant Jadhav","link":"https://stackoverflow.com/users/21726423/vedant-jadhav"},"is_answered":true,"view_count":430,"answer_count":1,"score":-1,"last_activity_date":1682437832,"creation_date":1682416660,"question_id":76099878,"content_license":"CC BY-SA 4.0","link":"https://stackoverflow.com/questions/76099878/i-am-getting-this-error-guru-meditation-error-core-1-paniced-loadprohibited","title":"I am getting this error =&gt;Guru Meditation Error: Core 1 panic&#39;ed (LoadProhibited)"},{"tags":["c#","variable-assignment"],"owner":{"account_id":28409960,"reputation":1,"user_id":21733489,"user_type":"registered","profile_image":"https://www.gravatar.com/avatar/ede2ab78eda77f92b7e54f8632e1680d?s=256&d=identicon&r=PG&f=y&so-version=2","display_name":"babula40","link":"https://stackoverflow.com/users/21733489/babula40"},"is_answered":true,"view_count":87,"closed_date":1682434737,"accepted_answer_id":76100857,"answer_count":1,"score":0,"last_activity_date":1684996123,"creation_date":1682416609,"last_edit_date":1683983311,"question_id":76099872,"link":"https://stackoverflow.com/questions/76099872/school-assignment-lottery-balls-that-i-don-t-understand-vectors","closed_reason":"Needs more focus","title":"School assignment &quot;lottery balls&quot; that I don’t understand (vectors)"},{"tags":["c++","pointers","dot-operator"],"owner":{"user_type":"does_not_exist","display_name":"user21165505"},"is_answered":true,"view_count":183,"closed_date":1682417930,"accepted_answer_id":76099904,"answer_count":2,"score":2,"last_activity_date":1682417270,"creation_date":1682416602,"last_edit_date":1682417270,"question_id":76099871,"link":"https://stackoverflow.com/questions/76099871/why-i-should-use-instead-of-in-a-pointer-of-the-object","closed_reason":"Duplicate","title":"Why I should use &#39;-&gt;&#39; instead of &#39;.&#39; in a pointer of the object?"},{"tags":["next.js","less","antd","next.js13","less-loader"],"owner":{"account_id":28409859,"reputation":1,"user_id":21733409,"user_type":"registered","profile_image":"https://www.gravatar.com/avatar/e44f98313d7189a0fa0499960a6cfd42?s=256&d=identicon&r=PG&f=y&so-version=2","display_name":"krishan kumar","link":"https://stackoverflow.com/users/21733409/krishan-kumar"},"is_answered":false,"view_count":428,"answer_count":0,"score":0,"last_activity_date":1682419025,"creation_date":1682416591,"last_edit_date":1682419025,"question_id":76099868,"content_license":"CC BY-SA 4.0","link":"https://stackoverflow.com/questions/76099868/how-can-i-set-up-less-less-loader-in-nextjs-13-i-am-getting-error-while-setup","title":"How can i set up less / less-loader in nextjs 13? I am getting error while setup"},{"tags":["typescript"],"owner":{"account_id":32595,"reputation":18597,"user_id":90566,"user_type":"registered","accept_rate":84,"profile_image":"https://www.gravatar.com/avatar/e250afe43b4111a7b98a77949dbffb6c?s=256&d=identicon&r=PG","display_name":"waxwing","link":"https://stackoverflow.com/users/90566/waxwing"},"is_answered":false,"view_count":31,"closed_date":1682429029,"answer_count":0,"score":0,"last_activity_date":1682416807,"creation_date":1682416585,"question_id":76099864,"link":"https://stackoverflow.com/questions/76099864/avoiding-repetition-when-using-the-in-operator-in-typescript","closed_reason":"Duplicate","title":"Avoiding repetition when using the in operator in Typescript?"},{"tags":["flutter","dart","android-assets","assetbundle"],"owner":{"account_id":23521182,"reputation":33,"user_id":17568302,"user_type":"registered","profile_image":"https://www.gravatar.com/avatar/05b0667f64ea3f1eea814bed882da8c9?s=256&d=identicon&r=PG","display_name":"Stephen Essoun","link":"https://stackoverflow.com/users/17568302/stephen-essoun"},"is_answered":false,"view_count":38,"answer_count":0,"score":1,"last_activity_date":1682428242,"creation_date":1682416584,"last_edit_date":1682428242,"question_id":76099863,"content_license":"CC BY-SA 4.0","link":"https://stackoverflow.com/questions/76099863/how-to-access-files-within-an-asset-folder-and-track-the-length","title":"How to access files within an asset folder and track the length"},{"tags":["kubernetes","openshift","kubernetes-helm"],"owner":{"account_id":13039219,"reputation":43,"user_id":9528049,"user_type":"registered","profile_image":"https://lh5.googleusercontent.com/-e99anKgOqDY/AAAAAAAAAAI/AAAAAAABcgM/fRklBFGFYZU/photo.jpg?sz=256","display_name":"Bvoid","link":"https://stackoverflow.com/users/9528049/bvoid"},"is_answered":false,"view_count":315,"answer_count":2,"score":1,"last_activity_date":1694784761,"creation_date":1682416581,"last_edit_date":1694784761,"question_id":76099861,"content_license":"CC BY-SA 4.0","link":"https://stackoverflow.com/questions/76099861/helm-does-not-upgrade-rolebindings","title":"Helm does not upgrade rolebindings"},{"tags":["grep"],"owner":{"account_id":4215618,"reputation":139,"user_id":3451936,"user_type":"registered","profile_image":"https://www.gravatar.com/avatar/d6cc135f2f0f9ea3f5a8a33f6bdb0556?s=256&d=identicon&r=PG&f=y&so-version=2","display_name":"Lilia","link":"https://stackoverflow.com/users/3451936/lilia"},"is_answered":false,"view_count":91,"answer_count":3,"score":0,"last_activity_date":1684588151,"creation_date":1682416580,"question_id":76099860,"content_license":"CC BY-SA 4.0","link":"https://stackoverflow.com/questions/76099860/how-to-highlight-grep-result","title":"How to highlight grep result"},{"tags":["angular","spring-boot"],"owner":{"account_id":19111621,"reputation":149,"user_id":13957509,"user_type":"registered","profile_image":"https://www.gravatar.com/avatar/bf8089e119353352e0a4659e70bdd0f0?s=256&d=identicon&r=PG&f=y&so-version=2","display_name":"cknelle","link":"https://stackoverflow.com/users/13957509/cknelle"},"is_answered":false,"view_count":69,"answer_count":0,"score":0,"last_activity_date":1682422946,"creation_date":1682416564,"last_edit_date":1682422946,"question_id":76099858,"content_license":"CC BY-SA 4.0","link":"https://stackoverflow.com/questions/76099858/what-is-the-best-practice-to-deploy-an-angular-application-with-spring-boot-usin","title":"What is the best practice to deploy an angular application with Spring boot using Spring Webflux?"},{"tags":["angular","angular-material"],"owner":{"account_id":1504092,"reputation":840,"user_id":1407900,"user_type":"registered","accept_rate":100,"profile_image":"https://www.gravatar.com/avatar/df7eceeb1fab3f199a064719256f1763?s=256&d=identicon&r=PG","display_name":"CPK_2011","link":"https://stackoverflow.com/users/1407900/cpk-2011"},"is_answered":true,"view_count":370,"accepted_answer_id":76102358,"answer_count":1,"score":0,"last_activity_date":1682433129,"creation_date":1682416561,"last_edit_date":1682421221,"question_id":76099857,"content_license":"CC BY-SA 4.0","link":"https://stackoverflow.com/questions/76099857/mat-date-range-input-of-angular-material-does-not-fire-blur-event-when-not-selec","title":"mat-date-range-input of Angular Material does not fire blur event when not selecting the End Date"},{"tags":["ruby","activerecord"],"owner":{"account_id":5613961,"reputation":503,"user_id":4445930,"user_type":"registered","profile_image":"https://i.stack.imgur.com/gdyq3.png?s=256&g=1","display_name":"lacking-cypher","link":"https://stackoverflow.com/users/4445930/lacking-cypher"},"is_answered":true,"view_count":93,"accepted_answer_id":76113100,"answer_count":1,"score":1,"last_activity_date":1682526665,"creation_date":1682416547,"question_id":76099854,"content_license":"CC BY-SA 4.0","link":"https://stackoverflow.com/questions/76099854/nameerror-uninitialized-constant-error-when-creating-new-association-in-has","title":"&quot;NameError - uninitialized constant&quot; error when creating new association in has_many object. Plural issue?"},{"tags":["lexicaljs","lexical-editor"],"owner":{"account_id":19061643,"reputation":93,"user_id":13917615,"user_type":"registered","profile_image":"https://www.gravatar.com/avatar/a2c5dd9f2285557b85a60ee1989ee3d7?s=256&d=identicon&r=PG","display_name":"Aaron Z","link":"https://stackoverflow.com/users/13917615/aaron-z"},"is_answered":false,"view_count":246,"answer_count":1,"score":2,"last_activity_date":1696951503,"creation_date":1682416500,"last_edit_date":1682417159,"question_id":76099851,"content_license":"CC BY-SA 4.0","link":"https://stackoverflow.com/questions/76099851/autolink-plugin-prevents-inserting-new-words-after-the-autolink","title":"Autolink plugin prevents inserting new words after the autolink"},{"tags":["android","html","css","typescript","mobile"],"owner":{"account_id":7659451,"reputation":577,"user_id":5805208,"user_type":"registered","profile_image":"https://i.stack.imgur.com/6tAsx.jpg?s=256&g=1","display_name":"lior_13","link":"https://stackoverflow.com/users/5805208/lior-13"},"is_answered":true,"view_count":194,"answer_count":1,"score":1,"last_activity_date":1682433626,"creation_date":1682416493,"question_id":76099849,"content_license":"CC BY-SA 4.0","link":"https://stackoverflow.com/questions/76099849/css-handling-sizes-when-changing-mobiles-system-font-size","title":"CSS handling sizes when changing mobile&#39;s system font size"},{"tags":["python","numpy","scipy","signal-processing","texas-instruments"],"owner":{"account_id":28406806,"reputation":1,"user_id":21730716,"user_type":"registered","profile_image":"https://www.gravatar.com/avatar/5dcedaf2aa2b6a6b1e0ef6edeb167653?s=256&d=identicon&r=PG&f=y&so-version=2","display_name":"Karsten","link":"https://stackoverflow.com/users/21730716/karsten"},"is_answered":false,"view_count":457,"answer_count":1,"score":0,"last_activity_date":1682417700,"creation_date":1682416476,"last_edit_date":1682416522,"question_id":76099845,"content_license":"CC BY-SA 4.0","link":"https://stackoverflow.com/questions/76099845/snr-calculation-by-python-verified-code-by-ti-ads7042-evm","title":"SNR calculation by python (verified code by TI ADS7042 EVM)"},{"tags":["reactjs","django","django-rest-framework","backend"],"owner":{"account_id":28109779,"reputation":1,"user_id":21477728,"user_type":"registered","profile_image":"https://www.gravatar.com/avatar/8bd190bd83b810722a495eda40701617?s=256&d=identicon&r=PG&f=y&so-version=2","display_name":"Kalpesh","link":"https://stackoverflow.com/users/21477728/kalpesh"},"is_answered":false,"view_count":31,"answer_count":0,"score":0,"last_activity_date":1682416476,"creation_date":1682416476,"question_id":76099844,"content_license":"CC BY-SA 4.0","link":"https://stackoverflow.com/questions/76099844/django-changes-the-media-url-if-i-pass-request-from-views-to-serializer","title":"Django changes the MEDIA URL if I pass request from views to serializer"},{"tags":["visual-studio","unity2.0"],"owner":{"account_id":27900442,"reputation":7,"user_id":21304857,"user_type":"registered","profile_image":"https://lh3.googleusercontent.com/a/AGNmyxaI8HBWn2B5188y3SQ8n4LJ2_dInj6ZCex-FN4Sng=k-s256","display_name":"Nino Bircic","link":"https://stackoverflow.com/users/21304857/nino-bircic"},"is_answered":false,"view_count":49,"answer_count":0,"score":0,"last_activity_date":1682416436,"creation_date":1682416436,"question_id":76099842,"content_license":"CC BY-SA 4.0","link":"https://stackoverflow.com/questions/76099842/unity-quiz-game-2d","title":"unity quiz game 2d"},{"tags":["angular","ngx-mask"],"owner":{"account_id":28409919,"reputation":1,"user_id":21733454,"user_type":"registered","profile_image":"https://lh3.googleusercontent.com/a/AGNmyxZCCkRbqzsFTp0ClwcGfHaKjTvHwhL1ViIL76Jx=k-s256","display_name":"Павел Цыдик","link":"https://stackoverflow.com/users/21733454/%d0%9f%d0%b0%d0%b2%d0%b5%d0%bb-%d0%a6%d1%8b%d0%b4%d0%b8%d0%ba"},"is_answered":false,"view_count":463,"answer_count":0,"score":0,"last_activity_date":1682416418,"creation_date":1682416418,"question_id":76099841,"content_license":"CC BY-SA 4.0","link":"https://stackoverflow.com/questions/76099841/formatting-number-with-ngx-mask","title":"Formatting number with ngx-mask"},{"tags":["database","flutter","function","sqlite","debugging"],"owner":{"account_id":28409753,"reputation":31,"user_id":21733311,"user_type":"registered","profile_image":"https://lh3.googleusercontent.com/a/AGNmyxamFc8Fip052S-D6nRPr61D2gxaK82RhKvXqC4s=k-s256","display_name":"I Can Done","link":"https://stackoverflow.com/users/21733311/i-can-done"},"is_answered":false,"view_count":135,"answer_count":1,"score":0,"last_activity_date":1682423737,"creation_date":1682416409,"last_edit_date":1682417197,"question_id":76099839,"content_license":"CC BY-SA 4.0","link":"https://stackoverflow.com/questions/76099839/try-to-creating-sqlite-creating-database-insert-function-undefined-name-t","title":"Try to creating SQLite Creating Database Insert function - Undefined name &#39; &#39;. Try correcting the name to one that is defined, or defining the name"},{"tags":["javascript","html","google-chrome-extension"],"owner":{"account_id":27745603,"reputation":11,"user_id":21181172,"user_type":"registered","profile_image":"https://lh3.googleusercontent.com/a/AEdFTp6K0AvfBGlWllvqbtV1yW5fV-WD47dqZelb5zRV=k-s256","display_name":"Marcuss","link":"https://stackoverflow.com/users/21181172/marcuss"},"is_answered":false,"view_count":207,"answer_count":0,"score":0,"last_activity_date":1682416403,"creation_date":1682416403,"question_id":76099838,"content_license":"CC BY-SA 4.0","link":"https://stackoverflow.com/questions/76099838/why-is-my-openai-api-chrome-extension-not-working","title":"Why is my openai api chrome extension not working"},{"tags":["javascript","typescript","jestjs","mocking","spyon"],"owner":{"account_id":3049336,"reputation":1504,"user_id":2584278,"user_type":"registered","accept_rate":88,"profile_image":"https://www.gravatar.com/avatar/67d59f2d1411067decdc105a71254183?s=256&d=identicon&r=PG","display_name":"Faber","link":"https://stackoverflow.com/users/2584278/faber"},"is_answered":false,"view_count":112,"answer_count":1,"score":0,"last_activity_date":1682431336,"creation_date":1682416389,"question_id":76099837,"content_license":"CC BY-SA 4.0","link":"https://stackoverflow.com/questions/76099837/how-can-i-spy-on-a-function-that-is-returned-by-a-other-function-with-jest-spyon","title":"How can I spy on a function that is returned by a other function with Jest spyOn"},{"tags":["mysql"],"owner":{"account_id":9031565,"reputation":385,"user_id":6728968,"user_type":"registered","accept_rate":38,"profile_image":"https://www.gravatar.com/avatar/3a368641e8f3acd139926b31649dd0fb?s=256&d=identicon&r=PG&f=y&so-version=2","display_name":"J Doe","link":"https://stackoverflow.com/users/6728968/j-doe"},"is_answered":false,"view_count":30,"answer_count":2,"score":0,"last_activity_date":1682419199,"creation_date":1682416377,"last_edit_date":1682417067,"question_id":76099836,"content_license":"CC BY-SA 4.0","link":"https://stackoverflow.com/questions/76099836/do-dynamic-table-namespaces-exist","title":"Do dynamic table namespaces exist?"},{"tags":["reactjs","local-storage","mui-datatable"],"owner":{"account_id":27983574,"reputation":61,"user_id":21370901,"user_type":"registered","profile_image":"https://www.gravatar.com/avatar/a9996f7e906169cb21fdecd649a568b9?s=256&d=identicon&r=PG","display_name":"Suraj","link":"https://stackoverflow.com/users/21370901/suraj"},"is_answered":false,"view_count":106,"answer_count":0,"score":0,"last_activity_date":1682416361,"creation_date":1682416361,"question_id":76099832,"content_license":"CC BY-SA 4.0","link":"https://stackoverflow.com/questions/76099832/how-to-store-mui-datatable-filter-chip-while-page-refresh","title":"How to store mui-datatable filter chip while page refresh"},{"tags":["sql-server","azure","ssis","etl"],"owner":{"account_id":28409880,"reputation":11,"user_id":21733425,"user_type":"registered","profile_image":"https://www.gravatar.com/avatar/05d5211aace916c6982539bc0c8a4017?s=256&d=identicon&r=PG&f=y&so-version=2","display_name":"Jspen27","link":"https://stackoverflow.com/users/21733425/jspen27"},"is_answered":false,"view_count":253,"answer_count":1,"score":0,"last_activity_date":1685744902,"creation_date":1682416348,"last_edit_date":1683017720,"question_id":76099830,"content_license":"CC BY-SA 4.0","link":"https://stackoverflow.com/questions/76099830/flexible-file-task-ssis-unable-to-delete-from-azure-blob-storage","title":"Flexible File Task - SSIS - Unable to delete from Azure Blob Storage"},{"tags":["asp.net-core","asp.net-core-mvc","asp.net-core-webapi",".net-7.0"],"owner":{"account_id":327177,"reputation":3252,"user_id":649384,"user_type":"registered","accept_rate":73,"profile_image":"https://www.gravatar.com/avatar/807e915b98d0af37e9d828b6a437f9fc?s=256&d=identicon&r=PG&f=y&so-version=2","display_name":"Simant","link":"https://stackoverflow.com/users/649384/simant"},"is_answered":true,"view_count":389,"accepted_answer_id":76100328,"answer_count":2,"score":0,"last_activity_date":1682429349,"creation_date":1682416347,"question_id":76099829,"content_license":"CC BY-SA 4.0","link":"https://stackoverflow.com/questions/76099829/how-to-use-separate-exception-handling-flow-in-web-api-and-mvc-controller-in-a-s","title":"How to use separate exception handling flow in Web API and MVC controller in a single ASP.NET Core MVC application?"},{"tags":["couchdb","pouchdb"],"owner":{"account_id":16481872,"reputation":448,"user_id":11908438,"user_type":"registered","profile_image":"https://lh5.googleusercontent.com/-UVuBkDe6teU/AAAAAAAAAAI/AAAAAAAAABI/1y6MAsvT70w/photo.jpg?sz=256","display_name":"Zayne komichi","link":"https://stackoverflow.com/users/11908438/zayne-komichi"},"is_answered":false,"view_count":16,"closed_date":1682884424,"answer_count":0,"score":0,"last_activity_date":1682416313,"creation_date":1682416313,"question_id":76099826,"link":"https://stackoverflow.com/questions/76099826/how-to-search-loosely-in-pouch-db","closed_reason":"Duplicate","title":"How to search loosely in pouch db"},{"tags":["python","celery","amazon-sqs","django-celery"],"owner":{"account_id":7088302,"reputation":33,"user_id":5564764,"user_type":"registered","profile_image":"https://www.gravatar.com/avatar/d779ca6f843979c9f71395717ae024de?s=256&d=identicon&r=PG&f=y&so-version=2","display_name":"Curunir The Colorful","link":"https://stackoverflow.com/users/5564764/curunir-the-colorful"},"is_answered":false,"view_count":368,"answer_count":0,"score":1,"last_activity_date":1682417815,"creation_date":1682416305,"last_edit_date":1682417815,"question_id":76099825,"content_license":"CC BY-SA 4.0","link":"https://stackoverflow.com/questions/76099825/using-celery-sqs-with-django-celery-not-respecting-broker-transport-options","title":"Using Celery + SQS with Django - Celery not respecting broker_transport_options"},{"tags":["javascript","selenium-webdriver","robotframework","ui-automation","oracleforms"],"owner":{"account_id":16414536,"reputation":1,"user_id":11857017,"user_type":"registered","profile_image":"https://www.gravatar.com/avatar/3c98b6de3ef415abcc5fa3c8ea54d404?s=256&d=identicon&r=PG&f=y&so-version=2","display_name":"Nitu kumari","link":"https://stackoverflow.com/users/11857017/nitu-kumari"},"is_answered":false,"view_count":57,"answer_count":0,"score":0,"last_activity_date":1682416284,"creation_date":1682416284,"question_id":76099823,"content_license":"CC BY-SA 4.0","link":"https://stackoverflow.com/questions/76099823/while-automating-the-oracle-forms-script-is-getting-passed-even-if-it-is-not-ex","title":"While automating the Oracle forms, script is getting passed even if it is not executed properly (using selenium with robot js and nut js)"}],"has_more":true,"quota_max":300,"quota_remaining":250}