{"items":[{"tags":["reactjs","storybook"],"owner":{"account_id":23720818,"reputation":157,"user_id":17741401,"user_type":"registered","profile_image":"https://lh3.googleusercontent.com/a/AATXAJxRoqB2Q7U0wdfFVc0EwjbKgohz2wP092qYW3cI=k-s256","display_name":"lcsaloon","link":"https://stackoverflow.com/users/17741401/lcsaloon"},"is_answered":false,"view_count":317,"answer_count":0,"score":7,"last_activity_date":1685109339,"creation_date":1684857573,"last_edit_date":1685000551,"question_id":76316664,"content_license":"CC BY-SA 4.0","link":"https://stackoverflow.com/questions/76316664/storybook-7-pass-props-between-component","title":"Storybook 7 pass props between component"},{"tags":["c++","copy","operator-overloading","copy-constructor"],"owner":{"account_id":4140222,"reputation":15,"user_id":3395789,"user_type":"registered","profile_image":"https://www.gravatar.com/avatar/88d5ef741ee1be97845da8d245367e44?s=256&d=identicon&r=PG&f=y&so-version=2","display_name":"user3395789","link":"https://stackoverflow.com/users/3395789/user3395789"},"is_answered":true,"view_count":180,"answer_count":1,"score":-1,"last_activity_date":1684858278,"creation_date":1684857550,"last_edit_date":1684857902,"question_id":76316659,"content_license":"CC BY-SA 4.0","link":"https://stackoverflow.com/questions/76316659/query-about-copy-constructor-and-assignment-operator-in-c","title":"Query about Copy Constructor and Assignment operator in C++"},{"tags":["python","function","import","python-module","python-zipfile"],"owner":{"account_id":28229970,"reputation":29,"user_id":21579335,"user_type":"registered","profile_image":"https://lh3.googleusercontent.com/a/AGNmyxZ7JF2RhiUO1zKHGAAFa-GO4OZhtaVT1COdAhwzSA=k-s256","display_name":"Rhomekso Azwar Mekso","link":"https://stackoverflow.com/users/21579335/rhomekso-azwar-mekso"},"is_answered":false,"view_count":98,"answer_count":1,"score":0,"last_activity_date":1685004010,"creation_date":1684857534,"last_edit_date":1685004010,"question_id":76316658,"content_license":"CC BY-SA 4.0","link":"https://stackoverflow.com/questions/76316658/extracting-zip-file-to-cache-file","title":"extracting zip file to cache file"},{"tags":["electron","playwright"],"owner":{"account_id":5386452,"reputation":31,"user_id":4290175,"user_type":"registered","profile_image":"https://www.gravatar.com/avatar/efd3288546de39b2cae40792db057bb3?s=256&d=identicon&r=PG&f=y&so-version=2","display_name":"Naresh Renukuntla","link":"https://stackoverflow.com/users/4290175/naresh-renukuntla"},"is_answered":false,"view_count":83,"answer_count":0,"score":0,"last_activity_date":1684857526,"creation_date":1684857526,"question_id":76316656,"content_license":"CC BY-SA 4.0","link":"https://stackoverflow.com/questions/76316656/how-to-disable-devtools-on-electron-lauch-in-playwright-end-to-end-testing","title":"How to disable devtools on electron.lauch() in playwright end-to-end testing"},{"tags":["c#","sockets","client","tcpclient"],"owner":{"account_id":25336534,"reputation":11,"user_id":19155588,"user_type":"registered","profile_image":"https://www.gravatar.com/avatar/70c2d07c3333f056ea816a49e0a51ef1?s=256&d=identicon&r=PG","display_name":"macflirty","link":"https://stackoverflow.com/users/19155588/macflirty"},"is_answered":false,"view_count":64,"answer_count":0,"score":0,"last_activity_date":1684858129,"creation_date":1684857524,"last_edit_date":1684858129,"question_id":76316655,"content_license":"CC BY-SA 4.0","link":"https://stackoverflow.com/questions/76316655/why-does-my-c-tcp-ip-socket-connection-to-a-print-system-crash-after-an-hour","title":"Why does my C# TCP/IP Socket Connection to a Print System crash after an hour?"},{"tags":["javascript","next.js","next.js13"],"owner":{"account_id":4052206,"reputation":799,"user_id":3331344,"user_type":"registered","accept_rate":67,"profile_image":"https://www.gravatar.com/avatar/3f67e53276ac7377724b5cb62dfc58b3?s=256&d=identicon&r=PG&f=y&so-version=2","display_name":"user3331344","link":"https://stackoverflow.com/users/3331344/user3331344"},"is_answered":false,"view_count":1288,"answer_count":0,"score":2,"last_activity_date":1684857476,"creation_date":1684857476,"question_id":76316649,"content_license":"CC BY-SA 4.0","link":"https://stackoverflow.com/questions/76316649/nextjs-13-usesearchparams-returns-null-when-using-the-as-prop-in-link","title":"Nextjs 13 useSearchParams returns null when using the &#39;as&#39; prop in &lt;Link /&gt;"},{"tags":["react-native","expo"],"owner":{"account_id":51136,"reputation":6597,"user_id":152711,"user_type":"registered","accept_rate":70,"profile_image":"https://www.gravatar.com/avatar/c7564ed5b848eda69e4fea42ab2323b5?s=256&d=identicon&r=PG","display_name":"Freewalker","link":"https://stackoverflow.com/users/152711/freewalker"},"is_answered":false,"view_count":7,"answer_count":0,"score":0,"last_activity_date":1684857470,"creation_date":1684857470,"question_id":76316646,"content_license":"CC BY-SA 4.0","link":"https://stackoverflow.com/questions/76316646/how-can-i-dogfood-an-expo-debug-app-without-it-self-deleting","title":"How can I dogfood an Expo debug app without it self-deleting?"},{"tags":["amazon-web-services","oracle","amazon-rds","aws-dms","ora-00942"],"owner":{"account_id":20919963,"reputation":37,"user_id":15368823,"user_type":"registered","profile_image":"https://lh3.googleusercontent.com/a-/AOh14GgNKlnEgTRGS8M08zp6wEPp42ViM2SXFDmvZj2jzg=k-s256","display_name":"B J","link":"https://stackoverflow.com/users/15368823/b-j"},"is_answered":true,"view_count":166,"accepted_answer_id":76317439,"answer_count":1,"score":0,"last_activity_date":1684911347,"creation_date":1684857427,"last_edit_date":1684911347,"question_id":76316643,"content_license":"CC BY-SA 4.0","link":"https://stackoverflow.com/questions/76316643/aws-rds-oracle-error-while-querying-ora-00942-table-or-view-does-not-exist","title":"AWS RDS Oracle Error while Querying - ORA-00942: table or view does not exist"},{"tags":["postgresql"],"owner":{"account_id":7055770,"reputation":1,"user_id":21948181,"user_type":"registered","profile_image":"https://www.gravatar.com/avatar/4d35400eed4fd637da5700a5afa1c7a9?s=256&d=identicon&r=PG&f=y&so-version=2","display_name":"nomask","link":"https://stackoverflow.com/users/21948181/nomask"},"is_answered":true,"view_count":48,"answer_count":1,"score":0,"last_activity_date":1684858517,"creation_date":1684857406,"question_id":76316640,"content_license":"CC BY-SA 4.0","link":"https://stackoverflow.com/questions/76316640/postgresql-check-if-the-element-exists-in-array-with-regex-path-in-jsonb","title":"postgreSQL check if the element exists in array with regex path in Jsonb"},{"tags":["c#","visual-studio-code","openai-api","payload","bad-request"],"owner":{"account_id":25543163,"reputation":1,"user_id":19328919,"user_type":"registered","profile_image":"https://www.gravatar.com/avatar/9eb70e3a30cb548a2db3be1e3ea05856?s=256&d=identicon&r=PG","display_name":"Jes","link":"https://stackoverflow.com/users/19328919/jes"},"is_answered":false,"view_count":143,"answer_count":0,"score":0,"last_activity_date":1684861293,"creation_date":1684857400,"last_edit_date":1684861293,"question_id":76316638,"content_license":"CC BY-SA 4.0","link":"https://stackoverflow.com/questions/76316638/how-to-pass-the-payload-of-c-in-vscode","title":"How to pass the payload of C# in VScode"},{"tags":["gettext","po"],"owner":{"account_id":1701623,"reputation":530,"user_id":1561522,"user_type":"registered","accept_rate":75,"profile_image":"https://www.gravatar.com/avatar/1615ddcb56c2aa7ac30c25b4fac23032?s=256&d=identicon&r=PG","display_name":"ALIENQuake","link":"https://stackoverflow.com/users/1561522/alienquake"},"is_answered":true,"view_count":90,"accepted_answer_id":76350731,"answer_count":1,"score":3,"last_activity_date":1685264830,"creation_date":1684857386,"last_edit_date":1685263301,"question_id":76316636,"content_license":"CC BY-SA 4.0","link":"https://stackoverflow.com/questions/76316636/does-po-file-format-support-negative-indexes","title":"Does PO file format support negative indexes?"},{"tags":["sql","oracle"],"owner":{"account_id":13558252,"reputation":590,"user_id":9780918,"user_type":"registered","profile_image":"https://lh4.googleusercontent.com/-6ULfiTHvmvw/AAAAAAAAAAI/AAAAAAAAA-o/TXFAfLEEfgc/photo.jpg?sz=256","display_name":"Juli&#225;n Oviedo","link":"https://stackoverflow.com/users/9780918/juli%c3%a1n-oviedo"},"is_answered":true,"view_count":73,"accepted_answer_id":76316941,"answer_count":2,"score":0,"last_activity_date":1684859810,"creation_date":1684857366,"last_edit_date":1684859548,"question_id":76316633,"content_license":"CC BY-SA 4.0","link":"https://stackoverflow.com/questions/76316633/clob-in-oracle-db-variable-size","title":"Clob in oracle DB - variable size"},{"tags":["vuejs3","vite"],"owner":{"account_id":16598685,"reputation":1,"user_id":11994977,"user_type":"registered","profile_image":"https://www.gravatar.com/avatar/76eb3cc7e5516c8cb656e465ba2514d6?s=256&d=identicon&r=PG&f=y&so-version=2","display_name":"thatboi","link":"https://stackoverflow.com/users/11994977/thatboi"},"is_answered":false,"view_count":172,"answer_count":0,"score":0,"last_activity_date":1684859016,"creation_date":1684857298,"last_edit_date":1684859016,"question_id":76316627,"content_license":"CC BY-SA 4.0","link":"https://stackoverflow.com/questions/76316627/vue3-and-vite-not-working-properly-on-ipados","title":"Vue3 and Vite not working properly on iPadOS"},{"tags":["java","loops","terminal","java.util.scanner"],"owner":{"account_id":28663828,"reputation":1,"user_id":21948264,"user_type":"registered","profile_image":"https://www.gravatar.com/avatar/381556111fdcfe59380be5d8cb72e51c?s=256&d=identicon&r=PG&f=y&so-version=2","display_name":"Brock Benton","link":"https://stackoverflow.com/users/21948264/brock-benton"},"is_answered":false,"view_count":60,"answer_count":0,"score":0,"last_activity_date":1684858561,"creation_date":1684857294,"last_edit_date":1684858561,"question_id":76316626,"content_license":"CC BY-SA 4.0","link":"https://stackoverflow.com/questions/76316626/basic-loop-issue-with-java-code-how-do-i-allow-a-player-to-gamble-multiple-tim","title":"Basic Loop Issue with Java Code - How do I allow a player to gamble multiple times in the terminal?"},{"tags":["c","linked-list"],"owner":{"account_id":23576411,"reputation":9,"user_id":17616023,"user_type":"registered","profile_image":"https://lh3.googleusercontent.com/a-/AOh14GhQIXVBkbXU4kXJODRw0CI4ntBSocKVoVZtrISvfw=k-s256","display_name":"B&#249;i Mạnh Huy","link":"https://stackoverflow.com/users/17616023/b%c3%b9i-m%e1%ba%a1nh-huy"},"is_answered":false,"view_count":46,"answer_count":1,"score":0,"last_activity_date":1684862505,"creation_date":1684857294,"question_id":76316625,"content_license":"CC BY-SA 4.0","link":"https://stackoverflow.com/questions/76316625/trouble-with-removing-nodes-in-single-linked-list","title":"Trouble with removing nodes in single linked list"},{"tags":["postgresql","view","amazon-rds"],"owner":{"account_id":27739021,"reputation":11,"user_id":21175922,"user_type":"registered","profile_image":"https://www.gravatar.com/avatar/eebb6b8bbe6c5c423bc49801a486ec39?s=256&d=identicon&r=PG","display_name":"pgmrk0o7","link":"https://stackoverflow.com/users/21175922/pgmrk0o7"},"is_answered":false,"view_count":64,"answer_count":0,"score":0,"last_activity_date":1684869282,"creation_date":1684857294,"last_edit_date":1684869282,"question_id":76316624,"content_license":"CC BY-SA 4.0","link":"https://stackoverflow.com/questions/76316624/how-to-extend-row-level-security-to-views-in-postgres-rds-without-using-securit","title":"How to extend row-level security to views in Postgres RDS without using &#39;security_invoker&#39; option?"},{"tags":["android"],"owner":{"account_id":6968463,"reputation":4314,"user_id":5345646,"user_type":"registered","accept_rate":95,"profile_image":"https://i.stack.imgur.com/hTuR0.jpg?s=256&g=1","display_name":"Mooncrater","link":"https://stackoverflow.com/users/5345646/mooncrater"},"is_answered":false,"view_count":25,"answer_count":0,"score":0,"last_activity_date":1684857287,"creation_date":1684857287,"question_id":76316623,"content_license":"CC BY-SA 4.0","link":"https://stackoverflow.com/questions/76316623/is-there-a-way-to-get-the-app-that-is-playing-audio","title":"Is there a way to get the app that is playing audio?"},{"tags":["javascript","printing","format","jspdf","html2canvas"],"owner":{"account_id":28663783,"reputation":1,"user_id":21948225,"user_type":"registered","profile_image":"https://lh3.googleusercontent.com/a/AGNmyxZ_oRfMQEVz8DKC26CoPG4KNSdRgPObkEN-ApDD=k-s256","display_name":"Henrich Michlitsch","link":"https://stackoverflow.com/users/21948225/henrich-michlitsch"},"is_answered":false,"view_count":89,"answer_count":0,"score":0,"last_activity_date":1684896603,"creation_date":1684857194,"last_edit_date":1684896603,"question_id":76316617,"content_license":"CC BY-SA 4.0","link":"https://stackoverflow.com/questions/76316617/how-do-i-make-this-page-format-to-landscape","title":"How do I make this page format to landscape?"},{"tags":["r","r-markdown"],"owner":{"account_id":24359102,"reputation":411,"user_id":18293741,"user_type":"registered","profile_image":"https://www.gravatar.com/avatar/d941a13d229748757f6360fb9099df7e?s=256&d=identicon&r=PG","display_name":"RKeithL","link":"https://stackoverflow.com/users/18293741/rkeithl"},"is_answered":false,"view_count":34,"answer_count":0,"score":0,"last_activity_date":1684857189,"creation_date":1684857189,"question_id":76316615,"content_license":"CC BY-SA 4.0","link":"https://stackoverflow.com/questions/76316615/possible-to-print-a-100-x-2-tibble-side-by-side-in-r-markdown-pdf","title":"Possible to print() a 100 x 2 tibble side by side in R markdown (pdf)?"},{"tags":["reactjs","webpack","react-pdf-viewer"],"owner":{"account_id":8775158,"reputation":1,"user_id":6560665,"user_type":"registered","profile_image":"https://i.stack.imgur.com/Ij54d.jpg?s=256&g=1","display_name":"spyavery","link":"https://stackoverflow.com/users/6560665/spyavery"},"is_answered":false,"view_count":18,"answer_count":0,"score":0,"last_activity_date":1684857187,"creation_date":1684857187,"question_id":76316614,"content_license":"CC BY-SA 4.0","link":"https://stackoverflow.com/questions/76316614/module-build-failed-with-syntax-error-at-props-rendernextpage","title":"Module build failed with syntax error at `(props: RenderNextPage = () =&gt; )"},{"tags":["gcc","autotools","autoconf"],"owner":{"account_id":20352587,"reputation":46,"user_id":14928911,"user_type":"registered","profile_image":"https://www.gravatar.com/avatar/bd97782d799b5473c7204211ca7cb195?s=256&d=identicon&r=PG&f=y&so-version=2","display_name":"fjm","link":"https://stackoverflow.com/users/14928911/fjm"},"is_answered":false,"view_count":46,"answer_count":0,"score":0,"last_activity_date":1684857170,"creation_date":1684857170,"question_id":76316611,"content_license":"CC BY-SA 4.0","link":"https://stackoverflow.com/questions/76316611/autoconf-macro-to-check-if-gcc-multilib-is-present-if-gcc-can-compile-32bit-cod","title":"Autoconf macro to check if gcc-multilib is present (if gcc can compile 32bit code)"},{"tags":["r","dplyr","stringr"],"owner":{"account_id":12449213,"reputation":1,"user_id":9064421,"user_type":"registered","profile_image":"https://www.gravatar.com/avatar/91aec142e6ee8038883d27d357ff152f?s=256&d=identicon&r=PG&f=y&so-version=2","display_name":"pmp","link":"https://stackoverflow.com/users/9064421/pmp"},"is_answered":true,"view_count":23,"answer_count":1,"score":0,"last_activity_date":1684859160,"creation_date":1684857148,"last_edit_date":1684858536,"question_id":76316608,"content_license":"CC BY-SA 4.0","link":"https://stackoverflow.com/questions/76316608/how-to-select-the-rows-based-in-the-counts-in-one-column-and-group-by-anothe-col","title":"How to select the rows based in the counts in one column and group by anothe column"},{"tags":["web","arduino","sensors","arduino-c++"],"owner":{"account_id":28663737,"reputation":1,"user_id":21948187,"user_type":"registered","profile_image":"https://lh3.googleusercontent.com/a/AGNmyxYzDcdCCziExI4G47BSW7WTSMSv8DB4mTeKID__=k-s256","display_name":"Barinov","link":"https://stackoverflow.com/users/21948187/barinov"},"is_answered":false,"view_count":38,"answer_count":0,"score":0,"last_activity_date":1684857238,"creation_date":1684857148,"last_edit_date":1684857238,"question_id":76316607,"content_license":"CC BY-SA 4.0","link":"https://stackoverflow.com/questions/76316607/how-to-update-variable-value-after-displaying-with-gyverportal-library-on-nodemc","title":"How to update variable value after displaying with GyverPortal library on NodeMCU board?"},{"tags":["python","scikit-learn","pytorch","gridsearchcv","scikit-optimize"],"owner":{"account_id":11196448,"reputation":401,"user_id":8214951,"user_type":"registered","profile_image":"https://www.gravatar.com/avatar/2a7a8dbcf0ee1f009703423122a56fb3?s=256&d=identicon&r=PG&f=y&so-version=2","display_name":"flying_loaf_3","link":"https://stackoverflow.com/users/8214951/flying-loaf-3"},"is_answered":false,"view_count":212,"answer_count":0,"score":1,"last_activity_date":1684857143,"creation_date":1684857143,"question_id":76316606,"content_license":"CC BY-SA 4.0","link":"https://stackoverflow.com/questions/76316606/skorch-neuralnetregressor-and-gridsearchcv-custom-parameters","title":"Skorch NeuralNetRegressor and GridSearchCV - Custom Parameters"},{"tags":["c#","wpf","xaml",".net-7.0"],"owner":{"account_id":140870,"reputation":9827,"user_id":347484,"user_type":"registered","accept_rate":98,"profile_image":"https://i.stack.imgur.com/H60ZG.jpg?s=256&g=1","display_name":"Boppity Bop","link":"https://stackoverflow.com/users/347484/boppity-bop"},"is_answered":true,"view_count":82,"answer_count":2,"score":-2,"last_activity_date":1684945292,"creation_date":1684857120,"last_edit_date":1684940497,"question_id":76316604,"content_license":"CC BY-SA 4.0","link":"https://stackoverflow.com/questions/76316604/how-to-use-xaml-less-window-subclass-in-a-normal-window-with-xaml","title":"How to use XAML-less window subclass in a normal window with XAML?"},{"tags":["python","xml","xpath","elementtree"],"owner":{"account_id":13764120,"reputation":83,"user_id":9933094,"user_type":"registered","profile_image":"https://www.gravatar.com/avatar/5235a54b2d7b515e34f24c548b562a13?s=256&d=identicon&r=PG&f=y&so-version=2","display_name":"Chad","link":"https://stackoverflow.com/users/9933094/chad"},"is_answered":true,"view_count":56,"accepted_answer_id":76316976,"answer_count":3,"score":1,"last_activity_date":1685041113,"creation_date":1684857079,"last_edit_date":1684860071,"question_id":76316597,"content_license":"CC BY-SA 4.0","link":"https://stackoverflow.com/questions/76316597/is-there-a-way-to-parse-elementtree-values-based-on-the-value-of-the-element","title":"Is there a way to parse ElementTree values based on the value of the element?"},{"tags":["android"],"owner":{"account_id":14691885,"reputation":13,"user_id":10610322,"user_type":"registered","profile_image":"https://lh5.googleusercontent.com/-zbCMQbajnMY/AAAAAAAAAAI/AAAAAAAAAAA/ABtNlbAaxaiODA1dIFuMfCRE32zLjpmieg/mo/photo.jpg?sz=256","display_name":"Jakub Zając","link":"https://stackoverflow.com/users/10610322/jakub-zaj%c4%85c"},"is_answered":false,"view_count":33,"answer_count":1,"score":1,"last_activity_date":1684862203,"creation_date":1684857079,"question_id":76316596,"content_license":"CC BY-SA 4.0","link":"https://stackoverflow.com/questions/76316596/android-timer-working-after-app-is-background","title":"Android - timer working after app is background"},{"tags":["flutter","dart","textfield","flutter-bloc","flutter-state"],"owner":{"account_id":28663669,"reputation":1,"user_id":21948135,"user_type":"registered","profile_image":"https://i.stack.imgur.com/rcUmu.jpg?s=256&g=1","display_name":"Ilya Polyakov","link":"https://stackoverflow.com/users/21948135/ilya-polyakov"},"is_answered":true,"view_count":408,"accepted_answer_id":76338597,"answer_count":2,"score":0,"last_activity_date":1685086478,"creation_date":1684857075,"question_id":76316593,"content_license":"CC BY-SA 4.0","link":"https://stackoverflow.com/questions/76316593/flutter-textfield-textformfield-initialization-value-with-flutter-bloc","title":"Flutter TextField\\TextFormField initialization value with flutter_bloc"},{"tags":["azure","azure-cognitive-services","azure-cognitive-search"],"owner":{"account_id":165168,"reputation":8420,"user_id":388388,"user_type":"registered","accept_rate":73,"profile_image":"https://www.gravatar.com/avatar/5134860c1bd39c2bb8dd55d75a242967?s=256&d=identicon&r=PG&f=y&so-version=2","display_name":"Developer","link":"https://stackoverflow.com/users/388388/developer"},"is_answered":true,"view_count":142,"answer_count":1,"score":0,"last_activity_date":1684868177,"creation_date":1684857064,"question_id":76316591,"content_license":"CC BY-SA 4.0","link":"https://stackoverflow.com/questions/76316591/azure-cognitive-search-with-filters-giving-results-when-the-query-matches-with-t","title":"azure cognitive search with filters giving results when the query matches with the value start with"},{"tags":["macos","microsoft-edge"],"owner":{"account_id":39576,"reputation":799,"user_id":114230,"user_type":"registered","profile_image":"https://www.gravatar.com/avatar/bb7019bb46fc9421ae9b4f66199b6f98?s=256&d=identicon&r=PG","display_name":"Aseem Bansal","link":"https://stackoverflow.com/users/114230/aseem-bansal"},"is_answered":false,"view_count":47,"answer_count":1,"score":0,"last_activity_date":1684857027,"creation_date":1684857009,"question_id":76316584,"content_license":"CC BY-SA 4.0","link":"https://stackoverflow.com/questions/76316584/how-to-take-spin-dump-of-microsoft-edge-process-on-mac","title":"How to take spin dump of Microsoft Edge process on mac?"}],"has_more":true,"quota_max":300,"quota_remaining":137}