{"items":[{"tags":["java"],"owner":{"account_id":378093,"reputation":1053,"user_id":730606,"user_type":"registered","accept_rate":92,"profile_image":"https://www.gravatar.com/avatar/6c007d88f3e1d6ddac17f453d2962c13?s=256&d=identicon&r=PG","display_name":"Polymer","link":"https://stackoverflow.com/users/730606/polymer"},"is_answered":true,"view_count":123,"accepted_answer_id":76250114,"answer_count":2,"score":0,"last_activity_date":1684114922,"creation_date":1684101594,"last_edit_date":1684108711,"question_id":76249853,"content_license":"CC BY-SA 4.0","link":"https://stackoverflow.com/questions/76249853/idiomatic-way-to-have-constructor-methods-required-by-interfaces","title":"Idiomatic way to have constructor methods required by interfaces"},{"tags":["sql","regexp-replace"],"owner":{"account_id":17812693,"reputation":17,"user_id":12936911,"user_type":"registered","profile_image":"https://graph.facebook.com/2590352657914945/picture?type=large","display_name":"Anubhav Sen","link":"https://stackoverflow.com/users/12936911/anubhav-sen"},"is_answered":false,"view_count":38,"answer_count":1,"score":1,"last_activity_date":1684103489,"creation_date":1684101565,"last_edit_date":1684103489,"question_id":76249852,"content_license":"CC BY-SA 4.0","link":"https://stackoverflow.com/questions/76249852/remove-blank-lines-from-xml-stored-as-string-in-table","title":"Remove blank lines from xml stored as string in Table"},{"tags":["python-3.x","proxy","pyqt","ntlm-authentication"],"owner":{"account_id":28583284,"reputation":1,"user_id":21883999,"user_type":"registered","profile_image":"https://i.stack.imgur.com/IYbkm.jpg?s=256&g=1","display_name":"Dayron Salazar Caza&#241;as","link":"https://stackoverflow.com/users/21883999/dayron-salazar-caza%c3%b1as"},"is_answered":false,"view_count":14,"closed_date":1684152971,"answer_count":0,"score":0,"last_activity_date":1684101546,"creation_date":1684101546,"question_id":76249850,"link":"https://stackoverflow.com/questions/76249850/i-need-to-know-how-to-pass-variables-in-python-as-parameters-on-a-program-in-win","closed_reason":"Duplicate","title":"I need to know how to pass variables in python as parameters on a program in windows"},{"tags":["amazon-ec2","docker-compose","autoscaling"],"owner":{"account_id":24488276,"reputation":1,"user_id":18405674,"user_type":"registered","profile_image":"https://lh3.googleusercontent.com/a/AATXAJx0XQofprZTBpraSELH_nfnKdX890R1nIuYleP9Uw=k-s256","display_name":"Jonas Van Hoof","link":"https://stackoverflow.com/users/18405674/jonas-van-hoof"},"is_answered":false,"view_count":138,"answer_count":0,"score":0,"last_activity_date":1684180370,"creation_date":1684101512,"last_edit_date":1684180370,"question_id":76249847,"content_license":"CC BY-SA 4.0","link":"https://stackoverflow.com/questions/76249847/aws-auto-scaling-with-docker-compose","title":"AWS auto scaling with docker compose"},{"tags":["flutter","dart","unit-testing"],"owner":{"account_id":28601343,"reputation":1,"user_id":21898243,"user_type":"registered","profile_image":"https://www.gravatar.com/avatar/b057b4d28595fd55dc0d4147a20efc04?s=256&d=identicon&r=PG&f=y&so-version=2","display_name":"Kicchan","link":"https://stackoverflow.com/users/21898243/kicchan"},"is_answered":false,"view_count":69,"answer_count":0,"score":0,"last_activity_date":1684127337,"creation_date":1684101487,"last_edit_date":1684127337,"question_id":76249845,"content_license":"CC BY-SA 4.0","link":"https://stackoverflow.com/questions/76249845/streamprovider-which-is-nested-in-streamprovider-stuck-on-loading","title":"StreamProvider which is nested in StreamProvider stuck on loading"},{"tags":["python","server","proxy"],"owner":{"account_id":28601389,"reputation":1,"user_id":21898277,"user_type":"registered","profile_image":"https://lh3.googleusercontent.com/a/AGNmyxbPmoEcaV6Tc78jhrKH7TPj8i0hXO6Xng3iFPE=k-s256","display_name":"borismature","link":"https://stackoverflow.com/users/21898277/borismature"},"is_answered":false,"view_count":40,"answer_count":0,"score":0,"last_activity_date":1684101335,"creation_date":1684101335,"question_id":76249838,"content_license":"CC BY-SA 4.0","link":"https://stackoverflow.com/questions/76249838/basic-server-proxy-implementation","title":"Basic server proxy implementation"},{"tags":["rust"],"owner":{"account_id":6836448,"reputation":97,"user_id":8093056,"user_type":"registered","profile_image":"https://www.gravatar.com/avatar/fe27baf63366e75011ff03e98d1a06e6?s=256&d=identicon&r=PG&f=y&so-version=2","display_name":"Defisher","link":"https://stackoverflow.com/users/8093056/defisher"},"is_answered":true,"view_count":101,"answer_count":1,"score":1,"last_activity_date":1684101595,"creation_date":1684101323,"last_edit_date":1684101408,"question_id":76249837,"content_license":"CC BY-SA 4.0","link":"https://stackoverflow.com/questions/76249837/i-dont-understand-this-rust-closure-syntax","title":"I don&#39;t understand this Rust closure syntax"},{"tags":["algorithm","optimization"],"owner":{"account_id":2438723,"reputation":218,"user_id":7691567,"user_type":"registered","profile_image":"https://www.gravatar.com/avatar/8150fac5c29b40eea88df19cf0414749?s=256&d=identicon&r=PG","display_name":"Lachy","link":"https://stackoverflow.com/users/7691567/lachy"},"is_answered":true,"view_count":75,"accepted_answer_id":76252893,"answer_count":2,"score":1,"last_activity_date":1684146159,"creation_date":1684101304,"last_edit_date":1684104035,"question_id":76249835,"content_license":"CC BY-SA 4.0","link":"https://stackoverflow.com/questions/76249835/optimisation-of-a-system-of-inequality-relations","title":"Optimisation of a system of inequality relations"},{"tags":["drake"],"owner":{"account_id":28280608,"reputation":21,"user_id":21622315,"user_type":"registered","profile_image":"https://www.gravatar.com/avatar/182aee8bf38a84acdeec28ef1b950752?s=256&d=identicon&r=PG&f=y&so-version=2","display_name":"Ben Kang","link":"https://stackoverflow.com/users/21622315/ben-kang"},"is_answered":false,"view_count":93,"answer_count":1,"score":0,"last_activity_date":1684110896,"creation_date":1684101254,"question_id":76249833,"content_license":"CC BY-SA 4.0","link":"https://stackoverflow.com/questions/76249833/default-values-of-friction-in-urdf","title":"Default values of friction in urdf"},{"tags":["apache-kafka","apache-kafka-mirrormaker"],"owner":{"account_id":24377023,"reputation":58,"user_id":18309213,"user_type":"registered","profile_image":"https://i.stack.imgur.com/gGLyY.jpg?s=256&g=1","display_name":"JBravo","link":"https://stackoverflow.com/users/18309213/jbravo"},"is_answered":false,"view_count":143,"answer_count":0,"score":0,"last_activity_date":1684152812,"creation_date":1684101110,"last_edit_date":1684152812,"question_id":76249826,"content_license":"CC BY-SA 4.0","link":"https://stackoverflow.com/questions/76249826/kafka-mm2-offset-translation","title":"Kafka MM2 Offset Translation"},{"tags":["xml","spring","path","configuration","filenotfoundexception"],"owner":{"account_id":28241683,"reputation":1,"user_id":21589376,"user_type":"registered","profile_image":"https://www.gravatar.com/avatar/04efc1cbf13e854123db64569108b975?s=256&d=identicon&r=PG&f=y&so-version=2","display_name":"Anitya Sharma","link":"https://stackoverflow.com/users/21589376/anitya-sharma"},"is_answered":false,"view_count":25,"answer_count":1,"score":0,"last_activity_date":1684168830,"creation_date":1684101083,"last_edit_date":1684153815,"question_id":76249824,"content_license":"CC BY-SA 4.0","link":"https://stackoverflow.com/questions/76249824/xml-filenot-found-on-intellij-community-edition","title":".xml filenot found on intellij community edition"},{"tags":["php","laravel","docker","dockerfile","swoole"],"owner":{"account_id":22841250,"reputation":369,"user_id":16988223,"user_type":"registered","profile_image":"https://www.gravatar.com/avatar/4e41c44a1989718f07dc79ec50dcb6c2?s=256&d=identicon&r=PG","display_name":"FreddicMatters","link":"https://stackoverflow.com/users/16988223/freddicmatters"},"is_answered":false,"view_count":533,"answer_count":1,"score":0,"last_activity_date":1690377915,"creation_date":1684101035,"question_id":76249821,"content_license":"CC BY-SA 4.0","link":"https://stackoverflow.com/questions/76249821/dockerfile-for-php-laravel-unable-to-install-pecl-install-pcov-ssh2-swoole","title":"Dockerfile for php laravel unable to install pecl install pcov ssh2 swoole"},{"tags":["python","google-oauth","google-calendar-api"],"owner":{"account_id":8759044,"reputation":1086,"user_id":6549541,"user_type":"registered","accept_rate":62,"profile_image":"https://i.stack.imgur.com/Yjt8n.jpg?s=256&g=1","display_name":"atclaus","link":"https://stackoverflow.com/users/6549541/atclaus"},"is_answered":true,"view_count":213,"answer_count":1,"score":0,"last_activity_date":1684117524,"creation_date":1684100844,"last_edit_date":1684108862,"question_id":76249814,"content_license":"CC BY-SA 4.0","link":"https://stackoverflow.com/questions/76249814/authorizing-google-api-on-headless-machine-in-python","title":"Authorizing Google API on Headless Machine in Python"},{"tags":["javascript","html","css","web","svg"],"owner":{"account_id":20766629,"reputation":19,"user_id":15250453,"user_type":"registered","profile_image":"https://www.gravatar.com/avatar/338d7ae4e8ddf819bdbc0cf103e28e59?s=256&d=identicon&r=PG&f=y&so-version=2","display_name":"mathewsjoyy","link":"https://stackoverflow.com/users/15250453/mathewsjoyy"},"is_answered":true,"view_count":124,"closed_date":1684270662,"accepted_answer_id":76249848,"answer_count":1,"score":0,"last_activity_date":1684146927,"creation_date":1684100788,"last_edit_date":1684146927,"question_id":76249811,"link":"https://stackoverflow.com/questions/76249811/css-background-with-svg-duplicating-multiple-times","closed_reason":"Duplicate","title":"CSS Background with svg duplicating multiple times"},{"tags":["drop-down-menu","css-transitions"],"owner":{"account_id":11730573,"reputation":11,"user_id":8586204,"user_type":"registered","profile_image":"https://www.gravatar.com/avatar/70f89aa8636304dc9a81e94426b077db?s=256&d=identicon&r=PG&f=y&so-version=2","display_name":"CKlemow","link":"https://stackoverflow.com/users/8586204/cklemow"},"is_answered":false,"view_count":59,"answer_count":0,"score":0,"last_activity_date":1684121788,"creation_date":1684100785,"last_edit_date":1684121788,"question_id":76249810,"content_license":"CC BY-SA 4.0","link":"https://stackoverflow.com/questions/76249810/css-max-height-transition-for-dropdowns-not-working-in-mobile-hamburger-view-of","title":"CSS max-height transition for dropdowns not working in mobile/hamburger view of a responsive menu"},{"tags":["openssl","rsa"],"migrated_from":{"other_site":{"aliases":["https://itsecurity.stackexchange.com"],"styling":{"tag_background_color":"#FFF","tag_foreground_color":"#000","link_color":"#0077CC"},"related_sites":[{"relation":"meta","api_site_parameter":"security.meta","site_url":"https://security.meta.stackexchange.com","name":"Information Security Meta Stack Exchange"},{"relation":"chat","site_url":"https://chat.stackexchange.com?tab=site&host=security.stackexchange.com","name":"Chat Stack Exchange"}],"launch_date":1310490000,"open_beta_date":1290106800,"closed_beta_date":1289502000,"site_state":"normal","high_resolution_icon_url":"https://cdn.sstatic.net/Sites/security/Img/apple-touch-icon@2.png","favicon_url":"https://cdn.sstatic.net/Sites/security/Img/favicon.ico","icon_url":"https://cdn.sstatic.net/Sites/security/Img/apple-touch-icon.png","audience":"information security professionals","site_url":"https://security.stackexchange.com","api_site_parameter":"security","logo_url":"https://cdn.sstatic.net/Sites/security/Img/logo.png","name":"Information Security","site_type":"main_site"},"on_date":1684165423,"question_id":270247},"owner":{"account_id":14207540,"reputation":2396,"user_id":10263660,"user_type":"registered","profile_image":"https://www.gravatar.com/avatar/0f7c766de0072a459f7d01134af5c97b?s=256&d=identicon&r=PG&f=y&so-version=2","display_name":"FalcoGer","link":"https://stackoverflow.com/users/10263660/falcoger"},"is_answered":true,"view_count":535,"accepted_answer_id":76255779,"answer_count":1,"score":1,"last_activity_date":1684165423,"creation_date":1684100709,"question_id":76255778,"link":"https://stackoverflow.com/questions/76255778/how-to-generate-a-weak-e-g-128-bit-rsa-key","title":"How to generate a weak (e.g. 128-bit) RSA key?"},{"tags":["flutter","dart"],"owner":{"account_id":24274748,"reputation":1,"user_id":18222209,"user_type":"registered","profile_image":"https://lh3.googleusercontent.com/a/AATXAJxTQTjI9jELn-jhtblotvSNfBDOyvzfI3noXcVC=k-s256","display_name":"sidali","link":"https://stackoverflow.com/users/18222209/sidali"},"is_answered":false,"view_count":37,"answer_count":0,"score":0,"last_activity_date":1684100586,"creation_date":1684100586,"question_id":76249801,"content_license":"CC BY-SA 4.0","link":"https://stackoverflow.com/questions/76249801/why-am-i-getting-a-null-check-operator-used-on-a-null-value-even-though-am-usi","title":"why am i getting a &#39;null check operator used on a null value&#39; even though am using a flag to avoid it"},{"tags":["python","html","api","web-scraping","ethereum"],"owner":{"account_id":9228035,"reputation":105,"user_id":6855164,"user_type":"registered","profile_image":"https://www.gravatar.com/avatar/b49d3ff5ba0598b2044ab37e5783eb12?s=256&d=identicon&r=PG&f=y&so-version=2","display_name":"TheEliteOne","link":"https://stackoverflow.com/users/6855164/theeliteone"},"is_answered":false,"view_count":10,"answer_count":0,"score":0,"last_activity_date":1684100585,"creation_date":1684100585,"question_id":76249800,"content_license":"CC BY-SA 4.0","link":"https://stackoverflow.com/questions/76249800/get-disqus-thread-id-from-ethscan-of-token","title":"get disqus_thread_id from ethscan of token"},{"tags":["python","json","io","ijson"],"owner":{"account_id":13820989,"reputation":477,"user_id":11141816,"user_type":"registered","profile_image":"https://i.stack.imgur.com/sCksl.jpg?s=256&g=1","display_name":"ShoutOutAndCalculate","link":"https://stackoverflow.com/users/11141816/shoutoutandcalculate"},"is_answered":false,"view_count":236,"answer_count":0,"score":1,"last_activity_date":1684100275,"creation_date":1684100275,"question_id":76249794,"content_license":"CC BY-SA 4.0","link":"https://stackoverflow.com/questions/76249794/how-could-msgspec-and-ijson-faster-than-json-for-large-json-file","title":"How could msgspec and ijson faster than json for large json file?"},{"tags":["pytorch"],"owner":{"account_id":6608852,"reputation":1809,"user_id":6458245,"user_type":"registered","accept_rate":59,"profile_image":"https://www.gravatar.com/avatar/309786d74c2d360f53f72e2c2437649e?s=256&d=identicon&r=PG&f=y&so-version=2","display_name":"JobHunter69","link":"https://stackoverflow.com/users/6458245/jobhunter69"},"is_answered":false,"view_count":20,"answer_count":1,"score":0,"last_activity_date":1684101987,"creation_date":1684100208,"question_id":76249790,"content_license":"CC BY-SA 4.0","link":"https://stackoverflow.com/questions/76249790/how-do-i-use-pytorch-view-to-preserve-the-groupings-of-a-dimension","title":"How do I use pytorch view to preserve the groupings of a dimension?"},{"tags":["fortran","abaqus"],"owner":{"account_id":20594733,"reputation":11,"user_id":15117480,"user_type":"registered","profile_image":"https://www.gravatar.com/avatar/0ba6bcc7f9930ecd921399eb7669efd1?s=256&d=identicon&r=PG&f=y&so-version=2","display_name":"rufia","link":"https://stackoverflow.com/users/15117480/rufia"},"is_answered":false,"view_count":179,"answer_count":1,"score":0,"last_activity_date":1693599145,"creation_date":1684100099,"last_edit_date":1684158018,"question_id":76249786,"content_license":"CC BY-SA 4.0","link":"https://stackoverflow.com/questions/76249786/running-python-script-in-abaqus-umat","title":"Running python script in ABAQUS UMAT"},{"tags":["python","deep-learning","memory-leaks","huggingface-transformers"],"owner":{"account_id":8638072,"reputation":235,"user_id":6467512,"user_type":"registered","profile_image":"https://www.gravatar.com/avatar/73a45ef08e8d36491f1839d4d804a275?s=256&d=identicon&r=PG&f=y&so-version=2","display_name":"AynonT","link":"https://stackoverflow.com/users/6467512/aynont"},"is_answered":true,"view_count":202,"accepted_answer_id":76250341,"answer_count":1,"score":1,"last_activity_date":1684113498,"creation_date":1684100056,"last_edit_date":1684110900,"question_id":76249781,"content_license":"CC BY-SA 4.0","link":"https://stackoverflow.com/questions/76249781/feature-extraction-process-using-too-much-memory-and-causing-a-crash-what-can-i","title":"Feature extraction process using too much memory and causing a crash. What can I do?"},{"tags":["r","ggplot2"],"owner":{"account_id":18346557,"reputation":3,"user_id":21898172,"user_type":"registered","profile_image":"https://www.gravatar.com/avatar/4d79830d8e105f9523528c920ec92a42?s=256&d=identicon&r=PG&f=y&so-version=2","display_name":"Geographer","link":"https://stackoverflow.com/users/21898172/geographer"},"is_answered":true,"view_count":26,"accepted_answer_id":76249893,"answer_count":1,"score":0,"last_activity_date":1684102288,"creation_date":1684099985,"question_id":76249778,"content_license":"CC BY-SA 4.0","link":"https://stackoverflow.com/questions/76249778/center-labels-over-top-of-side-by-side-bar-chart-ggplot2","title":"Center labels over top of side-by-side bar chart, ggplot2"},{"tags":["nsis"],"owner":{"account_id":16065881,"reputation":17,"user_id":21801469,"user_type":"registered","profile_image":"https://www.gravatar.com/avatar/078984e8044243958c270104995a5e85?s=256&d=identicon&r=PG&f=y&so-version=2","display_name":"Jairo","link":"https://stackoverflow.com/users/21801469/jairo"},"is_answered":true,"view_count":28,"accepted_answer_id":76250204,"answer_count":1,"score":0,"last_activity_date":1684110106,"creation_date":1684099971,"question_id":76249777,"content_license":"CC BY-SA 4.0","link":"https://stackoverflow.com/questions/76249777/nsis-round-disk-size-to-nearest-decimal-place","title":"NSIS round disk size to nearest decimal place"},{"tags":["python","php","mysql"],"owner":{"account_id":264829,"reputation":3420,"user_id":551404,"user_type":"registered","accept_rate":69,"profile_image":"https://i.stack.imgur.com/2EWEH.jpg?s=256&g=1","display_name":"dramasea","link":"https://stackoverflow.com/users/551404/dramasea"},"is_answered":false,"view_count":31,"answer_count":0,"score":0,"last_activity_date":1684099928,"creation_date":1684099928,"question_id":76249774,"content_license":"CC BY-SA 4.0","link":"https://stackoverflow.com/questions/76249774/unable-to-execute-python-script-from-php-on-web-when-mysql-module-is-included-in","title":"Unable to execute python script from php on web when mysql module is included in python"},{"tags":["r"],"owner":{"account_id":22462591,"reputation":3,"user_id":16664228,"user_type":"registered","profile_image":"https://lh3.googleusercontent.com/a-/AOh14GjCOdHks3YgFQmFh6rFp2AaVERImgw1yUjdKa9O4sM=k-s256","display_name":"Preksha Rathore","link":"https://stackoverflow.com/users/16664228/preksha-rathore"},"is_answered":true,"view_count":20,"accepted_answer_id":76249815,"answer_count":1,"score":0,"last_activity_date":1684100888,"creation_date":1684099927,"last_edit_date":1684100608,"question_id":76249773,"content_license":"CC BY-SA 4.0","link":"https://stackoverflow.com/questions/76249773/how-to-get-the-highest-lowest-and-average-values-for-each-year-in-one-table","title":"How to get the highest, lowest, and average values for each year in one table"},{"tags":["angular","nrwl-nx"],"owner":{"account_id":10810821,"reputation":862,"user_id":7951469,"user_type":"registered","accept_rate":80,"profile_image":"https://i.stack.imgur.com/XTiJD.png?s=256&g=1","display_name":"Nico Schuck","link":"https://stackoverflow.com/users/7951469/nico-schuck"},"is_answered":true,"view_count":840,"accepted_answer_id":76249828,"answer_count":1,"score":2,"last_activity_date":1684253508,"creation_date":1684099875,"last_edit_date":1684101174,"question_id":76249771,"content_license":"CC BY-SA 4.0","link":"https://stackoverflow.com/questions/76249771/nx-how-to-use-an-interface-library-in-frontend-and-backend","title":"NX how to use an interface library in frontend and backend"},{"tags":["c#","unity-game-engine","textmeshpro"],"owner":{"account_id":2153111,"reputation":43,"user_id":1908921,"user_type":"registered","profile_image":"https://www.gravatar.com/avatar/439c92a29b02dec9d2320d35a949c988?s=256&d=identicon&r=PG","display_name":"Seona","link":"https://stackoverflow.com/users/1908921/seona"},"is_answered":true,"view_count":88,"accepted_answer_id":76268347,"answer_count":1,"score":-1,"last_activity_date":1684293389,"creation_date":1684099814,"question_id":76249767,"content_license":"CC BY-SA 4.0","link":"https://stackoverflow.com/questions/76249767/having-problems-validating-text-mesh-pro-form-fields-in-unity-c","title":"Having problems validating Text Mesh Pro form fields in Unity/C#"},{"tags":["langchain","py-langchain"],"owner":{"account_id":115756,"reputation":1583,"user_id":2050539,"user_type":"registered","accept_rate":44,"profile_image":"https://www.gravatar.com/avatar/8be97b1051966fbc726bc7aa9a7e9a09?s=256&d=identicon&r=PG","display_name":"Andrey Tagaew","link":"https://stackoverflow.com/users/2050539/andrey-tagaew"},"is_answered":true,"view_count":2989,"answer_count":2,"score":1,"last_activity_date":1684311915,"creation_date":1684099777,"question_id":76249765,"content_license":"CC BY-SA 4.0","link":"https://stackoverflow.com/questions/76249765/cant-run-simple-intro-langchain-application-and-getting-error","title":"Can&#39;t run simple intro langchain application and getting error"},{"tags":["django","django-rest-framework"],"owner":{"account_id":26762468,"reputation":61,"user_id":20360187,"user_type":"registered","profile_image":"https://www.gravatar.com/avatar/b8581c2a81a527fb279a02b05b7e2c57?s=256&d=identicon&r=PG","display_name":"Ramzouu","link":"https://stackoverflow.com/users/20360187/ramzouu"},"is_answered":true,"view_count":81,"accepted_answer_id":76249894,"answer_count":1,"score":2,"last_activity_date":1684311720,"creation_date":1684099774,"last_edit_date":1684137382,"question_id":76249764,"content_license":"CC BY-SA 4.0","link":"https://stackoverflow.com/questions/76249764/what-is-the-difference-between-my-app-and-my-app-apps-my-appconfig-in-the-ins","title":"What is the difference between “my_app” and “my_app.apps.My_appConfig in the installed INSTALLED_APPS in settings.py?"}],"has_more":true,"quota_max":300,"quota_remaining":172}