{"items":[{"tags":["python-3.x"],"owner":{"account_id":28821500,"reputation":1,"user_id":22073932,"user_type":"registered","profile_image":"https://lh3.googleusercontent.com/a/AAcHTtf9E5C1jGzKJqMQ35GwEC3O49yguHHpO6hBBr-m=k-s256","display_name":"Zerachiel Violet","link":"https://stackoverflow.com/users/22073932/zerachiel-violet"},"is_answered":false,"view_count":36,"answer_count":1,"score":0,"last_activity_date":1686849704,"creation_date":1686844782,"last_edit_date":1686844848,"question_id":76483487,"content_license":"CC BY-SA 4.0","link":"https://stackoverflow.com/questions/76483487/how-do-i-define-variables-from-a-try-except-in-python","title":"How do i define variables from a try-except in python?"},{"tags":["swift","swiftui"],"owner":{"account_id":12141413,"reputation":103,"user_id":8865059,"user_type":"registered","profile_image":"https://www.gravatar.com/avatar/1b77a470c79d1e5a38ecb3523589b325?s=256&d=identicon&r=PG","display_name":"user8865059","link":"https://stackoverflow.com/users/8865059/user8865059"},"is_answered":false,"view_count":126,"answer_count":0,"score":0,"last_activity_date":1686845809,"creation_date":1686844742,"last_edit_date":1686845809,"question_id":76483486,"content_license":"CC BY-SA 4.0","link":"https://stackoverflow.com/questions/76483486/swiftui-map-mapannotation-vs-mappin-or-annotation-vs-marker","title":"SwiftUI Map() MapAnnotation vs MapPin (or Annotation vs Marker)"},{"tags":["reactjs","fluent","fluentui-react","detailslist"],"owner":{"account_id":28828165,"reputation":11,"user_id":22079229,"user_type":"registered","profile_image":"https://lh3.googleusercontent.com/a/AAcHTtfxgTMl2QwDnBADHzLB79kI2YHP9BTXaDR5qWXcMg=k-s256","display_name":"Dhawooth Ibnu Shahaman","link":"https://stackoverflow.com/users/22079229/dhawooth-ibnu-shahaman"},"is_answered":false,"view_count":322,"answer_count":1,"score":1,"last_activity_date":1686920340,"creation_date":1686844727,"question_id":76483485,"content_license":"CC BY-SA 4.0","link":"https://stackoverflow.com/questions/76483485/fluentui-detailslist-item-state-updated-but-component-not-rendered-properly","title":"FluentUI DetailsList - item state updated but component not rendered properly"},{"tags":["templates","mustache"],"owner":{"account_id":4033288,"reputation":67,"user_id":3318639,"user_type":"registered","accept_rate":83,"profile_image":"https://www.gravatar.com/avatar/3ea9c4c35ad0f2886ac8b035ed5661f2?s=256&d=identicon&r=PG&f=y&so-version=2","display_name":"toch","link":"https://stackoverflow.com/users/3318639/toch"},"is_answered":false,"view_count":38,"answer_count":0,"score":0,"last_activity_date":1686892712,"creation_date":1686844723,"last_edit_date":1686892712,"question_id":76483484,"content_license":"CC BY-SA 4.0","link":"https://stackoverflow.com/questions/76483484/how-to-iterate-multidimensional-array-in-mustache","title":"How to iterate multidimensional array in mustache?"},{"tags":["java","android-studio","kotlin","maven","gradle"],"owner":{"account_id":23031506,"reputation":42,"user_id":17150924,"user_type":"registered","profile_image":"https://i.stack.imgur.com/UgR3i.png?s=256&g=1","display_name":"Khoshghalb2c.IR","link":"https://stackoverflow.com/users/17150924/khoshghalb2c-ir"},"is_answered":false,"view_count":158,"answer_count":0,"score":1,"last_activity_date":1686844709,"creation_date":1686844709,"question_id":76483481,"content_license":"CC BY-SA 4.0","link":"https://stackoverflow.com/questions/76483481/android-studio-maven-url-https-jitpack-io-corrupts-java-kotlin-files","title":"Android Studio maven { url &#39;https://jitpack.io&#39; } Corrupts java &amp; kotlin files"},{"tags":["python","pandas"],"owner":{"account_id":12581650,"reputation":27,"user_id":9152099,"user_type":"registered","profile_image":"https://www.gravatar.com/avatar/8468f0787bb0a16de122ab1c883dc741?s=256&d=identicon&r=PG&f=y&so-version=2","display_name":"Kinote","link":"https://stackoverflow.com/users/9152099/kinote"},"is_answered":false,"view_count":111,"answer_count":1,"score":0,"last_activity_date":1686854706,"creation_date":1686844702,"question_id":76483480,"content_license":"CC BY-SA 4.0","link":"https://stackoverflow.com/questions/76483480/pandas-dataframe-outputting-too-many-columns","title":"Pandas DataFrame Outputting Too Many Columns"},{"tags":["python","tensorflow","shap"],"owner":{"account_id":28828258,"reputation":1,"user_id":22079308,"user_type":"registered","profile_image":"https://lh3.googleusercontent.com/a/AAcHTtfzh0FWpkzBx9yW6ETp9wvX--7gFduvyYXnmUUX=k-s256","display_name":"agustina ghelfi","link":"https://stackoverflow.com/users/22079308/agustina-ghelfi"},"is_answered":false,"view_count":46,"answer_count":0,"score":0,"last_activity_date":1686863844,"creation_date":1686844695,"last_edit_date":1686863844,"question_id":76483479,"content_license":"CC BY-SA 4.0","link":"https://stackoverflow.com/questions/76483479/attributeerror-tensorflow-python-framework-ops-eagertensor-object-has-no-attr","title":"AttributeError: &#39;tensorflow.python.framework.ops.EagerTensor&#39; object has no attribute &#39;mean&#39;"},{"tags":["django","django-models","django-views","django-forms","django-crispy-forms"],"owner":{"account_id":19681271,"reputation":178,"user_id":14408344,"user_type":"registered","profile_image":"https://graph.facebook.com/5164210323605143/picture?type=large","display_name":"Thomas Doll-Datema","link":"https://stackoverflow.com/users/14408344/thomas-doll-datema"},"is_answered":true,"view_count":38,"answer_count":1,"score":0,"last_activity_date":1694963086,"creation_date":1686844694,"last_edit_date":1686847136,"question_id":76483478,"content_license":"CC BY-SA 4.0","link":"https://stackoverflow.com/questions/76483478/django-form-not-updating-files-images","title":"Django form not updating files/images"},{"tags":["java","spring","tomcat","hotswap"],"owner":{"account_id":10579480,"reputation":13,"user_id":7793849,"user_type":"registered","profile_image":"https://www.gravatar.com/avatar/31939b0655412ed4d02aa9abe9493c15?s=256&d=identicon&r=PG&f=y&so-version=2","display_name":"Nethish Rajendran","link":"https://stackoverflow.com/users/7793849/nethish-rajendran"},"is_answered":true,"view_count":146,"accepted_answer_id":76483578,"answer_count":1,"score":0,"last_activity_date":1686845831,"creation_date":1686844686,"question_id":76483477,"content_license":"CC BY-SA 4.0","link":"https://stackoverflow.com/questions/76483477/is-it-a-good-practice-to-hot-swap-java-code-in-production","title":"Is it a good practice to hot swap java code in production?"},{"tags":["sql","postgresql","window-functions"],"owner":{"account_id":22875129,"reputation":79,"user_id":17017582,"user_type":"registered","profile_image":"https://www.gravatar.com/avatar/691be18aa6472e611f5915ee8d3f02ba?s=256&d=identicon&r=PG","display_name":"aristotle29","link":"https://stackoverflow.com/users/17017582/aristotle29"},"is_answered":false,"view_count":48,"answer_count":2,"score":-2,"last_activity_date":1686865209,"creation_date":1686844653,"last_edit_date":1686865209,"question_id":76483475,"content_license":"CC BY-SA 4.0","link":"https://stackoverflow.com/questions/76483475/find-number-of-orders-required-to-purchase-n-products-in-sql","title":"find number of orders required to purchase n products in sql"},{"tags":["azure","automation","azure-sentinel"],"owner":{"account_id":28828237,"reputation":1,"user_id":22079290,"user_type":"registered","profile_image":"https://www.gravatar.com/avatar/e44b3e36edba80c01a85d28cf9872a34?s=256&d=identicon&r=PG&f=y&so-version=2","display_name":"GoldenPanty93","link":"https://stackoverflow.com/users/22079290/goldenpanty93"},"is_answered":false,"view_count":175,"answer_count":0,"score":0,"last_activity_date":1687807544,"creation_date":1686844645,"last_edit_date":1687807544,"question_id":76483473,"content_license":"CC BY-SA 4.0","link":"https://stackoverflow.com/questions/76483473/logic-app-how-to-initialize-and-set-multiple-variables-from-json","title":"Logic App - how to initialize and set multiple variables from JSON?"},{"tags":["neo4j","cypher"],"owner":{"account_id":4742242,"reputation":49,"user_id":3834585,"user_type":"registered","accept_rate":100,"profile_image":"https://www.gravatar.com/avatar/2fc208922446671623f815c9707a5aa0?s=256&d=identicon&r=PG&f=y&so-version=2","display_name":"Lucassith","link":"https://stackoverflow.com/users/3834585/lucassith"},"is_answered":true,"view_count":101,"answer_count":2,"score":0,"last_activity_date":1687309475,"creation_date":1686844612,"last_edit_date":1687111713,"question_id":76483469,"content_license":"CC BY-SA 4.0","link":"https://stackoverflow.com/questions/76483469/recalculating-neo4j-relationships-based-on-chain-of-relationships","title":"Recalculating Neo4J relationships based on chain of relationships"},{"tags":["flutter","mockito","http.client"],"owner":{"account_id":6352239,"reputation":43,"user_id":4930883,"user_type":"registered","profile_image":"https://graph.facebook.com/10206275997835776/picture?type=large","display_name":"Pedro Brasil","link":"https://stackoverflow.com/users/4930883/pedro-brasil"},"is_answered":false,"view_count":52,"answer_count":1,"score":0,"last_activity_date":1686848277,"creation_date":1686844596,"question_id":76483468,"content_license":"CC BY-SA 4.0","link":"https://stackoverflow.com/questions/76483468/mockito-flutter-cant-verify-client-post-if-body-is-decoded","title":"Mockito (Flutter) can&#39;t verify client.post if body is decoded"},{"tags":["javascript","python","html","flask","pulp"],"owner":{"account_id":14068245,"reputation":11,"user_id":12254227,"user_type":"registered","profile_image":"https://lh5.googleusercontent.com/-vKruC1pjMvY/AAAAAAAAAAI/AAAAAAAAAAA/AAnnY7rOG5Fou8pfn3kBn9R1LBdKArrXng/mo/photo.jpg?sz=256","display_name":"Marcelo Endurance Albuquerque","link":"https://stackoverflow.com/users/12254227/marcelo-endurance-albuquerque"},"is_answered":false,"view_count":147,"answer_count":1,"score":0,"last_activity_date":1686851001,"creation_date":1686844588,"last_edit_date":1686844751,"question_id":76483467,"content_license":"CC BY-SA 4.0","link":"https://stackoverflow.com/questions/76483467/merging-html-with-python","title":"Merging Html with Python"},{"tags":["arrays","swift","swiftui","struct","data-binding"],"owner":{"account_id":28828278,"reputation":1,"user_id":22079323,"user_type":"registered","profile_image":"https://www.gravatar.com/avatar/51a9c09b731ad9c5a9cbb6a13d69a88f?s=256&d=identicon&r=PG&f=y&so-version=2","display_name":"Louis","link":"https://stackoverflow.com/users/22079323/louis"},"is_answered":false,"view_count":71,"answer_count":0,"score":0,"last_activity_date":1686845767,"creation_date":1686844583,"last_edit_date":1686845767,"question_id":76483465,"content_license":"CC BY-SA 4.0","link":"https://stackoverflow.com/questions/76483465/swiftui-why-can-i-only-append-a-struct-to-an-array-once","title":"SwiftUI: Why Can I Only Append a Struct to an Array Once?"},{"tags":["python","function","scope","python-import"],"owner":{"account_id":28823301,"reputation":1,"user_id":22075316,"user_type":"registered","profile_image":"https://lh3.googleusercontent.com/a/AAcHTtfmvdznjDtKg6a9-9I_J4JZ11CK9nt9B614q_9m=k-s256","display_name":"JR27C2","link":"https://stackoverflow.com/users/22075316/jr27c2"},"is_answered":false,"view_count":38,"answer_count":2,"score":0,"last_activity_date":1686933622,"creation_date":1686844535,"last_edit_date":1686931224,"question_id":76483461,"content_license":"CC BY-SA 4.0","link":"https://stackoverflow.com/questions/76483461/is-it-possible-to-use-a-function-in-a-different-module-but-use-the-variables-whe","title":"Is it possible to use a function in a different module but use the variables where the fn() got imported?"},{"tags":["selenium-webdriver","python-behave"],"owner":{"account_id":27833428,"reputation":9,"user_id":21251397,"user_type":"registered","profile_image":"https://www.gravatar.com/avatar/99a5bbede0fcece41f509fe42d45928f?s=256&d=identicon&r=PG","display_name":"1875boy","link":"https://stackoverflow.com/users/21251397/1875boy"},"is_answered":true,"view_count":202,"accepted_answer_id":76483800,"answer_count":1,"score":1,"last_activity_date":1686847092,"creation_date":1686844524,"last_edit_date":1686844606,"question_id":76483460,"content_license":"CC BY-SA 4.0","link":"https://stackoverflow.com/questions/76483460/how-to-implement-setup-and-teardown-approach-for-my-behave-framework","title":"How to implement setup and teardown approach for my Behave Framework"},{"tags":["amazon-web-services","amazon-kinesis"],"owner":{"account_id":28828164,"reputation":1,"user_id":22079228,"user_type":"registered","profile_image":"https://www.gravatar.com/avatar/ec61a92d3b08137d034968a5eb0b07de?s=256&d=identicon&r=PG&f=y&so-version=2","display_name":"piousinquisitor","link":"https://stackoverflow.com/users/22079228/piousinquisitor"},"is_answered":false,"view_count":82,"answer_count":0,"score":0,"last_activity_date":1686845126,"creation_date":1686844512,"last_edit_date":1686845126,"question_id":76483457,"content_license":"CC BY-SA 4.0","link":"https://stackoverflow.com/questions/76483457/is-there-any-way-to-determine-if-we-have-fully-consumed-a-closed-kinesis-shard-o","title":"Is there any way to determine if we have fully consumed a CLOSED Kinesis shard other than by trying to read from it?"},{"tags":["google-colaboratory"],"owner":{"account_id":28828253,"reputation":1,"user_id":22079304,"user_type":"registered","profile_image":"https://graph.facebook.com/10228821897548658/picture?type=large","display_name":"siborg","link":"https://stackoverflow.com/users/22079304/siborg"},"is_answered":false,"view_count":59,"answer_count":0,"score":0,"last_activity_date":1689988652,"creation_date":1686844464,"question_id":76483454,"content_license":"CC BY-SA 4.0","link":"https://stackoverflow.com/questions/76483454/cells-are-too-small-and-i-cant-see-the-code-i-write","title":"Cells are too small and I can&#39;t see the code I write"},{"tags":["node.js","jestjs","puppeteer","ts-jest","end-to-end"],"owner":{"account_id":7250461,"reputation":5276,"user_id":5530965,"user_type":"registered","accept_rate":82,"profile_image":"https://www.gravatar.com/avatar/bbc8c551ec73c057b29d273e1c3057f1?s=256&d=identicon&r=PG","display_name":"dokgu","link":"https://stackoverflow.com/users/5530965/dokgu"},"is_answered":true,"view_count":100,"accepted_answer_id":76485407,"answer_count":1,"score":0,"last_activity_date":1686861980,"creation_date":1686844461,"question_id":76483453,"content_license":"CC BY-SA 4.0","link":"https://stackoverflow.com/questions/76483453/how-to-set-testenvironment-node-config-dynamically","title":"How to set testEnvironment: &#39;node&#39; config dynamically"},{"tags":["karate"],"owner":{"account_id":28828178,"reputation":13,"user_id":22079242,"user_type":"registered","profile_image":"https://www.gravatar.com/avatar/6c873cc98e427895bd2dd4bc0485d55d?s=256&d=identicon&r=PG&f=y&so-version=2","display_name":"Lo&#239;c","link":"https://stackoverflow.com/users/22079242/lo%c3%afc"},"is_answered":true,"view_count":39,"accepted_answer_id":76483781,"answer_count":1,"score":1,"last_activity_date":1686846950,"creation_date":1686844413,"question_id":76483450,"content_license":"CC BY-SA 4.0","link":"https://stackoverflow.com/questions/76483450/karate-use-a-variable-in-a-schema-validation","title":"Karate - Use a variable in a schema validation"},{"tags":["python","networkx","openstreetmap","geopandas","osmnx"],"owner":{"account_id":20541997,"reputation":1,"user_id":19277818,"user_type":"registered","profile_image":"https://lh4.googleusercontent.com/-X7bH3ZACDFs/AAAAAAAAAAI/AAAAAAAAAAA/AMZuuck8YiRCAdaGuk_Kh-OMZxuC4YsIFQ/s96-c/photo.jpg?sz=256","display_name":"Sanketh J","link":"https://stackoverflow.com/users/19277818/sanketh-j"},"is_answered":false,"view_count":127,"answer_count":1,"score":0,"last_activity_date":1694528709,"creation_date":1686844384,"last_edit_date":1686862077,"question_id":76483447,"content_license":"CC BY-SA 4.0","link":"https://stackoverflow.com/questions/76483447/adding-custom-nodes-in-osmnx-map","title":"Adding custom nodes in osmnx map"},{"tags":["java","spring","spring-security","oauth-2.0"],"owner":{"account_id":28828216,"reputation":1,"user_id":22079272,"user_type":"registered","profile_image":"https://lh3.googleusercontent.com/a/AAcHTtcvf3WYFSO33YBLgHkonSEoCJY5mnsg2jmmGNla=k-s256","display_name":"you_know_who","link":"https://stackoverflow.com/users/22079272/you-know-who"},"is_answered":false,"view_count":202,"answer_count":1,"score":0,"last_activity_date":1694138906,"creation_date":1686844325,"question_id":76483442,"content_license":"CC BY-SA 4.0","link":"https://stackoverflow.com/questions/76483442/oauth2-with-spring-security-causing-redirect-loop","title":"OAuth2 with Spring security causing redirect loop"},{"tags":["google-kubernetes-engine","kubeflow"],"owner":{"account_id":28828260,"reputation":1,"user_id":22079309,"user_type":"registered","profile_image":"https://lh3.googleusercontent.com/a/AAcHTtfoYNLHmgj7cCJuAbU6_9cHboGAR-JP-nKQVn5JlAo=k-s256","display_name":"Александр Ухатов","link":"https://stackoverflow.com/users/22079309/%d0%90%d0%bb%d0%b5%d0%ba%d1%81%d0%b0%d0%bd%d0%b4%d1%80-%d0%a3%d1%85%d0%b0%d1%82%d0%be%d0%b2"},"is_answered":false,"view_count":163,"answer_count":1,"score":0,"last_activity_date":1686945741,"creation_date":1686844314,"last_edit_date":1686846450,"question_id":76483440,"content_license":"CC BY-SA 4.0","link":"https://stackoverflow.com/questions/76483440/error-when-creating-kubeflow-cluster-containercluster-in-version-v1beta1-cann","title":"Error when creating Kubeflow cluster: ContainerCluster in version &quot;v1beta1&quot; cannot be handled as a ContainerCluster"},{"tags":["scala","option-type","for-comprehension"],"owner":{"account_id":15595203,"reputation":317,"user_id":11250952,"user_type":"registered","profile_image":"https://www.gravatar.com/avatar/3b126cd600707737aab7788a72280962?s=256&d=identicon&r=PG&f=y&so-version=2","display_name":"Amaterasu","link":"https://stackoverflow.com/users/11250952/amaterasu"},"is_answered":true,"view_count":50,"accepted_answer_id":76484076,"answer_count":1,"score":1,"last_activity_date":1686849500,"creation_date":1686844300,"question_id":76483438,"content_license":"CC BY-SA 4.0","link":"https://stackoverflow.com/questions/76483438/scala-for-comprehension-and-option","title":"Scala for-comprehension and Option"},{"tags":["android","sqlite","android-sqlite","android-room","android-room-relation"],"owner":{"account_id":14765511,"reputation":647,"user_id":10663685,"user_type":"registered","profile_image":"https://i.stack.imgur.com/eiFxM.jpg?s=256&g=1","display_name":"Nexussim Lements","link":"https://stackoverflow.com/users/10663685/nexussim-lements"},"is_answered":true,"view_count":32,"accepted_answer_id":76486434,"answer_count":1,"score":0,"last_activity_date":1686897020,"creation_date":1686844284,"question_id":76483436,"content_license":"CC BY-SA 4.0","link":"https://stackoverflow.com/questions/76483436/android-room-invalid-schema-only-on-lollipop-5-1-sdk-22-with-duplicated-primaryk","title":"Android Room invalid schema only on Lollipop 5.1 SDK 22 with duplicated primaryKeyPosition"},{"tags":["recurly"],"owner":{"account_id":368890,"reputation":1246,"user_id":715947,"user_type":"registered","accept_rate":86,"profile_image":"https://www.gravatar.com/avatar/33d92a44554305941d30165922d874b0?s=256&d=identicon&r=PG","display_name":"hivie7510","link":"https://stackoverflow.com/users/715947/hivie7510"},"is_answered":false,"view_count":12,"answer_count":0,"score":0,"last_activity_date":1686844283,"creation_date":1686844283,"question_id":76483435,"content_license":"CC BY-SA 4.0","link":"https://stackoverflow.com/questions/76483435/how-to-add-a-comma-or-locale-specific-thousands-separator-to-amounts","title":"How to add a comma or locale specific thousands separator to amounts?"},{"tags":["c#","revit-api"],"owner":{"account_id":24060562,"reputation":55,"user_id":18037880,"user_type":"registered","profile_image":"https://www.gravatar.com/avatar/9be7e2a19ae727cd8034bed328b2a11b?s=256&d=identicon&r=PG","display_name":"nhilson","link":"https://stackoverflow.com/users/18037880/nhilson"},"is_answered":true,"view_count":69,"accepted_answer_id":76483518,"answer_count":2,"score":-1,"last_activity_date":1686851926,"creation_date":1686844262,"last_edit_date":1686851926,"question_id":76483433,"content_license":"CC BY-SA 4.0","link":"https://stackoverflow.com/questions/76483433/add-properties-to-string","title":"Add Properties to string"},{"tags":["django-rest-framework","crud"],"owner":{"account_id":27355142,"reputation":41,"user_id":20863670,"user_type":"registered","profile_image":"https://www.gravatar.com/avatar/77e24a8faf43f80cf1286ef3c321dacc?s=256&d=identicon&r=PG","display_name":"edodoe","link":"https://stackoverflow.com/users/20863670/edodoe"},"is_answered":false,"view_count":22,"answer_count":1,"score":1,"last_activity_date":1686967306,"creation_date":1686844234,"question_id":76483431,"content_license":"CC BY-SA 4.0","link":"https://stackoverflow.com/questions/76483431/django-rest-framework-put-update-api","title":"DJANGO Rest framework - PUT/UPDATE API"},{"tags":["modal-dialog","vsto","office-js","office-addins","webview2"],"owner":{"account_id":360789,"reputation":5416,"user_id":702977,"user_type":"registered","accept_rate":82,"profile_image":"https://www.gravatar.com/avatar/859cd18fc4bc067aa389b7c408eeb572?s=256&d=identicon&r=PG","display_name":"SoftTimur","link":"https://stackoverflow.com/users/702977/softtimur"},"is_answered":true,"view_count":81,"answer_count":1,"score":1,"last_activity_date":1687039138,"creation_date":1686844222,"last_edit_date":1686934097,"question_id":76483430,"content_license":"CC BY-SA 4.0","link":"https://stackoverflow.com/questions/76483430/dialog-boxes-when-converting-javascript-office-add-ins-to-installable-add-ins","title":"Dialog boxes when converting JavaScript Office add-ins to installable add-ins"}],"has_more":true,"quota_max":300,"quota_remaining":288}