{"items":[{"tags":["postgresql","nestjs","typeorm","nestjs-typeorm"],"owner":{"account_id":14524460,"reputation":337,"user_id":10491222,"user_type":"registered","profile_image":"https://www.gravatar.com/avatar/5d713445c22458c304f74ff8c9947cab?s=256&d=identicon&r=PG&f=y&so-version=2","display_name":"Naor","link":"https://stackoverflow.com/users/10491222/naor"},"is_answered":false,"view_count":18,"answer_count":0,"score":0,"last_activity_date":1683971929,"creation_date":1683971929,"question_id":76242135,"content_license":"CC BY-SA 4.0","link":"https://stackoverflow.com/questions/76242135/typeorm-one-to-one-relation-with-connecting-table","title":"Typeorm one to one relation with connecting table"},{"tags":["ios","flutter","xcode"],"owner":{"account_id":15406336,"reputation":77,"user_id":11114394,"user_type":"registered","profile_image":"https://lh3.googleusercontent.com/-pBWS3jWE-9o/AAAAAAAAAAI/AAAAAAAAAAA/ACevoQNvx1Cq0pYlfSjJjdpCN83JyjfG-w/mo/photo.jpg?sz=256","display_name":"Ziv Cheung","link":"https://stackoverflow.com/users/11114394/ziv-cheung"},"is_answered":false,"view_count":70,"answer_count":0,"score":0,"last_activity_date":1683972051,"creation_date":1683971890,"question_id":76242132,"content_license":"CC BY-SA 4.0","link":"https://stackoverflow.com/questions/76242132/unable-to-run-flutter-new-pj-on-simulator","title":"unable to run flutter new pj on simulator"},{"tags":["rust","benchmarking","rust-cargo"],"owner":{"account_id":18302804,"reputation":176,"user_id":13327203,"user_type":"registered","profile_image":"https://i.stack.imgur.com/9loVv.jpg?s=256&g=1","display_name":"Sandip","link":"https://stackoverflow.com/users/13327203/sandip"},"is_answered":true,"view_count":871,"closed_date":1684001405,"accepted_answer_id":76242131,"answer_count":1,"score":0,"last_activity_date":1683971877,"creation_date":1683971877,"question_id":76242130,"link":"https://stackoverflow.com/questions/76242130/how-to-fix-use-of-unstable-library-feature-test-bench-is-a-part-of-custom-t","closed_reason":"Duplicate","title":"How to fix use of unstable library feature &#39;test&#39;: `bench` is a part of custom test frameworks which are unstable"},{"tags":["javascript","vue.js","vuex","fetch-api"],"owner":{"user_type":"does_not_exist","display_name":"user21728832"},"is_answered":true,"view_count":27,"accepted_answer_id":76242509,"answer_count":1,"score":1,"last_activity_date":1683977729,"creation_date":1683971866,"last_edit_date":1683971903,"question_id":76242127,"content_license":"CC BY-SA 4.0","link":"https://stackoverflow.com/questions/76242127/why-the-fetching-data-get-request-isnt-returning-several-parameters-instead-it","title":"Why the fetching data Get request isn&#39;t returning several parameters, instead it returns a single one Vuex?"},{"tags":["android","flutter","dart","sdk","new-project"],"owner":{"account_id":25845591,"reputation":31,"user_id":19580499,"user_type":"registered","profile_image":"https://lh3.googleusercontent.com/a-/AFdZucq14qzX2bNzCQXJaCJ040kqjyQtfgzLhY14i0eM=k-s256","display_name":"hossein darvishi","link":"https://stackoverflow.com/users/19580499/hossein-darvishi"},"is_answered":false,"view_count":91,"answer_count":1,"score":0,"last_activity_date":1683992340,"creation_date":1683971844,"question_id":76242125,"content_license":"CC BY-SA 4.0","link":"https://stackoverflow.com/questions/76242125/failed-to-download-when-creating-a-new-project-in-flutter","title":"failed to download When creating a new project in Flutter"},{"tags":["c#","unity-game-engine"],"owner":{"account_id":28593019,"reputation":1,"user_id":21891806,"user_type":"registered","profile_image":"https://lh3.googleusercontent.com/a/AGNmyxZtesqcg0JTRqcoGr46f07xPAVqN6FJLFul-5b-=k-s256","display_name":"Gatis Plavins","link":"https://stackoverflow.com/users/21891806/gatis-plavins"},"is_answered":false,"view_count":46,"answer_count":0,"score":0,"last_activity_date":1684148310,"creation_date":1683971829,"last_edit_date":1684148310,"question_id":76242122,"content_license":"CC BY-SA 4.0","link":"https://stackoverflow.com/questions/76242122/unity-app-problem-with-google-sign-in-after-upload-to-google-play","title":"Unity app problem with Google Sign-in after upload to Google Play"},{"tags":["google-street-view","360-panorama","photography","google-streetview-publish"],"owner":{"account_id":1864937,"reputation":821,"user_id":1688738,"user_type":"registered","profile_image":"https://www.gravatar.com/avatar/888aa670fc697d13fd2b36ebd534c65b?s=256&d=identicon&r=PG","display_name":"Hugh W","link":"https://stackoverflow.com/users/1688738/hugh-w"},"is_answered":true,"view_count":359,"answer_count":4,"score":1,"last_activity_date":1697043650,"creation_date":1683971815,"last_edit_date":1697043650,"question_id":76242120,"content_license":"CC BY-SA 4.0","link":"https://stackoverflow.com/questions/76242120/programmatically-upload-a-streetview-panorama","title":"Programmatically upload a StreetView panorama"},{"tags":["python","python-3.x"],"owner":{"account_id":19045827,"reputation":1,"user_id":13905003,"user_type":"registered","profile_image":"https://www.gravatar.com/avatar/a8973a118ef95e523eebffb06f33dabb?s=256&d=identicon&r=PG&f=y&so-version=2","display_name":"whoami","link":"https://stackoverflow.com/users/13905003/whoami"},"is_answered":false,"view_count":22,"answer_count":0,"score":0,"last_activity_date":1683971774,"creation_date":1683971774,"question_id":76242112,"content_license":"CC BY-SA 4.0","link":"https://stackoverflow.com/questions/76242112/affine-cipher-of-the-3rd-order","title":"Affine cipher of the 3rd order"},{"tags":["python","turtle-graphics","python-turtle"],"owner":{"account_id":25280271,"reputation":11,"user_id":19108241,"user_type":"registered","profile_image":"https://lh3.googleusercontent.com/a/AATXAJzSGTGzMRH8O0lNOJlOtE9cPk-RxAcP4U6BpSwV=k-s256","display_name":"Loger","link":"https://stackoverflow.com/users/19108241/loger"},"is_answered":true,"view_count":74,"accepted_answer_id":76242188,"answer_count":2,"score":0,"last_activity_date":1688591527,"creation_date":1683971748,"last_edit_date":1684247674,"question_id":76242110,"content_license":"CC BY-SA 4.0","link":"https://stackoverflow.com/questions/76242110/the-error-turtle-terminator-occurs-when-using-turtle","title":"The error &quot;turtle.Terminator&quot; occurs when using turtle"},{"tags":["javascript","redux"],"owner":{"account_id":28577194,"reputation":13,"user_id":21878642,"user_type":"registered","profile_image":"https://www.gravatar.com/avatar/fca581db4789371831521c2113d72431?s=256&d=identicon&r=PG&f=y&so-version=2","display_name":"God_favorite_customer","link":"https://stackoverflow.com/users/21878642/god-favorite-customer"},"is_answered":false,"view_count":28,"answer_count":0,"score":0,"last_activity_date":1683972480,"creation_date":1683971716,"last_edit_date":1683971808,"question_id":76242109,"content_license":"CC BY-SA 4.0","link":"https://stackoverflow.com/questions/76242109/useselector-for-same-value-name-from-different-states","title":"UseSelector for same value name from different states"},{"tags":["c#","firebase","unity-game-engine","firebase-authentication"],"owner":{"account_id":26828256,"reputation":31,"user_id":20416592,"user_type":"registered","profile_image":"https://lh3.googleusercontent.com/a/ALm5wu3lE3QHF9wfkEx6iP0siCsTGcrdgVj5-qeMkGI=k-s256","display_name":"freepik19 nineteen","link":"https://stackoverflow.com/users/20416592/freepik19-nineteen"},"is_answered":true,"view_count":175,"answer_count":2,"score":3,"last_activity_date":1697027693,"creation_date":1683971706,"question_id":76242108,"content_license":"CC BY-SA 4.0","link":"https://stackoverflow.com/questions/76242108/error-phoneauthoptions-does-not-contain-a-definition-for-builder-in-unity","title":"Error: &quot;&#39;PhoneAuthOptions&#39; does not contain a definition for &#39;Builder&#39;&quot; in Unity C#"},{"tags":["javascript","google-chrome-extension"],"owner":{"account_id":28324782,"reputation":33,"user_id":21659966,"user_type":"registered","profile_image":"https://lh3.googleusercontent.com/a/AGNmyxbItZCc8NsRmkKSX7KPXf9Lww58zxwX7cGb2ToW=k-s256","display_name":"Muhammad Maher","link":"https://stackoverflow.com/users/21659966/muhammad-maher"},"is_answered":false,"view_count":25,"answer_count":0,"score":1,"last_activity_date":1683971705,"creation_date":1683971705,"question_id":76242107,"content_license":"CC BY-SA 4.0","link":"https://stackoverflow.com/questions/76242107/how-to-add-a-single-element-to-the-web-page-using-mutationobserver","title":"How to add a single element to the web page using MutationObserver"},{"tags":["c++","game-engine","program-entry-point","extern"],"owner":{"account_id":25522600,"reputation":13,"user_id":19312201,"user_type":"registered","profile_image":"https://www.gravatar.com/avatar/2c3cb59abdae81bca6cfca8ea7b65e4c?s=256&d=identicon&r=PG","display_name":"ignatz","link":"https://stackoverflow.com/users/19312201/ignatz"},"is_answered":true,"view_count":292,"accepted_answer_id":76242580,"answer_count":1,"score":0,"last_activity_date":1683978739,"creation_date":1683971678,"question_id":76242106,"content_license":"CC BY-SA 4.0","link":"https://stackoverflow.com/questions/76242106/entrypoint-in-game-engine","title":"entrypoint in game engine"},{"tags":["html","css"],"owner":{"account_id":21922598,"reputation":53,"user_id":16205646,"user_type":"registered","profile_image":"https://www.gravatar.com/avatar/2180ff66f28e8caa136a003e3d6216d1?s=256&d=identicon&r=PG&f=y&so-version=2","display_name":"WillUpdate","link":"https://stackoverflow.com/users/16205646/willupdate"},"is_answered":true,"view_count":28,"closed_date":1683973880,"accepted_answer_id":76242179,"answer_count":1,"score":-1,"last_activity_date":1683973893,"creation_date":1683971648,"last_edit_date":1683972421,"question_id":76242102,"link":"https://stackoverflow.com/questions/76242102/cannot-center-input-of-type-file-in-html","closed_reason":"Duplicate","title":"Cannot center input of type file in html"},{"tags":["reactjs","material-ui"],"owner":{"account_id":27700957,"reputation":51,"user_id":21145539,"user_type":"registered","profile_image":"https://www.gravatar.com/avatar/adb039fcddeb80a884373024321c41c7?s=256&d=identicon&r=PG","display_name":"soap_mctavish","link":"https://stackoverflow.com/users/21145539/soap-mctavish"},"is_answered":false,"view_count":40,"answer_count":1,"score":0,"last_activity_date":1683974794,"creation_date":1683971603,"question_id":76242098,"content_license":"CC BY-SA 4.0","link":"https://stackoverflow.com/questions/76242098/getting-compiled-with-problems-when-i-start-react-server","title":"Getting &quot;Compiled with problems&quot; when I start react server"},{"tags":["string","replace","lua"],"owner":{"account_id":18202388,"reputation":25,"user_id":13246304,"user_type":"registered","profile_image":"https://www.gravatar.com/avatar/4a75aebf55916b5b42948969a3e5e5c6?s=256&d=identicon&r=PG&f=y&so-version=2","display_name":"Frid-j","link":"https://stackoverflow.com/users/13246304/frid-j"},"is_answered":true,"view_count":74,"accepted_answer_id":76242215,"answer_count":1,"score":0,"last_activity_date":1684006699,"creation_date":1683971503,"last_edit_date":1683974889,"question_id":76242095,"content_license":"CC BY-SA 4.0","link":"https://stackoverflow.com/questions/76242095/gsub-not-working-as-expected-in-lua-script","title":":gsub not working as expected in lua script"},{"tags":["python","vue.js","fastapi"],"owner":{"account_id":17239050,"reputation":11,"user_id":13777982,"user_type":"registered","profile_image":"https://www.gravatar.com/avatar/636e782794f40b46a30bd660fb8965f5?s=256&d=identicon&r=PG&f=y&so-version=2","display_name":"Shavej Shaikh","link":"https://stackoverflow.com/users/13777982/shavej-shaikh"},"is_answered":false,"view_count":196,"answer_count":0,"score":1,"last_activity_date":1684046068,"creation_date":1683971444,"last_edit_date":1684046068,"question_id":76242091,"content_license":"CC BY-SA 4.0","link":"https://stackoverflow.com/questions/76242091/how-to-stream-an-s3-bucket-video-from-fastapi-to-vue-js","title":"How to stream an S3 bucket video from FastAPI to Vue JS?"},{"tags":["laravel-websockets","laravel-10"],"owner":{"account_id":2238628,"reputation":21,"user_id":1974255,"user_type":"registered","profile_image":"https://www.gravatar.com/avatar/0ce96cc390b2157730d3d913d638fd18?s=256&d=identicon&r=PG","display_name":"jignesh trivedi","link":"https://stackoverflow.com/users/1974255/jignesh-trivedi"},"is_answered":true,"view_count":2373,"answer_count":1,"score":2,"last_activity_date":1697783168,"creation_date":1683971422,"last_edit_date":1684229623,"question_id":76242090,"content_license":"CC BY-SA 4.0","link":"https://stackoverflow.com/questions/76242090/beyondcode-laravel-websockets-package-not-install-on-laravel-10-8-framework","title":"beyondcode/laravel-websockets package not install on laravel 10.8 Framework"},{"tags":["c#","oop","refactoring","abstraction"],"owner":{"account_id":28309032,"reputation":34,"user_id":21892057,"user_type":"registered","profile_image":"https://lh3.googleusercontent.com/a/AGNmyxbLdok0pqtpmIsSdKzhmdqu21fb_hyYZBF3WvUq=k-s256","display_name":"FEEDC0DE","link":"https://stackoverflow.com/users/21892057/feedc0de"},"is_answered":false,"view_count":51,"answer_count":2,"score":0,"last_activity_date":1684167446,"creation_date":1683971413,"last_edit_date":1684167446,"question_id":76242087,"content_license":"CC BY-SA 4.0","link":"https://stackoverflow.com/questions/76242087/refactoring-class-that-only-store-constant-value-and-pure-function","title":"Refactoring class that only store constant value and pure function?"},{"tags":["c++","prefetch"],"owner":{"account_id":44608,"reputation":13480,"user_id":131050,"user_type":"registered","accept_rate":89,"profile_image":"https://www.gravatar.com/avatar/f3be77c4c9c91bb4e70ae93a2e23752e?s=256&d=identicon&r=PG","display_name":"jeffreyveon","link":"https://stackoverflow.com/users/131050/jeffreyveon"},"is_answered":false,"view_count":44,"answer_count":0,"score":2,"last_activity_date":1683971403,"creation_date":1683971403,"question_id":76242086,"content_license":"CC BY-SA 4.0","link":"https://stackoverflow.com/questions/76242086/mm-prefetch-and-heap-buffer-overflow","title":"_mm_prefetch and heap buffer overflow"},{"tags":["python","asynchronous","sqlalchemy"],"owner":{"account_id":14749066,"reputation":924,"user_id":10651655,"user_type":"registered","profile_image":"https://lh3.googleusercontent.com/-X8-3ZXHLQUU/AAAAAAAAAAI/AAAAAAAAAAc/MbhetIQK5dw/photo.jpg?sz=256","display_name":"Anna","link":"https://stackoverflow.com/users/10651655/anna"},"is_answered":false,"view_count":354,"answer_count":1,"score":0,"last_activity_date":1683972434,"creation_date":1683971354,"last_edit_date":1683972434,"question_id":76242081,"content_license":"CC BY-SA 4.0","link":"https://stackoverflow.com/questions/76242081/sqlalchemy-async-problem-with-inserting-data","title":"sqlalchemy + async: Problem with inserting data"},{"tags":["java","sql","jdbc","h2"],"owner":{"account_id":21731,"reputation":9045,"user_id":53069,"user_type":"registered","accept_rate":77,"profile_image":"https://i.stack.imgur.com/aL6O8.gif?s=256&g=1","display_name":"sproketboy","link":"https://stackoverflow.com/users/53069/sproketboy"},"is_answered":true,"view_count":275,"answer_count":1,"score":2,"last_activity_date":1684061231,"creation_date":1683971294,"last_edit_date":1684061231,"question_id":76242077,"content_license":"CC BY-SA 4.0","link":"https://stackoverflow.com/questions/76242077/h2-jdbc-error-when-you-have-a-table-called-users","title":"H2 JDBC error when you have a table called &quot;Users&quot;"},{"tags":["html","css"],"owner":{"account_id":28593446,"reputation":15,"user_id":21892151,"user_type":"registered","profile_image":"https://lh3.googleusercontent.com/a/AGNmyxZOisBMfa_rD5WD0id0uv1DB4P8UO_uKrpYbxij=k-s256","display_name":"lannov","link":"https://stackoverflow.com/users/21892151/lannov"},"is_answered":true,"view_count":39,"accepted_answer_id":76242302,"answer_count":1,"score":1,"last_activity_date":1683974568,"creation_date":1683971293,"question_id":76242076,"content_license":"CC BY-SA 4.0","link":"https://stackoverflow.com/questions/76242076/how-to-put-a-line-under-a-word-and-controle-marging-of-an-element-css","title":"How to put a line under a word and controle marging of an element CSS"},{"tags":["spring-boot","camunda"],"owner":{"account_id":11893015,"reputation":35,"user_id":8703270,"user_type":"registered","profile_image":"https://i.stack.imgur.com/57arq.jpg?s=256&g=1","display_name":"Ezell Buoee","link":"https://stackoverflow.com/users/8703270/ezell-buoee"},"is_answered":true,"view_count":533,"answer_count":1,"score":0,"last_activity_date":1684142645,"creation_date":1683971213,"question_id":76242069,"content_license":"CC BY-SA 4.0","link":"https://stackoverflow.com/questions/76242069/camunda-external-task-client-polling-intervals","title":"Camunda external task client polling intervals"},{"tags":["c++","compiler-errors","header","declaration","non-static"],"owner":{"account_id":27589169,"reputation":41,"user_id":21056712,"user_type":"registered","profile_image":"https://www.gravatar.com/avatar/4c25d480865d9d4944a48b45bc812163?s=256&d=identicon&r=PG","display_name":"yigitEmre","link":"https://stackoverflow.com/users/21056712/yigitemre"},"is_answered":true,"view_count":80,"accepted_answer_id":76242124,"answer_count":1,"score":1,"last_activity_date":1683978011,"creation_date":1683971150,"last_edit_date":1683978011,"question_id":76242067,"content_license":"CC BY-SA 4.0","link":"https://stackoverflow.com/questions/76242067/c-undefined-class-declarations-which-i-have-already-included","title":"C++ undefined class declarations which I have already included"},{"tags":["gps","chrony"],"owner":{"account_id":10360479,"reputation":321,"user_id":7641110,"user_type":"registered","profile_image":"https://i.stack.imgur.com/0lgLz.png?s=256&g=1","display_name":"is_this_taken","link":"https://stackoverflow.com/users/7641110/is-this-taken"},"is_answered":false,"view_count":75,"answer_count":0,"score":0,"last_activity_date":1683971137,"creation_date":1683971137,"question_id":76242066,"content_license":"CC BY-SA 4.0","link":"https://stackoverflow.com/questions/76242066/u-blox-gnss-what-nmea-messages-to-enable-just-for-time-sync-on-linux","title":"U-blox GNSS, what NMEA messages to enable just for time sync on linux?"},{"tags":["typescript","typescript-generics","prisma"],"owner":{"account_id":2690647,"reputation":116,"user_id":2324079,"user_type":"registered","profile_image":"https://www.gravatar.com/avatar/f643d6e2c42f9f20bd7b2645c87439aa?s=256&d=identicon&r=PG","display_name":"Milananas","link":"https://stackoverflow.com/users/2324079/milananas"},"is_answered":true,"view_count":73,"accepted_answer_id":76253079,"answer_count":1,"score":0,"last_activity_date":1684145874,"creation_date":1683971097,"question_id":76242060,"content_license":"CC BY-SA 4.0","link":"https://stackoverflow.com/questions/76242060/typescript-prisma-style-conditional-return-type-not-working-as-expected","title":"Typescript Prisma style conditional return type not working as expected"},{"tags":["ngrx","ngrx-store"],"owner":{"account_id":19127791,"reputation":1090,"user_id":13970397,"user_type":"registered","profile_image":"https://lh4.googleusercontent.com/-Ut9l_WBfh14/AAAAAAAAAAI/AAAAAAAAAAA/AMZuucniVJ6XYkO56xjNkZXEBaIzBjKOUA/photo.jpg?sz=256","display_name":"Max Tuzenko","link":"https://stackoverflow.com/users/13970397/max-tuzenko"},"is_answered":true,"view_count":113,"accepted_answer_id":76332406,"answer_count":1,"score":0,"last_activity_date":1685040632,"creation_date":1683970990,"last_edit_date":1683982130,"question_id":76242055,"content_license":"CC BY-SA 4.0","link":"https://stackoverflow.com/questions/76242055/composing-selectors-inside-extra-selectors-throws-cannot-access-selectfirstf","title":"Composing Selectors inside &quot;Extra Selectors&quot; throws: Cannot access &#39;selectFirstFilteredBook&#39; before initialization"},{"tags":["android","reactjs","react-native","next.js","webview"],"owner":{"account_id":13290660,"reputation":159,"user_id":9595237,"user_type":"registered","profile_image":"https://lh3.googleusercontent.com/-XdUIqdMkCWA/AAAAAAAAAAI/AAAAAAAAAAA/4252rscbv5M/photo.jpg?sz=256","display_name":"AE0011","link":"https://stackoverflow.com/users/9595237/ae0011"},"is_answered":false,"view_count":308,"answer_count":0,"score":1,"last_activity_date":1683970980,"creation_date":1683970980,"question_id":76242054,"content_license":"CC BY-SA 4.0","link":"https://stackoverflow.com/questions/76242054/uncaught-syntaxerror-unexpected-token-next-react-dev-overlay","title":"Uncaught SyntaxError: Unexpected token ... @next/react-dev-overlay"},{"tags":["vb.net"],"owner":{"account_id":15232078,"reputation":125,"user_id":14807922,"user_type":"registered","profile_image":"https://lh4.googleusercontent.com/-j92fcNTRI98/AAAAAAAAAAI/AAAAAAAAABM/uZsykE3qKfs/photo.jpg?sz=256","display_name":"Ahmed Saif","link":"https://stackoverflow.com/users/14807922/ahmed-saif"},"is_answered":false,"view_count":64,"answer_count":0,"score":0,"last_activity_date":1683970935,"creation_date":1683970935,"question_id":76242053,"content_license":"CC BY-SA 4.0","link":"https://stackoverflow.com/questions/76242053/problem-with-spaces-between-text-and-image-in-buttons","title":"problem with spaces between text and image in buttons"}],"has_more":true,"quota_max":300,"quota_remaining":177}