{"items":[{"tags":["nuxt.js","nuxtjs3","nuxt3"],"owner":{"account_id":5604058,"reputation":95,"user_id":21658805,"user_type":"registered","profile_image":"https://lh3.googleusercontent.com/a/AItbvmmZGRkoCdN6w9bmysMh0Tr87T024r2JLGfEZbwu=k-s256","display_name":"Boq7","link":"https://stackoverflow.com/users/21658805/boq7"},"is_answered":true,"view_count":2006,"accepted_answer_id":76081790,"answer_count":1,"score":0,"last_activity_date":1682195303,"creation_date":1682179120,"question_id":76080572,"content_license":"CC BY-SA 4.0","link":"https://stackoverflow.com/questions/76080572/use-named-slots-in-nuxt3","title":"Use named slots in Nuxt3"},{"tags":["r","dplyr"],"owner":{"account_id":18509406,"reputation":780,"user_id":13484989,"user_type":"registered","profile_image":"https://lh3.googleusercontent.com/-lSrxrfeCS4I/AAAAAAAAAAI/AAAAAAAAAAA/AAKWJJNtv3JyIr9qagCiT05avGMI-n3Wxw/photo.jpg?sz=256","display_name":"vog","link":"https://stackoverflow.com/users/13484989/vog"},"is_answered":true,"view_count":33,"accepted_answer_id":76080673,"answer_count":1,"score":1,"last_activity_date":1682182030,"creation_date":1682179072,"last_edit_date":1682180940,"question_id":76080567,"content_license":"CC BY-SA 4.0","link":"https://stackoverflow.com/questions/76080567/how-to-calculate-the-cumulative-sum-taking-into-account-the-time-dimension-in-r","title":"How to calculate the cumulative sum taking into account the time dimension in R"},{"tags":["typescript","design-patterns","interface"],"owner":{"account_id":25036234,"reputation":25,"user_id":18893598,"user_type":"registered","profile_image":"https://www.gravatar.com/avatar/7f46319487981f94f4fc9d2d2cf79d70?s=256&d=identicon&r=PG","display_name":"ElMoscaviador","link":"https://stackoverflow.com/users/18893598/elmoscaviador"},"is_answered":true,"view_count":37,"accepted_answer_id":76080650,"answer_count":1,"score":0,"last_activity_date":1682180156,"creation_date":1682179069,"question_id":76080566,"content_license":"CC BY-SA 4.0","link":"https://stackoverflow.com/questions/76080566/im-looking-to-know-if-i-am-implementing-the-proxy-pattern-correctly","title":"I&#39;m looking to know if I am implementing the Proxy Pattern correctly"},{"tags":["php","routes","http-status-code-404"],"owner":{"account_id":27268904,"reputation":15,"user_id":20790498,"user_type":"registered","profile_image":"https://www.gravatar.com/avatar/6f7c7b988f186f65a12603228ed2be83?s=256&d=identicon&r=PG&f=y&so-version=2","display_name":"addcommitpush","link":"https://stackoverflow.com/users/20790498/addcommitpush"},"is_answered":true,"view_count":171,"accepted_answer_id":76080840,"answer_count":1,"score":0,"last_activity_date":1682182536,"creation_date":1682179040,"question_id":76080563,"content_license":"CC BY-SA 4.0","link":"https://stackoverflow.com/questions/76080563/php-routes-not-working-on-published-site-vanilla-php","title":"PHP Routes Not Working On Published Site (Vanilla PHP)"},{"tags":["php","jquery","wordpress","social-networking","buddypress"],"owner":{"account_id":27894810,"reputation":1,"user_id":21704137,"user_type":"registered","profile_image":"https://lh3.googleusercontent.com/a/AGNmyxYZIVa0IjCH7bICRl0AjlYMDizczefcKhxZ6x7I9g=k-s256","display_name":"Tarek Alsaadi","link":"https://stackoverflow.com/users/21704137/tarek-alsaadi"},"is_answered":false,"view_count":59,"answer_count":0,"score":0,"last_activity_date":1682218417,"creation_date":1682178916,"last_edit_date":1682218417,"question_id":76080556,"content_license":"CC BY-SA 4.0","link":"https://stackoverflow.com/questions/76080556/cancel-friendship-confirmation-dialog-box","title":"cancel friendship confirmation dialog box"},{"tags":["reactjs","dom","react-hooks","dom-events"],"owner":{"account_id":28380276,"reputation":1,"user_id":21707656,"user_type":"registered","profile_image":"https://www.gravatar.com/avatar/bb940baa0c99da561ee76697600bbb1e?s=256&d=identicon&r=PG&f=y&so-version=2","display_name":"Aaryan Pinto","link":"https://stackoverflow.com/users/21707656/aaryan-pinto"},"is_answered":true,"view_count":33,"answer_count":2,"score":0,"last_activity_date":1682180202,"creation_date":1682178870,"last_edit_date":1682178965,"question_id":76080550,"content_license":"CC BY-SA 4.0","link":"https://stackoverflow.com/questions/76080550/unable-to-convert-html-js-to-jsx-reactjs","title":"Unable to convert HTML JS to JSX (ReactJS)"},{"tags":["java","rest","tcp","resttemplate"],"owner":{"account_id":19125803,"reputation":3,"user_id":13968807,"user_type":"registered","profile_image":"https://lh4.googleusercontent.com/-7X2EGTFcAOg/AAAAAAAAAAI/AAAAAAAAAAA/AMZuucm-ENIKPSgPMaYY8wr-_x10kwV48w/photo.jpg?sz=256","display_name":"王纾林","link":"https://stackoverflow.com/users/13968807/%e7%8e%8b%e7%ba%be%e6%9e%97"},"is_answered":false,"view_count":82,"answer_count":0,"score":0,"last_activity_date":1682178824,"creation_date":1682178824,"question_id":76080548,"content_license":"CC BY-SA 4.0","link":"https://stackoverflow.com/questions/76080548/how-to-get-response-time-when-i-ues-resttemplate","title":"how to get Response time when I ues resttemplate"},{"tags":["reactjs","typescript","next.js"],"owner":{"account_id":25679784,"reputation":85,"user_id":19442733,"user_type":"registered","profile_image":"https://www.gravatar.com/avatar/b3319f4ad7482fb6cd45165d4fa9c958?s=256&d=identicon&r=PG","display_name":"TDev","link":"https://stackoverflow.com/users/19442733/tdev"},"is_answered":false,"view_count":434,"answer_count":2,"score":0,"last_activity_date":1682338358,"creation_date":1682178818,"last_edit_date":1682200397,"question_id":76080547,"content_license":"CC BY-SA 4.0","link":"https://stackoverflow.com/questions/76080547/next-js-cannot-use-use-client-on-layout-element","title":"Next.js cannot use &#39;use client&#39; on layout element"},{"tags":["reactjs","react-native"],"owner":{"account_id":9045791,"reputation":2061,"user_id":6738168,"user_type":"registered","accept_rate":57,"profile_image":"https://www.gravatar.com/avatar/ea94392a799573fa6e6c3293c7da4521?s=256&d=identicon&r=PG&f=y&so-version=2","display_name":"David Henry","link":"https://stackoverflow.com/users/6738168/david-henry"},"is_answered":true,"view_count":32,"accepted_answer_id":76080603,"answer_count":2,"score":1,"last_activity_date":1682180127,"creation_date":1682178807,"last_edit_date":1682179736,"question_id":76080546,"content_license":"CC BY-SA 4.0","link":"https://stackoverflow.com/questions/76080546/flatlist-not-rendering-items-in-react-native","title":"FlatList Not Rendering Items In React Native"},{"tags":["cocoa","tableview"],"owner":{"account_id":331665,"reputation":2321,"user_id":656488,"user_type":"registered","accept_rate":89,"profile_image":"https://www.gravatar.com/avatar/faf406d1bb169b7fc4510e53775e7774?s=256&d=identicon&r=PG","display_name":"Nickkk","link":"https://stackoverflow.com/users/656488/nickkk"},"is_answered":true,"view_count":34,"accepted_answer_id":76081338,"answer_count":1,"score":0,"last_activity_date":1682188686,"creation_date":1682178780,"question_id":76080543,"content_license":"CC BY-SA 4.0","link":"https://stackoverflow.com/questions/76080543/components-of-nsdatepicker-inside-nstableview-cannot-be-selected","title":"Components of NSDatePicker inside NSTableView cannot be selected"},{"tags":["protocol-buffers","protobuf-java"],"owner":{"account_id":18121848,"reputation":121,"user_id":20852825,"user_type":"registered","profile_image":"https://lh3.googleusercontent.com/a-/AOh14GhSd0MalvYs6Fc7MWZZSY0uNzZSipyuPnle5EmNpg=k-s256","display_name":"shanmukha vangaru","link":"https://stackoverflow.com/users/20852825/shanmukha-vangaru"},"is_answered":false,"view_count":324,"answer_count":0,"score":0,"last_activity_date":1682178749,"creation_date":1682178749,"question_id":76080539,"content_license":"CC BY-SA 4.0","link":"https://stackoverflow.com/questions/76080539/conflict-while-importing-com-google-protobuf-timestamp-in-two-proto-files","title":"Conflict while importing com.google.protobuf.Timestamp in two proto files"},{"tags":["api","twitter","oauth","tweepy","twitter-oauth"],"owner":{"account_id":8897247,"reputation":41,"user_id":6641859,"user_type":"registered","profile_image":"https://lh6.googleusercontent.com/-NH23Z06-yyQ/AAAAAAAAAAI/AAAAAAAAAIE/zFuHUcsFPqY/photo.jpg?sz=256","display_name":"Furkan Suren","link":"https://stackoverflow.com/users/6641859/furkan-suren"},"is_answered":true,"view_count":445,"answer_count":1,"score":0,"last_activity_date":1682182018,"creation_date":1682178552,"question_id":76080525,"content_license":"CC BY-SA 4.0","link":"https://stackoverflow.com/questions/76080525/error-while-redirecting-to-twitter-authorization-url","title":"Error while redirecting to Twitter authorization URL"},{"tags":["loops","while-loop","mouseevent"],"owner":{"account_id":5665920,"reputation":1,"user_id":4482110,"user_type":"registered","profile_image":"https://www.gravatar.com/avatar/7149984ce9e951138def1bceb2cf8eb2?s=256&d=identicon&r=PG&f=y&so-version=2","display_name":"Sartrean","link":"https://stackoverflow.com/users/4482110/sartrean"},"is_answered":false,"view_count":37,"answer_count":0,"score":0,"last_activity_date":1682178726,"creation_date":1682178532,"last_edit_date":1682178726,"question_id":76080523,"content_license":"CC BY-SA 4.0","link":"https://stackoverflow.com/questions/76080523/non-repetitive-left-mouse-click-in-a-loop","title":"Non Repetitive, Left Mouse Click in a Loop"},{"tags":["cuda"],"owner":{"account_id":20296273,"reputation":1,"user_id":14886737,"user_type":"registered","profile_image":"https://i.stack.imgur.com/u5KUC.jpg?s=256&g=1","display_name":"Zhixuan Chang","link":"https://stackoverflow.com/users/14886737/zhixuan-chang"},"is_answered":true,"view_count":595,"answer_count":1,"score":0,"last_activity_date":1682180290,"creation_date":1682178489,"last_edit_date":1682178505,"question_id":76080519,"content_license":"CC BY-SA 4.0","link":"https://stackoverflow.com/questions/76080519/whats-the-difference-between-cudamalloc-and-cumemalloc","title":"What&#39;s the difference between cudaMalloc() and cuMemAlloc()?"},{"tags":["image","unity-game-engine","user-interface","prefab","materials"],"owner":{"account_id":17860417,"reputation":1,"user_id":12974056,"user_type":"registered","profile_image":"https://lh3.googleusercontent.com/a-/AAuE7mBc_Nc-Hy9euIp04ICzLdfAOwKI4rhqTeYv-6X7rA=k-s256","display_name":"Anthony Brown","link":"https://stackoverflow.com/users/12974056/anthony-brown"},"is_answered":false,"view_count":689,"answer_count":0,"score":0,"last_activity_date":1682181719,"creation_date":1682178432,"last_edit_date":1682181719,"question_id":76080516,"content_license":"CC BY-SA 4.0","link":"https://stackoverflow.com/questions/76080516/unity-ui-image-unable-to-change-material-colour-changes-all-instances","title":"Unity - UI Image unable to change material colour, changes all instances"},{"tags":["python","parallel-processing"],"owner":{"account_id":28358642,"reputation":93,"user_id":21707952,"user_type":"registered","profile_image":"https://lh3.googleusercontent.com/a/AGNmyxa9LFqWs6zlF4I79mml0cD8kxvFIk4Pmbt7kxH4=k-s256","display_name":"R. Smith","link":"https://stackoverflow.com/users/21707952/r-smith"},"is_answered":false,"view_count":71,"answer_count":2,"score":1,"last_activity_date":1682196412,"creation_date":1682178429,"question_id":76080515,"content_license":"CC BY-SA 4.0","link":"https://stackoverflow.com/questions/76080515/solve-equations-in-parallel-with-python","title":"Solve equations in parallel with python"},{"tags":["pandas-datareader"],"owner":{"account_id":27473562,"reputation":1,"user_id":20961972,"user_type":"registered","profile_image":"https://lh3.googleusercontent.com/a/AEdFTp7MyHJ_aw0maZFpNqSVdZ1XalPmqVpVYFb0cN6X2w=k-s256","display_name":"Chris Child","link":"https://stackoverflow.com/users/20961972/chris-child"},"is_answered":false,"view_count":135,"answer_count":0,"score":0,"last_activity_date":1682178499,"creation_date":1682178420,"last_edit_date":1682178499,"question_id":76080512,"content_license":"CC BY-SA 4.0","link":"https://stackoverflow.com/questions/76080512/pandas-datareader-returns-an-empty-df-from-stooq","title":"pandas_datareader returns an empty df from Stooq"},{"tags":["express","web","routes"],"owner":{"account_id":20637561,"reputation":38,"user_id":15150901,"user_type":"registered","profile_image":"https://lh3.googleusercontent.com/a-/AOh14GjhucfLrSWhmQIXKyPoGsLrH4SaHy-kNk-YJSplMw=k-s256","display_name":"mergen","link":"https://stackoverflow.com/users/15150901/mergen"},"is_answered":false,"view_count":17,"answer_count":0,"score":0,"last_activity_date":1682178420,"creation_date":1682178420,"question_id":76080511,"content_license":"CC BY-SA 4.0","link":"https://stackoverflow.com/questions/76080511/multiple-level-of-route-not-working-in-express","title":"Multiple level of route not working in Express"},{"tags":["python"],"owner":{"account_id":28380636,"reputation":7,"user_id":21707960,"user_type":"registered","profile_image":"https://www.gravatar.com/avatar/5f11730f38c3196218b4c41b5d53a442?s=256&d=identicon&r=PG&f=y&so-version=2","display_name":"Newbie","link":"https://stackoverflow.com/users/21707960/newbie"},"is_answered":false,"view_count":41,"answer_count":1,"score":1,"last_activity_date":1682182726,"creation_date":1682178382,"question_id":76080508,"content_license":"CC BY-SA 4.0","link":"https://stackoverflow.com/questions/76080508/trigger-python-script-or-command-line-sent-by-server-on-the-client-pc-via-email","title":"Trigger python script or command line sent by server on the client PC via email"},{"tags":["php","laravel","database","inertiajs"],"owner":{"account_id":9771938,"reputation":457,"user_id":7243493,"user_type":"registered","profile_image":"https://i.stack.imgur.com/gLBs7.jpg?s=256&g=1","display_name":"Soma Juice","link":"https://stackoverflow.com/users/7243493/soma-juice"},"is_answered":true,"view_count":56,"answer_count":2,"score":0,"last_activity_date":1689280905,"creation_date":1682178336,"last_edit_date":1689280905,"question_id":76080502,"content_license":"CC BY-SA 4.0","link":"https://stackoverflow.com/questions/76080502/using-resource-route-to-create-dynamic-urls-which-is-not-based-on-id","title":"Using resource route to create dynamic URL&#39;s which is not based on id"},{"tags":["typescript"],"owner":{"account_id":8432685,"reputation":1564,"user_id":6327846,"user_type":"registered","accept_rate":80,"profile_image":"https://i.stack.imgur.com/n0yWJ.jpg?s=256&g=1","display_name":"Garrett","link":"https://stackoverflow.com/users/6327846/garrett"},"is_answered":true,"view_count":57,"accepted_answer_id":76083614,"answer_count":2,"score":-1,"last_activity_date":1682236535,"creation_date":1682178248,"last_edit_date":1682188242,"question_id":76080497,"content_license":"CC BY-SA 4.0","link":"https://stackoverflow.com/questions/76080497/type-unable-to-index-object-with-key-of-type-number","title":"Type unable to index object with key of type number"},{"tags":["bluetooth-lowenergy","esp32","arduino-c++","arduino-esp32"],"owner":{"account_id":18907312,"reputation":1734,"user_id":13794189,"user_type":"registered","profile_image":"https://i.stack.imgur.com/epvEb.png?s=256&g=1","display_name":"Miguel Tom&#225;s","link":"https://stackoverflow.com/users/13794189/miguel-tom%c3%a1s"},"is_answered":false,"view_count":295,"answer_count":1,"score":0,"last_activity_date":1684621828,"creation_date":1682178212,"last_edit_date":1682178423,"question_id":76080494,"content_license":"CC BY-SA 4.0","link":"https://stackoverflow.com/questions/76080494/debug-exception-reason-stack-canary-watchpoint-triggered-btc-task","title":"Debug exception reason: Stack canary watchpoint triggered (BTC_TASK)"},{"tags":["javascript","reactjs","firebase"],"owner":{"account_id":28314317,"reputation":11,"user_id":21651119,"user_type":"registered","profile_image":"https://lh3.googleusercontent.com/a/AGNmyxZOO9H6vsm_DWgiMyl8EIi_3z-gTefH72QYuCUPnQ=k-s256","display_name":"Kamina","link":"https://stackoverflow.com/users/21651119/kamina"},"is_answered":false,"view_count":22,"closed_date":1682182393,"answer_count":0,"score":0,"last_activity_date":1682178093,"creation_date":1682178093,"question_id":76080487,"link":"https://stackoverflow.com/questions/76080487/how-to-get-data-from-array-of-references-in-array","closed_reason":"Duplicate","title":"How to get data from array of references in array"},{"tags":["python","django","selenium-webdriver","undetected-chromedriver"],"owner":{"account_id":28380601,"reputation":1,"user_id":21707928,"user_type":"registered","profile_image":"https://i.stack.imgur.com/y3owx.jpg?s=256&g=1","display_name":"Karuizawa","link":"https://stackoverflow.com/users/21707928/karuizawa"},"is_answered":false,"view_count":396,"answer_count":0,"score":0,"last_activity_date":1682178143,"creation_date":1682178083,"last_edit_date":1682178143,"question_id":76080485,"content_license":"CC BY-SA 4.0","link":"https://stackoverflow.com/questions/76080485/multithreaded-undetected-chromedriver-issue","title":"Multithreaded undetected chromedriver issue"},{"tags":["ruby-on-rails","rails-activestorage","rails-admin"],"owner":{"account_id":25609275,"reputation":21,"user_id":19382950,"user_type":"registered","profile_image":"https://www.gravatar.com/avatar/6df041a265ce70c7c52b0e493f40d3a6?s=256&d=identicon&r=PG","display_name":"Максим","link":"https://stackoverflow.com/users/19382950/%d0%9c%d0%b0%d0%ba%d1%81%d0%b8%d0%bc"},"is_answered":false,"view_count":23,"answer_count":0,"score":0,"last_activity_date":1682178074,"creation_date":1682178074,"question_id":76080484,"content_license":"CC BY-SA 4.0","link":"https://stackoverflow.com/questions/76080484/how-to-add-other-model-fields-in-rails-admin-for-load-document-in-activestorage","title":"How to add other model fields in rails_admin for load document in activestorage"},{"tags":["reactjs","next.js","prisma","planetscale"],"owner":{"account_id":26337699,"reputation":71,"user_id":19997315,"user_type":"registered","profile_image":"https://www.gravatar.com/avatar/93c3a3b659b78b0db30dcb6a104d6976?s=256&d=identicon&r=PG","display_name":"ibo","link":"https://stackoverflow.com/users/19997315/ibo"},"is_answered":false,"view_count":109,"answer_count":0,"score":0,"last_activity_date":1682266686,"creation_date":1682178061,"last_edit_date":1682266686,"question_id":76080482,"content_license":"CC BY-SA 4.0","link":"https://stackoverflow.com/questions/76080482/prisma-asks-for-reference-relation-id-when-using-connect-planetscale","title":"Prisma asks for reference relation id when using connect (planetscale)"},{"tags":["node.js","mongodb","next.js","prisma"],"owner":{"account_id":27802868,"reputation":13,"user_id":21226999,"user_type":"registered","profile_image":"https://www.gravatar.com/avatar/a9e4ec44a21dc29cac70c128195093e7?s=256&d=identicon&r=PG","display_name":"Fuad Mammadov","link":"https://stackoverflow.com/users/21226999/fuad-mammadov"},"is_answered":false,"view_count":856,"answer_count":1,"score":1,"last_activity_date":1697473146,"creation_date":1682177965,"question_id":76080476,"content_license":"CC BY-SA 4.0","link":"https://stackoverflow.com/questions/76080476/getting-mongodb-error-an-error-occurred-during-dns-resolution-proto-error-unr","title":"Getting &quot;MongoDB error An error occurred during DNS resolution: proto error: unreachable network.&quot; Error when try to do mongoDB migrate with Prisma"},{"tags":["python","nameerror"],"owner":{"account_id":28380545,"reputation":1,"user_id":21707882,"user_type":"registered","profile_image":"https://lh3.googleusercontent.com/a/AGNmyxY537E5c8oL21pEET3YXorrwbSxd5Hstq1o4mA=k-s256","display_name":"Alex Tsai","link":"https://stackoverflow.com/users/21707882/alex-tsai"},"is_answered":false,"view_count":590,"answer_count":0,"score":0,"last_activity_date":1682177936,"creation_date":1682177936,"question_id":76080473,"content_license":"CC BY-SA 4.0","link":"https://stackoverflow.com/questions/76080473/nameerror-name-x-train-is-not-defined-but-i-have-executed-test-train-split-su","title":"NameError: name &#39;x_train&#39; is not defined,But I have executed Test-train split successfully"},{"tags":["python","hex"],"owner":{"account_id":27468654,"reputation":11,"user_id":20957965,"user_type":"registered","profile_image":"https://lh3.googleusercontent.com/a/AEdFTp5U-bNW6s9cm49Uozxt3XDudvgIDoVyifA8gD-z=k-s256","display_name":"jack baek","link":"https://stackoverflow.com/users/20957965/jack-baek"},"is_answered":false,"view_count":39,"answer_count":2,"score":0,"last_activity_date":1682180833,"creation_date":1682177894,"last_edit_date":1682178668,"question_id":76080471,"content_license":"CC BY-SA 4.0","link":"https://stackoverflow.com/questions/76080471/python-bytesarray","title":"Python bytesarray"},{"tags":["reactjs","datatable"],"owner":{"account_id":22020571,"reputation":53,"user_id":16289455,"user_type":"registered","profile_image":"https://i.stack.imgur.com/dtcmB.jpg?s=256&g=1","display_name":"JOCKEY","link":"https://stackoverflow.com/users/16289455/jockey"},"is_answered":true,"view_count":237,"accepted_answer_id":76080553,"answer_count":2,"score":1,"last_activity_date":1682235401,"creation_date":1682177877,"question_id":76080469,"content_license":"CC BY-SA 4.0","link":"https://stackoverflow.com/questions/76080469/react-datatable-error-parameter-row-implicity-has-an-any-type","title":"REACT DataTable error - Parameter &#39;row&#39; implicity has an &#39;any&#39; type"}],"has_more":true,"quota_max":300,"quota_remaining":260}