{"items":[{"tags":["azure","azure-data-factory","etl"],"owner":{"account_id":2988896,"reputation":45,"user_id":2536944,"user_type":"registered","accept_rate":40,"profile_image":"https://www.gravatar.com/avatar/a5031c8a92f606409c30e5ac6e60797a?s=256&d=identicon&r=PG","display_name":"Vidhyasaghar","link":"https://stackoverflow.com/users/2536944/vidhyasaghar"},"is_answered":false,"view_count":105,"answer_count":1,"score":0,"last_activity_date":1682081282,"creation_date":1682027995,"last_edit_date":1682068096,"question_id":76068543,"content_license":"CC BY-SA 4.0","link":"https://stackoverflow.com/questions/76068543/parameterise-ir-name-in-adf","title":"Parameterise IR name in ADF"},{"tags":["elasticsearch","logstash"],"owner":{"account_id":3549757,"reputation":41,"user_id":2964901,"user_type":"registered","accept_rate":14,"profile_image":"https://www.gravatar.com/avatar/a39fb647777c9d4ae9e683b4598947eb?s=256&d=identicon&r=PG&f=y&so-version=2","display_name":"AaronLbk","link":"https://stackoverflow.com/users/2964901/aaronlbk"},"is_answered":false,"view_count":325,"answer_count":0,"score":0,"last_activity_date":1682027989,"creation_date":1682027989,"question_id":76068542,"content_license":"CC BY-SA 4.0","link":"https://stackoverflow.com/questions/76068542/logs-not-pushed-to-elasticsearch","title":"logs not pushed to elasticsearch"},{"tags":["rust","console"],"owner":{"account_id":6557392,"reputation":53,"user_id":5069695,"user_type":"registered","accept_rate":43,"profile_image":"https://i.stack.imgur.com/qaEey.jpg?s=256&g=1","display_name":"Honnisha","link":"https://stackoverflow.com/users/5069695/honnisha"},"is_answered":false,"view_count":100,"answer_count":0,"score":0,"last_activity_date":1682027983,"creation_date":1682027983,"question_id":76068540,"content_license":"CC BY-SA 4.0","link":"https://stackoverflow.com/questions/76068540/how-to-separate-console-input-and-output-while-multithreading-in-rust","title":"How to separate console input and output while multithreading in Rust?"},{"tags":["typescript"],"owner":{"account_id":5352966,"reputation":128,"user_id":4266578,"user_type":"registered","profile_image":"https://www.gravatar.com/avatar/c956e39d975b94f2df2ed4d963588d2d?s=256&d=identicon&r=PG&f=y&so-version=2","display_name":"Anthony S.","link":"https://stackoverflow.com/users/4266578/anthony-s"},"is_answered":true,"view_count":91,"answer_count":3,"score":0,"last_activity_date":1682041843,"creation_date":1682027982,"question_id":76068539,"content_license":"CC BY-SA 4.0","link":"https://stackoverflow.com/questions/76068539/writing-a-function-that-maps-a-tuple-of-objects-to-object-containing-tuple-in-ty","title":"Writing a function that maps a tuple of objects to object containing tuple in Typescript"},{"tags":["elasticsearch","google-cloud-platform","etl"],"owner":{"account_id":8527566,"reputation":677,"user_id":6496267,"user_type":"registered","accept_rate":86,"profile_image":"https://www.gravatar.com/avatar/e0862abd20231b0e5a8aa659ffd00c5f?s=256&d=identicon&r=PG&f=y&so-version=2","display_name":"john","link":"https://stackoverflow.com/users/6496267/john"},"is_answered":false,"view_count":55,"answer_count":0,"score":1,"last_activity_date":1682027976,"creation_date":1682027976,"question_id":76068538,"content_license":"CC BY-SA 4.0","link":"https://stackoverflow.com/questions/76068538/is-there-any-automated-way-to-pull-elastic-search-data-to-google-project","title":"Is there any automated way to pull Elastic Search Data to Google Project"},{"tags":["powerquery","m"],"owner":{"account_id":23104482,"reputation":1,"user_id":17215252,"user_type":"registered","profile_image":"https://lh3.googleusercontent.com/a-/AOh14GjxcxvYAe4zOqfUKzwDpsli31UO7aCqS0X_jWj74Q=k-s256","display_name":"Julian Tutusaus","link":"https://stackoverflow.com/users/17215252/julian-tutusaus"},"is_answered":false,"view_count":222,"answer_count":2,"score":0,"last_activity_date":1683362196,"creation_date":1682027929,"last_edit_date":1682035167,"question_id":76068536,"content_license":"CC BY-SA 4.0","link":"https://stackoverflow.com/questions/76068536/how-can-i-avoid-expresion-error-the-column-xxxxxx-of-the-table-wasnt-found","title":"How can I avoid &quot;Expresion.Error: The column &quot;xxxxxx&quot; of the table wasn&#39;t found&quot; in the sample file in Power Query?"},{"tags":["python","django-forms"],"owner":{"account_id":27853161,"reputation":1,"user_id":21267272,"user_type":"registered","profile_image":"https://lh3.googleusercontent.com/a/AGNmyxYer9TkaLpbIH3dDcadWGMuY6GMB1cfg9k7mug7=k-s256","display_name":"Gabriel Trouv&#233;","link":"https://stackoverflow.com/users/21267272/gabriel-trouv%c3%a9"},"is_answered":false,"view_count":20,"answer_count":1,"score":0,"last_activity_date":1682088531,"creation_date":1682027889,"last_edit_date":1682039418,"question_id":76068534,"content_license":"CC BY-SA 4.0","link":"https://stackoverflow.com/questions/76068534/display-an-error-message-with-a-modelform-django-python","title":"display an error message with a ModelForm Django (Python)"},{"tags":["c","terminal","io","posix","termios"],"owner":{"account_id":28225556,"reputation":917,"user_id":21575627,"user_type":"registered","profile_image":"https://lh3.googleusercontent.com/a/AGNmyxbJZvZGEJx-zYCFVo6_uygzI58u8JvseY-g_cGl=k-s256","display_name":"user129393192","link":"https://stackoverflow.com/users/21575627/user129393192"},"is_answered":false,"view_count":65,"closed_date":1682034145,"answer_count":0,"score":1,"last_activity_date":1682034117,"creation_date":1682027866,"last_edit_date":1682034117,"question_id":76068529,"link":"https://stackoverflow.com/questions/76068529/why-does-a-call-to-read-hang-waiting-for-a-newline-c","closed_reason":"Duplicate","title":"Why does a call to read() hang waiting for a newline (C)?"},{"tags":["python","pygame"],"owner":{"account_id":20202907,"reputation":21,"user_id":19290492,"user_type":"registered","profile_image":"https://i.stack.imgur.com/3AnAT.jpg?s=256&g=1","display_name":"Jose","link":"https://stackoverflow.com/users/19290492/jose"},"is_answered":false,"view_count":40,"closed_date":1682050120,"answer_count":0,"score":0,"last_activity_date":1682050074,"creation_date":1682027747,"last_edit_date":1682050074,"question_id":76068525,"link":"https://stackoverflow.com/questions/76068525/how-to-add-additional-pages","closed_reason":"Duplicate","title":"How to add additional pages"},{"tags":["ruby-on-rails","mongoid","has-and-belongs-to-many"],"owner":{"account_id":1147803,"reputation":1802,"user_id":1130176,"user_type":"registered","accept_rate":32,"profile_image":"https://www.gravatar.com/avatar/3618314d500643b06b1b88c8671eb840?s=256&d=identicon&r=PG","display_name":"user1130176","link":"https://stackoverflow.com/users/1130176/user1130176"},"is_answered":false,"view_count":24,"answer_count":0,"score":1,"last_activity_date":1682027679,"creation_date":1682027679,"question_id":76068522,"content_license":"CC BY-SA 4.0","link":"https://stackoverflow.com/questions/76068522/how-to-eager-load-a-has-and-belongs-to-many-association-in-mongoid","title":"how to eager load a has_and_belongs_to_many association in mongoid?"},{"tags":["python","pandas","dataframe"],"owner":{"account_id":22108678,"reputation":794,"user_id":16363897,"user_type":"registered","profile_image":"https://www.gravatar.com/avatar/3730b3d9d5ce36609a1652f9f54903ee?s=256&d=identicon&r=PG&f=y&so-version=2","display_name":"younggotti","link":"https://stackoverflow.com/users/16363897/younggotti"},"is_answered":true,"view_count":46,"accepted_answer_id":76068815,"answer_count":1,"score":3,"last_activity_date":1682032475,"creation_date":1682027643,"last_edit_date":1682031076,"question_id":76068519,"content_license":"CC BY-SA 4.0","link":"https://stackoverflow.com/questions/76068519/expanding-average-per-group-ignoring-previous-n-rows","title":"Expanding average per group ignoring previous n rows"},{"tags":["python","pandas","matplotlib"],"owner":{"account_id":7299465,"reputation":155,"user_id":5562849,"user_type":"registered","profile_image":"https://graph.facebook.com/988766924519819/picture?type=large","display_name":"Guilherme Theis","link":"https://stackoverflow.com/users/5562849/guilherme-theis"},"is_answered":true,"view_count":45,"accepted_answer_id":76069757,"answer_count":1,"score":1,"last_activity_date":1682070492,"creation_date":1682027634,"last_edit_date":1682070492,"question_id":76068517,"content_license":"CC BY-SA 4.0","link":"https://stackoverflow.com/questions/76068517/how-to-plot-daily-evolution-of-variables-while-maintaining-unique-label-even-if","title":"How to plot daily evolution of variables while maintaining unique label even if index position of label changes?"},{"tags":["docker","nomad"],"owner":{"account_id":154129,"reputation":2173,"user_id":369852,"user_type":"registered","accept_rate":65,"profile_image":"https://www.gravatar.com/avatar/cf843a6078c82d5777ac91dcbbf18d32?s=256&d=identicon&r=PG","display_name":"Arkadiy Kukarkin","link":"https://stackoverflow.com/users/369852/arkadiy-kukarkin"},"is_answered":false,"view_count":154,"answer_count":0,"score":0,"last_activity_date":1682027631,"creation_date":1682027631,"question_id":76068516,"content_license":"CC BY-SA 4.0","link":"https://stackoverflow.com/questions/76068516/sidecar-http-tcp-health-check-process-for-nomad-containers","title":"Sidecar HTTP/TCP health check process for nomad containers"},{"tags":["google-sheets"],"owner":{"account_id":2160374,"reputation":614,"user_id":1914656,"user_type":"registered","accept_rate":59,"profile_image":"https://www.gravatar.com/avatar/4cf45d8a607254deed38c63a6d77eadb?s=256&d=identicon&r=PG","display_name":"Jay","link":"https://stackoverflow.com/users/1914656/jay"},"is_answered":true,"view_count":206,"accepted_answer_id":76070815,"answer_count":1,"score":0,"last_activity_date":1682062780,"creation_date":1682027606,"question_id":76068515,"content_license":"CC BY-SA 4.0","link":"https://stackoverflow.com/questions/76068515/google-spreadsheet-sum-alternate-cells-in-a-row","title":"Google Spreadsheet - SUM Alternate Cells In A Row"},{"tags":["microsoft-graph-api"],"owner":{"account_id":88192,"reputation":1394,"user_id":244099,"user_type":"registered","accept_rate":71,"profile_image":"https://i.stack.imgur.com/SSZLZ.png?s=256&g=1","display_name":"Albert","link":"https://stackoverflow.com/users/244099/albert"},"is_answered":false,"view_count":153,"answer_count":0,"score":0,"last_activity_date":1682460828,"creation_date":1682027570,"last_edit_date":1682460828,"question_id":76068514,"content_license":"CC BY-SA 4.0","link":"https://stackoverflow.com/questions/76068514/graph-api-sdk-v5-batch-request-is-not-setting-the-request-body","title":"Graph API SDK v5 Batch request is not setting the request body"},{"tags":["python","sorting","multiprocessing","queue","pool"],"owner":{"account_id":19749896,"reputation":1,"user_id":21693881,"user_type":"registered","profile_image":"https://lh3.googleusercontent.com/a-/AOh14Gh8xKOvYbm-sJqekGmEZtGYMpJ0YdnkL3RdmPT42Q=k-s256","display_name":"Tong","link":"https://stackoverflow.com/users/21693881/tong"},"is_answered":false,"view_count":111,"answer_count":0,"score":0,"last_activity_date":1682027563,"creation_date":1682027563,"question_id":76068512,"content_license":"CC BY-SA 4.0","link":"https://stackoverflow.com/questions/76068512/python-how-to-use-multiprocessing-while-doing-bubble-sort-combine-merge-sort","title":"Python: how to use MultiProcessing while doing bubble sort combine merge sort?"},{"tags":["typescript","eslint","yarnpkg"],"owner":{"account_id":13700737,"reputation":193,"user_id":9885973,"user_type":"registered","profile_image":"https://i.stack.imgur.com/Se3b0.png?s=256&g=1","display_name":"Hyesung Oh","link":"https://stackoverflow.com/users/9885973/hyesung-oh"},"is_answered":true,"view_count":391,"accepted_answer_id":76080150,"answer_count":1,"score":0,"last_activity_date":1682173625,"creation_date":1682027552,"last_edit_date":1682030586,"question_id":76068510,"content_license":"CC BY-SA 4.0","link":"https://stackoverflow.com/questions/76068510/eslint-synckit-resolve-error-where-yarn-berry-pnp","title":"eslint &quot;synckit&quot; resolve error where yarn berry pnp"},{"tags":["c#","azure","openai-api","azure-openai"],"owner":{"account_id":274009,"reputation":497,"user_id":565992,"user_type":"registered","accept_rate":69,"profile_image":"https://www.gravatar.com/avatar/8ba37b80c5792f3d8705dd2b674a129a?s=256&d=identicon&r=PG","display_name":"user565992","link":"https://stackoverflow.com/users/565992/user565992"},"is_answered":false,"view_count":1077,"answer_count":1,"score":0,"last_activity_date":1682427073,"creation_date":1682027468,"last_edit_date":1682079745,"question_id":76068503,"content_license":"CC BY-SA 4.0","link":"https://stackoverflow.com/questions/76068503/c-azure-open-ai-call-to-createchatcompletionasync-gives-an-404-resource-not-fou","title":"C# Azure open AI call to CreateChatCompletionAsync gives an 404 Resource not found error"},{"tags":["json","apache-spark","hive","amazon-emr"],"owner":{"account_id":18313268,"reputation":3,"user_id":13335608,"user_type":"registered","profile_image":"https://www.gravatar.com/avatar/03708cfd1c41cbe9be71d0a649378fe7?s=256&d=identicon&r=PG&f=y&so-version=2","display_name":"The Crusher","link":"https://stackoverflow.com/users/13335608/the-crusher"},"is_answered":false,"view_count":291,"answer_count":1,"score":0,"last_activity_date":1682034696,"creation_date":1682027421,"last_edit_date":1682033741,"question_id":76068501,"content_license":"CC BY-SA 4.0","link":"https://stackoverflow.com/questions/76068501/reading-json-files-using-custom-schema-in-spark-not-returning-results","title":"Reading json files using custom schema in spark not returning results"},{"tags":["datatable","paginator"],"owner":{"account_id":28364031,"reputation":11,"user_id":21693616,"user_type":"registered","profile_image":"https://www.gravatar.com/avatar/000eec4903a950a092638c14f1bd2e44?s=256&d=identicon&r=PG&f=y&so-version=2","display_name":"binaryzone","link":"https://stackoverflow.com/users/21693616/binaryzone"},"is_answered":false,"view_count":27,"answer_count":0,"score":1,"last_activity_date":1682027855,"creation_date":1682027378,"last_edit_date":1682027855,"question_id":76068497,"content_license":"CC BY-SA 4.0","link":"https://stackoverflow.com/questions/76068497/paginator-aligning-vertically","title":"Paginator aligning vertically"},{"tags":["azure","tags"],"owner":{"account_id":28364151,"reputation":1,"user_id":21693715,"user_type":"registered","profile_image":"https://lh3.googleusercontent.com/a/AGNmyxax1rK_vu_sOQk1IVszjchvQm9t-iP446dhxwJC=k-s256","display_name":"Omar Amer","link":"https://stackoverflow.com/users/21693715/omar-amer"},"is_answered":false,"view_count":87,"answer_count":1,"score":0,"last_activity_date":1682914649,"creation_date":1682027345,"question_id":76068496,"content_license":"CC BY-SA 4.0","link":"https://stackoverflow.com/questions/76068496/azure-tagging-policy-create-required-tag-of-tto-with-a-date-formatted-in-yyy-m","title":"Azure Tagging Policy - Create Required Tag of TTO with a Date Formatted in YYY-MM-DD"},{"tags":["pytest","caffe","ubuntu-20.04","pycaffe"],"owner":{"account_id":27896881,"reputation":11,"user_id":21301979,"user_type":"registered","profile_image":"https://www.gravatar.com/avatar/f577d131e013cc79c78e85e5104735ab?s=256&d=identicon&r=PG","display_name":"zohaibahmad","link":"https://stackoverflow.com/users/21301979/zohaibahmad"},"is_answered":false,"view_count":32,"answer_count":0,"score":1,"last_activity_date":1682027295,"creation_date":1682027295,"question_id":76068493,"content_license":"CC BY-SA 4.0","link":"https://stackoverflow.com/questions/76068493/compilation-error-while-compiling-caffe-on-ubuntu","title":"Compilation error while compiling caffe on ubuntu"},{"tags":["python","excel","openpyxl","xlsxwriter","xlrd"],"owner":{"account_id":10256104,"reputation":1,"user_id":9439232,"user_type":"registered","profile_image":"https://i.stack.imgur.com/HABul.jpg?s=256&g=1","display_name":"Stubborn Master","link":"https://stackoverflow.com/users/9439232/stubborn-master"},"is_answered":false,"view_count":50,"answer_count":0,"score":0,"last_activity_date":1682334538,"creation_date":1682027250,"last_edit_date":1682334538,"question_id":76068489,"content_license":"CC BY-SA 4.0","link":"https://stackoverflow.com/questions/76068489/create-inter-linked-drop-downs-in-excel-files-using-python","title":"Create inter linked drop-downs in excel files using python"},{"tags":["java","maven","spring-security","gwt","gwt-rpc"],"owner":{"account_id":11645284,"reputation":75,"user_id":8528405,"user_type":"registered","profile_image":"https://lh6.googleusercontent.com/-VDkEqlCoQNk/AAAAAAAAAAI/AAAAAAAAFG4/vT-fiU77YpM/photo.jpg?sz=256","display_name":"Oscar Londo&#241;o","link":"https://stackoverflow.com/users/8528405/oscar-londo%c3%b1o"},"is_answered":false,"view_count":145,"answer_count":1,"score":2,"last_activity_date":1682559580,"creation_date":1682027242,"last_edit_date":1682027677,"question_id":76068488,"content_license":"CC BY-SA 4.0","link":"https://stackoverflow.com/questions/76068488/no-source-code-is-available-for-type-org-springframework-security-core-grantedau","title":"No source code is available for type org.springframework.security.core.GrantedAuthority"},{"tags":["html","css","bootstrap-4","text-formatting"],"owner":{"account_id":24963685,"reputation":3,"user_id":18827428,"user_type":"registered","profile_image":"https://www.gravatar.com/avatar/9f855a1b58b6a0e63716d84e90645446?s=256&d=identicon&r=PG","display_name":"cnharmon","link":"https://stackoverflow.com/users/18827428/cnharmon"},"is_answered":false,"view_count":125,"answer_count":1,"score":0,"last_activity_date":1682027878,"creation_date":1682027156,"last_edit_date":1682027251,"question_id":76068485,"content_license":"CC BY-SA 4.0","link":"https://stackoverflow.com/questions/76068485/pre-wrap-styling-added-a-large-indent-to-first-paragraph","title":"Pre-wrap styling added a large indent to first paragraph"},{"tags":["postgresql","postgis","dijkstra"],"owner":{"account_id":28364385,"reputation":11,"user_id":21693914,"user_type":"registered","profile_image":"https://lh3.googleusercontent.com/a/AGNmyxZuiigRXkywWj3rzo3pdQgBxLEX0gRGqwPBiJwh=k-s256","display_name":"Phil Murphy","link":"https://stackoverflow.com/users/21693914/phil-murphy"},"is_answered":false,"view_count":173,"answer_count":1,"score":1,"last_activity_date":1682030171,"creation_date":1682027097,"last_edit_date":1682027152,"question_id":76068482,"content_license":"CC BY-SA 4.0","link":"https://stackoverflow.com/questions/76068482/using-dijkstra-in-postgres-with-a-table-containing-source-and-target-node-ids","title":"Using dijkstra in Postgres with a table containing source and target node IDs"},{"tags":["c#","oauth-2.0","azure-active-directory","office365","mailkit"],"owner":{"account_id":11479063,"reputation":161,"user_id":8413752,"user_type":"registered","profile_image":"https://www.gravatar.com/avatar/13f59fb807a579cf3ef032735ce13b14?s=256&d=identicon&r=PG&f=y&so-version=2","display_name":"Mit Jacob","link":"https://stackoverflow.com/users/8413752/mit-jacob"},"is_answered":true,"view_count":374,"accepted_answer_id":76091348,"answer_count":1,"score":0,"last_activity_date":1682615930,"creation_date":1682027063,"last_edit_date":1682615930,"question_id":76068480,"content_license":"CC BY-SA 4.0","link":"https://stackoverflow.com/questions/76068480/how-can-i-implement-service-to-service-authentication-with-office365-using-the-o","title":"How can I implement service-to-service authentication with Office365 using the OAuth2 and Mailkit mechanism in Console Application?"},{"tags":["javascript","html","jquery"],"owner":{"account_id":25560161,"reputation":193,"user_id":19342899,"user_type":"registered","profile_image":"https://lh3.googleusercontent.com/a/AATXAJyA-unNWFQnnVcbtJEbxIz-7KPhBTQXLhN8IV8m=k-s256","display_name":"ELOL","link":"https://stackoverflow.com/users/19342899/elol"},"is_answered":false,"view_count":37,"answer_count":0,"score":0,"last_activity_date":1682027640,"creation_date":1682027043,"question_id":76068478,"content_license":"CC BY-SA 4.0","link":"https://stackoverflow.com/questions/76068478/naivgate-tabs-by-url-html","title":"Naivgate tabs by url HTML"},{"tags":["java","mybatis"],"owner":{"account_id":2783308,"reputation":2051,"user_id":2395365,"user_type":"registered","accept_rate":27,"profile_image":"https://www.gravatar.com/avatar/1ed1daf36c58b81ba6bde7f7b48673f7?s=256&d=identicon&r=PG","display_name":"user2395365","link":"https://stackoverflow.com/users/2395365/user2395365"},"is_answered":false,"view_count":35,"answer_count":0,"score":0,"last_activity_date":1682026954,"creation_date":1682026954,"question_id":76068472,"content_license":"CC BY-SA 4.0","link":"https://stackoverflow.com/questions/76068472/how-to-dynamically-update-fields-in-mybatis","title":"how to dynamically update fields in MyBatis"},{"tags":["mysql","github-actions","wp-cli"],"owner":{"account_id":11108671,"reputation":53,"user_id":8422691,"user_type":"registered","profile_image":"https://i.stack.imgur.com/DTYSJ.jpg?s=256&g=1","display_name":"Daniil Dubchenko","link":"https://stackoverflow.com/users/8422691/daniil-dubchenko"},"is_answered":true,"view_count":116,"accepted_answer_id":76085122,"answer_count":1,"score":0,"last_activity_date":1682256476,"creation_date":1682026930,"question_id":76068470,"content_license":"CC BY-SA 4.0","link":"https://stackoverflow.com/questions/76068470/wp-cli-in-github-actions-error-establishing-a-database-connection","title":"WP-CLI in Github Actions - &quot;Error establishing a database connection.&quot;"}],"has_more":true,"quota_max":300,"quota_remaining":267}