{"items":[{"tags":["python","gtk3"],"owner":{"account_id":21732599,"reputation":1,"user_id":16041118,"user_type":"registered","profile_image":"https://lh3.googleusercontent.com/a-/AOh14GiATvMOHKkf-MaFd5l1imVMivU8gyw5ixa0hIEr=k-s256","display_name":"Andrey Vasilyev","link":"https://stackoverflow.com/users/16041118/andrey-vasilyev"},"is_answered":false,"view_count":27,"answer_count":0,"score":0,"last_activity_date":1685853039,"creation_date":1685851025,"question_id":76398874,"content_license":"CC BY-SA 4.0","link":"https://stackoverflow.com/questions/76398874/colorchooserwidget-gtk-3-0-python","title":"ColorChooserWidget GTK 3.0 Python"},{"tags":["flutter","geojson","fluttermap"],"owner":{"account_id":23588823,"reputation":111,"user_id":17626910,"user_type":"registered","profile_image":"https://lh3.googleusercontent.com/a/AATXAJyQtr4ARlbVds2zoZqXdMfBGzL7kAKSJKwJtS62=k-s256","display_name":"yololo 21","link":"https://stackoverflow.com/users/17626910/yololo-21"},"is_answered":false,"view_count":101,"answer_count":0,"score":0,"last_activity_date":1685864988,"creation_date":1685851022,"last_edit_date":1685864988,"question_id":76398873,"content_license":"CC BY-SA 4.0","link":"https://stackoverflow.com/questions/76398873/using-geojson-file-for-sfmap-flutter","title":"Using .geojson file for SFMap Flutter"},{"tags":["react-native","ios-simulator"],"owner":{"account_id":902651,"reputation":9980,"user_id":938363,"user_type":"registered","accept_rate":78,"profile_image":"https://www.gravatar.com/avatar/23d75d7db4d98e9004cc9988c4b3a67f?s=256&d=identicon&r=PG","display_name":"user938363","link":"https://stackoverflow.com/users/938363/user938363"},"is_answered":false,"view_count":50,"answer_count":0,"score":0,"last_activity_date":1685851013,"creation_date":1685851013,"question_id":76398872,"content_license":"CC BY-SA 4.0","link":"https://stackoverflow.com/questions/76398872/pinch-focal-point-is-always-at-the-center-of-screen-on-ios-simulator-no-matter-w","title":"Pinch focal point is always at the center of screen on IOS simulator no matter where is the mouse"},{"tags":["reactjs","mui-datatable"],"owner":{"account_id":27585103,"reputation":1,"user_id":21053453,"user_type":"registered","profile_image":"https://lh3.googleusercontent.com/a/AEdFTp6BW4yPB2U4QzvrQUCy87dkj_1GcdkK-ocQedW_=k-s256","display_name":"FNews","link":"https://stackoverflow.com/users/21053453/fnews"},"is_answered":false,"view_count":50,"answer_count":1,"score":0,"last_activity_date":1698345635,"creation_date":1685850792,"question_id":76398865,"content_license":"CC BY-SA 4.0","link":"https://stackoverflow.com/questions/76398865/width-isnt-reading-in-mui-table","title":"Width isn&#39;t reading in mui table"},{"tags":["bluetooth","bluetooth-lowenergy","wireshark","android-bluetooth"],"owner":{"account_id":23808974,"reputation":37,"user_id":17818035,"user_type":"registered","profile_image":"https://www.gravatar.com/avatar/e68803310370e23e9f0d2911209c2eb9?s=256&d=identicon&r=PG","display_name":"mn Stoner","link":"https://stackoverflow.com/users/17818035/mn-stoner"},"is_answered":false,"view_count":64,"answer_count":1,"score":0,"last_activity_date":1685852349,"creation_date":1685850674,"question_id":76398863,"content_license":"CC BY-SA 4.0","link":"https://stackoverflow.com/questions/76398863/bytes-captured-limited-at-15-bytes-on-wireshark-for-ble","title":"bytes captured limited at 15 bytes on wireshark for BLE"},{"tags":["c#","xml","wpf","xaml","wpf-controls"],"owner":{"account_id":6488044,"reputation":3,"user_id":5022953,"user_type":"registered","profile_image":"https://www.gravatar.com/avatar/0e1e769c57fbc41720b188e26ae34aa8?s=256&d=identicon&r=PG&f=y&so-version=2","display_name":"Fernando Fiore","link":"https://stackoverflow.com/users/5022953/fernando-fiore"},"is_answered":false,"view_count":99,"answer_count":0,"score":0,"last_activity_date":1685850548,"creation_date":1685850548,"question_id":76398860,"content_license":"CC BY-SA 4.0","link":"https://stackoverflow.com/questions/76398860/how-do-i-load-and-save-the-selected-item-in-a-combobox-embedded-in-a-listview-co","title":"How do i load and save the selected item in a combobox embedded in a ListView control in WPF?"},{"tags":["visual-studio-code"],"owner":{"account_id":28747229,"reputation":31,"user_id":22016102,"user_type":"registered","profile_image":"https://www.gravatar.com/avatar/a28e6b3e8b4ac36b1889d8e15b4db514?s=256&d=identicon&r=PG&f=y&so-version=2","display_name":"Cully","link":"https://stackoverflow.com/users/22016102/cully"},"is_answered":false,"view_count":409,"answer_count":3,"score":2,"last_activity_date":1701229142,"creation_date":1685850545,"last_edit_date":1685857080,"question_id":76398859,"content_license":"CC BY-SA 4.0","link":"https://stackoverflow.com/questions/76398859/how-can-i-prevent-vs-code-from-opening-the-code-oss-dev-folder-after-install","title":"How can I prevent VS Code from opening the &#39;Code - OSS Dev&#39; folder after installing an extension and restarting?"},{"tags":["php","wordpress","datetime","advanced-custom-fields"],"owner":{"account_id":17068258,"reputation":33,"user_id":12349732,"user_type":"registered","profile_image":"https://lh3.googleusercontent.com/a-/AAuE7mBXA-uGdV6QEkGdfhHbZLUXB9ra52aEekWpVfU=k-s256","display_name":"Debraj Chatterjee","link":"https://stackoverflow.com/users/12349732/debraj-chatterjee"},"is_answered":true,"view_count":572,"accepted_answer_id":76399161,"answer_count":2,"score":2,"last_activity_date":1685860401,"creation_date":1685850381,"last_edit_date":1685860401,"question_id":76398856,"content_license":"CC BY-SA 4.0","link":"https://stackoverflow.com/questions/76398856/acf-update-field-function-is-not-updating-any-data-in-wordpress","title":"ACF Update Field function is not updating any data in WordPress"},{"tags":["python","scipy","calculus","scipy-optimize-minimize"],"owner":{"account_id":18322119,"reputation":68,"user_id":13342659,"user_type":"registered","profile_image":"https://www.gravatar.com/avatar/87bd6240c9d858b1e686463bbd8823d8?s=256&d=identicon&r=PG&f=y&so-version=2","display_name":"Herberts","link":"https://stackoverflow.com/users/13342659/herberts"},"is_answered":true,"view_count":65,"accepted_answer_id":76398878,"answer_count":1,"score":1,"last_activity_date":1686039903,"creation_date":1685850353,"question_id":76398855,"content_license":"CC BY-SA 4.0","link":"https://stackoverflow.com/questions/76398855/how-to-create-a-minimizing-function-in-python","title":"How to create a minimizing function in python"},{"tags":["next.js","next.js13"],"owner":{"account_id":15737342,"reputation":73,"user_id":11355885,"user_type":"registered","profile_image":"https://lh3.googleusercontent.com/-r4jRu-D9x3s/AAAAAAAAAAI/AAAAAAAAAAA/ACHi3rdrTneEVFJ4IpnPDCBqWVaxYrLqQA/mo/photo.jpg?sz=256","display_name":"Lee","link":"https://stackoverflow.com/users/11355885/lee"},"is_answered":true,"view_count":140,"accepted_answer_id":76435769,"answer_count":2,"score":-1,"last_activity_date":1686259382,"creation_date":1685850347,"question_id":76398854,"content_license":"CC BY-SA 4.0","link":"https://stackoverflow.com/questions/76398854/can-nextjs-server-component-loading-be-deferred","title":"can nextjs server component loading be deferred?"},{"tags":["editor","neovim"],"owner":{"account_id":27328295,"reputation":53,"user_id":20840915,"user_type":"registered","profile_image":"https://www.gravatar.com/avatar/002ac613dac3cd76d0c3b57b6757811c?s=256&d=identicon&r=PG","display_name":"fantasy","link":"https://stackoverflow.com/users/20840915/fantasy"},"is_answered":false,"view_count":1267,"answer_count":2,"score":2,"last_activity_date":1702473023,"creation_date":1685850301,"last_edit_date":1685857787,"question_id":76398853,"content_license":"CC BY-SA 4.0","link":"https://stackoverflow.com/questions/76398853/how-to-overwrite-the-default-options-of-lazyvim","title":"How to overwrite the default options of lazyvim?"},{"tags":["node.js","google-apps-script","google-sheets","google-api"],"owner":{"account_id":12020033,"reputation":23,"user_id":8793770,"user_type":"registered","profile_image":"https://lh4.googleusercontent.com/-e-TMz4l5aOs/AAAAAAAAAAI/AAAAAAAAAOg/yQXRUZtII9w/photo.jpg?sz=256","display_name":"Thanh","link":"https://stackoverflow.com/users/8793770/thanh"},"is_answered":false,"view_count":75,"answer_count":0,"score":2,"last_activity_date":1685854755,"creation_date":1685850213,"last_edit_date":1685854755,"question_id":76398851,"content_license":"CC BY-SA 4.0","link":"https://stackoverflow.com/questions/76398851/google-sheets-api-multiple-processes-access-to-google-sheet-problem","title":"Google Sheets API Multiple processes access to google sheet problem"},{"tags":["python","pandas","dataframe"],"owner":{"account_id":28677240,"reputation":33,"user_id":21959111,"user_type":"registered","profile_image":"https://lh3.googleusercontent.com/a/AAcHTtf-ZZaa7K6xIGax_JyAEAy9nZkITPYUQr2Kon_R=k-s256","display_name":"KRANTHI KUMAR","link":"https://stackoverflow.com/users/21959111/kranthi-kumar"},"is_answered":false,"view_count":199,"answer_count":2,"score":-1,"last_activity_date":1698703593,"creation_date":1685850122,"last_edit_date":1685880029,"question_id":76398849,"content_license":"CC BY-SA 4.0","link":"https://stackoverflow.com/questions/76398849/combine-column-based-on-condition-by-keeping-other-columns","title":"Combine column based on condition by keeping other columns"},{"tags":["html","angular"],"owner":{"account_id":22164491,"reputation":54,"user_id":16410927,"user_type":"registered","profile_image":"https://lh3.googleusercontent.com/a/AATXAJzKuceFnFW6kNAb3oU3-GROZNdFsXmVa48n0t6A=k-s256","display_name":"Vintage Farms","link":"https://stackoverflow.com/users/16410927/vintage-farms"},"is_answered":false,"view_count":28,"answer_count":0,"score":0,"last_activity_date":1685850033,"creation_date":1685850033,"question_id":76398848,"content_license":"CC BY-SA 4.0","link":"https://stackoverflow.com/questions/76398848/error-property-email-does-not-exist-on-type-signupcomponent","title":"Error: Property &#39;email&#39; does not exist on type &#39;SignupComponent&#39;"},{"tags":["java","spring","jpa","spring-data-jpa","insert-update"],"owner":{"account_id":26722756,"reputation":1,"user_id":20326285,"user_type":"registered","profile_image":"https://lh3.googleusercontent.com/a/ALm5wu3clavZYTeMAbWLDGD7ezWldMXAxqW0TLtRcChnTA=k-s256","display_name":"An Nguyen","link":"https://stackoverflow.com/users/20326285/an-nguyen"},"is_answered":false,"view_count":60,"answer_count":1,"score":0,"last_activity_date":1685896857,"creation_date":1685849755,"last_edit_date":1685895208,"question_id":76398844,"content_license":"CC BY-SA 4.0","link":"https://stackoverflow.com/questions/76398844/how-can-i-insert-data-into-a-1-n-relation-table-in-spring-boot-jpa-without-updat","title":"How can I insert data into a 1-n relation table in Spring Boot JPA without updating the User table?"},{"tags":["android","background","qt5","transparent"],"owner":{"account_id":28746998,"reputation":1,"user_id":22015912,"user_type":"registered","profile_image":"https://www.gravatar.com/avatar/f36857a488a94d8b26628d09d093db72?s=256&d=identicon&r=PG&f=y&so-version=2","display_name":"lenstoffp","link":"https://stackoverflow.com/users/22015912/lenstoffp"},"is_answered":false,"view_count":18,"answer_count":0,"score":0,"last_activity_date":1685849565,"creation_date":1685849565,"question_id":76398839,"content_license":"CC BY-SA 4.0","link":"https://stackoverflow.com/questions/76398839/qt-qwidget-transparent-background-fails-on-android","title":"Qt QWidget transparent background fails on Android"},{"tags":["ignite"],"owner":{"account_id":28745265,"reputation":29,"user_id":22014563,"user_type":"registered","profile_image":"https://lh3.googleusercontent.com/a/AAcHTtfWsmFkBKz4li9LoSySL0rJI6DCYcTz3-Ffi9iy=k-s256","display_name":"Choco","link":"https://stackoverflow.com/users/22014563/choco"},"is_answered":false,"view_count":46,"answer_count":1,"score":0,"last_activity_date":1686231622,"creation_date":1685849531,"question_id":76398838,"content_license":"CC BY-SA 4.0","link":"https://stackoverflow.com/questions/76398838/tunning-rebalance-process","title":"Tunning rebalance process"},{"tags":["json","angular"],"owner":{"account_id":72971,"reputation":3551,"user_id":210417,"user_type":"registered","accept_rate":84,"profile_image":"https://www.gravatar.com/avatar/42e0e051be9100d5480fef88a44a029b?s=256&d=identicon&r=PG","display_name":"Jhourlad Estrella","link":"https://stackoverflow.com/users/210417/jhourlad-estrella"},"is_answered":false,"view_count":45,"answer_count":0,"score":0,"last_activity_date":1685856616,"creation_date":1685849454,"last_edit_date":1685856616,"question_id":76398834,"content_license":"CC BY-SA 4.0","link":"https://stackoverflow.com/questions/76398834/angular-return-json-instead-of-template","title":"Angular: Return JSON instead of template"},{"tags":["visual-studio-code"],"owner":{"account_id":28747181,"reputation":11,"user_id":22016063,"user_type":"registered","profile_image":"https://lh3.googleusercontent.com/a/AAcHTtd1vyTFY4_cnCtMo-Jae5u-sr4CW-13ohNM5Yav6Q=k-s256","display_name":"lucky vb","link":"https://stackoverflow.com/users/22016063/lucky-vb"},"is_answered":true,"view_count":334,"answer_count":1,"score":1,"last_activity_date":1699950930,"creation_date":1685849365,"last_edit_date":1693424018,"question_id":76398832,"content_license":"CC BY-SA 4.0","link":"https://stackoverflow.com/questions/76398832/in-vs-codes-integrated-terminal-how-can-i-click-paths-with-spaces-in-them-to-o","title":"In VS Code&#39;s integrated terminal, how can I click paths with spaces in them to open the file in an editor tab?"},{"tags":["android","android-view","android-popupwindow"],"owner":{"account_id":997544,"reputation":2576,"user_id":1013139,"user_type":"registered","accept_rate":51,"profile_image":"https://www.gravatar.com/avatar/533eaa0a95deaca1de202efc7bf0edeb?s=256&d=identicon&r=PG","display_name":"rysv","link":"https://stackoverflow.com/users/1013139/rysv"},"is_answered":false,"view_count":32,"answer_count":0,"score":0,"last_activity_date":1685849310,"creation_date":1685849310,"question_id":76398830,"content_license":"CC BY-SA 4.0","link":"https://stackoverflow.com/questions/76398830/android-how-to-show-partial-transparent-overlay-but-still-send-all-events-to-vi","title":"Android: How to show partial transparent overlay but still send all events to views below"},{"tags":["sublimetext","sublime-text-plugin"],"owner":{"account_id":3459564,"reputation":10458,"user_id":2897115,"user_type":"registered","accept_rate":50,"profile_image":"https://www.gravatar.com/avatar/1b1b6d91bd48f68d9a33b468d74d2b08?s=256&d=identicon&r=PG&f=y&so-version=2","display_name":"Santhosh","link":"https://stackoverflow.com/users/2897115/santhosh"},"is_answered":false,"view_count":60,"answer_count":0,"score":0,"last_activity_date":1685986784,"creation_date":1685849263,"last_edit_date":1685986784,"question_id":76398829,"content_license":"CC BY-SA 4.0","link":"https://stackoverflow.com/questions/76398829/sublime-text-plugin-help-how-to-output-to-console-using-print-in-python","title":"sublime text plugin help: How to output to console using print in python"},{"tags":["boost","simd"],"owner":{"account_id":4484893,"reputation":85,"user_id":3647872,"user_type":"registered","accept_rate":60,"profile_image":"https://www.gravatar.com/avatar/39fc0f39c44f58bcf0e1a04674a26b12?s=256&d=identicon&r=PG&f=y&so-version=2","display_name":"user3647872","link":"https://stackoverflow.com/users/3647872/user3647872"},"is_answered":true,"view_count":290,"answer_count":1,"score":0,"last_activity_date":1685850924,"creation_date":1685849204,"question_id":76398827,"content_license":"CC BY-SA 4.0","link":"https://stackoverflow.com/questions/76398827/r-code-boost-fatal-error-boost-detail-endian-hpp-no-such-file","title":"R code Boost &quot;fatal error: boost/detail/endian.hpp: No such file"},{"tags":["javascript"],"owner":{"account_id":9791505,"reputation":47,"user_id":7323790,"user_type":"registered","accept_rate":86,"profile_image":"https://www.gravatar.com/avatar/8184f3100c37780d77a131d0ef626b88?s=256&d=identicon&r=PG&f=y&so-version=2","display_name":"Newbie","link":"https://stackoverflow.com/users/7323790/newbie"},"is_answered":false,"view_count":65,"answer_count":1,"score":0,"last_activity_date":1685859667,"creation_date":1685849184,"question_id":76398826,"content_license":"CC BY-SA 4.0","link":"https://stackoverflow.com/questions/76398826/how-to-pass-id-to-the-form-action-using-javascript-in-laravel","title":"How to pass id to the form action using javascript in Laravel?"},{"tags":["python"],"owner":{"account_id":19565549,"reputation":97,"user_id":14317802,"user_type":"registered","profile_image":"https://lh4.googleusercontent.com/-Lrf0LPwKX_o/AAAAAAAAAAI/AAAAAAAAAAA/AMZuucliwWvBh1iGhR8NTudn1XTYyHC4iA/photo.jpg?sz=256","display_name":"stas stas","link":"https://stackoverflow.com/users/14317802/stas-stas"},"is_answered":true,"view_count":81,"accepted_answer_id":76398911,"answer_count":2,"score":1,"last_activity_date":1685852262,"creation_date":1685849084,"question_id":76398822,"content_license":"CC BY-SA 4.0","link":"https://stackoverflow.com/questions/76398822/why-do-i-keep-getting-the-error-typeerror-object-dict-keys-cant-be-used-in-aw","title":"Why do I keep getting the error &quot;TypeError object dict_keys can&#39;t be used in &#39;await&#39; expression&quot;"},{"tags":["number-systems"],"owner":{"account_id":19551672,"reputation":1,"user_id":14307125,"user_type":"registered","profile_image":"https://lh3.googleusercontent.com/a-/AOh14Gj4iYkEJPWcD3wJb3bqu8sIsam99I0udoI08OjeRg=k-s256","display_name":"Sumit Rao","link":"https://stackoverflow.com/users/14307125/sumit-rao"},"is_answered":true,"view_count":118,"closed_date":1685857727,"answer_count":1,"score":-1,"last_activity_date":1685866265,"creation_date":1685848900,"last_edit_date":1685866265,"question_id":76398817,"link":"https://stackoverflow.com/questions/76398817/how-to-calculate-range-for-16-bit-floating-point-with-7-bit-exponent-and-9-bit-m","closed_reason":"Not suitable for this site","title":"How to calculate range for 16-bit floating-point with 7-bit exponent and 9-bit mantissa?"},{"tags":["kotlin"],"owner":{"account_id":708858,"reputation":8673,"user_id":619774,"user_type":"registered","accept_rate":67,"profile_image":"https://www.gravatar.com/avatar/0c87cc8e5dfff0f77b63768330f50767?s=256&d=identicon&r=PG","display_name":"Boris","link":"https://stackoverflow.com/users/619774/boris"},"is_answered":true,"view_count":46,"accepted_answer_id":76398923,"answer_count":1,"score":1,"last_activity_date":1685852559,"creation_date":1685848890,"question_id":76398816,"content_license":"CC BY-SA 4.0","link":"https://stackoverflow.com/questions/76398816/converting-two-bytes-into-a-uin16-in-kotlin","title":"Converting two bytes into a UIn16 in Kotlin"},{"tags":["python","html","jupyter-notebook","internal-server-error","nbconvert"],"owner":{"account_id":4509262,"reputation":101,"user_id":4014762,"user_type":"registered","profile_image":"https://www.gravatar.com/avatar/f2f96d8588bbbce649796ac60dcf1af3?s=256&d=identicon&r=PG&f=y&so-version=2","display_name":"Ri-Li","link":"https://stackoverflow.com/users/4014762/ri-li"},"is_answered":false,"view_count":201,"answer_count":0,"score":0,"last_activity_date":1685979567,"creation_date":1685848613,"last_edit_date":1685979567,"question_id":76398811,"content_license":"CC BY-SA 4.0","link":"https://stackoverflow.com/questions/76398811/failed-to-convert-ipynb-to-html-in-jupyter-notebook-nbconvert-error","title":"Failed to Convert .ipynb to HTML in Jupyter Notebook: nbconvert Error"},{"tags":["git","git-commit","git-rebase","git-diff"],"owner":{"account_id":469370,"reputation":26378,"user_id":875915,"user_type":"registered","accept_rate":81,"profile_image":"https://i.stack.imgur.com/IBHo9.jpg?s=256&g=1","display_name":"Rob Bednark","link":"https://stackoverflow.com/users/875915/rob-bednark"},"is_answered":true,"view_count":51,"accepted_answer_id":76667250,"answer_count":2,"score":5,"last_activity_date":1694819027,"creation_date":1685848523,"last_edit_date":1694819027,"question_id":76398807,"content_license":"CC BY-SA 4.0","link":"https://stackoverflow.com/questions/76398807/how-to-show-differences-in-a-commit-message-that-was-modified-with-git-rebase","title":"How to show differences in a commit message that was modified with &quot;git rebase -i&quot;?"},{"tags":["php","mysql"],"owner":{"account_id":16135231,"reputation":47,"user_id":11647854,"user_type":"registered","profile_image":"https://lh4.googleusercontent.com/-OrZ_InMIUFU/AAAAAAAAAAI/AAAAAAAAAAA/ACHi3re7JbKcKYWeitXhpeXa8bJxN0b3gw/mo/photo.jpg?sz=256","display_name":"Durai Raj","link":"https://stackoverflow.com/users/11647854/durai-raj"},"is_answered":false,"view_count":33,"answer_count":1,"score":0,"last_activity_date":1685893236,"creation_date":1685848358,"question_id":76398804,"content_license":"CC BY-SA 4.0","link":"https://stackoverflow.com/questions/76398804/how-to-get-each-time-spending-time-on-particualar-location-and-employee-in-mysql","title":"How to Get Each time spending time on particualar location and employee in mysql query"},{"tags":["amazon-web-services","aws-lambda","aws-cloudformation","serverless-framework"],"owner":{"account_id":11179008,"reputation":175,"user_id":8203577,"user_type":"registered","profile_image":"https://www.gravatar.com/avatar/1fadb551375eafa0e71f2397485f150c?s=256&d=identicon&r=PG&f=y&so-version=2","display_name":"Teh__docco","link":"https://stackoverflow.com/users/8203577/teh-docco"},"is_answered":true,"view_count":1336,"accepted_answer_id":76453133,"answer_count":1,"score":2,"last_activity_date":1690431158,"creation_date":1685848191,"last_edit_date":1685849078,"question_id":76398799,"content_license":"CC BY-SA 4.0","link":"https://stackoverflow.com/questions/76398799/serverless-cloudformation-lambda-event-creation-error","title":"Serverless - Cloudformation - Lambda event creation error"}],"has_more":true,"quota_max":300,"quota_remaining":91}