{"items":[{"tags":["reactjs","react-native","expo","publish"],"owner":{"account_id":19608856,"reputation":163,"user_id":14351825,"user_type":"registered","profile_image":"https://graph.facebook.com/1177567105962339/picture?type=large","display_name":"MrPie","link":"https://stackoverflow.com/users/14351825/mrpie"},"is_answered":false,"view_count":41,"answer_count":1,"score":2,"last_activity_date":1679527543,"creation_date":1679525994,"question_id":75817964,"content_license":"CC BY-SA 4.0","link":"https://stackoverflow.com/questions/75817964/is-it-safe-to-publish-a-react-native-app-with-paid-api-key-in-the-code","title":"Is it safe to publish a react native app with paid API key in the code?"},{"tags":["prolog","failure-slice","prolog-setof"],"owner":{"account_id":21679650,"reputation":11,"user_id":15996009,"user_type":"registered","profile_image":"https://lh3.googleusercontent.com/a-/AOh14Gj_01DF5C9tQzEiLhTveF_nOcRGjrXc8ElmK2qvNw=k-s256","display_name":"Mahmoud Sayed","link":"https://stackoverflow.com/users/15996009/mahmoud-sayed"},"is_answered":true,"view_count":245,"answer_count":1,"score":1,"last_activity_date":1679565027,"creation_date":1679525982,"last_edit_date":1679565027,"question_id":75817962,"content_license":"CC BY-SA 4.0","link":"https://stackoverflow.com/questions/75817962/how-to-get-the-list-of-all-friends-of-a-given-person-in-prolog","title":"How to get the list of all friends of a given person in prolog?"},{"tags":["docker","kotlin","rust","docker-compose","x11"],"owner":{"account_id":27855085,"reputation":13,"user_id":21268766,"user_type":"registered","profile_image":"https://i.stack.imgur.com/cm6S0.png?s=256&g=1","display_name":"Orcadeum","link":"https://stackoverflow.com/users/21268766/orcadeum"},"is_answered":true,"view_count":102,"answer_count":1,"score":0,"last_activity_date":1679564201,"creation_date":1679525936,"last_edit_date":1679564201,"question_id":75817956,"content_license":"CC BY-SA 4.0","link":"https://stackoverflow.com/questions/75817956/rust-in-docker-with-ability-to-run-kotlinc","title":"Rust in Docker with ability to run kotlinc"},{"tags":["unity-game-engine","vector"],"owner":{"account_id":28090354,"reputation":51,"user_id":21460007,"user_type":"registered","profile_image":"https://www.gravatar.com/avatar/7eb8bdaec4b8ad5ff73e56a35fc031aa?s=256&d=identicon&r=PG&f=y&so-version=2","display_name":"WeirdIndianDude","link":"https://stackoverflow.com/users/21460007/weirdindiandude"},"is_answered":false,"view_count":59,"answer_count":1,"score":-1,"last_activity_date":1679930649,"creation_date":1679525780,"question_id":75817947,"content_license":"CC BY-SA 4.0","link":"https://stackoverflow.com/questions/75817947/is-there-a-way-to-get-a-3d-object-point-to-the-mouse-in-the-same-way-a-2d-object","title":"Is There A way to get a 3d object point to the mouse in the same way a 2d object would unity 3D"},{"tags":["node.js","pid"],"owner":{"account_id":6410594,"reputation":675,"user_id":4970496,"user_type":"registered","accept_rate":0,"profile_image":"https://www.gravatar.com/avatar/cdfbca981b182df6f1aa136c9e828ce5?s=256&d=identicon&r=PG&f=y&so-version=2","display_name":"WhatsYourFunction","link":"https://stackoverflow.com/users/4970496/whatsyourfunction"},"is_answered":false,"view_count":85,"answer_count":1,"score":0,"last_activity_date":1679525930,"creation_date":1679525717,"question_id":75817944,"content_license":"CC BY-SA 4.0","link":"https://stackoverflow.com/questions/75817944/how-to-get-the-pid-of-a-node-js-server","title":"How to get the PID of a node.js server"},{"tags":["c#","linq"],"owner":{"account_id":10376477,"reputation":561,"user_id":7652516,"user_type":"registered","profile_image":"https://lh3.googleusercontent.com/-JXvvB9iDrWM/AAAAAAAAAAI/AAAAAAAAAD0/Z-mWG2zv8e4/photo.jpg?sz=256","display_name":"Adamszsz","link":"https://stackoverflow.com/users/7652516/adamszsz"},"is_answered":true,"view_count":123,"accepted_answer_id":75819944,"answer_count":2,"score":-1,"last_activity_date":1679554162,"creation_date":1679525621,"last_edit_date":1679552812,"question_id":75817939,"content_license":"CC BY-SA 4.0","link":"https://stackoverflow.com/questions/75817939/c-replace-null-in-select-linq-to-array","title":"c# replace null in select linq to array"},{"tags":["json","postgresql"],"owner":{"account_id":200610,"reputation":52328,"user_id":446554,"user_type":"registered","accept_rate":73,"profile_image":"https://www.gravatar.com/avatar/2fe5bee1c3e113262b71d6d336821b13?s=256&d=identicon&r=PG","display_name":"Cory Klein","link":"https://stackoverflow.com/users/446554/cory-klein"},"is_answered":true,"view_count":261,"closed_date":1680557385,"answer_count":1,"score":0,"last_activity_date":1679526405,"creation_date":1679525610,"question_id":75817937,"link":"https://stackoverflow.com/questions/75817937/selecting-only-the-values-from-a-json-column-or-perhaps-extracting-the-value-fr","closed_reason":"Duplicate","title":"Selecting only the values from a json column? Or perhaps extracting the value from a record?"},{"tags":["amazon-web-services","aws-api-gateway","aws-amplify"],"owner":{"account_id":2859134,"reputation":830,"user_id":2454723,"user_type":"registered","accept_rate":69,"profile_image":"https://www.gravatar.com/avatar/eb8bd33a17c415d540360ae8fccc0e1d?s=256&d=identicon&r=PG","display_name":"cdsln","link":"https://stackoverflow.com/users/2454723/cdsln"},"is_answered":true,"view_count":214,"answer_count":1,"score":0,"last_activity_date":1679760866,"creation_date":1679525602,"question_id":75817936,"content_license":"CC BY-SA 4.0","link":"https://stackoverflow.com/questions/75817936/how-to-enable-custom-headers-option-in-aws-amplify-console","title":"How to enable Custom Headers option in AWS Amplify console?"},{"tags":["html","css"],"owner":{"account_id":6022700,"reputation":1047,"user_id":6530539,"user_type":"registered","accept_rate":56,"profile_image":"https://www.gravatar.com/avatar/0cb6fedaaf13c158773b1b1256272018?s=256&d=identicon&r=PG&f=y&so-version=2","display_name":"Rumata","link":"https://stackoverflow.com/users/6530539/rumata"},"is_answered":true,"view_count":52,"closed_date":1679562775,"accepted_answer_id":75818003,"answer_count":1,"score":-2,"last_activity_date":1679526549,"creation_date":1679525598,"question_id":75817935,"link":"https://stackoverflow.com/questions/75817935/%d0%ab%d1%83%d0%b5-%d1%84-%d0%90%d1%88%d1%87%d1%83%d0%b2-%d0%b2%d1%88%d0%bc-%d0%b5%d1%89-100-of-the-parent-container-whose-width-is-set-as-a-percent","closed_reason":"Not suitable for this site","title":"Ыуе ф Ашчув вшм ещ 100% of the parent container (whose width is set as a percentage, not pixels)"},{"tags":["flutter","dart","unit-testing","singleton"],"owner":{"account_id":13658449,"reputation":930,"user_id":9854260,"user_type":"registered","profile_image":"https://i.stack.imgur.com/qpj5j.png?s=256&g=1","display_name":"Esmaeil Ahmadipour","link":"https://stackoverflow.com/users/9854260/esmaeil-ahmadipour"},"is_answered":true,"view_count":502,"accepted_answer_id":75817934,"answer_count":2,"score":0,"last_activity_date":1679554365,"creation_date":1679525578,"question_id":75817933,"content_license":"CC BY-SA 4.0","link":"https://stackoverflow.com/questions/75817933/how-to-reset-final-singleton-object-in-flutter-test","title":"how to reset final singleton object in flutter test?"},{"tags":["c++","gdi+","gdi"],"owner":{"account_id":28077266,"reputation":161,"user_id":21448908,"user_type":"registered","profile_image":"https://lh3.googleusercontent.com/a/AGNmyxaYZxEaUZO0b3rlxZSbbbLWVQL0SEMWOyokafJK=k-s256","display_name":"HelloGUI","link":"https://stackoverflow.com/users/21448908/hellogui"},"is_answered":false,"view_count":73,"answer_count":0,"score":1,"last_activity_date":1679527272,"creation_date":1679525522,"last_edit_date":1679527272,"question_id":75817927,"content_license":"CC BY-SA 4.0","link":"https://stackoverflow.com/questions/75817927/c-windows-window-with-opacity-background-nothing-shows","title":"C++ Windows window with opacity background nothing shows"},{"tags":["python","raspberry-pi","gpio","python-telegram-bot","raspberry-pi-zero"],"owner":{"account_id":17810467,"reputation":11,"user_id":12935213,"user_type":"registered","profile_image":"https://www.gravatar.com/avatar/b9c26914739845a3cd5acddb55af1e32?s=256&d=identicon&r=PG&f=y&so-version=2","display_name":"Rodarg","link":"https://stackoverflow.com/users/12935213/rodarg"},"is_answered":false,"view_count":71,"answer_count":0,"score":0,"last_activity_date":1679579687,"creation_date":1679525498,"last_edit_date":1679579687,"question_id":75817923,"content_license":"CC BY-SA 4.0","link":"https://stackoverflow.com/questions/75817923/rpi-zero-w-unexpected-gpio-behavior","title":"RPI Zero W unexpected GPIO behavior"},{"tags":["c++","multithreading","boost","boost-asio","boost-beast"],"owner":{"account_id":5447973,"reputation":4772,"user_id":4333809,"user_type":"registered","accept_rate":83,"profile_image":"https://www.gravatar.com/avatar/82d6c2d8ffe34faead422470597cd4a9?s=256&d=identicon&r=PG&f=y&so-version=2","display_name":"Zohar81","link":"https://stackoverflow.com/users/4333809/zohar81"},"is_answered":true,"view_count":339,"accepted_answer_id":75829293,"answer_count":1,"score":3,"last_activity_date":1679658998,"creation_date":1679525482,"last_edit_date":1679600202,"question_id":75817921,"content_license":"CC BY-SA 4.0","link":"https://stackoverflow.com/questions/75817921/reading-and-processing-packets-in-parallel-using-boost-asio","title":"reading and processing packets in parallel using boost asio"},{"tags":["spring-boot","openapi","swagger-3.0"],"owner":{"account_id":377331,"reputation":1021,"user_id":729391,"user_type":"registered","accept_rate":43,"profile_image":"https://www.gravatar.com/avatar/d5a1783785adfa87e417fdf3baa39d1c?s=256&d=identicon&r=PG","display_name":"Max Grigoriev","link":"https://stackoverflow.com/users/729391/max-grigoriev"},"is_answered":false,"view_count":78,"answer_count":0,"score":0,"last_activity_date":1679525471,"creation_date":1679525471,"question_id":75817919,"content_license":"CC BY-SA 4.0","link":"https://stackoverflow.com/questions/75817919/in-out-headers-in-swagger-v3","title":"In/Out Headers in Swagger v3"},{"tags":["webots"],"owner":{"account_id":27833468,"reputation":1,"user_id":21273039,"user_type":"registered","profile_image":"https://lh3.googleusercontent.com/a/AEdFTp67Yd401bBwoYI3Wtx2Rd3WhPTaoUB8DtE-H1K2Aw=k-s256","display_name":"Ernesto Flores","link":"https://stackoverflow.com/users/21273039/ernesto-flores"},"is_answered":false,"view_count":39,"answer_count":0,"score":0,"last_activity_date":1679525456,"creation_date":1679525456,"question_id":75817917,"content_license":"CC BY-SA 4.0","link":"https://stackoverflow.com/questions/75817917/what-can-i-do-if-my-webots-simulation-doesnt-run","title":"What can I do if my webots simulation doesn&#39;t run?"},{"tags":["azure","azure-eventhub"],"owner":{"account_id":1495701,"reputation":674,"user_id":1401699,"user_type":"registered","accept_rate":75,"profile_image":"https://www.gravatar.com/avatar/80ad2877bab9185edcf03688987af2c3?s=256&d=identicon&r=PG","display_name":"Rakesh","link":"https://stackoverflow.com/users/1401699/rakesh"},"is_answered":true,"view_count":31,"accepted_answer_id":75818059,"answer_count":1,"score":0,"last_activity_date":1679527295,"creation_date":1679525418,"question_id":75817911,"content_license":"CC BY-SA 4.0","link":"https://stackoverflow.com/questions/75817911/azure-eventhub-consumer-group-with-mutiple-readers","title":"Azure EventHub consumer group with mutiple readers"},{"tags":["python","asynchronous","python-asyncio"],"owner":{"account_id":3243456,"reputation":852,"user_id":2862387,"user_type":"registered","accept_rate":23,"profile_image":"https://www.gravatar.com/avatar/57ea5316a80635ae5ed30966d744d074?s=256&d=identicon&r=PG&f=y&so-version=2","display_name":"d2907","link":"https://stackoverflow.com/users/2862387/d2907"},"is_answered":false,"view_count":49,"answer_count":0,"score":0,"last_activity_date":1679525405,"creation_date":1679525405,"question_id":75817908,"content_license":"CC BY-SA 4.0","link":"https://stackoverflow.com/questions/75817908/asyncio-function-executed-from-azure-web-app-does-not-commit-the-changes-in-the","title":"Asyncio function executed from Azure Web App does not commit the changes in the database"},{"tags":["r","string","chr"],"owner":{"account_id":15750240,"reputation":11,"user_id":11365410,"user_type":"registered","profile_image":"https://www.gravatar.com/avatar/71e4eedd712db3564cd32df8b0b5417d?s=256&d=identicon&r=PG&f=y&so-version=2","display_name":"uThandi","link":"https://stackoverflow.com/users/11365410/uthandi"},"is_answered":false,"view_count":45,"answer_count":2,"score":1,"last_activity_date":1679550000,"creation_date":1679525402,"last_edit_date":1679550000,"question_id":75817907,"content_license":"CC BY-SA 4.0","link":"https://stackoverflow.com/questions/75817907/want-to-see-only-the-chr-variables-out-of-a-list-of-chr-and-num-variables-usin","title":"Want to see only the chr variables (out of a list of chr and num variables) using str() function"},{"tags":["java","spring-boot","maven","xsd","wsdl"],"owner":{"account_id":191280,"reputation":15755,"user_id":431769,"user_type":"registered","accept_rate":78,"profile_image":"https://i.stack.imgur.com/A4NCk.jpg?s=256&g=1","display_name":"hudi","link":"https://stackoverflow.com/users/431769/hudi"},"is_answered":false,"view_count":432,"answer_count":1,"score":2,"last_activity_date":1699259947,"creation_date":1679525365,"question_id":75817904,"content_license":"CC BY-SA 4.0","link":"https://stackoverflow.com/questions/75817904/how-to-generate-java-from-xsd-wsdl-with-spring-boot-3-x-x-in-2023","title":"How to generate Java from xsd/wsdl with spring boot 3.x.x in 2023"},{"tags":["c#","wcf","encoding","rpc"],"owner":{"account_id":9536270,"reputation":1,"user_id":7086353,"user_type":"registered","profile_image":"https://www.gravatar.com/avatar/2e313cd2e8f08f18bbf4e988925912aa?s=256&d=identicon&r=PG&f=y&so-version=2","display_name":"VKM","link":"https://stackoverflow.com/users/7086353/vkm"},"is_answered":false,"view_count":38,"answer_count":0,"score":0,"last_activity_date":1679525362,"creation_date":1679525362,"question_id":75817903,"content_license":"CC BY-SA 4.0","link":"https://stackoverflow.com/questions/75817903/consume-soap-message-in-wcf","title":"Consume SOAP message in WCF"},{"tags":["javascript","reactjs","next.js","static-site-generation"],"owner":{"account_id":10091413,"reputation":417,"user_id":8168198,"user_type":"registered","profile_image":"https://www.gravatar.com/avatar/e587d166faeee16b9432bfebc67fa8bd?s=256&d=identicon&r=PG&f=y&so-version=2","display_name":"GEV","link":"https://stackoverflow.com/users/8168198/gev"},"is_answered":false,"view_count":269,"answer_count":0,"score":1,"last_activity_date":1679525731,"creation_date":1679525359,"last_edit_date":1679525731,"question_id":75817902,"content_license":"CC BY-SA 4.0","link":"https://stackoverflow.com/questions/75817902/next-js-slow-performance-with-static-html-exprt","title":"Next.js slow performance with static html exprt"},{"tags":["memory-pool","cuda-context","cuda-driver"],"owner":{"account_id":514136,"reputation":121038,"user_id":1593077,"user_type":"registered","accept_rate":49,"profile_image":"https://www.gravatar.com/avatar/10c44e0d9568e48d05708ae196ad936f?s=256&d=identicon&r=PG","display_name":"einpoklum","link":"https://stackoverflow.com/users/1593077/einpoklum"},"is_answered":false,"view_count":36,"answer_count":0,"score":0,"last_activity_date":1679525356,"creation_date":1679525356,"question_id":75817901,"content_license":"CC BY-SA 4.0","link":"https://stackoverflow.com/questions/75817901/are-pools-and-pool-allocated-memory-cuda-context-specific","title":"Are pools and pool-allocated memory CUDA-context-specific?"},{"tags":["django","django-models","django-views","django-forms"],"owner":{"account_id":26784830,"reputation":11,"user_id":20379180,"user_type":"registered","profile_image":"https://lh3.googleusercontent.com/a/ALm5wu23PK4D-jQat3nY1M166e2D8dYRMek83ENTqNOqQw=k-s256","display_name":"Gurami Tchumburidze","link":"https://stackoverflow.com/users/20379180/gurami-tchumburidze"},"is_answered":true,"view_count":251,"answer_count":1,"score":1,"last_activity_date":1679532881,"creation_date":1679525351,"question_id":75817900,"content_license":"CC BY-SA 4.0","link":"https://stackoverflow.com/questions/75817900/url-in-django-admin","title":"URL in django admin"},{"tags":["google-cloud-functions","whatsapp","facebook-webhooks"],"owner":{"account_id":27678905,"reputation":3,"user_id":21128117,"user_type":"registered","profile_image":"https://www.gravatar.com/avatar/99c601657e53c2bd28154a72bacc04d1?s=256&d=identicon&r=PG","display_name":"nvercher","link":"https://stackoverflow.com/users/21128117/nvercher"},"is_answered":false,"view_count":1196,"answer_count":1,"score":0,"last_activity_date":1684699077,"creation_date":1679525345,"question_id":75817899,"content_license":"CC BY-SA 4.0","link":"https://stackoverflow.com/questions/75817899/unable-to-validate-callback-url-and-verify-token-for-metas-whatsapp-cloud-api-w","title":"Unable to validate callback URL and verify token for Meta&#39;s WhatsApp Cloud API with Google Cloud Function"},{"tags":["reactjs","react-native","debugging","react-native-debugger"],"owner":{"account_id":26299224,"reputation":51,"user_id":21459959,"user_type":"registered","profile_image":"https://lh3.googleusercontent.com/a/AItbvmnJ6E9oA4sj05YriNyDH5ts-tV-Dg0rjqjq4fvt=k-s256","display_name":"Oleg","link":"https://stackoverflow.com/users/21459959/oleg"},"is_answered":true,"view_count":1754,"answer_count":2,"score":5,"last_activity_date":1682586753,"creation_date":1679525315,"question_id":75817897,"content_license":"CC BY-SA 4.0","link":"https://stackoverflow.com/questions/75817897/react-native-debugger-on-expo-sdk-48","title":"React Native Debugger on Expo SDK 48"},{"tags":["c++","string","substring","c-strings","range-v3"],"owner":{"account_id":6975655,"reputation":23976,"user_id":5825294,"user_type":"registered","accept_rate":78,"profile_image":"https://graph.facebook.com/10207587812237236/picture?type=large","display_name":"Enlico","link":"https://stackoverflow.com/users/5825294/enlico"},"is_answered":true,"view_count":74,"accepted_answer_id":75817994,"answer_count":1,"score":4,"last_activity_date":1679527110,"creation_date":1679525229,"question_id":75817890,"content_license":"CC BY-SA 4.0","link":"https://stackoverflow.com/questions/75817890/what-does-rangesstarts-with-do-with-c-style-string-arguments","title":"What does ranges::starts_with do with C-style string argument(s)?"},{"tags":["python","python-3.x","class","oop","python-import"],"owner":{"account_id":28090289,"reputation":3,"user_id":21459948,"user_type":"registered","profile_image":"https://www.gravatar.com/avatar/e9c24401e3b2a24974a779a9749434b2?s=256&d=identicon&r=PG&f=y&so-version=2","display_name":"Guest328438","link":"https://stackoverflow.com/users/21459948/guest328438"},"is_answered":true,"view_count":186,"accepted_answer_id":75818071,"answer_count":2,"score":0,"last_activity_date":1679527449,"creation_date":1679525176,"last_edit_date":1679526211,"question_id":75817887,"content_license":"CC BY-SA 4.0","link":"https://stackoverflow.com/questions/75817887/how-to-import-class-in-python-from-inside-git-repo","title":"How to import class in Python from inside git repo"},{"tags":["node.js","reactjs","environment-variables","config"],"owner":{"account_id":4546661,"reputation":3186,"user_id":3693060,"user_type":"registered","profile_image":"https://www.gravatar.com/avatar/d61ff77999f4a0b4778fa079f6f56b7e?s=256&d=identicon&r=PG&f=y&so-version=2","display_name":"user989988","link":"https://stackoverflow.com/users/3693060/user989988"},"is_answered":false,"view_count":51,"answer_count":0,"score":0,"last_activity_date":1679547112,"creation_date":1679525174,"last_edit_date":1679547112,"question_id":75817886,"content_license":"CC BY-SA 4.0","link":"https://stackoverflow.com/questions/75817886/react-application-env-config","title":"React application env config"},{"tags":["reactjs","jestjs","mocking","react-testing-library","react-testing"],"owner":{"account_id":920730,"reputation":3090,"user_id":952480,"user_type":"registered","accept_rate":80,"profile_image":"https://i.stack.imgur.com/M0Snj.gif?s=256&g=1","display_name":"mikus","link":"https://stackoverflow.com/users/952480/mikus"},"is_answered":false,"view_count":722,"answer_count":1,"score":0,"last_activity_date":1683748701,"creation_date":1679525164,"question_id":75817885,"content_license":"CC BY-SA 4.0","link":"https://stackoverflow.com/questions/75817885/mocking-3rd-party-react-component-in-jest-has-no-effect","title":"Mocking 3rd party React component in jest has no effect"},{"tags":["reactjs","react-native","google-maps","redux","react-redux"],"owner":{"account_id":18937286,"reputation":65,"user_id":13818089,"user_type":"registered","profile_image":"https://www.gravatar.com/avatar/97393154359d695d09936f5390c4ece5?s=256&d=identicon&r=PG&f=y&so-version=2","display_name":"Huseyin Kara","link":"https://stackoverflow.com/users/13818089/huseyin-kara"},"is_answered":false,"view_count":1799,"protected_date":1695764159,"answer_count":1,"score":0,"last_activity_date":1695810988,"creation_date":1679525130,"question_id":75817881,"content_license":"CC BY-SA 4.0","link":"https://stackoverflow.com/questions/75817881/react-native-typeerror-cannot-read-property-location-of-null","title":"React-Native TypeError: Cannot read property &#39;location&#39; of null"}],"has_more":true,"quota_max":300,"quota_remaining":148}