{"items":[{"tags":["pip","conda","pycallgraph"],"owner":{"account_id":12855353,"reputation":1,"user_id":9298859,"user_type":"registered","profile_image":"https://www.gravatar.com/avatar/64bf275208541e1b31ccb19096d20b8c?s=256&d=identicon&r=PG&f=y&so-version=2","display_name":"KevinRussell","link":"https://stackoverflow.com/users/9298859/kevinrussell"},"is_answered":false,"view_count":124,"answer_count":2,"score":0,"last_activity_date":1685327467,"creation_date":1685246388,"question_id":76349874,"content_license":"CC BY-SA 4.0","link":"https://stackoverflow.com/questions/76349874/using-pycallgraph-failed-in-python3-7-conda-virtual-envirenment","title":"Using pycallgraph failed in python3.7 conda virtual envirenment"},{"tags":["java","spring-boot","authentication","spring-security","jwt"],"owner":{"account_id":26644189,"reputation":33,"user_id":20259350,"user_type":"registered","profile_image":"https://lh3.googleusercontent.com/a/ALm5wu1yDK8AMjNLOkSeEPU3sdaaPts0PDOue8qiXUut=k-s256","display_name":"Monach","link":"https://stackoverflow.com/users/20259350/monach"},"is_answered":false,"view_count":43,"closed_date":1685272390,"answer_count":0,"score":1,"last_activity_date":1685283452,"creation_date":1685246317,"last_edit_date":1685283452,"question_id":76349870,"link":"https://stackoverflow.com/questions/76349870/spring-security-returning-anonymous-user-after-success-authentication-springboot","closed_reason":"Duplicate","title":"Spring Security Returning Anonymous user after Success Authentication-SpringBoot 3.0.6 Spring Security 6.x"},{"tags":["python","python-3.x","mariadb-10.5","mariadb-connector"],"owner":{"account_id":15912763,"reputation":81,"user_id":11482269,"user_type":"registered","profile_image":"https://lh5.googleusercontent.com/-2rsKBOh-Yfg/AAAAAAAAAAI/AAAAAAAAAAA/pwO2RUwKiH0/photo.jpg?sz=256","display_name":"Joe Greene","link":"https://stackoverflow.com/users/11482269/joe-greene"},"is_answered":true,"view_count":41,"accepted_answer_id":76465876,"answer_count":1,"score":0,"last_activity_date":1686665730,"creation_date":1685246201,"question_id":76349868,"content_license":"CC BY-SA 4.0","link":"https://stackoverflow.com/questions/76349868/python-mariadb-connector-function-returns-empty-cursor-fetchall-on-252nd-itera","title":"Python mariadb-connector function returns empty cursor.fetchall() on 252nd iteration with different WHERE clauses"},{"tags":["python","numpy","matplotlib-basemap","index-error"],"owner":{"account_id":22746324,"reputation":11,"user_id":16907074,"user_type":"registered","profile_image":"https://www.gravatar.com/avatar/7bb4592fde24fbb7634c91ee396f9626?s=256&d=identicon&r=PG&f=y&so-version=2","display_name":"Yixin","link":"https://stackoverflow.com/users/16907074/yixin"},"is_answered":false,"view_count":15,"answer_count":0,"score":1,"last_activity_date":1685246161,"creation_date":1685246161,"question_id":76349867,"content_license":"CC BY-SA 4.0","link":"https://stackoverflow.com/questions/76349867/function-addcyclic-indexerror","title":"Function &quot;addcyclic&quot;: IndexError"},{"tags":["ibm-watson","watson-assistant"],"owner":{"account_id":28694681,"reputation":3,"user_id":21973143,"user_type":"registered","profile_image":"https://lh3.googleusercontent.com/a/AAcHTtdxII-8oXNV0Eb70e_lHSlGoEtFF_kh96HCNY88=k-s256","display_name":"John","link":"https://stackoverflow.com/users/21973143/john"},"is_answered":true,"view_count":107,"accepted_answer_id":76349886,"answer_count":1,"score":0,"last_activity_date":1685274730,"creation_date":1685246157,"question_id":76349866,"content_license":"CC BY-SA 4.0","link":"https://stackoverflow.com/questions/76349866/how-do-i-get-watson-assistant-to-automatically-open-a-webpage","title":"How do I get Watson Assistant to automatically open a webpage?"},{"tags":["javascript","json","file","for-loop","console.log"],"owner":{"account_id":911058,"reputation":13062,"user_id":944919,"user_type":"registered","accept_rate":70,"profile_image":"https://www.gravatar.com/avatar/31d2944a2ba276463d140ab22a1dc675?s=256&d=identicon&r=PG&f=y&so-version=2","display_name":"coder","link":"https://stackoverflow.com/users/944919/coder"},"is_answered":true,"view_count":18,"accepted_answer_id":76349892,"answer_count":1,"score":1,"last_activity_date":1685247878,"creation_date":1685246132,"question_id":76349865,"content_license":"CC BY-SA 4.0","link":"https://stackoverflow.com/questions/76349865/for-loop-writing-records-to-a-file-prints-only-last-item","title":"For Loop writing records to a file prints only last item"},{"tags":["node.js","passport.js","passport-google-oauth2"],"owner":{"account_id":26103643,"reputation":1,"user_id":19798662,"user_type":"registered","profile_image":"https://www.gravatar.com/avatar/f0b87ae473f9aac5c9cb4d0bb8cace01?s=256&d=identicon&r=PG","display_name":"opafmoremedic","link":"https://stackoverflow.com/users/19798662/opafmoremedic"},"is_answered":false,"view_count":25,"answer_count":0,"score":0,"last_activity_date":1685246100,"creation_date":1685246100,"question_id":76349863,"content_license":"CC BY-SA 4.0","link":"https://stackoverflow.com/questions/76349863/cant-select-new-google-account-on-relog-after-logging-out-with-google-oauth2-in","title":"Can&#39;t select new Google account on relog after logging out with Google OAuth2 in Passport.js"},{"tags":["android-viewpager"],"owner":{"account_id":28300896,"reputation":1,"user_id":21639584,"user_type":"registered","profile_image":"https://lh3.googleusercontent.com/a/AGNmyxaT9iOzJAMVOUq9FQwtFAvBc1A5c8i2-6LongeX5w=k-s256","display_name":"jong heok Kim","link":"https://stackoverflow.com/users/21639584/jong-heok-kim"},"is_answered":false,"view_count":19,"answer_count":0,"score":0,"last_activity_date":1685246159,"creation_date":1685245774,"last_edit_date":1685246159,"question_id":76349858,"content_license":"CC BY-SA 4.0","link":"https://stackoverflow.com/questions/76349858/issue-with-recyclerview-not-updating-when-returning-to-the-first-page-after-navi","title":"Issue with RecyclerView not updating when returning to the first page after navigating to the second page of ViewPager2"},{"tags":["python","time-complexity","primes"],"owner":{"account_id":22930071,"reputation":133,"user_id":17064524,"user_type":"registered","profile_image":"https://www.gravatar.com/avatar/e5bca00ede4792d127b4a4f13407fb8d?s=256&d=identicon&r=PG","display_name":"zhixin","link":"https://stackoverflow.com/users/17064524/zhixin"},"is_answered":true,"view_count":196,"accepted_answer_id":76351892,"answer_count":2,"score":-3,"last_activity_date":1685318358,"creation_date":1685245741,"last_edit_date":1685297848,"question_id":76349857,"content_license":"CC BY-SA 4.0","link":"https://stackoverflow.com/questions/76349857/why-the-optimized-prime-number-generator-program-take-more-time","title":"Why the optimized prime number generator program take more time?"},{"tags":["python","scope","closures","local"],"owner":{"account_id":25752246,"reputation":556,"user_id":19504610,"user_type":"registered","profile_image":"https://lh3.googleusercontent.com/a/AItbvmn5K4En-HxiPdZMFz75YLFUAqET1JbZNHLIhQnf=k-s256","display_name":"Jim","link":"https://stackoverflow.com/users/19504610/jim"},"is_answered":true,"view_count":22,"closed_date":1685250849,"accepted_answer_id":76349872,"answer_count":1,"score":0,"last_activity_date":1685250840,"creation_date":1685245557,"last_edit_date":1685250840,"question_id":76349851,"link":"https://stackoverflow.com/questions/76349851/accessing-variables-in-the-local-scope-of-a-python-decorator","closed_reason":"Duplicate","title":"Accessing variables in the local scope of a python decorator"},{"tags":["rust","redis"],"owner":{"account_id":19085351,"reputation":169,"user_id":13936733,"user_type":"registered","profile_image":"https://graph.facebook.com/10156762482476242/picture?type=large","display_name":"Mike Chan","link":"https://stackoverflow.com/users/13936733/mike-chan"},"is_answered":true,"view_count":257,"accepted_answer_id":76367765,"answer_count":1,"score":2,"last_activity_date":1685472377,"creation_date":1685245555,"question_id":76349850,"content_license":"CC BY-SA 4.0","link":"https://stackoverflow.com/questions/76349850/issue-with-hset-command-in-rust-redis","title":"Issue with HSET command in Rust Redis"},{"tags":["kotlin"],"owner":{"account_id":22847174,"reputation":95,"user_id":16993364,"user_type":"registered","profile_image":"https://lh3.googleusercontent.com/a-/AOh14Gifga5Ft0-hNTWQlqXP-oi0LNpK7txskgSVzQFj=k-s256","display_name":"sulv","link":"https://stackoverflow.com/users/16993364/sulv"},"is_answered":true,"view_count":79,"answer_count":2,"score":3,"last_activity_date":1687093518,"creation_date":1685245484,"last_edit_date":1685293492,"question_id":76349848,"content_license":"CC BY-SA 4.0","link":"https://stackoverflow.com/questions/76349848/what-is-the-effect-of-buffer0-in-the-collectlatest-implementation-in-kotlin","title":"What is the effect of buffer(0) in the collectLatest implementation in kotlin?"},{"tags":["visual-studio-code","editor"],"owner":{"account_id":5959748,"reputation":153,"user_id":4685264,"user_type":"registered","accept_rate":50,"profile_image":"https://lh4.googleusercontent.com/-NufO2skHhsY/AAAAAAAAAAI/AAAAAAAAAZM/Iw-9PuTusgA/photo.jpg?sz=256","display_name":"Adson Cicilioti","link":"https://stackoverflow.com/users/4685264/adson-cicilioti"},"is_answered":true,"view_count":235,"answer_count":1,"score":0,"last_activity_date":1690638698,"creation_date":1685245473,"last_edit_date":1690351562,"question_id":76349847,"content_license":"CC BY-SA 4.0","link":"https://stackoverflow.com/questions/76349847/vs-code-how-to-make-brackets-parentheses-and-square-brackets-bold","title":"VS Code - How to make brackets, parentheses, and square brackets bold"},{"tags":["javascript","jquery","recursion","math","calculator"],"owner":{"account_id":11701330,"reputation":49,"user_id":21843218,"user_type":"registered","profile_image":"https://www.gravatar.com/avatar/d4707f2c6435bfa6c1f0710963d6da59?s=256&d=identicon&r=PG&f=y&so-version=2","display_name":"Natsu","link":"https://stackoverflow.com/users/21843218/natsu"},"is_answered":false,"view_count":69,"answer_count":0,"score":0,"last_activity_date":1685245412,"creation_date":1685245412,"question_id":76349845,"content_license":"CC BY-SA 4.0","link":"https://stackoverflow.com/questions/76349845/how-to-use-result-from-calculation-as-first-input-of-calculator-app","title":"How to use result from calculation as first input of Calculator App"},{"tags":["spring-boot","kotlin","google-oauth"],"owner":{"account_id":16708758,"reputation":13,"user_id":12076548,"user_type":"registered","profile_image":"https://www.gravatar.com/avatar/38f72519d45bcfadb13cf935f0fb0ed0?s=256&d=identicon&r=PG&f=y&so-version=2","display_name":"jonathan-lee-devel","link":"https://stackoverflow.com/users/12076548/jonathan-lee-devel"},"is_answered":false,"view_count":137,"answer_count":0,"score":0,"last_activity_date":1685265698,"creation_date":1685245384,"last_edit_date":1685265698,"question_id":76349844,"content_license":"CC BY-SA 4.0","link":"https://stackoverflow.com/questions/76349844/spring-boot-kotlin-google-oauth-2-0-logout-getting-cors-error","title":"Spring Boot Kotlin Google OAuth 2.0 Logout Getting CORS Error"},{"tags":["c#","generics","jagged-arrays"],"owner":{"account_id":19590991,"reputation":11,"user_id":14338018,"user_type":"registered","profile_image":"https://lh3.googleusercontent.com/-9rZIDG97zpU/AAAAAAAAAAI/AAAAAAAAAAA/AMZuuckionnz3xdkScBi9AsJGvYEau8OzA/photo.jpg?sz=256","display_name":"Lachlan Richards","link":"https://stackoverflow.com/users/14338018/lachlan-richards"},"is_answered":true,"view_count":59,"answer_count":1,"score":1,"last_activity_date":1685303645,"creation_date":1685245341,"last_edit_date":1685303645,"question_id":76349843,"content_license":"CC BY-SA 4.0","link":"https://stackoverflow.com/questions/76349843/c-generics-error-when-overriding-with-an-array","title":"C# generics error when overriding with an array?"},{"tags":["javascript","three.js","augmented-reality","exporter","model-viewer"],"owner":{"account_id":22197667,"reputation":21,"user_id":16438834,"user_type":"registered","profile_image":"https://lh3.googleusercontent.com/a-/AOh14GjzPT3tahLpGzEcfG0AKn5OIlj2IRM1_BU8IkFwIQ=k-s256","display_name":"bootaoru app","link":"https://stackoverflow.com/users/16438834/bootaoru-app"},"is_answered":false,"view_count":46,"answer_count":0,"score":2,"last_activity_date":1685254836,"creation_date":1685245279,"last_edit_date":1685254836,"question_id":76349841,"content_license":"CC BY-SA 4.0","link":"https://stackoverflow.com/questions/76349841/problem-that-gltf-data-output-by-three-js-exporter-cannot-be-used-in-model-viewe","title":"Problem that gltf data output by three.js Exporter cannot be used in model-viewer AR"},{"tags":["php"],"owner":{"account_id":28134240,"reputation":27,"user_id":21498246,"user_type":"registered","profile_image":"https://lh3.googleusercontent.com/a/AGNmyxZ3LVIoWOORN-jFdDpqyubR5Fss1KkSuXLaI0rx=k-s256","display_name":"Tejas","link":"https://stackoverflow.com/users/21498246/tejas"},"is_answered":true,"view_count":131,"accepted_answer_id":76350138,"answer_count":3,"score":0,"last_activity_date":1685311447,"creation_date":1685245255,"last_edit_date":1685311447,"question_id":76349839,"content_license":"CC BY-SA 4.0","link":"https://stackoverflow.com/questions/76349839/how-to-put-students-into-different-arrays-according-to-their-age","title":"how to put students into different arrays according to their age?"},{"tags":["javascript","node.js","curl","puppeteer","whatsapp"],"owner":{"account_id":14236857,"reputation":581,"user_id":10284437,"user_type":"registered","profile_image":"https://i.stack.imgur.com/e4mfN.jpg?s=256&g=1","display_name":"M&#233;vatlav&#233; Kraspek","link":"https://stackoverflow.com/users/10284437/m%c3%a9vatlav%c3%a9-kraspek"},"is_answered":false,"view_count":1147,"answer_count":0,"score":3,"last_activity_date":1685307630,"creation_date":1685245155,"last_edit_date":1685307630,"question_id":76349838,"content_license":"CC BY-SA 4.0","link":"https://stackoverflow.com/questions/76349838/whatsapp-web-js-is-it-possible-to-add-a-url-preview-for-whatsapp-message-like","title":"whatsapp-web.js: is it possible to add a URL preview for WhatsApp message, like the web client do?"},{"tags":["templates","rust"],"owner":{"account_id":4768114,"reputation":4987,"user_id":3853711,"user_type":"registered","accept_rate":63,"profile_image":"https://i.stack.imgur.com/SwXly.png?s=256&g=1","display_name":"Rahn","link":"https://stackoverflow.com/users/3853711/rahn"},"is_answered":true,"view_count":24,"answer_count":1,"score":0,"last_activity_date":1685255106,"creation_date":1685245075,"question_id":76349832,"content_license":"CC BY-SA 4.0","link":"https://stackoverflow.com/questions/76349832/implement-default-for-a-templated-struct-where-the-only-difference-is-the-templa","title":"implement Default for a templated struct where the only difference is the templated variable"},{"tags":["mongodb","join","aggregation-framework","mongodb-lookup"],"owner":{"account_id":1763444,"reputation":8108,"user_id":1762051,"user_type":"registered","accept_rate":28,"profile_image":"https://www.gravatar.com/avatar/a6dd93d46ba8e84a91f7b330bb1e0023?s=256&d=identicon&r=PG&f=y&so-version=2","display_name":"Alok","link":"https://stackoverflow.com/users/1762051/alok"},"is_answered":true,"view_count":60,"answer_count":1,"score":0,"last_activity_date":1685253253,"creation_date":1685244828,"question_id":76349828,"content_license":"CC BY-SA 4.0","link":"https://stackoverflow.com/questions/76349828/auto-conversion-of-foreign-key-from-string-to-objectid-to-make-lookup-aggregati","title":"Auto conversion of foreign key from string to ObjectId to make $lookup aggregation work by MongoDB"},{"tags":["asp.net-core","dependency-injection","lazy-loading","ilogger"],"owner":{"account_id":9732033,"reputation":51,"user_id":7216720,"user_type":"registered","profile_image":"https://www.gravatar.com/avatar/06ffb7af79932cbe2da3aeffaec7e9b4?s=256&d=identicon&r=PG&f=y&so-version=2","display_name":"Serge","link":"https://stackoverflow.com/users/7216720/serge"},"is_answered":false,"view_count":192,"answer_count":1,"score":0,"last_activity_date":1685270393,"creation_date":1685244539,"last_edit_date":1685270393,"question_id":76349821,"content_license":"CC BY-SA 4.0","link":"https://stackoverflow.com/questions/76349821/c-net-7-0-calling-a-class-with-di-how-ilogger-can-be-passed","title":"C# .NET 7.0 Calling a class with DI. How ILogger can be passed?"},{"tags":["visual-studio-code"],"owner":{"account_id":3516244,"reputation":1618,"user_id":2939594,"user_type":"registered","accept_rate":69,"profile_image":"https://www.gravatar.com/avatar/2094966ca7413d5438cedb9a87d90402?s=256&d=identicon&r=PG&f=y&so-version=2","display_name":"PGT","link":"https://stackoverflow.com/users/2939594/pgt"},"is_answered":false,"view_count":14,"answer_count":0,"score":0,"last_activity_date":1685244536,"creation_date":1685244536,"question_id":76349819,"content_license":"CC BY-SA 4.0","link":"https://stackoverflow.com/questions/76349819/increase-hint-window-in-vscode","title":"Increase Hint window in VSCode"},{"tags":["java","mysql","spring-boot","amazon-ec2","deployment"],"owner":{"account_id":27683932,"reputation":25,"user_id":21132073,"user_type":"registered","profile_image":"https://i.stack.imgur.com/95uBb.jpg?s=256&g=1","display_name":"EDOYou","link":"https://stackoverflow.com/users/21132073/edoyou"},"is_answered":false,"view_count":409,"answer_count":0,"score":0,"last_activity_date":1685243967,"creation_date":1685243967,"question_id":76349805,"content_license":"CC BY-SA 4.0","link":"https://stackoverflow.com/questions/76349805/i-cannot-run-spring-boot-app-on-the-aws-ec2-server-communication-failure","title":"I cannot run Spring Boot App on the AWS EC2 server. Communication failure"},{"tags":["webrtc-android"],"owner":{"account_id":10237752,"reputation":1314,"user_id":7556091,"user_type":"registered","profile_image":"https://i.stack.imgur.com/u3DBM.jpg?s=256&g=1","display_name":"progquester","link":"https://stackoverflow.com/users/7556091/progquester"},"is_answered":false,"view_count":71,"answer_count":0,"score":0,"last_activity_date":1685243956,"creation_date":1685243956,"question_id":76349803,"content_license":"CC BY-SA 4.0","link":"https://stackoverflow.com/questions/76349803/why-webrtc-library-not-found-in-maven-repo","title":"Why webrtc library not found in maven repo?"},{"tags":["java","jackson"],"owner":{"account_id":7856545,"reputation":1696,"user_id":5938195,"user_type":"registered","accept_rate":73,"profile_image":"https://lh5.googleusercontent.com/-1QzhxhhzXHs/AAAAAAAAAAI/AAAAAAAACV4/es2jVfb6sY0/photo.jpg?sz=256","display_name":"Kuldeep Yadav","link":"https://stackoverflow.com/users/5938195/kuldeep-yadav"},"is_answered":false,"view_count":17,"closed_date":1685247801,"answer_count":0,"score":0,"last_activity_date":1685243875,"creation_date":1685243875,"question_id":76349797,"link":"https://stackoverflow.com/questions/76349797/dealing-with-abstract-classes-in-jackson-deserialization-in-java","closed_reason":"Duplicate","title":"Dealing with abstract classes in Jackson deserialization in Java"},{"tags":["python"],"owner":{"account_id":24240412,"reputation":51,"user_id":18192873,"user_type":"registered","profile_image":"https://www.gravatar.com/avatar/33cdde668e77212f4c6d562029562fb9?s=256&d=identicon&r=PG&f=y&so-version=2","display_name":"LemonSqueezy","link":"https://stackoverflow.com/users/18192873/lemonsqueezy"},"is_answered":true,"view_count":55,"accepted_answer_id":76349900,"answer_count":2,"score":0,"last_activity_date":1685248805,"creation_date":1685243825,"question_id":76349796,"content_license":"CC BY-SA 4.0","link":"https://stackoverflow.com/questions/76349796/how-to-flatten-multiple-lists-with-list-comprehension-in-python","title":"How to flatten multiple lists with list comprehension in python"},{"tags":["java","spring","spring-boot"],"owner":{"account_id":25876262,"reputation":13,"user_id":19606202,"user_type":"registered","profile_image":"https://lh3.googleusercontent.com/a-/AFdZucq6sKXkqgs1CmyFAscvexubJmX_MnBDbtqW5iqC=k-s256","display_name":"Praveen Kumar","link":"https://stackoverflow.com/users/19606202/praveen-kumar"},"is_answered":true,"view_count":41,"answer_count":2,"score":0,"last_activity_date":1685275620,"creation_date":1685243654,"last_edit_date":1685246579,"question_id":76349795,"content_license":"CC BY-SA 4.0","link":"https://stackoverflow.com/questions/76349795/getting-null-value-of-name-and-price-property-and-saving-to-mysql-using-spring-j","title":"Getting null value of Name and Price Property and Saving to Mysql using Spring JPARepository"},{"tags":["jquery","jquery-selectors"],"owner":{"account_id":12237886,"reputation":3,"user_id":8931745,"user_type":"registered","profile_image":"https://www.gravatar.com/avatar/28d3a0799862cb6a2e0750819952f8ab?s=256&d=identicon&r=PG","display_name":"redaxe","link":"https://stackoverflow.com/users/8931745/redaxe"},"is_answered":true,"view_count":14,"accepted_answer_id":76349822,"answer_count":1,"score":0,"last_activity_date":1685244559,"creation_date":1685243593,"last_edit_date":1685244555,"question_id":76349792,"content_license":"CC BY-SA 4.0","link":"https://stackoverflow.com/questions/76349792/jquery-selector-for-setting-a-value-of-an-input-based-on-the-current-context","title":"jQuery selector for setting a value of an input based on the current context"},{"tags":["php"],"owner":{"account_id":28694590,"reputation":1,"user_id":21973062,"user_type":"registered","profile_image":"https://www.gravatar.com/avatar/33915da20a7a5ce6c86468a203855abf?s=256&d=identicon&r=PG&f=y&so-version=2","display_name":"praneeth1124","link":"https://stackoverflow.com/users/21973062/praneeth1124"},"is_answered":true,"view_count":33,"answer_count":1,"score":-1,"last_activity_date":1685246097,"creation_date":1685243550,"last_edit_date":1685246097,"question_id":76349790,"content_license":"CC BY-SA 4.0","link":"https://stackoverflow.com/questions/76349790/how-do-i-properly-format-a-json-payload-in-php-without-invalid-whitespace-for-a","title":"How do I properly format a JSON payload in PHP without invalid whitespace for a REST API post call?"}],"has_more":true,"quota_max":300,"quota_remaining":118}