{"items":[{"tags":["excel","excel-formula"],"owner":{"account_id":28279673,"reputation":1,"user_id":21621547,"user_type":"registered","profile_image":"https://lh3.googleusercontent.com/a/AGNmyxZjM5pIzGrSXvVG5MzNms4H2xccrU_GUfQ9eHfM=k-s256","display_name":"Gerardo Del Cid","link":"https://stackoverflow.com/users/21621547/gerardo-del-cid"},"is_answered":false,"view_count":37,"answer_count":0,"score":0,"last_activity_date":1681255949,"creation_date":1681253936,"last_edit_date":1681255949,"question_id":75990680,"content_license":"CC BY-SA 4.0","link":"https://stackoverflow.com/questions/75990680/separate-function-result-in-different-rows","title":"Separate function result in different rows"},{"tags":["android-studio","sdl-2"],"owner":{"account_id":1909596,"reputation":1001,"user_id":1723776,"user_type":"registered","accept_rate":79,"profile_image":"https://www.gravatar.com/avatar/dad868eb62bc9398d19dcf2b15710818?s=256&d=identicon&r=PG","display_name":"Javier Ram&#237;rez","link":"https://stackoverflow.com/users/1723776/javier-ram%c3%adrez"},"is_answered":false,"view_count":280,"answer_count":0,"score":0,"last_activity_date":1681255373,"creation_date":1681253928,"last_edit_date":1681255373,"question_id":75990679,"content_license":"CC BY-SA 4.0","link":"https://stackoverflow.com/questions/75990679/sdl2-on-android-studio","title":"SDL2 on Android Studio"},{"tags":["reactjs","material-table"],"owner":{"account_id":2133559,"reputation":1,"user_id":10860715,"user_type":"registered","profile_image":"https://www.gravatar.com/avatar/880aa2bb65855572450d5d267a97d170?s=256&d=identicon&r=PG","display_name":"at0107","link":"https://stackoverflow.com/users/10860715/at0107"},"is_answered":false,"view_count":44,"answer_count":0,"score":0,"last_activity_date":1681254180,"creation_date":1681253914,"last_edit_date":1681254180,"question_id":75990678,"content_license":"CC BY-SA 4.0","link":"https://stackoverflow.com/questions/75990678/cascading-dropdown-in-materialtable-using-react","title":"Cascading Dropdown in materialTable using react"},{"tags":["php","laravel"],"owner":{"account_id":28244893,"reputation":1,"user_id":21592109,"user_type":"registered","profile_image":"https://graph.facebook.com/3592262454431045/picture?type=large","display_name":"WaSef Abd ElhamEed","link":"https://stackoverflow.com/users/21592109/wasef-abd-elhameed"},"is_answered":false,"view_count":43,"answer_count":0,"score":0,"last_activity_date":1681256324,"creation_date":1681253846,"last_edit_date":1681256324,"question_id":75990674,"content_license":"CC BY-SA 4.0","link":"https://stackoverflow.com/questions/75990674/the-quantity-is-not-deleted-correctly-within-the-store","title":"The quantity is not deleted correctly within the store"},{"tags":["c#","unity-game-engine"],"owner":{"account_id":28279654,"reputation":1,"user_id":21621530,"user_type":"registered","profile_image":"https://www.gravatar.com/avatar/a2c8e1767e3e2d1a78d5bdd017cabe46?s=256&d=identicon&r=PG&f=y&so-version=2","display_name":"BAN4na11Tee4aa18","link":"https://stackoverflow.com/users/21621530/ban4na11tee4aa18"},"is_answered":false,"view_count":61,"answer_count":0,"score":0,"last_activity_date":1681254229,"creation_date":1681253742,"last_edit_date":1681254229,"question_id":75990671,"content_license":"CC BY-SA 4.0","link":"https://stackoverflow.com/questions/75990671/this-referenced-script-x-on-this-behaviour-is-missing","title":"This referenced script (x) on this Behaviour is missing"},{"tags":["python","excel","pandas","pivot-table","openpyxl"],"owner":{"account_id":16202649,"reputation":93,"user_id":11698688,"user_type":"registered","profile_image":"https://www.gravatar.com/avatar/849f328c1798f14f101cac38fdfe1d80?s=256&d=identicon&r=PG&f=y&so-version=2","display_name":"KeetsScrimalittle","link":"https://stackoverflow.com/users/11698688/keetsscrimalittle"},"is_answered":false,"view_count":192,"answer_count":1,"score":-1,"last_activity_date":1681302250,"creation_date":1681253725,"question_id":75990670,"content_license":"CC BY-SA 4.0","link":"https://stackoverflow.com/questions/75990670/python-iterate-data-under-grouped-pivot-table-excel-rows","title":"Python Iterate data under grouped / pivot table excel rows"},{"tags":["reactjs","firebase","next.js"],"owner":{"account_id":22327544,"reputation":39,"user_id":18758451,"user_type":"registered","profile_image":"https://graph.facebook.com/10159454259989281/picture?type=large","display_name":"Nico Bonder","link":"https://stackoverflow.com/users/18758451/nico-bonder"},"is_answered":false,"view_count":109,"answer_count":1,"score":0,"last_activity_date":1683757695,"creation_date":1681253701,"last_edit_date":1683757695,"question_id":75990669,"content_license":"CC BY-SA 4.0","link":"https://stackoverflow.com/questions/75990669/firebaseerror-firebase-need-to-provide-options-when-not-being-deployed-to-hos","title":"FirebaseError: Firebase: Need to provide options, when not being deployed to hosting via source"},{"tags":["for-loop","zsh","jobs"],"owner":{"account_id":3965448,"reputation":83,"user_id":3585282,"user_type":"registered","profile_image":"https://i.stack.imgur.com/xlpNg.png?s=256&g=1","display_name":"Faxopita","link":"https://stackoverflow.com/users/3585282/faxopita"},"is_answered":false,"view_count":52,"answer_count":0,"score":0,"last_activity_date":1681287858,"creation_date":1681253688,"last_edit_date":1681287858,"question_id":75990668,"content_license":"CC BY-SA 4.0","link":"https://stackoverflow.com/questions/75990668/suspending-a-for-loop-then-resuming-it-to-background-prevent-it-from-iterating","title":"Suspending a for loop, then resuming it to background prevent it from iterating further"},{"tags":["mysql","mysql-8.0"],"owner":{"account_id":26684868,"reputation":1,"user_id":20294340,"user_type":"registered","profile_image":"https://lh3.googleusercontent.com/a/ALm5wu2akR6Y1pNBgobQ7nf9pkdkpT5-hA6TSV7YeZ0w=k-s256","display_name":"SolarNewb","link":"https://stackoverflow.com/users/20294340/solarnewb"},"is_answered":false,"view_count":30,"answer_count":3,"score":0,"last_activity_date":1681457538,"creation_date":1681253653,"question_id":75990665,"content_license":"CC BY-SA 4.0","link":"https://stackoverflow.com/questions/75990665/count-group-concat-column-to-check-for-duplicates","title":"Count GROUP_CONCAT column to check for duplicates"},{"tags":["excel","formula","conditional-formatting"],"owner":{"account_id":27769904,"reputation":25,"user_id":21200370,"user_type":"registered","profile_image":"https://www.gravatar.com/avatar/5d00126d5d4a6e780560e11c1a57716b?s=256&d=identicon&r=PG","display_name":"MarkP","link":"https://stackoverflow.com/users/21200370/markp"},"is_answered":false,"view_count":33,"answer_count":0,"score":0,"last_activity_date":1681253629,"creation_date":1681253629,"question_id":75990662,"content_license":"CC BY-SA 4.0","link":"https://stackoverflow.com/questions/75990662/conditional-formatting-formula-wont-drag-down","title":"Conditional formatting formula wont drag down"},{"tags":["mysql","node.js","express","localhost","database-connection"],"owner":{"account_id":27999919,"reputation":23,"user_id":21384431,"user_type":"registered","profile_image":"https://www.gravatar.com/avatar/d682e120fd823ac2016f76ab63bab826?s=256&d=identicon&r=PG","display_name":"Marshac85","link":"https://stackoverflow.com/users/21384431/marshac85"},"is_answered":false,"view_count":147,"answer_count":1,"score":1,"last_activity_date":1690284191,"creation_date":1681253616,"question_id":75990660,"content_license":"CC BY-SA 4.0","link":"https://stackoverflow.com/questions/75990660/mysql-connection-state-is-undefined","title":"MySQL Connection.State is &#39;undefined&#39;"},{"tags":["typescript","typescript-typings"],"owner":{"account_id":11684931,"reputation":573,"user_id":13493399,"user_type":"registered","profile_image":"https://i.stack.imgur.com/AcXTX.jpg?s=256&g=1","display_name":"Roberto A. Batty","link":"https://stackoverflow.com/users/13493399/roberto-a-batty"},"is_answered":true,"view_count":75,"accepted_answer_id":75990659,"answer_count":1,"score":1,"last_activity_date":1681305936,"creation_date":1681253611,"last_edit_date":1681305936,"question_id":75990658,"content_license":"CC BY-SA 4.0","link":"https://stackoverflow.com/questions/75990658/how-to-create-a-type-from-an-array-in-typescript","title":"How to create a Type from an Array in typescript"},{"tags":["docker","docker-compose","dockerfile","traefik","mailcow"],"owner":{"account_id":9763998,"reputation":9,"user_id":7495613,"user_type":"registered","profile_image":"https://lh6.googleusercontent.com/-LVgMxEsTRuA/AAAAAAAAAAI/AAAAAAAAACg/cd16RO8nUyw/photo.jpg?sz=256","display_name":"ArchMatt","link":"https://stackoverflow.com/users/7495613/archmatt"},"is_answered":false,"view_count":288,"answer_count":1,"score":-1,"last_activity_date":1681255864,"creation_date":1681253601,"question_id":75990657,"content_license":"CC BY-SA 4.0","link":"https://stackoverflow.com/questions/75990657/mailcow-set-up-traefik-docker-compose-override-yml","title":"Mailcow - set-up Traefik docker-compose.override.yml"},{"tags":["flutter","dart"],"owner":{"account_id":24825930,"reputation":187,"user_id":18705727,"user_type":"registered","profile_image":"https://lh3.googleusercontent.com/a-/AOh14Gib9_cH1frOfx9N1fIFQqEo_pf9n1j4FEUSJp7E-g=k-s256","display_name":"Farid Ahmadov","link":"https://stackoverflow.com/users/18705727/farid-ahmadov"},"is_answered":true,"view_count":1717,"accepted_answer_id":77535738,"answer_count":4,"score":0,"last_activity_date":1700732064,"creation_date":1681253510,"question_id":75990655,"content_license":"CC BY-SA 4.0","link":"https://stackoverflow.com/questions/75990655/how-can-i-solve-error-cocoapodss-specs-repository-is-too-out-of-date-to-satis","title":"How can I solve ?Error: CocoaPods&#39;s specs repository is too out-of-date to satisfy dependencies. To update the CocoaPods specs, run: pod repo update"},{"tags":["windows","visual-studio-code","windows-subsystem-for-linux","pnpm"],"owner":{"account_id":2308391,"reputation":2499,"user_id":2027146,"user_type":"registered","accept_rate":86,"profile_image":"https://i.stack.imgur.com/mrrIp.jpg?s=256&g=1","display_name":"Milk","link":"https://stackoverflow.com/users/2027146/milk"},"is_answered":false,"view_count":635,"answer_count":1,"score":0,"last_activity_date":1689185852,"creation_date":1681253473,"question_id":75990652,"content_license":"CC BY-SA 4.0","link":"https://stackoverflow.com/questions/75990652/on-windows-how-to-make-vscode-play-nicely-with-pnpm-through-wsl","title":"On Windows, how to make VSCode play nicely with pnpm through WSL"},{"tags":["django","templatetags"],"owner":{"account_id":144964,"reputation":1472,"user_id":354420,"user_type":"registered","accept_rate":66,"profile_image":"https://www.gravatar.com/avatar/5c8de919c66164b490a5e173c7072414?s=256&d=identicon&r=PG","display_name":"Tomasz Brzezina","link":"https://stackoverflow.com/users/354420/tomasz-brzezina"},"is_answered":false,"view_count":113,"answer_count":1,"score":1,"last_activity_date":1681338593,"creation_date":1681253465,"question_id":75990650,"content_license":"CC BY-SA 4.0","link":"https://stackoverflow.com/questions/75990650/how-to-pass-context-to-filter-in-django","title":"how to pass context to filter in django"},{"tags":["php","mysql","json","flutter"],"owner":{"account_id":28182847,"reputation":1,"user_id":21539578,"user_type":"registered","profile_image":"https://lh3.googleusercontent.com/a/AGNmyxa1gnmfFSIiIhhniaDzKeXjERumUnTHgl5srNgWAw=k-s256","display_name":"Cristiano Z","link":"https://stackoverflow.com/users/21539578/cristiano-z"},"is_answered":false,"view_count":101,"answer_count":1,"score":0,"last_activity_date":1681255927,"creation_date":1681253448,"question_id":75990648,"content_license":"CC BY-SA 4.0","link":"https://stackoverflow.com/questions/75990648/listview-with-php-and-flutter","title":"ListView with PHP and Flutter"},{"tags":["servlets","twilio-api","twilio-twiml"],"owner":{"account_id":15880086,"reputation":21,"user_id":11458077,"user_type":"registered","profile_image":"https://lh3.googleusercontent.com/-wgaXBVdcZ4A/AAAAAAAAAAI/AAAAAAAAABM/4ql-zhTk8hw/photo.jpg?sz=256","display_name":"Balaji Mote","link":"https://stackoverflow.com/users/11458077/balaji-mote"},"is_answered":false,"view_count":50,"answer_count":0,"score":0,"last_activity_date":1681979585,"creation_date":1681253440,"last_edit_date":1681979585,"question_id":75990647,"content_license":"CC BY-SA 4.0","link":"https://stackoverflow.com/questions/75990647/setup-a-twilio-twiml-message-using-content-editor-template","title":"Setup a Twilio TwiML message using Content Editor Template"},{"tags":["sql-server","t-sql"],"owner":{"account_id":11844392,"reputation":55,"user_id":8667304,"user_type":"registered","profile_image":"https://www.gravatar.com/avatar/cec5b5f10f6607b64663add272d224cf?s=256&d=identicon&r=PG&f=y&so-version=2","display_name":"spades0001","link":"https://stackoverflow.com/users/8667304/spades0001"},"is_answered":true,"view_count":51,"accepted_answer_id":75990728,"answer_count":1,"score":-1,"last_activity_date":1681272197,"creation_date":1681253431,"last_edit_date":1681272197,"question_id":75990646,"content_license":"CC BY-SA 4.0","link":"https://stackoverflow.com/questions/75990646/custom-identity-sequence-in-stored-procedure","title":"Custom identity sequence in stored procedure"},{"tags":["python","matplotlib","sympy"],"owner":{"account_id":18781716,"reputation":3,"user_id":15750433,"user_type":"registered","profile_image":"https://lh3.googleusercontent.com/a-/AOh14GgEL11U1abHbb2-YkwZTFMCPBthbPIQxj3mN8NQ=k-s256","display_name":"blacks 5574","link":"https://stackoverflow.com/users/15750433/blacks-5574"},"is_answered":true,"view_count":82,"accepted_answer_id":75993041,"answer_count":1,"score":0,"last_activity_date":1681285225,"creation_date":1681253353,"question_id":75990640,"content_license":"CC BY-SA 4.0","link":"https://stackoverflow.com/questions/75990640/combine-matplotlib-graph-and-sympy-graph-in-one","title":"combine matplotlib graph and sympy graph in one"},{"tags":["azure","azure-functions","azure-durable-functions","azure-eventgrid"],"owner":{"account_id":20315692,"reputation":13,"user_id":19844222,"user_type":"registered","profile_image":"https://www.gravatar.com/avatar/fad3512b57dcddda08f59ded833f8ecf?s=256&d=identicon&r=PG&f=y&so-version=2","display_name":"martmalo","link":"https://stackoverflow.com/users/19844222/martmalo"},"is_answered":false,"view_count":118,"answer_count":0,"score":0,"last_activity_date":1681285728,"creation_date":1681253278,"last_edit_date":1681285728,"question_id":75990633,"content_license":"CC BY-SA 4.0","link":"https://stackoverflow.com/questions/75990633/send-event-to-event-grid-from-durable-function","title":"Send event to event grid from durable function"},{"tags":["javascript","node.js","express","google-app-engine","express-session"],"owner":{"account_id":12872979,"reputation":137,"user_id":12086191,"user_type":"registered","profile_image":"https://www.gravatar.com/avatar/09d9829cc38637b7ca3b0ef71afec7e0?s=256&d=identicon&r=PG&f=y&so-version=2","display_name":"Jeffrey Carr","link":"https://stackoverflow.com/users/12086191/jeffrey-carr"},"is_answered":true,"view_count":206,"answer_count":1,"score":1,"last_activity_date":1681318970,"creation_date":1681253232,"last_edit_date":1681315525,"question_id":75990629,"content_license":"CC BY-SA 4.0","link":"https://stackoverflow.com/questions/75990629/google-app-engine-node-app-not-sending-cookies-in-header","title":"Google App Engine Node app not sending cookies in header"},{"tags":["android","kotlin","button"],"owner":{"account_id":28279487,"reputation":1,"user_id":21621397,"user_type":"registered","profile_image":"https://www.gravatar.com/avatar/5dba23acdf198b473337479b8785ec38?s=256&d=identicon&r=PG&f=y&so-version=2","display_name":"Abel","link":"https://stackoverflow.com/users/21621397/abel"},"is_answered":false,"view_count":40,"answer_count":1,"score":0,"last_activity_date":1681704672,"creation_date":1681253214,"last_edit_date":1681704672,"question_id":75990626,"content_license":"CC BY-SA 4.0","link":"https://stackoverflow.com/questions/75990626/in-kotlin-hide-a-button-during-the-listener-execution","title":"In kotlin hide a button during the listener execution"},{"tags":["ios","swift","animation"],"owner":{"account_id":4709931,"reputation":5615,"user_id":3810748,"user_type":"registered","accept_rate":98,"profile_image":"https://i.stack.imgur.com/V7eHj.png?s=256&g=1","display_name":"AlanSTACK","link":"https://stackoverflow.com/users/3810748/alanstack"},"is_answered":true,"view_count":83,"accepted_answer_id":75996227,"answer_count":1,"score":0,"last_activity_date":1681307257,"creation_date":1681253104,"question_id":75990619,"content_license":"CC BY-SA 4.0","link":"https://stackoverflow.com/questions/75990619/how-to-make-ios-swift-block-animation-inside-custom-uiview-perpetual","title":"How to make iOS swift block animation inside Custom UIView perpetual?"},{"tags":["kudu","spark3"],"owner":{"account_id":20948616,"reputation":1,"user_id":15390845,"user_type":"registered","profile_image":"https://i.stack.imgur.com/evQGR.jpg?s=256&g=1","display_name":"busranurorhan","link":"https://stackoverflow.com/users/15390845/busranurorhan"},"is_answered":false,"view_count":128,"answer_count":0,"score":0,"last_activity_date":1681253089,"creation_date":1681253089,"question_id":75990614,"content_license":"CC BY-SA 4.0","link":"https://stackoverflow.com/questions/75990614/i-cant-read-kudu-table-in-spark3-2-12","title":"I can&#39;t read kudu table in spark3_2.12"},{"tags":["go","csrf","csrf-token"],"owner":{"account_id":28279561,"reputation":11,"user_id":21621458,"user_type":"registered","profile_image":"https://www.gravatar.com/avatar/5142392262d8ee97e756fc6363665c13?s=256&d=identicon&r=PG&f=y&so-version=2","display_name":"qumin","link":"https://stackoverflow.com/users/21621458/qumin"},"is_answered":false,"view_count":447,"answer_count":1,"score":1,"last_activity_date":1681286031,"creation_date":1681253048,"question_id":75990610,"content_license":"CC BY-SA 4.0","link":"https://stackoverflow.com/questions/75990610/echo-framework-csrf-validation-not-working-with-form-submission","title":"Echo framework CSRF validation not working with form submission"},{"tags":["python","visual-studio-code"],"owner":{"account_id":4447926,"reputation":4739,"user_id":3620725,"user_type":"registered","accept_rate":86,"profile_image":"https://i.stack.imgur.com/WxhEq.png?s=256&g=1","display_name":"pyjamas","link":"https://stackoverflow.com/users/3620725/pyjamas"},"is_answered":true,"view_count":705,"accepted_answer_id":75990635,"answer_count":2,"score":2,"last_activity_date":1681337580,"creation_date":1681253011,"last_edit_date":1681337580,"question_id":75990606,"content_license":"CC BY-SA 4.0","link":"https://stackoverflow.com/questions/75990606/automatically-add-project-to-sys-path-in-vs-code-like-pycharm-spyder-do","title":"Automatically add project to sys.path in VS Code like PyCharm/Spyder do?"},{"tags":["python","pandas"],"owner":{"account_id":2231330,"reputation":454,"user_id":2687317,"user_type":"registered","accept_rate":80,"profile_image":"https://www.gravatar.com/avatar/644ede514911e136ba1d2c231a77ac27?s=256&d=identicon&r=PG","display_name":"earnric","link":"https://stackoverflow.com/users/2687317/earnric"},"is_answered":true,"view_count":70,"accepted_answer_id":75990707,"answer_count":4,"score":0,"last_activity_date":1681328912,"creation_date":1681252984,"last_edit_date":1681328238,"question_id":75990603,"content_license":"CC BY-SA 4.0","link":"https://stackoverflow.com/questions/75990603/pandas-groupby-and-agg-with-multiple-levels","title":"pandas groupby and agg with multiple levels"},{"tags":["python","google-chrome","selenium-webdriver","selenium-chromedriver","webdriver"],"owner":{"account_id":4626638,"reputation":448,"user_id":3750282,"user_type":"registered","accept_rate":73,"profile_image":"https://graph.facebook.com/734310529/picture?type=large","display_name":"Scobee","link":"https://stackoverflow.com/users/3750282/scobee"},"is_answered":false,"view_count":833,"answer_count":1,"score":0,"last_activity_date":1681468275,"creation_date":1681252933,"last_edit_date":1681291709,"question_id":75990599,"content_license":"CC BY-SA 4.0","link":"https://stackoverflow.com/questions/75990599/errors-with-selenium-and-python-and-using-chrome-driver-after-upgrade-to-a-versi","title":"Errors with Selenium and Python and Using Chrome Driver after upgrade to a version &gt;89"},{"tags":["setuptools","python-packaging","pyproject.toml"],"owner":{"account_id":1640300,"reputation":1769,"user_id":1512892,"user_type":"registered","accept_rate":90,"profile_image":"https://i.stack.imgur.com/PXCHj.jpg?s=256&g=1","display_name":"Trae Moore","link":"https://stackoverflow.com/users/1512892/trae-moore"},"is_answered":true,"view_count":100,"accepted_answer_id":76005729,"answer_count":1,"score":0,"last_activity_date":1681393616,"creation_date":1681252926,"last_edit_date":1681393616,"question_id":75990598,"content_license":"CC BY-SA 4.0","link":"https://stackoverflow.com/questions/75990598/my-python-package-not-installing-dependent-packages-when-my-package-is-installed","title":"My python package not installing dependent packages when my package is installed"}],"has_more":true,"quota_max":300,"quota_remaining":68}