{"items":[{"tags":["jenkins","qualys"],"owner":{"account_id":28172930,"reputation":9,"user_id":21531168,"user_type":"registered","profile_image":"https://www.gravatar.com/avatar/88f88765273ebc8fba19d32342ef678f?s=256&d=identicon&r=PG&f=y&so-version=2","display_name":"user1223334","link":"https://stackoverflow.com/users/21531168/user1223334"},"is_answered":false,"view_count":39,"answer_count":0,"score":0,"last_activity_date":1681423189,"creation_date":1681423189,"question_id":76010161,"content_license":"CC BY-SA 4.0","link":"https://stackoverflow.com/questions/76010161/i-want-to-understand-what-some-of-these-qualys-scan-means","title":"I want to understand what some of these Qualys scan means"},{"tags":["python","pandas","numpy"],"owner":{"account_id":26891755,"reputation":1,"user_id":20470397,"user_type":"registered","profile_image":"https://lh3.googleusercontent.com/a/ALm5wu2zGsGJ-SlG7NtFhaWWR42BA42K8-d6N-UfQSRT=k-s256","display_name":"Talha Demir","link":"https://stackoverflow.com/users/20470397/talha-demir"},"is_answered":false,"view_count":23,"answer_count":0,"score":0,"last_activity_date":1681423162,"creation_date":1681423162,"question_id":76010160,"content_license":"CC BY-SA 4.0","link":"https://stackoverflow.com/questions/76010160/i-have-separated-the-dataset-into-numeric-and-categorical-but-the-names-of-the-n","title":"I have separated the dataset into numeric and categorical but the names of the numeric columns have changed to numbers"},{"tags":["r","spatial","terra"],"owner":{"account_id":6614449,"reputation":125,"user_id":5108251,"user_type":"registered","profile_image":"https://lh3.googleusercontent.com/-AqGDOnZzv_I/AAAAAAAAAAI/AAAAAAAABe4/ifjdOv5YOGU/photo.jpg?sz=256","display_name":"Mathew Vickers","link":"https://stackoverflow.com/users/5108251/mathew-vickers"},"is_answered":false,"view_count":68,"answer_count":1,"score":0,"last_activity_date":1681448681,"creation_date":1681423121,"last_edit_date":1681440002,"question_id":76010155,"content_license":"CC BY-SA 4.0","link":"https://stackoverflow.com/questions/76010155/updating-raster-values-with-a-vector-or-matrix-of-values-based-on-polygon-field","title":"updating raster values with a vector or matrix of values based on polygon field in R terra"},{"tags":["node.js","api","express","multer","busboy"],"owner":{"account_id":17361513,"reputation":1747,"user_id":12577650,"user_type":"registered","profile_image":"https://i.stack.imgur.com/2BZuB.jpg?s=256&g=1","display_name":"Sherif eldeeb","link":"https://stackoverflow.com/users/12577650/sherif-eldeeb"},"is_answered":false,"view_count":52,"answer_count":1,"score":1,"last_activity_date":1681455606,"creation_date":1681423118,"last_edit_date":1681455606,"question_id":76010153,"content_license":"CC BY-SA 4.0","link":"https://stackoverflow.com/questions/76010153/multer-removes-the-body-object-from-the-incoming-request","title":"multer removes the body object from the incoming request"},{"tags":["r","visnetwork"],"owner":{"account_id":4209643,"reputation":2736,"user_id":3447708,"user_type":"registered","accept_rate":57,"profile_image":"https://www.gravatar.com/avatar/d3fdacd33fac570704f91178bedd2ec6?s=256&d=identicon&r=PG&f=y&so-version=2","display_name":"Electrino","link":"https://stackoverflow.com/users/3447708/electrino"},"is_answered":false,"view_count":78,"answer_count":0,"score":0,"last_activity_date":1681423102,"creation_date":1681423102,"question_id":76010150,"content_license":"CC BY-SA 4.0","link":"https://stackoverflow.com/questions/76010150/how-to-change-the-colour-of-a-selected-edge-when-using-the-visnetwork-package-in","title":"How to change the colour of a selected edge when using the visNetwork package in R?"},{"tags":["rust","traits","trait-objects"],"owner":{"account_id":1800707,"reputation":1870,"user_id":1639150,"user_type":"registered","accept_rate":57,"profile_image":"https://www.gravatar.com/avatar/949ce7ddc08d1d461c206ec3964259a0?s=256&d=identicon&r=PG","display_name":"Chuck","link":"https://stackoverflow.com/users/1639150/chuck"},"is_answered":true,"view_count":96,"accepted_answer_id":76010713,"answer_count":1,"score":0,"last_activity_date":1681431298,"creation_date":1681423072,"question_id":76010147,"content_license":"CC BY-SA 4.0","link":"https://stackoverflow.com/questions/76010147/what-happens-when-i-pass-a-concrete-struct-reference-to-a-function-that-takes-tr","title":"What happens when I pass a concrete struct reference to a function that takes trait objects?"},{"tags":["html","css"],"owner":{"account_id":28298902,"reputation":1,"user_id":21637903,"user_type":"registered","profile_image":"https://lh3.googleusercontent.com/a/AGNmyxaC5vECfH5dFvOtp_SH694VYQfDeqJaGu6nP4Dh=k-s256","display_name":"John Roe","link":"https://stackoverflow.com/users/21637903/john-roe"},"is_answered":true,"view_count":51,"closed_date":1681759322,"accepted_answer_id":76010385,"answer_count":2,"score":-1,"last_activity_date":1681759363,"creation_date":1681423059,"last_edit_date":1681759194,"question_id":76010146,"link":"https://stackoverflow.com/questions/76010146/i-want-one-word-in-my-title-h1-to-read-horizontally-and-the-second-to-read-verti","closed_reason":"Duplicate","title":"I want one word in my title/h1 to read horizontally and the second to read vertically"},{"tags":["php","http","last-modified"],"owner":{"account_id":71754,"reputation":750,"user_id":515299,"user_type":"registered","accept_rate":100,"profile_image":"https://www.gravatar.com/avatar/32695f59e6e997b962e9293a300f6b12?s=256&d=identicon&r=PG","display_name":"Jordan Clark","link":"https://stackoverflow.com/users/515299/jordan-clark"},"is_answered":true,"view_count":256,"accepted_answer_id":76010289,"answer_count":1,"score":0,"last_activity_date":1686291018,"creation_date":1681423028,"last_edit_date":1682710842,"question_id":76010144,"content_license":"CC BY-SA 4.0","link":"https://stackoverflow.com/questions/76010144/how-to-specify-a-last-modified-header-in-php","title":"How to specify a “Last-Modified” header in PHP"},{"tags":["flutter","dart","package","monorepo","melos"],"owner":{"account_id":27230869,"reputation":1,"user_id":20758599,"user_type":"registered","profile_image":"https://www.gravatar.com/avatar/9213c0024b6855e99999bab857ad8380?s=256&d=identicon&r=PG","display_name":"ZaRoch","link":"https://stackoverflow.com/users/20758599/zaroch"},"is_answered":false,"view_count":65,"answer_count":0,"score":0,"last_activity_date":1681426500,"creation_date":1681422936,"last_edit_date":1681426500,"question_id":76010138,"content_license":"CC BY-SA 4.0","link":"https://stackoverflow.com/questions/76010138/how-do-you-stop-changes-in-a-private-package-from-affecting-other-packages-with","title":"How do you stop changes in a private package from affecting other packages with Melos?"},{"tags":["bash","for-loop"],"owner":{"account_id":24294926,"reputation":15,"user_id":18239272,"user_type":"registered","profile_image":"https://lh3.googleusercontent.com/a/AATXAJzuvAUYYpnLv7VPUh4YYzQ0tdV6jiitisPSfbn7=k-s256","display_name":"Albert Chan","link":"https://stackoverflow.com/users/18239272/albert-chan"},"is_answered":true,"view_count":64,"accepted_answer_id":76010701,"answer_count":1,"score":0,"last_activity_date":1681433825,"creation_date":1681422928,"last_edit_date":1681430377,"question_id":76010137,"content_license":"CC BY-SA 4.0","link":"https://stackoverflow.com/questions/76010137/for-loop-to-look-up-items-in-the-dock","title":"For Loop to look up items in the dock"},{"tags":["javascript","for-loop"],"owner":{"account_id":25878439,"reputation":13,"user_id":19607980,"user_type":"registered","profile_image":"https://www.gravatar.com/avatar/bddf6f7f65866bc77f32f3009e08581e?s=256&d=identicon&r=PG","display_name":"FourLetterName","link":"https://stackoverflow.com/users/19607980/fourlettername"},"is_answered":true,"view_count":45,"accepted_answer_id":76010277,"answer_count":2,"score":1,"last_activity_date":1681424636,"creation_date":1681422922,"question_id":76010136,"content_license":"CC BY-SA 4.0","link":"https://stackoverflow.com/questions/76010136/why-is-the-code-after-my-for-loop-not-running","title":"Why is the code after my for loop not running?"},{"tags":["c","underflow"],"owner":{"account_id":28298795,"reputation":21,"user_id":21637819,"user_type":"registered","profile_image":"https://i.stack.imgur.com/9M2y4.jpg?s=256&g=1","display_name":"TungstenUmbrella","link":"https://stackoverflow.com/users/21637819/tungstenumbrella"},"is_answered":true,"view_count":70,"accepted_answer_id":76010200,"answer_count":1,"score":1,"last_activity_date":1681538760,"creation_date":1681422920,"last_edit_date":1681423108,"question_id":76010135,"content_license":"CC BY-SA 4.0","link":"https://stackoverflow.com/questions/76010135/why-does-expanding-this-c-assignment-into-2-lines-produce-a-different-result","title":"Why does expanding this C assignment into 2 lines produce a different result?"},{"tags":["python","python-3.x","if-statement","conditional-statements","streamlit"],"owner":{"account_id":20868947,"reputation":43,"user_id":15329359,"user_type":"registered","profile_image":"https://lh4.googleusercontent.com/-80l9qtoCAqA/AAAAAAAAAAI/AAAAAAAAAfU/AMZuucnzX9qH3-wQI_vmWUJvOk_fDojJNA/s96-c/photo.jpg?sz=256","display_name":"Onkar Mehra","link":"https://stackoverflow.com/users/15329359/onkar-mehra"},"is_answered":false,"view_count":281,"answer_count":1,"score":0,"last_activity_date":1681423216,"creation_date":1681422858,"question_id":76010130,"content_license":"CC BY-SA 4.0","link":"https://stackoverflow.com/questions/76010130/unable-to-make-condition-based-input-fields-using-streamlit","title":"Unable to make condition based input fields using streamlit"},{"tags":["node.js","mongodb","ubuntu","vps","mongodb-atlas"],"owner":{"account_id":19799843,"reputation":107,"user_id":14501117,"user_type":"registered","profile_image":"https://i.stack.imgur.com/ws5ou.jpg?s=256&g=1","display_name":"Nemalp","link":"https://stackoverflow.com/users/14501117/nemalp"},"is_answered":false,"view_count":38,"answer_count":0,"score":0,"last_activity_date":1681422848,"creation_date":1681422848,"question_id":76010129,"content_license":"CC BY-SA 4.0","link":"https://stackoverflow.com/questions/76010129/unable-to-get-any-response-from-a-mongodb-connection-on-a-node-js-server-running","title":"Unable to get any response from a MongoDB connection on a Node.js server running on VPS"},{"tags":["flutter","dart","webview","flutter-plugin","webview-flutter"],"owner":{"account_id":22096355,"reputation":1,"user_id":16353592,"user_type":"registered","profile_image":"https://www.gravatar.com/avatar/2096b9d205230d24fc892673d43e35e6?s=256&d=identicon&r=PG&f=y&so-version=2","display_name":"Parteek","link":"https://stackoverflow.com/users/16353592/parteek"},"is_answered":false,"view_count":148,"answer_count":0,"score":0,"last_activity_date":1681570452,"creation_date":1681422843,"last_edit_date":1681570452,"question_id":76010128,"content_license":"CC BY-SA 4.0","link":"https://stackoverflow.com/questions/76010128/flutter-webview-plugin-doesnt-open-html-page-containing-javascript-with-white-s","title":"Flutter Webview plugin doesn&#39;t open html page containing JavaScript with white spaces (U+00A0), No-Break Space"},{"tags":["python","slack-api"],"owner":{"account_id":3947134,"reputation":813,"user_id":3259258,"user_type":"registered","accept_rate":71,"profile_image":"https://www.gravatar.com/avatar/370bb2bee74fc88763dc0fe35477e24c?s=256&d=identicon&r=PG","display_name":"CaffeineAddiction","link":"https://stackoverflow.com/users/3259258/caffeineaddiction"},"is_answered":true,"view_count":322,"accepted_answer_id":76059212,"answer_count":1,"score":0,"last_activity_date":1681942754,"creation_date":1681422842,"last_edit_date":1681423382,"question_id":76010127,"content_license":"CC BY-SA 4.0","link":"https://stackoverflow.com/questions/76010127/slack-bot-actions-update-form-data-on-dropdown","title":"Slack Bot Actions (update form data on dropdown)"},{"tags":["c#","xaml","listview","data-binding","uwp"],"owner":{"account_id":12348631,"reputation":93,"user_id":9008381,"user_type":"registered","profile_image":"https://www.gravatar.com/avatar/12fe52dcbc1bb579e965583344eb4c20?s=256&d=identicon&r=PG","display_name":"Gabboxl","link":"https://stackoverflow.com/users/9008381/gabboxl"},"is_answered":true,"view_count":105,"accepted_answer_id":76066943,"answer_count":2,"score":0,"last_activity_date":1682013354,"creation_date":1681422818,"last_edit_date":1681453883,"question_id":76010124,"content_license":"CC BY-SA 4.0","link":"https://stackoverflow.com/questions/76010124/process-items-of-array-for-a-listview-datatemplate-in-uwp","title":"Process items of array for a ListView DataTemplate in UWP"},{"tags":["ruby-on-rails"],"owner":{"account_id":10260145,"reputation":111,"user_id":15910363,"user_type":"registered","profile_image":"https://www.gravatar.com/avatar/032648a7e7afbeddd0778bd794461327?s=256&d=identicon&r=PG&f=y&so-version=2","display_name":"German","link":"https://stackoverflow.com/users/15910363/german"},"is_answered":true,"view_count":32,"accepted_answer_id":76011146,"answer_count":1,"score":0,"last_activity_date":1681438938,"creation_date":1681422815,"last_edit_date":1681432590,"question_id":76010123,"content_license":"CC BY-SA 4.0","link":"https://stackoverflow.com/questions/76010123/reconfiguring-an-app-built-with-an-old-version-of-rails-with-turbolinks-into-rai","title":"Reconfiguring an app built with an old version of Rails with Turbolinks into Rails 7 with Turbo"},{"tags":["python","string","calendar","format","right-justified"],"owner":{"account_id":28298858,"reputation":11,"user_id":21637870,"user_type":"registered","profile_image":"https://www.gravatar.com/avatar/e84845a5ed35c0fd06834f7bcdf980ae?s=256&d=identicon&r=PG&f=y&so-version=2","display_name":"BallPython_06","link":"https://stackoverflow.com/users/21637870/ballpython-06"},"is_answered":false,"view_count":66,"answer_count":1,"score":1,"last_activity_date":1681431229,"creation_date":1681422799,"last_edit_date":1681423177,"question_id":76010122,"content_license":"CC BY-SA 4.0","link":"https://stackoverflow.com/questions/76010122/printing-calendar-in-correct-format-python","title":"Printing calendar in correct format (Python)"},{"tags":["firebase","react-native","google-oauth"],"owner":{"account_id":27008330,"reputation":1,"user_id":20568404,"user_type":"registered","profile_image":"https://lh3.googleusercontent.com/a/ALm5wu1baoHpQ_N9Rw08jAUdWjEH6eheIMNjswvCmnQcsA=k-s256","display_name":"Gabriel Donada","link":"https://stackoverflow.com/users/20568404/gabriel-donada"},"is_answered":false,"view_count":122,"answer_count":0,"score":0,"last_activity_date":1681422787,"creation_date":1681422787,"question_id":76010121,"content_license":"CC BY-SA 4.0","link":"https://stackoverflow.com/questions/76010121/how-do-i-allow-google-authentication-for-react-native-webview","title":"How do I allow Google Authentication for React native webview"},{"tags":["python","python-3.x","split"],"owner":{"account_id":25903600,"reputation":46,"user_id":19629036,"user_type":"registered","profile_image":"https://lh3.googleusercontent.com/a-/AFdZucq18mWi_bzAOmEaZGwV8umtf1fgbcLYJtjPoN7ElQ=k-s256","display_name":"ChicknTurtle","link":"https://stackoverflow.com/users/19629036/chicknturtle"},"is_answered":true,"view_count":49,"accepted_answer_id":76010148,"answer_count":1,"score":1,"last_activity_date":1681423331,"creation_date":1681422770,"question_id":76010119,"content_license":"CC BY-SA 4.0","link":"https://stackoverflow.com/questions/76010119/how-to-split-a-string-to-edit-only-the-letters-and-numbers-in-python","title":"How to split a string to edit only the letters and numbers in python"},{"tags":["c#","dependency-injection","ioc-container"],"owner":{"account_id":24137508,"reputation":193,"user_id":18104192,"user_type":"registered","profile_image":"https://www.gravatar.com/avatar/64dcd8109bc7ff4b03a176e91b7d539d?s=256&d=identicon&r=PG","display_name":"JasonC","link":"https://stackoverflow.com/users/18104192/jasonc"},"is_answered":true,"view_count":944,"accepted_answer_id":76010263,"answer_count":2,"score":2,"last_activity_date":1681549678,"creation_date":1681422729,"question_id":76010116,"content_license":"CC BY-SA 4.0","link":"https://stackoverflow.com/questions/76010116/how-to-create-and-configure-multiple-instances-of-the-same-class-with-dependency","title":"How to create and configure multiple instances of the same class with dependency injection?"},{"tags":["openai-api"],"owner":{"account_id":1362206,"reputation":15738,"user_id":1299362,"user_type":"registered","accept_rate":94,"profile_image":"https://www.gravatar.com/avatar/f9ec564b963a34f47cc1719738d75b23?s=256&d=identicon&r=PG","display_name":"Obromios","link":"https://stackoverflow.com/users/1299362/obromios"},"is_answered":true,"view_count":687,"accepted_answer_id":76030765,"answer_count":2,"score":1,"last_activity_date":1702004860,"creation_date":1681422710,"last_edit_date":1681607246,"question_id":76010115,"content_license":"CC BY-SA 4.0","link":"https://stackoverflow.com/questions/76010115/how-to-add-retrieval-information-to-openais-chatcompletion-create-api-call","title":"How to add retrieval information to Openai&#39;s ChatCompletion.create api call"},{"tags":["python","telegram","telethon"],"owner":{"account_id":23591352,"reputation":25,"user_id":17636704,"user_type":"registered","profile_image":"https://lh3.googleusercontent.com/a/AATXAJySJ0PL9udhoI4NYEZ7BDdBHBbTO1almAAR_1Dk=k-s256","display_name":"PEPPA PIG","link":"https://stackoverflow.com/users/17636704/peppa-pig"},"is_answered":false,"view_count":230,"answer_count":1,"score":0,"last_activity_date":1681423640,"creation_date":1681422696,"question_id":76010113,"content_license":"CC BY-SA 4.0","link":"https://stackoverflow.com/questions/76010113/i-cant-get-a-list-of-dialogs-by-folder-id-telethon","title":"I can&#39;t get a list of dialogs by folder id (telethon)"},{"tags":["restsharp"],"owner":{"account_id":12457040,"reputation":39,"user_id":9069887,"user_type":"registered","profile_image":"https://www.gravatar.com/avatar/61b4a24c0d20e474914a42fd3ff0a371?s=256&d=identicon&r=PG&f=y&so-version=2","display_name":"Gary Whitcher","link":"https://stackoverflow.com/users/9069887/gary-whitcher"},"is_answered":false,"view_count":18,"answer_count":0,"score":0,"last_activity_date":1681422646,"creation_date":1681422646,"question_id":76010105,"content_license":"CC BY-SA 4.0","link":"https://stackoverflow.com/questions/76010105/restsharp-returning-html","title":"RestSharp returning HTML"},{"tags":["c","gcc","libc","memset"],"owner":{"account_id":12668195,"reputation":932,"user_id":9206667,"user_type":"registered","profile_image":"https://www.gravatar.com/avatar/a6b626c31c2eec97e4ccc4303f0ff663?s=256&d=identicon&r=PG&f=y&so-version=2","display_name":"Lance E.T. Compte","link":"https://stackoverflow.com/users/9206667/lance-e-t-compte"},"is_answered":true,"view_count":383,"accepted_answer_id":76010398,"answer_count":1,"score":3,"last_activity_date":1681427192,"creation_date":1681422620,"last_edit_date":1681427192,"question_id":76010102,"content_license":"CC BY-SA 4.0","link":"https://stackoverflow.com/questions/76010102/why-does-gcc-choose-the-most-basic-memset-implementation","title":"Why does gcc choose the most basic memset() implementation?"},{"tags":["adobe","aem","jcr-sql2","adobe-exprience-manager"],"owner":{"account_id":12892506,"reputation":3238,"user_id":9324000,"user_type":"registered","accept_rate":100,"profile_image":"https://www.gravatar.com/avatar/8e89ba326a51c7affb5d43ddfff3020e?s=256&d=identicon&r=PG&f=y&so-version=2","display_name":"superninja","link":"https://stackoverflow.com/users/9324000/superninja"},"is_answered":false,"view_count":86,"answer_count":0,"score":0,"last_activity_date":1681423483,"creation_date":1681422610,"last_edit_date":1681423483,"question_id":76010101,"content_license":"CC BY-SA 4.0","link":"https://stackoverflow.com/questions/76010101/combine-2-jcr-sql2-queries-to-1-query","title":"Combine 2 JCR-SQL2 queries to 1 query"},{"tags":["python","python-3.x","xgboost"],"owner":{"account_id":6809873,"reputation":364,"user_id":5240473,"user_type":"registered","profile_image":"https://www.gravatar.com/avatar/527b0797d1f8787dc04d6797b0beb69f?s=256&d=identicon&r=PG&f=y&so-version=2","display_name":"Ricardo","link":"https://stackoverflow.com/users/5240473/ricardo"},"is_answered":true,"view_count":77,"accepted_answer_id":76016192,"answer_count":1,"score":0,"last_activity_date":1681482665,"creation_date":1681422607,"question_id":76010100,"content_license":"CC BY-SA 4.0","link":"https://stackoverflow.com/questions/76010100/xgboost-callback","title":"XGBoost callback"},{"tags":["amcharts","amcharts5"],"owner":{"account_id":49734,"reputation":1067,"user_id":597148,"user_type":"registered","accept_rate":20,"profile_image":"https://www.gravatar.com/avatar/41c33dd7c4bbc467c4a3eef4be119d23?s=256&d=identicon&r=PG","display_name":"ron","link":"https://stackoverflow.com/users/597148/ron"},"is_answered":false,"view_count":93,"answer_count":0,"score":0,"last_activity_date":1681422607,"creation_date":1681422607,"question_id":76010099,"content_license":"CC BY-SA 4.0","link":"https://stackoverflow.com/questions/76010099/repeat-category-label-on-the-right-side-of-an-amcharts-horizontal-dumbbell-plot","title":"Repeat category label on the right side of an AmCharts horizontal dumbbell plot"},{"tags":["ios","swift","audiokit"],"owner":{"account_id":17657936,"reputation":75,"user_id":12817063,"user_type":"registered","profile_image":"https://www.gravatar.com/avatar/cc57eb11e6c54cbd73c057a534b3c3c9?s=256&d=identicon&r=PG&f=y&so-version=2","display_name":"graem","link":"https://stackoverflow.com/users/12817063/graem"},"is_answered":false,"view_count":121,"answer_count":1,"score":0,"last_activity_date":1681423022,"creation_date":1681422569,"question_id":76010096,"content_license":"CC BY-SA 4.0","link":"https://stackoverflow.com/questions/76010096/swift-audiokit-unable-to-set-input-device","title":"Swift AudioKit Unable to set Input Device"}],"has_more":true,"quota_max":300,"quota_remaining":296}