{"items":[{"tags":["vb.net","touch-event"],"owner":{"account_id":5832702,"reputation":3,"user_id":4596717,"user_type":"registered","profile_image":"https://www.gravatar.com/avatar/bf3ff6f9758f7820db9905879a927455?s=256&d=identicon&r=PG&f=y&so-version=2","display_name":"jaume","link":"https://stackoverflow.com/users/4596717/jaume"},"is_answered":false,"view_count":144,"answer_count":0,"score":0,"last_activity_date":1679396399,"creation_date":1679396399,"question_id":75800331,"content_license":"CC BY-SA 4.0","link":"https://stackoverflow.com/questions/75800331/detect-initial-touch-in-a-touch-screen","title":"Detect initial touch in a touch screen"},{"tags":["javascript","arrays","date-fns"],"owner":{"account_id":3784171,"reputation":16070,"user_id":3142695,"user_type":"registered","accept_rate":83,"profile_image":"https://www.gravatar.com/avatar/cc0dac3193e4445a9b262e26ae4989b9?s=256&d=identicon&r=PG&f=y&so-version=2","display_name":"user3142695","link":"https://stackoverflow.com/users/3142695/user3142695"},"is_answered":true,"view_count":447,"answer_count":2,"score":-1,"last_activity_date":1679463140,"creation_date":1679396387,"last_edit_date":1679463140,"question_id":75800328,"content_license":"CC BY-SA 4.0","link":"https://stackoverflow.com/questions/75800328/how-to-find-dates-in-array-of-same-date-but-different-times","title":"How to find dates in array of same date but different times?"},{"tags":["android","kotlin"],"owner":{"account_id":21297671,"reputation":123,"user_id":15673975,"user_type":"registered","profile_image":"https://www.gravatar.com/avatar/c416d2dc31a6c9dfe09cc576e8201449?s=256&d=identicon&r=PG&f=y&so-version=2","display_name":"ultrapoci","link":"https://stackoverflow.com/users/15673975/ultrapoci"},"is_answered":true,"view_count":26,"accepted_answer_id":75801315,"answer_count":1,"score":1,"last_activity_date":1679402217,"creation_date":1679396386,"question_id":75800327,"content_license":"CC BY-SA 4.0","link":"https://stackoverflow.com/questions/75800327/how-to-revert-settint-to-default-colors","title":"How to revert setTint() to default colors?"},{"tags":["java","multithreading","producer-consumer","java-threads"],"owner":{"account_id":19298352,"reputation":77,"user_id":14106839,"user_type":"registered","profile_image":"https://lh4.googleusercontent.com/-lN_VjJ7sGFc/AAAAAAAAAAI/AAAAAAAAAAA/AMZuucnVGoSP2EOUbkBJZt1WTS7S8Bk-Ig/photo.jpg?sz=256","display_name":"Snefru Clone","link":"https://stackoverflow.com/users/14106839/snefru-clone"},"is_answered":true,"view_count":46,"answer_count":1,"score":0,"last_activity_date":1679401305,"creation_date":1679396355,"question_id":75800321,"content_license":"CC BY-SA 4.0","link":"https://stackoverflow.com/questions/75800321/a-deadlock-problem-when-dealing-with-producer-consumer-java","title":"A Deadlock Problem When Dealing with Producer-Consumer Java"},{"tags":["flutter","firebase","firebase-authentication"],"owner":{"account_id":14364904,"reputation":1443,"user_id":10376249,"user_type":"registered","profile_image":"https://i.stack.imgur.com/QIwZG.png?s=256&g=1","display_name":"Zorkan Erkan","link":"https://stackoverflow.com/users/10376249/zorkan-erkan"},"is_answered":false,"view_count":1032,"answer_count":0,"score":1,"last_activity_date":1680037248,"creation_date":1679396351,"last_edit_date":1679874667,"question_id":75800320,"content_license":"CC BY-SA 4.0","link":"https://stackoverflow.com/questions/75800320/flutter-firebase-phone-auth-missing-client-identifier","title":"Flutter Firebase Phone Auth missing-client-identifier"},{"tags":["javascript","jquery"],"owner":{"account_id":19935097,"reputation":3,"user_id":14607964,"user_type":"registered","profile_image":"https://www.gravatar.com/avatar/1556dabe87a863248924831d70d9d30c?s=256&d=identicon&r=PG&f=y&so-version=2","display_name":"Yulian","link":"https://stackoverflow.com/users/14607964/yulian"},"is_answered":false,"view_count":24,"answer_count":0,"score":0,"last_activity_date":1679396851,"creation_date":1679396316,"last_edit_date":1679396851,"question_id":75800314,"content_license":"CC BY-SA 4.0","link":"https://stackoverflow.com/questions/75800314/problems-loading-a-category-in-a-javascript-portofolio-list","title":"Problems loading a category in a javascript portofolio list"},{"tags":["java","hibernate","hibernate-mapping"],"owner":{"account_id":5784405,"reputation":595,"user_id":4564127,"user_type":"registered","accept_rate":80,"profile_image":"https://lh3.googleusercontent.com/-To-wX0UYeIo/AAAAAAAAAAI/AAAAAAAAAhg/wGhRe7lyqgI/photo.jpg?sz=256","display_name":"S&#233;bastien Vandamme","link":"https://stackoverflow.com/users/4564127/s%c3%a9bastien-vandamme"},"is_answered":false,"view_count":35,"answer_count":0,"score":0,"last_activity_date":1679476820,"creation_date":1679396298,"last_edit_date":1679476820,"question_id":75800312,"content_license":"CC BY-SA 4.0","link":"https://stackoverflow.com/questions/75800312/avoid-deletion-of-records-in-join-table-by-hibernate","title":"Avoid deletion of records in join table by Hibernate"},{"tags":["c#","regex"],"owner":{"account_id":9096295,"reputation":1,"user_id":19189347,"user_type":"registered","profile_image":"https://www.gravatar.com/avatar/515299d5427d5eee398ba2cb7bf5b953?s=256&d=identicon&r=PG","display_name":"bzng","link":"https://stackoverflow.com/users/19189347/bzng"},"is_answered":true,"view_count":78,"answer_count":1,"score":-1,"last_activity_date":1679414319,"creation_date":1679396298,"last_edit_date":1679414319,"question_id":75800311,"content_license":"CC BY-SA 4.0","link":"https://stackoverflow.com/questions/75800311/regex-to-find-multiple-repeating-numbers-separated-by-space","title":"Regex to find multiple repeating numbers separated by space"},{"tags":["python","url","window","python-webbrowser"],"owner":{"account_id":4106705,"reputation":469,"user_id":3370495,"user_type":"registered","accept_rate":45,"profile_image":"https://www.gravatar.com/avatar/dead1ab8b1f4ef53645ae37d32b6567e?s=256&d=identicon&r=PG&f=y&so-version=2","display_name":"Shyam3089","link":"https://stackoverflow.com/users/3370495/shyam3089"},"is_answered":false,"view_count":105,"answer_count":0,"score":1,"last_activity_date":1679396244,"creation_date":1679396244,"question_id":75800304,"content_license":"CC BY-SA 4.0","link":"https://stackoverflow.com/questions/75800304/cant-open-web-browser-with-webbrowser-module","title":"Can&#39;t open web browser with webbrowser module"},{"tags":["spring-boot","jasypt"],"owner":{"account_id":17113839,"reputation":641,"user_id":12383916,"user_type":"registered","profile_image":"https://www.gravatar.com/avatar/582bf99c847c090b5cfa7c7edcae0401?s=256&d=identicon&r=PG&f=y&so-version=2","display_name":"xRay","link":"https://stackoverflow.com/users/12383916/xray"},"is_answered":true,"view_count":335,"answer_count":1,"score":0,"last_activity_date":1689833564,"creation_date":1679396201,"last_edit_date":1679438221,"question_id":75800296,"content_license":"CC BY-SA 4.0","link":"https://stackoverflow.com/questions/75800296/let-jasypt-know-that-my-file-is-application-yml-and-not-application-properties","title":"Let Jasypt know that my file is application.yml and not application.properties"},{"tags":["c++","c++11"],"owner":{"account_id":26951469,"reputation":7,"user_id":20520621,"user_type":"registered","profile_image":"https://lh3.googleusercontent.com/a/ALm5wu3QJBsOIIbZfviqGgx-BjQnuAGvKLScSHXmlorJ=k-s256","display_name":"Shanti Schul","link":"https://stackoverflow.com/users/20520621/shanti-schul"},"is_answered":false,"view_count":107,"answer_count":0,"score":0,"last_activity_date":1679419778,"creation_date":1679396164,"last_edit_date":1679419778,"question_id":75800291,"content_license":"CC BY-SA 4.0","link":"https://stackoverflow.com/questions/75800291/c-function-pointer-to-c-pointer-in-a-general-way","title":"C++ function pointer to C pointer in a general way"},{"tags":["python","django","django-models","django-admin"],"owner":{"account_id":18124608,"reputation":195,"user_id":13180235,"user_type":"registered","profile_image":"https://lh3.googleusercontent.com/-4myI8ndQzrM/AAAAAAAAAAI/AAAAAAAAAAA/AAKWJJNYQtMBcfeBfuiMfYvU2AhHXn6zxA/photo.jpg?sz=256","display_name":"Fahad Hussain","link":"https://stackoverflow.com/users/13180235/fahad-hussain"},"is_answered":true,"view_count":79,"accepted_answer_id":75800828,"answer_count":1,"score":1,"last_activity_date":1679399548,"creation_date":1679396159,"question_id":75800290,"content_license":"CC BY-SA 4.0","link":"https://stackoverflow.com/questions/75800290/django-admin-integer-field-with-on-either-side-to-increment-decrement-va","title":"Django admin integer field with &#39;+&#39; &#39;-&#39; on either side to increment/decrement value"},{"tags":["django","azure","sqlite","deployment","whitenoise"],"owner":{"user_type":"does_not_exist","display_name":"user20479187"},"is_answered":false,"view_count":69,"answer_count":0,"score":0,"last_activity_date":1679457208,"creation_date":1679396136,"question_id":75800287,"content_license":"CC BY-SA 4.0","link":"https://stackoverflow.com/questions/75800287/azure-django-deployment-static-files","title":"Azure - Django deployment Static Files"},{"tags":["linphone","linphone-sdk"],"owner":{"account_id":5542681,"reputation":275,"user_id":4398606,"user_type":"registered","profile_image":"https://lh3.googleusercontent.com/-YnuEgbNqN_o/AAAAAAAAAAI/AAAAAAAAAoU/aTsjiuToXSQ/photo.jpg?sz=256","display_name":"Stanley Wintergreen","link":"https://stackoverflow.com/users/4398606/stanley-wintergreen"},"is_answered":true,"view_count":50,"accepted_answer_id":75810130,"answer_count":1,"score":1,"last_activity_date":1679475355,"creation_date":1679396126,"question_id":75800282,"content_license":"CC BY-SA 4.0","link":"https://stackoverflow.com/questions/75800282/why-are-there-such-strange-comments-in-the-documentation-for-linphones-mediadir","title":"Why are there such strange comments in the documentation for Linphone&#39;s MediaDirection type?"},{"tags":["r","dplyr"],"owner":{"account_id":27304315,"reputation":175,"user_id":20820532,"user_type":"registered","profile_image":"https://i.stack.imgur.com/hBQXa.png?s=256&g=1","display_name":"mashimena","link":"https://stackoverflow.com/users/20820532/mashimena"},"is_answered":true,"view_count":103,"accepted_answer_id":75803321,"answer_count":1,"score":1,"last_activity_date":1679416272,"creation_date":1679396121,"last_edit_date":1679416272,"question_id":75800281,"content_license":"CC BY-SA 4.0","link":"https://stackoverflow.com/questions/75800281/mutate-across-multiple-column-contain-specific-string-with-multiple-column-under","title":"mutate across multiple column contain specific string with multiple column under condition in R"},{"tags":["powershell","out-gridview"],"owner":{"account_id":27261391,"reputation":71,"user_id":20784172,"user_type":"registered","profile_image":"https://www.gravatar.com/avatar/bedb5964fcb12f1aca06f4b8e7c9e851?s=256&d=identicon&r=PG","display_name":"Dust Ellse","link":"https://stackoverflow.com/users/20784172/dust-ellse"},"is_answered":false,"view_count":30,"answer_count":1,"score":0,"last_activity_date":1679397238,"creation_date":1679396108,"question_id":75800277,"content_license":"CC BY-SA 4.0","link":"https://stackoverflow.com/questions/75800277/incorrect-out-gridview","title":"Incorrect Out-GridView"},{"tags":["testing","automation","frameworks","testng","test-framework"],"owner":{"account_id":28074835,"reputation":1,"user_id":21446883,"user_type":"registered","profile_image":"https://lh3.googleusercontent.com/a/AGNmyxbdo04bnndnzrNH8vltQhVa5dwywsGqpxa0uVp2vQ=k-s256","display_name":"Abhishek Jha","link":"https://stackoverflow.com/users/21446883/abhishek-jha"},"is_answered":false,"view_count":118,"answer_count":1,"score":0,"last_activity_date":1679662047,"creation_date":1679396087,"question_id":75800275,"content_license":"CC BY-SA 4.0","link":"https://stackoverflow.com/questions/75800275/how-to-resolve-the-testng-security-vulnerability","title":"How to resolve the TestNG security vulnerability"},{"tags":["python","django","path","environment-variables","virtual-environment"],"owner":{"account_id":28074807,"reputation":11,"user_id":21446860,"user_type":"registered","profile_image":"https://i.stack.imgur.com/p3aRt.jpg?s=256&g=1","display_name":"Sule Isaac","link":"https://stackoverflow.com/users/21446860/sule-isaac"},"is_answered":true,"view_count":1668,"answer_count":2,"score":1,"last_activity_date":1685187541,"creation_date":1679396078,"question_id":75800274,"content_license":"CC BY-SA 4.0","link":"https://stackoverflow.com/questions/75800274/the-term-py-is-not-recognized-as-the-name-of-a-cmdlet","title":"The term &#39;py&#39; is not recognized as the name of a cmdlet"},{"tags":["mongodb","mongoose","mongodb-query","aggregation-framework"],"owner":{"account_id":26226893,"reputation":382,"user_id":19903457,"user_type":"registered","profile_image":"https://www.gravatar.com/avatar/67aca69d41a85b00daf05bdbda29ef93?s=256&d=identicon&r=PG","display_name":"Tribe56123","link":"https://stackoverflow.com/users/19903457/tribe56123"},"is_answered":true,"view_count":79,"accepted_answer_id":75800620,"answer_count":1,"score":1,"last_activity_date":1679398224,"creation_date":1679395985,"question_id":75800263,"content_license":"CC BY-SA 4.0","link":"https://stackoverflow.com/questions/75800263/how-to-change-only-a-part-of-string-in-a-mongodb-field","title":"How to change only a part of string in a MongoDB field?"},{"tags":["python","opencv"],"owner":{"account_id":24754564,"reputation":31,"user_id":18639614,"user_type":"registered","profile_image":"https://www.gravatar.com/avatar/b2cb9720c3c4294078151f5ff5a02061?s=256&d=identicon&r=PG","display_name":"Chandan Kalita","link":"https://stackoverflow.com/users/18639614/chandan-kalita"},"is_answered":false,"view_count":80,"answer_count":0,"score":0,"last_activity_date":1679446321,"creation_date":1679395963,"question_id":75800259,"content_license":"CC BY-SA 4.0","link":"https://stackoverflow.com/questions/75800259/i-want-to-give-multiple-file-to-lbphfacerecognizer-create-read-method-of-ope","title":"I want to give multiple file to LBPHFaceRecognizer_create().read() method of opencv python"},{"tags":["groovy","groovyshell","groovysh"],"owner":{"account_id":28074619,"reputation":1,"user_id":21446696,"user_type":"registered","profile_image":"https://www.gravatar.com/avatar/b9a16c990a59f33cb603e321fb273077?s=256&d=identicon&r=PG&f=y&so-version=2","display_name":"lionaft","link":"https://stackoverflow.com/users/21446696/lionaft"},"is_answered":false,"view_count":33,"answer_count":1,"score":0,"last_activity_date":1679396483,"creation_date":1679395940,"question_id":75800256,"content_license":"CC BY-SA 4.0","link":"https://stackoverflow.com/questions/75800256/strange-groovy-closure-construction","title":"Strange groovy closure construction"},{"tags":["flutter","animation"],"owner":{"account_id":28073727,"reputation":1,"user_id":21445921,"user_type":"registered","profile_image":"https://www.gravatar.com/avatar/0d168b52d9fa089be2fb7ab598b4d71d?s=256&d=identicon&r=PG&f=y&so-version=2","display_name":"Dominic","link":"https://stackoverflow.com/users/21445921/dominic"},"is_answered":false,"view_count":142,"answer_count":1,"score":0,"last_activity_date":1679894759,"creation_date":1679395926,"last_edit_date":1679894759,"question_id":75800254,"content_license":"CC BY-SA 4.0","link":"https://stackoverflow.com/questions/75800254/flutter-i-want-to-update-the-colors-in-an-animated-gradient-animate-gradient","title":"Flutter - I want to update the colors in an animated gradient (animate gradient package) when a carousel slider changes"},{"tags":["python","pandas"],"owner":{"account_id":14799101,"reputation":810,"user_id":10687907,"user_type":"registered","profile_image":"https://lh5.googleusercontent.com/-sBUBOtPwKbg/AAAAAAAAAAI/AAAAAAAAAAs/PQQAY7ObQuM/photo.jpg?sz=256","display_name":"Achille G","link":"https://stackoverflow.com/users/10687907/achille-g"},"is_answered":true,"view_count":36,"accepted_answer_id":75800271,"answer_count":1,"score":1,"last_activity_date":1679405279,"creation_date":1679395914,"question_id":75800252,"content_license":"CC BY-SA 4.0","link":"https://stackoverflow.com/questions/75800252/get-next-row-after-groupby","title":"Get next row after groupby"},{"tags":["windows","powershell","active-directory"],"owner":{"account_id":28074741,"reputation":1,"user_id":21446798,"user_type":"registered","profile_image":"https://lh3.googleusercontent.com/a/AGNmyxaQHuFqUG8AQHOxiFSTPFF-sJT9lkFPs9iY_rTJ0Q=k-s256","display_name":"Yogi K","link":"https://stackoverflow.com/users/21446798/yogi-k"},"is_answered":true,"view_count":69,"answer_count":1,"score":0,"last_activity_date":1679405507,"creation_date":1679395904,"last_edit_date":1679396017,"question_id":75800250,"content_license":"CC BY-SA 4.0","link":"https://stackoverflow.com/questions/75800250/check-if-users-in-csv-file-are-a-part-of-2-ad-groups-or-not-both-ad-groups-have","title":"Check if users in CSV file are a part of 2 AD Groups or not. Both AD Groups have more than 5000 members"},{"tags":["xamarin.forms","maui","custom-renderer"],"owner":{"account_id":28074764,"reputation":33,"user_id":21446818,"user_type":"registered","profile_image":"https://www.gravatar.com/avatar/c7e08727f8f6a4a1768bc490271ee04b?s=256&d=identicon&r=PG&f=y&so-version=2","display_name":"Ramttid","link":"https://stackoverflow.com/users/21446818/ramttid"},"is_answered":true,"view_count":658,"accepted_answer_id":75808229,"answer_count":3,"score":1,"last_activity_date":1690963129,"creation_date":1679395900,"last_edit_date":1679924814,"question_id":75800248,"content_license":"CC BY-SA 4.0","link":"https://stackoverflow.com/questions/75800248/converting-customrenderer-to-customhandler-in-maui","title":"Converting CustomRenderer to CustomHandler in Maui"},{"tags":["flutter","flutter-dependencies","flutter-plugin","flutter-dropdownbutton"],"owner":{"account_id":21224802,"reputation":1864,"user_id":15610685,"user_type":"registered","profile_image":"https://www.gravatar.com/avatar/1e77a1dc506eaf13091296e7b5746da6?s=256&d=identicon&r=PG&f=y&so-version=2","display_name":"Deepak","link":"https://stackoverflow.com/users/15610685/deepak"},"is_answered":false,"view_count":462,"answer_count":1,"score":0,"last_activity_date":1680950113,"creation_date":1679395849,"last_edit_date":1680950113,"question_id":75800241,"content_license":"CC BY-SA 4.0","link":"https://stackoverflow.com/questions/75800241/flutter-error-either-zero-or-2-or-more-dropdownmenuitems-were-detected-with-t","title":"flutter error: Either zero or 2 or more [DropdownMenuItem]s were detected with the same value"},{"tags":["python","numpy","datetime"],"owner":{"account_id":12371403,"reputation":381,"user_id":9021547,"user_type":"registered","accept_rate":80,"profile_image":"https://www.gravatar.com/avatar/2a44601290bcfd843cc21bfb4c76be71?s=256&d=identicon&r=PG&f=y&so-version=2","display_name":"Serge Kashlik","link":"https://stackoverflow.com/users/9021547/serge-kashlik"},"is_answered":true,"view_count":69,"answer_count":1,"score":1,"last_activity_date":1679397587,"creation_date":1679395848,"last_edit_date":1679397332,"question_id":75800240,"content_license":"CC BY-SA 4.0","link":"https://stackoverflow.com/questions/75800240/how-to-add-intervals-to-a-date-in-numpy","title":"How to add intervals to a date in numpy"},{"tags":["rust","jupyter-notebook","command-line-interface"],"owner":{"account_id":9232546,"reputation":13,"user_id":6858179,"user_type":"registered","profile_image":"https://www.gravatar.com/avatar/51db000aa4daa1f7e3766150b859a008?s=256&d=identicon&r=PG&f=y&so-version=2","display_name":"phd_student8125","link":"https://stackoverflow.com/users/6858179/phd-student8125"},"is_answered":false,"view_count":156,"answer_count":2,"score":0,"last_activity_date":1679396817,"creation_date":1679395848,"question_id":75800239,"content_license":"CC BY-SA 4.0","link":"https://stackoverflow.com/questions/75800239/run-jupyter-notebook-from-rust-code-instead-of-cli","title":"Run Jupyter notebook from Rust code instead of CLI"},{"tags":["react-native","github","eslint","github-desktop"],"owner":{"account_id":12110893,"reputation":13,"user_id":8847712,"user_type":"registered","profile_image":"https://i.stack.imgur.com/Pyfh0.jpg?s=256&g=1","display_name":"Muhammad Usman","link":"https://stackoverflow.com/users/8847712/muhammad-usman"},"is_answered":false,"view_count":66,"answer_count":0,"score":1,"last_activity_date":1679478232,"creation_date":1679395839,"last_edit_date":1679478232,"question_id":75800238,"content_license":"CC BY-SA 4.0","link":"https://stackoverflow.com/questions/75800238/github-desktop-showing-me-error-regarding-eslint-when-i-commit-the-changes-gith","title":"GitHub Desktop showing me error regarding eslint when I commit the changes, GitHub desktop changes my line ending LF to CRLF"},{"tags":["python","image","pdf","count","detection"],"owner":{"account_id":26353271,"reputation":11,"user_id":20010610,"user_type":"registered","profile_image":"https://lh3.googleusercontent.com/a-/AFdZucpESR5rKoCbFZKfNF-8aiDjQNLSFwhPYl04_RaPi_Y=k-s256","display_name":"Jerome Cremades","link":"https://stackoverflow.com/users/20010610/jerome-cremades"},"is_answered":false,"view_count":69,"answer_count":0,"score":1,"last_activity_date":1679480808,"creation_date":1679395832,"last_edit_date":1679480808,"question_id":75800237,"content_license":"CC BY-SA 4.0","link":"https://stackoverflow.com/questions/75800237/finding-what-images-are-missing-from-a-pdf","title":"Finding what images are missing from a PDF"}],"has_more":true,"quota_max":300,"quota_remaining":153}