{"items":[{"tags":["python","dataframe","recursion","self"],"owner":{"account_id":23768748,"reputation":1,"user_id":17783127,"user_type":"registered","profile_image":"https://lh3.googleusercontent.com/a/AATXAJy1AaiY8RL__1jUPCkJrCw0DILwP7VrR_NrX1IO=k-s256","display_name":"Shalev Levi Sagzan","link":"https://stackoverflow.com/users/17783127/shalev-levi-sagzan"},"is_answered":false,"view_count":41,"answer_count":0,"score":0,"last_activity_date":1682438365,"creation_date":1682438365,"question_id":76103213,"content_license":"CC BY-SA 4.0","link":"https://stackoverflow.com/questions/76103213/self-not-updating-while-doing-a-recursion","title":"self not updating while doing a recursion"},{"tags":["ios","swift","action","uialertview","actionsheet"],"owner":{"account_id":2655478,"reputation":528,"user_id":2296278,"user_type":"registered","accept_rate":45,"profile_image":"https://www.gravatar.com/avatar/e995fa6b363cc2541c1987522a955726?s=256&d=identicon&r=PG","display_name":"user2296278","link":"https://stackoverflow.com/users/2296278/user2296278"},"is_answered":false,"view_count":47,"answer_count":0,"score":0,"last_activity_date":1682479348,"creation_date":1682438338,"last_edit_date":1682438539,"question_id":76103207,"content_license":"CC BY-SA 4.0","link":"https://stackoverflow.com/questions/76103207/root-view-controller-present-in-global-function-crash-in-ipad","title":"root view controller present in global function crash in iPad"},{"tags":["laravel","docker","containers","cloud","devops"],"owner":{"account_id":22388299,"reputation":11,"user_id":16600806,"user_type":"registered","profile_image":"https://www.gravatar.com/avatar/1eea49e50422ecf6cc965b6f080cdab2?s=256&d=identicon&r=PG&f=y&so-version=2","display_name":"Ation","link":"https://stackoverflow.com/users/16600806/ation"},"is_answered":false,"view_count":55,"answer_count":0,"score":0,"last_activity_date":1682438405,"creation_date":1682438251,"question_id":76103199,"content_license":"CC BY-SA 4.0","link":"https://stackoverflow.com/questions/76103199/multiple-subdomains-in-one-container","title":"Multiple subdomains in one container"},{"tags":["c#","entity-framework","entity-framework-6","entity-framework-4"],"owner":{"account_id":25144917,"reputation":21,"user_id":18992798,"user_type":"registered","profile_image":"https://www.gravatar.com/avatar/f53469e24f1011c458dc95d6b24c730b?s=256&d=identicon&r=PG","display_name":"Henrique Fernandez","link":"https://stackoverflow.com/users/18992798/henrique-fernandez"},"is_answered":false,"view_count":22,"answer_count":0,"score":0,"last_activity_date":1682438470,"creation_date":1682438242,"question_id":76103197,"content_license":"CC BY-SA 4.0","link":"https://stackoverflow.com/questions/76103197/how-to-make-a-relationship-between-3-tables-using-the-join-method-and-using-tw","title":"how to make a relationship between 3 tables using the Join() method and using two values ​as a rule Entity Framework"},{"tags":["javascript","html","jquery"],"owner":{"account_id":3302525,"reputation":63,"user_id":5226450,"user_type":"registered","profile_image":"https://i.stack.imgur.com/A0n1r.jpg?s=256&g=1","display_name":"Darkstar.Industries","link":"https://stackoverflow.com/users/5226450/darkstar-industries"},"is_answered":false,"view_count":17,"answer_count":0,"score":0,"last_activity_date":1682438240,"creation_date":1682438240,"question_id":76103196,"content_license":"CC BY-SA 4.0","link":"https://stackoverflow.com/questions/76103196/how-to-limit-navigation-menu-topnav-js-to-only-show-one-level-deep","title":"How to limit navigation menu (topnav.js) to only show one level deep?"},{"tags":["c","function"],"owner":{"account_id":28371352,"reputation":48,"user_id":21699895,"user_type":"registered","profile_image":"https://i.stack.imgur.com/SCmE0.jpg?s=256&g=1","display_name":"kartiks77","link":"https://stackoverflow.com/users/21699895/kartiks77"},"is_answered":true,"view_count":52,"closed_date":1682439875,"accepted_answer_id":76103212,"answer_count":1,"score":0,"last_activity_date":1682438357,"creation_date":1682438239,"last_edit_date":1682438326,"question_id":76103194,"link":"https://stackoverflow.com/questions/76103194/function-to-add-double-values-in-c","closed_reason":"Not suitable for this site","title":"Function to add double values in C"},{"tags":["c#",".net","performance"],"owner":{"account_id":2243095,"reputation":87,"user_id":1977133,"user_type":"registered","accept_rate":40,"profile_image":"https://www.gravatar.com/avatar/0a820f7138ad36583ca1cdc7f5508797?s=256&d=identicon&r=PG","display_name":"PaataPP","link":"https://stackoverflow.com/users/1977133/paatapp"},"is_answered":true,"view_count":80,"answer_count":1,"score":3,"last_activity_date":1682439596,"creation_date":1682438236,"last_edit_date":1682439345,"question_id":76103191,"content_license":"CC BY-SA 4.0","link":"https://stackoverflow.com/questions/76103191/is-listt-binarysearch-the-fastest-way","title":"Is List&lt;T&gt;.BinarySearch the fastest way?"},{"tags":["r"],"owner":{"account_id":28170274,"reputation":77,"user_id":21528954,"user_type":"registered","profile_image":"https://www.gravatar.com/avatar/1eef487aeb669ed90d839ebd846e8bb0?s=256&d=identicon&r=PG&f=y&so-version=2","display_name":"user21528954","link":"https://stackoverflow.com/users/21528954/user21528954"},"is_answered":false,"view_count":24,"closed_date":1682439045,"answer_count":0,"score":0,"last_activity_date":1682438234,"creation_date":1682438234,"question_id":76103190,"link":"https://stackoverflow.com/questions/76103190/how-can-i-exclude-the-data-that-dont-provide-a-condition-in-ifelse-statement-in","closed_reason":"Duplicate","title":"How can I exclude the data that don&#39;t provide a condition in ifelse statement in R?"},{"tags":["devops"],"owner":{"account_id":28413758,"reputation":1,"user_id":21736824,"user_type":"registered","profile_image":"https://lh3.googleusercontent.com/a/AGNmyxb-6fxmAwiBINO0EBAwVBLV94D6mJdqCwaFFeo=k-s256","display_name":"Jennifer Splaine","link":"https://stackoverflow.com/users/21736824/jennifer-splaine"},"is_answered":false,"view_count":22,"answer_count":0,"score":0,"last_activity_date":1682438225,"creation_date":1682438225,"question_id":76103187,"content_license":"CC BY-SA 4.0","link":"https://stackoverflow.com/questions/76103187/devops-areapath-changes","title":"DevOps AreaPath changes"},{"tags":["performance","linq","entity-framework-core","blazor-webassembly"],"owner":{"account_id":26696861,"reputation":21,"user_id":20304567,"user_type":"registered","profile_image":"https://lh3.googleusercontent.com/a/ALm5wu2nWxyLNjZJzn6SzmAHsD73KYm7li2XYlmtSrC9=k-s256","display_name":"Gayu","link":"https://stackoverflow.com/users/20304567/gayu"},"is_answered":true,"view_count":70,"answer_count":1,"score":1,"last_activity_date":1682439425,"creation_date":1682438218,"last_edit_date":1682438547,"question_id":76103186,"content_license":"CC BY-SA 4.0","link":"https://stackoverflow.com/questions/76103186/is-there-any-way-to-improve-ef-core-performance","title":"Is there any way to improve EF Core performance?"},{"tags":["r"],"owner":{"account_id":17156947,"reputation":33,"user_id":12417596,"user_type":"registered","profile_image":"https://www.gravatar.com/avatar/4d76dde1eea57d53bc3c0436f3778b59?s=256&d=identicon&r=PG&f=y&so-version=2","display_name":"Markus Zinser","link":"https://stackoverflow.com/users/12417596/markus-zinser"},"is_answered":false,"view_count":24,"answer_count":0,"score":0,"last_activity_date":1682438196,"creation_date":1682438196,"question_id":76103184,"content_license":"CC BY-SA 4.0","link":"https://stackoverflow.com/questions/76103184/remote-r-repo-with-very-long-password","title":"Remote R repo with very long password"},{"tags":["c++","ui-automation","microsoft-ui-automation"],"owner":{"account_id":2371058,"reputation":59,"user_id":2075678,"user_type":"registered","profile_image":"https://www.gravatar.com/avatar/ca28a04698c27c7ea511c281d6b8a9b1?s=256&d=identicon&r=PG","display_name":"arnold_w","link":"https://stackoverflow.com/users/2075678/arnold-w"},"is_answered":false,"view_count":148,"answer_count":1,"score":0,"last_activity_date":1682524851,"creation_date":1682438164,"question_id":76103181,"content_license":"CC BY-SA 4.0","link":"https://stackoverflow.com/questions/76103181/get-the-iuiautomationelement-of-the-main-form-of-an-application-using-c","title":"Get the IUIAutomationElement of the &quot;main form&quot; of an application using C++?"},{"tags":["javascript","jquery","tensorflow","bodypix"],"owner":{"account_id":18812185,"reputation":131,"user_id":13720153,"user_type":"registered","profile_image":"https://www.gravatar.com/avatar/a0c513bba93b637731fb279a9564b6c1?s=256&d=identicon&r=PG&f=y&so-version=2","display_name":"Sourav Paria","link":"https://stackoverflow.com/users/13720153/sourav-paria"},"is_answered":false,"view_count":218,"answer_count":1,"score":-2,"last_activity_date":1689892495,"creation_date":1682438132,"last_edit_date":1689892495,"question_id":76103179,"content_license":"CC BY-SA 4.0","link":"https://stackoverflow.com/questions/76103179/implementing-background-blur-with-screen-recording-in-javascript-jquery","title":"Implementing background blur with screen recording in JavaScript jquery"},{"tags":["pandas","dataframe","sorting"],"owner":{"account_id":26832372,"reputation":11,"user_id":20420147,"user_type":"registered","profile_image":"https://www.gravatar.com/avatar/7bb345dc64fe1a6166427763ea762d3d?s=256&d=identicon&r=PG","display_name":"Jim-Sotelo","link":"https://stackoverflow.com/users/20420147/jim-sotelo"},"is_answered":false,"view_count":30,"answer_count":2,"score":1,"last_activity_date":1682454142,"creation_date":1682438096,"question_id":76103175,"content_license":"CC BY-SA 4.0","link":"https://stackoverflow.com/questions/76103175/how-to-create-a-new-column-in-pd-using-a-conditional-with-strings","title":"how to create a new column in pd using a conditional with strings?"},{"tags":["r","shiny"],"owner":{"account_id":25574490,"reputation":33,"user_id":19354242,"user_type":"registered","profile_image":"https://www.gravatar.com/avatar/ad6efa7192812075d2c7bdbc27514ae2?s=256&d=identicon&r=PG","display_name":"David_Cola","link":"https://stackoverflow.com/users/19354242/david-cola"},"is_answered":false,"view_count":14,"answer_count":0,"score":0,"last_activity_date":1682438068,"creation_date":1682438068,"question_id":76103172,"content_license":"CC BY-SA 4.0","link":"https://stackoverflow.com/questions/76103172/using-shinystoreplus-while-having-a-fileinput","title":"Using ShinyStorePlus while having a fileInput"},{"tags":["javascript","wordpress"],"owner":{"account_id":16472055,"reputation":21,"user_id":11900873,"user_type":"registered","profile_image":"https://graph.facebook.com/758642688887/picture?type=large","display_name":"Samantha Ashton","link":"https://stackoverflow.com/users/11900873/samantha-ashton"},"is_answered":false,"view_count":52,"answer_count":0,"score":0,"last_activity_date":1682440804,"creation_date":1682438052,"last_edit_date":1682440804,"question_id":76103169,"content_license":"CC BY-SA 4.0","link":"https://stackoverflow.com/questions/76103169/how-can-i-add-alt-title-text-into-my-javascript","title":"How can I add alt/title text into my JavaScript"},{"tags":["r","mixed-models","nlme","glmmtmb"],"owner":{"account_id":17550337,"reputation":123,"user_id":12730862,"user_type":"registered","profile_image":"https://i.stack.imgur.com/Ppj76.png?s=256&g=1","display_name":"pajul","link":"https://stackoverflow.com/users/12730862/pajul"},"is_answered":true,"view_count":152,"accepted_answer_id":76103679,"answer_count":1,"score":1,"last_activity_date":1682550078,"creation_date":1682438029,"last_edit_date":1682451912,"question_id":76103165,"content_license":"CC BY-SA 4.0","link":"https://stackoverflow.com/questions/76103165/converting-mixed-model-with-correlation-structure-from-nlme-to-glmmtmb","title":"Converting mixed model with correlation structure from nlme to glmmTMB"},{"tags":["reactjs","client","idempotent"],"owner":{"account_id":5465737,"reputation":324,"user_id":5364392,"user_type":"registered","accept_rate":75,"profile_image":"https://www.gravatar.com/avatar/10761cd71f1e4d00385bdc9c3c1a3b4b?s=256&d=identicon&r=PG&f=y&so-version=2","display_name":"matrix","link":"https://stackoverflow.com/users/5364392/matrix"},"is_answered":true,"view_count":445,"answer_count":1,"score":1,"last_activity_date":1683179116,"creation_date":1682438015,"question_id":76103162,"content_license":"CC BY-SA 4.0","link":"https://stackoverflow.com/questions/76103162/idempotency-in-frontend-when-page-refresh","title":"Idempotency in frontend when page refresh"},{"tags":["huggingface-transformers","huggingface"],"owner":{"account_id":17448107,"reputation":1,"user_id":12648667,"user_type":"registered","profile_image":"https://www.gravatar.com/avatar/b3a8760ea90796d1dd96c65f83b85357?s=256&d=identicon&r=PG&f=y&so-version=2","display_name":"Finn","link":"https://stackoverflow.com/users/12648667/finn"},"is_answered":false,"view_count":19,"answer_count":0,"score":0,"last_activity_date":1682438092,"creation_date":1682438007,"last_edit_date":1682438092,"question_id":76103160,"content_license":"CC BY-SA 4.0","link":"https://stackoverflow.com/questions/76103160/how-to-define-all-files-individually-in-transfomers-pipeline","title":"How to Define all files individually in Transfomers Pipeline"},{"tags":["autodesk","autodesk-inventor"],"owner":{"account_id":19985206,"reputation":39,"user_id":14647474,"user_type":"registered","profile_image":"https://www.gravatar.com/avatar/437f4b989db80d5a541aeec487641316?s=256&d=identicon&r=PG&f=y&so-version=2","display_name":"bananaman","link":"https://stackoverflow.com/users/14647474/bananaman"},"is_answered":false,"view_count":301,"answer_count":0,"score":0,"last_activity_date":1682437984,"creation_date":1682437984,"question_id":76103156,"content_license":"CC BY-SA 4.0","link":"https://stackoverflow.com/questions/76103156/replace-component-not-working-in-inventor-2023","title":"Replace Component not working in Inventor 2023"},{"tags":["multithreading","fortran","openmp","intel-fortran"],"owner":{"account_id":16111595,"reputation":353,"user_id":13199234,"user_type":"registered","profile_image":"https://lh4.googleusercontent.com/-1f3O44NlZI4/AAAAAAAAAAI/AAAAAAAAAAA/ACHi3rdI8A0EpoX-Tqy2Hu7H-TU6LXeefQ/mo/photo.jpg?sz=256","display_name":"mEm","link":"https://stackoverflow.com/users/13199234/mem"},"is_answered":false,"view_count":85,"answer_count":0,"score":0,"last_activity_date":1682437977,"creation_date":1682437977,"question_id":76103153,"content_license":"CC BY-SA 4.0","link":"https://stackoverflow.com/questions/76103153/openmp-wrong-results-when-more-than-1-thread-used","title":"OpenMP wrong results when more than 1 thread used"},{"tags":["easyadmin"],"owner":{"account_id":22188010,"reputation":343,"user_id":16430623,"user_type":"registered","profile_image":"https://www.gravatar.com/avatar/a275881a190403d95cb09757ebbce59b?s=256&d=identicon&r=PG&f=y&so-version=2","display_name":"Camel4488","link":"https://stackoverflow.com/users/16430623/camel4488"},"is_answered":false,"view_count":58,"answer_count":1,"score":0,"last_activity_date":1694682709,"creation_date":1682437966,"question_id":76103150,"content_license":"CC BY-SA 4.0","link":"https://stackoverflow.com/questions/76103150/the-base-url-is-not-good-with-easyadmin","title":"The base url is not good with easyadmin"},{"tags":["java","design-patterns"],"owner":{"account_id":19778685,"reputation":169,"user_id":14484121,"user_type":"registered","profile_image":"https://lh3.googleusercontent.com/a-/AOh14GjiOwmBlX6VFKiV62cWaY6KOjutvJHnQvCZTaL5-Q=k-s256","display_name":"Akshaya Amar","link":"https://stackoverflow.com/users/14484121/akshaya-amar"},"is_answered":true,"view_count":69,"accepted_answer_id":76103400,"answer_count":1,"score":0,"last_activity_date":1682506384,"creation_date":1682437951,"last_edit_date":1682438338,"question_id":76103146,"content_license":"CC BY-SA 4.0","link":"https://stackoverflow.com/questions/76103146/is-it-a-good-practice-to-use-singleton-pattern-to-avoid-creation-of-object-multi","title":"Is it a good practice to use Singleton pattern to avoid creation of object multiple times and how it&#39;s done"},{"tags":["phpmyadmin"],"owner":{"account_id":28413679,"reputation":1,"user_id":21736752,"user_type":"registered","profile_image":"https://www.gravatar.com/avatar/ab7c79bbefa5d9942226d22086670221?s=256&d=identicon&r=PG&f=y&so-version=2","display_name":"Joanna Cotterell","link":"https://stackoverflow.com/users/21736752/joanna-cotterell"},"is_answered":false,"view_count":35,"answer_count":0,"score":0,"last_activity_date":1682437944,"creation_date":1682437944,"question_id":76103143,"content_license":"CC BY-SA 4.0","link":"https://stackoverflow.com/questions/76103143/phpmyadmin-installation-access-denied-error","title":"phpmyadmin installation access denied error"},{"tags":["angular","icons","font-awesome","edit","ngx-bootstrap"],"owner":{"account_id":28304529,"reputation":13,"user_id":21642741,"user_type":"registered","profile_image":"https://www.gravatar.com/avatar/c10fabdf468e9a28c59e4badcb97563d?s=256&d=identicon&r=PG&f=y&so-version=2","display_name":"Nikola","link":"https://stackoverflow.com/users/21642741/nikola"},"is_answered":true,"view_count":548,"accepted_answer_id":76103275,"answer_count":1,"score":1,"last_activity_date":1682438810,"creation_date":1682437925,"question_id":76103141,"content_license":"CC BY-SA 4.0","link":"https://stackoverflow.com/questions/76103141/how-to-change-icon-in-angular-component","title":"How to change icon in angular component"},{"tags":["android","deep-linking"],"owner":{"account_id":241308,"reputation":7003,"user_id":1317865,"user_type":"registered","accept_rate":81,"profile_image":"https://www.gravatar.com/avatar/d64dbdb0af26927e16007bb2bdef4f0b?s=256&d=identicon&r=PG&f=y&so-version=2","display_name":"Favolas","link":"https://stackoverflow.com/users/1317865/favolas"},"is_answered":false,"view_count":129,"answer_count":0,"score":0,"last_activity_date":1682437924,"creation_date":1682437924,"question_id":76103139,"content_license":"CC BY-SA 4.0","link":"https://stackoverflow.com/questions/76103139/android-13-tiramisu-deeplink-not-opening-when-typed-on-browser-but-opens-when-la","title":"Android 13 Tiramisu deeplink not opening when typed on browser but opens when launched from messaging app"},{"tags":["git","github","ssh"],"owner":{"account_id":20821629,"reputation":75,"user_id":19355037,"user_type":"registered","profile_image":"https://www.gravatar.com/avatar/0f7874628d812c63be206ad85835fa03?s=256&d=identicon&r=PG&f=y&so-version=2","display_name":"Tydal","link":"https://stackoverflow.com/users/19355037/tydal"},"is_answered":false,"view_count":182,"answer_count":0,"score":0,"last_activity_date":1682437914,"creation_date":1682437914,"question_id":76103136,"content_license":"CC BY-SA 4.0","link":"https://stackoverflow.com/questions/76103136/git-push-hangs-indefinitely-when-using-ssh","title":"git push hangs indefinitely when using ssh"},{"tags":["python-sphinx","cross-reference","numpydoc"],"owner":{"account_id":4494355,"reputation":1202,"user_id":3654588,"user_type":"registered","accept_rate":60,"profile_image":"https://www.gravatar.com/avatar/56ccf0d2a0750b8cefab14d15c1c1dbd?s=256&d=identicon&r=PG&f=y&so-version=2","display_name":"ajl123","link":"https://stackoverflow.com/users/3654588/ajl123"},"is_answered":false,"view_count":45,"answer_count":1,"score":0,"last_activity_date":1682461013,"creation_date":1682437911,"last_edit_date":1682453530,"question_id":76103134,"content_license":"CC BY-SA 4.0","link":"https://stackoverflow.com/questions/76103134/dynamically-substitute-any-sphinx-references","title":"Dynamically substitute any Sphinx references"},{"tags":["java","spring","timeout","webclient"],"owner":{"account_id":8794,"reputation":48708,"user_id":15985,"user_type":"registered","accept_rate":65,"profile_image":"https://www.gravatar.com/avatar/fb915f0b3a0a397891f4fd6dab6c2ac8?s=256&d=identicon&r=PG","display_name":"Thomas Bratt","link":"https://stackoverflow.com/users/15985/thomas-bratt"},"is_answered":false,"view_count":32,"answer_count":0,"score":0,"last_activity_date":1682437902,"creation_date":1682437902,"question_id":76103133,"content_license":"CC BY-SA 4.0","link":"https://stackoverflow.com/questions/76103133/is-there-a-way-to-tell-when-spring-webclient-encounters-a-connection-failure","title":"Is there a way to tell when Spring WebClient encounters a connection failure?"},{"tags":["java","cucumber","testng"],"owner":{"account_id":13429807,"reputation":1818,"user_id":9689945,"user_type":"registered","profile_image":"https://i.stack.imgur.com/9UH4F.png?s=256&g=1","display_name":"hhrzc","link":"https://stackoverflow.com/users/9689945/hhrzc"},"is_answered":false,"view_count":61,"answer_count":0,"score":0,"last_activity_date":1682437901,"creation_date":1682437901,"question_id":76103132,"content_license":"CC BY-SA 4.0","link":"https://stackoverflow.com/questions/76103132/how-to-execute-separate-feature-with-cucumber-and-testng","title":"How to execute separate feature with cucumber and testng?"}],"has_more":true,"quota_max":300,"quota_remaining":248}