{"items":[{"tags":["ansible","zabbix","zabbix-api"],"owner":{"account_id":20613011,"reputation":23,"user_id":15131764,"user_type":"registered","profile_image":"https://lh3.googleusercontent.com/a-/AOh14GheEpSSKr2uGG9W7J115ZEjY1dzM0KzxCPICAxKrg=k-s256","display_name":"Romain Tiennot","link":"https://stackoverflow.com/users/15131764/romain-tiennot"},"is_answered":true,"view_count":96,"accepted_answer_id":75757284,"answer_count":1,"score":2,"last_activity_date":1679392649,"creation_date":1678964377,"question_id":75755312,"content_license":"CC BY-SA 4.0","link":"https://stackoverflow.com/questions/75755312/how-to-convert-a-list-into-a-dictionary","title":"How to convert a list into a dictionary?"},{"tags":["html","jquery"],"owner":{"account_id":14078781,"reputation":369,"user_id":10170369,"user_type":"registered","profile_image":"https://i.stack.imgur.com/0z6Dc.jpg?s=256&g=1","display_name":"Mo1","link":"https://stackoverflow.com/users/10170369/mo1"},"is_answered":false,"view_count":19,"closed_date":1678965901,"answer_count":0,"score":0,"last_activity_date":1678964374,"creation_date":1678964374,"question_id":75755310,"link":"https://stackoverflow.com/questions/75755310/add-placeholder-to-search-input-of-select2","closed_reason":"Duplicate","title":"Add placeholder to search input of Select2"},{"tags":["python","beautifulsoup","kivy","kivymd"],"owner":{"account_id":25767309,"reputation":41,"user_id":19516902,"user_type":"registered","profile_image":"https://lh3.googleusercontent.com/a/AItbvmluHZl4fZDPVqVkLQoGQEfzyoQRRpuFHBg4rgXc=k-s256","display_name":"Jacopo Biondi","link":"https://stackoverflow.com/users/19516902/jacopo-biondi"},"is_answered":false,"view_count":25,"answer_count":0,"score":0,"last_activity_date":1678964369,"creation_date":1678964369,"question_id":75755309,"content_license":"CC BY-SA 4.0","link":"https://stackoverflow.com/questions/75755309/another-function-starts-at-the-begin-of-my-kivymd-program","title":"Another function starts at the begin of my KivyMD program"},{"tags":["kotlin","generics"],"owner":{"account_id":20297592,"reputation":735,"user_id":14887783,"user_type":"registered","profile_image":"https://i.stack.imgur.com/3mMNS.jpg?s=256&g=1","display_name":"SageJustus","link":"https://stackoverflow.com/users/14887783/sagejustus"},"is_answered":true,"view_count":60,"accepted_answer_id":75756362,"answer_count":1,"score":-2,"last_activity_date":1678971261,"creation_date":1678964351,"last_edit_date":1678968172,"question_id":75755306,"content_license":"CC BY-SA 4.0","link":"https://stackoverflow.com/questions/75755306/how-does-kotlin-set-generic-parameters-through-the-full-class-name","title":"How does kotlin set generic parameters through the full class name?"},{"tags":["mysql","sql"],"owner":{"account_id":28031553,"reputation":1,"user_id":21410659,"user_type":"registered","profile_image":"https://www.gravatar.com/avatar/49271f9b451758889e27178658e333c3?s=256&d=identicon&r=PG&f=y&so-version=2","display_name":"orlb","link":"https://stackoverflow.com/users/21410659/orlb"},"is_answered":false,"view_count":22,"closed_date":1678964483,"answer_count":0,"score":0,"last_activity_date":1678964495,"creation_date":1678964345,"last_edit_date":1678964495,"question_id":75755305,"link":"https://stackoverflow.com/questions/75755305/how-to-test-grouped-column-of-normal-table-as-a-list","closed_reason":"Duplicate","title":"How to test grouped column of normal table as a list?"},{"tags":["datatable","vuejs3","selection","primevue"],"owner":{"account_id":9491855,"reputation":103,"user_id":7056354,"user_type":"registered","accept_rate":67,"profile_image":"https://i.stack.imgur.com/HorCv.jpg?s=256&g=1","display_name":"Fahad Ejaz Butt","link":"https://stackoverflow.com/users/7056354/fahad-ejaz-butt"},"is_answered":false,"view_count":414,"answer_count":0,"score":0,"last_activity_date":1678964340,"creation_date":1678964340,"question_id":75755303,"content_license":"CC BY-SA 4.0","link":"https://stackoverflow.com/questions/75755303/how-to-show-selection-checkbox-based-on-condition-using-primevue-datatable-and-v","title":"How to show selection checkbox based on condition using PrimeVue DataTable and Vue 3 Composition API"},{"tags":["mysql","sql","mysql-8.0"],"owner":{"account_id":21674060,"reputation":444,"user_id":15991297,"user_type":"registered","profile_image":"https://www.gravatar.com/avatar/3f41991c5edacc4876f8e435a6b948bb?s=256&d=identicon&r=PG&f=y&so-version=2","display_name":"James","link":"https://stackoverflow.com/users/15991297/james"},"is_answered":true,"view_count":103,"accepted_answer_id":75755513,"answer_count":3,"score":-1,"last_activity_date":1678965652,"creation_date":1678964332,"last_edit_date":1678964730,"question_id":75755300,"content_license":"CC BY-SA 4.0","link":"https://stackoverflow.com/questions/75755300/selecting-records-where-value-in-one-field-is-the-same-as-or-later-than-value-in","title":"Selecting Records Where Value in One Field is the Same As or Later than Value in Another Field"},{"tags":["c#","sharepoint-online","csom","sharepoint-search","keywordquery"],"owner":{"account_id":291049,"reputation":12043,"user_id":592958,"user_type":"registered","profile_image":"https://i.stack.imgur.com/lVNmU.jpg?s=256&g=1","display_name":"phuzi","link":"https://stackoverflow.com/users/592958/phuzi"},"is_answered":true,"view_count":283,"accepted_answer_id":75789765,"answer_count":1,"score":0,"last_activity_date":1679311996,"creation_date":1678964293,"last_edit_date":1679049937,"question_id":75755295,"content_license":"CC BY-SA 4.0","link":"https://stackoverflow.com/questions/75755295/sharepoint-csom-keywordquery-field-or-property-querytext-does-not-exist","title":"SharePoint CSOM KeywordQuery - Field or property &quot;QueryText&quot; does not exist"},{"tags":["flutter","dart","radio-button"],"owner":{"account_id":27746270,"reputation":77,"user_id":21181705,"user_type":"registered","profile_image":"https://www.gravatar.com/avatar/4574a77f4482a32643b7baa0103bb791?s=256&d=identicon&r=PG","display_name":"Priya","link":"https://stackoverflow.com/users/21181705/priya"},"is_answered":true,"view_count":457,"accepted_answer_id":75755506,"answer_count":2,"score":0,"last_activity_date":1678965682,"creation_date":1678964286,"question_id":75755292,"content_license":"CC BY-SA 4.0","link":"https://stackoverflow.com/questions/75755292/flutter-radiolisttile-how-to-change-the-selected-tile-color","title":"Flutter RadioListTile - How to change the selected tile color?"},{"tags":["augmented-reality","qr-code","arcore","indoor-positioning-system"],"owner":{"account_id":21587723,"reputation":3,"user_id":15917861,"user_type":"registered","profile_image":"https://lh3.googleusercontent.com/a-/AOh14Ggqx3KXmxMIMJzeiLU9Cgsa7ntmGtEPO6-TeQd92w=k-s256","display_name":"Keezeke","link":"https://stackoverflow.com/users/15917861/keezeke"},"is_answered":false,"view_count":44,"answer_count":0,"score":0,"last_activity_date":1678964280,"creation_date":1678964280,"question_id":75755290,"content_license":"CC BY-SA 4.0","link":"https://stackoverflow.com/questions/75755290/how-to-determine-a-users-postition-indoors-based-on-qr-codes-with-arcore","title":"How to determine a users postition indoors based on QR codes with ARCore?"},{"tags":["latex","minify","pdflatex","tex","overleaf"],"owner":{"account_id":11108606,"reputation":100,"user_id":8155097,"user_type":"registered","profile_image":"https://i.stack.imgur.com/22d7B.png?s=256&g=1","display_name":"edoardottt","link":"https://stackoverflow.com/users/8155097/edoardottt"},"is_answered":true,"view_count":103,"answer_count":1,"score":-1,"last_activity_date":1678964806,"creation_date":1678964270,"question_id":75755287,"content_license":"CC BY-SA 4.0","link":"https://stackoverflow.com/questions/75755287/why-its-not-possible-to-minify-latex-code","title":"Why it&#39;s not possible to minify Latex code?"},{"tags":["java","selenium-webdriver","testing","automation","webdriver"],"owner":{"account_id":20345273,"reputation":1,"user_id":14923375,"user_type":"registered","profile_image":"https://lh3.googleusercontent.com/-aASqUeu3X90/AAAAAAAAAAI/AAAAAAAAAAA/AMZuucmugGm2xxT9Lu3aLOzAAKU3J5LKhA/s96-c/photo.jpg?sz=256","display_name":"Jaitavya Mishra","link":"https://stackoverflow.com/users/14923375/jaitavya-mishra"},"is_answered":false,"view_count":303,"answer_count":1,"score":0,"last_activity_date":1679086340,"creation_date":1678964268,"last_edit_date":1679086340,"question_id":75755286,"content_license":"CC BY-SA 4.0","link":"https://stackoverflow.com/questions/75755286/why-my-website-not-loading-even-browser-is-launching-in-java-selenium","title":"Why my website not loading even browser is launching in java selenium"},{"tags":["python","pandas","csv"],"owner":{"account_id":9411585,"reputation":3,"user_id":8131500,"user_type":"registered","profile_image":"https://www.gravatar.com/avatar/1d9ff17904105cbf5f8b6be189dbb7f6?s=256&d=identicon&r=PG","display_name":"napoleon182","link":"https://stackoverflow.com/users/8131500/napoleon182"},"is_answered":true,"view_count":28,"accepted_answer_id":75755427,"answer_count":1,"score":0,"last_activity_date":1678965000,"creation_date":1678964265,"question_id":75755285,"content_license":"CC BY-SA 4.0","link":"https://stackoverflow.com/questions/75755285/saving-my-csv-output-into-file-using-python","title":"Saving my csv output into file using python"},{"tags":["r","ggplot2","colors","outliers","geom-point"],"owner":{"account_id":27849375,"reputation":1,"user_id":21264175,"user_type":"registered","profile_image":"https://lh3.googleusercontent.com/a/AEdFTp7lhLQvGPFgeQaGPDlEnZ5dJ8kwTF39OPRoL0JDrg=k-s256","display_name":"Juju","link":"https://stackoverflow.com/users/21264175/juju"},"is_answered":false,"view_count":33,"answer_count":1,"score":0,"last_activity_date":1679230205,"creation_date":1678964227,"last_edit_date":1679230205,"question_id":75755282,"content_license":"CC BY-SA 4.0","link":"https://stackoverflow.com/questions/75755282/ggplot-scatter-plot-points-not-responding-to-colour-arguments","title":"ggplot scatter plot points not responding to colour arguments"},{"tags":["python-2.7","unix","server","subprocess"],"owner":{"account_id":28023339,"reputation":1,"user_id":21403769,"user_type":"registered","profile_image":"https://www.gravatar.com/avatar/68787193d2f81e6f736d360a6d85cc16?s=256&d=identicon&r=PG&f=y&so-version=2","display_name":"btmc872","link":"https://stackoverflow.com/users/21403769/btmc872"},"is_answered":false,"view_count":115,"answer_count":1,"score":0,"last_activity_date":1678972688,"creation_date":1678964214,"last_edit_date":1678964752,"question_id":75755280,"content_license":"CC BY-SA 4.0","link":"https://stackoverflow.com/questions/75755280/using-subprocess-how-to-specify-working-directory-in-remote-server","title":"Using subprocess - how to specify working directory in remote server"},{"tags":["security","weblogic"],"owner":{"account_id":17849602,"reputation":21,"user_id":12965608,"user_type":"registered","profile_image":"https://www.gravatar.com/avatar/afbb1e3c68f45f088f46406a3d13bc49?s=256&d=identicon&r=PG&f=y&so-version=2","display_name":"gergeerew","link":"https://stackoverflow.com/users/12965608/gergeerew"},"is_answered":false,"view_count":256,"answer_count":1,"score":0,"last_activity_date":1691768651,"creation_date":1678964164,"last_edit_date":1678965373,"question_id":75755273,"content_license":"CC BY-SA 4.0","link":"https://stackoverflow.com/questions/75755273/oracle-does-not-update-weblogic-security-patch-anymore","title":"Oracle does not update WebLogic security patch anymore?"},{"tags":["css","reactjs","pagination","swiper.js","react-swiper"],"owner":{"account_id":27774914,"reputation":43,"user_id":21204494,"user_type":"registered","profile_image":"https://lh3.googleusercontent.com/a/AEdFTp7BlPGrZWYOAc5mY-V3NOhVtlWNXMr7RoD5tnmcGA=k-s256","display_name":"Roman","link":"https://stackoverflow.com/users/21204494/roman"},"is_answered":false,"view_count":987,"answer_count":1,"score":2,"last_activity_date":1692817398,"creation_date":1678964161,"question_id":75755271,"content_license":"CC BY-SA 4.0","link":"https://stackoverflow.com/questions/75755271/how-do-i-style-slider-swiper-pagination-in-react","title":"How do I style slider swiper pagination in react?"},{"tags":["javascript","dom"],"owner":{"account_id":25573124,"reputation":1,"user_id":19353129,"user_type":"registered","profile_image":"https://www.gravatar.com/avatar/2643e55dd700129d7e96ad866be7db25?s=256&d=identicon&r=PG","display_name":"moiti","link":"https://stackoverflow.com/users/19353129/moiti"},"is_answered":true,"view_count":114,"answer_count":1,"score":0,"last_activity_date":1678965729,"creation_date":1678964160,"question_id":75755270,"content_license":"CC BY-SA 4.0","link":"https://stackoverflow.com/questions/75755270/why-cant-i-access-classlist-or-innerhtml-of-childnodes-in-javascript","title":"Why can&#39;t I access classList or innerHTML of childNodes in JavaScript?"},{"tags":["typescript","nestjs"],"owner":{"account_id":10955136,"reputation":925,"user_id":8050208,"user_type":"registered","profile_image":"https://www.gravatar.com/avatar/da97dae69a24018471594adf4fa71c47?s=256&d=identicon&r=PG&f=y&so-version=2","display_name":"Farad","link":"https://stackoverflow.com/users/8050208/farad"},"is_answered":true,"view_count":516,"answer_count":1,"score":3,"last_activity_date":1683634861,"creation_date":1678964158,"last_edit_date":1680785354,"question_id":75755269,"content_license":"CC BY-SA 4.0","link":"https://stackoverflow.com/questions/75755269/how-to-share-dynamic-module-in-nestjs","title":"How to share dynamic module in NestJS?"},{"tags":["javascript","animation","three.js","render","gltf"],"owner":{"account_id":27512786,"reputation":11,"user_id":20994359,"user_type":"registered","profile_image":"https://lh3.googleusercontent.com/a/AEdFTp6F75yk4M6y2DcyfPcqeLbFxh_mCSyXigWYTHAq=k-s256","display_name":"William Gustafsson Knutsson","link":"https://stackoverflow.com/users/20994359/william-gustafsson-knutsson"},"is_answered":false,"view_count":64,"answer_count":0,"score":0,"last_activity_date":1679090331,"creation_date":1678964154,"last_edit_date":1679090331,"question_id":75755268,"content_license":"CC BY-SA 4.0","link":"https://stackoverflow.com/questions/75755268/why-is-the-animation-not-playing","title":"Why is the animation not playing?"},{"tags":["python","matplotlib"],"owner":{"account_id":28031591,"reputation":13,"user_id":21410688,"user_type":"registered","profile_image":"https://lh3.googleusercontent.com/a/AGNmyxabr73UIVsAXk_2-Wyo08I6LzPaStmbXk8a2Ftj=k-s256","display_name":"mgm","link":"https://stackoverflow.com/users/21410688/mgm"},"is_answered":true,"view_count":115,"accepted_answer_id":75761957,"answer_count":2,"score":1,"last_activity_date":1679003664,"creation_date":1678964153,"last_edit_date":1678964421,"question_id":75755267,"content_license":"CC BY-SA 4.0","link":"https://stackoverflow.com/questions/75755267/how-to-draw-outer-edge-of-meshes-above-threshold-with-python-matplotlib","title":"How to draw outer edge of meshes above threshold with python matplotlib"},{"tags":["java","instrumentation","open-telemetry"],"owner":{"account_id":463786,"reputation":668,"user_id":866889,"user_type":"registered","accept_rate":60,"profile_image":"https://i.stack.imgur.com/9HvEC.jpg?s=256&g=1","display_name":"Dmitry Aleksandrov","link":"https://stackoverflow.com/users/866889/dmitry-aleksandrov"},"is_answered":true,"view_count":374,"accepted_answer_id":75803096,"answer_count":1,"score":0,"last_activity_date":1679411968,"creation_date":1678964146,"last_edit_date":1679310722,"question_id":75755265,"content_license":"CC BY-SA 4.0","link":"https://stackoverflow.com/questions/75755265/opentelemetry-configuration-without-autoconfiguredopentelemetrysdk","title":"OpenTelemetry configuration without AutoConfiguredOpenTelemetrySdk"},{"tags":["python","python-3.x"],"owner":{"account_id":21774342,"reputation":9,"user_id":16077001,"user_type":"registered","profile_image":"https://www.gravatar.com/avatar/340116f9dcbc494f1c1eee4100b8322a?s=256&d=identicon&r=PG&f=y&so-version=2","display_name":"Cheah Ken Win","link":"https://stackoverflow.com/users/16077001/cheah-ken-win"},"is_answered":false,"view_count":23,"answer_count":0,"score":0,"last_activity_date":1678964130,"creation_date":1678964130,"question_id":75755262,"content_license":"CC BY-SA 4.0","link":"https://stackoverflow.com/questions/75755262/unwanted-spacing-when-accessing-text-from-raw-text-file","title":"Unwanted Spacing when Accessing Text from Raw Text File"},{"tags":["laravel","nginx","cors","laravel-10"],"owner":{"account_id":893409,"reputation":7652,"user_id":931247,"user_type":"registered","accept_rate":53,"profile_image":"https://www.gravatar.com/avatar/90997d8b6358e2bf9bdb31924b740779?s=256&d=identicon&r=PG","display_name":"DevonDahon","link":"https://stackoverflow.com/users/931247/devondahon"},"is_answered":false,"view_count":95,"answer_count":0,"score":0,"last_activity_date":1678984577,"creation_date":1678964069,"last_edit_date":1678964944,"question_id":75755254,"content_license":"CC BY-SA 4.0","link":"https://stackoverflow.com/questions/75755254/how-to-log-requests-blocked-by-laravel-10","title":"How to log requests blocked by Laravel 10?"},{"tags":["javascript","node.js","redis","connection","node-redis"],"owner":{"account_id":23922086,"reputation":21,"user_id":17917758,"user_type":"registered","profile_image":"https://lh3.googleusercontent.com/a/AATXAJx-E3FKlv5gKe8PgCs-HsOOygXcwg664HX2VM2r=k-s256","display_name":"Endi","link":"https://stackoverflow.com/users/17917758/endi"},"is_answered":false,"view_count":78,"answer_count":0,"score":0,"last_activity_date":1678964050,"creation_date":1678964050,"question_id":75755250,"content_license":"CC BY-SA 4.0","link":"https://stackoverflow.com/questions/75755250/should-i-close-the-redis-connection-in-my-application","title":"Should I close the Redis connection in my application?"},{"tags":["angular","ngx-pagination"],"owner":{"account_id":12399732,"reputation":1147,"user_id":9037515,"user_type":"registered","accept_rate":25,"profile_image":"https://www.gravatar.com/avatar/d824d22d791ed97b6ccb858eda225e66?s=256&d=identicon&r=PG&f=y&so-version=2","display_name":"Ayobamilaye","link":"https://stackoverflow.com/users/9037515/ayobamilaye"},"is_answered":true,"view_count":387,"answer_count":1,"score":0,"last_activity_date":1678966128,"creation_date":1678964044,"last_edit_date":1678966128,"question_id":75755248,"content_license":"CC BY-SA 4.0","link":"https://stackoverflow.com/questions/75755248/angular-search-filter-only-works-for-the-current-page-in-angular-pagination-se","title":"Angular - Search filter only works for the current page in Angular Pagination Search"},{"tags":["sql-server","sql-server-profiler"],"owner":{"account_id":2035775,"reputation":315,"user_id":1818158,"user_type":"registered","profile_image":"https://www.gravatar.com/avatar/dd496531efed077db05637c2eaf91834?s=256&d=identicon&r=PG","display_name":"barnonline","link":"https://stackoverflow.com/users/1818158/barnonline"},"is_answered":false,"view_count":42,"answer_count":0,"score":0,"last_activity_date":1678964011,"creation_date":1678964011,"question_id":75755246,"content_license":"CC BY-SA 4.0","link":"https://stackoverflow.com/questions/75755246/xevent-profiler-sql-server-dont-show-the-same-as-sql-server-profiler","title":"xevent profiler sql server don&#39;t show the same as sql server profiler"},{"tags":["python","python-3.x","for-loop","text","count"],"owner":{"account_id":27604676,"reputation":23,"user_id":21069080,"user_type":"registered","profile_image":"https://www.gravatar.com/avatar/90a1b831d859ee6403c5d583d6828670?s=256&d=identicon&r=PG","display_name":"mari00","link":"https://stackoverflow.com/users/21069080/mari00"},"is_answered":false,"view_count":35,"answer_count":1,"score":0,"last_activity_date":1678965150,"creation_date":1678964003,"question_id":75755242,"content_license":"CC BY-SA 4.0","link":"https://stackoverflow.com/questions/75755242/couting-the-number-of-paragraphs-in-a-text-file-without-n-having-trouble-with","title":"Couting the number of paragraphs in a text file without \\n - having trouble with indexes"},{"tags":["reactjs","laravel","api"],"owner":{"account_id":26248748,"reputation":31,"user_id":19921868,"user_type":"registered","profile_image":"https://lh3.googleusercontent.com/a-/AFdZucrHSUt7QpBQquzbY_t_7zOul8Woh8kYDuUZoBxtn4Q=k-s256","display_name":"Priyanka Shakya","link":"https://stackoverflow.com/users/19921868/priyanka-shakya"},"is_answered":false,"view_count":34,"answer_count":1,"score":0,"last_activity_date":1679059901,"creation_date":1678963999,"last_edit_date":1679059901,"question_id":75755241,"content_license":"CC BY-SA 4.0","link":"https://stackoverflow.com/questions/75755241/react-code-doesnt-display-error-when-status-code-is-500","title":"React code doesn&#39;t display error when status code is 500"},{"tags":["java","file","binary","byte","binaryfiles"],"owner":{"account_id":28031715,"reputation":1,"user_id":21410796,"user_type":"registered","profile_image":"https://lh3.googleusercontent.com/a/AGNmyxYAbs01E_uZ010uTkeURZutIGQNqmweAvrlG2tVEQ=k-s256","display_name":"treplejigbart","link":"https://stackoverflow.com/users/21410796/treplejigbart"},"is_answered":false,"view_count":55,"answer_count":0,"score":0,"last_activity_date":1678976580,"creation_date":1678963972,"last_edit_date":1678976580,"question_id":75755236,"content_license":"CC BY-SA 4.0","link":"https://stackoverflow.com/questions/75755236/how-to-read-more-that-1-byte-from-a-binary-file-into-a-value-in-java","title":"How to read more that 1 byte from a binary file into a value in java?"}],"has_more":true,"quota_max":300,"quota_remaining":174}