{"items":[{"tags":["python","sympy"],"owner":{"account_id":23135100,"reputation":1,"user_id":21582548,"user_type":"registered","profile_image":"https://www.gravatar.com/avatar/3b2ce287d2f060a4d36542a5ae47a99f?s=256&d=identicon&r=PG&f=y&so-version=2","display_name":"user21582548","link":"https://stackoverflow.com/users/21582548/user21582548"},"is_answered":true,"view_count":32,"answer_count":1,"score":0,"last_activity_date":1680801865,"creation_date":1680800394,"question_id":75952006,"content_license":"CC BY-SA 4.0","link":"https://stackoverflow.com/questions/75952006/python-sympy-cannot-sub-value-when-using-letter-i","title":"python sympy cannot sub value when using letter I"},{"tags":["r","dplyr","lubridate"],"owner":{"account_id":28225415,"reputation":1,"user_id":21575510,"user_type":"registered","profile_image":"https://www.gravatar.com/avatar/dd1aaf45e3f95065ac752f414bf94248?s=256&d=identicon&r=PG&f=y&so-version=2","display_name":"Cole","link":"https://stackoverflow.com/users/21575510/cole"},"is_answered":false,"view_count":36,"answer_count":1,"score":0,"last_activity_date":1680802003,"creation_date":1680800373,"question_id":75952001,"content_license":"CC BY-SA 4.0","link":"https://stackoverflow.com/questions/75952001/how-can-i-assign-integer-days-to-datetimes-in-r","title":"How can I assign integer days to date+times in R?"},{"tags":["kentico","azure-managed-identity","kentico-13"],"owner":{"account_id":908774,"reputation":651,"user_id":4764603,"user_type":"registered","accept_rate":75,"profile_image":"https://www.gravatar.com/avatar/194dd664cd0487ae2dc82c254e74c614?s=256&d=identicon&r=PG&f=y&so-version=2","display_name":"Vidhyardhi Gorrepati","link":"https://stackoverflow.com/users/4764603/vidhyardhi-gorrepati"},"is_answered":true,"view_count":152,"answer_count":2,"score":-1,"last_activity_date":1681199217,"creation_date":1680800368,"last_edit_date":1680813840,"question_id":75952000,"content_license":"CC BY-SA 4.0","link":"https://stackoverflow.com/questions/75952000/how-to-connect-kentico-to-azure-sql-database-using-managed-identity","title":"How to connect Kentico to Azure SQL database using managed identity"},{"tags":["google-apps-script","google-sheets","google-sheets-formula"],"owner":{"account_id":26635698,"reputation":13,"user_id":20252159,"user_type":"registered","profile_image":"https://lh3.googleusercontent.com/a/ALm5wu3UJd1-CUv8h12bgXc5-OxFxeoCzP1Zxttj07PUUw=k-s256","display_name":"Oscar Ivan Ayala Ortiz","link":"https://stackoverflow.com/users/20252159/oscar-ivan-ayala-ortiz"},"is_answered":true,"view_count":34,"accepted_answer_id":75954716,"answer_count":1,"score":1,"last_activity_date":1680829463,"creation_date":1680800328,"last_edit_date":1680829463,"question_id":75951997,"content_license":"CC BY-SA 4.0","link":"https://stackoverflow.com/questions/75951997/put-a-google-sheets-formula-in-a-cell-from-apps-script","title":"Put a google sheets formula in a cell from Apps Script"},{"tags":["time-series","forecasting","autocorrelation"],"owner":{"account_id":13989519,"reputation":27,"user_id":10103800,"user_type":"registered","profile_image":"https://www.gravatar.com/avatar/5e4fff9ec283c90c999eea847e0b831e?s=256&d=identicon&r=PG&f=y&so-version=2","display_name":"the_he_man","link":"https://stackoverflow.com/users/10103800/the-he-man"},"is_answered":false,"view_count":56,"answer_count":0,"score":0,"last_activity_date":1680800302,"creation_date":1680800302,"question_id":75951995,"content_license":"CC BY-SA 4.0","link":"https://stackoverflow.com/questions/75951995/autocorrelation-plot-and-adf-test-appear-to-contradict-each-other","title":"Autocorrelation plot and ADF test appear to contradict each other"},{"tags":["sql","ms-access","oledb","oledbdataadapter","oledbexception"],"owner":{"account_id":25950602,"reputation":21,"user_id":21327368,"user_type":"registered","profile_image":"https://lh3.googleusercontent.com/a-/AFdZucqLTlhXstt0t5GphWwCJR4wyM6Z3xarlvNBcoKptw=k-s256","display_name":"Mike Steigerwald","link":"https://stackoverflow.com/users/21327368/mike-steigerwald"},"is_answered":true,"view_count":88,"answer_count":1,"score":1,"last_activity_date":1680869907,"creation_date":1680800272,"last_edit_date":1680868180,"question_id":75951993,"content_license":"CC BY-SA 4.0","link":"https://stackoverflow.com/questions/75951993/why-does-oledb-reject-a-query-that-works-in-ms-access","title":"Why does OleDb reject a query that works in MS Access?"},{"tags":["c","segmentation-fault","user-input"],"owner":{"account_id":25666395,"reputation":1,"user_id":19431277,"user_type":"registered","profile_image":"https://www.gravatar.com/avatar/d41b52f7d93dfa01ec1c6c2194cb8a94?s=256&d=identicon&r=PG&f=y&so-version=2","display_name":"IDKWhatImDoing","link":"https://stackoverflow.com/users/19431277/idkwhatimdoing"},"is_answered":false,"view_count":50,"answer_count":0,"score":0,"last_activity_date":1680800267,"creation_date":1680800267,"question_id":75951992,"content_license":"CC BY-SA 4.0","link":"https://stackoverflow.com/questions/75951992/why-do-i-get-a-segmenation-fault-in-my-code-c","title":"Why do I get a Segmenation Fault in my code? (C)"},{"tags":["python","pandas","numpy"],"owner":{"account_id":6024420,"reputation":403,"user_id":4730598,"user_type":"registered","profile_image":"https://www.gravatar.com/avatar/65ab87c3d27656f15b82b78596d1a5ce?s=256&d=identicon&r=PG&f=y&so-version=2","display_name":"Ison","link":"https://stackoverflow.com/users/4730598/ison"},"is_answered":true,"view_count":49,"accepted_answer_id":75952103,"answer_count":2,"score":0,"last_activity_date":1680801610,"creation_date":1680800247,"question_id":75951990,"content_license":"CC BY-SA 4.0","link":"https://stackoverflow.com/questions/75951990/problem-with-if-statement-not-equal-rule-doesnt-work","title":"problem with if statement? not equal rule doesnt work?"},{"tags":["reactjs","react-hooks","debouncing"],"owner":{"account_id":10613412,"reputation":1766,"user_id":7816606,"user_type":"registered","accept_rate":51,"profile_image":"https://www.gravatar.com/avatar/413023575318bb98b3df918729c9ee74?s=256&d=identicon&r=PG&f=y&so-version=2","display_name":"Aayushi","link":"https://stackoverflow.com/users/7816606/aayushi"},"is_answered":false,"view_count":144,"answer_count":1,"score":-2,"last_activity_date":1680854881,"creation_date":1680800246,"last_edit_date":1680854881,"question_id":75951989,"content_license":"CC BY-SA 4.0","link":"https://stackoverflow.com/questions/75951989/implement-debounce-using-usememo-and-usecallback","title":"Implement debounce using useMemo and useCallback"},{"tags":["dialogflow-es","chatbot"],"owner":{"account_id":18804397,"reputation":1,"user_id":13714062,"user_type":"registered","profile_image":"https://lh3.googleusercontent.com/a-/AOh14Gg9xISSyRzd-eFKbT4A88T2GEKu4pGdCDRdydWc0g=k-s256","display_name":"Shivang Shrivastav","link":"https://stackoverflow.com/users/13714062/shivang-shrivastav"},"is_answered":false,"view_count":22,"answer_count":1,"score":0,"last_activity_date":1680970074,"creation_date":1680800219,"question_id":75951986,"content_license":"CC BY-SA 4.0","link":"https://stackoverflow.com/questions/75951986/my-dialoglfow-chatbot-reply-time-from-the-bot-is-very-low-how-to-rectify-it","title":"My Dialoglfow chatbot reply time from the bot is very low. How to rectify it?"},{"tags":["salesforce","salesforce-lightning","salesforce-communities"],"owner":{"account_id":8258171,"reputation":61,"user_id":7050589,"user_type":"registered","profile_image":"https://www.gravatar.com/avatar/9fe4de247be0bbea51a6bc82a2522252?s=256&d=identicon&r=PG&f=y&so-version=2","display_name":"Noka","link":"https://stackoverflow.com/users/7050589/noka"},"is_answered":true,"view_count":81,"answer_count":1,"score":0,"last_activity_date":1680804601,"creation_date":1680800217,"question_id":75951985,"content_license":"CC BY-SA 4.0","link":"https://stackoverflow.com/questions/75951985/saleforce-outbound-change-set-equivalent-of-git-diff","title":"Saleforce outbound change set equivalent of git diff"},{"tags":["soap","java-11","apache-axis"],"owner":{"account_id":28234200,"reputation":1,"user_id":21582953,"user_type":"registered","profile_image":"https://www.gravatar.com/avatar/e33fa93fed3e66fa59953334f0100eaf?s=256&d=identicon&r=PG&f=y&so-version=2","display_name":"Techie","link":"https://stackoverflow.com/users/21582953/techie"},"is_answered":false,"view_count":77,"answer_count":0,"score":0,"last_activity_date":1680804881,"creation_date":1680800165,"last_edit_date":1680804881,"question_id":75951979,"content_license":"CC BY-SA 4.0","link":"https://stackoverflow.com/questions/75951979/getting-exception-org-apache-axis2-axisfault-undeclared-namespace-prefix-soa","title":"getting exception - org.apache.axis2.AxisFault: Undeclared namespace prefix &quot;soapenv&quot;"},{"tags":["google-apps-script"],"owner":{"account_id":2000688,"reputation":1175,"user_id":1791819,"user_type":"registered","accept_rate":34,"profile_image":"https://www.gravatar.com/avatar/4418c5e08c07213434c4b6346b63bfbf?s=256&d=identicon&r=PG","display_name":"morg","link":"https://stackoverflow.com/users/1791819/morg"},"is_answered":true,"view_count":30,"accepted_answer_id":75953823,"answer_count":1,"score":0,"last_activity_date":1680815533,"creation_date":1680800143,"question_id":75951974,"content_license":"CC BY-SA 4.0","link":"https://stackoverflow.com/questions/75951974/google-script-sendemail-doesnt-send-complete-message","title":"Google Script SendEmail doesn&#39;t send complete message"},{"tags":["javascript","google-chrome-extension"],"owner":{"account_id":3694461,"reputation":333,"user_id":3076241,"user_type":"registered","profile_image":"https://www.gravatar.com/avatar/c7c336b768175c11d3acd613be83f423?s=256&d=identicon&r=PG&f=y&so-version=2","display_name":"Tapialj","link":"https://stackoverflow.com/users/3076241/tapialj"},"is_answered":true,"view_count":62,"accepted_answer_id":75952044,"answer_count":1,"score":0,"last_activity_date":1680800719,"creation_date":1680800078,"last_edit_date":1680800351,"question_id":75951967,"content_license":"CC BY-SA 4.0","link":"https://stackoverflow.com/questions/75951967/confused-about-comma-separated-functions-looking-at-chrome-extension-code","title":"Confused about comma separated functions looking at chrome extension code"},{"tags":["debugging","uwp","windows-runtime","windows-store-apps","windows-10-universal"],"owner":{"account_id":82169,"reputation":3000,"user_id":231238,"user_type":"registered","accept_rate":45,"profile_image":"https://www.gravatar.com/avatar/79eacf8ee1b8da82f5baffd6ba94054e?s=256&d=identicon&r=PG","display_name":"LOST","link":"https://stackoverflow.com/users/231238/lost"},"is_answered":false,"view_count":80,"answer_count":1,"score":0,"last_activity_date":1681204966,"creation_date":1680800041,"last_edit_date":1680804344,"question_id":75951964,"content_license":"CC BY-SA 4.0","link":"https://stackoverflow.com/questions/75951964/how-to-determine-if-uwp-app-is-running-with-windows-open","title":"How to determine if UWP app is running with windows open?"},{"tags":["machine-learning","google-bigquery","artificial-intelligence"],"owner":{"account_id":15890014,"reputation":41,"user_id":11465413,"user_type":"registered","profile_image":"https://www.gravatar.com/avatar/de8846f83778f0eece1466260747bc5e?s=256&d=identicon&r=PG&f=y&so-version=2","display_name":"Deezelmunky","link":"https://stackoverflow.com/users/11465413/deezelmunky"},"is_answered":false,"view_count":82,"answer_count":2,"score":0,"last_activity_date":1682025229,"creation_date":1680800000,"question_id":75951962,"content_license":"CC BY-SA 4.0","link":"https://stackoverflow.com/questions/75951962/ml-model-on-bigquery-aborts-due-to-max-session-time-limit","title":"ML Model on BigQuery Aborts due to Max Session Time Limit"},{"tags":["fortran","hdf5"],"owner":{"account_id":23952640,"reputation":120,"user_id":17943969,"user_type":"registered","profile_image":"https://www.gravatar.com/avatar/556f00e0d50c837bcfad9f079e17a1ca?s=256&d=identicon&r=PG","display_name":"SarahJuliet1510","link":"https://stackoverflow.com/users/17943969/sarahjuliet1510"},"is_answered":false,"view_count":71,"answer_count":0,"score":0,"last_activity_date":1680801061,"creation_date":1680799998,"last_edit_date":1680801061,"question_id":75951961,"content_license":"CC BY-SA 4.0","link":"https://stackoverflow.com/questions/75951961/how-can-i-get-the-names-of-all-groups-linked-to-the-root-group-of-an-hdf5-file-i","title":"How can I get the names of all groups linked to the root group of an hdf5 file in Fortran?"},{"tags":["android","bluetooth","android-source","avrcp"],"owner":{"account_id":3422825,"reputation":11,"user_id":2869751,"user_type":"registered","profile_image":"https://graph.facebook.com/511632081/picture?type=large","display_name":"Bright Wang","link":"https://stackoverflow.com/users/2869751/bright-wang"},"is_answered":false,"view_count":182,"answer_count":0,"score":0,"last_activity_date":1680799979,"creation_date":1680799979,"question_id":75951958,"content_license":"CC BY-SA 4.0","link":"https://stackoverflow.com/questions/75951958/is-it-possible-to-support-both-a2dp-and-le-audio-in-android-aosp-at-the-same-tim","title":"Is It Possible To Support Both A2DP And LE Audio In Android AOSP At The Same Time?"},{"tags":["shell","folderbrowserdialog","autolisp"],"owner":{"account_id":11667736,"reputation":121,"user_id":8543948,"user_type":"registered","profile_image":"https://www.gravatar.com/avatar/bddbf4d864018024be54283ee89d3dab?s=256&d=identicon&r=PG&f=y&so-version=2","display_name":"G Beck","link":"https://stackoverflow.com/users/8543948/g-beck"},"is_answered":true,"view_count":217,"accepted_answer_id":75953788,"answer_count":1,"score":-1,"last_activity_date":1680897579,"creation_date":1680799976,"last_edit_date":1680897579,"question_id":75951957,"content_license":"CC BY-SA 4.0","link":"https://stackoverflow.com/questions/75951957/explorer-browse-for-folder","title":"Explorer &quot;Browse for Folder&quot;"},{"tags":["java","oauth-2.0","adobe","analytics"],"owner":{"account_id":471470,"reputation":1217,"user_id":879293,"user_type":"registered","accept_rate":24,"profile_image":"https://www.gravatar.com/avatar/48acd36b88d1c949fbcf55ebd3fb784a?s=256&d=identicon&r=PG","display_name":"Sri","link":"https://stackoverflow.com/users/879293/sri"},"is_answered":false,"view_count":37,"answer_count":0,"score":0,"last_activity_date":1680799954,"creation_date":1680799954,"question_id":75951956,"content_license":"CC BY-SA 4.0","link":"https://stackoverflow.com/questions/75951956/java-adobe-analytics-oauth-access-token","title":"java adobe analytics oauth access token"},{"tags":["python","pip","python-module","python-packaging","pythonpath"],"owner":{"account_id":21144098,"reputation":456,"user_id":15545814,"user_type":"registered","profile_image":"https://i.stack.imgur.com/QxEMU.jpg?s=256&g=1","display_name":"LWB","link":"https://stackoverflow.com/users/15545814/lwb"},"is_answered":true,"view_count":571,"accepted_answer_id":75952384,"answer_count":2,"score":2,"last_activity_date":1680804357,"creation_date":1680799919,"question_id":75951948,"content_license":"CC BY-SA 4.0","link":"https://stackoverflow.com/questions/75951948/pip-installs-packages-in-the-wrong-directory","title":"Pip installs packages in the wrong directory"},{"tags":["mysql"],"owner":{"account_id":28234152,"reputation":1,"user_id":21582917,"user_type":"registered","profile_image":"https://i.stack.imgur.com/e47pP.jpg?s=256&g=1","display_name":"stackReset","link":"https://stackoverflow.com/users/21582917/stackreset"},"is_answered":false,"view_count":23,"answer_count":0,"score":0,"last_activity_date":1680894454,"creation_date":1680799882,"last_edit_date":1680894454,"question_id":75951941,"content_license":"CC BY-SA 4.0","link":"https://stackoverflow.com/questions/75951941/naitive-err-1055-expression-1","title":"Naitive :[Err] 1055 - Expression #1"},{"tags":["kubernetes","prometheus","kubernetes-helm","kube-prometheus-stack"],"owner":{"account_id":25520105,"reputation":33,"user_id":19310176,"user_type":"registered","profile_image":"https://www.gravatar.com/avatar/226e115bd59b39ae5ca1a003bf6eace8?s=256&d=identicon&r=PG","display_name":"skp15","link":"https://stackoverflow.com/users/19310176/skp15"},"is_answered":true,"view_count":746,"answer_count":1,"score":1,"last_activity_date":1695551165,"creation_date":1680799882,"last_edit_date":1695551165,"question_id":75951940,"content_license":"CC BY-SA 4.0","link":"https://stackoverflow.com/questions/75951940/remove-grafana-and-alertmanager-while-installing-kube-prometheus-stack","title":"Remove Grafana and Alertmanager while installing kube-prometheus-stack"},{"tags":["google-chrome","google-chrome-extension"],"owner":{"account_id":28234202,"reputation":1,"user_id":21582955,"user_type":"registered","profile_image":"https://www.gravatar.com/avatar/e16deee0cfa0746a3fdf4791edd2b774?s=256&d=identicon&r=PG&f=y&so-version=2","display_name":"gator123","link":"https://stackoverflow.com/users/21582955/gator123"},"is_answered":false,"view_count":400,"answer_count":0,"score":0,"last_activity_date":1680803919,"creation_date":1680799877,"last_edit_date":1680803919,"question_id":75951939,"content_license":"CC BY-SA 4.0","link":"https://stackoverflow.com/questions/75951939/chrome-extension-invalid-value-for-icons-error","title":"Chrome extension Invalid value for &#39;icons&#39; error"},{"tags":["shell","web-scraping","xpath","xidel","hacker-news-api"],"owner":{"account_id":14236857,"reputation":581,"user_id":10284437,"user_type":"registered","profile_image":"https://i.stack.imgur.com/e4mfN.jpg?s=256&g=1","display_name":"M&#233;vatlav&#233; Kraspek","link":"https://stackoverflow.com/users/10284437/m%c3%a9vatlav%c3%a9-kraspek"},"is_answered":true,"view_count":95,"accepted_answer_id":75957497,"answer_count":3,"score":1,"last_activity_date":1680862521,"creation_date":1680799863,"last_edit_date":1680862521,"question_id":75951938,"content_license":"CC BY-SA 4.0","link":"https://stackoverflow.com/questions/75951938/xidel-wrong-order-of-results-on-hacker-news","title":"xidel: wrong order of results on hacker news"},{"tags":["python","csv"],"owner":{"account_id":25475470,"reputation":29,"user_id":19272828,"user_type":"registered","profile_image":"https://lh3.googleusercontent.com/a/AATXAJyCxpEie92P2xB2VUvaSt3lwDiB5oJM2oBoo8eH=k-s256","display_name":"pythonpaul007","link":"https://stackoverflow.com/users/19272828/pythonpaul007"},"is_answered":false,"view_count":68,"answer_count":0,"score":0,"last_activity_date":1680799844,"creation_date":1680799844,"question_id":75951937,"content_license":"CC BY-SA 4.0","link":"https://stackoverflow.com/questions/75951937/combining-duplicate-column-headers-in-a-csv-using-python","title":"Combining duplicate column headers in a CSV using python"},{"tags":["c#","asp.net-core",".net-core","xunit","fakeiteasy"],"owner":{"user_type":"does_not_exist","display_name":"user21582911"},"is_answered":false,"view_count":221,"answer_count":2,"score":0,"last_activity_date":1680802051,"creation_date":1680799797,"last_edit_date":1680800426,"question_id":75951931,"content_license":"CC BY-SA 4.0","link":"https://stackoverflow.com/questions/75951931/how-to-fake-dbcontextoptions","title":"How to fake DbContextOptions"},{"tags":["r","dataframe","dplyr","tidyverse"],"owner":{"account_id":14743211,"reputation":558,"user_id":10647335,"user_type":"registered","profile_image":"https://lh3.googleusercontent.com/-dKHl0wX9nHQ/AAAAAAAAAAI/AAAAAAAAAxc/bx_0WkwnJvw/photo.jpg?sz=256","display_name":"Jim","link":"https://stackoverflow.com/users/10647335/jim"},"is_answered":true,"view_count":52,"accepted_answer_id":75952166,"answer_count":1,"score":1,"last_activity_date":1680850703,"creation_date":1680799792,"last_edit_date":1680801880,"question_id":75951930,"content_license":"CC BY-SA 4.0","link":"https://stackoverflow.com/questions/75951930/group-by-and-summarise-a-column-into-defined-breaks","title":"group by and summarise a column into defined breaks"},{"tags":["python-3.x","callback"],"owner":{"account_id":28233935,"reputation":1,"user_id":21582725,"user_type":"registered","profile_image":"https://www.gravatar.com/avatar/bf2d2993e9a23a04ac3d7f77e820e104?s=256&d=identicon&r=PG&f=y&so-version=2","display_name":"YaOo","link":"https://stackoverflow.com/users/21582725/yaoo"},"is_answered":false,"view_count":50,"answer_count":0,"score":0,"last_activity_date":1680804262,"creation_date":1680799779,"question_id":75951928,"content_license":"CC BY-SA 4.0","link":"https://stackoverflow.com/questions/75951928/plotly-dash-nonexistent-object-after-the-callback-is-firered-twice","title":"Plotly Dash - nonexistent object after the callback is firered twice"},{"tags":["javascript","database","firebase","google-cloud-firestore","google-cloud-functions"],"owner":{"account_id":27613517,"reputation":25,"user_id":21076095,"user_type":"registered","profile_image":"https://lh3.googleusercontent.com/a/AEdFTp4NC9vJhDQ22f5zm-WoAcAvpKciDQ1e9tbsZjrm=k-s256","display_name":"ReDue","link":"https://stackoverflow.com/users/21076095/redue"},"is_answered":true,"view_count":37,"accepted_answer_id":75953885,"answer_count":1,"score":1,"last_activity_date":1680885189,"creation_date":1680799770,"question_id":75951926,"content_license":"CC BY-SA 4.0","link":"https://stackoverflow.com/questions/75951926/issue-with-programming-a-firebase-cloud-function-which-deletes-documents-in-a-co","title":"Issue with programming a firebase cloud function which deletes documents in a collection if certain conditions are met"}],"has_more":true,"quota_max":300,"quota_remaining":88}