{"items":[{"tags":["ruby-on-rails","google-tag-manager","google-datalayer"],"owner":{"account_id":8769665,"reputation":144,"user_id":6556939,"user_type":"registered","profile_image":"https://i.stack.imgur.com/maXoM.jpg?s=256&g=1","display_name":"Remya CV","link":"https://stackoverflow.com/users/6556939/remya-cv"},"is_answered":false,"view_count":139,"answer_count":1,"score":0,"last_activity_date":1680758187,"creation_date":1680757199,"question_id":75945961,"content_license":"CC BY-SA 4.0","link":"https://stackoverflow.com/questions/75945961/how-to-test-datalayer-events-implemented-in-ruby-code-in-google-tag-manager","title":"How to test dataLayer events implemented in Ruby code in Google Tag Manager"},{"tags":["git","push","commit","git-amend"],"owner":{"account_id":3217104,"reputation":3158,"user_id":2715498,"user_type":"registered","accept_rate":50,"profile_image":"https://graph.facebook.com/659669157/picture?type=large","display_name":"Gyula S&#225;muel Karli","link":"https://stackoverflow.com/users/2715498/gyula-s%c3%a1muel-karli"},"is_answered":true,"view_count":81,"answer_count":2,"score":1,"last_activity_date":1681284743,"creation_date":1680757159,"last_edit_date":1681270604,"question_id":75945958,"content_license":"CC BY-SA 4.0","link":"https://stackoverflow.com/questions/75945958/can-i-decide-in-git-that-the-last-commit-is-pushed","title":"Can I decide in Git that the last commit is pushed?"},{"tags":["doxygen","doxygen-addtogroup"],"owner":{"account_id":28228704,"reputation":3,"user_id":21578260,"user_type":"registered","profile_image":"https://www.gravatar.com/avatar/21b2608832e7155d3df84265973ffcb9?s=256&d=identicon&r=PG&f=y&so-version=2","display_name":"anard","link":"https://stackoverflow.com/users/21578260/anard"},"is_answered":true,"view_count":148,"accepted_answer_id":75947061,"answer_count":1,"score":0,"last_activity_date":1681144871,"creation_date":1680757143,"last_edit_date":1681144871,"question_id":75945956,"content_license":"CC BY-SA 4.0","link":"https://stackoverflow.com/questions/75945956/in-doxygen-how-do-i-overwrite-a-group-title-to-remove-the-group-warning-saying","title":"In Doxygen, how do I overwrite a group title to remove the group warning saying &quot;ignoring title %s that does not match old title %s&quot;?"},{"tags":["flutter","audio-service"],"owner":{"account_id":27988059,"reputation":11,"user_id":21374479,"user_type":"registered","profile_image":"https://lh3.googleusercontent.com/a/AGNmyxYeJ_VtcqloYuZJXqvaf7IQL-lziFsuI2rxp2Pj=k-s256","display_name":"Priyank","link":"https://stackoverflow.com/users/21374479/priyank"},"is_answered":false,"view_count":41,"answer_count":0,"score":1,"last_activity_date":1680757191,"creation_date":1680757135,"last_edit_date":1680757191,"question_id":75945955,"content_license":"CC BY-SA 4.0","link":"https://stackoverflow.com/questions/75945955/lock-screen-audio-player-notification-not-appearing-when-target-sdk-is-33","title":"Lock screen audio player notification not appearing when target SDK is 33"},{"tags":["php","mysql","laravel","laravel-5","laravel-query-builder"],"owner":{"account_id":25656918,"reputation":13,"user_id":19423176,"user_type":"registered","profile_image":"https://www.gravatar.com/avatar/d9cd1cb27aee5d094c604dbd8a78b55f?s=256&d=identicon&r=PG","display_name":"Muralidharan","link":"https://stackoverflow.com/users/19423176/muralidharan"},"is_answered":false,"view_count":27,"answer_count":1,"score":0,"last_activity_date":1680766691,"creation_date":1680757116,"last_edit_date":1680758942,"question_id":75945953,"content_license":"CC BY-SA 4.0","link":"https://stackoverflow.com/questions/75945953/type-error-too-few-arguments-to-function-app-http-controllers-gst-billing-wosbi","title":"Type error: Too few arguments to function App\\Http\\Controllers\\gst_billing\\WOSBillingController::index(), 0 passed and exactly 1 expected"},{"tags":["javascript"],"owner":{"account_id":28228751,"reputation":19,"user_id":21578307,"user_type":"registered","profile_image":"https://i.stack.imgur.com/dCE7V.jpg?s=256&g=1","display_name":"Grateful","link":"https://stackoverflow.com/users/21578307/grateful"},"is_answered":false,"view_count":20,"answer_count":0,"score":1,"last_activity_date":1680757088,"creation_date":1680757088,"question_id":75945950,"content_license":"CC BY-SA 4.0","link":"https://stackoverflow.com/questions/75945950/how-to-use-google-appscript-to-add-up-specific-amount-of-values-separated-by-nam","title":"How to use Google Appscript to add up specific amount of values separated by names/emails?"},{"tags":["r","rvest"],"owner":{"account_id":24293293,"reputation":7,"user_id":18237909,"user_type":"registered","profile_image":"https://lh3.googleusercontent.com/a-/AOh14GhAMBi4xkshucPazs2nyzacZQbrysazWopWWrbYsA=k-s256","display_name":"Jakiepoo21","link":"https://stackoverflow.com/users/18237909/jakiepoo21"},"is_answered":true,"view_count":86,"accepted_answer_id":75954404,"answer_count":1,"score":0,"last_activity_date":1680901907,"creation_date":1680757068,"last_edit_date":1680773667,"question_id":75945949,"content_license":"CC BY-SA 4.0","link":"https://stackoverflow.com/questions/75945949/rvest-web-scraping-characterempty","title":"Rvest web scraping, character(empty)"},{"tags":["api"],"owner":{"account_id":24033998,"reputation":106,"user_id":18014482,"user_type":"registered","profile_image":"https://lh3.googleusercontent.com/a-/AOh14Gg4IMNeM_7gcht9733_U06xT1XDaY2G25YgGgBN=k-s256","display_name":"Abdul Qayyum","link":"https://stackoverflow.com/users/18014482/abdul-qayyum"},"is_answered":false,"view_count":220,"answer_count":0,"score":1,"last_activity_date":1680757006,"creation_date":1680757006,"question_id":75945947,"content_license":"CC BY-SA 4.0","link":"https://stackoverflow.com/questions/75945947/creating-updating-activity-conversation-in-gohighlevel-using-api","title":"Creating &amp; Updating Activity/Conversation in goHighLevel using API"},{"tags":["python","jupyter-notebook","data-science","jupyter","jupyter-lab"],"owner":{"account_id":21140255,"reputation":13,"user_id":15542816,"user_type":"registered","profile_image":"https://lh3.googleusercontent.com/a-/AOh14Ghvbs1YtRlaPH_bIQNtk-j0viQt8o-yw_OOLrzLRA=k-s256","display_name":"Ramakant Shakya","link":"https://stackoverflow.com/users/15542816/ramakant-shakya"},"is_answered":false,"view_count":148,"answer_count":0,"score":0,"last_activity_date":1680763827,"creation_date":1680756982,"last_edit_date":1680763827,"question_id":75945944,"content_license":"CC BY-SA 4.0","link":"https://stackoverflow.com/questions/75945944/token-is-missing-from-jupyter-lab","title":"token is missing from jupyter lab"},{"tags":["javascript","node.js","express","ejs"],"owner":{"account_id":27248315,"reputation":39,"user_id":20773225,"user_type":"registered","profile_image":"https://www.gravatar.com/avatar/0b9ab403f3ec19fa92c0654600390718?s=256&d=identicon&r=PG","display_name":"Niks Banna","link":"https://stackoverflow.com/users/20773225/niks-banna"},"is_answered":false,"view_count":41,"answer_count":0,"score":0,"last_activity_date":1680760955,"creation_date":1680756965,"last_edit_date":1680760955,"question_id":75945943,"content_license":"CC BY-SA 4.0","link":"https://stackoverflow.com/questions/75945943/ejs-is-showing-my-response-locals-variable-undefined","title":"ejs is showing my response.locals variable undefined"},{"tags":["python","html","sqlite","flask"],"owner":{"account_id":26418325,"reputation":1,"user_id":20066355,"user_type":"registered","profile_image":"https://www.gravatar.com/avatar/6b6a9bfb455bacda2db1e89115e2765a?s=256&d=identicon&r=PG","display_name":"user20066355","link":"https://stackoverflow.com/users/20066355/user20066355"},"is_answered":false,"view_count":97,"answer_count":1,"score":0,"last_activity_date":1680765776,"creation_date":1680756917,"question_id":75945940,"content_license":"CC BY-SA 4.0","link":"https://stackoverflow.com/questions/75945940/display-a-picture-from-my-sqlite3-database-on-my-python-flask-web-app","title":"Display a picture from my sqlite3 database on my python flask web app"},{"tags":["c#","wpf"],"owner":{"account_id":14034082,"reputation":1,"user_id":10137192,"user_type":"registered","profile_image":"https://www.gravatar.com/avatar/1ed88bc82247164b48fd99dceb7f2b1f?s=256&d=identicon&r=PG&f=y&so-version=2","display_name":"Priyanka Anbalagan","link":"https://stackoverflow.com/users/10137192/priyanka-anbalagan"},"is_answered":false,"view_count":27,"answer_count":1,"score":0,"last_activity_date":1680758150,"creation_date":1680756845,"last_edit_date":1680757668,"question_id":75945937,"content_license":"CC BY-SA 4.0","link":"https://stackoverflow.com/questions/75945937/how-to-invoke-the-subscribed-method-using-separate-thread-in-wpf","title":"How to invoke the subscribed method using separate thread in WPF"},{"tags":["javascript","reactjs","express","axios","mern"],"owner":{"account_id":19214821,"reputation":21,"user_id":14039782,"user_type":"registered","profile_image":"https://graph.facebook.com/145857387171828/picture?type=large","display_name":"Abu Sayem","link":"https://stackoverflow.com/users/14039782/abu-sayem"},"is_answered":false,"view_count":97,"answer_count":1,"score":1,"last_activity_date":1680757635,"creation_date":1680756844,"question_id":75945936,"content_license":"CC BY-SA 4.0","link":"https://stackoverflow.com/questions/75945936/why-when-upload-files-images-using-axios-multer-cloudinary-get-error-erofs","title":"Why when upload files/images using axios, multer, cloudinary. get Error: EROFS: read-only file system"},{"tags":["assembly","x86","midi","tasm","dosbox"],"owner":{"account_id":19580151,"reputation":7,"user_id":14329394,"user_type":"registered","profile_image":"https://lh4.googleusercontent.com/-Hc20Y-6vgAA/AAAAAAAAAAI/AAAAAAAAAAA/AMZuucn70ntcFHw1r5-hlE4ZjeNOAEBkTA/photo.jpg?sz=256","display_name":"Raz Schiffman","link":"https://stackoverflow.com/users/14329394/raz-schiffman"},"is_answered":true,"view_count":81,"closed_date":1681773309,"answer_count":1,"score":-1,"last_activity_date":1680861078,"creation_date":1680756838,"last_edit_date":1680756936,"question_id":75945935,"link":"https://stackoverflow.com/questions/75945935/how-do-i-play-a-midi-file-in-assembly-x86-dosbox-tasm","closed_reason":"Needs details or clarity","title":"How do I play a midi file in assembly x86 DOSBox tasm?"},{"tags":["vuejs3","vue-suspense"],"owner":{"account_id":20029863,"reputation":45,"user_id":14682889,"user_type":"registered","profile_image":"https://www.gravatar.com/avatar/4c948822886670a1a27df71b5a02344d?s=256&d=identicon&r=PG&f=y&so-version=2","display_name":"Lea","link":"https://stackoverflow.com/users/14682889/lea"},"is_answered":true,"view_count":174,"answer_count":1,"score":1,"last_activity_date":1682604856,"creation_date":1680756750,"question_id":75945930,"content_license":"CC BY-SA 4.0","link":"https://stackoverflow.com/questions/75945930/error-suspense-resolve-is-called-without-a-pending-branch-vue-3","title":"Error: suspense.resolve() is called without a pending branch (Vue 3)"},{"tags":["python","pytorch"],"owner":{"account_id":5577949,"reputation":2656,"user_id":4420797,"user_type":"registered","profile_image":"https://lh3.googleusercontent.com/-uPAoqbuB0jM/AAAAAAAAAAI/AAAAAAAABSo/dpT-k2C_ddM/photo.jpg?sz=256","display_name":"Khawar Islam","link":"https://stackoverflow.com/users/4420797/khawar-islam"},"is_answered":false,"view_count":347,"answer_count":0,"score":0,"last_activity_date":1680763445,"creation_date":1680756728,"last_edit_date":1680763445,"question_id":75945928,"content_license":"CC BY-SA 4.0","link":"https://stackoverflow.com/questions/75945928/pytorch-runtimeerror-cuda-error-device-side-assert-triggered-on-cuda-11-7","title":"Pytorch: RuntimeError: CUDA error: device-side assert triggered on CUDA 11.7"},{"tags":["python-2.7","ssl"],"owner":{"account_id":27953475,"reputation":33,"user_id":21346777,"user_type":"registered","profile_image":"https://www.gravatar.com/avatar/e838395dfe00535501fbae41df36628f?s=256&d=identicon&r=PG","display_name":"Trevor Philip","link":"https://stackoverflow.com/users/21346777/trevor-philip"},"is_answered":false,"view_count":249,"answer_count":1,"score":0,"last_activity_date":1694393035,"creation_date":1680756717,"last_edit_date":1680766379,"question_id":75945926,"content_license":"CC BY-SA 4.0","link":"https://stackoverflow.com/questions/75945926/ssl-error-while-building-python-2-7-18-from-source","title":"SSL Error while building Python 2.7.18 from source"},{"tags":["dart"],"owner":{"account_id":24895217,"reputation":11,"user_id":18766553,"user_type":"registered","profile_image":"https://lh3.googleusercontent.com/a/AATXAJyx4CYr6xixONd6juGSHSVrZIO530CMzh9uWXmO=k-s256","display_name":"Joanna Findura","link":"https://stackoverflow.com/users/18766553/joanna-findura"},"is_answered":false,"view_count":33,"answer_count":0,"score":0,"last_activity_date":1680758764,"creation_date":1680756696,"question_id":75945924,"content_license":"CC BY-SA 4.0","link":"https://stackoverflow.com/questions/75945924/null-check-operator-used-on-a-null-value-in-dart-code","title":"Null check operator used on a null value in dart code"},{"tags":["jquery","ajax",".net-core"],"owner":{"account_id":9995149,"reputation":41,"user_id":7392951,"user_type":"registered","profile_image":"https://graph.facebook.com/1674714469222123/picture?type=large","display_name":"Kamal Timalsina","link":"https://stackoverflow.com/users/7392951/kamal-timalsina"},"is_answered":false,"view_count":23,"answer_count":0,"score":1,"last_activity_date":1680756984,"creation_date":1680756680,"last_edit_date":1680756984,"question_id":75945922,"content_license":"CC BY-SA 4.0","link":"https://stackoverflow.com/questions/75945922/formdata-list-data-not-able-to-post-in-controller","title":"FormData list data not able to post in controller"},{"tags":["date","google-sheets","hyperlink","sql-date-functions"],"owner":{"account_id":28228731,"reputation":1,"user_id":21578286,"user_type":"registered","profile_image":"https://www.gravatar.com/avatar/be59198a9479369dfe37bfb337b9054c?s=256&d=identicon&r=PG&f=y&so-version=2","display_name":"Izl","link":"https://stackoverflow.com/users/21578286/izl"},"is_answered":false,"view_count":40,"answer_count":0,"score":0,"last_activity_date":1680760464,"creation_date":1680756677,"last_edit_date":1680760464,"question_id":75945921,"content_license":"CC BY-SA 4.0","link":"https://stackoverflow.com/questions/75945921/how-can-i-link-to-last-weeks-date-in-a-given-row-and-return-the-correct-date-us","title":"How can I link to last week&#39;s date in a given row and return the correct date using a hyperlink in google sheets"},{"tags":["flutter","exception","debugging","firebase-storage"],"owner":{"account_id":21003656,"reputation":11,"user_id":15433939,"user_type":"registered","profile_image":"https://lh3.googleusercontent.com/a-/AOh14Gj2dP4YJ02Xlg5YTibAW0-fiMd-94dvXVMPQ9Lp=k-s256","display_name":"085Pushpraj Singh Pawar","link":"https://stackoverflow.com/users/15433939/085pushpraj-singh-pawar"},"is_answered":false,"view_count":56,"answer_count":0,"score":1,"last_activity_date":1680787617,"creation_date":1680756668,"last_edit_date":1680787617,"question_id":75945920,"content_license":"CC BY-SA 4.0","link":"https://stackoverflow.com/questions/75945920/how-to-properly-handle-any-exceptions-while-uploading-in-firebase-storage-in-flu","title":"How to properly handle any exceptions while uploading in firebase storage in flutter"},{"tags":["python","django"],"owner":{"account_id":27827629,"reputation":1,"user_id":21246728,"user_type":"registered","profile_image":"https://lh3.googleusercontent.com/a/AEdFTp7N2T83Yit96Bn9lB00JeAjcu6J3fVmkN7UWqnP=k-s256","display_name":"zeyad moustafa","link":"https://stackoverflow.com/users/21246728/zeyad-moustafa"},"is_answered":false,"view_count":38,"answer_count":0,"score":0,"last_activity_date":1680756654,"creation_date":1680756654,"question_id":75945918,"content_license":"CC BY-SA 4.0","link":"https://stackoverflow.com/questions/75945918/why-i-got-error-message-in-the-form-even-if-it-has-a-correct-info","title":"Why I got error message in the form even if it has a correct info"},{"tags":["python","pip"],"owner":{"account_id":18544929,"reputation":367,"user_id":13512544,"user_type":"registered","profile_image":"https://lh3.googleusercontent.com/-hU5T6yfsLGU/AAAAAAAAAAI/AAAAAAAAAAA/AAKWJJMzy93qM5_7z531nQIDBWMZKWXsJw/photo.jpg?sz=256","display_name":"Pro Poop","link":"https://stackoverflow.com/users/13512544/pro-poop"},"is_answered":true,"view_count":160,"accepted_answer_id":75949550,"answer_count":2,"score":-1,"last_activity_date":1680869446,"creation_date":1680756603,"question_id":75945914,"content_license":"CC BY-SA 4.0","link":"https://stackoverflow.com/questions/75945914/python-saying-that-module-doesnt-exist","title":"Python saying that module doesn&#39;t exist"},{"tags":["kubernetes","kubernetes-helm","jsonschema"],"owner":{"account_id":3459683,"reputation":256,"user_id":2897200,"user_type":"registered","accept_rate":58,"profile_image":"https://www.gravatar.com/avatar/6cd47eaec3560fc3dc2db5e37c11ea94?s=256&d=identicon&r=PG&f=y&so-version=2","display_name":"Saran","link":"https://stackoverflow.com/users/2897200/saran"},"is_answered":false,"view_count":159,"answer_count":0,"score":0,"last_activity_date":1697315760,"creation_date":1680756596,"last_edit_date":1697315760,"question_id":75945912,"content_license":"CC BY-SA 4.0","link":"https://stackoverflow.com/questions/75945912/helm-check-if-the-string-is-valid-base64-enc-or-not","title":"helm - check if the string is valid base64 enc or not"},{"tags":["c#","lambda","extension-methods"],"owner":{"account_id":1537995,"reputation":4317,"user_id":2427359,"user_type":"registered","accept_rate":62,"profile_image":"https://i.stack.imgur.com/DZIlA.jpg?s=256&g=1","display_name":"Simon","link":"https://stackoverflow.com/users/2427359/simon"},"is_answered":true,"view_count":68,"accepted_answer_id":75947055,"answer_count":2,"score":2,"last_activity_date":1680767419,"creation_date":1680756503,"last_edit_date":1680760398,"question_id":75945909,"content_license":"CC BY-SA 4.0","link":"https://stackoverflow.com/questions/75945909/how-to-decide-with-lambda-expression-which-property-should-be-handled","title":"How to decide with lambda expression which property should be handled?"},{"tags":["java","mysql","hibernate","jpa","database-connection"],"owner":{"account_id":10252307,"reputation":115,"user_id":8310489,"user_type":"registered","profile_image":"https://i.stack.imgur.com/J6BmD.png?s=256&g=1","display_name":"Marco Aur&#233;lio Lopes J&#250;nior","link":"https://stackoverflow.com/users/8310489/marco-aur%c3%a9lio-lopes-j%c3%banior"},"is_answered":false,"view_count":19,"closed_date":1680758313,"answer_count":0,"score":0,"last_activity_date":1680756492,"creation_date":1680756492,"question_id":75945908,"link":"https://stackoverflow.com/questions/75945908/unable-to-connect-in-mysql-database-due-to-sql-driver-not-initialized","closed_reason":"Duplicate","title":"Unable to connect in MySQL database due to sql driver not initialized"},{"tags":["aws-lambda","graphql","nestjs","typegraphql","graphql-federation"],"owner":{"account_id":28228689,"reputation":1,"user_id":21578251,"user_type":"registered","profile_image":"https://lh3.googleusercontent.com/a/AGNmyxazvwCQDcUh2KEokA1fBiW7BUtk3sM1hJwExyPFPQ=k-s256","display_name":"Thilina Sandakelum","link":"https://stackoverflow.com/users/21578251/thilina-sandakelum"},"is_answered":false,"view_count":43,"answer_count":0,"score":0,"last_activity_date":1680756434,"creation_date":1680756434,"question_id":75945905,"content_license":"CC BY-SA 4.0","link":"https://stackoverflow.com/questions/75945905/configure-graphql-federation-with-nest-js","title":"Configure Graphql federation with nest js"},{"tags":["javascript","typescript","zod"],"owner":{"account_id":25183619,"reputation":407,"user_id":19698303,"user_type":"registered","profile_image":"https://www.gravatar.com/avatar/4f67a1f89621871e90b58a45c38b1c7e?s=256&d=identicon&r=PG","display_name":"baitendbidz","link":"https://stackoverflow.com/users/19698303/baitendbidz"},"is_answered":true,"view_count":1514,"accepted_answer_id":75964760,"answer_count":1,"score":5,"last_activity_date":1680950791,"creation_date":1680756431,"question_id":75945904,"content_license":"CC BY-SA 4.0","link":"https://stackoverflow.com/questions/75945904/zod-typeerror-cannot-read-properties-of-undefined-reading-parse","title":"zod TypeError: Cannot read properties of undefined (reading &#39;_parse&#39;)"},{"tags":[".net","docker-compose","kibana"],"owner":{"account_id":27607602,"reputation":3,"user_id":21071380,"user_type":"registered","profile_image":"https://lh3.googleusercontent.com/a/AEdFTp6NGzJDRCxzJM4YiP2t79wOPWQrnvmU8VUHzpRK=k-s256","display_name":"Bester_Dev","link":"https://stackoverflow.com/users/21071380/bester-dev"},"is_answered":false,"view_count":179,"answer_count":0,"score":0,"last_activity_date":1680756378,"creation_date":1680756378,"question_id":75945901,"content_license":"CC BY-SA 4.0","link":"https://stackoverflow.com/questions/75945901/send-application-logs-to-elk-stack-in-docker","title":"Send application logs to ELK stack in Docker"},{"tags":["c#","json","asp.net-core","dotnet-httpclient"],"owner":{"account_id":763565,"reputation":1671,"user_id":788301,"user_type":"registered","accept_rate":10,"profile_image":"https://www.gravatar.com/avatar/cc13a41d7a4e7e0c796dc33de8d44a27?s=256&d=identicon&r=PG","display_name":"ILIA BROUDNO","link":"https://stackoverflow.com/users/788301/ilia-broudno"},"is_answered":true,"view_count":230,"accepted_answer_id":75948918,"answer_count":1,"score":-1,"last_activity_date":1680820902,"creation_date":1680756365,"last_edit_date":1680766232,"question_id":75945900,"content_license":"CC BY-SA 4.0","link":"https://stackoverflow.com/questions/75945900/deserialize-json-of-unknown-type-in-asp-net-core-c","title":"Deserialize JSON of unknown type in ASP.NET Core C#"}],"has_more":true,"quota_max":300,"quota_remaining":90}