{"items":[{"tags":["ios","xamarin","xamarin.forms","xamarin.ios"],"owner":{"account_id":19947322,"reputation":1,"user_id":14617691,"user_type":"registered","profile_image":"https://www.gravatar.com/avatar/846468c75c07b5d8dee3c7ddb2af499a?s=256&d=identicon&r=PG&f=y&so-version=2","display_name":"Ravi Nalla","link":"https://stackoverflow.com/users/14617691/ravi-nalla"},"is_answered":false,"view_count":89,"answer_count":0,"score":0,"last_activity_date":1679915544,"creation_date":1679893183,"last_edit_date":1679915544,"question_id":75852260,"content_license":"CC BY-SA 4.0","link":"https://stackoverflow.com/questions/75852260/images-zooming-out-and-not-able-to-zoom-in-photos-taken-via-camera-in-ios","title":"images Zooming out and not able to zoom in photos taken via camera in iOS"},{"tags":["ios","macos","swiftui","notifications","icloud"],"owner":{"account_id":6694302,"reputation":1,"user_id":5162809,"user_type":"registered","profile_image":"https://www.gravatar.com/avatar/4f48abcdb420fa24fd3cac07274cf426?s=256&d=identicon&r=PG&f=y&so-version=2","display_name":"Sanggyu Nam","link":"https://stackoverflow.com/users/5162809/sanggyu-nam"},"is_answered":false,"view_count":29,"answer_count":0,"score":0,"last_activity_date":1679893157,"creation_date":1679893157,"question_id":75852258,"content_license":"CC BY-SA 4.0","link":"https://stackoverflow.com/questions/75852258/icloud-change-notification-not-work-on-ios-but-work-on-macos","title":"iCloud change notification not work on iOS but work on macOS?"},{"tags":["swift","api","authentication","google-oauth"],"owner":{"account_id":27786787,"reputation":11,"user_id":21214072,"user_type":"registered","profile_image":"https://i.stack.imgur.com/spPKe.jpg?s=256&g=1","display_name":"Ryan Reid","link":"https://stackoverflow.com/users/21214072/ryan-reid"},"is_answered":false,"view_count":59,"answer_count":0,"score":0,"last_activity_date":1679893139,"creation_date":1679893139,"question_id":75852257,"content_license":"CC BY-SA 4.0","link":"https://stackoverflow.com/questions/75852257/login-to-website-with-google-auth-2-entirely-programmatically-using-api-calls","title":"Login to Website with Google Auth 2 Entirely Programmatically Using API Calls"},{"tags":["java","android","firebase","google-cloud-firestore"],"owner":{"account_id":26210450,"reputation":13,"user_id":19889412,"user_type":"registered","profile_image":"https://lh3.googleusercontent.com/a/AItbvmkhprqufVSbch0SYRCSAH_ag4lnY5XP4XCal0X1fQ=k-s256","display_name":"Raz Dar","link":"https://stackoverflow.com/users/19889412/raz-dar"},"is_answered":false,"view_count":20,"closed_date":1679896874,"answer_count":0,"score":0,"last_activity_date":1679933992,"creation_date":1679893109,"last_edit_date":1679933992,"question_id":75852253,"link":"https://stackoverflow.com/questions/75852253/how-to-check-if-a-document-exists-in-a-firestore-collection","closed_reason":"Duplicate","title":"How to check if a document exists in a firestore collection"},{"tags":["c++","lambda"],"owner":{"account_id":8897555,"reputation":412,"user_id":6642051,"user_type":"registered","profile_image":"https://i.stack.imgur.com/CrwD0.png?s=256&g=1","display_name":"ProgramGamer","link":"https://stackoverflow.com/users/6642051/programgamer"},"is_answered":true,"view_count":77,"accepted_answer_id":75852286,"answer_count":1,"score":3,"last_activity_date":1679894098,"creation_date":1679893096,"last_edit_date":1679894098,"question_id":75852251,"content_license":"CC BY-SA 4.0","link":"https://stackoverflow.com/questions/75852251/why-do-c-lambdas-cause-an-extra-invocation-of-this-destructor","title":"Why do C++ lambdas cause an extra invocation of this destructor"},{"tags":["python","python-3.x","finance"],"owner":{"account_id":27410972,"reputation":29,"user_id":20910899,"user_type":"registered","profile_image":"https://i.stack.imgur.com/x3xFz.jpg?s=256&g=1","display_name":"Sugarplum_fairy","link":"https://stackoverflow.com/users/20910899/sugarplum-fairy"},"is_answered":true,"view_count":187,"answer_count":2,"score":0,"last_activity_date":1680503178,"creation_date":1679893069,"question_id":75852249,"content_license":"CC BY-SA 4.0","link":"https://stackoverflow.com/questions/75852249/need-help-to-make-bond-prices-iterable-for-different-assumptions-of-discount-rat","title":"Need help to make bond prices iterable for different assumptions of discount rate (Python v3.10.6)"},{"tags":["laravel","laravel-admin"],"owner":{"account_id":28029187,"reputation":13,"user_id":21408642,"user_type":"registered","profile_image":"https://lh3.googleusercontent.com/a/AGNmyxa5cQMI8tWtfhyfDl3MiXA9_s_rHVnweURodX8NWw=k-s256","display_name":"Sushi","link":"https://stackoverflow.com/users/21408642/sushi"},"is_answered":false,"view_count":152,"answer_count":0,"score":0,"last_activity_date":1679892949,"creation_date":1679892949,"question_id":75852240,"content_license":"CC BY-SA 4.0","link":"https://stackoverflow.com/questions/75852240/display-column-expansion-in-dcat-admin","title":"display column expansion in dcat admin"},{"tags":["javascript","reactjs","next.js"],"owner":{"account_id":1402485,"reputation":15861,"user_id":1330984,"user_type":"registered","accept_rate":94,"profile_image":"https://www.gravatar.com/avatar/7e66fa2b66f69f26ef6826930f231765?s=256&d=identicon&r=PG&f=y&so-version=2","display_name":"Tom","link":"https://stackoverflow.com/users/1330984/tom"},"is_answered":true,"view_count":269,"accepted_answer_id":75852706,"answer_count":1,"score":2,"last_activity_date":1679991957,"creation_date":1679892929,"last_edit_date":1679964322,"question_id":75852239,"content_license":"CC BY-SA 4.0","link":"https://stackoverflow.com/questions/75852239/getstaticprops-generates-static-json-data-on-page-how-is-that-seo-friendly","title":"getStaticProps generates static JSON data on page, how is that SEO friendly?"},{"tags":["python","type-hinting","python-typing"],"owner":{"account_id":1169248,"reputation":11519,"user_id":1146785,"user_type":"registered","accept_rate":42,"profile_image":"https://i.stack.imgur.com/l51PO.jpg?s=256&g=1","display_name":"dcsan","link":"https://stackoverflow.com/users/1146785/dcsan"},"is_answered":true,"view_count":57,"accepted_answer_id":75852326,"answer_count":1,"score":0,"last_activity_date":1679894347,"creation_date":1679892918,"question_id":75852238,"content_license":"CC BY-SA 4.0","link":"https://stackoverflow.com/questions/75852238/python-typings-how-to-handle-optional-responses","title":"python typings - how to handle optional responses"},{"tags":["php","html","arrays"],"owner":{"account_id":2582318,"reputation":15,"user_id":2238714,"user_type":"registered","profile_image":"https://www.gravatar.com/avatar/04776a3c51aa48bd49548f3c853cc73f?s=256&d=identicon&r=PG","display_name":"longtimelistener1sttimecaller","link":"https://stackoverflow.com/users/2238714/longtimelistener1sttimecaller"},"is_answered":false,"view_count":19,"closed_date":1679896181,"answer_count":0,"score":0,"last_activity_date":1679892863,"creation_date":1679892863,"question_id":75852235,"link":"https://stackoverflow.com/questions/75852235/cannot-access-offset-of-type-string-using-curl-multi","closed_reason":"Duplicate","title":"Cannot access offset of type string using curl_multi"},{"tags":["kubernetes"],"owner":{"account_id":1772095,"reputation":3478,"user_id":1616677,"user_type":"registered","accept_rate":43,"profile_image":"https://www.gravatar.com/avatar/b0d36840cefe1c58d13a9a18ff7d029b?s=256&d=identicon&r=PG&f=y&so-version=2","display_name":"noname7619","link":"https://stackoverflow.com/users/1616677/noname7619"},"is_answered":true,"view_count":34,"answer_count":2,"score":0,"last_activity_date":1680071229,"creation_date":1679892835,"question_id":75852232,"content_license":"CC BY-SA 4.0","link":"https://stackoverflow.com/questions/75852232/setting-a-common-attribute-for-multiple-deployments","title":"Setting a common attribute for multiple deployments"},{"tags":["javascript","angular","ngx-chips"],"owner":{"account_id":26390605,"reputation":13,"user_id":20042524,"user_type":"registered","profile_image":"https://www.gravatar.com/avatar/5f9388bdc034e3bd98c02bf862b6ffa0?s=256&d=identicon&r=PG","display_name":"Sagar Kumar","link":"https://stackoverflow.com/users/20042524/sagar-kumar"},"is_answered":false,"view_count":63,"answer_count":0,"score":0,"last_activity_date":1680088967,"creation_date":1679892803,"last_edit_date":1680088967,"question_id":75852230,"content_license":"CC BY-SA 4.0","link":"https://stackoverflow.com/questions/75852230/ngx-chips-sorting-after-editing-the-chips-doesnt-work-in-chrome-but-working-in","title":"ngx chips sorting after editing the chips doesn&#39;t work in chrome but working in firefox"},{"tags":["reactjs","typescript","interface","mapping","navbar"],"owner":{"account_id":23550651,"reputation":17,"user_id":17593418,"user_type":"registered","profile_image":"https://lh3.googleusercontent.com/a-/AOh14Gi5fyAV9YUd2MkQbY5mg6xBCNo5aGHFzRLxkpyI=k-s256","display_name":"B A N G A T A","link":"https://stackoverflow.com/users/17593418/b-a-n-g-a-t-a"},"is_answered":true,"view_count":147,"accepted_answer_id":75852686,"answer_count":1,"score":0,"last_activity_date":1679898564,"creation_date":1679892763,"question_id":75852229,"content_license":"CC BY-SA 4.0","link":"https://stackoverflow.com/questions/75852229/how-to-add-onclick-with-mapping-in-typescript-react","title":"How to add onclick with mapping in typescript react?"},{"tags":["kubernetes","persistent-volumes","kubernetes-pvc","persistent-volume-claims","kubernetes-snapshot"],"owner":{"account_id":7797669,"reputation":228,"user_id":5898205,"user_type":"registered","profile_image":"https://www.gravatar.com/avatar/8ca2323525d798c9d06faf17db76c7b8?s=256&d=identicon&r=PG&f=y&so-version=2","display_name":"Varshney P.","link":"https://stackoverflow.com/users/5898205/varshney-p"},"is_answered":true,"view_count":261,"answer_count":1,"score":2,"last_activity_date":1680880549,"creation_date":1679892703,"question_id":75852225,"content_license":"CC BY-SA 4.0","link":"https://stackoverflow.com/questions/75852225/periodic-volumesnapshot-in-kubernetes","title":"Periodic VolumeSnapshot in Kubernetes"},{"tags":["python"],"owner":{"account_id":28134246,"reputation":21,"user_id":21498253,"user_type":"registered","profile_image":"https://www.gravatar.com/avatar/c591f2d98ea7aa42c846e750c4430716?s=256&d=identicon&r=PG&f=y&so-version=2","display_name":"Lakhvinder Singh","link":"https://stackoverflow.com/users/21498253/lakhvinder-singh"},"is_answered":false,"view_count":86,"answer_count":1,"score":1,"last_activity_date":1679894533,"creation_date":1679892686,"last_edit_date":1679893751,"question_id":75852222,"content_license":"CC BY-SA 4.0","link":"https://stackoverflow.com/questions/75852222/extract-unique-words-from-text-file","title":"Extract unique words from text file"},{"tags":["javascript","html","jquery"],"owner":{"account_id":16676893,"reputation":1695,"user_id":12053079,"user_type":"registered","profile_image":"https://lh4.googleusercontent.com/-BDK768CUDgU/AAAAAAAAAAI/AAAAAAAAAAA/ACHi3rd1mXyCVycsb8oU6WHl-zwGn3GYAg/photo.jpg?sz=256","display_name":"eligolf","link":"https://stackoverflow.com/users/12053079/eligolf"},"is_answered":false,"view_count":17,"closed_date":1679892710,"answer_count":0,"score":0,"last_activity_date":1679892610,"creation_date":1679892610,"question_id":75852219,"link":"https://stackoverflow.com/questions/75852219/how-to-enable-clicks-on-element-under-parent-clickfalse","closed_reason":"Duplicate","title":"How to enable clicks on element under $(&#39;#parent&#39;).click(false)?"},{"tags":["r","knitr-spin"],"owner":{"account_id":27604425,"reputation":1,"user_id":21068889,"user_type":"registered","profile_image":"https://i.stack.imgur.com/HAAZK.jpg?s=256&g=1","display_name":"M. Curiel","link":"https://stackoverflow.com/users/21068889/m-curiel"},"is_answered":false,"view_count":20,"answer_count":0,"score":0,"last_activity_date":1679925652,"creation_date":1679892546,"last_edit_date":1679925652,"question_id":75852214,"content_license":"CC BY-SA 4.0","link":"https://stackoverflow.com/questions/75852214/cannot-find-the-specified-file","title":"Cannot find the specified file"},{"tags":["python","function","recursion"],"owner":{"account_id":16723475,"reputation":29,"user_id":12087656,"user_type":"registered","profile_image":"https://lh3.googleusercontent.com/a-/AAuE7mA-FLXJoJtcI7l6yPFOGHvoH-G3DWzVwdveCkCkdA=k-s256","display_name":"LAWRENCE APPIAH-NUAMAH","link":"https://stackoverflow.com/users/12087656/lawrence-appiah-nuamah"},"is_answered":false,"view_count":77,"answer_count":2,"score":-3,"last_activity_date":1679893995,"creation_date":1679892512,"question_id":75852212,"content_license":"CC BY-SA 4.0","link":"https://stackoverflow.com/questions/75852212/please-how-do-you-make-a-recursive-function-out-of-this-question","title":"Please how do you make a recursive function out of this question"},{"tags":["python","plotly-dash"],"owner":{"account_id":21893135,"reputation":57,"user_id":16179815,"user_type":"registered","profile_image":"https://lh3.googleusercontent.com/a/AATXAJxI6y7X2uOXD8offMFw3wAtGN2IRnEM3cVPb3Cg=k-s256","display_name":"Eng_GR","link":"https://stackoverflow.com/users/16179815/eng-gr"},"is_answered":false,"view_count":411,"answer_count":0,"score":0,"last_activity_date":1679911650,"creation_date":1679892475,"last_edit_date":1679911650,"question_id":75852209,"content_license":"CC BY-SA 4.0","link":"https://stackoverflow.com/questions/75852209/how-to-stop-the-server-when-i-close-my-dash-app","title":"How to stop the server when I close my dash app"},{"tags":["typescript","module","npm-package"],"owner":{"account_id":24032725,"reputation":1,"user_id":18013358,"user_type":"registered","profile_image":"https://www.gravatar.com/avatar/185027af2f20bbb5d56ef91c2f921944?s=256&d=identicon&r=PG","display_name":"darkstrings","link":"https://stackoverflow.com/users/18013358/darkstrings"},"is_answered":false,"view_count":20,"answer_count":0,"score":0,"last_activity_date":1679892379,"creation_date":1679892379,"question_id":75852206,"content_license":"CC BY-SA 4.0","link":"https://stackoverflow.com/questions/75852206/could-not-find-declaration-file-error-comes-back-when-d-ts-file-is-closed","title":"&quot;Could not find declaration file&quot; error comes back when .d.ts file is closed"},{"tags":["javascript","vite"],"owner":{"account_id":19481209,"reputation":11,"user_id":14251469,"user_type":"registered","profile_image":"https://www.gravatar.com/avatar/c55d638ea785803c050bb3066e7f77c5?s=256&d=identicon&r=PG&f=y&so-version=2","display_name":"Owen Cree","link":"https://stackoverflow.com/users/14251469/owen-cree"},"is_answered":false,"view_count":225,"answer_count":0,"score":1,"last_activity_date":1679892364,"creation_date":1679892364,"question_id":75852203,"content_license":"CC BY-SA 4.0","link":"https://stackoverflow.com/questions/75852203/how-to-add-a-custom-404-page-in-vite-with-vanilla-js","title":"How to add a custom 404 page in Vite with vanilla JS?"},{"tags":["javascript","reactjs","tailwind-css"],"owner":{"account_id":19424357,"reputation":1,"user_id":14206143,"user_type":"registered","profile_image":"https://www.gravatar.com/avatar/d369d88995cb7247c5f38ce52ec2ffd2?s=256&d=identicon&r=PG&f=y&so-version=2","display_name":"Felix Heox","link":"https://stackoverflow.com/users/14206143/felix-heox"},"is_answered":false,"view_count":256,"answer_count":2,"score":0,"last_activity_date":1679916321,"creation_date":1679892335,"last_edit_date":1679892788,"question_id":75852201,"content_license":"CC BY-SA 4.0","link":"https://stackoverflow.com/questions/75852201/tailwindcss-classes-in-react-components","title":"TailwindCSS classes in React Components"},{"tags":["gitlab","gitlab-ci","gitlab-ci.yml"],"owner":{"account_id":28134159,"reputation":11,"user_id":21498172,"user_type":"registered","profile_image":"https://www.gravatar.com/avatar/b5ed4ec29ebe4ac3264e41cb2ec5739c?s=256&d=identicon&r=PG&f=y&so-version=2","display_name":"ilch1","link":"https://stackoverflow.com/users/21498172/ilch1"},"is_answered":false,"view_count":146,"answer_count":1,"score":1,"last_activity_date":1695364657,"creation_date":1679892320,"last_edit_date":1679924570,"question_id":75852200,"content_license":"CC BY-SA 4.0","link":"https://stackoverflow.com/questions/75852200/how-to-specify-a-variable-to-contain-a-list-for-powershell-in-gitlab-ci","title":"How to specify a variable to contain a list for powershell in Gitlab CI?"},{"tags":["python","machine-learning","deep-learning","wandb"],"owner":{"account_id":1589784,"reputation":5319,"user_id":1601580,"user_type":"registered","accept_rate":47,"profile_image":"https://i.stack.imgur.com/2B6rV.png?s=256&g=1","display_name":"Charlie Parker","link":"https://stackoverflow.com/users/1601580/charlie-parker"},"is_answered":true,"view_count":199,"accepted_answer_id":76624367,"answer_count":1,"score":1,"last_activity_date":1688691312,"creation_date":1679892282,"question_id":75852199,"content_license":"CC BY-SA 4.0","link":"https://stackoverflow.com/questions/75852199/how-do-i-print-the-wandb-sweep-url-in-python","title":"How do I print the wandb sweep url in python?"},{"tags":["tensorflow2.0","attributeerror","tf.keras","keras-tuner"],"owner":{"account_id":11659010,"reputation":1,"user_id":19146907,"user_type":"registered","profile_image":"https://www.gravatar.com/avatar/e5d1d359337d0c2966f357ba98f33024?s=256&d=identicon&r=PG&f=y&so-version=2","display_name":"Rameswar Sahu","link":"https://stackoverflow.com/users/19146907/rameswar-sahu"},"is_answered":false,"view_count":151,"answer_count":0,"score":0,"last_activity_date":1679975180,"creation_date":1679892229,"last_edit_date":1679975180,"question_id":75852197,"content_license":"CC BY-SA 4.0","link":"https://stackoverflow.com/questions/75852197/keras-tuner-attributeerror-sequential-object-has-no-attribute-distribute-str","title":"Keras_tuner AttributeError: &#39;Sequential&#39; object has no attribute &#39;distribute_strategy&#39;"},{"tags":["appium-android","appium-java"],"owner":{"account_id":8583413,"reputation":21,"user_id":6430328,"user_type":"registered","profile_image":"https://www.gravatar.com/avatar/21ea415358b5cd90648adde7b9d70adc?s=256&d=identicon&r=PG&f=y&so-version=2","display_name":"TheDhanraj","link":"https://stackoverflow.com/users/6430328/thedhanraj"},"is_answered":true,"view_count":1275,"answer_count":2,"score":2,"last_activity_date":1682503068,"creation_date":1679892156,"question_id":75852195,"content_license":"CC BY-SA 4.0","link":"https://stackoverflow.com/questions/75852195/cannot-invoke-org-openqa-selenium-os-commandline-isrunning-because-this-pro","title":"Cannot invoke &quot;org.openqa.selenium.os.CommandLine.isRunning()&quot; because &quot;this.process&quot; is null"},{"tags":["typescript","material-ui","eslint"],"owner":{"account_id":28134197,"reputation":1,"user_id":21498208,"user_type":"registered","profile_image":"https://www.gravatar.com/avatar/0d1edc3f38f059092a830b4c0896dd93?s=256&d=identicon&r=PG&f=y&so-version=2","display_name":"fpaul","link":"https://stackoverflow.com/users/21498208/fpaul"},"is_answered":false,"view_count":47,"answer_count":0,"score":0,"last_activity_date":1679899978,"creation_date":1679892111,"last_edit_date":1679892149,"question_id":75852193,"content_license":"CC BY-SA 4.0","link":"https://stackoverflow.com/questions/75852193/property-classes-is-missing-in-type-but-required-in-type-classes-clas","title":"Property &#39;classes&#39; is missing in type &#39;{}&#39; but required in type &#39;{ classes: ClassNameMap&lt;&quot;X&quot;&gt;; }&#39;"},{"tags":["python","opencv","matching","sift","surf"],"owner":{"account_id":27030550,"reputation":1,"user_id":20586994,"user_type":"registered","profile_image":"https://lh3.googleusercontent.com/a/ALm5wu0ua3TWo_jwvUHFYrnPptbOhOWBRchnqTwP4Q4c-w=k-s256","display_name":"YCLin","link":"https://stackoverflow.com/users/20586994/yclin"},"is_answered":false,"view_count":171,"answer_count":0,"score":0,"last_activity_date":1679892040,"creation_date":1679892040,"question_id":75852188,"content_license":"CC BY-SA 4.0","link":"https://stackoverflow.com/questions/75852188/matching-sift-features-on-3-images-using-opencv-python","title":"Matching SIFT Features on 3 Images using OpenCV Python"},{"tags":["kubernetes-helm"],"owner":{"account_id":24776635,"reputation":3,"user_id":18660210,"user_type":"registered","profile_image":"https://lh3.googleusercontent.com/a-/AOh14GiMradOqrw7UrQVxKDg3Iui5-gzjePbU8Atu56wNg=k-s256","display_name":"Alvin Nayak","link":"https://stackoverflow.com/users/18660210/alvin-nayak"},"is_answered":true,"view_count":621,"accepted_answer_id":75852594,"answer_count":1,"score":0,"last_activity_date":1680855519,"creation_date":1679892016,"last_edit_date":1679892449,"question_id":75852186,"content_license":"CC BY-SA 4.0","link":"https://stackoverflow.com/questions/75852186/facing-error-while-installing-datree-using-helm-v3","title":"Facing error while installing datree using Helm v3"},{"tags":["sat","sat-solvers","sat4j"],"owner":{"account_id":17946929,"reputation":13,"user_id":13040990,"user_type":"registered","profile_image":"https://www.gravatar.com/avatar/79dee45fd5eabcf8d80202686c405803?s=256&d=identicon&r=PG&f=y&so-version=2","display_name":"Anh","link":"https://stackoverflow.com/users/13040990/anh"},"is_answered":true,"view_count":266,"closed_date":1679945507,"accepted_answer_id":75859425,"answer_count":1,"score":-2,"last_activity_date":1679944735,"creation_date":1679891965,"question_id":75852185,"link":"https://stackoverflow.com/questions/75852185/is-there-any-sat-solver-that-provides-a-built-in-library-as-sat4j","closed_reason":"Not suitable for this site","title":"Is there any SAT Solver that provides a built-in library as Sat4j?"}],"has_more":true,"quota_max":300,"quota_remaining":130}