{"items":[{"tags":["mongodb","docker","docker-compose","mongodb-replica-set"],"owner":{"account_id":21656161,"reputation":11,"user_id":15975923,"user_type":"registered","profile_image":"https://lh3.googleusercontent.com/a-/AOh14GhhADVonTA18FcgybY3ph6J3oVSpqKhgK0SpuCs=k-s256","display_name":"makar savchenko","link":"https://stackoverflow.com/users/15975923/makar-savchenko"},"is_answered":false,"view_count":60,"answer_count":0,"score":0,"last_activity_date":1680130956,"creation_date":1680130797,"last_edit_date":1680130956,"question_id":75882846,"content_license":"CC BY-SA 4.0","link":"https://stackoverflow.com/questions/75882846/how-to-repair-mongodb-data-from-external-docker-volume-after-pulling-new-image-o","title":"How to repair mongodb data from external docker volume after pulling new image of mongo"},{"tags":["c"],"owner":{"account_id":28109288,"reputation":19,"user_id":21477347,"user_type":"registered","profile_image":"https://www.gravatar.com/avatar/c85ede8bdc5424d4db7731aba0a62ec6?s=256&d=identicon&r=PG&f=y&so-version=2","display_name":"jtward17","link":"https://stackoverflow.com/users/21477347/jtward17"},"is_answered":true,"view_count":47,"accepted_answer_id":75883011,"answer_count":2,"score":0,"last_activity_date":1680139287,"creation_date":1680130740,"last_edit_date":1680134925,"question_id":75882843,"content_license":"CC BY-SA 4.0","link":"https://stackoverflow.com/questions/75882843/individual-function-works-but-adding-a-variable-from-another-function-doesnt","title":"Individual function works but adding a variable from another function doesn&#39;t"},{"tags":["r","r-forestplot"],"owner":{"account_id":28162883,"reputation":1,"user_id":21522496,"user_type":"registered","profile_image":"https://www.gravatar.com/avatar/9a382caaca50093dbe8488759fb28cf4?s=256&d=identicon&r=PG&f=y&so-version=2","display_name":"Nick","link":"https://stackoverflow.com/users/21522496/nick"},"is_answered":false,"view_count":55,"answer_count":0,"score":0,"last_activity_date":1691913779,"creation_date":1680130729,"last_edit_date":1691913779,"question_id":75882841,"content_license":"CC BY-SA 4.0","link":"https://stackoverflow.com/questions/75882841/how-to-add-superscript-in-forest-meta-plot","title":"How to add superscript in forest.meta plot?"},{"tags":["entity-framework"],"owner":{"account_id":28162925,"reputation":1,"user_id":21522532,"user_type":"registered","profile_image":"https://www.gravatar.com/avatar/485eef8cfde561b4991eb9d844463fb0?s=256&d=identicon&r=PG&f=y&so-version=2","display_name":"Milton","link":"https://stackoverflow.com/users/21522532/milton"},"is_answered":false,"view_count":17,"answer_count":0,"score":0,"last_activity_date":1680149217,"creation_date":1680130713,"last_edit_date":1680149217,"question_id":75882840,"content_license":"CC BY-SA 4.0","link":"https://stackoverflow.com/questions/75882840/can-i-create-the-ado-net-entity-framework-in-c-not-delete-manually-added-tables","title":"Can I create the ADO.NET Entity Framework in C# not delete manually added tables?"},{"tags":["socket.io","expo"],"owner":{"account_id":22821739,"reputation":131,"user_id":16971506,"user_type":"registered","profile_image":"https://www.gravatar.com/avatar/faa76b643f10b97e02545c9191c5ea07?s=256&d=identicon&r=PG","display_name":"JohnBradens","link":"https://stackoverflow.com/users/16971506/johnbradens"},"is_answered":false,"view_count":151,"answer_count":1,"score":0,"last_activity_date":1680134484,"creation_date":1680130703,"question_id":75882839,"content_license":"CC BY-SA 4.0","link":"https://stackoverflow.com/questions/75882839/how-to-get-socket-io-expo-app-production-ready-when-it-points-to-localhost3000","title":"How to get socket.io expo app production ready when it points to localhost:3000"},{"tags":["git","git-merge"],"owner":{"account_id":12204971,"reputation":1237,"user_id":8908318,"user_type":"registered","accept_rate":100,"profile_image":"https://www.gravatar.com/avatar/ed93c95f4d9b8a5f275b2b7d2117776a?s=256&d=identicon&r=PG&f=y&so-version=2","display_name":"monamona","link":"https://stackoverflow.com/users/8908318/monamona"},"is_answered":true,"view_count":42,"accepted_answer_id":75912922,"answer_count":1,"score":0,"last_activity_date":1680449137,"creation_date":1680130568,"question_id":75882829,"content_license":"CC BY-SA 4.0","link":"https://stackoverflow.com/questions/75882829/git-reverted-commits-included-in-another-merge","title":"Git - Reverted commits included in another merge?"},{"tags":["go","random"],"owner":{"account_id":22045748,"reputation":305,"user_id":16310795,"user_type":"registered","profile_image":"https://i.stack.imgur.com/cvZT4.jpg?s=256&g=1","display_name":"gabriellend","link":"https://stackoverflow.com/users/16310795/gabriellend"},"is_answered":true,"view_count":399,"answer_count":2,"score":0,"last_activity_date":1680214246,"creation_date":1680130539,"question_id":75882826,"content_license":"CC BY-SA 4.0","link":"https://stackoverflow.com/questions/75882826/questions-about-golangs-rand-package","title":"Questions about golang&#39;s rand package"},{"tags":["php"],"owner":{"account_id":28142585,"reputation":39,"user_id":21505395,"user_type":"registered","profile_image":"https://www.gravatar.com/avatar/42adbfd0773457f534243c035225db19?s=256&d=identicon&r=PG&f=y&so-version=2","display_name":"Perfection","link":"https://stackoverflow.com/users/21505395/perfection"},"is_answered":false,"view_count":26,"answer_count":0,"score":0,"last_activity_date":1680130493,"creation_date":1680130493,"question_id":75882822,"content_license":"CC BY-SA 4.0","link":"https://stackoverflow.com/questions/75882822/php-server-variable-security-issue-licensing-system","title":"PHP $_SERVER Variable Security Issue - Licensing System"},{"tags":["django","django-models","django-views","paypal","paypal-sandbox"],"owner":{"account_id":26328769,"reputation":375,"user_id":19989634,"user_type":"registered","profile_image":"https://lh3.googleusercontent.com/a-/AFdZucoR1NfrU7w9S1NWm2U1DHLHA7TRN11ExlxbhzdoCA=k-s256","display_name":"David Henson","link":"https://stackoverflow.com/users/19989634/david-henson"},"is_answered":false,"view_count":45,"answer_count":0,"score":0,"last_activity_date":1680130484,"creation_date":1680130484,"question_id":75882820,"content_license":"CC BY-SA 4.0","link":"https://stackoverflow.com/questions/75882820/paypal-order-details-wont-show-on-paypal-invoice-for-unauthenticated-users","title":"Paypal order details won&#39;t show on paypal invoice for unauthenticated users"},{"tags":["javascript","arrays","undefined"],"owner":{"account_id":9769170,"reputation":312,"user_id":9052185,"user_type":"registered","accept_rate":0,"profile_image":"https://lh3.googleusercontent.com/-Mwp28Ar8Xc8/AAAAAAAAAAI/AAAAAAAAON4/Yz2QGVH_5NU/photo.jpg?sz=256","display_name":"Aashishkebab","link":"https://stackoverflow.com/users/9052185/aashishkebab"},"is_answered":true,"view_count":211,"accepted_answer_id":75882958,"answer_count":1,"score":1,"last_activity_date":1680132281,"creation_date":1680130483,"last_edit_date":1680131618,"question_id":75882819,"content_license":"CC BY-SA 4.0","link":"https://stackoverflow.com/questions/75882819/first-element-of-array-undefined-after-push-in-javascript","title":"First element of array undefined after push in JavaScript"},{"tags":["flutter","sqflite"],"owner":{"account_id":15007091,"reputation":313,"user_id":10832807,"user_type":"registered","profile_image":"https://www.gravatar.com/avatar/9f2d6fa12039fb70fbdef4a0e494bc69?s=256&d=identicon&r=PG&f=y&so-version=2","display_name":"DktPhl2018","link":"https://stackoverflow.com/users/10832807/dktphl2018"},"is_answered":true,"view_count":263,"answer_count":1,"score":1,"last_activity_date":1680136543,"creation_date":1680130456,"question_id":75882818,"content_license":"CC BY-SA 4.0","link":"https://stackoverflow.com/questions/75882818/flutter-sqflite-how-to-count-all-records-in-a-table","title":"Flutter SQFLite - how to count all records in a table"},{"tags":["javascript","css","reactjs"],"owner":{"account_id":25537290,"reputation":13,"user_id":19324131,"user_type":"registered","profile_image":"https://www.gravatar.com/avatar/de998cbfcd974b9d400d95a03b1c30fa?s=256&d=identicon&r=PG","display_name":"tea","link":"https://stackoverflow.com/users/19324131/tea"},"is_answered":true,"view_count":31,"accepted_answer_id":75882934,"answer_count":1,"score":0,"last_activity_date":1680131915,"creation_date":1680130431,"question_id":75882816,"content_license":"CC BY-SA 4.0","link":"https://stackoverflow.com/questions/75882816/how-do-i-make-image-in-fixed-header-negative-color-of-anything-that-is-under-it","title":"How do I make image in fixed header negative color of anything that is under it while scrolling?"},{"tags":["python"],"owner":{"account_id":26965162,"reputation":1,"user_id":20532176,"user_type":"registered","profile_image":"https://www.gravatar.com/avatar/c7483451703a316fd2700d10e8d2c264?s=256&d=identicon&r=PG&f=y&so-version=2","display_name":"Kayla","link":"https://stackoverflow.com/users/20532176/kayla"},"is_answered":false,"view_count":24,"closed_date":1680136257,"answer_count":1,"score":0,"last_activity_date":1680134688,"creation_date":1680130410,"last_edit_date":1680130558,"question_id":75882814,"link":"https://stackoverflow.com/questions/75882814/unitttest-not-working-i-feel-like-i-implemented-everything-i-need-to-implement","closed_reason":"Duplicate","title":"Unitttest not working, I feel like I implemented everything I need to implement, but I get the error message: Ran 0 tests in 0.000s"},{"tags":["sql","database","postgresql","greatest-n-per-group","sql-delete"],"owner":{"account_id":21048217,"reputation":27,"user_id":15469130,"user_type":"registered","profile_image":"https://www.gravatar.com/avatar/2279b33f978aa4b8c8ab35d318069a00?s=256&d=identicon&r=PG&f=y&so-version=2","display_name":"ee_engineer","link":"https://stackoverflow.com/users/15469130/ee-engineer"},"is_answered":true,"view_count":89,"accepted_answer_id":75882923,"answer_count":2,"score":1,"last_activity_date":1680135766,"creation_date":1680130408,"last_edit_date":1680134162,"question_id":75882813,"content_license":"CC BY-SA 4.0","link":"https://stackoverflow.com/questions/75882813/delete-excess-rows-per-group","title":"DELETE excess rows per group"},{"tags":["android","overlay","android-windowmanager","accessibilityservice"],"owner":{"account_id":3967563,"reputation":1,"user_id":17564313,"user_type":"registered","profile_image":"https://i.stack.imgur.com/TAKRd.jpg?s=256&g=1","display_name":"FLASHCODER","link":"https://stackoverflow.com/users/17564313/flashcoder"},"is_answered":true,"view_count":92,"accepted_answer_id":75946395,"answer_count":1,"score":-1,"last_activity_date":1680761640,"creation_date":1680130365,"last_edit_date":1680130673,"question_id":75882812,"content_license":"CC BY-SA 4.0","link":"https://stackoverflow.com/questions/75882812/touch-on-view-behind-fullscreen-overlay","title":"Touch on view behind fullscreen overlay"},{"tags":["c#","rest","httpclient"],"owner":{"account_id":9526927,"reputation":56,"user_id":7079887,"user_type":"registered","profile_image":"https://www.gravatar.com/avatar/f46dbbdc3ec0cc70a64daacf258e5e6e?s=256&d=identicon&r=PG&f=y&so-version=2","display_name":"Alex0xff","link":"https://stackoverflow.com/users/7079887/alex0xff"},"is_answered":false,"view_count":114,"answer_count":2,"score":0,"last_activity_date":1686137286,"creation_date":1680130362,"question_id":75882811,"content_license":"CC BY-SA 4.0","link":"https://stackoverflow.com/questions/75882811/httpclient-rest-api-put-request-returns-code-500","title":"HttpClient REST API PUT request returns code 500"},{"tags":["javascript","amazon-web-services","amazon-s3","axios","aws-api-gateway"],"owner":{"account_id":25575740,"reputation":1,"user_id":19355245,"user_type":"registered","profile_image":"https://www.gravatar.com/avatar/ff4554732d78865438b3011558d64d82?s=256&d=identicon&r=PG&f=y&so-version=2","display_name":"popoccy","link":"https://stackoverflow.com/users/19355245/popoccy"},"is_answered":false,"view_count":124,"answer_count":0,"score":0,"last_activity_date":1680130356,"creation_date":1680130356,"question_id":75882810,"content_license":"CC BY-SA 4.0","link":"https://stackoverflow.com/questions/75882810/setting-custom-metadata-for-s3-objects-using-axios-put-method","title":"Setting custom metadata for s3 objects using axios put method"},{"tags":["sql","griddb"],"owner":{"account_id":14798448,"reputation":81,"user_id":10687435,"user_type":"registered","profile_image":"https://www.gravatar.com/avatar/483bb8ad7d38b2cae55aa9fe8317f519?s=256&d=identicon&r=PG&f=y&so-version=2","display_name":"L. Connell","link":"https://stackoverflow.com/users/10687435/l-connell"},"is_answered":false,"view_count":11,"answer_count":0,"score":0,"last_activity_date":1680130342,"creation_date":1680130342,"question_id":75882809,"content_license":"CC BY-SA 4.0","link":"https://stackoverflow.com/questions/75882809/how-to-efficiently-update-multiple-rows-in-griddb","title":"How to efficiently update multiple rows in GridDB?"},{"tags":["reactjs","react-select"],"owner":{"account_id":9193265,"reputation":756,"user_id":6832962,"user_type":"registered","accept_rate":75,"profile_image":"https://i.stack.imgur.com/UHJJs.jpg?s=256&g=1","display_name":"sdexp","link":"https://stackoverflow.com/users/6832962/sdexp"},"is_answered":false,"view_count":228,"answer_count":0,"score":0,"last_activity_date":1680185851,"creation_date":1680130242,"last_edit_date":1680185851,"question_id":75882800,"content_license":"CC BY-SA 4.0","link":"https://stackoverflow.com/questions/75882800/reactjs-asyncpaginate-ismulti-with-a-single-value-output-is-undefined","title":"ReactJs: AsyncPaginate isMulti with a single value output is undefined"},{"tags":["python","discord","discord.py"],"owner":{"account_id":28162929,"reputation":1,"user_id":21522535,"user_type":"registered","profile_image":"https://lh3.googleusercontent.com/a/AGNmyxbs47sfIjq9711xYiJSfVbbGRdNZDB9YsG2ErPY=k-s256","display_name":"Codermaster1231","link":"https://stackoverflow.com/users/21522535/codermaster1231"},"is_answered":false,"view_count":40,"answer_count":1,"score":-1,"last_activity_date":1680182831,"creation_date":1680130237,"last_edit_date":1680130270,"question_id":75882799,"content_license":"CC BY-SA 4.0","link":"https://stackoverflow.com/questions/75882799/how-do-i-make-a-command-where-you-can-send-a-file-to-a-certain-user-in-discord-p","title":"How do I make a command where you can send a file to a certain user in discord.py?"},{"tags":["node.js","amazon-web-services","docker","aws-sdk"],"owner":{"account_id":13697066,"reputation":11,"user_id":9883402,"user_type":"registered","profile_image":"https://www.gravatar.com/avatar/ec2a64c6e24b2ece68aaf92bdeb261fc?s=256&d=identicon&r=PG&f=y&so-version=2","display_name":"Gabriel","link":"https://stackoverflow.com/users/9883402/gabriel"},"is_answered":false,"view_count":124,"answer_count":0,"score":0,"last_activity_date":1680130141,"creation_date":1680130141,"question_id":75882792,"content_license":"CC BY-SA 4.0","link":"https://stackoverflow.com/questions/75882792/cannot-find-module-aws-sdk-in-nodejs","title":"Cannot find module &#39;@aws-sdk&#39; in nodejs"},{"tags":["openlayers","openlayers-3"],"owner":{"account_id":22001544,"reputation":11,"user_id":21522389,"user_type":"registered","profile_image":"https://lh3.googleusercontent.com/a/AATXAJxc9x46OBxi1LYr5y8Xh9wBWqX-D3gBhsNO5Coz=k-s256","display_name":"Mohamadou Laminou","link":"https://stackoverflow.com/users/21522389/mohamadou-laminou"},"is_answered":false,"view_count":68,"answer_count":0,"score":0,"last_activity_date":1680130140,"creation_date":1680130140,"question_id":75882791,"content_license":"CC BY-SA 4.0","link":"https://stackoverflow.com/questions/75882791/openlayers-workshop-missing-ol-js-library","title":"OpenLayers Workshop missing ol.js library"},{"tags":["flutter","firebase","dart","google-cloud-firestore","flutter-getx"],"owner":{"account_id":28115699,"reputation":37,"user_id":21482840,"user_type":"registered","profile_image":"https://lh3.googleusercontent.com/a/AGNmyxaLdzRpfZAW8eI9M-0B7KO3VJKf5-dR-0tFMy0h9A=k-s256","display_name":"tis eyat","link":"https://stackoverflow.com/users/21482840/tis-eyat"},"is_answered":true,"view_count":76,"answer_count":1,"score":0,"last_activity_date":1680171159,"creation_date":1680130126,"question_id":75882789,"content_license":"CC BY-SA 4.0","link":"https://stackoverflow.com/questions/75882789/navigation-within-interfaces-doesnt-happen-unhandled-exception-you-are-trying","title":"navigation within interfaces doesn&#39;t happen Unhandled Exception: You are trying to use contextless navigation without a GetMaterialApp or Get.key"},{"tags":["flutter","api","http"],"owner":{"account_id":20605252,"reputation":55,"user_id":15125656,"user_type":"registered","profile_image":"https://graph.facebook.com/3643205509133724/picture?type=large","display_name":"Ash Galmouz","link":"https://stackoverflow.com/users/15125656/ash-galmouz"},"is_answered":true,"view_count":110,"answer_count":1,"score":0,"last_activity_date":1680151465,"creation_date":1680130098,"question_id":75882787,"content_license":"CC BY-SA 4.0","link":"https://stackoverflow.com/questions/75882787/send-data-to-api-as-map","title":"Send data to api as map"},{"tags":["php","module","prestashop"],"owner":{"account_id":2730853,"reputation":25,"user_id":2354678,"user_type":"registered","profile_image":"https://i.stack.imgur.com/i4ZRJ.jpg?s=256&g=1","display_name":"Barkman","link":"https://stackoverflow.com/users/2354678/barkman"},"is_answered":false,"view_count":11,"answer_count":0,"score":0,"last_activity_date":1680130095,"creation_date":1680130095,"question_id":75882786,"content_license":"CC BY-SA 4.0","link":"https://stackoverflow.com/questions/75882786/automated-order-status-module-ps-1-7","title":"Automated Order Status Module PS 1.7"},{"tags":["angular","typescript","jestjs","jest-preset-angular"],"owner":{"account_id":16028093,"reputation":11,"user_id":11567827,"user_type":"registered","profile_image":"https://lh4.googleusercontent.com/-g3yXXx7wYeI/AAAAAAAAAAI/AAAAAAAAAAA/ACHi3rclL0qGyxN8sDZ7FwfVsNlR8Z1PuA/mo/photo.jpg?sz=256","display_name":"Bendeg&#250;z G&#243;czi","link":"https://stackoverflow.com/users/11567827/bendeg%c3%baz-g%c3%b3czi"},"is_answered":false,"view_count":189,"answer_count":0,"score":1,"last_activity_date":1680130265,"creation_date":1680130091,"last_edit_date":1680130265,"question_id":75882785,"content_license":"CC BY-SA 4.0","link":"https://stackoverflow.com/questions/75882785/jest-encountered-an-unexpected-token-with-custom-angular-library","title":"Jest encountered an unexpected token with custom angular library"},{"tags":["android","generate"],"owner":{"account_id":28162835,"reputation":3,"user_id":21522452,"user_type":"registered","profile_image":"https://i.stack.imgur.com/V0fZr.jpg?s=256&g=1","display_name":"Noch1User","link":"https://stackoverflow.com/users/21522452/noch1user"},"is_answered":true,"view_count":75,"accepted_answer_id":75886087,"answer_count":1,"score":0,"last_activity_date":1680166512,"creation_date":1680130000,"question_id":75882782,"content_license":"CC BY-SA 4.0","link":"https://stackoverflow.com/questions/75882782/create-new-blank-space-on-home-screen-android","title":"Create new blank space on home screen : Android"},{"tags":["snowflake-cloud-data-platform"],"owner":{"account_id":23931371,"reputation":21,"user_id":17925815,"user_type":"registered","profile_image":"https://i.stack.imgur.com/WdQUE.jpg?s=256&g=1","display_name":"Nidhi","link":"https://stackoverflow.com/users/17925815/nidhi"},"is_answered":false,"view_count":157,"answer_count":1,"score":0,"last_activity_date":1680226144,"creation_date":1680129992,"last_edit_date":1680133957,"question_id":75882781,"content_license":"CC BY-SA 4.0","link":"https://stackoverflow.com/questions/75882781/extracting-values-from-an-array-using-snowflake-not-able-to-select-data-in-array","title":"Extracting values from an array using snowflake not able to select data in array"},{"tags":["python","html","beautifulsoup","request","findall"],"owner":{"account_id":25771051,"reputation":11,"user_id":19519867,"user_type":"registered","profile_image":"https://lh3.googleusercontent.com/a/AItbvmnvtFKSb-II-bbwDKSqTX2VLR2Ka350Ibv7WGlU=k-s256","display_name":"Bar oo.","link":"https://stackoverflow.com/users/19519867/bar-oo"},"is_answered":true,"view_count":32,"answer_count":3,"score":0,"last_activity_date":1680164508,"creation_date":1680129973,"last_edit_date":1680131541,"question_id":75882777,"content_license":"CC BY-SA 4.0","link":"https://stackoverflow.com/questions/75882777/beautifulsoup-cannot-find-tag-img","title":"BeautifulSoup Cannot Find Tag img"},{"tags":["git","github","ssh","git-fork-client"],"owner":{"account_id":21568595,"reputation":1,"user_id":15901805,"user_type":"registered","profile_image":"https://lh3.googleusercontent.com/a/AATXAJyjWuGrgPIyJxWQaZcMIi95U332G7nYwI5nFeSO=k-s256","display_name":"John B","link":"https://stackoverflow.com/users/15901805/john-b"},"is_answered":false,"view_count":76,"answer_count":1,"score":0,"last_activity_date":1680136452,"creation_date":1680129942,"last_edit_date":1680132402,"question_id":75882774,"content_license":"CC BY-SA 4.0","link":"https://stackoverflow.com/questions/75882774/two-local-git-accounts-using-ssh-account-a-can-commit-to-account-bs-private","title":"Two local Git accounts, using SSH - Account A can commit to Account B&#39;s private repos"}],"has_more":true,"quota_max":300,"quota_remaining":119}