{"items":[{"tags":["flutter","tensorflow","pytorch","flutter-dependencies","tflite"],"owner":{"account_id":28722905,"reputation":1,"user_id":21996337,"user_type":"registered","profile_image":"https://lh3.googleusercontent.com/a/AAcHTtfMdomPazSVIpSkgJA9F-nrtBMjR3szGyDJBIBy=k-s256","display_name":"uh31234","link":"https://stackoverflow.com/users/21996337/uh31234"},"is_answered":false,"view_count":51,"answer_count":0,"score":0,"last_activity_date":1685915988,"creation_date":1685915988,"question_id":76402565,"content_license":"CC BY-SA 4.0","link":"https://stackoverflow.com/questions/76402565/is-there-any-way-to-deploy-a-model-for-image-classification-in-flutter-after-tfl","title":"Is there any way to deploy a model for image classification in Flutter after tflite model issues?"},{"tags":["javascript","reactjs"],"owner":{"account_id":17639056,"reputation":321,"user_id":12801710,"user_type":"registered","profile_image":"https://www.gravatar.com/avatar/94f796d6a07d770433d02e8279e33e1f?s=256&d=identicon&r=PG&f=y&so-version=2","display_name":"ckaus","link":"https://stackoverflow.com/users/12801710/ckaus"},"is_answered":false,"view_count":225,"answer_count":0,"score":0,"last_activity_date":1685915969,"creation_date":1685915969,"question_id":76402564,"content_license":"CC BY-SA 4.0","link":"https://stackoverflow.com/questions/76402564/react-will-see-a-new-component-type-on-every-render-and-destroy-the-entire-subtr","title":"React will see a new component type on every render and destroy the entire subtree&#39;s DOM nodes and state. Move the definition outside of the parent"},{"tags":["javascript","reactjs"],"owner":{"account_id":28752134,"reputation":13,"user_id":22019968,"user_type":"registered","profile_image":"https://www.gravatar.com/avatar/60d5afa9613c9693797c1bc438417a3b?s=256&d=identicon&r=PG&f=y&so-version=2","display_name":"devkkit","link":"https://stackoverflow.com/users/22019968/devkkit"},"is_answered":true,"view_count":78,"accepted_answer_id":76402689,"answer_count":1,"score":1,"last_activity_date":1685918532,"creation_date":1685915935,"last_edit_date":1685916861,"question_id":76402563,"content_license":"CC BY-SA 4.0","link":"https://stackoverflow.com/questions/76402563/undefined-error-when-reading-substring-in-react","title":"Undefined error when reading substring in React"},{"tags":["react-native","build","expo","npx","react-native-ui-kitten"],"owner":{"account_id":20446901,"reputation":63,"user_id":15002479,"user_type":"registered","profile_image":"https://i.stack.imgur.com/vAxRM.jpg?s=256&g=1","display_name":"Adam Kostandy","link":"https://stackoverflow.com/users/15002479/adam-kostandy"},"is_answered":false,"view_count":218,"answer_count":0,"score":1,"last_activity_date":1685915818,"creation_date":1685915818,"question_id":76402560,"content_license":"CC BY-SA 4.0","link":"https://stackoverflow.com/questions/76402560/my-expo-app-will-not-compile-for-web-with-ui-kitten","title":"My Expo App will not Compile for web with Ui-Kitten"},{"tags":["reactjs"],"owner":{"account_id":1227190,"reputation":686,"user_id":1192535,"user_type":"registered","accept_rate":44,"profile_image":"https://i.stack.imgur.com/PCfVz.jpg?s=256&g=1","display_name":"James Hatton","link":"https://stackoverflow.com/users/1192535/james-hatton"},"is_answered":true,"view_count":34,"accepted_answer_id":76402580,"answer_count":1,"score":0,"last_activity_date":1685916551,"creation_date":1685915732,"question_id":76402555,"content_license":"CC BY-SA 4.0","link":"https://stackoverflow.com/questions/76402555/react-useeffect-loading-data-and-changing-that-data","title":"React useEffect, loading data and changing that data"},{"tags":["php","mysql","session"],"owner":{"account_id":4630724,"reputation":5,"user_id":3753328,"user_type":"registered","profile_image":"https://graph.facebook.com/100000140376107/picture?type=large","display_name":"user3753328","link":"https://stackoverflow.com/users/3753328/user3753328"},"is_answered":false,"view_count":17,"answer_count":0,"score":0,"last_activity_date":1685915615,"creation_date":1685915615,"question_id":76402549,"content_license":"CC BY-SA 4.0","link":"https://stackoverflow.com/questions/76402549/cant-get-sessions-to-pass-to-another-page-because-of-using-the-functions-php","title":"Can&#39;t get $_Sessions to pass to another page because of using the Functions.php to create an new record in MYSQL"},{"tags":["python","import"],"owner":{"account_id":24702221,"reputation":19,"user_id":18593426,"user_type":"registered","profile_image":"https://lh3.googleusercontent.com/a-/AOh14GjQlulivVlbhs0S2HmCYp7VhnE7O4kZq2_HdTpS=k-s256","display_name":"mahtab shahrivand","link":"https://stackoverflow.com/users/18593426/mahtab-shahrivand"},"is_answered":false,"view_count":18,"answer_count":2,"score":0,"last_activity_date":1685918383,"creation_date":1685915569,"last_edit_date":1685916354,"question_id":76402547,"content_license":"CC BY-SA 4.0","link":"https://stackoverflow.com/questions/76402547/importing-images-in-different-folde-in-python","title":"importing images in different folde in python"},{"tags":["mysql","laravel-filament"],"owner":{"account_id":18787994,"reputation":3,"user_id":13701162,"user_type":"registered","profile_image":"https://www.gravatar.com/avatar/25a943da31bd79d2ba87111efbf226c4?s=256&d=identicon&r=PG","display_name":"Terje Lundemo Tangen","link":"https://stackoverflow.com/users/13701162/terje-lundemo-tangen"},"is_answered":true,"view_count":581,"answer_count":1,"score":0,"last_activity_date":1687073839,"creation_date":1685915436,"last_edit_date":1685998682,"question_id":76402541,"content_license":"CC BY-SA 4.0","link":"https://stackoverflow.com/questions/76402541/how-to-get-the-sum-of-a-pivot-table-column-in-laravel-filament","title":"How to get the sum of a pivot table column in Laravel Filament?"},{"tags":["javascript","v8"],"owner":{"account_id":12471980,"reputation":29,"user_id":16155469,"user_type":"registered","profile_image":"https://www.gravatar.com/avatar/0edd0f2017e143f6981ec730b993d523?s=256&d=identicon&r=PG&f=y&so-version=2","display_name":"emreakdas","link":"https://stackoverflow.com/users/16155469/emreakdas"},"is_answered":true,"view_count":195,"answer_count":1,"score":1,"last_activity_date":1685997457,"creation_date":1685915407,"question_id":76402539,"content_license":"CC BY-SA 4.0","link":"https://stackoverflow.com/questions/76402539/does-the-v8-engine-have-a-baseline-compiler","title":"Does the V8 engine have a baseline compiler?"},{"tags":["image-processing","elixir","imagemagick","ecto"],"owner":{"account_id":11441739,"reputation":89,"user_id":8387082,"user_type":"registered","profile_image":"https://www.gravatar.com/avatar/f2c7bb080acb8c2634dff2fa54e34292?s=256&d=identicon&r=PG&f=y&so-version=2","display_name":"mastari","link":"https://stackoverflow.com/users/8387082/mastari"},"is_answered":false,"view_count":39,"answer_count":0,"score":0,"last_activity_date":1685915383,"creation_date":1685915383,"question_id":76402538,"content_license":"CC BY-SA 4.0","link":"https://stackoverflow.com/questions/76402538/ecto-waffle-multiple-images-different-transformations","title":"Ecto-Waffle Multiple Images, Different Transformations"},{"tags":["java","spring","spring-mvc","cors","cross-origin-resource-policy"],"owner":{"account_id":23540128,"reputation":3,"user_id":17584447,"user_type":"registered","profile_image":"https://lh3.googleusercontent.com/a-/AOh14GhSUK9vKyVe21w6d0cIE_gj2nMSLZ6M5pm3H3uKlw=k-s256","display_name":"Achraf Ait Ibba","link":"https://stackoverflow.com/users/17584447/achraf-ait-ibba"},"is_answered":true,"view_count":133,"accepted_answer_id":76415588,"answer_count":1,"score":0,"last_activity_date":1686060793,"creation_date":1685915354,"question_id":76402537,"content_license":"CC BY-SA 4.0","link":"https://stackoverflow.com/questions/76402537/i-get-the-cors-error-while-testing-my-api-i-already-set-the-crossorigin-configu","title":"I get the CORS error while testing my api, I already set the crossorigin configuration but it&#39;s not working, Java Spring, Authentication JWT"},{"tags":["c#","unity-game-engine"],"owner":{"account_id":26414971,"reputation":17,"user_id":20063497,"user_type":"registered","profile_image":"https://lh3.googleusercontent.com/a-/ACNPEu8lorP2D5kvMDxoTI5iSi3YJ4vPzoty9VXeKqef=k-s256","display_name":"Keaton Rozema","link":"https://stackoverflow.com/users/20063497/keaton-rozema"},"is_answered":false,"view_count":75,"answer_count":0,"score":0,"last_activity_date":1685915697,"creation_date":1685915336,"last_edit_date":1685915697,"question_id":76402536,"content_license":"CC BY-SA 4.0","link":"https://stackoverflow.com/questions/76402536/how-do-i-hard-reset-a-scene-in-unity","title":"How Do I Hard Reset a Scene In Unity?"},{"tags":["python","pandas"],"owner":{"account_id":19059666,"reputation":1403,"user_id":13916049,"user_type":"registered","profile_image":"https://www.gravatar.com/avatar/c9c28949cf1d6b57247c4758c8412591?s=256&d=identicon&r=PG&f=y&so-version=2","display_name":"Anon","link":"https://stackoverflow.com/users/13916049/anon"},"is_answered":false,"view_count":1445,"answer_count":0,"score":1,"last_activity_date":1685915186,"creation_date":1685915186,"question_id":76402530,"content_license":"CC BY-SA 4.0","link":"https://stackoverflow.com/questions/76402530/typeerror-concat-takes-1-positional-argument-but-2-were-given","title":"TypeError: concat() takes 1 positional argument but 2 were given"},{"tags":["algorithm","sum","analysis"],"owner":{"account_id":25832102,"reputation":41,"user_id":19569091,"user_type":"registered","profile_image":"https://www.gravatar.com/avatar/f5e622f95141b049b07bf5c24f86dd58?s=256&d=identicon&r=PG&f=y&so-version=2","display_name":"gwen","link":"https://stackoverflow.com/users/19569091/gwen"},"is_answered":true,"view_count":66,"answer_count":1,"score":1,"last_activity_date":1685965515,"creation_date":1685915171,"question_id":76402529,"content_license":"CC BY-SA 4.0","link":"https://stackoverflow.com/questions/76402529/summation-of-time-complexity-brute-force-string-match-computation","title":"Summation of time complexity Brute force string match computation"},{"tags":["github","github-flavored-markdown"],"owner":{"account_id":3081521,"reputation":468,"user_id":2609605,"user_type":"registered","accept_rate":40,"profile_image":"https://www.gravatar.com/avatar/6b6417771b6c726a659e435319ffdd90?s=256&d=identicon&r=PG","display_name":"user2609605","link":"https://stackoverflow.com/users/2609605/user2609605"},"is_answered":true,"view_count":436,"accepted_answer_id":76403118,"answer_count":1,"score":0,"last_activity_date":1685930439,"creation_date":1685915071,"question_id":76402528,"content_license":"CC BY-SA 4.0","link":"https://stackoverflow.com/questions/76402528/github-how-to-add-links-to-sections-of-readme-md","title":"github: how to add links to sections of readme.md"},{"tags":["typescript","vuejs3","pinia"],"owner":{"account_id":7476677,"reputation":21,"user_id":8255288,"user_type":"registered","profile_image":"https://graph.facebook.com/524019950/picture?type=large","display_name":"Eamon Bauman","link":"https://stackoverflow.com/users/8255288/eamon-bauman"},"is_answered":false,"view_count":444,"answer_count":0,"score":0,"last_activity_date":1685915023,"creation_date":1685915023,"question_id":76402527,"content_license":"CC BY-SA 4.0","link":"https://stackoverflow.com/questions/76402527/how-can-i-define-a-generic-store-factory-with-pinia-in-vue-3-while-maintaining-t","title":"How can I define a generic store factory with Pinia in Vue 3 while maintaining types?"},{"tags":["python","visual-studio-code"],"owner":{"account_id":21448585,"reputation":65,"user_id":16366260,"user_type":"registered","profile_image":"https://lh3.googleusercontent.com/a/AATXAJxOiuHbDMEmdq-T1fcXgf7xduX9lNH3poofvPpa=k-s256","display_name":"Gregory Morris","link":"https://stackoverflow.com/users/16366260/gregory-morris"},"is_answered":true,"view_count":910,"accepted_answer_id":76410049,"answer_count":1,"score":0,"last_activity_date":1685999609,"creation_date":1685914931,"question_id":76402522,"content_license":"CC BY-SA 4.0","link":"https://stackoverflow.com/questions/76402522/vscode-permissionerror-errno-13-permission-denied","title":"vscode PermissionError: [Errno 13] Permission denied:"},{"tags":["dll"],"owner":{"account_id":10651065,"reputation":9,"user_id":14295971,"user_type":"registered","profile_image":"https://www.gravatar.com/avatar/2dee20bb1dc915d6b7f1f66ed6c2805b?s=256&d=identicon&r=PG&f=y&so-version=2","display_name":"Ethan miller","link":"https://stackoverflow.com/users/14295971/ethan-miller"},"is_answered":false,"view_count":28,"answer_count":0,"score":0,"last_activity_date":1685914896,"creation_date":1685914896,"question_id":76402520,"content_license":"CC BY-SA 4.0","link":"https://stackoverflow.com/questions/76402520/does-anyone-know-what-i-can-find-to-edit-code-in-dll-that-works-like-jetbrains","title":"Does anyone know what I can find to edit code in dll, that works like jetBrains dotPeek, I need something that can allow me to edit the dll not view"},{"tags":["php","curl","post","omeka"],"owner":{"account_id":16029343,"reputation":31,"user_id":11568726,"user_type":"registered","profile_image":"https://www.gravatar.com/avatar/0f4cfaecf2f6433c1e0b4d9a0925ef0f?s=256&d=identicon&r=PG","display_name":"Jeremy","link":"https://stackoverflow.com/users/11568726/jeremy"},"is_answered":false,"view_count":198,"answer_count":0,"score":1,"last_activity_date":1686665989,"creation_date":1685914894,"last_edit_date":1686665989,"question_id":76402519,"content_license":"CC BY-SA 4.0","link":"https://stackoverflow.com/questions/76402519/getting-400-bad-request-error-while-using-php-curl-to-send-json-object-to-omeka","title":"Getting 400 Bad Request error while using PHP curl to send JSON object to Omeka API"},{"tags":["c#","unity-game-engine","networking","multiplayer"],"owner":{"account_id":1935230,"reputation":154,"user_id":1743643,"user_type":"registered","accept_rate":17,"profile_image":"https://www.gravatar.com/avatar/7561d216b554e0f26c4f98406d04392d?s=256&d=identicon&r=PG","display_name":"Freakwave","link":"https://stackoverflow.com/users/1743643/freakwave"},"is_answered":false,"view_count":653,"answer_count":0,"score":1,"last_activity_date":1685914830,"creation_date":1685914830,"question_id":76402518,"content_license":"CC BY-SA 4.0","link":"https://stackoverflow.com/questions/76402518/how-can-i-get-the-playerobject-for-each-connected-client-in-unitys-netcode-for","title":"How can I get the PlayerObject for each connected client in Unity&#39;s Netcode for networking?"},{"tags":["laravel","vuejs3","naiveui"],"owner":{"account_id":13283529,"reputation":335,"user_id":9590347,"user_type":"registered","profile_image":"https://i.stack.imgur.com/2pRkC.jpg?s=256&g=1","display_name":"Kingsley","link":"https://stackoverflow.com/users/9590347/kingsley"},"is_answered":false,"view_count":164,"answer_count":1,"score":-2,"last_activity_date":1686135385,"creation_date":1685914625,"last_edit_date":1686135385,"question_id":76402512,"content_license":"CC BY-SA 4.0","link":"https://stackoverflow.com/questions/76402512/using-naive-ui-form-components-with-inertiajs","title":"Using naive UI form components with inertiaJS"},{"tags":["python","opencv"],"owner":{"account_id":28751607,"reputation":1,"user_id":22019567,"user_type":"registered","profile_image":"https://www.gravatar.com/avatar/9f83ee01d86918f8ede9d71996028393?s=256&d=identicon&r=PG&f=y&so-version=2","display_name":"Eduardo","link":"https://stackoverflow.com/users/22019567/eduardo"},"is_answered":false,"view_count":29,"answer_count":0,"score":0,"last_activity_date":1685914577,"creation_date":1685914577,"question_id":76402511,"content_license":"CC BY-SA 4.0","link":"https://stackoverflow.com/questions/76402511/how-can-i-detect-circles-and-their-diameters-using-opencv-in-python","title":"How can I detect circles and their diameters using OpenCV in Python?"},{"tags":["c++","winapi","direct2d"],"owner":{"account_id":203587,"reputation":10443,"user_id":451321,"user_type":"registered","accept_rate":50,"profile_image":"https://i.stack.imgur.com/7Sdao.jpg?s=256&g=1","display_name":"Michael Chourdakis","link":"https://stackoverflow.com/users/451321/michael-chourdakis"},"is_answered":false,"view_count":50,"answer_count":0,"score":0,"last_activity_date":1685914508,"creation_date":1685914508,"question_id":76402508,"content_license":"CC BY-SA 4.0","link":"https://stackoverflow.com/questions/76402508/transform-mouse-point-from-to-matrix","title":"Transform Mouse point from/to Matrix"},{"tags":["javascript","arrays","function","for-loop","if-statement"],"owner":{"account_id":28171669,"reputation":11,"user_id":21530121,"user_type":"registered","profile_image":"https://www.gravatar.com/avatar/c58f362b070413b732258237e2f404d3?s=256&d=identicon&r=PG&f=y&so-version=2","display_name":"Adelle","link":"https://stackoverflow.com/users/21530121/adelle"},"is_answered":true,"view_count":55,"accepted_answer_id":76402574,"answer_count":2,"score":0,"last_activity_date":1685918323,"creation_date":1685914494,"last_edit_date":1685915575,"question_id":76402507,"content_license":"CC BY-SA 4.0","link":"https://stackoverflow.com/questions/76402507/returning-object-with-index-positions-of-knife-and-fork-in-array-using-javascrip","title":"Returning object with index positions of knife and fork in array using JavaScript"},{"tags":["python","discord"],"owner":{"account_id":25913435,"reputation":1,"user_id":19637181,"user_type":"registered","profile_image":"https://lh3.googleusercontent.com/a/AItbvmkoNm6xiXYw8R1x3FXCjUz3mdKQcVROafphOm6C=k-s256","display_name":"Liam Hogan","link":"https://stackoverflow.com/users/19637181/liam-hogan"},"is_answered":false,"view_count":19,"answer_count":0,"score":0,"last_activity_date":1685914901,"creation_date":1685914416,"last_edit_date":1685914901,"question_id":76402505,"content_license":"CC BY-SA 4.0","link":"https://stackoverflow.com/questions/76402505/making-discord-bot-with-python-but-when-i-try-to-pass-intents-to-discord-client","title":"Making discord bot with python but when I try to pass intents to discord.Client() it tells me that it takes one positional argument but 2 were given"},{"tags":["python","pandas"],"owner":{"account_id":9270541,"reputation":161,"user_id":6929149,"user_type":"registered","accept_rate":83,"profile_image":"https://www.gravatar.com/avatar/64ee31f0fb8208de156e65318ab74723?s=256&d=identicon&r=PG&f=y&so-version=2","display_name":"Muhammad Yojer","link":"https://stackoverflow.com/users/6929149/muhammad-yojer"},"is_answered":true,"view_count":29,"answer_count":1,"score":1,"last_activity_date":1685914917,"creation_date":1685914352,"question_id":76402503,"content_license":"CC BY-SA 4.0","link":"https://stackoverflow.com/questions/76402503/drop-rows-where-a-certain-column-has-more-than-n-zeros-in-a-row","title":"Drop rows where a certain column has more than n zeros in a row"},{"tags":["java","android","firebase-realtime-database","mpandroidchart"],"owner":{"account_id":28752008,"reputation":1,"user_id":22019869,"user_type":"registered","profile_image":"https://lh3.googleusercontent.com/a/AAcHTtcKo-maBnNIdREtcwt1UxUWrqigSxi5YARwTfFf=k-s256","display_name":"Berat Akdoğan","link":"https://stackoverflow.com/users/22019869/berat-akdo%c4%9fan"},"is_answered":false,"view_count":37,"answer_count":0,"score":0,"last_activity_date":1685915467,"creation_date":1685914220,"last_edit_date":1685915467,"question_id":76402496,"content_license":"CC BY-SA 4.0","link":"https://stackoverflow.com/questions/76402496/could-not-show-date-in-x-axis-more-than-once-in-mpandroidchart-linechart","title":"Could Not Show Date in X-Axis More than Once in MPAndroidChart (LineChart)"},{"tags":["firebase","kotlin","google-cloud-firestore"],"owner":{"account_id":28752033,"reputation":1,"user_id":22019890,"user_type":"registered","profile_image":"https://www.gravatar.com/avatar/04537cae0483331a4248f1eb4f60bb13?s=256&d=identicon&r=PG&f=y&so-version=2","display_name":"Luccamvmrey","link":"https://stackoverflow.com/users/22019890/luccamvmrey"},"is_answered":false,"view_count":39,"answer_count":0,"score":0,"last_activity_date":1685914196,"creation_date":1685914196,"question_id":76402494,"content_license":"CC BY-SA 4.0","link":"https://stackoverflow.com/questions/76402494/app-freezes-when-using-firebase-with-compose-to-navigate-to-a-new-screen","title":"App freezes when using Firebase with Compose to navigate to a new screen"},{"tags":["python","windows","bluetooth-lowenergy"],"owner":{"account_id":19802307,"reputation":11,"user_id":14503029,"user_type":"registered","profile_image":"https://www.gravatar.com/avatar/6c5be3787a90911fd1d5b3f8cb2a3331?s=256&d=identicon&r=PG&f=y&so-version=2","display_name":"waszee","link":"https://stackoverflow.com/users/14503029/waszee"},"is_answered":true,"view_count":34,"answer_count":1,"score":0,"last_activity_date":1686438268,"creation_date":1685914167,"question_id":76402493,"content_license":"CC BY-SA 4.0","link":"https://stackoverflow.com/questions/76402493/why-does-fig-axs-plt-subplots3-1-sharex-true-prevent-connection-to-a-bleakclie","title":"why does fig,axs=plt.subplots(3,1,sharex=True) prevent connection to a Bleakclient.client client.connect on Windows 11"},{"tags":["typescript"],"owner":{"account_id":11126185,"reputation":191,"user_id":8167610,"user_type":"registered","profile_image":"https://www.gravatar.com/avatar/61c75ef65d15dbdca8cec9ea8eca046b?s=256&d=identicon&r=PG&f=y&so-version=2","display_name":"jdodle","link":"https://stackoverflow.com/users/8167610/jdodle"},"is_answered":true,"view_count":392,"accepted_answer_id":76402968,"answer_count":2,"score":4,"last_activity_date":1685925733,"creation_date":1685914113,"last_edit_date":1685914483,"question_id":76402491,"content_license":"CC BY-SA 4.0","link":"https://stackoverflow.com/questions/76402491/providing-only-some-types-for-generic-type-in-typescript","title":"Providing only some types for generic type in typescript"}],"has_more":true,"quota_max":300,"quota_remaining":87}