{"items":[{"tags":["next.js","documentation","i18next"],"owner":{"account_id":24790159,"reputation":361,"user_id":18673183,"user_type":"registered","profile_image":"https://www.gravatar.com/avatar/647055c95d21b7daa28dfc86e759647b?s=256&d=identicon&r=PG","display_name":"Aelmouny11","link":"https://stackoverflow.com/users/18673183/aelmouny11"},"is_answered":false,"view_count":31,"answer_count":0,"score":0,"last_activity_date":1683928787,"creation_date":1683928787,"question_id":76240174,"content_license":"CC BY-SA 4.0","link":"https://stackoverflow.com/questions/76240174/use-french-in-nextra","title":"Use french in Nextra"},{"tags":["python","windows","matplotlib"],"owner":{"account_id":10612586,"reputation":75,"user_id":7816046,"user_type":"registered","profile_image":"https://www.gravatar.com/avatar/8f5beab7eb25c7dc3c41801e216c3b01?s=256&d=identicon&r=PG&f=y&so-version=2","display_name":"Lesna Vevericka","link":"https://stackoverflow.com/users/7816046/lesna-vevericka"},"is_answered":true,"view_count":58,"answer_count":1,"score":0,"last_activity_date":1683929445,"creation_date":1683928669,"last_edit_date":1683929445,"question_id":76240170,"content_license":"CC BY-SA 4.0","link":"https://stackoverflow.com/questions/76240170/why-cant-we-install-matplotlib-in-windows-in-python-3-10","title":"Why cant we install matplotlib in windows in python 3.10?"},{"tags":["python","pandas","csv","export-to-excel"],"owner":{"account_id":28508977,"reputation":11,"user_id":21819233,"user_type":"registered","profile_image":"https://www.gravatar.com/avatar/21f60ee921d7469ba6e73d5578975447?s=256&d=identicon&r=PG&f=y&so-version=2","display_name":"db18145","link":"https://stackoverflow.com/users/21819233/db18145"},"is_answered":false,"view_count":48,"answer_count":0,"score":0,"last_activity_date":1684333298,"creation_date":1683928669,"last_edit_date":1684333298,"question_id":76240169,"content_license":"CC BY-SA 4.0","link":"https://stackoverflow.com/questions/76240169/code-executes-without-errors-but-the-excel-file-is-generating-with-blanks","title":"Code executes without errors but the Excel file is generating with blanks"},{"tags":["python","dataframe","apache-spark","pyspark","apache-spark-sql"],"owner":{"account_id":25809783,"reputation":51,"user_id":19550744,"user_type":"registered","profile_image":"https://lh3.googleusercontent.com/a/AItbvmnyGjNgA_3oI2QEV64ED_-q-CGikKT19jWmWYgH=k-s256","display_name":"OhMoh24","link":"https://stackoverflow.com/users/19550744/ohmoh24"},"is_answered":false,"view_count":33,"answer_count":0,"score":0,"last_activity_date":1683929020,"creation_date":1683928665,"last_edit_date":1683929020,"question_id":76240168,"content_license":"CC BY-SA 4.0","link":"https://stackoverflow.com/questions/76240168/is-there-a-way-we-can-capture-a-column-value-from-first-row-and-assign-it-to-nex","title":"Is there a way we can capture a column value from first row and assign it to next few rows in pyspark?"},{"tags":["typescript","nestjs","prisma"],"owner":{"account_id":9902580,"reputation":37,"user_id":7332124,"user_type":"registered","profile_image":"https://graph.facebook.com/1404460192932222/picture?type=large","display_name":"Bartłomiej Błaszczyk","link":"https://stackoverflow.com/users/7332124/bart%c5%82omiej-b%c5%82aszczyk"},"is_answered":true,"view_count":3463,"accepted_answer_id":76434555,"answer_count":1,"score":0,"last_activity_date":1686247252,"creation_date":1683928635,"last_edit_date":1683929439,"question_id":76240165,"content_license":"CC BY-SA 4.0","link":"https://stackoverflow.com/questions/76240165/error-class-constructor-t-cannot-be-invoked-without-new-in-nestjs-with-prisma","title":"ERROR Class constructor t cannot be invoked without &#39;new&#39; in NestJS with Prisma"},{"tags":["r","date","shiny"],"owner":{"account_id":25328495,"reputation":55,"user_id":19148714,"user_type":"registered","profile_image":"https://lh3.googleusercontent.com/a-/AOh14GiSo6xfOt-DZRNX6kFsuNzG4egIHp48vr2oyIPCAg=k-s256","display_name":"Cole Baril","link":"https://stackoverflow.com/users/19148714/cole-baril"},"is_answered":true,"view_count":50,"answer_count":1,"score":0,"last_activity_date":1683931378,"creation_date":1683928634,"last_edit_date":1683930471,"question_id":76240164,"content_license":"CC BY-SA 4.0","link":"https://stackoverflow.com/questions/76240164/is-there-a-function-to-detect-a-date-format-from-many-possible-formats-and-conve","title":"Is there a function to detect a date format from many possible formats and convert it to a &lt;date&gt; element?"},{"tags":["node.js","typescript","node-modules","tsconfig"],"owner":{"account_id":1763604,"reputation":4208,"user_id":1610029,"user_type":"registered","accept_rate":88,"profile_image":"https://www.gravatar.com/avatar/6af3dbd2308903fa15d40c12b93d8249?s=256&d=identicon&r=PG","display_name":"Wojtek Dmyszewicz","link":"https://stackoverflow.com/users/1610029/wojtek-dmyszewicz"},"is_answered":true,"view_count":409,"accepted_answer_id":76258000,"answer_count":1,"score":0,"last_activity_date":1684308702,"creation_date":1683928617,"last_edit_date":1684308702,"question_id":76240162,"content_license":"CC BY-SA 4.0","link":"https://stackoverflow.com/questions/76240162/typescript-compile-issue-error-ts2705-es2015-lib-option","title":"Typescript compile issue (error TS2705 - ES2015 --lib option)"},{"tags":["javascript","reactjs","mern","react-state"],"owner":{"account_id":25673248,"reputation":55,"user_id":19437128,"user_type":"registered","profile_image":"https://www.gravatar.com/avatar/148223f005dff97b567710218310713e?s=256&d=identicon&r=PG","display_name":"Parveen Rawal","link":"https://stackoverflow.com/users/19437128/parveen-rawal"},"is_answered":true,"view_count":57,"answer_count":2,"score":2,"last_activity_date":1683968288,"creation_date":1683928594,"question_id":76240160,"content_license":"CC BY-SA 4.0","link":"https://stackoverflow.com/questions/76240160/react-js-state-showing-undefine-while-fetch-data-from-the-api","title":"React.js state showing undefine while fetch data from the api"},{"tags":["pandas","statistics","regression","data-analysis","correlation"],"owner":{"account_id":24330967,"reputation":11,"user_id":18269820,"user_type":"registered","profile_image":"https://www.gravatar.com/avatar/73e26724cb44a5953ee4be489575844b?s=256&d=identicon&r=PG","display_name":"racurry1993","link":"https://stackoverflow.com/users/18269820/racurry1993"},"is_answered":false,"view_count":33,"answer_count":0,"score":0,"last_activity_date":1684152556,"creation_date":1683928544,"last_edit_date":1684152556,"question_id":76240159,"content_license":"CC BY-SA 4.0","link":"https://stackoverflow.com/questions/76240159/productivity-mix-analysis-statistics","title":"Productivity Mix Analysis - statistics"},{"tags":["python","python-3.x","time-series","multivariate-time-series","u8darts"],"owner":{"account_id":306855,"reputation":1353,"user_id":617845,"user_type":"registered","accept_rate":67,"profile_image":"https://www.gravatar.com/avatar/45a5fd5d616d6b70bc9b2f3717c6c856?s=256&d=identicon&r=PG","display_name":"M.M","link":"https://stackoverflow.com/users/617845/m-m"},"is_answered":true,"view_count":1166,"answer_count":3,"score":2,"last_activity_date":1685335996,"creation_date":1683928542,"question_id":76240158,"content_license":"CC BY-SA 4.0","link":"https://stackoverflow.com/questions/76240158/multi-covariate-time-series-forecast-using-darts","title":"Multi covariate time series forecast using Darts"},{"tags":["javascript"],"owner":{"account_id":27365198,"reputation":49,"user_id":20872174,"user_type":"registered","profile_image":"https://www.gravatar.com/avatar/f98db0c6036b5632717f5f835cc9253a?s=256&d=identicon&r=PG","display_name":"fjduqrllhdnolvgrcc","link":"https://stackoverflow.com/users/20872174/fjduqrllhdnolvgrcc"},"is_answered":true,"view_count":53,"accepted_answer_id":76240299,"answer_count":1,"score":0,"last_activity_date":1683930734,"creation_date":1683928436,"last_edit_date":1683929136,"question_id":76240151,"content_license":"CC BY-SA 4.0","link":"https://stackoverflow.com/questions/76240151/how-to-move-a-value-of-array-in-an-object-to-another-key-array","title":"How to move a value of array in an object to another key array?"},{"tags":["javascript","asynchronous","async-await","es6-promise"],"owner":{"account_id":22507967,"reputation":97,"user_id":16703278,"user_type":"registered","profile_image":"https://www.gravatar.com/avatar/a8f51d84e0d485117bb9e117794eab11?s=256&d=identicon&r=PG&f=y&so-version=2","display_name":"Jose Carlos Ram&#237;rez","link":"https://stackoverflow.com/users/16703278/jose-carlos-ram%c3%adrez"},"is_answered":true,"view_count":189,"accepted_answer_id":76240346,"answer_count":2,"score":3,"last_activity_date":1683982955,"creation_date":1683928435,"last_edit_date":1683930436,"question_id":76240150,"content_license":"CC BY-SA 4.0","link":"https://stackoverflow.com/questions/76240150/why-does-throw-error-make-a-function-run-as-synchronous","title":"Why does &quot;throw Error&quot; make a function run as synchronous?"},{"tags":["vba","ms-word"],"owner":{"account_id":28591152,"reputation":11,"user_id":21890357,"user_type":"registered","profile_image":"https://lh3.googleusercontent.com/a/AGNmyxZ2Y8nyP6aDnPI1yLprFH9Ct_iz2sCjy3rGk-te=k-s256","display_name":"N W","link":"https://stackoverflow.com/users/21890357/n-w"},"is_answered":false,"view_count":265,"answer_count":1,"score":1,"last_activity_date":1684553116,"creation_date":1683928421,"last_edit_date":1684111705,"question_id":76240148,"content_license":"CC BY-SA 4.0","link":"https://stackoverflow.com/questions/76240148/creating-automatic-fill-in-word-document-with-drop-down-list-content-control","title":"Creating automatic fill in word document with drop-down list content control"},{"tags":["artificial-intelligence","face-recognition","facenet"],"owner":{"account_id":28591189,"reputation":11,"user_id":21890389,"user_type":"registered","profile_image":"https://i.stack.imgur.com/ZxUhT.jpg?s=256&g=1","display_name":"MehrabChowdhury","link":"https://stackoverflow.com/users/21890389/mehrabchowdhury"},"is_answered":false,"view_count":106,"answer_count":0,"score":0,"last_activity_date":1683928385,"creation_date":1683928385,"question_id":76240145,"content_license":"CC BY-SA 4.0","link":"https://stackoverflow.com/questions/76240145/running-facenet-in-real-time-for-face-recognition-using-opencv-and-mtcnn","title":"Running FaceNet in real time for face recognition using openCV and mtcnn"},{"tags":["visual-studio-code","julia"],"owner":{"account_id":18031871,"reputation":99,"user_id":15455498,"user_type":"registered","profile_image":"https://www.gravatar.com/avatar/b245434861336bb0ce917c0d8aa0afba?s=256&d=identicon&r=PG&f=y&so-version=2","display_name":"jn_br","link":"https://stackoverflow.com/users/15455498/jn-br"},"is_answered":false,"view_count":70,"answer_count":1,"score":2,"last_activity_date":1687042639,"creation_date":1683928382,"question_id":76240144,"content_license":"CC BY-SA 4.0","link":"https://stackoverflow.com/questions/76240144/unusual-julia-prompt-in-vscode","title":"Unusual Julia prompt in VSCode"},{"tags":["assembly","hashtable","masm"],"owner":{"account_id":28591272,"reputation":11,"user_id":21890455,"user_type":"registered","profile_image":"https://lh3.googleusercontent.com/a/AGNmyxZZiZFyv9JhZexLKBB5TYjNKpB1IuLld2jH8Hpoqg=k-s256","display_name":"justin hennis","link":"https://stackoverflow.com/users/21890455/justin-hennis"},"is_answered":false,"view_count":74,"answer_count":1,"score":1,"last_activity_date":1688061111,"creation_date":1683928303,"question_id":76240141,"content_license":"CC BY-SA 4.0","link":"https://stackoverflow.com/questions/76240141/how-do-i-write-the-struct-for-a-hashtable-in-x86-masm-assembly-language","title":"How do I write the STRUCT for a hashtable in x86 MASM Assembly language?"},{"tags":["flutter","firebase","google-cloud-firestore","clean-architecture","flutter-get"],"owner":{"account_id":23037589,"reputation":324,"user_id":17156150,"user_type":"registered","profile_image":"https://i.stack.imgur.com/e5jyO.jpg?s=256&g=1","display_name":"MiniDev99","link":"https://stackoverflow.com/users/17156150/minidev99"},"is_answered":false,"view_count":489,"answer_count":2,"score":0,"last_activity_date":1702213375,"creation_date":1683928297,"last_edit_date":1683929769,"question_id":76240139,"content_license":"CC BY-SA 4.0","link":"https://stackoverflow.com/questions/76240139/flutter-getit-error-even-when-its-already-registered","title":"Flutter - GetIt error, Even when it&#39;s already Registered"},{"tags":["r","shiny","disable","action-button","shinymodules"],"owner":{"account_id":12004407,"reputation":375,"user_id":8783163,"user_type":"registered","accept_rate":50,"profile_image":"https://www.gravatar.com/avatar/6a51481d0a0c2884411268b8f1f6d1af?s=256&d=identicon&r=PG&f=y&so-version=2","display_name":"tomsu","link":"https://stackoverflow.com/users/8783163/tomsu"},"is_answered":false,"view_count":93,"answer_count":0,"score":0,"last_activity_date":1683928278,"creation_date":1683928278,"question_id":76240138,"content_license":"CC BY-SA 4.0","link":"https://stackoverflow.com/questions/76240138/disable-enable-actionbutton-doesnt-work-in-r-shiny-modules","title":"disable/enable actionButton doesn&#39;t work in R Shiny Modules"},{"tags":["spring-cloud-stream"],"owner":{"account_id":4844268,"reputation":1484,"user_id":3908406,"user_type":"registered","profile_image":"https://www.gravatar.com/avatar/6647adadc216b8e17f315a7c35e6e179?s=256&d=identicon&r=PG&f=y&so-version=2","display_name":"user3908406","link":"https://stackoverflow.com/users/3908406/user3908406"},"is_answered":true,"view_count":194,"accepted_answer_id":76254296,"answer_count":1,"score":0,"last_activity_date":1684155269,"creation_date":1683928240,"question_id":76240135,"content_license":"CC BY-SA 4.0","link":"https://stackoverflow.com/questions/76240135/spring-cloud-stream-with-rabbitmq-how-to-output-message-to-the-same-exchange-as","title":"Spring cloud stream with Rabbitmq: How to output message to the same exchange as the input exchange"},{"tags":["database","docker","mariadb"],"owner":{"account_id":27579343,"reputation":11,"user_id":21048876,"user_type":"registered","profile_image":"https://www.gravatar.com/avatar/d52d3b0748d7378ce7c9d6b350ee2f87?s=256&d=identicon&r=PG","display_name":"Alexandra","link":"https://stackoverflow.com/users/21048876/alexandra"},"is_answered":false,"view_count":32,"answer_count":0,"score":0,"last_activity_date":1683928236,"creation_date":1683928236,"question_id":76240133,"content_license":"CC BY-SA 4.0","link":"https://stackoverflow.com/questions/76240133/cant-connect-to-mariadb-running-on-docker-getting-1045-error","title":"Can&#39;t connect to MariaDB running on Docker, getting 1045 error"},{"tags":["sql","sql-server"],"owner":{"account_id":17218437,"reputation":134,"user_id":12465796,"user_type":"registered","profile_image":"https://www.gravatar.com/avatar/46416c325448766d17c2b6b4176b7266?s=256&d=identicon&r=PG&f=y&so-version=2","display_name":"jp207","link":"https://stackoverflow.com/users/12465796/jp207"},"is_answered":true,"view_count":136,"closed_date":1683940308,"answer_count":1,"score":-1,"last_activity_date":1683930686,"creation_date":1683928211,"question_id":76240130,"link":"https://stackoverflow.com/questions/76240130/how-to-get-the-2nd-substring-in-between-delimiters-with-sql","closed_reason":"Duplicate","title":"How to get the 2nd substring in between delimiters with SQL?"},{"tags":["css","css-transitions"],"owner":{"account_id":19615856,"reputation":1380,"user_id":14357365,"user_type":"registered","profile_image":"https://www.gravatar.com/avatar/b62371dd7838300f378bacfbcc56e7b4?s=256&d=identicon&r=PG&f=y&so-version=2","display_name":"Jay","link":"https://stackoverflow.com/users/14357365/jay"},"is_answered":true,"view_count":42,"closed_date":1683935582,"accepted_answer_id":76240426,"answer_count":1,"score":-1,"last_activity_date":1683933267,"creation_date":1683928207,"last_edit_date":1683931070,"question_id":76240129,"link":"https://stackoverflow.com/questions/76240129/how-to-rorate-the-image-of-a-background-in-css","closed_reason":"Not suitable for this site","title":"How to rorate the image of a background in CSS?"},{"tags":["javascript","oop","this"],"owner":{"account_id":26910060,"reputation":21,"user_id":20485785,"user_type":"registered","profile_image":"https://lh3.googleusercontent.com/a/ALm5wu29-Uh3hW-Far_4RWkx_y3uLwg9Iey3pnPMetUv=k-s256","display_name":"Yassen Mohamed","link":"https://stackoverflow.com/users/20485785/yassen-mohamed"},"is_answered":false,"view_count":40,"closed_date":1683928939,"answer_count":0,"score":0,"last_activity_date":1683928968,"creation_date":1683928183,"last_edit_date":1683928888,"question_id":76240125,"link":"https://stackoverflow.com/questions/76240125/the-code-doesnt-seem-to-work-as-expected","closed_reason":"Duplicate","title":"the code doesn&#39;t seem to work as expected"},{"tags":["python","string","list"],"owner":{"account_id":6674770,"reputation":159,"user_id":5149826,"user_type":"registered","profile_image":"https://lh5.googleusercontent.com/-n_21aDApJWI/AAAAAAAAAAI/AAAAAAAAAJc/esqtM_RDOxg/photo.jpg?sz=256","display_name":"Wendy Velasquez","link":"https://stackoverflow.com/users/5149826/wendy-velasquez"},"is_answered":true,"view_count":85,"accepted_answer_id":76240597,"answer_count":3,"score":2,"last_activity_date":1683970199,"creation_date":1683928136,"last_edit_date":1683970199,"question_id":76240123,"content_license":"CC BY-SA 4.0","link":"https://stackoverflow.com/questions/76240123/splitting-a-string-into-a-list-of-lists-of-lists-using-regex","title":"Splitting a string into a list of lists of lists using regex"},{"tags":["apache-spark","pyspark","amazon-emr"],"owner":{"account_id":7759768,"reputation":456,"user_id":5872922,"user_type":"registered","accept_rate":71,"profile_image":"https://www.gravatar.com/avatar/3c39235bf2e8a1b24aa47f14a62f3dd7?s=256&d=identicon&r=PG&f=y&so-version=2","display_name":"seou1","link":"https://stackoverflow.com/users/5872922/seou1"},"is_answered":false,"view_count":48,"answer_count":0,"score":0,"last_activity_date":1683928127,"creation_date":1683928127,"question_id":76240121,"content_license":"CC BY-SA 4.0","link":"https://stackoverflow.com/questions/76240121/emr-spark-job-keep-running","title":"EMR Spark Job Keep running"},{"tags":["debugging","error-handling","lua","roblox"],"owner":{"account_id":21044354,"reputation":1,"user_id":15466015,"user_type":"registered","profile_image":"https://lh5.googleusercontent.com/-4yoQu4K9HvQ/AAAAAAAAAAI/AAAAAAAAAAA/AMZuucmJJq2-IefHIfMXvMKSSIEn_qKUKA/s96-c/photo.jpg?sz=256","display_name":"Alexia","link":"https://stackoverflow.com/users/15466015/alexia"},"is_answered":false,"view_count":82,"answer_count":1,"score":0,"last_activity_date":1684297421,"creation_date":1683928044,"last_edit_date":1683980330,"question_id":76240116,"content_license":"CC BY-SA 4.0","link":"https://stackoverflow.com/questions/76240116/why-cant-the-script-do-an-if-statement","title":"Why can&#39;t the script do an if statement?"},{"tags":["css","animation","svg","css-animations"],"owner":{"account_id":13286792,"reputation":1,"user_id":9592618,"user_type":"registered","profile_image":"https://graph.facebook.com/1786723951378025/picture?type=large","display_name":"Luiz Gustavo Nunes","link":"https://stackoverflow.com/users/9592618/luiz-gustavo-nunes"},"is_answered":true,"view_count":344,"answer_count":1,"score":-1,"last_activity_date":1683937315,"creation_date":1683928014,"last_edit_date":1683933436,"question_id":76240115,"content_license":"CC BY-SA 4.0","link":"https://stackoverflow.com/questions/76240115/filling-svg-with-wave-animation","title":"Filling SVG with Wave Animation"},{"tags":["django-forms"],"owner":{"account_id":28591239,"reputation":1,"user_id":21890430,"user_type":"registered","profile_image":"https://lh3.googleusercontent.com/a/AGNmyxbApH5n7ylnpFD7V9Rx-c7L3KdErOOJKlw4mIiJ4w=k-s256","display_name":"Shaown Paul","link":"https://stackoverflow.com/users/21890430/shaown-paul"},"is_answered":false,"view_count":9,"answer_count":0,"score":0,"last_activity_date":1683927978,"creation_date":1683927978,"question_id":76240114,"content_license":"CC BY-SA 4.0","link":"https://stackoverflow.com/questions/76240114/url-break-when-i-want-to-using-the-password-change-from-in-crispy-form-in-django","title":"url break when I want to using the password change from in crispy form in django"},{"tags":["javascript","html","javascript-objects"],"owner":{"account_id":28118323,"reputation":25,"user_id":21485001,"user_type":"registered","profile_image":"https://lh3.googleusercontent.com/a/AGNmyxYXKuDJkofiIf4Cl-iPg34lNLnJ83FvhnsCIstg=k-s256","display_name":"Yasir Lasfar","link":"https://stackoverflow.com/users/21485001/yasir-lasfar"},"is_answered":true,"view_count":42,"accepted_answer_id":76240396,"answer_count":2,"score":1,"last_activity_date":1683932958,"creation_date":1683927973,"last_edit_date":1683931619,"question_id":76240112,"content_license":"CC BY-SA 4.0","link":"https://stackoverflow.com/questions/76240112/how-to-get-values-from-specific-objects-inside-an-array","title":"How to get values from specific objects inside an array?"},{"tags":["python","django","multiprocessing","github-actions","django-testing"],"owner":{"account_id":978661,"reputation":1794,"user_id":998967,"user_type":"registered","accept_rate":68,"profile_image":"https://www.gravatar.com/avatar/63aff4ae9b0fd0c6c53a613e12a44784?s=256&d=identicon&r=PG","display_name":"Luke","link":"https://stackoverflow.com/users/998967/luke"},"is_answered":false,"view_count":160,"answer_count":0,"score":0,"last_activity_date":1683927863,"creation_date":1683927863,"question_id":76240108,"content_license":"CC BY-SA 4.0","link":"https://stackoverflow.com/questions/76240108/django-tests-error-in-github-action-while-running-in-parallel","title":"django tests - error in github action while running in parallel"}],"has_more":true,"quota_max":300,"quota_remaining":179}