{"items":[{"tags":["mysql","sql","view"],"owner":{"account_id":20397937,"reputation":1,"user_id":14964305,"user_type":"registered","profile_image":"https://www.gravatar.com/avatar/d513c16590cc86ff2e2b302d52c2cb7e?s=256&d=identicon&r=PG&f=y&so-version=2","display_name":"JG1","link":"https://stackoverflow.com/users/14964305/jg1"},"is_answered":false,"view_count":39,"answer_count":0,"score":0,"last_activity_date":1681189187,"creation_date":1681189187,"question_id":75982530,"content_license":"CC BY-SA 4.0","link":"https://stackoverflow.com/questions/75982530/if-we-perform-any-updates-or-ddl-statements-in-view-will-it-refelect-in-the-orig","title":"If we perform any updates or ddl statements in view will it refelect in the original database table from where the view has been created?"},{"tags":["python","backtracking","recursive-datastructures","n-queens"],"owner":{"account_id":17982945,"reputation":139,"user_id":13068833,"user_type":"registered","profile_image":"https://www.gravatar.com/avatar/2aa549defa418cbf1d396caaa8911dcd?s=256&d=identicon&r=PG&f=y&so-version=2","display_name":"shivaraj karki","link":"https://stackoverflow.com/users/13068833/shivaraj-karki"},"is_answered":false,"view_count":33,"answer_count":0,"score":0,"last_activity_date":1681189099,"creation_date":1681189099,"question_id":75982523,"content_license":"CC BY-SA 4.0","link":"https://stackoverflow.com/questions/75982523/python-list-gets-overwritten-in-recursion-n-queen","title":"Python List gets overwritten in recursion, N Queen"},{"tags":["python","python-3.x","selenium-webdriver","selenium-chromedriver","findelement"],"owner":{"account_id":28034610,"reputation":69,"user_id":21413227,"user_type":"registered","profile_image":"https://lh3.googleusercontent.com/a/AGNmyxYpWYEqnLRsBg4BH_FRchfgdJLRsBbRVOg5kAaH=k-s256","display_name":"Dallin Kump","link":"https://stackoverflow.com/users/21413227/dallin-kump"},"is_answered":true,"view_count":69,"accepted_answer_id":75982975,"answer_count":2,"score":1,"last_activity_date":1681269332,"creation_date":1681189009,"last_edit_date":1681269332,"question_id":75982519,"content_license":"CC BY-SA 4.0","link":"https://stackoverflow.com/questions/75982519/unable-to-locate-element-using-selenium-and-python","title":"Unable to locate element using Selenium and Python"},{"tags":["php","laravel"],"owner":{"account_id":28271510,"reputation":11,"user_id":21614614,"user_type":"registered","profile_image":"https://lh3.googleusercontent.com/a/AGNmyxZIpnfJtProcK2fJUxRHwX2Eej25-1nJYfd01wb=k-s256","display_name":"Neha Rajput","link":"https://stackoverflow.com/users/21614614/neha-rajput"},"is_answered":false,"view_count":101,"answer_count":0,"score":1,"last_activity_date":1681298577,"creation_date":1681188877,"last_edit_date":1681298577,"question_id":75982511,"content_license":"CC BY-SA 4.0","link":"https://stackoverflow.com/questions/75982511/laravel-library-headlesschromium","title":"Laravel library HeadlessChromium"},{"tags":["ios","iphone","xcode"],"owner":{"account_id":9728432,"reputation":21,"user_id":7214470,"user_type":"registered","accept_rate":25,"profile_image":"https://graph.facebook.com/1346693875362217/picture?type=large","display_name":"Mohsin Khan","link":"https://stackoverflow.com/users/7214470/mohsin-khan"},"is_answered":true,"view_count":674,"answer_count":1,"score":1,"last_activity_date":1689448245,"creation_date":1681188873,"question_id":75982510,"content_license":"CC BY-SA 4.0","link":"https://stackoverflow.com/questions/75982510/how-to-switch-on-developer-mode-in-iphone-16-if-i-dont-have-access-to-macbook","title":"How to switch on developer mode in iPhone 16 if I don&#39;t have access to macbook"},{"tags":["python","python-3.x","discord"],"owner":{"account_id":28271458,"reputation":1,"user_id":21614567,"user_type":"registered","profile_image":"https://i.stack.imgur.com/MCleL.png?s=256&g=1","display_name":"CultistsInc","link":"https://stackoverflow.com/users/21614567/cultistsinc"},"is_answered":true,"view_count":58,"accepted_answer_id":75982651,"answer_count":1,"score":-1,"last_activity_date":1681191097,"creation_date":1681188869,"question_id":75982509,"content_license":"CC BY-SA 4.0","link":"https://stackoverflow.com/questions/75982509/how-do-i-get-the-author-of-a-slashsubcommand-in-hikari-lightbulb","title":"How do I get the author of a SlashSubCommand in hikari lightbulb?"},{"tags":["neovim","konsole"],"owner":{"account_id":4614611,"reputation":6295,"user_id":3741571,"user_type":"registered","accept_rate":2,"profile_image":"https://i.stack.imgur.com/0WXuV.jpg?s=256&g=1","display_name":"chenzhongpu","link":"https://stackoverflow.com/users/3741571/chenzhongpu"},"is_answered":true,"view_count":95,"accepted_answer_id":75982730,"answer_count":1,"score":0,"last_activity_date":1681192152,"creation_date":1681188824,"last_edit_date":1681190181,"question_id":75982504,"content_license":"CC BY-SA 4.0","link":"https://stackoverflow.com/questions/75982504/how-to-disable-alt-sends-escape-in-konsole","title":"How to disable `Alt sends Escape` in Konsole?"},{"tags":["assembly","arm64","palindrome"],"owner":{"account_id":19871128,"reputation":3,"user_id":14557216,"user_type":"registered","profile_image":"https://www.gravatar.com/avatar/b6e981ecaccf68bf1a92cfa4c3149666?s=256&d=identicon&r=PG&f=y&so-version=2","display_name":"kate","link":"https://stackoverflow.com/users/14557216/kate"},"is_answered":false,"view_count":26,"answer_count":0,"score":0,"last_activity_date":1681189500,"creation_date":1681188772,"last_edit_date":1681189500,"question_id":75982501,"content_license":"CC BY-SA 4.0","link":"https://stackoverflow.com/questions/75982501/wrong-output-while-making-palindrome-checker-in-assembly-language","title":"wrong output while making palindrome checker in assembly language"},{"tags":["reactjs","dictionary","google-maps"],"owner":{"account_id":17897149,"reputation":47,"user_id":21406631,"user_type":"registered","profile_image":"https://www.gravatar.com/avatar/89652b2d7e4d4ee2c90720399d8484b3?s=256&d=identicon&r=PG&f=y&so-version=2","display_name":"Calin Onaca","link":"https://stackoverflow.com/users/21406631/calin-onaca"},"is_answered":true,"view_count":290,"accepted_answer_id":75984033,"answer_count":1,"score":2,"last_activity_date":1681203106,"creation_date":1681188762,"last_edit_date":1681191860,"question_id":75982500,"content_license":"CC BY-SA 4.0","link":"https://stackoverflow.com/questions/75982500/how-to-stop-reloading-the-google-map-when-the-state-is-changes-in-react","title":"How to stop reloading the google map when the state is changes in React?"},{"tags":["c++","windows","winapi","compiler-errors","cl"],"owner":{"account_id":28271394,"reputation":1,"user_id":21614514,"user_type":"registered","profile_image":"https://lh3.googleusercontent.com/a/AGNmyxZTlabiccGE4Bkw7Iwg0wGmJ5a_FS_O99P49gkz=k-s256","display_name":"Ernesto padilla","link":"https://stackoverflow.com/users/21614514/ernesto-padilla"},"is_answered":false,"view_count":280,"closed_date":1681189385,"answer_count":0,"score":0,"last_activity_date":1681189486,"creation_date":1681188760,"question_id":75982499,"link":"https://stackoverflow.com/questions/75982499/how-can-i-solve-the-cl-error-windows-h-function-unresolved","closed_reason":"Duplicate","title":"How can I solve the CL error windows.h function unresolved"},{"tags":["firebase","stripe-payments","firebase-extensions"],"owner":{"account_id":164501,"reputation":5023,"user_id":387285,"user_type":"registered","accept_rate":87,"profile_image":"https://i.stack.imgur.com/9xOdv.jpg?s=256&g=1","display_name":"RoboKozo","link":"https://stackoverflow.com/users/387285/robokozo"},"is_answered":true,"view_count":109,"accepted_answer_id":76020598,"answer_count":2,"score":0,"last_activity_date":1681537944,"creation_date":1681188716,"question_id":75982494,"content_license":"CC BY-SA 4.0","link":"https://stackoverflow.com/questions/75982494/how-do-i-associate-a-checkout-session-with-a-payment-using-firebase-stripe-exten","title":"How do I associate a checkout_session with a payment using Firebase stripe extension?"},{"tags":["c++","inheritance","overloading"],"owner":{"account_id":24500125,"reputation":82,"user_id":18415836,"user_type":"registered","profile_image":"https://www.gravatar.com/avatar/697fecd4b9f248322c2f75f3562d52f5?s=256&d=identicon&r=PG","display_name":"AaronSinn","link":"https://stackoverflow.com/users/18415836/aaronsinn"},"is_answered":true,"view_count":86,"accepted_answer_id":75982506,"answer_count":1,"score":1,"last_activity_date":1681234169,"creation_date":1681188507,"last_edit_date":1681220032,"question_id":75982484,"content_license":"CC BY-SA 4.0","link":"https://stackoverflow.com/questions/75982484/i-cant-understand-why-one-member-function-a-is-being-called-instead-of-anothe","title":"I can&#39;t understand why one member function (A) is being called instead of another (D)"},{"tags":["r","ggplot2"],"owner":{"account_id":28271411,"reputation":1,"user_id":21614527,"user_type":"registered","profile_image":"https://www.gravatar.com/avatar/3525d37430f341333e9affd75c136de4?s=256&d=identicon&r=PG&f=y&so-version=2","display_name":"frogman1020","link":"https://stackoverflow.com/users/21614527/frogman1020"},"is_answered":true,"view_count":37,"answer_count":1,"score":-1,"last_activity_date":1681735123,"creation_date":1681188419,"last_edit_date":1681735123,"question_id":75982480,"content_license":"CC BY-SA 4.0","link":"https://stackoverflow.com/questions/75982480/how-do-i-rearrange-a-stacked-area-plot","title":"How Do I Rearrange a Stacked Area Plot?"},{"tags":["python","lstm","reshape","recurrent-neural-network","multivariate-time-series"],"owner":{"account_id":26551032,"reputation":21,"user_id":20180340,"user_type":"registered","profile_image":"https://lh3.googleusercontent.com/a/ALm5wu1wk45D3sP-CsDg6PGD6LqEJlTJC6WDhsNxrOZw=k-s256","display_name":"DJB17","link":"https://stackoverflow.com/users/20180340/djb17"},"is_answered":false,"view_count":59,"answer_count":0,"score":0,"last_activity_date":1681347123,"creation_date":1681188372,"last_edit_date":1681347123,"question_id":75982477,"content_license":"CC BY-SA 4.0","link":"https://stackoverflow.com/questions/75982477/multivariate-time-series-rnn-lstm-issues-for-player-stat-predictions","title":"Multivariate time series RNN (LSTM) issues for player stat predictions"},{"tags":["azure","sharepoint","azure-data-factory"],"owner":{"account_id":6872377,"reputation":71,"user_id":5282199,"user_type":"registered","accept_rate":40,"profile_image":"https://www.gravatar.com/avatar/c4f19d70dbd6dd56529de99dcec22bf2?s=256&d=identicon&r=PG&f=y&so-version=2","display_name":"x_coder","link":"https://stackoverflow.com/users/5282199/x-coder"},"is_answered":true,"view_count":617,"answer_count":1,"score":0,"last_activity_date":1681197776,"creation_date":1681188143,"question_id":75982462,"content_license":"CC BY-SA 4.0","link":"https://stackoverflow.com/questions/75982462/adf-event-trigger-based-on-sharepoint","title":"ADF Event trigger based on sharepoint"},{"tags":["c#","lambda","hashset"],"owner":{"account_id":17718258,"reputation":101,"user_id":12864040,"user_type":"registered","profile_image":"https://www.gravatar.com/avatar/4c1592575500361e5c46ad29ab096a43?s=256&d=identicon&r=PG&f=y&so-version=2","display_name":"David Jackson","link":"https://stackoverflow.com/users/12864040/david-jackson"},"is_answered":true,"view_count":66,"accepted_answer_id":75983425,"answer_count":1,"score":-1,"last_activity_date":1681198206,"creation_date":1681188116,"question_id":75982460,"content_license":"CC BY-SA 4.0","link":"https://stackoverflow.com/questions/75982460/filtering-records-from-list-or-array","title":"Filtering Records from List or Array"},{"tags":["java"],"owner":{"account_id":28271415,"reputation":3,"user_id":21614530,"user_type":"registered","profile_image":"https://www.gravatar.com/avatar/a06a69332333c8a418a117a76ded672c?s=256&d=identicon&r=PG&f=y&so-version=2","display_name":"strugglingnewb","link":"https://stackoverflow.com/users/21614530/strugglingnewb"},"is_answered":true,"view_count":62,"accepted_answer_id":75983680,"answer_count":2,"score":0,"last_activity_date":1681200698,"creation_date":1681187932,"last_edit_date":1681200633,"question_id":75982447,"content_license":"CC BY-SA 4.0","link":"https://stackoverflow.com/questions/75982447/reading-an-input-file-n-x-n-grid-and-reading-empty-space","title":"Reading an input file n x n grid and reading empty space"},{"tags":["python","class"],"owner":{"account_id":11744825,"reputation":924,"user_id":8595891,"user_type":"registered","profile_image":"https://www.gravatar.com/avatar/b6267da8a389313351a14418481e205b?s=256&d=identicon&r=PG&f=y&so-version=2","display_name":"Pranjal Doshi","link":"https://stackoverflow.com/users/8595891/pranjal-doshi"},"is_answered":false,"view_count":22,"answer_count":0,"score":0,"last_activity_date":1681187922,"creation_date":1681187922,"question_id":75982446,"content_license":"CC BY-SA 4.0","link":"https://stackoverflow.com/questions/75982446/making-a-class-discoverable-for-api-server","title":"Making a class discoverable for api server"},{"tags":["c++","qt","resize","qlabel","qscrollarea"],"owner":{"account_id":27337130,"reputation":66,"user_id":20848385,"user_type":"registered","profile_image":"https://i.stack.imgur.com/sBgBT.jpg?s=256&g=1","display_name":"Amir Hammoutene","link":"https://stackoverflow.com/users/20848385/amir-hammoutene"},"is_answered":false,"view_count":64,"answer_count":1,"score":1,"last_activity_date":1681211843,"creation_date":1681187867,"last_edit_date":1681208808,"question_id":75982444,"content_license":"CC BY-SA 4.0","link":"https://stackoverflow.com/questions/75982444/how-to-correctly-update-qscrollarea-when-dynamically-removing-a-qlabel-from-it","title":"How to correctly update QScrollArea when dynamically removing a QLabel from it?"},{"tags":["sql","regex"],"owner":{"account_id":28155680,"reputation":11,"user_id":21516456,"user_type":"registered","profile_image":"https://lh3.googleusercontent.com/a/AGNmyxYzyKiO1hqf0Qs7ZMhBK95_oDC0NTlj78rOUt-7=k-s256","display_name":"Duy Nguyen TPV","link":"https://stackoverflow.com/users/21516456/duy-nguyen-tpv"},"is_answered":true,"view_count":38,"answer_count":1,"score":0,"last_activity_date":1681195463,"creation_date":1681187854,"last_edit_date":1681194428,"question_id":75982443,"content_license":"CC BY-SA 4.0","link":"https://stackoverflow.com/questions/75982443/remove-duplicate-with-start-and-end-character-in-sql","title":"Remove duplicate with start and end character in sql"},{"tags":["javascript","angularjs","highcharts"],"owner":{"account_id":22313122,"reputation":11,"user_id":16536855,"user_type":"registered","profile_image":"https://www.gravatar.com/avatar/e3426bc696d0018d6343bd2bb5853d20?s=256&d=identicon&r=PG&f=y&so-version=2","display_name":"Aakash Pawan G P S","link":"https://stackoverflow.com/users/16536855/aakash-pawan-g-p-s"},"is_answered":false,"view_count":281,"answer_count":1,"score":0,"last_activity_date":1681198540,"creation_date":1681187820,"question_id":75982441,"content_license":"CC BY-SA 4.0","link":"https://stackoverflow.com/questions/75982441/highcharts-chart-re-render","title":"Highcharts chart re-render"},{"tags":["google-apps-script","google-drive-api","drive"],"owner":{"account_id":28270674,"reputation":1,"user_id":21613906,"user_type":"registered","profile_image":"https://lh3.googleusercontent.com/a/AGNmyxZYwaKk4celG31sESx2mGTwm8tTPCf_5WnIvilP=k-s256","display_name":"David Caradonna","link":"https://stackoverflow.com/users/21613906/david-caradonna"},"is_answered":false,"view_count":138,"answer_count":1,"score":0,"last_activity_date":1681189789,"creation_date":1681187632,"last_edit_date":1681189789,"question_id":75982434,"content_license":"CC BY-SA 4.0","link":"https://stackoverflow.com/questions/75982434/how-to-use-https-www-googleapis-com-auth-drive-file-to-minimize-permissions","title":"How to use &quot;https://www.googleapis.com/auth/drive.file&quot; to minimize permissions?"},{"tags":["javascript","reactjs","react-dnd"],"owner":{"user_type":"does_not_exist","display_name":"user12302978"},"is_answered":true,"view_count":78,"accepted_answer_id":75984223,"answer_count":1,"score":1,"last_activity_date":1681221341,"creation_date":1681187503,"last_edit_date":1681221341,"question_id":75982432,"content_license":"CC BY-SA 4.0","link":"https://stackoverflow.com/questions/75982432/i-need-to-fix-drag-and-drop-issue-for-backward-case","title":"I need to fix drag and drop issue for backward case"},{"tags":["django","ajax","tabs"],"owner":{"account_id":6584583,"reputation":3,"user_id":5087706,"user_type":"registered","profile_image":"https://www.gravatar.com/avatar/a89620245766405e05a02dfb198193d5?s=256&d=identicon&r=PG&f=y&so-version=2","display_name":"Rakesh ","link":"https://stackoverflow.com/users/5087706/rakesh"},"is_answered":false,"view_count":46,"answer_count":0,"score":0,"last_activity_date":1681187442,"creation_date":1681187442,"question_id":75982430,"content_license":"CC BY-SA 4.0","link":"https://stackoverflow.com/questions/75982430/dynamically-create-tab-with-label-device-ip-and-pull-the-information-from-device","title":"Dynamically create tab with label device IP and pull the information from device to show up in display"},{"tags":["javascript","html","webpack","webpack-dev-server"],"owner":{"account_id":16443036,"reputation":81,"user_id":11878721,"user_type":"registered","profile_image":"https://www.gravatar.com/avatar/12f34de7e17b8446500b50b85cfb2fc3?s=256&d=identicon&r=PG&f=y&so-version=2","display_name":"oladimeji","link":"https://stackoverflow.com/users/11878721/oladimeji"},"is_answered":true,"view_count":272,"answer_count":1,"score":1,"last_activity_date":1681214933,"creation_date":1681187384,"last_edit_date":1681213260,"question_id":75982426,"content_license":"CC BY-SA 4.0","link":"https://stackoverflow.com/questions/75982426/webpack-configuration-invalid-configuration-object-webpack-has-been-initialize","title":"Webpack Configuration: Invalid configuration object. Webpack has been initialized using a configuration object that does not match the API schema"},{"tags":["python","sqlalchemy","flask-sqlalchemy","marshmallow"],"owner":{"account_id":28271178,"reputation":13,"user_id":21614340,"user_type":"registered","profile_image":"https://lh3.googleusercontent.com/a/AGNmyxYz7GAYk97SMuUXRi69hXnjQVJN09ZE8GPtDwK7=k-s256","display_name":"Max","link":"https://stackoverflow.com/users/21614340/max"},"is_answered":true,"view_count":303,"accepted_answer_id":76032463,"answer_count":2,"score":1,"last_activity_date":1700580738,"creation_date":1681187378,"last_edit_date":1681285102,"question_id":75982424,"content_license":"CC BY-SA 4.0","link":"https://stackoverflow.com/questions/75982424/using-python-flask-sqlalchemy-marshmallow-dumps-method-returns-an-empty-li","title":"Using Python, Flask, SQLAlchemy, Marshmallow -- dumps method returns an empty list of objects with my many=true schema"},{"tags":["sql","amazon-web-services","amazon-athena","presto","trino"],"owner":{"account_id":21737363,"reputation":19,"user_id":16045170,"user_type":"registered","profile_image":"https://lh3.googleusercontent.com/a-/AOh14GjaPeTSIiYMAT0JlKk0d5l-vQQMguuLTyRM8OTq=k-s256","display_name":"SANGBEUM DO","link":"https://stackoverflow.com/users/16045170/sangbeum-do"},"is_answered":false,"view_count":227,"answer_count":1,"score":0,"last_activity_date":1681202951,"creation_date":1681187357,"last_edit_date":1681202951,"question_id":75982422,"content_license":"CC BY-SA 4.0","link":"https://stackoverflow.com/questions/75982422/how-to-set-not-null-constraint-for-data-table-at-aws-athena","title":"How to set NOT NULL constraint for data table at AWS athena"},{"tags":["flutter","flutter-http"],"owner":{"account_id":27924258,"reputation":13,"user_id":21323685,"user_type":"registered","profile_image":"https://lh3.googleusercontent.com/a/AGNmyxZAbLe2-G_ep5aDtTCIW6osd2iAM9h2JbImWT_N=k-s256","display_name":"suman singh","link":"https://stackoverflow.com/users/21323685/suman-singh"},"is_answered":true,"view_count":92,"accepted_answer_id":75982467,"answer_count":3,"score":0,"last_activity_date":1681452830,"creation_date":1681187349,"last_edit_date":1681273391,"question_id":75982421,"content_license":"CC BY-SA 4.0","link":"https://stackoverflow.com/questions/75982421/fetching-data-from-api-and-pass-it-to-next-page-but-showing-error","title":"fetching data from api and pass it to next page but showing error"},{"tags":["python","python-3.x","discord.py"],"owner":{"account_id":16902152,"reputation":13,"user_id":12223221,"user_type":"registered","profile_image":"https://lh3.googleusercontent.com/a-/AAuE7mAItI6O5bllrVgSsOTi1DIzCDSfmi20_KYh3NaroA=k-s256","display_name":"stellarstye","link":"https://stackoverflow.com/users/12223221/stellarstye"},"is_answered":true,"view_count":285,"accepted_answer_id":75982717,"answer_count":1,"score":0,"last_activity_date":1681832768,"creation_date":1681187345,"last_edit_date":1681321979,"question_id":75982418,"content_license":"CC BY-SA 4.0","link":"https://stackoverflow.com/questions/75982418/attributeerror-module-discord-ui-has-no-attribute-actionrow","title":"AttributeError: module &#39;discord.ui&#39; has no attribute &#39;ActionRow&#39;"},{"tags":["c"],"owner":{"account_id":18186180,"reputation":31,"user_id":13232855,"user_type":"registered","profile_image":"https://www.gravatar.com/avatar/1b0500751ba8699985b40e0cdbd949d4?s=256&d=identicon&r=PG&f=y&so-version=2","display_name":"Franky","link":"https://stackoverflow.com/users/13232855/franky"},"is_answered":true,"view_count":94,"accepted_answer_id":75982642,"answer_count":2,"score":0,"last_activity_date":1681221592,"creation_date":1681187288,"last_edit_date":1681221592,"question_id":75982412,"content_license":"CC BY-SA 4.0","link":"https://stackoverflow.com/questions/75982412/alphabet-pattern-in-c-language","title":"Alphabet Pattern in C language"}],"has_more":true,"quota_max":300,"quota_remaining":70}