{"items":[{"tags":["git","merge","gitlab"],"owner":{"account_id":2680909,"reputation":475,"user_id":2448259,"user_type":"registered","accept_rate":35,"profile_image":"https://i.stack.imgur.com/NluiP.jpg?s=256&g=1","display_name":"T. Rossi","link":"https://stackoverflow.com/users/2448259/t-rossi"},"is_answered":false,"view_count":63,"answer_count":0,"score":0,"last_activity_date":1676977189,"creation_date":1676977189,"question_id":75519558,"content_license":"CC BY-SA 4.0","link":"https://stackoverflow.com/questions/75519558/create-a-private-repository-from-an-open-source-project","title":"create a private repository from an open source project"},{"tags":["pyspark","python-hdfs"],"owner":{"account_id":12045400,"reputation":115,"user_id":8810618,"user_type":"registered","accept_rate":100,"profile_image":"https://www.gravatar.com/avatar/6456aba52cd646540eb2a911b38c18e9?s=256&d=identicon&r=PG&f=y&so-version=2","display_name":"user8810618","link":"https://stackoverflow.com/users/8810618/user8810618"},"is_answered":false,"view_count":12,"answer_count":0,"score":0,"last_activity_date":1676977162,"creation_date":1676977162,"question_id":75519555,"content_license":"CC BY-SA 4.0","link":"https://stackoverflow.com/questions/75519555/remove-only-the-file-given-in-hdfs-path-and-not-the-entire-hdfs-path","title":"remove only the file given in hdfs path and not the entire hdfs path"},{"tags":["docker","dockerfile"],"owner":{"account_id":7133138,"reputation":4601,"user_id":5453723,"user_type":"registered","accept_rate":49,"profile_image":"https://www.gravatar.com/avatar/0330ffeea95985e4f1598e23b90d8eed?s=256&d=identicon&r=PG&f=y&so-version=2","display_name":"muazfaiz","link":"https://stackoverflow.com/users/5453723/muazfaiz"},"is_answered":false,"view_count":36,"answer_count":0,"score":0,"last_activity_date":1676977161,"creation_date":1676977161,"question_id":75519554,"content_license":"CC BY-SA 4.0","link":"https://stackoverflow.com/questions/75519554/docker-not-utilising-all-memory","title":"Docker not utilising all memory"},{"tags":["javascript","vue.js","store","destructuring","pinia"],"owner":{"user_type":"does_not_exist","display_name":"user20984971"},"is_answered":false,"view_count":447,"answer_count":0,"score":0,"last_activity_date":1676984581,"creation_date":1676977159,"last_edit_date":1676984581,"question_id":75519553,"content_license":"CC BY-SA 4.0","link":"https://stackoverflow.com/questions/75519553/extract-data-key-and-pass-it-to-store-vue-pinia","title":"extract data key and pass it to store vue pinia"},{"tags":["python","apache-spark","pyspark","databricks"],"owner":{"account_id":5959197,"reputation":10894,"user_id":4684861,"user_type":"registered","accept_rate":86,"profile_image":"https://i.stack.imgur.com/VKrAz.jpg?s=256&g=1","display_name":"Mohamed Thasin ah","link":"https://stackoverflow.com/users/4684861/mohamed-thasin-ah"},"is_answered":true,"view_count":2864,"accepted_answer_id":75585709,"answer_count":1,"score":2,"last_activity_date":1677533102,"creation_date":1676977159,"question_id":75519552,"content_license":"CC BY-SA 4.0","link":"https://stackoverflow.com/questions/75519552/how-to-convert-pyspark-dataframe-to-pandas-on-spark-dataframe","title":"How to convert Pyspark Dataframe to Pandas on Spark Dataframe?"},{"tags":["android","kotlin","android-jetpack-compose"],"owner":{"account_id":11906439,"reputation":439,"user_id":8712876,"user_type":"registered","profile_image":"https://i.stack.imgur.com/UTynI.jpg?s=256&g=1","display_name":"TinaTT2","link":"https://stackoverflow.com/users/8712876/tinatt2"},"is_answered":true,"view_count":312,"accepted_answer_id":75572567,"answer_count":1,"score":2,"last_activity_date":1677420750,"creation_date":1676977141,"question_id":75519550,"content_license":"CC BY-SA 4.0","link":"https://stackoverflow.com/questions/75519550/using-saver-but-illegalargumentexception-on-editableuserinputstate-cannot-be-sav","title":"Using Saver but IllegalArgumentException on EditableUserInputState cannot be saved using the current SaveableStateRegistry"},{"tags":["typescript","rxjs","observable","ngrx","rxjs-pipeable-operators"],"owner":{"account_id":9866549,"reputation":384,"user_id":7307824,"user_type":"registered","profile_image":"https://www.gravatar.com/avatar/ea4e2880b9417c7e096bd55b054ffaec?s=256&d=identicon&r=PG&f=y&so-version=2","display_name":"Ewan","link":"https://stackoverflow.com/users/7307824/ewan"},"is_answered":true,"view_count":140,"accepted_answer_id":75527176,"answer_count":3,"score":0,"last_activity_date":1677025414,"creation_date":1676977129,"last_edit_date":1676978530,"question_id":75519549,"content_license":"CC BY-SA 4.0","link":"https://stackoverflow.com/questions/75519549/rxjs-subscribe-but-dont-need-all-to-emit","title":"rxjs Subscribe but don&#39;t need all to emit"},{"tags":["reactjs","react-toastify"],"owner":{"account_id":25252657,"reputation":31,"user_id":19084912,"user_type":"registered","profile_image":"https://lh3.googleusercontent.com/a/AATXAJztlM9E0XnQGKwrNIwDsBqPjbdiuSEAVM4_SbMn=k-s256","display_name":"Mustafa_Dahodwala 19_13","link":"https://stackoverflow.com/users/19084912/mustafa-dahodwala-19-13"},"is_answered":true,"view_count":1750,"accepted_answer_id":75519951,"answer_count":2,"score":0,"last_activity_date":1676979301,"creation_date":1676977127,"last_edit_date":1676977399,"question_id":75519548,"content_license":"CC BY-SA 4.0","link":"https://stackoverflow.com/questions/75519548/react-toastify-is-not-displaying-properly","title":"React-Toastify is not displaying properly"},{"tags":["javascript","html","angular","typescript","angular-material"],"owner":{"account_id":27840713,"reputation":1,"user_id":21257235,"user_type":"registered","profile_image":"https://www.gravatar.com/avatar/c77cc8cc07cfc446a8810469e4583553?s=256&d=identicon&r=PG&f=y&so-version=2","display_name":"DIALLO Ndiogou","link":"https://stackoverflow.com/users/21257235/diallo-ndiogou"},"is_answered":false,"view_count":66,"answer_count":3,"score":-3,"last_activity_date":1677230192,"creation_date":1676977117,"last_edit_date":1676985378,"question_id":75519547,"content_license":"CC BY-SA 4.0","link":"https://stackoverflow.com/questions/75519547/how-to-make-a-table-with-filter-like-picture-below","title":"How to make a table with filter like picture below"},{"tags":["java","spring-boot","azure","spring-cloud","azure-eventhub"],"owner":{"account_id":27840854,"reputation":1,"user_id":21257361,"user_type":"registered","profile_image":"https://www.gravatar.com/avatar/7339d436b3980a99e8867a63df307e27?s=256&d=identicon&r=PG","display_name":"Mouli","link":"https://stackoverflow.com/users/21257361/mouli"},"is_answered":false,"view_count":345,"answer_count":1,"score":0,"last_activity_date":1677056847,"creation_date":1676977108,"last_edit_date":1677016336,"question_id":75519545,"content_license":"CC BY-SA 4.0","link":"https://stackoverflow.com/questions/75519545/event-hub-connection-issue-with-spring-boot-with-service-principal","title":"Event Hub connection issue with spring boot with service principal"},{"tags":["selenium-webdriver","datadog","katalon-studio"],"owner":{"account_id":2806183,"reputation":11,"user_id":2413373,"user_type":"registered","profile_image":"https://www.gravatar.com/avatar/543093b5f6af94915759089482390333?s=256&d=identicon&r=PG","display_name":"newbee","link":"https://stackoverflow.com/users/2413373/newbee"},"is_answered":false,"view_count":68,"answer_count":1,"score":0,"last_activity_date":1677008736,"creation_date":1676977105,"question_id":75519544,"content_license":"CC BY-SA 4.0","link":"https://stackoverflow.com/questions/75519544/verify-logs-generated-on-datadog-via-katalon-studio-for-a-daily-run-job","title":"Verify logs generated on datadog via katalon studio for a daily run job"},{"tags":["javascript","node.js","selenium-webdriver","webdriver-io"],"owner":{"account_id":27840580,"reputation":21,"user_id":21257130,"user_type":"registered","profile_image":"https://lh3.googleusercontent.com/a/AEdFTp4DYgjci8mTYNb0RGCl1Vjw9wWJdHeSfAKXWB6Z9g=k-s256","display_name":"Se&#225;n","link":"https://stackoverflow.com/users/21257130/se%c3%a1n"},"is_answered":false,"view_count":72,"answer_count":0,"score":2,"last_activity_date":1676977099,"creation_date":1676977099,"question_id":75519543,"content_license":"CC BY-SA 4.0","link":"https://stackoverflow.com/questions/75519543/reuse-it-statement-in-webdriverio-io-with-different-parameters","title":"Reuse IT Statement in Webdriverio IO with different parameters"},{"tags":["elasticsearch","kibana","elastic-stack"],"owner":{"account_id":19673096,"reputation":75,"user_id":14401922,"user_type":"registered","profile_image":"https://lh5.googleusercontent.com/-XTIeTL9NuxA/AAAAAAAAAAI/AAAAAAAAAAA/AMZuuckKXcvtdyDVd1-YljIBXAL2ofYV_w/photo.jpg?sz=256","display_name":"reza setareh","link":"https://stackoverflow.com/users/14401922/reza-setareh"},"is_answered":false,"view_count":57,"answer_count":0,"score":0,"last_activity_date":1676977399,"creation_date":1676977095,"last_edit_date":1676977399,"question_id":75519542,"content_license":"CC BY-SA 4.0","link":"https://stackoverflow.com/questions/75519542/can-not-run-kibana-due-to-authentication","title":"can not run kibana due to authentication"},{"tags":["sql","database","pentaho","data-warehouse","pdi"],"owner":{"account_id":27431425,"reputation":15,"user_id":20928056,"user_type":"registered","profile_image":"https://lh3.googleusercontent.com/a/AEdFTp5XqesVB7xpFT6frNaAmYUnSrdELrGSWHjjPeln=k-s256","display_name":"Paul Buciuman","link":"https://stackoverflow.com/users/20928056/paul-buciuman"},"is_answered":true,"view_count":442,"accepted_answer_id":75520938,"answer_count":1,"score":0,"last_activity_date":1676984802,"creation_date":1676977088,"question_id":75519541,"content_license":"CC BY-SA 4.0","link":"https://stackoverflow.com/questions/75519541/data-insertion-takes-too-long-pentaho-pdi","title":"Data Insertion takes too long Pentaho (PDI)"},{"tags":["ios","xcode","flutter"],"owner":{"account_id":27838860,"reputation":1,"user_id":21255695,"user_type":"registered","profile_image":"https://lh3.googleusercontent.com/a/AEdFTp7Ru6L2FTozkWKqybXCEanr-AUMZm0MtHlPQa03=k-s256","display_name":"Clyde Mwashita","link":"https://stackoverflow.com/users/21255695/clyde-mwashita"},"is_answered":false,"view_count":25,"answer_count":0,"score":0,"last_activity_date":1676977081,"creation_date":1676977081,"question_id":75519539,"content_license":"CC BY-SA 4.0","link":"https://stackoverflow.com/questions/75519539/how-do-i-fix-this-error-im-getting-this-error-below-warning-in-my-xcode-13-0-on","title":"How do i fix this error I&#39;m getting this error below warning in my Xcode 13.0 on my ios flutter application"},{"tags":["javafx"],"owner":{"account_id":26410684,"reputation":51,"user_id":20059818,"user_type":"registered","profile_image":"https://lh3.googleusercontent.com/a/ALm5wu1XUXN1kRVdPiLGGEQ5XgXdjsZroJe9gyv0vOxc=k-s256","display_name":"Dennis H&#246;hl","link":"https://stackoverflow.com/users/20059818/dennis-h%c3%b6hl"},"is_answered":false,"view_count":71,"answer_count":0,"score":0,"last_activity_date":1676983341,"creation_date":1676977065,"last_edit_date":1676983341,"question_id":75519538,"content_license":"CC BY-SA 4.0","link":"https://stackoverflow.com/questions/75519538/javafx-translate-group-to-another-position-does-not-work-as-intended","title":"JavaFX translate group to another position does not work as intended"},{"tags":["here-api"],"owner":{"account_id":27840841,"reputation":3,"user_id":21257351,"user_type":"registered","profile_image":"https://www.gravatar.com/avatar/a586a10fce85c2a19512728f87dc9cc1?s=256&d=identicon&r=PG","display_name":"KoosA","link":"https://stackoverflow.com/users/21257351/koosa"},"is_answered":true,"view_count":63,"accepted_answer_id":75624090,"answer_count":1,"score":0,"last_activity_date":1677827243,"creation_date":1676977057,"last_edit_date":1676977388,"question_id":75519535,"content_license":"CC BY-SA 4.0","link":"https://stackoverflow.com/questions/75519535/here-api-routing-mode-unexpected-result","title":"Here API -&#39;routing mode’ unexpected result"},{"tags":["numpy","opencv","base64","plotly-dash"],"owner":{"account_id":12730291,"reputation":167,"user_id":9247213,"user_type":"registered","accept_rate":100,"profile_image":"https://graph.facebook.com/181215265811995/picture?type=large","display_name":"elenaby","link":"https://stackoverflow.com/users/9247213/elenaby"},"is_answered":true,"view_count":210,"accepted_answer_id":75520135,"answer_count":1,"score":0,"last_activity_date":1677002676,"creation_date":1676977047,"last_edit_date":1676997141,"question_id":75519533,"content_license":"CC BY-SA 4.0","link":"https://stackoverflow.com/questions/75519533/base64-to-opencv-and-back-to-display-in-dash","title":"Base64 to opencv and back to display in Dash"},{"tags":["typo3","typo3-11.x"],"owner":{"account_id":2972553,"reputation":1761,"user_id":2524323,"user_type":"registered","accept_rate":57,"profile_image":"https://i.stack.imgur.com/yQE7x.jpg?s=256&g=1","display_name":"Philipp Wrann","link":"https://stackoverflow.com/users/2524323/philipp-wrann"},"is_answered":false,"view_count":21,"answer_count":1,"score":0,"last_activity_date":1677004458,"creation_date":1676977046,"last_edit_date":1677004417,"question_id":75519532,"content_license":"CC BY-SA 4.0","link":"https://stackoverflow.com/questions/75519532/user-settings-button-missing-after-upgrade-from-typo3-10-lts-to-11-lts","title":"User Settings Button missing after upgrade from TYPO3 10 LTS to 11 LTS"},{"tags":["android","android-volley"],"owner":{"account_id":17102164,"reputation":1,"user_id":12375023,"user_type":"registered","profile_image":"https://www.gravatar.com/avatar/7a34091169fe428f469c446090d6e860?s=256&d=identicon&r=PG&f=y&so-version=2","display_name":"Ajay Pandey","link":"https://stackoverflow.com/users/12375023/ajay-pandey"},"is_answered":false,"view_count":17,"answer_count":0,"score":0,"last_activity_date":1676977038,"creation_date":1676977038,"question_id":75519531,"content_license":"CC BY-SA 4.0","link":"https://stackoverflow.com/questions/75519531/getting-com-android-volley-servererror-using-the-volley-library-what-possible-e","title":"Getting com.android.volley.ServerError using the Volley library. What possible errors I&#39;m making?"},{"tags":["postgresql","cmd","pg-dump"],"owner":{"account_id":27349209,"reputation":3,"user_id":20858645,"user_type":"registered","profile_image":"https://www.gravatar.com/avatar/b9cdb61a900f6077fe9d4b123043b2e6?s=256&d=identicon&r=PG","display_name":"Aishwarya","link":"https://stackoverflow.com/users/20858645/aishwarya"},"is_answered":false,"view_count":39,"answer_count":0,"score":0,"last_activity_date":1676978432,"creation_date":1676977015,"last_edit_date":1676978432,"question_id":75519528,"content_license":"CC BY-SA 4.0","link":"https://stackoverflow.com/questions/75519528/postgresql-pg-dump-cmdtoo-many-command-line-arguments-first-is-change-bf-2-ub","title":"Postgresql pg_dump cmd:too many command-line arguments (first is &quot;change\\BF_2-UB_9-CLEAN.dump&quot;)"},{"tags":["bash","shell"],"owner":{"account_id":13821427,"reputation":35,"user_id":9976763,"user_type":"registered","profile_image":"https://lh4.googleusercontent.com/-uBUxTlCzRMM/AAAAAAAAAAI/AAAAAAAAAAo/8NbTrNdqKnI/photo.jpg?sz=256","display_name":"Aron Novak","link":"https://stackoverflow.com/users/9976763/aron-novak"},"is_answered":true,"view_count":34,"accepted_answer_id":75519687,"answer_count":1,"score":0,"last_activity_date":1676977970,"creation_date":1676977007,"question_id":75519525,"content_license":"CC BY-SA 4.0","link":"https://stackoverflow.com/questions/75519525/bash-properly-retry-a-command-when-set-e-is-active","title":"Bash - properly retry a command when set -e is active"},{"tags":["javascript","dom"],"owner":{"account_id":27840822,"reputation":3,"user_id":21257332,"user_type":"registered","profile_image":"https://lh3.googleusercontent.com/a/AEdFTp7gTBszz86XC7hM5mAOk6uFKpfQpafbfYDHz5Nt=k-s256","display_name":"Stacey Harvey","link":"https://stackoverflow.com/users/21257332/stacey-harvey"},"is_answered":true,"view_count":47,"accepted_answer_id":75521686,"answer_count":1,"score":0,"last_activity_date":1676988771,"creation_date":1676977000,"last_edit_date":1676977453,"question_id":75519523,"content_license":"CC BY-SA 4.0","link":"https://stackoverflow.com/questions/75519523/i-can-highlight-my-checkboxes-as-checked-but-cannot-uncheck-them","title":"I can highlight my checkboxes as checked but cannot uncheck them"},{"tags":["flutter","dart"],"owner":{"account_id":27742587,"reputation":1,"user_id":21178754,"user_type":"registered","profile_image":"https://www.gravatar.com/avatar/5038211afc97cc1a0279e21fb28c72b9?s=256&d=identicon&r=PG","display_name":"Scalzo11","link":"https://stackoverflow.com/users/21178754/scalzo11"},"is_answered":true,"view_count":65,"accepted_answer_id":75519591,"answer_count":1,"score":-2,"last_activity_date":1676977550,"creation_date":1676976997,"last_edit_date":1676977550,"question_id":75519522,"content_license":"CC BY-SA 4.0","link":"https://stackoverflow.com/questions/75519522/dart-flutter-if-condition-with-or-operator","title":"Dart | Flutter | If condition with or operator"},{"tags":["c#",".net"],"owner":{"account_id":1264390,"reputation":1963,"user_id":1222026,"user_type":"registered","profile_image":"https://www.gravatar.com/avatar/af0d6dcd4238e5450fed240993cef347?s=256&d=identicon&r=PG","display_name":"piertoni","link":"https://stackoverflow.com/users/1222026/piertoni"},"is_answered":false,"view_count":256,"answer_count":0,"score":0,"last_activity_date":1676978962,"creation_date":1676976977,"last_edit_date":1676978962,"question_id":75519519,"content_license":"CC BY-SA 4.0","link":"https://stackoverflow.com/questions/75519519/run-c-application-on-windows-without-installing-any-runtime","title":"Run C# application on Windows without installing any runtime"},{"tags":["ios","localhost","mobile-safari","captiveportal","captivenetwork"],"owner":{"account_id":22253014,"reputation":3,"user_id":16485604,"user_type":"registered","profile_image":"https://www.gravatar.com/avatar/9668ee81333d8d6bd7cd0446b6940570?s=256&d=identicon&r=PG&f=y&so-version=2","display_name":"fari","link":"https://stackoverflow.com/users/16485604/fari"},"is_answered":false,"view_count":123,"answer_count":0,"score":0,"last_activity_date":1676976966,"creation_date":1676976966,"question_id":75519515,"content_license":"CC BY-SA 4.0","link":"https://stackoverflow.com/questions/75519515/how-can-i-redirect-to-open-a-local-site-from-mikrotik-captive-portal-to-open-in","title":"How can i redirect to open a local site from mikrotik captive portal to open in Safari?"},{"tags":["node-red"],"owner":{"account_id":27840866,"reputation":1,"user_id":21257372,"user_type":"registered","profile_image":"https://lh3.googleusercontent.com/a/AEdFTp6Y2v8e7UMPVXia2EJQOC1gZmGqXlWXSLqX0rFc=k-s256","display_name":"bread_corporation","link":"https://stackoverflow.com/users/21257372/bread-corporation"},"is_answered":false,"view_count":26,"answer_count":0,"score":0,"last_activity_date":1676976955,"creation_date":1676976955,"question_id":75519513,"content_license":"CC BY-SA 4.0","link":"https://stackoverflow.com/questions/75519513/vscode-terminal-share","title":"VSCode terminal share"},{"tags":["java","unit-testing","junit","mockito","junit5"],"owner":{"account_id":4753684,"reputation":123,"user_id":3843021,"user_type":"registered","accept_rate":25,"profile_image":"https://i.stack.imgur.com/zI7BE.jpg?s=256&g=1","display_name":"romerorsp","link":"https://stackoverflow.com/users/3843021/romerorsp"},"is_answered":false,"view_count":143,"answer_count":0,"score":0,"last_activity_date":1676985753,"creation_date":1676976931,"last_edit_date":1676985753,"question_id":75519510,"content_license":"CC BY-SA 4.0","link":"https://stackoverflow.com/questions/75519510/mockbean-vs-autowired-intermittently-leading-to-test-failures-when-used-in-two","title":"@MockBean vs @Autowired intermittently leading to test failures when used in two separate testing classes for the same bean"},{"tags":["r"],"owner":{"account_id":27840788,"reputation":1,"user_id":21257300,"user_type":"registered","profile_image":"https://www.gravatar.com/avatar/5be301385201a9ca464deed4c22040b9?s=256&d=identicon&r=PG","display_name":"Anne","link":"https://stackoverflow.com/users/21257300/anne"},"is_answered":true,"view_count":55,"answer_count":2,"score":0,"last_activity_date":1677060189,"creation_date":1676976913,"last_edit_date":1676990880,"question_id":75519504,"content_license":"CC BY-SA 4.0","link":"https://stackoverflow.com/questions/75519504/how-can-i-convert-a-character-variable-numbers-with-commas-to-a-numeric-variab","title":"How can I convert a character variable (numbers with commas) to a numeric variable?"},{"tags":["python","tkinter","customtkinter"],"owner":{"account_id":17577788,"reputation":397,"user_id":12752172,"user_type":"registered","profile_image":"https://lh4.googleusercontent.com/-v0Id9AejBBA/AAAAAAAAAAI/AAAAAAAAAAA/ACHi3rfDBlwkIf3pBUs9wRQj3TaPHKWjtg/photo.jpg?sz=256","display_name":"Sidath","link":"https://stackoverflow.com/users/12752172/sidath"},"is_answered":false,"view_count":182,"answer_count":1,"score":0,"last_activity_date":1678770131,"creation_date":1676976883,"last_edit_date":1678769446,"question_id":75519501,"content_license":"CC BY-SA 4.0","link":"https://stackoverflow.com/questions/75519501/how-to-pass-checkbox-data-into-main-window-function-in-customtkinter-in-python","title":"How to pass checkbox data into main window function in customtkinter in python?"}],"has_more":true,"quota_max":300,"quota_remaining":266}