{"items":[{"tags":["google-cloud-platform","google-bigquery"],"owner":{"account_id":19534415,"reputation":539,"user_id":14293486,"user_type":"registered","profile_image":"https://lh4.googleusercontent.com/-bBYfebDpFe8/AAAAAAAAAAI/AAAAAAAAAAA/AMZuucnYN4kYddUY0Dln08VIXHaEjhRVTw/photo.jpg?sz=256","display_name":"Marcin_S","link":"https://stackoverflow.com/users/14293486/marcin-s"},"is_answered":true,"view_count":531,"answer_count":2,"score":2,"last_activity_date":1682166531,"creation_date":1682157585,"question_id":76079029,"content_license":"CC BY-SA 4.0","link":"https://stackoverflow.com/questions/76079029/bigquery-get-all-the-new-rows-inserted-in-table","title":"BigQuery Get all the new Rows Inserted in Table"},{"tags":["html","css","bootstrap-4","z-index","sticky"],"owner":{"account_id":28378535,"reputation":3,"user_id":21706187,"user_type":"registered","profile_image":"https://www.gravatar.com/avatar/df065e52ee31964b48f9cabff5557398?s=256&d=identicon&r=PG&f=y&so-version=2","display_name":"Eddy Marais","link":"https://stackoverflow.com/users/21706187/eddy-marais"},"is_answered":true,"view_count":461,"accepted_answer_id":76079175,"answer_count":1,"score":0,"last_activity_date":1682197512,"creation_date":1682157580,"last_edit_date":1682197512,"question_id":76079028,"content_license":"CC BY-SA 4.0","link":"https://stackoverflow.com/questions/76079028/bootstrap-sticky-column-in-table-z-index-issue","title":"Bootstrap Sticky column in table z-index issue"},{"tags":["laravel"],"owner":{"account_id":27817607,"reputation":11,"user_id":21238674,"user_type":"registered","profile_image":"https://www.gravatar.com/avatar/170dd26f7b361ac08133bb6f9f4d6369?s=256&d=identicon&r=PG","display_name":"upcoming","link":"https://stackoverflow.com/users/21238674/upcoming"},"is_answered":true,"view_count":20,"accepted_answer_id":76079082,"answer_count":1,"score":0,"last_activity_date":1682158230,"creation_date":1682157505,"question_id":76079025,"content_license":"CC BY-SA 4.0","link":"https://stackoverflow.com/questions/76079025/unable-to-get-session-value-in-laravel","title":"unable to get session value in laravel"},{"tags":["macos","assembly","arm64","disassembly"],"owner":{"account_id":449124,"reputation":21396,"user_id":843732,"user_type":"registered","accept_rate":57,"profile_image":"https://www.gravatar.com/avatar/8e7b3eb1f6bb311c47610a9d230485f0?s=256&d=identicon&r=PG","display_name":"c00000fd","link":"https://stackoverflow.com/users/843732/c00000fd"},"is_answered":true,"view_count":132,"answer_count":1,"score":2,"last_activity_date":1682164905,"creation_date":1682157474,"last_edit_date":1682164905,"question_id":76079024,"content_license":"CC BY-SA 4.0","link":"https://stackoverflow.com/questions/76079024/what-is-the-purpose-of-this-construct-in-arm64-assembly-compiled-from-swift-on","title":"What is the purpose of this construct in ARM64 assembly, compiled from Swift on macOS - sequence of adrp, ldr, br instructions"},{"tags":["javascript","html","dom","javascript-objects","dynamic-arrays"],"owner":{"account_id":28378170,"reputation":13,"user_id":21705885,"user_type":"registered","profile_image":"https://www.gravatar.com/avatar/ad6786fdff3fe323b2d69051e02095dc?s=256&d=identicon&r=PG&f=y&so-version=2","display_name":"tnm505","link":"https://stackoverflow.com/users/21705885/tnm505"},"is_answered":true,"view_count":48,"accepted_answer_id":76079123,"answer_count":1,"score":1,"last_activity_date":1682158797,"creation_date":1682157453,"question_id":76079022,"content_license":"CC BY-SA 4.0","link":"https://stackoverflow.com/questions/76079022/how-can-i-make-a-dynamic-button-array-which-changes-the-src-of-an-image-accordin","title":"How can I make a dynamic button array which changes the src of an image according to a dynamic object array?"},{"tags":["r","aggregate","calculated-columns"],"owner":{"account_id":28378446,"reputation":7,"user_id":21706113,"user_type":"registered","profile_image":"https://lh3.googleusercontent.com/a/AGNmyxZU0MrLqIaUaI6VjxEcad4_s45v47Q4zsMn4cLA=k-s256","display_name":"resayhello again","link":"https://stackoverflow.com/users/21706113/resayhello-again"},"is_answered":false,"view_count":54,"answer_count":2,"score":-2,"last_activity_date":1682167872,"creation_date":1682157425,"last_edit_date":1682157590,"question_id":76079021,"content_license":"CC BY-SA 4.0","link":"https://stackoverflow.com/questions/76079021/adding-a-computed-column-based-on-the-criteria-in-another-columns","title":"Adding a computed column based on the criteria in another column(s)"},{"tags":["sass","tailwind-css"],"owner":{"account_id":28249068,"reputation":21,"user_id":21595619,"user_type":"registered","profile_image":"https://www.gravatar.com/avatar/fbb8f1a687ecaf3c847fae07140d24e2?s=256&d=identicon&r=PG&f=y&so-version=2","display_name":"Tiziano","link":"https://stackoverflow.com/users/21595619/tiziano"},"is_answered":true,"view_count":97,"accepted_answer_id":76079045,"answer_count":1,"score":1,"last_activity_date":1682157961,"creation_date":1682157334,"question_id":76079018,"content_license":"CC BY-SA 4.0","link":"https://stackoverflow.com/questions/76079018/custom-directive-scss","title":"Custom directive scss"},{"tags":["node.js","express","prisma","zod"],"owner":{"account_id":2144676,"reputation":2069,"user_id":1902570,"user_type":"registered","accept_rate":54,"profile_image":"https://www.gravatar.com/avatar/110a426ea70c739aa926efef57ab8428?s=256&d=identicon&r=PG","display_name":"Leo","link":"https://stackoverflow.com/users/1902570/leo"},"is_answered":false,"view_count":594,"answer_count":1,"score":0,"last_activity_date":1682198430,"creation_date":1682157259,"question_id":76079015,"content_license":"CC BY-SA 4.0","link":"https://stackoverflow.com/questions/76079015/how-to-validate-uniqueness-in-expressjs-prisma-and-zod","title":"how to validate uniqueness in expressjs, prisma and zod?"},{"tags":["javascript","reactjs","state","settimeout"],"owner":{"account_id":25855146,"reputation":19,"user_id":19588545,"user_type":"registered","profile_image":"https://i.stack.imgur.com/Jgjry.jpg?s=256&g=1","display_name":"hossein olfat","link":"https://stackoverflow.com/users/19588545/hossein-olfat"},"is_answered":true,"view_count":53,"answer_count":1,"score":0,"last_activity_date":1682158723,"creation_date":1682157221,"question_id":76079012,"content_license":"CC BY-SA 4.0","link":"https://stackoverflow.com/questions/76079012/why-setstate-in-settimeout-be-called-twice","title":"why setState in setTimeout be called twice?"},{"tags":["linux","security","ssl","openssl","dtls"],"owner":{"account_id":25713299,"reputation":1,"user_id":19471486,"user_type":"registered","profile_image":"https://lh3.googleusercontent.com/a/AATXAJwwpFbvy6vvsc7AzKBLEL1lFpV4T3h1MnFrC_ue=k-s256","display_name":"sreedhar balasubramanian","link":"https://stackoverflow.com/users/19471486/sreedhar-balasubramanian"},"is_answered":false,"view_count":112,"answer_count":1,"score":0,"last_activity_date":1685716751,"creation_date":1682157077,"question_id":76079007,"content_license":"CC BY-SA 4.0","link":"https://stackoverflow.com/questions/76079007/dtls-server-side-false-start-before-certificate-verify-and-client-certificate","title":"DTLS server side false start before certificate verify and client certificate"},{"tags":["google-chrome","progressive-web-apps"],"owner":{"account_id":7660,"reputation":15996,"user_id":13365,"user_type":"registered","accept_rate":70,"profile_image":"https://www.gravatar.com/avatar/c2c5b0152d840d838de072a4ef32453b?s=256&d=identicon&r=PG","display_name":"neu242","link":"https://stackoverflow.com/users/13365/neu242"},"is_answered":false,"view_count":13,"answer_count":0,"score":0,"last_activity_date":1682157694,"creation_date":1682157065,"last_edit_date":1682157694,"question_id":76079005,"content_license":"CC BY-SA 4.0","link":"https://stackoverflow.com/questions/76079005/how-do-i-preserve-a-downloaded-pwa-which-is-not-available-online-anymore","title":"How do I preserve a downloaded PWA which is not available online anymore?"},{"tags":["javascript","audio","wav","web-audio-api","flask-socketio"],"owner":{"account_id":4106705,"reputation":469,"user_id":3370495,"user_type":"registered","accept_rate":45,"profile_image":"https://www.gravatar.com/avatar/dead1ab8b1f4ef53645ae37d32b6567e?s=256&d=identicon&r=PG&f=y&so-version=2","display_name":"Shyam3089","link":"https://stackoverflow.com/users/3370495/shyam3089"},"is_answered":false,"view_count":107,"answer_count":0,"score":0,"last_activity_date":1682157063,"creation_date":1682157063,"question_id":76079004,"content_license":"CC BY-SA 4.0","link":"https://stackoverflow.com/questions/76079004/click-sound-in-audio-playing-using-web-audio-api","title":"Click sound in audio playing using web audio API"},{"tags":["html","css"],"owner":{"account_id":1534055,"reputation":2622,"user_id":1430550,"user_type":"registered","accept_rate":50,"profile_image":"https://www.gravatar.com/avatar/d6e5b77e5925e2d3ce98292c2049227e?s=256&d=identicon&r=PG","display_name":"toobee","link":"https://stackoverflow.com/users/1430550/toobee"},"is_answered":false,"view_count":22,"answer_count":0,"score":0,"last_activity_date":1682157026,"creation_date":1682157026,"question_id":76079001,"content_license":"CC BY-SA 4.0","link":"https://stackoverflow.com/questions/76079001/how-to-enforce-that-an-inner-button-takes-the-full-height-of-the-enclosing-div-e","title":"How to enforce that an inner button takes the full height of the enclosing div element"},{"tags":["python"],"owner":{"account_id":27665738,"reputation":9,"user_id":21117596,"user_type":"registered","profile_image":"https://lh3.googleusercontent.com/a/AEdFTp6y_CuRABg8FF58E_Nu3fgT0Gv57QD1e-7HxoQ=k-s256","display_name":"Epic Gamer","link":"https://stackoverflow.com/users/21117596/epic-gamer"},"is_answered":true,"view_count":63,"accepted_answer_id":76079023,"answer_count":1,"score":0,"last_activity_date":1682157474,"creation_date":1682157017,"question_id":76079000,"content_license":"CC BY-SA 4.0","link":"https://stackoverflow.com/questions/76079000/how-do-i-use-wave-open-without-using-files","title":"How do I use wave.open without using files?"},{"tags":["sage50"],"owner":{"account_id":8173629,"reputation":523,"user_id":6153181,"user_type":"registered","profile_image":"https://i.stack.imgur.com/Cay5A.jpg?s=256&g=1","display_name":"8a9","link":"https://stackoverflow.com/users/6153181/8a9"},"is_answered":false,"view_count":57,"answer_count":1,"score":0,"last_activity_date":1682676501,"creation_date":1682156957,"question_id":76078996,"content_license":"CC BY-SA 4.0","link":"https://stackoverflow.com/questions/76078996/setting-the-value-of-the-sopitem-text-field-using-sdo-v29","title":"Setting the value of the SOPITEM. Text field using SDO v29"},{"tags":["python","pandas","jupyter-notebook"],"owner":{"account_id":25680975,"reputation":1,"user_id":19443762,"user_type":"registered","profile_image":"https://i.stack.imgur.com/C1yQG.jpg?s=256&g=1","display_name":"Vipin V S","link":"https://stackoverflow.com/users/19443762/vipin-v-s"},"is_answered":false,"view_count":35,"closed_date":1682178136,"answer_count":1,"score":-1,"last_activity_date":1682158130,"creation_date":1682156934,"last_edit_date":1682158130,"question_id":76078995,"link":"https://stackoverflow.com/questions/76078995/code-is-correct-but-certain-syntax-not-upgraded-how-to-crack","closed_reason":"Duplicate","title":"code is correct but certain syntax not upgraded, how to crack"},{"tags":["android","security","broadcastreceiver","android-security"],"owner":{"account_id":24676045,"reputation":3,"user_id":18570423,"user_type":"registered","profile_image":"https://lh3.googleusercontent.com/a-/AOh14GgwGWEl2m_wB8yI-b8oyDeFIH2imQiJYXAfvul4G4Q=k-s256","display_name":"Akash meruva","link":"https://stackoverflow.com/users/18570423/akash-meruva"},"is_answered":false,"view_count":31,"answer_count":0,"score":0,"last_activity_date":1682156916,"creation_date":1682156916,"question_id":76078994,"content_license":"CC BY-SA 4.0","link":"https://stackoverflow.com/questions/76078994/how-to-close-the-power-off-system-dialog-when-it-opens-on-power-button-long-pre","title":"How to close the power off system dialog, when it opens on power button long press in the lock screen. so that we can prevent our phone from switchoff"},{"tags":["kibana","elastic-stack"],"owner":{"account_id":13011455,"reputation":536,"user_id":9404328,"user_type":"registered","accept_rate":45,"profile_image":"https://www.gravatar.com/avatar/334a3c73496c7102ee51aa0c20b87365?s=256&d=identicon&r=PG&f=y&so-version=2","display_name":"Carl Bruiners","link":"https://stackoverflow.com/users/9404328/carl-bruiners"},"is_answered":false,"view_count":37,"answer_count":0,"score":0,"last_activity_date":1682156911,"creation_date":1682156911,"question_id":76078993,"content_license":"CC BY-SA 4.0","link":"https://stackoverflow.com/questions/76078993/trouble-with-json-in-kibana","title":"Trouble with Json in kibana"},{"tags":["json","request","sonarqube","webapi"],"owner":{"account_id":21922598,"reputation":53,"user_id":16205646,"user_type":"registered","profile_image":"https://www.gravatar.com/avatar/2180ff66f28e8caa136a003e3d6216d1?s=256&d=identicon&r=PG&f=y&so-version=2","display_name":"WillUpdate","link":"https://stackoverflow.com/users/16205646/willupdate"},"is_answered":false,"view_count":36,"answer_count":0,"score":0,"last_activity_date":1682156897,"creation_date":1682156897,"question_id":76078991,"content_license":"CC BY-SA 4.0","link":"https://stackoverflow.com/questions/76078991/jsondecodeerror-expecting-value-line-2-column-1-char-1-when-trying-to-access","title":"JSONDecodeError: Expecting value: line 2 column 1 (char 1) when trying to access SonarQube api/issues/search"},{"tags":["laravel","vue.js","inertiajs"],"owner":{"account_id":18573831,"reputation":63,"user_id":13535051,"user_type":"registered","profile_image":"https://www.gravatar.com/avatar/1dde0a6f130e3916400797c481845fdd?s=256&d=identicon&r=PG&f=y&so-version=2","display_name":"wale","link":"https://stackoverflow.com/users/13535051/wale"},"is_answered":true,"view_count":1674,"accepted_answer_id":76079040,"answer_count":3,"score":2,"last_activity_date":1696764803,"creation_date":1682156881,"question_id":76078988,"content_license":"CC BY-SA 4.0","link":"https://stackoverflow.com/questions/76078988/uncaught-in-promise-typeerror-cannot-read-properties-of-undefined-reading-d","title":"Uncaught (in promise) TypeError: Cannot read properties of undefined (reading &#39;default&#39;)"},{"tags":["c#","asp.net","winforms"],"owner":{"account_id":19400167,"reputation":45,"user_id":14186911,"user_type":"registered","profile_image":"https://lh3.googleusercontent.com/a-/AOh14GjwLtWekdDy6rGcSd09p3tzGOx4X9AvpfSIcWTH2g=k-s256","display_name":"Mo Arafeh","link":"https://stackoverflow.com/users/14186911/mo-arafeh"},"is_answered":false,"view_count":34,"closed_date":1682160571,"answer_count":1,"score":0,"last_activity_date":1682158472,"creation_date":1682156775,"last_edit_date":1682156940,"question_id":76078983,"link":"https://stackoverflow.com/questions/76078983/how-to-decalre-clientstbl-as-varible-in-my-function-c","closed_reason":"Duplicate","title":"how to decalre &quot;ClientsTbl&quot; as varible in my function c#"},{"tags":["laravel","validation","laravel-blade"],"owner":{"account_id":26758573,"reputation":11,"user_id":20356854,"user_type":"registered","profile_image":"https://i.stack.imgur.com/ObBk1.png?s=256&g=1","display_name":"Amrudin","link":"https://stackoverflow.com/users/20356854/amrudin"},"is_answered":false,"view_count":19,"answer_count":0,"score":0,"last_activity_date":1682157227,"creation_date":1682156722,"last_edit_date":1682157227,"question_id":76078980,"content_license":"CC BY-SA 4.0","link":"https://stackoverflow.com/questions/76078980/laravel-validator-error-messages-are-not-being-shown-after-route-redirection","title":"Laravel Validator : Error messages are not being shown after route redirection"},{"tags":["docker-compose","solace"],"owner":{"account_id":9895836,"reputation":67,"user_id":7327392,"user_type":"registered","profile_image":"https://i.stack.imgur.com/sD8qf.jpg?s=256&g=1","display_name":"Rene","link":"https://stackoverflow.com/users/7327392/rene"},"is_answered":false,"view_count":172,"answer_count":0,"score":1,"last_activity_date":1682318846,"creation_date":1682156712,"last_edit_date":1682318846,"question_id":76078979,"content_license":"CC BY-SA 4.0","link":"https://stackoverflow.com/questions/76078979/start-and-configure-solace-with-docker-compose","title":"Start and configure Solace with docker compose"},{"tags":["javascript","reactjs","firebase","firebase-authentication"],"owner":{"account_id":28378524,"reputation":1,"user_id":21706177,"user_type":"registered","profile_image":"https://www.gravatar.com/avatar/c56c8bdc3b1562d14bcb93f1df98a510?s=256&d=identicon&r=PG&f=y&so-version=2","display_name":"impeR","link":"https://stackoverflow.com/users/21706177/imper"},"is_answered":false,"view_count":18,"closed_date":1682171690,"answer_count":0,"score":0,"last_activity_date":1682171659,"creation_date":1682156683,"last_edit_date":1682171659,"question_id":76078977,"link":"https://stackoverflow.com/questions/76078977/receiving-errors-in-firebase-authentication","closed_reason":"Duplicate","title":"Receiving Errors in Firebase Authentication"},{"tags":["javascript","candlestick-chart"],"owner":{"account_id":22246535,"reputation":23,"user_id":16480149,"user_type":"registered","profile_image":"https://lh3.googleusercontent.com/a-/AOh14Gi_WvwVf9Uha4FJvhJGXINqEEBp1T05qTUvEkYAsg=k-s256","display_name":"swapnil jajoo","link":"https://stackoverflow.com/users/16480149/swapnil-jajoo"},"is_answered":false,"view_count":48,"answer_count":0,"score":0,"last_activity_date":1682156667,"creation_date":1682156667,"question_id":76078976,"content_license":"CC BY-SA 4.0","link":"https://stackoverflow.com/questions/76078976/how-to-zoom-to-a-specific-date-range-in-jscharting","title":"how to zoom to a specific date range in jscharting?"},{"tags":["javascript","firebase","firebase-cloud-messaging"],"owner":{"account_id":24555144,"reputation":31,"user_id":18463840,"user_type":"registered","profile_image":"https://lh3.googleusercontent.com/a-/AOh14GgonQ6kr50DDiruxYpa9maX9N7w2QvpzKnJ9SoFOg=k-s256","display_name":"Kabir Agarwal","link":"https://stackoverflow.com/users/18463840/kabir-agarwal"},"is_answered":false,"view_count":74,"answer_count":0,"score":2,"last_activity_date":1682171717,"creation_date":1682156651,"last_edit_date":1682171717,"question_id":76078974,"content_license":"CC BY-SA 4.0","link":"https://stackoverflow.com/questions/76078974/cloud-messaging-not-working-with-firebase-in-javascript","title":"cloud messaging not working with firebase in javascript"},{"tags":["node.js","react-native"],"owner":{"account_id":28378546,"reputation":1,"user_id":21706194,"user_type":"registered","profile_image":"https://lh3.googleusercontent.com/a/AGNmyxbR_TX82Qz8LTCR-HKL3VamlwGpJ4uBsS92QcvUCQ=k-s256","display_name":"Mango_peveca","link":"https://stackoverflow.com/users/21706194/mango-peveca"},"is_answered":false,"view_count":128,"answer_count":1,"score":0,"last_activity_date":1682162073,"creation_date":1682156595,"question_id":76078971,"content_license":"CC BY-SA 4.0","link":"https://stackoverflow.com/questions/76078971/why-is-wi-fi-manager-null","title":"Why is WI-FI manager null"},{"tags":["airflow","google-cloud-composer","python-poetry"],"owner":{"account_id":22877567,"reputation":198,"user_id":17019651,"user_type":"registered","profile_image":"https://www.gravatar.com/avatar/4a3788c9ebc4e5dadc9282f003487c97?s=256&d=identicon&r=PG","display_name":"cestlarumba","link":"https://stackoverflow.com/users/17019651/cestlarumba"},"is_answered":true,"view_count":465,"accepted_answer_id":76111131,"answer_count":1,"score":0,"last_activity_date":1682514517,"creation_date":1682156583,"question_id":76078970,"content_license":"CC BY-SA 4.0","link":"https://stackoverflow.com/questions/76078970/updating-cloud-composer-airflow-package-dependencies-using-ci-cd","title":"Updating cloud composer (Airflow) package dependencies using CI/CD"},{"tags":["postgresql","kubernetes","quarkus","reactive","database-replication"],"owner":{"account_id":24179519,"reputation":31,"user_id":18140396,"user_type":"registered","profile_image":"https://www.gravatar.com/avatar/55b8ca535e6d814316c2caac29d4f6ed?s=256&d=identicon&r=PG","display_name":"Domino","link":"https://stackoverflow.com/users/18140396/domino"},"is_answered":false,"view_count":127,"answer_count":0,"score":0,"last_activity_date":1682156538,"creation_date":1682156538,"question_id":76078968,"content_license":"CC BY-SA 4.0","link":"https://stackoverflow.com/questions/76078968/how-do-i-set-the-datasource-url-in-quarkus-to-a-replicated-postgres-database-on","title":"How do I set the datasource URL in Quarkus to a replicated Postgres database on a Kubernetes cluster?"},{"tags":["python","arrays","string","string-matching"],"owner":{"account_id":23784151,"reputation":17,"user_id":17796470,"user_type":"registered","profile_image":"https://lh3.googleusercontent.com/a-/AOh14GhDzJGtjyLibiGAuPEx0yydxMQuwy757EvfhjEwyw=k-s256","display_name":"Kiran Kutte","link":"https://stackoverflow.com/users/17796470/kiran-kutte"},"is_answered":false,"view_count":35,"answer_count":1,"score":-1,"last_activity_date":1682156792,"creation_date":1682156524,"last_edit_date":1682156612,"question_id":76078967,"content_license":"CC BY-SA 4.0","link":"https://stackoverflow.com/questions/76078967/given-a-pattern-matching-in-python","title":"Given a Pattern matching in python"}],"has_more":true,"quota_max":300,"quota_remaining":262}