{"items":[{"tags":["java","android"],"owner":{"account_id":19451777,"reputation":1,"user_id":14228018,"user_type":"registered","profile_image":"https://www.gravatar.com/avatar/dc21abb1f9053f817dc0c243aeab2073?s=256&d=identicon&r=PG&f=y&so-version=2","display_name":"komutanlogar","link":"https://stackoverflow.com/users/14228018/komutanlogar"},"is_answered":false,"view_count":31,"answer_count":0,"score":0,"last_activity_date":1676329182,"creation_date":1676329182,"question_id":75441974,"content_license":"CC BY-SA 4.0","link":"https://stackoverflow.com/questions/75441974/onswiped-or-onmove-method-not-working","title":"onSwiped() or onMove() method not Working"},{"tags":["reactjs","typescript","dom"],"owner":{"account_id":25987055,"reputation":111,"user_id":19805304,"user_type":"registered","profile_image":"https://i.stack.imgur.com/bKWXQ.jpg?s=256&g=1","display_name":"Jo&#227;o Denari","link":"https://stackoverflow.com/users/19805304/jo%c3%a3o-denari"},"is_answered":true,"view_count":274,"accepted_answer_id":75442701,"answer_count":2,"score":0,"last_activity_date":1676338281,"creation_date":1676329129,"question_id":75441970,"content_license":"CC BY-SA 4.0","link":"https://stackoverflow.com/questions/75441970/link-error-on-react-router-dom-in-react-with-typescript","title":"&lt;Link&gt; error on react-router-dom in React with Typescript"},{"tags":["flutter","dart","datetime","range"],"owner":{"account_id":21679474,"reputation":115,"user_id":15995870,"user_type":"registered","profile_image":"https://www.gravatar.com/avatar/efef726f144d9b59ce55101daf285dc2?s=256&d=identicon&r=PG&f=y&so-version=2","display_name":"Seth","link":"https://stackoverflow.com/users/15995870/seth"},"is_answered":true,"view_count":283,"accepted_answer_id":75442180,"answer_count":2,"score":0,"last_activity_date":1676331568,"creation_date":1676329124,"question_id":75441968,"content_license":"CC BY-SA 4.0","link":"https://stackoverflow.com/questions/75441968/flutter-how-to-set-the-maximum-date-range-duration-in-datetimerange","title":"Flutter How to set the maximum date range duration in DateTimeRange"},{"tags":["database","dataframe","match","stata"],"owner":{"account_id":25224785,"reputation":316,"user_id":19060810,"user_type":"registered","profile_image":"https://www.gravatar.com/avatar/d5ee1386d4db2d27d966ff05beece82d?s=256&d=identicon&r=PG","display_name":"maldini1990","link":"https://stackoverflow.com/users/19060810/maldini1990"},"is_answered":true,"view_count":46,"accepted_answer_id":75443126,"answer_count":1,"score":0,"last_activity_date":1676364215,"creation_date":1676329096,"last_edit_date":1676363201,"question_id":75441967,"content_license":"CC BY-SA 4.0","link":"https://stackoverflow.com/questions/75441967/matching-observations-across-two-string-variables","title":"Matching observations across two string variables"},{"tags":["tex","quarto"],"owner":{"account_id":17393401,"reputation":105,"user_id":12603492,"user_type":"registered","profile_image":"https://www.gravatar.com/avatar/c3a6a829b35496b7bfffc8e03a8d44f5?s=256&d=identicon&r=PG&f=y&so-version=2","display_name":"blahblah4252","link":"https://stackoverflow.com/users/12603492/blahblah4252"},"is_answered":true,"view_count":112,"answer_count":2,"score":2,"last_activity_date":1676562438,"creation_date":1676329060,"last_edit_date":1676562438,"question_id":75441964,"content_license":"CC BY-SA 4.0","link":"https://stackoverflow.com/questions/75441964/create-two-versions-of-a-document","title":"Create Two Versions of a Document"},{"tags":["database","postgresql","pgadmin-4","macos-mojave","postgresql-14"],"owner":{"account_id":27748346,"reputation":11,"user_id":21183300,"user_type":"registered","profile_image":"https://lh3.googleusercontent.com/a/AEdFTp6QzQPeThMwKsX-q61IOd-Ml1rUXPGtx24dcuGzug=k-s256","display_name":"Laeticia ","link":"https://stackoverflow.com/users/21183300/laeticia"},"is_answered":false,"view_count":57,"answer_count":0,"score":1,"last_activity_date":1676569915,"creation_date":1676329058,"last_edit_date":1676569915,"question_id":75441963,"content_license":"CC BY-SA 4.0","link":"https://stackoverflow.com/questions/75441963/how-to-restore-tables-in-a-database-from-csv-files-in-pgadmin-postgresql","title":"How to Restore Tables in a Database from csv files in PgAdmin (PostgreSQL)"},{"tags":["javascript","gsap","lottie","scrolltrigger"],"owner":{"account_id":15436554,"reputation":11,"user_id":11136493,"user_type":"registered","profile_image":"https://www.gravatar.com/avatar/f69dddab46bc764b3d9086b0184dfa19?s=256&d=identicon&r=PG&f=y&so-version=2","display_name":"Jeff","link":"https://stackoverflow.com/users/11136493/jeff"},"is_answered":false,"view_count":329,"answer_count":1,"score":1,"last_activity_date":1676377995,"creation_date":1676329046,"question_id":75441959,"content_license":"CC BY-SA 4.0","link":"https://stackoverflow.com/questions/75441959/gsap-multiple-scroll-triggers-for-lottie-animations-in-different-sections","title":"GSAP multiple scroll triggers for lottie animations in different sections"},{"tags":["android","samsung"],"owner":{"account_id":5846233,"reputation":1309,"user_id":4606280,"user_type":"registered","accept_rate":71,"profile_image":"https://graph.facebook.com/10204658976927275/picture?type=large","display_name":"Sean Shi","link":"https://stackoverflow.com/users/4606280/sean-shi"},"is_answered":false,"view_count":83,"answer_count":0,"score":0,"last_activity_date":1676329007,"creation_date":1676329007,"question_id":75441955,"content_license":"CC BY-SA 4.0","link":"https://stackoverflow.com/questions/75441955/sept-vs-sep-is-it-an-samsung-android-13-bug","title":"&quot;Sept&quot; vs. &quot;Sep&quot;, is it an Samsung Android 13 bug?"},{"tags":["flutter","dart","visual-studio-code","fvm"],"owner":{"account_id":16562698,"reputation":1728,"user_id":11968226,"user_type":"registered","profile_image":"https://www.gravatar.com/avatar/5435976ec6932e9307e25c5fcbc6c410?s=256&d=identicon&r=PG&f=y&so-version=2","display_name":"Chris","link":"https://stackoverflow.com/users/11968226/chris"},"is_answered":true,"view_count":3349,"accepted_answer_id":75442517,"answer_count":2,"score":2,"last_activity_date":1684836841,"creation_date":1676328967,"last_edit_date":1684836841,"question_id":75441953,"content_license":"CC BY-SA 4.0","link":"https://stackoverflow.com/questions/75441953/use-fvm-to-change-flutter-version-in-vscode-but-the-flutter-version-not-work","title":"Use fvm to change flutter version in vscode, but the flutter version not work?"},{"tags":["rust","async-await","rust-tokio"],"owner":{"account_id":25535141,"reputation":23,"user_id":19322360,"user_type":"registered","profile_image":"https://www.gravatar.com/avatar/5b602923d049d323e3fc520dae2c76e9?s=256&d=identicon&r=PG","display_name":"ZH Eng","link":"https://stackoverflow.com/users/19322360/zh-eng"},"is_answered":false,"view_count":46,"answer_count":0,"score":0,"last_activity_date":1676328908,"creation_date":1676328908,"question_id":75441945,"content_license":"CC BY-SA 4.0","link":"https://stackoverflow.com/questions/75441945/extracting-the-saved-local-variables-of-the-generator-data-structure-of-future","title":"Extracting the saved local variables of the generator data structure of Future"},{"tags":["c#","visual-studio-2019"],"owner":{"account_id":16653911,"reputation":1,"user_id":12035915,"user_type":"registered","profile_image":"https://lh5.googleusercontent.com/-yzyRmcrgQyE/AAAAAAAAAAI/AAAAAAAAAAA/ACHi3revJlsKvHIOgN5ZY4qnNUaS0D81QA/photo.jpg?sz=256","display_name":"Ingmar Helsmoortel","link":"https://stackoverflow.com/users/12035915/ingmar-helsmoortel"},"is_answered":false,"view_count":133,"answer_count":0,"score":0,"last_activity_date":1676354917,"creation_date":1676328898,"last_edit_date":1676351154,"question_id":75441944,"content_license":"CC BY-SA 4.0","link":"https://stackoverflow.com/questions/75441944/a-permanent-solution-in-visual-studio-2019-to-replace-this-app-manifest-in-every","title":"A permanent solution in Visual Studio 2019 to replace this app.manifest.in every project"},{"tags":["reactjs","amazon-web-services","e-commerce","aws-amplify"],"owner":{"account_id":18184267,"reputation":23,"user_id":13231356,"user_type":"registered","profile_image":"https://lh3.googleusercontent.com/a-/AOh14GhzjaboszDqh5o--x7LU70-7NuGWQ13Js7LSP8ZbA=k-s256","display_name":"Fields","link":"https://stackoverflow.com/users/13231356/fields"},"is_answered":false,"view_count":131,"answer_count":0,"score":2,"last_activity_date":1676329824,"creation_date":1676328894,"last_edit_date":1676329824,"question_id":75441943,"content_license":"CC BY-SA 4.0","link":"https://stackoverflow.com/questions/75441943/how-to-send-data-to-join-table-with-many-to-many-relationship-in-dynamodb-aws","title":"How to send data to join table with many-to-many relationship in DynamoDB / AWS Amplify / React via GraphQL?"},{"tags":["node.js","webpack","mocha.js","webpack-5"],"owner":{"account_id":272380,"reputation":50926,"user_id":563420,"user_type":"registered","accept_rate":76,"profile_image":"https://www.gravatar.com/avatar/715062f31800335c2a33422b311dbb93?s=256&d=identicon&r=PG","display_name":"rynop","link":"https://stackoverflow.com/users/563420/rynop"},"is_answered":false,"view_count":62,"answer_count":0,"score":0,"last_activity_date":1676328846,"creation_date":1676328846,"question_id":75441939,"content_license":"CC BY-SA 4.0","link":"https://stackoverflow.com/questions/75441939/webpack-throws-referenceerror-describe-is-not-defined-when-bundling-mocha-tes","title":"Webpack throws &quot;ReferenceError: describe is not defined&quot; when bundling mocha test"},{"tags":["python","python-3.x","artificial-intelligence","tic-tac-toe","minimax"],"owner":{"account_id":23977010,"reputation":1,"user_id":17964968,"user_type":"registered","profile_image":"https://www.gravatar.com/avatar/f9f641773616d007e79257514c7935de?s=256&d=identicon&r=PG","display_name":"Sam","link":"https://stackoverflow.com/users/17964968/sam"},"is_answered":false,"view_count":71,"answer_count":1,"score":-1,"last_activity_date":1676352342,"creation_date":1676328842,"question_id":75441938,"content_license":"CC BY-SA 4.0","link":"https://stackoverflow.com/questions/75441938/tictactoe-minimax-function-returns-moves-in-order-of-the-board","title":"TicTacToe minimax function returns moves in order of the board"},{"tags":["php","jquery","mysql","ajax"],"owner":{"account_id":10344328,"reputation":59,"user_id":7629749,"user_type":"registered","profile_image":"https://www.gravatar.com/avatar/6bd82656a31c391b4fc8ba3cbc34a066?s=256&d=identicon&r=PG&f=y&so-version=2","display_name":"GAX","link":"https://stackoverflow.com/users/7629749/gax"},"is_answered":false,"view_count":14,"closed_date":1676328972,"answer_count":0,"score":0,"last_activity_date":1676330122,"creation_date":1676328830,"last_edit_date":1676330122,"question_id":75441936,"link":"https://stackoverflow.com/questions/75441936/getting-json-data-from-mysql-table-with-php-and-ajax","closed_reason":"Duplicate","title":"Getting JSON data from MySQL Table with php and ajax"},{"tags":["java","mysql","spring","spring-boot","jpa"],"owner":{"account_id":13975330,"reputation":149,"user_id":10092887,"user_type":"registered","profile_image":"https://lh4.googleusercontent.com/-vXX4gWD4WzI/AAAAAAAAAAI/AAAAAAAAAAo/KZ0MDq7_3SY/photo.jpg?sz=256","display_name":"Flinty926","link":"https://stackoverflow.com/users/10092887/flinty926"},"is_answered":true,"view_count":296,"answer_count":2,"score":1,"last_activity_date":1676471883,"creation_date":1676328823,"last_edit_date":1676471883,"question_id":75441935,"content_license":"CC BY-SA 4.0","link":"https://stackoverflow.com/questions/75441935/spring-boot-jpa-native-query-object-mapping","title":"Spring Boot JPA Native Query Object Mapping"},{"tags":["python","memory","memory-management","bigdata","kaggle"],"owner":{"account_id":25836333,"reputation":11,"user_id":19572684,"user_type":"registered","profile_image":"https://www.gravatar.com/avatar/c765b31e5d932fd502d6246d065557a2?s=256&d=identicon&r=PG","display_name":"sefa","link":"https://stackoverflow.com/users/19572684/sefa"},"is_answered":true,"view_count":146,"accepted_answer_id":75442420,"answer_count":1,"score":0,"last_activity_date":1676337970,"creation_date":1676328740,"question_id":75441927,"content_license":"CC BY-SA 4.0","link":"https://stackoverflow.com/questions/75441927/how-to-reduce-memory-usage-in-kaggle-for-python-code","title":"how to reduce memory usage in kaggle for python code"},{"tags":["xml","xslt","xhtml"],"owner":{"account_id":27778320,"reputation":3,"user_id":21207203,"user_type":"registered","profile_image":"https://lh3.googleusercontent.com/a/AEdFTp4phaAVEtvfMlGFIFgitT-obLM8aRoMkC4l3aJN=k-s256","display_name":"Kate","link":"https://stackoverflow.com/users/21207203/kate"},"is_answered":true,"view_count":82,"accepted_answer_id":75446067,"answer_count":1,"score":0,"last_activity_date":1676368231,"creation_date":1676328733,"question_id":75441926,"content_license":"CC BY-SA 4.0","link":"https://stackoverflow.com/questions/75441926/how-to-link-up-xml-file-with-xslt-3-0-file","title":"How to link up XML file with XSLT 3.0 file?"},{"tags":["python","selenium-webdriver","web-scraping","click"],"owner":{"account_id":17895073,"reputation":21,"user_id":21105188,"user_type":"registered","profile_image":"https://i.stack.imgur.com/kLxFY.jpg?s=256&g=1","display_name":"agracing247","link":"https://stackoverflow.com/users/21105188/agracing247"},"is_answered":false,"view_count":9,"closed_date":1676329592,"answer_count":0,"score":1,"last_activity_date":1676328730,"creation_date":1676328730,"question_id":75441925,"link":"https://stackoverflow.com/questions/75441925/python-selenium-click-login","closed_reason":"Duplicate","title":"Python Selenium click login"},{"tags":["coq","opam"],"owner":{"account_id":1589784,"reputation":5319,"user_id":1601580,"user_type":"registered","accept_rate":47,"profile_image":"https://i.stack.imgur.com/2B6rV.png?s=256&g=1","display_name":"Charlie Parker","link":"https://stackoverflow.com/users/1601580/charlie-parker"},"is_answered":true,"view_count":39,"answer_count":1,"score":0,"last_activity_date":1676337686,"creation_date":1676328702,"question_id":75441920,"content_license":"CC BY-SA 4.0","link":"https://stackoverflow.com/questions/75441920/how-does-one-make-sure-that-coq-project-installed-correctly-when-it-doesnt-seem","title":"How does one make sure that coq project installed correctly when it doesn&#39;t seem to appear on opam list?"},{"tags":["python","pandas","dataframe"],"owner":{"account_id":74705,"reputation":652,"user_id":214526,"user_type":"registered","accept_rate":40,"profile_image":"https://www.gravatar.com/avatar/88bbb72c77d9cab8f5b9bfe56ead1288?s=256&d=identicon&r=PG","display_name":"soumeng78","link":"https://stackoverflow.com/users/214526/soumeng78"},"is_answered":false,"view_count":142,"answer_count":2,"score":0,"last_activity_date":1676645372,"creation_date":1676328701,"last_edit_date":1676354747,"question_id":75441918,"content_license":"CC BY-SA 4.0","link":"https://stackoverflow.com/questions/75441918/dataframe-from-list-of-dicts-with-relative-order-of-keys-maintained-in-columns","title":"DataFrame from list of dicts with relative order of keys maintained in columns"},{"tags":["multidimensional-array","macros","julia","matrix-multiplication","broadcasting"],"owner":{"account_id":27778252,"reputation":1,"user_id":21207147,"user_type":"registered","profile_image":"https://www.gravatar.com/avatar/bc880a18148d92ca9657f647b35e7ced?s=256&d=identicon&r=PG","display_name":"user21207147","link":"https://stackoverflow.com/users/21207147/user21207147"},"is_answered":false,"view_count":93,"answer_count":1,"score":0,"last_activity_date":1676339996,"creation_date":1676328652,"question_id":75441912,"content_license":"CC BY-SA 4.0","link":"https://stackoverflow.com/questions/75441912/calculation-of-quadratic-form-using-broadcasting-in-julia","title":"Calculation of quadratic form using broadcasting in Julia"},{"tags":["paypal","transactions","capture"],"owner":{"account_id":6952785,"reputation":3,"user_id":5334879,"user_type":"registered","profile_image":"https://i.stack.imgur.com/LCs6H.jpg?s=256&g=1","display_name":"Alex Kuzmov","link":"https://stackoverflow.com/users/5334879/alex-kuzmov"},"is_answered":true,"view_count":529,"accepted_answer_id":75442443,"answer_count":1,"score":0,"last_activity_date":1676553282,"creation_date":1676328589,"last_edit_date":1676553282,"question_id":75441909,"content_license":"CC BY-SA 4.0","link":"https://stackoverflow.com/questions/75441909/how-to-get-order-id-of-a-subscription-payment-from-a-transaction-from-paypal-api","title":"How to get Order ID of a subscription payment from a Transaction from paypal API"},{"tags":["docusignapi"],"owner":{"account_id":4820065,"reputation":192,"user_id":4189568,"user_type":"registered","profile_image":"https://www.gravatar.com/avatar/7c448b183fca02271672a2c719a24ea1?s=256&d=identicon&r=PG&f=y&so-version=2","display_name":"Alex S","link":"https://stackoverflow.com/users/4189568/alex-s"},"is_answered":true,"view_count":28,"accepted_answer_id":75489334,"answer_count":2,"score":0,"last_activity_date":1676669129,"creation_date":1676328531,"question_id":75441907,"content_license":"CC BY-SA 4.0","link":"https://stackoverflow.com/questions/75441907/populating-tabs-in-an-existing-draft-envelope-with-the-tablabel","title":"Populating Tabs In An Existing Draft Envelope With The tabLabel"},{"tags":["reactjs"],"owner":{"account_id":21136706,"reputation":31,"user_id":15540037,"user_type":"registered","profile_image":"https://lh3.googleusercontent.com/a-/AOh14GiO5jFkSNi0Rw89KcsM9sf0Ex0h1Un_-TNGaK_D=k-s256","display_name":"Jason MacMillan","link":"https://stackoverflow.com/users/15540037/jason-macmillan"},"is_answered":false,"view_count":29,"answer_count":0,"score":0,"last_activity_date":1676328504,"creation_date":1676328504,"question_id":75441904,"content_license":"CC BY-SA 4.0","link":"https://stackoverflow.com/questions/75441904/how-to-make-a-calculator-webpage-using-js","title":"How to make a calculator webpage using JS?"},{"tags":["reactjs","react-native","bluetooth-lowenergy","react-context","react-native-ble-plx"],"owner":{"account_id":15946787,"reputation":115,"user_id":16980893,"user_type":"registered","profile_image":"https://lh4.googleusercontent.com/-djCIkUzj3D4/AAAAAAAAAAI/AAAAAAAAAAA/ACHi3remXqD2vFdaBQjGbh9n1VMs5nLzNQ/mo/photo.jpg?sz=256","display_name":"Ethan Stacey","link":"https://stackoverflow.com/users/16980893/ethan-stacey"},"is_answered":true,"view_count":489,"answer_count":2,"score":3,"last_activity_date":1677269018,"creation_date":1676328487,"question_id":75441903,"content_license":"CC BY-SA 4.0","link":"https://stackoverflow.com/questions/75441903/react-native-ble-plx-disconnects-from-ble-device-whenever-i-use-navigation-navig","title":"react-native-ble-plx disconnects from BLE device whenever I use navigation.navigate()"},{"tags":["reactjs","react-hooks"],"owner":{"account_id":7358677,"reputation":183,"user_id":11855535,"user_type":"registered","profile_image":"https://lh4.googleusercontent.com/-xBHAUcssLq8/AAAAAAAAAAI/AAAAAAAAAVs/EjBT7j9zHgU/photo.jpg?sz=256","display_name":"Ashok Yaganti","link":"https://stackoverflow.com/users/11855535/ashok-yaganti"},"is_answered":true,"view_count":276,"answer_count":1,"score":1,"last_activity_date":1700496525,"creation_date":1676328477,"question_id":75441901,"content_license":"CC BY-SA 4.0","link":"https://stackoverflow.com/questions/75441901/trigger-react-hook-after-page-is-completely-loaded","title":"Trigger react hook after page is completely loaded"},{"tags":["reactjs","firebase","service-worker"],"owner":{"account_id":27778314,"reputation":13,"user_id":21207199,"user_type":"registered","profile_image":"https://lh3.googleusercontent.com/a/AEdFTp7U3Zew_49-G68AQrcaUv1CZ8UVVeBWC8r4NkCa5A=k-s256","display_name":"John Anwar","link":"https://stackoverflow.com/users/21207199/john-anwar"},"is_answered":true,"view_count":391,"accepted_answer_id":75446148,"answer_count":1,"score":0,"last_activity_date":1676453116,"creation_date":1676328462,"last_edit_date":1676396633,"question_id":75441899,"content_license":"CC BY-SA 4.0","link":"https://stackoverflow.com/questions/75441899/didnt-receive-message-in-messaging-onmessage-event-when-loosing-the-focus-fireb","title":"Didn&#39;t receive message in messaging.onMessage event when loosing the focus firebase with react"},{"tags":["oracle","oracle11g","oracle10g","oracle-apex"],"owner":{"account_id":9094343,"reputation":49,"user_id":6768799,"user_type":"registered","profile_image":"https://lh4.googleusercontent.com/-7xMYNzfNkIQ/AAAAAAAAAAI/AAAAAAAAABY/nE1duHZPKH8/photo.jpg?sz=256","display_name":"damon shahi","link":"https://stackoverflow.com/users/6768799/damon-shahi"},"is_answered":true,"view_count":38,"answer_count":1,"score":0,"last_activity_date":1676329195,"creation_date":1676328424,"last_edit_date":1676329054,"question_id":75441897,"content_license":"CC BY-SA 4.0","link":"https://stackoverflow.com/questions/75441897/in-oracle-execution-time-for-finding-a-data-inside-comma-seperated-column-taking","title":"In Oracle execution time for finding a data inside comma seperated column taking too long"},{"tags":["redirect","jmeter","http-status-code-302","http-status-code-307"],"owner":{"account_id":25160265,"reputation":1,"user_id":19004553,"user_type":"registered","profile_image":"https://lh3.googleusercontent.com/a-/AOh14GggMxvdCq7UgQTAo5R6dFS437XgquHz4Yhv_liCjg=k-s256","display_name":"Harish Dhande","link":"https://stackoverflow.com/users/19004553/harish-dhande"},"is_answered":false,"view_count":262,"answer_count":1,"score":0,"last_activity_date":1676358278,"creation_date":1676328389,"question_id":75441894,"content_license":"CC BY-SA 4.0","link":"https://stackoverflow.com/questions/75441894/jmeter-302-instead-of-200","title":"Jmeter 302 instead of 200"}],"has_more":true,"quota_max":300,"quota_remaining":295}