{"items":[{"tags":["r","gitlab-ci","r-package"],"owner":{"account_id":5902015,"reputation":285,"user_id":6874141,"user_type":"registered","profile_image":"https://i.stack.imgur.com/tOwZP.jpg?s=256&g=1","display_name":"Johnny","link":"https://stackoverflow.com/users/6874141/johnny"},"is_answered":false,"view_count":38,"answer_count":0,"score":0,"last_activity_date":1684879191,"creation_date":1684879191,"question_id":76318909,"content_license":"CC BY-SA 4.0","link":"https://stackoverflow.com/questions/76318909/r-cmd-check-failing-for-gitlab-pipeline","title":"R CMD check failing for GitLab pipeline"},{"tags":["react-native","stripe-payments","firebase-extensions"],"owner":{"account_id":28665778,"reputation":11,"user_id":21949822,"user_type":"registered","profile_image":"https://www.gravatar.com/avatar/40d3a5e8f88836a75587091caef31894?s=256&d=identicon&r=PG&f=y&so-version=2","display_name":"alex","link":"https://stackoverflow.com/users/21949822/alex"},"is_answered":false,"view_count":85,"answer_count":0,"score":1,"last_activity_date":1684879181,"creation_date":1684879181,"question_id":76318908,"content_license":"CC BY-SA 4.0","link":"https://stackoverflow.com/questions/76318908/can-i-create-stripe-subscriptions-manually-in-a-react-native-app-using-firebase","title":"Can I create Stripe subscriptions manually in a React Native app using Firebase extension or do i need a webapp?"},{"tags":["javascript","html","css"],"owner":{"account_id":20045798,"reputation":3,"user_id":14695489,"user_type":"registered","profile_image":"https://www.gravatar.com/avatar/36928e225802781ac052ffda33b5bc53?s=256&d=identicon&r=PG&f=y&so-version=2","display_name":"SoftCroo","link":"https://stackoverflow.com/users/14695489/softcroo"},"is_answered":true,"view_count":100,"accepted_answer_id":76319222,"answer_count":1,"score":0,"last_activity_date":1684888762,"creation_date":1684879175,"last_edit_date":1684879549,"question_id":76318907,"content_license":"CC BY-SA 4.0","link":"https://stackoverflow.com/questions/76318907/need-to-make-search-and-close-svg-icons-at-the-same-position","title":"Need to make search and close SVG icons at the same position?"},{"tags":["apache-spark","pyspark"],"owner":{"account_id":69266,"reputation":10949,"user_id":201657,"user_type":"registered","accept_rate":62,"profile_image":"https://i.stack.imgur.com/Tsj9N.jpg?s=256&g=1","display_name":"jamiet","link":"https://stackoverflow.com/users/201657/jamiet"},"is_answered":false,"view_count":457,"answer_count":1,"score":2,"last_activity_date":1684913420,"creation_date":1684879135,"last_edit_date":1684909696,"question_id":76318901,"content_license":"CC BY-SA 4.0","link":"https://stackoverflow.com/questions/76318901/tests-never-succeed-on-pyspark-3-4-0-work-ok-on-pyspark-3-3-2","title":"Tests never succeed on pyspark 3.4.0 (work OK on pyspark 3.3.2)"},{"tags":["android","google-places-api"],"owner":{"account_id":1830722,"reputation":1453,"user_id":1662191,"user_type":"registered","accept_rate":37,"profile_image":"https://www.gravatar.com/avatar/baadbec5374058f56fd754e588a77410?s=256&d=identicon&r=PG","display_name":"AleCat83","link":"https://stackoverflow.com/users/1662191/alecat83"},"is_answered":false,"view_count":36,"answer_count":0,"score":0,"last_activity_date":1684879126,"creation_date":1684879126,"question_id":76318900,"content_license":"CC BY-SA 4.0","link":"https://stackoverflow.com/questions/76318900/use-uuid-for-sessiontoken-when-using-google-place-sdk-for-android","title":"use UUID for SessionToken when using Google Place SDK for Android"},{"tags":["docker","docker-compose"],"owner":{"account_id":77050,"reputation":47331,"user_id":220180,"user_type":"registered","accept_rate":76,"profile_image":"https://i.stack.imgur.com/PHClf.png?s=256&g=1","display_name":"gremo","link":"https://stackoverflow.com/users/220180/gremo"},"is_answered":false,"view_count":18,"answer_count":0,"score":0,"last_activity_date":1684879038,"creation_date":1684879038,"question_id":76318894,"content_license":"CC BY-SA 4.0","link":"https://stackoverflow.com/questions/76318894/purpose-of-pushing-docker-compose-service-images-for-private-repos","title":"Purpose of pushing Docker Compose service images for private repos?"},{"tags":[".htaccess","mod-rewrite"],"owner":{"account_id":7731808,"reputation":1,"user_id":5854677,"user_type":"registered","profile_image":"https://www.gravatar.com/avatar/ffceda252c6ea67f48cc620eb9ace27e?s=256&d=identicon&r=PG&f=y&so-version=2","display_name":"Mohamed Abd-EL moaty","link":"https://stackoverflow.com/users/5854677/mohamed-abd-el-moaty"},"is_answered":false,"view_count":15,"answer_count":0,"score":0,"last_activity_date":1684920431,"creation_date":1684878976,"last_edit_date":1684920431,"question_id":76318890,"content_license":"CC BY-SA 4.0","link":"https://stackoverflow.com/questions/76318890/creating-functional-links-on-a-single-php-page-by-using-htaccess-and-rewriterul","title":"Creating functional links on a single PHP page by using .htaccess and RewriteRule with multiple variables"},{"tags":["acumatica"],"owner":{"account_id":7592580,"reputation":25,"user_id":5759766,"user_type":"registered","profile_image":"https://www.gravatar.com/avatar/bfeb04149d540eba1ff44b1d578403af?s=256&d=identicon&r=PG&f=y&so-version=2","display_name":"Peter","link":"https://stackoverflow.com/users/5759766/peter"},"is_answered":true,"view_count":37,"accepted_answer_id":76324895,"answer_count":1,"score":0,"last_activity_date":1684940315,"creation_date":1684878970,"question_id":76318888,"content_license":"CC BY-SA 4.0","link":"https://stackoverflow.com/questions/76318888/error-updating-existing-record-in-acumatica-using-api-put","title":"Error updating existing record in Acumatica using API PUT"},{"tags":["excel","excel-formula"],"owner":{"account_id":24434607,"reputation":31,"user_id":18359034,"user_type":"registered","profile_image":"https://www.gravatar.com/avatar/e4fa442a076d43f4881e6b7fcc4cfaee?s=256&d=identicon&r=PG","display_name":"CallSignPhoenix","link":"https://stackoverflow.com/users/18359034/callsignphoenix"},"is_answered":false,"view_count":121,"answer_count":1,"score":0,"last_activity_date":1697039240,"creation_date":1684878964,"last_edit_date":1697039240,"question_id":76318887,"content_license":"CC BY-SA 4.0","link":"https://stackoverflow.com/questions/76318887/excel-formula-to-pull-if-a-cell-number-contains-any-of-the-numbers-down-a-row","title":"Excel formula, to pull if a cell (number) contains any of the numbers down a row and pulls data from the two columns to the right?"},{"tags":["django","django-models","orm"],"owner":{"account_id":122961,"reputation":8035,"user_id":317110,"user_type":"registered","accept_rate":74,"profile_image":"https://www.gravatar.com/avatar/5d29f759bb5a2c92cb2eb5145cce7140?s=256&d=identicon&r=PG","display_name":"John Lehmann","link":"https://stackoverflow.com/users/317110/john-lehmann"},"is_answered":false,"view_count":78,"answer_count":0,"score":1,"last_activity_date":1684878942,"creation_date":1684878942,"question_id":76318885,"content_license":"CC BY-SA 4.0","link":"https://stackoverflow.com/questions/76318885/how-to-rename-model-without-altering-table-in-django","title":"How to rename Model without altering Table in Django?"},{"tags":["three.js","vertex-shader","buffer-geometry"],"owner":{"account_id":16525278,"reputation":349,"user_id":11940250,"user_type":"registered","profile_image":"https://i.stack.imgur.com/UpWhr.jpg?s=256&g=1","display_name":"Spiri","link":"https://stackoverflow.com/users/11940250/spiri"},"is_answered":false,"view_count":37,"answer_count":0,"score":0,"last_activity_date":1684891225,"creation_date":1684878898,"last_edit_date":1684891225,"question_id":76318881,"content_license":"CC BY-SA 4.0","link":"https://stackoverflow.com/questions/76318881/how-do-i-adjust-individual-vertices-in-the-vertexshader","title":"How do I adjust individual vertices in the vertexShader"},{"tags":["sql","sql-server","sql-server-2008"],"owner":{"account_id":42668,"reputation":11613,"user_id":124367,"user_type":"registered","accept_rate":81,"profile_image":"https://www.gravatar.com/avatar/c319b99cbbd9b8d31c46e043a0605540?s=256&d=identicon&r=PG","display_name":"PowerUser","link":"https://stackoverflow.com/users/124367/poweruser"},"is_answered":false,"view_count":34,"closed_date":1684879603,"answer_count":0,"score":1,"last_activity_date":1684879765,"creation_date":1684878857,"last_edit_date":1684879765,"question_id":76318879,"link":"https://stackoverflow.com/questions/76318879/how-to-show-all-column-names-of-a-temp-table","closed_reason":"Duplicate","title":"How to show all column names of a TEMP table"},{"tags":["python","django","django-forms"],"owner":{"account_id":28608457,"reputation":3,"user_id":21903904,"user_type":"registered","profile_image":"https://www.gravatar.com/avatar/7a197af2a84d58cd8d65a469f64d724e?s=256&d=identicon&r=PG&f=y&so-version=2","display_name":"dondowoldo","link":"https://stackoverflow.com/users/21903904/dondowoldo"},"is_answered":true,"view_count":51,"accepted_answer_id":76321624,"answer_count":1,"score":0,"last_activity_date":1684917804,"creation_date":1684878771,"last_edit_date":1684912521,"question_id":76318876,"content_license":"CC BY-SA 4.0","link":"https://stackoverflow.com/questions/76318876/how-to-disable-all-dates-in-djangos-dateinput-widget-except-for-those-stored-in","title":"How to disable all dates in Django&#39;s DateInput widget except for those stored in a list?"},{"tags":["angular","angular-lifecycle-hooks"],"owner":{"account_id":21981205,"reputation":207,"user_id":16256230,"user_type":"registered","profile_image":"https://lh3.googleusercontent.com/a/AATXAJz3fHxkpUICAlVhvsCbFxPx925s4FoXk4dgshmr=k-s256","display_name":"ruddnisrus","link":"https://stackoverflow.com/users/16256230/ruddnisrus"},"is_answered":false,"view_count":45,"answer_count":0,"score":1,"last_activity_date":1684903917,"creation_date":1684878749,"last_edit_date":1684903917,"question_id":76318875,"content_license":"CC BY-SA 4.0","link":"https://stackoverflow.com/questions/76318875/why-expressionchangedafterithasbeencheckederror-is-throwed-only-with-input","title":"Why ExpressionChangedAfterItHasBeenCheckedError is throwed only with @Input()?"},{"tags":["c#","entity-framework","entity-framework-core","ef-core-7.0"],"owner":{"account_id":6645134,"reputation":35,"user_id":5129540,"user_type":"registered","profile_image":"https://graph.facebook.com/10205931672384594/picture?type=large","display_name":"Tre&#39;Von McKay","link":"https://stackoverflow.com/users/5129540/trevon-mckay"},"is_answered":false,"view_count":61,"answer_count":1,"score":0,"last_activity_date":1684906299,"creation_date":1684878712,"last_edit_date":1684878885,"question_id":76318874,"content_license":"CC BY-SA 4.0","link":"https://stackoverflow.com/questions/76318874/how-to-configure-a-key-relationship-in-a-one-to-many-relationship-using-ef-cor","title":"How to configure a &quot;key&quot; relationship in a one-to-many relationship using EF Core"},{"tags":["sql","oracle","oracle-sqldeveloper","sqlplus"],"owner":{"account_id":27441718,"reputation":1,"user_id":20936468,"user_type":"registered","profile_image":"https://www.gravatar.com/avatar/19c01df179d7a2fee55c4c23d0f96675?s=256&d=identicon&r=PG&f=y&so-version=2","display_name":"toni06","link":"https://stackoverflow.com/users/20936468/toni06"},"is_answered":false,"view_count":334,"answer_count":1,"score":0,"last_activity_date":1684920423,"creation_date":1684878706,"last_edit_date":1684918912,"question_id":76318873,"content_license":"CC BY-SA 4.0","link":"https://stackoverflow.com/questions/76318873/ora-12518-tnslistener-could-not-hand-off-client-connection","title":"ORA-12518: TNS:listener could not hand off client connection"},{"tags":["neovim"],"owner":{"account_id":25216387,"reputation":1,"user_id":19053477,"user_type":"registered","profile_image":"https://lh3.googleusercontent.com/a/AATXAJzkzqogSks_-fJziB7UHyfupCSqi8n_ga8s50Q0=k-s256","display_name":"c&#233;dric pabilunc","link":"https://stackoverflow.com/users/19053477/c%c3%a9dric-pabilunc"},"is_answered":false,"view_count":19,"answer_count":0,"score":0,"last_activity_date":1684878672,"creation_date":1684878672,"question_id":76318871,"content_license":"CC BY-SA 4.0","link":"https://stackoverflow.com/questions/76318871/omnifunction-mode-in-japanese","title":"Omnifunction mode in japanese"},{"tags":["sql","sql-server","performance"],"owner":{"account_id":28590804,"reputation":13,"user_id":21890092,"user_type":"registered","profile_image":"https://www.gravatar.com/avatar/da2de9327df0068dbe6605ed2c5bd5ae?s=256&d=identicon&r=PG&f=y&so-version=2","display_name":"ayyyran","link":"https://stackoverflow.com/users/21890092/ayyyran"},"is_answered":false,"view_count":28,"closed_date":1684878682,"answer_count":0,"score":0,"last_activity_date":1684878596,"creation_date":1684878596,"question_id":76318863,"link":"https://stackoverflow.com/questions/76318863/does-filtering-a-view-in-sql-server-execute-on-all-records-before-filtering","closed_reason":"Duplicate","title":"Does filtering a view in SQL Server execute on all records before filtering?"},{"tags":["java","spring-boot","apache","reverse-proxy","http-status-code-503"],"owner":{"account_id":25226706,"reputation":33,"user_id":19062456,"user_type":"registered","profile_image":"https://lh3.googleusercontent.com/a/AATXAJzYWamTKA7pl3KKhPnkB34Fn0HyO5GnpCNMjTxO=k-s256","display_name":"Andy Salim Rojas Hinojosa","link":"https://stackoverflow.com/users/19062456/andy-salim-rojas-hinojosa"},"is_answered":false,"view_count":253,"answer_count":0,"score":1,"last_activity_date":1684878473,"creation_date":1684878473,"question_id":76318850,"content_license":"CC BY-SA 4.0","link":"https://stackoverflow.com/questions/76318850/i-want-to-deploy-locally-a-springboot-app-on-ubuntu-terminal-with-apache-server","title":"I want to deploy locally a SpringBoot app on Ubuntu Terminal with Apache Server 2, but it encounters an error"},{"tags":["vue.js","vuejs3","vue-devtools"],"owner":{"account_id":1573770,"reputation":1075,"user_id":1460828,"user_type":"registered","accept_rate":30,"profile_image":"https://www.gravatar.com/avatar/75a3968b636bd5edde4fe95bd276176e?s=256&d=identicon&r=PG","display_name":"quilkin","link":"https://stackoverflow.com/users/1460828/quilkin"},"is_answered":false,"view_count":51,"answer_count":0,"score":0,"last_activity_date":1684879773,"creation_date":1684878405,"last_edit_date":1684879773,"question_id":76318846,"content_license":"CC BY-SA 4.0","link":"https://stackoverflow.com/questions/76318846/vue3js-why-are-keys-not-showing-correctly-in-devtools","title":"vue3js - why are keys not showing correctly in devtools?"},{"tags":["sql","sql-server","substring","sql-server-2016"],"owner":{"account_id":23853359,"reputation":23,"user_id":17857069,"user_type":"registered","profile_image":"https://lh3.googleusercontent.com/a/AATXAJzLWJdFFXgQbyspCQuwl9MdqPZ4x5rMrVknWECE=k-s256","display_name":"Elaine Silva","link":"https://stackoverflow.com/users/17857069/elaine-silva"},"is_answered":true,"view_count":37,"answer_count":2,"score":-1,"last_activity_date":1684884674,"creation_date":1684878384,"last_edit_date":1684878706,"question_id":76318845,"content_license":"CC BY-SA 4.0","link":"https://stackoverflow.com/questions/76318845/how-to-group-results-based-on-code-type-and-date","title":"How to group results based on code type and date"},{"tags":["laravel","vue.js","cors","fetch"],"owner":{"account_id":1764451,"reputation":340,"user_id":1610628,"user_type":"registered","accept_rate":50,"profile_image":"https://i.stack.imgur.com/i0kxk.jpg?s=256&g=1","display_name":"Canelo Digital","link":"https://stackoverflow.com/users/1610628/canelo-digital"},"is_answered":false,"view_count":46,"closed_date":1684885412,"answer_count":0,"score":0,"last_activity_date":1684890430,"creation_date":1684878380,"last_edit_date":1684890430,"question_id":76318844,"link":"https://stackoverflow.com/questions/76318844/cors-header-missing-cors-issue-for-web-route-in-laravel-10","closed_reason":"Duplicate","title":"CORS header missing: CORS issue for web route in laravel 10"},{"tags":["graph","transitive-closure"],"owner":{"account_id":529122,"reputation":158150,"user_id":415448,"user_type":"registered","accept_rate":33,"profile_image":"https://i.stack.imgur.com/P2vVZ.png?s=256&g=1","display_name":"Michael Kay","link":"https://stackoverflow.com/users/415448/michael-kay"},"is_answered":true,"view_count":18,"accepted_answer_id":76475127,"answer_count":1,"score":0,"last_activity_date":1686756053,"creation_date":1684878378,"question_id":76318842,"content_license":"CC BY-SA 4.0","link":"https://stackoverflow.com/questions/76318842/transitive-closure-should-it-include-the-null-transition","title":"Transitive closure: should it include the null transition?"},{"tags":["python-3.x","selenium-webdriver","seleniumwire"],"owner":{"account_id":3653290,"reputation":71,"user_id":3044902,"user_type":"registered","accept_rate":0,"profile_image":"https://www.gravatar.com/avatar/935e0ec3979ac32ce3fee18ececdca3d?s=256&d=identicon&r=PG&f=y&so-version=2","display_name":"Valnurat","link":"https://stackoverflow.com/users/3044902/valnurat"},"is_answered":false,"view_count":48,"answer_count":0,"score":0,"last_activity_date":1684878350,"creation_date":1684878350,"question_id":76318840,"content_license":"CC BY-SA 4.0","link":"https://stackoverflow.com/questions/76318840/why-does-my-code-give-me-denied-access-when-trying-to-fetch-metadata-from-homepa","title":"Why does my code give me denied access when trying to fetch metadata from homepage"},{"tags":["azure"],"owner":{"account_id":25108821,"reputation":11,"user_id":18974712,"user_type":"registered","profile_image":"https://lh3.googleusercontent.com/a-/AOh14GjHj8GrCuvNH0nre7eYOcGtYn_4NYeqTemyfJ_-qA=k-s256","display_name":"Rizwan Khan A","link":"https://stackoverflow.com/users/18974712/rizwan-khan-a"},"is_answered":false,"view_count":524,"answer_count":1,"score":0,"last_activity_date":1684878936,"creation_date":1684878315,"question_id":76318838,"content_license":"CC BY-SA 4.0","link":"https://stackoverflow.com/questions/76318838/run-azure-query-using-azure-logic-app-and-send-email-with-the-entire-query-outpu","title":"Run Azure Query using azure logic App and send email with the entire query output or query result as an attachment, Also schedule to run once in a day"},{"tags":["javascript"],"owner":{"account_id":24231117,"reputation":1,"user_id":18184867,"user_type":"registered","profile_image":"https://lh3.googleusercontent.com/a-/AOh14GhohdAn_satDD-UkGBH3W3htFFHWy2xqbsuvx_Gnw=k-s256","display_name":"Eric Morlang","link":"https://stackoverflow.com/users/18184867/eric-morlang"},"is_answered":false,"view_count":18,"answer_count":1,"score":0,"last_activity_date":1684904483,"creation_date":1684878314,"last_edit_date":1684904483,"question_id":76318837,"content_license":"CC BY-SA 4.0","link":"https://stackoverflow.com/questions/76318837/extracting-text-from-xpath-using-javascript","title":"Extracting text from Xpath using JavaScript"},{"tags":["r","rodbc","r-dbi"],"posted_by_collectives":[{"tags":["dplyr","shinydashboard","lubridate","quantmod","shiny-server","r-raster","plyr","zoo","rvest","r-package","data.table","tidyr","dtplyr","forcats","shinyapps","tidyverse","rlang","ggplot2","r-caret","knitr","stringr","purrr","r","rstudio","readr","shiny","tibble"],"external_links":[{"type":"support","link":"https://stackoverflow.com/contact?topic=15"}],"description":"A collective where data scientists and AI researchers gather to find, share, and learn about R and other subtags like knitr and dplyr.","link":"/collectives/r-language","name":"R Language","slug":"r-language"}],"owner":{"account_id":5910512,"reputation":3056,"user_id":4650934,"user_type":"registered","accept_rate":92,"profile_image":"https://lh6.googleusercontent.com/-Me_fNtSFPdw/AAAAAAAAAAI/AAAAAAAAAUA/QfXst7m_74A/photo.jpg?sz=256","display_name":"yake84","link":"https://stackoverflow.com/users/4650934/yake84"},"is_answered":false,"view_count":57,"answer_count":0,"score":2,"last_activity_date":1684878294,"creation_date":1684878294,"question_id":76318836,"content_license":"CC BY-SA 4.0","link":"https://stackoverflow.com/questions/76318836/r-dbgetquery-and-preserve-comments","title":"R - dbGetQuery and preserve comments"},{"tags":["ajax","function","woocommerce"],"owner":{"account_id":19374637,"reputation":1,"user_id":14167172,"user_type":"registered","profile_image":"https://www.gravatar.com/avatar/44bdeeb3c955fb49817c25e1bf531762?s=256&d=identicon&r=PG&f=y&so-version=2","display_name":"Angela","link":"https://stackoverflow.com/users/14167172/angela"},"is_answered":false,"view_count":14,"answer_count":0,"score":0,"last_activity_date":1684878260,"creation_date":1684878260,"question_id":76318834,"content_license":"CC BY-SA 4.0","link":"https://stackoverflow.com/questions/76318834/decimal-step-unit-admin-orders","title":"Decimal Step Unit Admin Orders"},{"tags":["html","css","css-selectors","hover","mousehover"],"owner":{"account_id":28440149,"reputation":21,"user_id":21759621,"user_type":"registered","profile_image":"https://www.gravatar.com/avatar/183ff96e0d94baf31c9f0336c111ce26?s=256&d=identicon&r=PG&f=y&so-version=2","display_name":"İsmail Berberoğlu","link":"https://stackoverflow.com/users/21759621/%c4%b0smail-berbero%c4%9flu"},"is_answered":true,"view_count":51,"accepted_answer_id":76318924,"answer_count":2,"score":1,"last_activity_date":1684879939,"creation_date":1684878250,"last_edit_date":1684879750,"question_id":76318833,"content_license":"CC BY-SA 4.0","link":"https://stackoverflow.com/questions/76318833/why-isnt-the-hover-effect-working-in-my-css","title":"Why isn&#39;t the hover effect working in my CSS?"},{"tags":["sqlalchemy"],"owner":{"account_id":3133355,"reputation":8957,"user_id":2651073,"user_type":"registered","accept_rate":65,"profile_image":"https://i.stack.imgur.com/MtRZl.jpg?s=256&g=1","display_name":"Ahmad","link":"https://stackoverflow.com/users/2651073/ahmad"},"is_answered":true,"view_count":46,"accepted_answer_id":76319433,"answer_count":1,"score":0,"last_activity_date":1684969689,"creation_date":1684878237,"last_edit_date":1684904383,"question_id":76318832,"content_license":"CC BY-SA 4.0","link":"https://stackoverflow.com/questions/76318832/sqlalchemy-query-to-count-non-existing-items","title":"SqlAlchemy: query to count non existing items"}],"has_more":true,"quota_max":300,"quota_remaining":135}