{"items":[{"tags":["android","performance","systrace","ftrace"],"owner":{"account_id":28355871,"reputation":1,"user_id":21686629,"user_type":"registered","profile_image":"https://www.gravatar.com/avatar/aca35b29b8722b3d4adc533e988f1d13?s=256&d=identicon&r=PG&f=y&so-version=2","display_name":"AndroidHuang","link":"https://stackoverflow.com/users/21686629/androidhuang"},"is_answered":false,"view_count":48,"answer_count":1,"score":0,"last_activity_date":1682534947,"creation_date":1681963143,"question_id":76060471,"content_license":"CC BY-SA 4.0","link":"https://stackoverflow.com/questions/76060471/systrace-when-i-open-the-systrace-i-found-that-the-information-of-surfacefling","title":"Systrace: When I open the systrace, I found that the information of SurfaceFlinger is not full，I just see a few information shown"},{"tags":["bash","debian","cygwin"],"owner":{"account_id":27671586,"reputation":811,"user_id":21122267,"user_type":"registered","profile_image":"https://www.gravatar.com/avatar/dd455d5a30ff039b7b8e1909283a684e?s=256&d=identicon&r=PG","display_name":"danielRicado","link":"https://stackoverflow.com/users/21122267/danielricado"},"is_answered":true,"view_count":243,"accepted_answer_id":76084313,"answer_count":2,"score":0,"last_activity_date":1682245553,"creation_date":1681963076,"question_id":76060464,"content_license":"CC BY-SA 4.0","link":"https://stackoverflow.com/questions/76060464/genisoimage-in-cywin-error-genisoimage-i-option-no-longer-supported","title":"genisoimage in cywin error: genisoimage: -i option no longer supported"},{"tags":["python","pip","setuptools","setup.py","python-packaging"],"owner":{"account_id":5174557,"reputation":1185,"user_id":5218240,"user_type":"registered","accept_rate":86,"profile_image":"https://lh5.googleusercontent.com/-lr14bSsitOU/AAAAAAAAAAI/AAAAAAAATYc/yuSCjwCDkt8/photo.jpg?sz=256","display_name":"cinqS","link":"https://stackoverflow.com/users/5218240/cinqs"},"is_answered":false,"view_count":176,"answer_count":0,"score":0,"last_activity_date":1681977327,"creation_date":1681963063,"last_edit_date":1681977327,"question_id":76060462,"content_license":"CC BY-SA 4.0","link":"https://stackoverflow.com/questions/76060462/python-pip-install-another-package-into-site-packages-with-the-same-module-name","title":"Python Pip install another package into site-packages with the same module name existing in that folder"},{"tags":["python","selenium-webdriver","xpath","whatsapp"],"owner":{"account_id":22999398,"reputation":11,"user_id":17123579,"user_type":"registered","profile_image":"https://www.gravatar.com/avatar/e83723d4f8261f01f81bbb7b1e2636cd?s=256&d=identicon&r=PG","display_name":"Evolzation","link":"https://stackoverflow.com/users/17123579/evolzation"},"is_answered":false,"view_count":65,"answer_count":0,"score":0,"last_activity_date":1681962954,"creation_date":1681962954,"question_id":76060458,"content_license":"CC BY-SA 4.0","link":"https://stackoverflow.com/questions/76060458/how-to-get-programming-monitoring-whatsapp-text-box-to-work","title":"How to get programming monitoring whatsapp text box to work?"},{"tags":["javascript","html","css"],"owner":{"account_id":27903798,"reputation":11,"user_id":21307470,"user_type":"registered","profile_image":"https://www.gravatar.com/avatar/a8cca5e0fe4ae9050b49523d25202fa5?s=256&d=identicon&r=PG","display_name":"abbeydoyle","link":"https://stackoverflow.com/users/21307470/abbeydoyle"},"is_answered":false,"view_count":43,"answer_count":0,"score":0,"last_activity_date":1682002319,"creation_date":1681962915,"last_edit_date":1682002319,"question_id":76060456,"content_license":"CC BY-SA 4.0","link":"https://stackoverflow.com/questions/76060456/multiple-animations-on-one-element","title":"Multiple animations on one element"},{"tags":["linux","amazon-web-services","terraform","cloud-init"],"owner":{"account_id":6244634,"reputation":11,"user_id":4857051,"user_type":"registered","profile_image":"https://www.gravatar.com/avatar/336330adc2500285edbc4d16ab70ee04?s=256&d=identicon&r=PG&f=y&so-version=2","display_name":"RAGHU","link":"https://stackoverflow.com/users/4857051/raghu"},"is_answered":false,"view_count":170,"answer_count":0,"score":0,"last_activity_date":1682046741,"creation_date":1681962905,"last_edit_date":1682046741,"question_id":76060455,"content_license":"CC BY-SA 4.0","link":"https://stackoverflow.com/questions/76060455/getting-error-while-executing-cloud-init-commands-in-terraform","title":"Getting error while executing cloud-init commands in Terraform"},{"tags":["java","windows","swagger","openapi","swagger-codegen"],"owner":{"account_id":14839841,"reputation":63,"user_id":10716900,"user_type":"registered","profile_image":"https://i.stack.imgur.com/lgv6Q.jpg?s=256&g=1","display_name":"lnash","link":"https://stackoverflow.com/users/10716900/lnash"},"is_answered":false,"view_count":85,"answer_count":0,"score":0,"last_activity_date":1681962890,"creation_date":1681962890,"question_id":76060453,"content_license":"CC BY-SA 4.0","link":"https://stackoverflow.com/questions/76060453/why-does-swagger-util-yaml-pretty-give-different-out-put-for-same-openapi-co","title":"Why does swagger util `Yaml.pretty()` give different out put for same OpenAPI content in Windows and Linux OS? How to fix this to have same output?"},{"tags":["android","flutter","file","directory"],"owner":{"account_id":18948960,"reputation":256,"user_id":13827133,"user_type":"registered","profile_image":"https://www.gravatar.com/avatar/8500a5fce849f12a60a040869e2c8e47?s=256&d=identicon&r=PG&f=y&so-version=2","display_name":"code_vader","link":"https://stackoverflow.com/users/13827133/code-vader"},"is_answered":false,"view_count":40,"answer_count":0,"score":1,"last_activity_date":1681962843,"creation_date":1681962843,"question_id":76060450,"content_license":"CC BY-SA 4.0","link":"https://stackoverflow.com/questions/76060450/android-see-stored-image-file-from-application","title":"Android see stored image file from application"},{"tags":["python","python-3.x","pysal"],"owner":{"account_id":16334441,"reputation":41,"user_id":11797003,"user_type":"registered","profile_image":"https://www.gravatar.com/avatar/68fe94fdb606d3941119e3b60dbecd6f?s=256&d=identicon&r=PG&f=y&so-version=2","display_name":"Squarepeg","link":"https://stackoverflow.com/users/11797003/squarepeg"},"is_answered":false,"view_count":131,"answer_count":1,"score":0,"last_activity_date":1683055897,"creation_date":1681962836,"question_id":76060449,"content_license":"CC BY-SA 4.0","link":"https://stackoverflow.com/questions/76060449/pip-install-pysall-failed-to-build-rvlib","title":"pip install pysall - failed to build rvlib"},{"tags":["gem5"],"owner":{"account_id":28355900,"reputation":1,"user_id":21686657,"user_type":"registered","profile_image":"https://lh3.googleusercontent.com/a/AGNmyxZSAFiqxHeaqitBf2_ZklVD3hhnS0Xd8dAfREx5YQ=k-s256","display_name":"Magic TANG","link":"https://stackoverflow.com/users/21686657/magic-tang"},"is_answered":false,"view_count":65,"answer_count":0,"score":0,"last_activity_date":1687211667,"creation_date":1681962607,"question_id":76060441,"content_license":"CC BY-SA 4.0","link":"https://stackoverflow.com/questions/76060441/hi-im-new-to-gem5-is-there-a-way-to-make-simulation-for-a-cpu-gpu-heterogeneo","title":"Hi, i&#39;m new to gem5. is there a way to make simulation for a CPU-GPU heterogeneous computing？"},{"tags":["here-api","navigator"],"owner":{"account_id":14452414,"reputation":15,"user_id":10439498,"user_type":"registered","profile_image":"https://www.gravatar.com/avatar/e87d0442eb8bd8379480e9185d69df74?s=256&d=identicon&r=PG&f=y&so-version=2","display_name":"Phoebe Huang","link":"https://stackoverflow.com/users/10439498/phoebe-huang"},"is_answered":false,"view_count":50,"answer_count":1,"score":1,"last_activity_date":1689602222,"creation_date":1681962600,"last_edit_date":1682062434,"question_id":76060440,"content_license":"CC BY-SA 4.0","link":"https://stackoverflow.com/questions/76060440/navigate-sdk-in-android-is-there-a-method-to-also-make-navigate-maneuver-arrow","title":"Navigate SDK in Android - Is there a method to also make navigate maneuver arrow disapear when I setRouteVisible to false in VisualNavigator?"},{"tags":["julia"],"owner":{"account_id":28124554,"reputation":181,"user_id":21490208,"user_type":"registered","profile_image":"https://lh3.googleusercontent.com/a/AGNmyxZNsB_tBpV-EUEzSu0PFI9JD_DA9ycYnTZ3Y0ot=k-s256","display_name":"Tomaz","link":"https://stackoverflow.com/users/21490208/tomaz"},"is_answered":true,"view_count":42,"accepted_answer_id":76064311,"answer_count":1,"score":2,"last_activity_date":1681995339,"creation_date":1681962542,"question_id":76060437,"content_license":"CC BY-SA 4.0","link":"https://stackoverflow.com/questions/76060437/arbfloat-package-in-julia","title":"ArbFloat package in julia"},{"tags":["javascript","node.js","reactjs","webpack","rollup"],"owner":{"account_id":28355883,"reputation":21,"user_id":21686641,"user_type":"registered","profile_image":"https://www.gravatar.com/avatar/c904221d647415d2dd4b3754b4f65b12?s=256&d=identicon&r=PG&f=y&so-version=2","display_name":"liam-fed","link":"https://stackoverflow.com/users/21686641/liam-fed"},"is_answered":false,"view_count":36,"answer_count":0,"score":2,"last_activity_date":1681962615,"creation_date":1681962529,"last_edit_date":1681962615,"question_id":76060435,"content_license":"CC BY-SA 4.0","link":"https://stackoverflow.com/questions/76060435/issues-with-rollup-build-process-argv","title":"Issues with rollup build process.argv"},{"tags":["c++","pointers"],"owner":{"account_id":28126400,"reputation":9,"user_id":21491714,"user_type":"registered","profile_image":"https://www.gravatar.com/avatar/6b65533667c7cc2acac91f8934f4d4fe?s=256&d=identicon&r=PG&f=y&so-version=2","display_name":"Lisa","link":"https://stackoverflow.com/users/21491714/lisa"},"is_answered":true,"view_count":205,"answer_count":2,"score":0,"last_activity_date":1681963510,"creation_date":1681962511,"last_edit_date":1681962863,"question_id":76060433,"content_license":"CC BY-SA 4.0","link":"https://stackoverflow.com/questions/76060433/what-does-it-mean-in-c-int-p-inta1","title":"What does it mean in C++? int *p=(int*)(&amp;a+1)"},{"tags":["bash","unix"],"owner":{"account_id":28355646,"reputation":13,"user_id":21686439,"user_type":"registered","profile_image":"https://www.gravatar.com/avatar/9fa97fd0df757f0a53b5b4bc23a2311d?s=256&d=identicon&r=PG&f=y&so-version=2","display_name":"Christian","link":"https://stackoverflow.com/users/21686439/christian"},"is_answered":true,"view_count":33,"accepted_answer_id":76060534,"answer_count":2,"score":1,"last_activity_date":1681976069,"creation_date":1681962488,"last_edit_date":1681962545,"question_id":76060430,"content_license":"CC BY-SA 4.0","link":"https://stackoverflow.com/questions/76060430/concat-string-in-2nd-column-if-a-condition-is-satisfied-using-sed-bash","title":"Concat string in 2nd column if a condition is satisfied using sed bash"},{"tags":["google-apps-script","web-applications"],"owner":{"account_id":22602867,"reputation":15,"user_id":16784320,"user_type":"registered","profile_image":"https://i.stack.imgur.com/lpwba.jpg?s=256&g=1","display_name":"miwa","link":"https://stackoverflow.com/users/16784320/miwa"},"is_answered":false,"view_count":100,"answer_count":0,"score":0,"last_activity_date":1682304165,"creation_date":1681962484,"last_edit_date":1682047834,"question_id":76060429,"content_license":"CC BY-SA 4.0","link":"https://stackoverflow.com/questions/76060429/about-access-restriction-of-web-app-on-google-apps-script","title":"About Access Restriction of Web App on Google Apps Script"},{"tags":["ios","firebase","google-cloud-functions","google-cloud-messaging"],"owner":{"account_id":20568283,"reputation":13,"user_id":15097124,"user_type":"registered","profile_image":"https://www.gravatar.com/avatar/ffb8c6cf45aa6661b9c8aae026a89a32?s=256&d=identicon&r=PG","display_name":"Mohammed","link":"https://stackoverflow.com/users/15097124/mohammed"},"is_answered":true,"view_count":42,"accepted_answer_id":76060459,"answer_count":1,"score":0,"last_activity_date":1681962954,"creation_date":1681962466,"question_id":76060428,"content_license":"CC BY-SA 4.0","link":"https://stackoverflow.com/questions/76060428/cloud-messaging-with-cloud-function","title":"Cloud messaging with cloud function"},{"tags":["multithreading","concurrency","distributed-system"],"owner":{"account_id":23891253,"reputation":313,"user_id":17890874,"user_type":"registered","profile_image":"https://www.gravatar.com/avatar/517865fbf6d7206ed7ec4da5feb8a3bd?s=256&d=identicon&r=PG","display_name":"macomphy","link":"https://stackoverflow.com/users/17890874/macomphy"},"is_answered":false,"view_count":17,"answer_count":0,"score":0,"last_activity_date":1681962380,"creation_date":1681962380,"question_id":76060423,"content_license":"CC BY-SA 4.0","link":"https://stackoverflow.com/questions/76060423/do-thread-safe-has-relation-with-consistency-in-destructed-system","title":"Do thread-safe has relation with consistency in destructed system?"},{"tags":["python","flask","flask-sqlalchemy"],"owner":{"account_id":19547095,"reputation":27,"user_id":14303573,"user_type":"registered","profile_image":"https://www.gravatar.com/avatar/5c45ba09a0393afd355d7d4623624f2f?s=256&d=identicon&r=PG&f=y&so-version=2","display_name":"fletcher.l.collins","link":"https://stackoverflow.com/users/14303573/fletcher-l-collins"},"is_answered":false,"view_count":35,"answer_count":0,"score":1,"last_activity_date":1682083086,"creation_date":1681962368,"last_edit_date":1682083086,"question_id":76060422,"content_license":"CC BY-SA 4.0","link":"https://stackoverflow.com/questions/76060422/cannot-import-using-relative-imports-with-flask","title":"Cannot import using relative imports with flask"},{"tags":["swift","swiftui","observableobject","environmentobject"],"owner":{"account_id":20399357,"reputation":15,"user_id":14965459,"user_type":"registered","profile_image":"https://lh3.googleusercontent.com/a-/AOh14GhiOVmcAJnTifWOOqK_COuiv7eWVp5RCLzr_y7j=k-s256","display_name":"Ansh Patel","link":"https://stackoverflow.com/users/14965459/ansh-patel"},"is_answered":true,"view_count":64,"accepted_answer_id":76066244,"answer_count":1,"score":0,"last_activity_date":1682007249,"creation_date":1681962336,"last_edit_date":1681979929,"question_id":76060419,"content_license":"CC BY-SA 4.0","link":"https://stackoverflow.com/questions/76060419/fatal-error-no-observableobject-of-type-iconnames-found-a-view-environmentobje","title":"Fatal error: No ObservableObject of type IconNames found. A View.environmentObject(_:) for IconNames may be missing as an ancestor of this view"},{"tags":["sparql","dbpedia","geography","linked-data"],"owner":{"account_id":11207678,"reputation":119,"user_id":8222765,"user_type":"registered","profile_image":"https://lh4.googleusercontent.com/-vVreXfxhzLs/AAAAAAAAAAI/AAAAAAAAAC8/RTF5k0IlDJA/photo.jpg?sz=256","display_name":"Michael DeBellis","link":"https://stackoverflow.com/users/8222765/michael-debellis"},"is_answered":false,"view_count":25,"answer_count":0,"score":0,"last_activity_date":1681962325,"creation_date":1681962325,"question_id":76060418,"content_license":"CC BY-SA 4.0","link":"https://stackoverflow.com/questions/76060418/dbpedia-query-not-returning-all-i-need","title":"DBPedia Query not returning All I need"},{"tags":["testcase","jira-zephyr"],"owner":{"account_id":28355895,"reputation":1,"user_id":21686652,"user_type":"registered","profile_image":"https://lh3.googleusercontent.com/a/AGNmyxbnudsZI1qHdrPJ7PUsDdFcfa6sCiL2k0xaecpY=k-s256","display_name":"user21686652","link":"https://stackoverflow.com/users/21686652/user21686652"},"is_answered":false,"view_count":17,"answer_count":0,"score":0,"last_activity_date":1681962323,"creation_date":1681962323,"question_id":76060417,"content_license":"CC BY-SA 4.0","link":"https://stackoverflow.com/questions/76060417/i-am-unable-to-search-imported-test-cases-from-excel-to-zephy-scale-in-jira","title":"I am unable to search imported test cases from excel to Zephy Scale in Jira?"},{"tags":["surveyjs"],"owner":{"account_id":9521901,"reputation":207,"user_id":7076477,"user_type":"registered","accept_rate":55,"profile_image":"https://i.stack.imgur.com/BsHug.png?s=256&g=1","display_name":"Sai Krishna","link":"https://stackoverflow.com/users/7076477/sai-krishna"},"is_answered":false,"view_count":25,"answer_count":0,"score":0,"last_activity_date":1681964926,"creation_date":1681962293,"question_id":76060414,"content_license":"CC BY-SA 4.0","link":"https://stackoverflow.com/questions/76060414/how-to-get-a-radio-question-answer-text-using-jquery-in-surveyjs","title":"How to get a radio question answer text using jQuery in SurveyJS"},{"tags":["sql","mysql","dbeaver"],"owner":{"account_id":28159176,"reputation":26,"user_id":21519409,"user_type":"registered","profile_image":"https://i.stack.imgur.com/2vC5K.jpg?s=256&g=1","display_name":"Kenan Gain","link":"https://stackoverflow.com/users/21519409/kenan-gain"},"is_answered":false,"view_count":1636,"answer_count":1,"score":0,"last_activity_date":1681966075,"creation_date":1681962214,"last_edit_date":1681963663,"question_id":76060411,"content_license":"CC BY-SA 4.0","link":"https://stackoverflow.com/questions/76060411/how-to-use-triggers-and-implement-them-in-dbeaver","title":"how to use triggers and implement them in dbeaver?"},{"tags":["r","parquet","rust-polars"],"owner":{"account_id":551918,"reputation":11,"user_id":3216920,"user_type":"registered","profile_image":"https://www.gravatar.com/avatar/cb73602440b2b25c87328954f7e1c804?s=256&d=identicon&r=PG","display_name":"ekleins","link":"https://stackoverflow.com/users/3216920/ekleins"},"is_answered":false,"view_count":246,"answer_count":0,"score":0,"last_activity_date":1681967684,"creation_date":1681962195,"last_edit_date":1681967684,"question_id":76060409,"content_license":"CC BY-SA 4.0","link":"https://stackoverflow.com/questions/76060409/is-it-possible-to-read-a-parquet-file-from-a-public-s3-bucket-using-r-polars","title":"Is it possible to read a parquet file from a public S3 bucket using R-polars?"},{"tags":["python","api","kucoin"],"owner":{"account_id":25882628,"reputation":11,"user_id":19611398,"user_type":"registered","profile_image":"https://www.gravatar.com/avatar/b0f04060a330d5f80049ca033cfcaaa4?s=256&d=identicon&r=PG&f=y&so-version=2","display_name":"Dubem Nwokike","link":"https://stackoverflow.com/users/19611398/dubem-nwokike"},"is_answered":false,"view_count":114,"answer_count":0,"score":1,"last_activity_date":1681962229,"creation_date":1681962178,"last_edit_date":1681962229,"question_id":76060407,"content_license":"CC BY-SA 4.0","link":"https://stackoverflow.com/questions/76060407/python-code-to-make-spot-order-with-kucoin-api","title":"Python code to make spot order with Kucoin api"},{"tags":["clang","libtooling"],"owner":{"account_id":2151704,"reputation":354,"user_id":1907916,"user_type":"registered","accept_rate":100,"profile_image":"https://i.stack.imgur.com/QmRij.jpg?s=256&g=1","display_name":"Bhushan","link":"https://stackoverflow.com/users/1907916/bhushan"},"is_answered":false,"view_count":78,"answer_count":1,"score":1,"last_activity_date":1690031906,"creation_date":1681962175,"question_id":76060406,"content_license":"CC BY-SA 4.0","link":"https://stackoverflow.com/questions/76060406/clang-libtooling-ppcallbacks-only-for-defines-in-main-source-file","title":"clang libtooling: PPCallbacks only for defines in main source file"},{"tags":["postgresql"],"owner":{"account_id":4838809,"reputation":1091,"user_id":3904501,"user_type":"registered","profile_image":"https://i.stack.imgur.com/vLirW.jpg?s=256&g=1","display_name":"nmakb","link":"https://stackoverflow.com/users/3904501/nmakb"},"is_answered":false,"view_count":31,"answer_count":0,"score":0,"last_activity_date":1681962142,"creation_date":1681962142,"question_id":76060403,"content_license":"CC BY-SA 4.0","link":"https://stackoverflow.com/questions/76060403/postgres-vacuum-cleaning-for-long-running-sessions","title":"postgres vacuum cleaning for long running sessions"},{"tags":["amazon-web-services","aws-lambda","aws-api-gateway"],"owner":{"account_id":19228287,"reputation":1,"user_id":14050710,"user_type":"registered","profile_image":"https://www.gravatar.com/avatar/43af5daf823ddc35a756cbeb63d00637?s=256&d=identicon&r=PG&f=y&so-version=2","display_name":"bobbyt27","link":"https://stackoverflow.com/users/14050710/bobbyt27"},"is_answered":false,"view_count":73,"answer_count":1,"score":0,"last_activity_date":1681974001,"creation_date":1681962025,"question_id":76060394,"content_license":"CC BY-SA 4.0","link":"https://stackoverflow.com/questions/76060394/aws-api-gateway-access-control-allow-origin-not-being-sent-back","title":"AWS API Gateway Access-Control-Allow-Origin not being sent back"},{"tags":["javascript","google-analytics","google-tag-manager"],"owner":{"account_id":338814,"reputation":2015,"user_id":667903,"user_type":"registered","accept_rate":68,"profile_image":"https://www.gravatar.com/avatar/5bee4e3e9b196090fd4fde76977beae6?s=256&d=identicon&r=PG","display_name":"Steve","link":"https://stackoverflow.com/users/667903/steve"},"is_answered":true,"view_count":182,"accepted_answer_id":76106870,"answer_count":1,"score":1,"last_activity_date":1682478260,"creation_date":1681962017,"last_edit_date":1682477862,"question_id":76060393,"content_license":"CC BY-SA 4.0","link":"https://stackoverflow.com/questions/76060393/google-analytics-4-gtm-js-not-firing","title":"Google Analytics 4 gtm.js not firing"}],"has_more":true,"quota_max":300,"quota_remaining":270}