{"items":[{"tags":["pine-script-v5"],"owner":{"account_id":28142655,"reputation":1,"user_id":21505455,"user_type":"registered","profile_image":"https://lh3.googleusercontent.com/a/AGNmyxax0uU0ozDmGXxM3PPWAjBO8ex6Qtpypry33hYBxA=k-s256","display_name":"Partha Sarkar","link":"https://stackoverflow.com/users/21505455/partha-sarkar"},"is_answered":false,"view_count":47,"answer_count":0,"score":0,"last_activity_date":1679989835,"creation_date":1679957997,"last_edit_date":1679989835,"question_id":75861071,"content_license":"CC BY-SA 4.0","link":"https://stackoverflow.com/questions/75861071/unable-to-compile-the-script","title":"Unable to compile the script"},{"tags":["join","discord"],"owner":{"account_id":28142660,"reputation":1,"user_id":21505460,"user_type":"registered","profile_image":"https://i.stack.imgur.com/LoPQ0.jpg?s=256&g=1","display_name":"Vince","link":"https://stackoverflow.com/users/21505460/vince"},"is_answered":false,"view_count":68,"answer_count":0,"score":0,"last_activity_date":1679957980,"creation_date":1679957980,"question_id":75861069,"content_license":"CC BY-SA 4.0","link":"https://stackoverflow.com/questions/75861069/discord-verification-in-joining-servers","title":"Discord Verification in Joining Servers"},{"tags":["c++","driver"],"owner":{"account_id":16637985,"reputation":1,"user_id":12024233,"user_type":"registered","profile_image":"https://www.gravatar.com/avatar/77d0de4c0094f9bd5e1035816113a2c6?s=256&d=identicon&r=PG&f=y&so-version=2","display_name":"Kronches","link":"https://stackoverflow.com/users/12024233/kronches"},"is_answered":false,"view_count":79,"answer_count":0,"score":0,"last_activity_date":1679971952,"creation_date":1679957954,"last_edit_date":1679971952,"question_id":75861068,"content_license":"CC BY-SA 4.0","link":"https://stackoverflow.com/questions/75861068/c-e0144-driver-development-prtl-process-module-information","title":"C++ E0144 | Driver development | PRTL_PROCESS_MODULE_INFORMATION"},{"tags":["windows","cmake","environment-variables","cmake-gui"],"owner":{"account_id":323607,"reputation":10657,"user_id":2023370,"user_type":"registered","accept_rate":78,"profile_image":"https://www.gravatar.com/avatar/7779e99cf4d88bf6792a7e4238c610ec?s=256&d=identicon&r=PG&f=y&so-version=2","display_name":"user2023370","link":"https://stackoverflow.com/users/2023370/user2023370"},"is_answered":false,"view_count":118,"answer_count":0,"score":0,"last_activity_date":1679957914,"creation_date":1679957914,"question_id":75861063,"content_license":"CC BY-SA 4.0","link":"https://stackoverflow.com/questions/75861063/cmake-gui-cant-specify-vcpkg-toolchain-using-vcpkg-root","title":"CMake GUI can&#39;t specify vcpkg toolchain using %VCPKG_ROOT%"},{"tags":["javascript","leaflet"],"owner":{"account_id":9999265,"reputation":17,"user_id":7395834,"user_type":"registered","profile_image":"https://www.gravatar.com/avatar/6da2e80dd585d4df06df3804e606eadb?s=256&d=identicon&r=PG&f=y&so-version=2","display_name":"Malwafro","link":"https://stackoverflow.com/users/7395834/malwafro"},"is_answered":false,"view_count":42,"answer_count":0,"score":0,"last_activity_date":1679959878,"creation_date":1679957911,"last_edit_date":1679959878,"question_id":75861062,"content_license":"CC BY-SA 4.0","link":"https://stackoverflow.com/questions/75861062/how-to-center-tooltip-when-i-am-using-divicon-in-leaflet","title":"How to center tooltip when I am using divIcon in leaflet"},{"tags":["python","parallel-processing","python-multiprocessing","python-multithreading","concurrent.futures"],"owner":{"account_id":18441635,"reputation":127,"user_id":14636031,"user_type":"registered","profile_image":"https://i.stack.imgur.com/D9h19.jpg?s=256&g=1","display_name":"Olivia","link":"https://stackoverflow.com/users/14636031/olivia"},"is_answered":true,"view_count":62,"accepted_answer_id":75861279,"answer_count":1,"score":0,"last_activity_date":1680120988,"creation_date":1679957904,"last_edit_date":1680120988,"question_id":75861060,"content_license":"CC BY-SA 4.0","link":"https://stackoverflow.com/questions/75861060/parallelization-of-large-tasks-in-python-function","title":"Parallelization of large tasks in Python function"},{"tags":["javascript","async-await"],"owner":{"account_id":14534468,"reputation":153,"user_id":14430600,"user_type":"registered","profile_image":"https://www.gravatar.com/avatar/ae3365ebeff767733d3159a0b0fd34b6?s=256&d=identicon&r=PG&f=y&so-version=2","display_name":"Neret","link":"https://stackoverflow.com/users/14430600/neret"},"is_answered":false,"view_count":23,"closed_date":1679958380,"answer_count":0,"score":0,"last_activity_date":1679957856,"creation_date":1679957856,"question_id":75861056,"link":"https://stackoverflow.com/questions/75861056/execution-order-with-async","closed_reason":"Duplicate","title":"Execution order with async"},{"tags":["onflow-cadence"],"owner":{"account_id":3677240,"reputation":386,"user_id":3063063,"user_type":"registered","profile_image":"https://www.gravatar.com/avatar/8e09c05f5daddea138ce824ba1b9f449?s=256&d=identicon&r=PG&f=y&so-version=2","display_name":"Jamil R Khan","link":"https://stackoverflow.com/users/3063063/jamil-r-khan"},"is_answered":true,"view_count":50,"answer_count":1,"score":1,"last_activity_date":1680190641,"creation_date":1679957847,"last_edit_date":1680190641,"question_id":75861055,"content_license":"CC BY-SA 4.0","link":"https://stackoverflow.com/questions/75861055/on-the-flow-blockchain-what-guarantees-do-we-have-on-field-visibility-on-concurr","title":"On the Flow Blockchain what guarantees do we have on field visibility on concurrent transactions"},{"tags":["sql","postgresql","recursive-cte"],"owner":{"account_id":994669,"reputation":2685,"user_id":1010943,"user_type":"registered","accept_rate":64,"profile_image":"https://i.stack.imgur.com/yS8jR.jpg?s=256&g=1","display_name":"mu_sa","link":"https://stackoverflow.com/users/1010943/mu-sa"},"is_answered":true,"view_count":44,"accepted_answer_id":75861421,"answer_count":1,"score":-1,"last_activity_date":1679963336,"creation_date":1679957830,"last_edit_date":1679958268,"question_id":75861051,"content_license":"CC BY-SA 4.0","link":"https://stackoverflow.com/questions/75861051/finding-salary-of-all-the-employee-of-all-the-supervisor-where-supervisor-can-ha","title":"Finding salary of all the employee of all the supervisor where supervisor can have supervisor"},{"tags":["amazon-web-services","amazon-ecs","amazon-ecr"],"owner":{"account_id":3394046,"reputation":10913,"user_id":2848189,"user_type":"registered","profile_image":"https://i.stack.imgur.com/Sy43q.png?s=256&g=1","display_name":"Alejandro Veintimilla","link":"https://stackoverflow.com/users/2848189/alejandro-veintimilla"},"is_answered":false,"view_count":244,"answer_count":0,"score":0,"last_activity_date":1679957812,"creation_date":1679957812,"question_id":75861050,"content_license":"CC BY-SA 4.0","link":"https://stackoverflow.com/questions/75861050/aws-how-can-i-check-if-the-image-running-in-ecr-is-an-ami-image","title":"AWS. How can I check if the image running in ECR is an AMI image"},{"tags":["ruby","signals"],"owner":{"account_id":2005447,"reputation":3070,"user_id":1795483,"user_type":"registered","accept_rate":73,"profile_image":"https://i.stack.imgur.com/tDYbt.jpg?s=256&g=1","display_name":"David Ljung Madison Stellar","link":"https://stackoverflow.com/users/1795483/david-ljung-madison-stellar"},"is_answered":false,"view_count":51,"answer_count":0,"score":0,"last_activity_date":1679957798,"creation_date":1679957798,"question_id":75861048,"content_license":"CC BY-SA 4.0","link":"https://stackoverflow.com/questions/75861048/ruby-getting-sigbus-on-a-simple-io-popen-loop","title":"ruby: Getting SIGBUS on a simple IO.popen loop?"},{"tags":["regex","file","parsing","text","julia"],"owner":{"account_id":6329413,"reputation":143,"user_id":4914751,"user_type":"registered","profile_image":"https://i.stack.imgur.com/6IxG4.jpg?s=256&g=1","display_name":"MonteNero","link":"https://stackoverflow.com/users/4914751/montenero"},"is_answered":false,"view_count":59,"answer_count":0,"score":3,"last_activity_date":1679957783,"creation_date":1679957783,"question_id":75861047,"content_license":"CC BY-SA 4.0","link":"https://stackoverflow.com/questions/75861047/parsing-quantum-assembly-language-text-files-in-julia","title":"Parsing Quantum Assembly Language text files in Julia"},{"tags":["bash","perl","makefile"],"owner":{"account_id":28070483,"reputation":33,"user_id":21505289,"user_type":"registered","profile_image":"https://lh3.googleusercontent.com/a/AGNmyxYoXCI2fnaSBfZk92OhV1DGjnKaiDxFMan9kNVy=k-s256","display_name":"anony mous","link":"https://stackoverflow.com/users/21505289/anony-mous"},"is_answered":true,"view_count":92,"accepted_answer_id":75868155,"answer_count":2,"score":3,"last_activity_date":1681239112,"creation_date":1679957773,"last_edit_date":1679958246,"question_id":75861043,"content_license":"CC BY-SA 4.0","link":"https://stackoverflow.com/questions/75861043/how-can-i-write-a-makefile-for-a-custom-bash-command-with-a-perl-library","title":"How can I write a makefile for a custom bash command with a Perl library"},{"tags":["python","tkinter"],"owner":{"account_id":115673,"reputation":1263,"user_id":303624,"user_type":"registered","accept_rate":35,"profile_image":"https://www.gravatar.com/avatar/472507810fe63563d97c4975695ee2f4?s=256&d=identicon&r=PG","display_name":"David Matuszek","link":"https://stackoverflow.com/users/303624/david-matuszek"},"is_answered":false,"view_count":78,"answer_count":1,"score":0,"last_activity_date":1679964269,"creation_date":1679957767,"last_edit_date":1679958410,"question_id":75861042,"content_license":"CC BY-SA 4.0","link":"https://stackoverflow.com/questions/75861042/tkinter-buttons-disappear-when-window-is-resized","title":"Tkinter buttons disappear when window is resized"},{"tags":["ios","reactjs","react-native"],"owner":{"account_id":26603797,"reputation":154,"user_id":20225016,"user_type":"registered","profile_image":"https://www.gravatar.com/avatar/c40ca9e5c3b2906a81a49e2f203b6417?s=256&d=identicon&r=PG","display_name":"deekep","link":"https://stackoverflow.com/users/20225016/deekep"},"is_answered":true,"view_count":440,"answer_count":2,"score":0,"last_activity_date":1680033046,"creation_date":1679957727,"question_id":75861037,"content_license":"CC BY-SA 4.0","link":"https://stackoverflow.com/questions/75861037/modal-window-react-native","title":"Modal window react-native"},{"tags":["avr","atmel","avrdude"],"owner":{"account_id":24277243,"reputation":9,"user_id":18224383,"user_type":"registered","profile_image":"https://www.gravatar.com/avatar/32e3cdffbb181c759d223accdd3b2b89?s=256&d=identicon&r=PG","display_name":"permanentnydebet","link":"https://stackoverflow.com/users/18224383/permanentnydebet"},"is_answered":true,"view_count":124,"answer_count":1,"score":0,"last_activity_date":1680108734,"creation_date":1679957710,"last_edit_date":1680108734,"question_id":75861036,"content_license":"CC BY-SA 4.0","link":"https://stackoverflow.com/questions/75861036/cant-communicate-with-attiny13a-after-set-128khz-internat-rc","title":"Can&#39;t communicate with ATtiny13a after set 128kHz internat RC"},{"tags":["r","ggplot2","dot-plot"],"owner":{"account_id":22421448,"reputation":153,"user_id":16628664,"user_type":"registered","profile_image":"https://www.gravatar.com/avatar/68dc6490829825e31f6b970dc90c43af?s=256&d=identicon&r=PG&f=y&so-version=2","display_name":"Santiago99","link":"https://stackoverflow.com/users/16628664/santiago99"},"is_answered":true,"view_count":70,"accepted_answer_id":75861131,"answer_count":2,"score":0,"last_activity_date":1679958906,"creation_date":1679957606,"last_edit_date":1679958906,"question_id":75861029,"content_license":"CC BY-SA 4.0","link":"https://stackoverflow.com/questions/75861029/how-to-reorder-a-dot-plot-in-r","title":"How to reorder a dot plot in R"},{"tags":["javascript","google-calendar-api"],"owner":{"account_id":28142253,"reputation":11,"user_id":21505117,"user_type":"registered","profile_image":"https://www.gravatar.com/avatar/f03bbc78988088dbf83529e3a72a8099?s=256&d=identicon&r=PG&f=y&so-version=2","display_name":"bluetooth16","link":"https://stackoverflow.com/users/21505117/bluetooth16"},"is_answered":false,"view_count":213,"answer_count":1,"score":0,"last_activity_date":1680461501,"creation_date":1679957551,"question_id":75861028,"content_license":"CC BY-SA 4.0","link":"https://stackoverflow.com/questions/75861028/setting-up-a-watch-notification-in-javascript-for-google-calendar","title":"Setting up a watch notification in javascript for Google calendar"},{"tags":["javascript","fetch-api"],"owner":{"account_id":56672,"reputation":7820,"user_id":169774,"user_type":"registered","accept_rate":76,"profile_image":"https://www.gravatar.com/avatar/ef760e2a9a24b58476207635c21730f9?s=256&d=identicon&r=PG","display_name":"Mick","link":"https://stackoverflow.com/users/169774/mick"},"is_answered":true,"view_count":68,"closed_date":1679957853,"accepted_answer_id":75861057,"answer_count":2,"score":-2,"last_activity_date":1679992366,"creation_date":1679957502,"last_edit_date":1679992366,"question_id":75861023,"link":"https://stackoverflow.com/questions/75861023/fetch-within-loop-how-to-access-loop-counter","closed_reason":"Duplicate","title":"fetch within loop, how to access loop counter"},{"tags":["r","plot","plotly"],"owner":{"account_id":28142419,"reputation":1,"user_id":21505248,"user_type":"registered","profile_image":"https://www.gravatar.com/avatar/a399f7a5b1e0cdae06c2ffebf35042a1?s=256&d=identicon&r=PG&f=y&so-version=2","display_name":"user21505248","link":"https://stackoverflow.com/users/21505248/user21505248"},"is_answered":false,"view_count":93,"answer_count":1,"score":0,"last_activity_date":1679958262,"creation_date":1679957483,"last_edit_date":1679958262,"question_id":75861020,"content_license":"CC BY-SA 4.0","link":"https://stackoverflow.com/questions/75861020/unexpected-legend-and-values-in-plotly-graphs-with-buttons","title":"Unexpected Legend and Values in Plotly Graphs with Buttons"},{"tags":["python","python-3.x","pip"],"owner":{"account_id":11286514,"reputation":81,"user_id":8277282,"user_type":"registered","profile_image":"https://lh6.googleusercontent.com/-zDvUiOeezbo/AAAAAAAAAAI/AAAAAAAAA3M/dzBhRIV75jk/photo.jpg?sz=256","display_name":"Kareem Amr","link":"https://stackoverflow.com/users/8277282/kareem-amr"},"is_answered":false,"view_count":150,"answer_count":0,"score":1,"last_activity_date":1679957448,"creation_date":1679957448,"question_id":75861017,"content_license":"CC BY-SA 4.0","link":"https://stackoverflow.com/questions/75861017/cant-install-python-library-hopsworks-running-setup-py-install-did-not-run-suc","title":"Can&#39;t install python library hopsworks. Running setup.py install did not run successfully"},{"tags":["powershell","pulumi","pulumi-azure"],"owner":{"account_id":1272510,"reputation":4518,"user_id":1228479,"user_type":"registered","accept_rate":79,"profile_image":"https://www.gravatar.com/avatar/038f822e54cb858a329ebb61d3ab11e9?s=256&d=identicon&r=PG","display_name":"dushyantp","link":"https://stackoverflow.com/users/1228479/dushyantp"},"is_answered":false,"view_count":76,"answer_count":0,"score":0,"last_activity_date":1679957398,"creation_date":1679957398,"question_id":75861012,"content_license":"CC BY-SA 4.0","link":"https://stackoverflow.com/questions/75861012/set-csproj-folder-as-pulumi-working-directory-once","title":"Set csproj folder as Pulumi working directory once"},{"tags":["javascript","html","css","linear-gradients"],"owner":{"account_id":27905238,"reputation":175,"user_id":21308604,"user_type":"registered","profile_image":"https://www.gravatar.com/avatar/e010831cb86083aa7d5c3762120255ce?s=256&d=identicon&r=PG","display_name":"nlblack323","link":"https://stackoverflow.com/users/21308604/nlblack323"},"is_answered":true,"view_count":25,"accepted_answer_id":75861102,"answer_count":1,"score":0,"last_activity_date":1679958500,"creation_date":1679957397,"last_edit_date":1679957704,"question_id":75861011,"content_license":"CC BY-SA 4.0","link":"https://stackoverflow.com/questions/75861011/linear-gradient-behavior-changes-upon-element-cloning","title":"Linear gradient behavior changes upon element cloning"},{"tags":[".net","webassembly","uno-platform"],"owner":{"account_id":28139529,"reputation":40,"user_id":21502811,"user_type":"registered","profile_image":"https://www.gravatar.com/avatar/668a27d1e4ec59b37c9395e100413990?s=256&d=identicon&r=PG&f=y&so-version=2","display_name":"teop","link":"https://stackoverflow.com/users/21502811/teop"},"is_answered":true,"view_count":168,"accepted_answer_id":75913883,"answer_count":1,"score":2,"last_activity_date":1684957090,"creation_date":1679957390,"last_edit_date":1679960791,"question_id":75861010,"content_license":"CC BY-SA 4.0","link":"https://stackoverflow.com/questions/75861010/does-uno-platform-convert-xaml-to-html-or-to-c-when-building-for-web-with-wasm","title":"Does uno-platform convert xaml to html or to c# when building for web with wasm?"},{"tags":["c#","wpf","unity-game-engine"],"owner":{"account_id":21061289,"reputation":37,"user_id":15479626,"user_type":"registered","profile_image":"https://www.gravatar.com/avatar/f2465e4f5038b173d3fccf627e7219aa?s=256&d=identicon&r=PG&f=y&so-version=2","display_name":"Heavy Metal Drummer","link":"https://stackoverflow.com/users/15479626/heavy-metal-drummer"},"is_answered":false,"view_count":144,"answer_count":0,"score":0,"last_activity_date":1680018743,"creation_date":1679957383,"last_edit_date":1680018743,"question_id":75861009,"content_license":"CC BY-SA 4.0","link":"https://stackoverflow.com/questions/75861009/how-to-execute-unity-game-in-wpf-application","title":"How to execute Unity game in WPF application?"},{"tags":["flutter","linkify"],"owner":{"account_id":229098,"reputation":870,"user_id":491816,"user_type":"registered","accept_rate":0,"profile_image":"https://www.gravatar.com/avatar/c68dcaaa0d308956907a9d43317aaef6?s=256&d=identicon&r=PG","display_name":"nAndroid","link":"https://stackoverflow.com/users/491816/nandroid"},"is_answered":false,"view_count":132,"answer_count":2,"score":1,"last_activity_date":1679979913,"creation_date":1679957368,"question_id":75861006,"content_license":"CC BY-SA 4.0","link":"https://stackoverflow.com/questions/75861006/how-do-i-automatically-convert-addresses-into-clickable-links-in-flutter","title":"How do i automatically convert addresses into clickable links in flutter?"},{"tags":["reactjs","next.js13"],"owner":{"account_id":24723664,"reputation":63,"user_id":18612414,"user_type":"registered","profile_image":"https://www.gravatar.com/avatar/543126208475f85bb4f0a076027ec1ba?s=256&d=identicon&r=PG","display_name":"Tom&#225;s","link":"https://stackoverflow.com/users/18612414/tom%c3%a1s"},"is_answered":true,"view_count":6421,"answer_count":3,"score":5,"last_activity_date":1698419299,"creation_date":1679957359,"question_id":75861004,"content_license":"CC BY-SA 4.0","link":"https://stackoverflow.com/questions/75861004/accessing-search-params-from-layout-or-component-file-in-next-js-13","title":"Accessing search Params from Layout or Component File in Next.JS 13"},{"tags":["flutter","dart","code-generation","circular-dependency","circular-reference"],"owner":{"account_id":14464123,"reputation":81,"user_id":10448106,"user_type":"registered","profile_image":"https://www.gravatar.com/avatar/6cf7b4c912d2fa61b0fba3505e70dd05?s=256&d=identicon&r=PG&f=y&so-version=2","display_name":"Red Root","link":"https://stackoverflow.com/users/10448106/red-root"},"is_answered":true,"view_count":165,"accepted_answer_id":75861259,"answer_count":2,"score":1,"last_activity_date":1680020752,"creation_date":1679957358,"last_edit_date":1680020752,"question_id":75861003,"content_license":"CC BY-SA 4.0","link":"https://stackoverflow.com/questions/75861003/constant-expression-depends-on-itself-dart-circular-dependency","title":"Constant expression depends on itself. Dart circular dependency"},{"tags":["python-3.x","flask","scikit-learn","virtual-machine","debian-based"],"owner":{"account_id":9387213,"reputation":31,"user_id":7947122,"user_type":"registered","profile_image":"https://lh4.googleusercontent.com/-mBEiI_cN8xM/AAAAAAAAAAI/AAAAAAAAAj8/pvJoAsaY3A4/photo.jpg?sz=256","display_name":"Sarmad Rezayat","link":"https://stackoverflow.com/users/7947122/sarmad-rezayat"},"is_answered":false,"view_count":92,"answer_count":1,"score":0,"last_activity_date":1680167579,"creation_date":1679957342,"question_id":75861000,"content_license":"CC BY-SA 4.0","link":"https://stackoverflow.com/questions/75861000/problem-with-building-scikit-learn-for-flask-api-on-debian-vm","title":"Problem with building Scikit-Learn for flask api on debian VM"},{"tags":["gradle","gatling","buildship","gatling-plugin"],"owner":{"account_id":8770150,"reputation":90,"user_id":6557264,"user_type":"registered","profile_image":"https://www.gravatar.com/avatar/09736ab9c1459420e4080bc7ea60e7cc?s=256&d=identicon&r=PG&f=y&so-version=2","display_name":"Alessandro Leo","link":"https://stackoverflow.com/users/6557264/alessandro-leo"},"is_answered":false,"view_count":61,"answer_count":0,"score":0,"last_activity_date":1680345108,"creation_date":1679957223,"last_edit_date":1680345108,"question_id":75860994,"content_license":"CC BY-SA 4.0","link":"https://stackoverflow.com/questions/75860994/buildship-doesnt-import-dependency-declared-by-plugin","title":"Buildship doesn&#39;t import dependency declared by plugin"}],"has_more":true,"quota_max":300,"quota_remaining":127}