{"items":[{"tags":["javascript","inheritance"],"owner":{"account_id":16509618,"reputation":301,"user_id":11928769,"user_type":"registered","profile_image":"https://www.gravatar.com/avatar/580d3ca7c28de13f2cc8debe433bc343?s=256&d=identicon&r=PG&f=y&so-version=2","display_name":"echo Lee","link":"https://stackoverflow.com/users/11928769/echo-lee"},"is_answered":false,"view_count":40,"answer_count":0,"score":0,"last_activity_date":1682892612,"creation_date":1682891870,"question_id":76143735,"content_license":"CC BY-SA 4.0","link":"https://stackoverflow.com/questions/76143735/run-a-common-method-in-all-child-classes","title":"run a common method in all child classes"},{"tags":["visual-studio","xunit","project-reference"],"owner":{"account_id":9471788,"reputation":137,"user_id":7042431,"user_type":"registered","profile_image":"https://www.gravatar.com/avatar/44196062003924a25812cf58bdd97ecb?s=256&d=identicon&r=PG&f=y&so-version=2","display_name":"Thomas Slade","link":"https://stackoverflow.com/users/7042431/thomas-slade"},"is_answered":false,"view_count":113,"answer_count":0,"score":0,"last_activity_date":1682891815,"creation_date":1682891815,"question_id":76143732,"content_license":"CC BY-SA 4.0","link":"https://stackoverflow.com/questions/76143732/xunit-project-cant-reference-project-referenced-by-the-project-its-testing","title":"XUnit project can&#39;t reference project referenced by the project it&#39;s testing"},{"tags":["go","goland"],"owner":{"account_id":15595658,"reputation":119,"user_id":11559081,"user_type":"registered","profile_image":"https://lh3.googleusercontent.com/-XdifAj5qrto/AAAAAAAAAAI/AAAAAAAAAC8/KtmKCVO2T1I/photo.jpg?sz=256","display_name":"volnistii11","link":"https://stackoverflow.com/users/11559081/volnistii11"},"is_answered":true,"view_count":269,"accepted_answer_id":76143800,"answer_count":1,"score":1,"last_activity_date":1682893051,"creation_date":1682891676,"question_id":76143726,"content_license":"CC BY-SA 4.0","link":"https://stackoverflow.com/questions/76143726/full-url-from-http-request","title":"Full URL from http.Request"},{"tags":["sql","postgresql","jsonb"],"owner":{"account_id":11072252,"reputation":13,"user_id":13585918,"user_type":"registered","profile_image":"https://lh6.googleusercontent.com/-xwUOtGMgqyU/AAAAAAAAAAI/AAAAAAAADVo/i-w0cvZZ-dY/photo.jpg?sz=256","display_name":"BOJIKA","link":"https://stackoverflow.com/users/13585918/bojika"},"is_answered":true,"view_count":33,"accepted_answer_id":76143830,"answer_count":1,"score":0,"last_activity_date":1682893627,"creation_date":1682891584,"question_id":76143721,"content_license":"CC BY-SA 4.0","link":"https://stackoverflow.com/questions/76143721/how-to-get-jsonb-from-table-which-contains-jsonb-column","title":"how to get jsonb from table which contains jsonb column"},{"tags":["javascript","node.js","stripe-payments"],"owner":{"account_id":25334829,"reputation":1,"user_id":19154131,"user_type":"registered","profile_image":"https://www.gravatar.com/avatar/ca7393aad7984ee4ea781356f98c573f?s=256&d=identicon&r=PG","display_name":"Muhammad Hameed","link":"https://stackoverflow.com/users/19154131/muhammad-hameed"},"is_answered":false,"view_count":47,"answer_count":1,"score":0,"last_activity_date":1682947330,"creation_date":1682891522,"question_id":76143718,"content_license":"CC BY-SA 4.0","link":"https://stackoverflow.com/questions/76143718/cannot-get-stripe-connect-account-balance","title":"Cannot Get Stripe Connect Account Balance"},{"tags":["ruby-on-rails","simple-form"],"owner":{"account_id":2826564,"reputation":111,"user_id":2429102,"user_type":"registered","accept_rate":73,"profile_image":"https://www.gravatar.com/avatar/41d4ee7d85eee6a9f8f9d29d3114ad85?s=256&d=identicon&r=PG","display_name":"Rodrigo Botafogo","link":"https://stackoverflow.com/users/2429102/rodrigo-botafogo"},"is_answered":true,"view_count":112,"accepted_answer_id":76196989,"answer_count":1,"score":0,"last_activity_date":1683509380,"creation_date":1682891485,"question_id":76143717,"content_license":"CC BY-SA 4.0","link":"https://stackoverflow.com/questions/76143717/simple-form-buttons-disabled","title":"Simple_form buttons disabled"},{"tags":["java","json","spring-boot","hibernate","jpa"],"owner":{"account_id":28159868,"reputation":3,"user_id":21520012,"user_type":"registered","profile_image":"https://graph.facebook.com/1570363270133704/picture?type=large","display_name":"Jamil Souza","link":"https://stackoverflow.com/users/21520012/jamil-souza"},"is_answered":true,"view_count":29,"accepted_answer_id":76145183,"answer_count":1,"score":0,"last_activity_date":1682923770,"creation_date":1682891472,"last_edit_date":1682891823,"question_id":76143716,"content_license":"CC BY-SA 4.0","link":"https://stackoverflow.com/questions/76143716/error-in-save-method-hibernate-with-relation-manytoone","title":"Error in save method Hibernate with relation ManyToOne"},{"tags":["visual-studio-code"],"owner":{"account_id":3651379,"reputation":469,"user_id":3067664,"user_type":"registered","profile_image":"https://www.gravatar.com/avatar/fdbf1cf6406b8cbf0d04908a953cb120?s=256&d=identicon&r=PG","display_name":"Nikita","link":"https://stackoverflow.com/users/3067664/nikita"},"is_answered":false,"view_count":38,"answer_count":1,"score":1,"last_activity_date":1700008820,"creation_date":1682891379,"last_edit_date":1682892855,"question_id":76143709,"content_license":"CC BY-SA 4.0","link":"https://stackoverflow.com/questions/76143709/how-can-i-copy-the-problem-message-of-a-currently-selected-line-with-a-hotkey-in","title":"How can I copy the problem message of a currently selected line with a hotkey in VS Code?"},{"tags":["tensorflow","pytorch","gpu","tf.keras","kaggle"],"owner":{"account_id":23798487,"reputation":117,"user_id":17809030,"user_type":"registered","profile_image":"https://lh3.googleusercontent.com/a/AATXAJyLZPe9Qs2AwDWBpvjXXS__voLimAGB4NezVt3E=k-s256","display_name":"Dietzsche Nostoevsky","link":"https://stackoverflow.com/users/17809030/dietzsche-nostoevsky"},"is_answered":false,"view_count":388,"answer_count":0,"score":0,"last_activity_date":1682891302,"creation_date":1682891302,"question_id":76143706,"content_license":"CC BY-SA 4.0","link":"https://stackoverflow.com/questions/76143706/kaggle-gpu-showing-memory-error-while-working-fine-on-colab-same-gpu-backend","title":"Kaggle GPU showing memory error, while working fine on Colab ( same GPU backend )"},{"tags":["flutter","console","version","publish","playback"],"owner":{"account_id":23756103,"reputation":11,"user_id":17772204,"user_type":"registered","profile_image":"https://www.gravatar.com/avatar/267dac4dbea6e072846907f2664a8cec?s=256&d=identicon&r=PG&f=y&so-version=2","display_name":"Joy","link":"https://stackoverflow.com/users/17772204/joy"},"is_answered":false,"view_count":28,"answer_count":1,"score":0,"last_activity_date":1682899228,"creation_date":1682891299,"question_id":76143705,"content_license":"CC BY-SA 4.0","link":"https://stackoverflow.com/questions/76143705/why-is-showing-this-error-how-to-solve-this-error","title":"Why is showing this error? How to solve this error?"},{"tags":["assembly","x86-64","nasm","intel"],"owner":{"account_id":2918935,"reputation":1370,"user_id":2501622,"user_type":"registered","accept_rate":68,"profile_image":"https://www.gravatar.com/avatar/2e6a958d1e2cccd68149bafd9418dd47?s=256&d=identicon&r=PG","display_name":"BowPark","link":"https://stackoverflow.com/users/2501622/bowpark"},"is_answered":true,"view_count":158,"accepted_answer_id":76143834,"answer_count":1,"score":1,"last_activity_date":1682893748,"creation_date":1682891288,"question_id":76143703,"content_license":"CC BY-SA 4.0","link":"https://stackoverflow.com/questions/76143703/assembly-obtain-intel-ppin-value","title":"Assembly, obtain Intel PPIN value"},{"tags":["c++","templates","iostream"],"owner":{"account_id":10243173,"reputation":877,"user_id":7559896,"user_type":"registered","accept_rate":100,"profile_image":"https://www.gravatar.com/avatar/03b076edd35bdbf8785fb52b65540c0a?s=256&d=identicon&r=PG&f=y&so-version=2","display_name":"DEKKER","link":"https://stackoverflow.com/users/7559896/dekker"},"is_answered":true,"view_count":82,"accepted_answer_id":76143779,"answer_count":2,"score":1,"last_activity_date":1682964772,"creation_date":1682891285,"last_edit_date":1682891763,"question_id":76143702,"content_license":"CC BY-SA 4.0","link":"https://stackoverflow.com/questions/76143702/choose-stdout-or-stderr-based-on-function-argument","title":"Choose stdout or stderr based on function argument"},{"tags":["c++","inheritance","initialization"],"owner":{"account_id":27760030,"reputation":63,"user_id":21192645,"user_type":"registered","profile_image":"https://graph.facebook.com/1274663513407271/picture?type=large","display_name":"Caty","link":"https://stackoverflow.com/users/21192645/caty"},"is_answered":true,"view_count":229,"answer_count":2,"score":3,"last_activity_date":1682947266,"creation_date":1682891259,"last_edit_date":1682893123,"question_id":76143701,"content_license":"CC BY-SA 4.0","link":"https://stackoverflow.com/questions/76143701/struct-initialization-and-inheritance","title":"Struct initialization and inheritance"},{"tags":["javascript","node.js","api","backend","etimedout"],"owner":{"account_id":26749465,"reputation":1,"user_id":20349077,"user_type":"registered","profile_image":"https://i.stack.imgur.com/wfokx.jpg?s=256&g=1","display_name":"Brogrammer","link":"https://stackoverflow.com/users/20349077/brogrammer"},"is_answered":false,"view_count":29,"answer_count":0,"score":0,"last_activity_date":1682891300,"creation_date":1682891119,"last_edit_date":1682891300,"question_id":76143694,"content_license":"CC BY-SA 4.0","link":"https://stackoverflow.com/questions/76143694/weatherstack-api-keeps-timing-out-for-me-when-using-vs-code","title":"Weatherstack API keeps timing out for me when using VS Code"},{"tags":["powershell"],"owner":{"account_id":26664321,"reputation":27,"user_id":20276659,"user_type":"registered","profile_image":"https://lh3.googleusercontent.com/a/ALm5wu3a91JNKlWwv_PJ9yEjGZ_DYfQiXwRwapecT2iP5A=k-s256","display_name":"SV12 VS","link":"https://stackoverflow.com/users/20276659/sv12-vs"},"is_answered":false,"view_count":104,"answer_count":0,"score":0,"last_activity_date":1682891569,"creation_date":1682891100,"last_edit_date":1682891569,"question_id":76143692,"content_license":"CC BY-SA 4.0","link":"https://stackoverflow.com/questions/76143692/need-a-powershell-script-where-it-writes-a-log-to-a-txt-file","title":"Need a Powershell script where it writes a log to a TXT file"},{"tags":["c#","wpf","imagebrush"],"owner":{"account_id":26399427,"reputation":13,"user_id":20050091,"user_type":"registered","profile_image":"https://www.gravatar.com/avatar/e67939269a7f84b64423abf206562a0d?s=256&d=identicon&r=PG","display_name":"daMpik","link":"https://stackoverflow.com/users/20050091/dampik"},"is_answered":false,"view_count":48,"answer_count":0,"score":0,"last_activity_date":1683058886,"creation_date":1682891024,"last_edit_date":1683058886,"question_id":76143688,"content_license":"CC BY-SA 4.0","link":"https://stackoverflow.com/questions/76143688/when-clicking-on-image-brush-in-code-visual-studio-freezes","title":"When clicking on image brush in code, visual studio freezes"},{"tags":["pre-commit","pre-commit.com"],"owner":{"account_id":5694231,"reputation":647,"user_id":4501212,"user_type":"registered","profile_image":"https://i.stack.imgur.com/vuTFk.jpg?s=256&g=1","display_name":"Ilia Kurenkov","link":"https://stackoverflow.com/users/4501212/ilia-kurenkov"},"is_answered":true,"view_count":166,"answer_count":1,"score":-1,"last_activity_date":1682891417,"creation_date":1682890968,"question_id":76143686,"content_license":"CC BY-SA 4.0","link":"https://stackoverflow.com/questions/76143686/automatically-re-running-hook-on-whole-repository-after-upgrading-it","title":"Automatically re-running hook on whole repository after upgrading it"},{"tags":["java","android","android-layout","android-gridlayout"],"owner":{"account_id":25987081,"reputation":1,"user_id":19699907,"user_type":"registered","profile_image":"https://www.gravatar.com/avatar/4855ee5b3121df1b726a7e2fd83cc498?s=256&d=identicon&r=PG","display_name":"Shruti Pandey","link":"https://stackoverflow.com/users/19699907/shruti-pandey"},"is_answered":false,"view_count":110,"answer_count":1,"score":0,"last_activity_date":1682945195,"creation_date":1682890922,"question_id":76143683,"content_license":"CC BY-SA 4.0","link":"https://stackoverflow.com/questions/76143683/how-to-place-scroll-view-in-between-grid-layout","title":"How to place scroll view in between grid layout"},{"tags":["c++","class","inheritance","overloading","name-lookup"],"owner":{"account_id":904308,"reputation":94866,"user_id":939557,"user_type":"registered","accept_rate":78,"profile_image":"https://i.stack.imgur.com/3VPea.png?s=256&g=1","display_name":"MadScientist","link":"https://stackoverflow.com/users/939557/madscientist"},"is_answered":true,"view_count":115,"accepted_answer_id":76143711,"answer_count":1,"score":0,"last_activity_date":1682891781,"creation_date":1682890883,"last_edit_date":1682891781,"question_id":76143681,"content_license":"CC BY-SA 4.0","link":"https://stackoverflow.com/questions/76143681/why-is-it-a-warning-to-declare-an-unambiguous-non-virtual-overload-of-a-virtual","title":"Why is it a warning to declare an unambiguous non-virtual overload of a virtual function?"},{"tags":["automation"],"owner":{"account_id":6128339,"reputation":4097,"user_id":4779472,"user_type":"registered","accept_rate":89,"profile_image":"https://lh5.googleusercontent.com/-918sSljPOLU/AAAAAAAAAAI/AAAAAAAAABA/JrpaeNI9JiM/photo.jpg?sz=256","display_name":"Rohit Gupta","link":"https://stackoverflow.com/users/4779472/rohit-gupta"},"is_answered":true,"view_count":66,"accepted_answer_id":76168604,"answer_count":1,"score":0,"last_activity_date":1683161054,"creation_date":1682890753,"question_id":76143678,"content_license":"CC BY-SA 4.0","link":"https://stackoverflow.com/questions/76143678/is-there-a-way-to-extract-information-from-fibaro-hc2s-virtual-device-file","title":"Is there a way to extract information from Fibaro HC2&#39;s virtual device file"},{"tags":["python","pandas","optimization","lookup"],"owner":{"account_id":2180870,"reputation":1447,"user_id":1930402,"user_type":"registered","accept_rate":70,"profile_image":"https://www.gravatar.com/avatar/a4cc15c29f08259e05a12aef4027f4b9?s=256&d=identicon&r=PG","display_name":"pnv","link":"https://stackoverflow.com/users/1930402/pnv"},"is_answered":true,"view_count":79,"answer_count":1,"score":1,"last_activity_date":1683385493,"creation_date":1682890748,"last_edit_date":1683385493,"question_id":76143677,"content_license":"CC BY-SA 4.0","link":"https://stackoverflow.com/questions/76143677/how-to-do-an-efficient-partial-string-match-in-pandas","title":"How to do an efficient partial string match in Pandas?"},{"tags":["github-pages"],"owner":{"account_id":4799650,"reputation":111,"user_id":3876608,"user_type":"registered","profile_image":"https://www.gravatar.com/avatar/b17f91c82233d7280840c9dc0616c962?s=256&d=identicon&r=PG&f=y&so-version=2","display_name":"user3876608","link":"https://stackoverflow.com/users/3876608/user3876608"},"is_answered":true,"view_count":39,"accepted_answer_id":76143698,"answer_count":2,"score":0,"last_activity_date":1682891192,"creation_date":1682890730,"question_id":76143675,"content_license":"CC BY-SA 4.0","link":"https://stackoverflow.com/questions/76143675/how-to-put-several-repositories-under-one-domain","title":"How to put several repositories under one domain?"},{"tags":["php","openssl","mcrypt"],"owner":{"account_id":7885924,"reputation":37,"user_id":5957996,"user_type":"registered","profile_image":"https://lh4.googleusercontent.com/-UR0dxJfK6Cs/AAAAAAAAAAI/AAAAAAAAAcU/rcV7ykpC_Xo/photo.jpg?sz=256","display_name":"Astronneu","link":"https://stackoverflow.com/users/5957996/astronneu"},"is_answered":true,"view_count":58,"accepted_answer_id":76146748,"answer_count":1,"score":0,"last_activity_date":1682942351,"creation_date":1682890722,"last_edit_date":1682926198,"question_id":76143673,"content_license":"CC BY-SA 4.0","link":"https://stackoverflow.com/questions/76143673/how-to-convert-mcrypt-encrypt-into-openssl-encrypt","title":"How to convert mcrypt_encrypt into openssl_encrypt?"},{"tags":["javascript","reactjs","react-state"],"owner":{"account_id":20593880,"reputation":23,"user_id":15116847,"user_type":"registered","profile_image":"https://www.gravatar.com/avatar/d688144432fcb90c5dc90274612c02d3?s=256&d=identicon&r=PG&f=y&so-version=2","display_name":"mvarta","link":"https://stackoverflow.com/users/15116847/mvarta"},"is_answered":true,"view_count":30,"accepted_answer_id":76222076,"answer_count":1,"score":0,"last_activity_date":1683747833,"creation_date":1682890716,"question_id":76143672,"content_license":"CC BY-SA 4.0","link":"https://stackoverflow.com/questions/76143672/setting-state-for-items-generated-via-iterator-map","title":"Setting state for items generated via iterator/map"},{"tags":["javascript","dom","async-await","es6-modules"],"owner":{"account_id":16660495,"reputation":15,"user_id":12040571,"user_type":"registered","profile_image":"https://www.gravatar.com/avatar/fb2e052710ce0a565fddbf1a3fbdb38f?s=256&d=identicon&r=PG&f=y&so-version=2","display_name":"DataMoshing","link":"https://stackoverflow.com/users/12040571/datamoshing"},"is_answered":false,"view_count":42,"answer_count":0,"score":0,"last_activity_date":1682890715,"creation_date":1682890715,"question_id":76143671,"content_license":"CC BY-SA 4.0","link":"https://stackoverflow.com/questions/76143671/how-to-separate-data-from-view-in-async-function","title":"How to separate data from view in async function"},{"tags":["lua","love2d","flappy-bird-clone"],"owner":{"account_id":28466795,"reputation":11,"user_id":21782759,"user_type":"registered","profile_image":"https://www.gravatar.com/avatar/424b2c94edb38e67c31f0d644b616ecd?s=256&d=identicon&r=PG&f=y&so-version=2","display_name":"Felipe","link":"https://stackoverflow.com/users/21782759/felipe"},"is_answered":false,"view_count":45,"answer_count":0,"score":1,"last_activity_date":1682890617,"creation_date":1682890617,"question_id":76143668,"content_license":"CC BY-SA 4.0","link":"https://stackoverflow.com/questions/76143668/cs50-shenanigans-error-message-that-i-dont-understand","title":"CS50 SHENANIGANS (error message that i dont understand)"},{"tags":["reporting-services","powerbi"],"owner":{"account_id":28436129,"reputation":11,"user_id":21756196,"user_type":"registered","profile_image":"https://www.gravatar.com/avatar/f1939aab67d8ccf01b873cef7c90df7d?s=256&d=identicon&r=PG&f=y&so-version=2","display_name":"jlarson61","link":"https://stackoverflow.com/users/21756196/jlarson61"},"is_answered":false,"view_count":32,"answer_count":0,"score":0,"last_activity_date":1682963187,"creation_date":1682890588,"last_edit_date":1682963187,"question_id":76143664,"content_license":"CC BY-SA 4.0","link":"https://stackoverflow.com/questions/76143664/summing-a-column-in-ssrs-which-contains-duplicate-values","title":"Summing a column in SSRS which contains duplicate values"},{"tags":["postgresql","permissions"],"owner":{"account_id":28466818,"reputation":1,"user_id":21782777,"user_type":"registered","profile_image":"https://www.gravatar.com/avatar/9f0f6cc4f48e6e1cb8eb7e3cdf0b4191?s=256&d=identicon&r=PG&f=y&so-version=2","display_name":"Michelle","link":"https://stackoverflow.com/users/21782777/michelle"},"is_answered":false,"view_count":145,"answer_count":0,"score":0,"last_activity_date":1682900109,"creation_date":1682890558,"last_edit_date":1682900109,"question_id":76143660,"content_license":"CC BY-SA 4.0","link":"https://stackoverflow.com/questions/76143660/sql-copy-cannot-open-file-in-pgadmin4-but-the-import-tool-works-why","title":"SQL COPY cannot open file in pgAdmin4. But the import tool works. Why?"},{"tags":["node.js","mongodb","express","node-modules"],"owner":{"account_id":27486633,"reputation":150,"user_id":20972787,"user_type":"registered","profile_image":"https://www.gravatar.com/avatar/6bd0694bd8e90a2da910690084a9c619?s=256&d=identicon&r=PG","display_name":"JustaNobody","link":"https://stackoverflow.com/users/20972787/justanobody"},"is_answered":true,"view_count":109,"accepted_answer_id":76145477,"answer_count":1,"score":1,"last_activity_date":1683523811,"creation_date":1682890504,"last_edit_date":1683492727,"question_id":76143654,"content_license":"CC BY-SA 4.0","link":"https://stackoverflow.com/questions/76143654/nodejs-mongodb-server-connection-issue","title":"Nodejs Mongodb server connection issue"},{"tags":["python"],"owner":{"account_id":18618327,"reputation":3,"user_id":13569146,"user_type":"registered","profile_image":"https://www.gravatar.com/avatar/42af263cef9677ca0d5a42f29dc1cf3a?s=256&d=identicon&r=PG&f=y&so-version=2","display_name":"LavenderTownsGhost","link":"https://stackoverflow.com/users/13569146/lavendertownsghost"},"is_answered":false,"view_count":43,"answer_count":0,"score":0,"last_activity_date":1682890458,"creation_date":1682890458,"question_id":76143652,"content_license":"CC BY-SA 4.0","link":"https://stackoverflow.com/questions/76143652/trying-to-read-two-pkl-files-both-give-differnt-errors","title":"Trying to read two .pkl files, both give differnt errors"}],"has_more":true,"quota_max":300,"quota_remaining":227}