{"items":[{"tags":["flutter","dart","flutter-column"],"owner":{"account_id":12875386,"reputation":41,"user_id":17367068,"user_type":"registered","profile_image":"https://lh3.googleusercontent.com/a-/AOh14GjnuXwQeBGhuYcJeUTXCCglTQpuy8t20NKn4u1HQw=k-s256","display_name":"Sown Leon","link":"https://stackoverflow.com/users/17367068/sown-leon"},"is_answered":false,"view_count":20,"answer_count":1,"score":0,"last_activity_date":1683885722,"creation_date":1683885595,"question_id":76235169,"content_license":"CC BY-SA 4.0","link":"https://stackoverflow.com/questions/76235169/column-inside-gridview-overflowing-in-flutter","title":"Column inside GridView Overflowing in Flutter"},{"tags":["python","pysimplegui"],"owner":{"account_id":28320515,"reputation":1,"user_id":21887417,"user_type":"registered","profile_image":"https://i.stack.imgur.com/VqSpO.png?s=256&g=1","display_name":"Paichiwo","link":"https://stackoverflow.com/users/21887417/paichiwo"},"is_answered":false,"view_count":95,"answer_count":0,"score":0,"last_activity_date":1684149108,"creation_date":1683885574,"last_edit_date":1684149108,"question_id":76235167,"content_license":"CC BY-SA 4.0","link":"https://stackoverflow.com/questions/76235167/is-it-possible-to-use-input-field-or-text-on-a-image-with-pysimplegui","title":"is it possible to use input field or text on a image with pysimplegui?"},{"tags":["node.js","google-cloud-platform","wif","identity-aware-proxy","workload-identity"],"owner":{"account_id":66383,"reputation":357,"user_id":194778,"user_type":"registered","accept_rate":40,"profile_image":"https://www.gravatar.com/avatar/53cd792100052c1dad7eef5ad6c7442d?s=256&d=identicon&r=PG","display_name":"michajas","link":"https://stackoverflow.com/users/194778/michajas"},"is_answered":false,"view_count":131,"answer_count":0,"score":2,"last_activity_date":1683885571,"creation_date":1683885571,"question_id":76235166,"content_license":"CC BY-SA 4.0","link":"https://stackoverflow.com/questions/76235166/connect-to-iap-protected-endpoint-with-workload-identity-federation","title":"Connect to IAP protected endpoint with Workload Identity Federation"},{"tags":["git"],"owner":{"account_id":3249216,"reputation":85,"user_id":2739975,"user_type":"registered","profile_image":"https://www.gravatar.com/avatar/81279c854542e376b042792a667762f4?s=256&d=identicon&r=PG&f=y&so-version=2","display_name":"user2739975","link":"https://stackoverflow.com/users/2739975/user2739975"},"is_answered":false,"view_count":74,"answer_count":1,"score":1,"last_activity_date":1685029927,"creation_date":1683885547,"last_edit_date":1683901854,"question_id":76235163,"content_license":"CC BY-SA 4.0","link":"https://stackoverflow.com/questions/76235163/merge-a-feature-branch-in-several-branches","title":"Merge a feature branch in several branches"},{"tags":["django","django-models"],"owner":{"account_id":24283725,"reputation":1243,"user_id":18229792,"user_type":"registered","profile_image":"https://i.stack.imgur.com/6Zljj.jpg?s=256&g=1","display_name":"haduki","link":"https://stackoverflow.com/users/18229792/haduki"},"is_answered":true,"view_count":37,"accepted_answer_id":76237001,"answer_count":1,"score":1,"last_activity_date":1683899884,"creation_date":1683885544,"last_edit_date":1683886706,"question_id":76235162,"content_license":"CC BY-SA 4.0","link":"https://stackoverflow.com/questions/76235162/get-name-of-parent-choicefield-django","title":"Get Name of Parent ChoiceField Django"},{"tags":["azure","azure-data-factory","azure-bicep"],"owner":{"account_id":16897929,"reputation":13,"user_id":12220050,"user_type":"registered","profile_image":"https://lh3.googleusercontent.com/a-/AAuE7mCwWmt8Z51KXnZv5bEx3_qoymPlfV8anElUQmmO=k-s256","display_name":"ProgH","link":"https://stackoverflow.com/users/12220050/progh"},"is_answered":true,"view_count":541,"accepted_answer_id":76256824,"answer_count":3,"score":1,"last_activity_date":1684173704,"creation_date":1683885542,"question_id":76235161,"content_license":"CC BY-SA 4.0","link":"https://stackoverflow.com/questions/76235161/missing-parameter-definition-when-deploying-adf-with-bicep","title":"Missing parameter definition when deploying adf with bicep"},{"tags":["azure","azure-devops","azure-pipelines","azure-keyvault","azure-pipelines-yaml"],"owner":{"account_id":28587462,"reputation":1,"user_id":21887414,"user_type":"registered","profile_image":"https://lh3.googleusercontent.com/a/AGNmyxa_eMAE5TTIImFoP6GbAIqP6nA4FC9blebC8tfnDQ=k-s256","display_name":"Ameen basha","link":"https://stackoverflow.com/users/21887414/ameen-basha"},"is_answered":false,"view_count":125,"answer_count":1,"score":0,"last_activity_date":1684148698,"creation_date":1683885538,"last_edit_date":1683986374,"question_id":76235160,"content_license":"CC BY-SA 4.0","link":"https://stackoverflow.com/questions/76235160/regarding-my-arm-template-using-as-a-dynamic-one-with-the-help-of-keyvault-and-r","title":"Regarding my ARM template using as a Dynamic one with the help of KeyVault and Replace Tokens"},{"tags":["bash"],"owner":{"account_id":12042071,"reputation":43,"user_id":8808646,"user_type":"registered","profile_image":"https://i.stack.imgur.com/KJgah.jpg?s=256&g=1","display_name":"jdagz","link":"https://stackoverflow.com/users/8808646/jdagz"},"is_answered":false,"view_count":38,"answer_count":0,"score":0,"last_activity_date":1683885499,"creation_date":1683885499,"question_id":76235154,"content_license":"CC BY-SA 4.0","link":"https://stackoverflow.com/questions/76235154/how-to-set-envp-to-null-and-test-your-program","title":"How to set envp to NULL and test your program?"},{"tags":["python","pandas","dataframe","web-scraping"],"owner":{"account_id":17494082,"reputation":97,"user_id":12685630,"user_type":"registered","profile_image":"https://www.gravatar.com/avatar/c828bbf5a6ee5b5ed6008e59b7e50582?s=256&d=identicon&r=PG&f=y&so-version=2","display_name":"jsb92","link":"https://stackoverflow.com/users/12685630/jsb92"},"is_answered":true,"view_count":75,"closed_date":1684132940,"accepted_answer_id":76251426,"answer_count":1,"score":-1,"last_activity_date":1684132524,"creation_date":1683885484,"last_edit_date":1683892912,"question_id":76235151,"link":"https://stackoverflow.com/questions/76235151/im-stuck-scraping-this-website-got-to-85","closed_reason":"Not suitable for this site","title":"I&#39;m stuck scraping this website - got to 85%"},{"tags":["javascript","node.js","visual-studio-code"],"owner":{"account_id":28032198,"reputation":11,"user_id":21411216,"user_type":"registered","profile_image":"https://www.gravatar.com/avatar/cedb471caef7c678fce8da490026110a?s=256&d=identicon&r=PG&f=y&so-version=2","display_name":"Rune","link":"https://stackoverflow.com/users/21411216/rune"},"is_answered":false,"view_count":35,"answer_count":0,"score":0,"last_activity_date":1683885692,"creation_date":1683885480,"last_edit_date":1683885692,"question_id":76235149,"content_license":"CC BY-SA 4.0","link":"https://stackoverflow.com/questions/76235149/vscode-how-to-get-javascript-intellisense-working-for-external-file-and-gitdev","title":"VSCode: How to get JavaScript IntelliSense working for external File and Git(Devops) dependencies"},{"tags":["optimization","grouping","minimization"],"owner":{"account_id":12240244,"reputation":1,"user_id":8933537,"user_type":"registered","profile_image":"https://lh4.googleusercontent.com/-RbeFn2oldfo/AAAAAAAAAAI/AAAAAAAAADU/hsGvvqCvBe0/photo.jpg?sz=256","display_name":"Mansoor Zamani Aghaie","link":"https://stackoverflow.com/users/8933537/mansoor-zamani-aghaie"},"is_answered":false,"view_count":11,"answer_count":0,"score":0,"last_activity_date":1684229088,"creation_date":1683885451,"last_edit_date":1684229088,"question_id":76235146,"content_license":"CC BY-SA 4.0","link":"https://stackoverflow.com/questions/76235146/number-grouping-to-minimize-the-negative-score-optimization-problem","title":"Number grouping to minimize the negative score (optimization problem)"},{"tags":["node.js","sharepoint"],"owner":{"account_id":10987294,"reputation":41,"user_id":8072564,"user_type":"registered","profile_image":"https://www.gravatar.com/avatar/c9bb09db7247c6ab83d7073f0214d415?s=256&d=identicon&r=PG&f=y&so-version=2","display_name":"Bro Lee","link":"https://stackoverflow.com/users/8072564/bro-lee"},"is_answered":false,"view_count":102,"answer_count":1,"score":0,"last_activity_date":1684135037,"creation_date":1683885439,"question_id":76235145,"content_license":"CC BY-SA 4.0","link":"https://stackoverflow.com/questions/76235145/create-upload-session-in-sharepoint","title":"Create Upload Session in Sharepoint"},{"tags":["c#","unity-game-engine","hololens","mrtk"],"owner":{"account_id":19034958,"reputation":161,"user_id":13896230,"user_type":"registered","profile_image":"https://www.gravatar.com/avatar/38fb2f375138e0e4e12779e0347866f8?s=256&d=identicon&r=PG&f=y&so-version=2","display_name":"Alex","link":"https://stackoverflow.com/users/13896230/alex"},"is_answered":true,"view_count":202,"accepted_answer_id":76420813,"answer_count":2,"score":0,"last_activity_date":1686122584,"creation_date":1683885389,"question_id":76235141,"content_license":"CC BY-SA 4.0","link":"https://stackoverflow.com/questions/76235141/creating-a-handle-for-manipulation-unity-mrtk","title":"Creating a Handle for Manipulation (Unity/MRTK)"},{"tags":["python","pandas","dask"],"owner":{"account_id":17174369,"reputation":523,"user_id":12430846,"user_type":"registered","profile_image":"https://lh3.googleusercontent.com/-VQf0MMTfVZ4/AAAAAAAAAAI/AAAAAAAAAAA/ACHi3re9OuJLm-6AC3dgfWKrxXtP6orDyA/photo.jpg?sz=256","display_name":"coelidonum","link":"https://stackoverflow.com/users/12430846/coelidonum"},"is_answered":false,"view_count":22,"closed_date":1684005380,"answer_count":0,"score":0,"last_activity_date":1683973370,"creation_date":1683885381,"last_edit_date":1683973370,"question_id":76235139,"link":"https://stackoverflow.com/questions/76235139/read-a-large-tad-data-with-dask","closed_reason":"Duplicate","title":"Read a large TAD data with Dask"},{"tags":["c#","vb.net","boost-filesystem","system.io.file"],"owner":{"account_id":1516053,"reputation":2189,"user_id":1417032,"user_type":"registered","accept_rate":57,"profile_image":"https://i.stack.imgur.com/W02D1.jpg?s=256&g=1","display_name":"Neeraj Kumar Gupta","link":"https://stackoverflow.com/users/1417032/neeraj-kumar-gupta"},"is_answered":true,"view_count":80,"answer_count":1,"score":0,"last_activity_date":1683896346,"creation_date":1683885372,"last_edit_date":1683893402,"question_id":76235136,"content_license":"CC BY-SA 4.0","link":"https://stackoverflow.com/questions/76235136/search-the-files-in-drectory-with-pattern-matching-using-c","title":"Search the files in drectory with pattern matching using C#"},{"tags":["excel","matlab"],"owner":{"account_id":25701369,"reputation":5,"user_id":19461358,"user_type":"registered","profile_image":"https://lh3.googleusercontent.com/a/AATXAJwIGOfxAmSCbOQ3Kf7paP7to8u9ddtXU0EiUUyQ=k-s256","display_name":"A Ah","link":"https://stackoverflow.com/users/19461358/a-ah"},"is_answered":false,"view_count":40,"answer_count":0,"score":0,"last_activity_date":1683886161,"creation_date":1683885369,"last_edit_date":1683886161,"question_id":76235135,"content_license":"CC BY-SA 4.0","link":"https://stackoverflow.com/questions/76235135/user-input-to-update-excel","title":"User input to update excel"},{"tags":["mysql"],"owner":{"account_id":19994250,"reputation":13,"user_id":14654655,"user_type":"registered","profile_image":"https://lh3.googleusercontent.com/a-/AOh14GgQxLwuFqeyqWVZ9F_r2SEp2TXjZz8S1DcxPPi7=k-s256","display_name":"Dr.Fail to fall asleep","link":"https://stackoverflow.com/users/14654655/dr-fail-to-fall-asleep"},"is_answered":false,"view_count":226,"answer_count":1,"score":0,"last_activity_date":1690472431,"creation_date":1683885366,"question_id":76235134,"content_license":"CC BY-SA 4.0","link":"https://stackoverflow.com/questions/76235134/cannot-find-xxx-mysql-server-sql-sql-yacc-h-during-cmake-mysql","title":"Cannot find xxx/mysql-server/sql/sql_yacc.h during cmake mysql"},{"tags":["python","html","browser","3d","plotly"],"owner":{"account_id":18286829,"reputation":5,"user_id":13314542,"user_type":"registered","profile_image":"https://www.gravatar.com/avatar/cb968416cee1334189247644863dc725?s=256&d=identicon&r=PG&f=y&so-version=2","display_name":"Safwen ","link":"https://stackoverflow.com/users/13314542/safwen"},"is_answered":false,"view_count":7,"answer_count":0,"score":0,"last_activity_date":1683885419,"creation_date":1683885362,"last_edit_date":1683885419,"question_id":76235133,"content_license":"CC BY-SA 4.0","link":"https://stackoverflow.com/questions/76235133/plotly-library-issue-with-google","title":"plotly library issue with google"},{"tags":["java","maven","intellij-idea","logback","slf4j"],"owner":{"account_id":20213545,"reputation":1,"user_id":14825089,"user_type":"registered","profile_image":"https://www.gravatar.com/avatar/bd4546aff401820fd93b1d0d462dc6e5?s=256&d=identicon&r=PG&f=y&so-version=2","display_name":"Vakaris","link":"https://stackoverflow.com/users/14825089/vakaris"},"is_answered":false,"view_count":54,"answer_count":0,"score":0,"last_activity_date":1683886003,"creation_date":1683885360,"last_edit_date":1683886003,"question_id":76235132,"content_license":"CC BY-SA 4.0","link":"https://stackoverflow.com/questions/76235132/classnotfoundexception-org-slf4j-loggerfactory-exception-although-org-slf4j-is","title":"ClassNotFoundException: org.slf4j.LoggerFactory exception although org.slf4j is on the class path"},{"tags":["entity-framework-core","dbcontext"],"owner":{"account_id":39902,"reputation":26052,"user_id":115305,"user_type":"registered","accept_rate":99,"profile_image":"https://i.stack.imgur.com/svGiU.jpg?s=256&g=1","display_name":"Wim ten Brink","link":"https://stackoverflow.com/users/115305/wim-ten-brink"},"is_answered":true,"view_count":174,"answer_count":1,"score":0,"last_activity_date":1683914511,"creation_date":1683885338,"last_edit_date":1683914511,"question_id":76235128,"content_license":"CC BY-SA 4.0","link":"https://stackoverflow.com/questions/76235128/dump-all-tables-in-a-dbcontext","title":"Dump all tables in a DBContext"},{"tags":["c#",".net","model-view-controller"],"owner":{"account_id":21858181,"reputation":75,"user_id":16149279,"user_type":"registered","profile_image":"https://lh3.googleusercontent.com/a/AATXAJyplb0Uye0ieqVWGRA1Y1_BLp_Eb7Y2dY6pfxLS=k-s256","display_name":"DParmar","link":"https://stackoverflow.com/users/16149279/dparmar"},"is_answered":true,"view_count":73,"closed_date":1683898170,"accepted_answer_id":76235430,"answer_count":1,"score":-3,"last_activity_date":1683887688,"creation_date":1683885325,"last_edit_date":1683887496,"question_id":76235127,"link":"https://stackoverflow.com/questions/76235127/possible-null-reference-return-code-5-0-to-7-0","closed_reason":"Not suitable for this site","title":"Possible null reference return ( code 5.0 to 7.0)"},{"tags":["angular","typescript","typeerror","ag-grid"],"owner":{"account_id":25858717,"reputation":1,"user_id":19591518,"user_type":"registered","profile_image":"https://www.gravatar.com/avatar/9002e0a53a0be0d57f0ae0d0520b54be?s=256&d=identicon&r=PG","display_name":"Tejaswini Appollo","link":"https://stackoverflow.com/users/19591518/tejaswini-appollo"},"is_answered":false,"view_count":76,"answer_count":1,"score":0,"last_activity_date":1683893682,"creation_date":1683885318,"question_id":76235126,"content_license":"CC BY-SA 4.0","link":"https://stackoverflow.com/questions/76235126/why-am-i-facing-this-typeerror-in-angular-unit-testing","title":"Why am I facing this TypeError in Angular unit testing?"},{"tags":["reactjs","api","express","http-status-code-404","mern"],"owner":{"account_id":22326830,"reputation":1,"user_id":16548733,"user_type":"registered","profile_image":"https://lh3.googleusercontent.com/a-/AOh14Gi3iy30wdi44s4lC0QRjHLMXbtS_i6K845bNukdOQ=k-s256","display_name":"bhavika","link":"https://stackoverflow.com/users/16548733/bhavika"},"is_answered":false,"view_count":179,"answer_count":0,"score":0,"last_activity_date":1683965953,"creation_date":1683885275,"last_edit_date":1683965953,"question_id":76235122,"content_license":"CC BY-SA 4.0","link":"https://stackoverflow.com/questions/76235122/axios-error-message-request-failed-with-status-code-404","title":"Axios Error&#160;message: &#39;Request failed with status code 404&#39;"},{"tags":["angular"],"owner":{"account_id":9479402,"reputation":171,"user_id":7047836,"user_type":"registered","profile_image":"https://www.gravatar.com/avatar/bca7f42ad216beab6a0447595fa5a97c?s=256&d=identicon&r=PG&f=y&so-version=2","display_name":"corleone88","link":"https://stackoverflow.com/users/7047836/corleone88"},"is_answered":false,"view_count":82,"answer_count":1,"score":0,"last_activity_date":1684064698,"creation_date":1683885252,"last_edit_date":1683886774,"question_id":76235121,"content_license":"CC BY-SA 4.0","link":"https://stackoverflow.com/questions/76235121/angular-custom-library-can-we-export-more-than-one-service","title":"Angular custom library: can we export more than one service?"},{"tags":["caching","jcs"],"owner":{"account_id":16595404,"reputation":1,"user_id":11992387,"user_type":"registered","profile_image":"https://lh3.googleusercontent.com/a-/AAuE7mDaB-jgMZIFS_sG28l0-IDVqyfYOUPvLJVeWuknMA=k-s256","display_name":"Murali Manohar","link":"https://stackoverflow.com/users/11992387/murali-manohar"},"is_answered":false,"view_count":109,"answer_count":0,"score":0,"last_activity_date":1683885184,"creation_date":1683885184,"question_id":76235118,"content_license":"CC BY-SA 4.0","link":"https://stackoverflow.com/questions/76235118/complete-example-to-implement-remote-cache-server-client-using-jcs","title":"Complete example to implement Remote Cache Server/Client using JCS"},{"tags":["simulation","ns2","blackhole"],"owner":{"account_id":28587406,"reputation":1,"user_id":21887370,"user_type":"registered","profile_image":"https://lh3.googleusercontent.com/a/AGNmyxYBusL_EHgvFr43iKu7ohW0yS8MDttSjsJ3uoRD=k-s256","display_name":"th&#224;nh nguyễn trọng","link":"https://stackoverflow.com/users/21887370/th%c3%a0nh-nguy%e1%bb%85n-tr%e1%bb%8dng"},"is_answered":false,"view_count":24,"answer_count":0,"score":0,"last_activity_date":1683885154,"creation_date":1683885154,"question_id":76235112,"content_license":"CC BY-SA 4.0","link":"https://stackoverflow.com/questions/76235112/reverse-aodv-in-ns2-with-blackhole-attack","title":"Reverse AODV in NS2 with blackhole attack"},{"tags":["python","pandas","amazon-web-services","aws-lambda"],"owner":{"account_id":8191349,"reputation":1224,"user_id":6165496,"user_type":"registered","accept_rate":80,"profile_image":"https://www.gravatar.com/avatar/214382daebe83c47fdd02caf0f978c93?s=256&d=identicon&r=PG&f=y&so-version=2","display_name":"RudyVerboven","link":"https://stackoverflow.com/users/6165496/rudyverboven"},"is_answered":true,"view_count":282,"accepted_answer_id":76235444,"answer_count":1,"score":0,"last_activity_date":1683888879,"creation_date":1683885115,"last_edit_date":1683888879,"question_id":76235109,"content_license":"CC BY-SA 4.0","link":"https://stackoverflow.com/questions/76235109/missing-dependency-openpyxl-when-using-pandas-in-lambda","title":"Missing dependency &#39;openpyxl&#39; when using pandas in Lambda"},{"tags":["java","docker","kubernetes","monitor","cadvisor"],"owner":{"account_id":27070006,"reputation":1,"user_id":20620767,"user_type":"registered","profile_image":"https://www.gravatar.com/avatar/333dd8a9c377b591143d0f5d15fb5a24?s=256&d=identicon&r=PG","display_name":"dongwang 123","link":"https://stackoverflow.com/users/20620767/dongwang-123"},"is_answered":false,"view_count":25,"answer_count":0,"score":0,"last_activity_date":1683885114,"creation_date":1683885114,"question_id":76235108,"content_license":"CC BY-SA 4.0","link":"https://stackoverflow.com/questions/76235108/monitor-docker-container-loadaverage","title":"Monitor Docker container loadaverage"},{"tags":["postgresql","relationship","one-to-many"],"owner":{"account_id":28264754,"reputation":13,"user_id":21608882,"user_type":"registered","profile_image":"https://lh3.googleusercontent.com/a/AGNmyxaENF6iDCqLfWJDYJP2WapDkxNkgfNPklX2nFkQ=k-s256","display_name":"arun reddy","link":"https://stackoverflow.com/users/21608882/arun-reddy"},"is_answered":true,"view_count":54,"accepted_answer_id":76235308,"answer_count":1,"score":1,"last_activity_date":1683887516,"creation_date":1683885091,"last_edit_date":1683885188,"question_id":76235105,"content_license":"CC BY-SA 4.0","link":"https://stackoverflow.com/questions/76235105/how-to-fetch-one-to-many-relation-data-using-single-query-in-postgre-sql","title":"How to fetch one to many relation data using single query in postgre sql"},{"tags":["ckeditor","ckeditor4.x"],"owner":{"account_id":26415512,"reputation":1,"user_id":20063984,"user_type":"registered","profile_image":"https://lh3.googleusercontent.com/a-/ACNPEu97_60GIIu_oAt7bBT1-OR16kHT3LjQKwG6r-ZY=k-s256","display_name":"Sams Sahoo","link":"https://stackoverflow.com/users/20063984/sams-sahoo"},"is_answered":false,"view_count":68,"answer_count":0,"score":0,"last_activity_date":1683885085,"creation_date":1683885085,"question_id":76235104,"content_license":"CC BY-SA 4.0","link":"https://stackoverflow.com/questions/76235104/grammarly-ckeditor-4-incompatibility","title":"Grammarly CKEditor 4 incompatibility"}],"has_more":true,"quota_max":300,"quota_remaining":181}