{"items":[{"tags":["php","ajax","laravel","database","session"],"owner":{"account_id":15617857,"reputation":1,"user_id":11267589,"user_type":"registered","profile_image":"https://i.stack.imgur.com/JYyBU.jpg?s=256&g=1","display_name":"Reza.Mirzaei","link":"https://stackoverflow.com/users/11267589/reza-mirzaei"},"is_answered":true,"view_count":159,"accepted_answer_id":76213531,"answer_count":1,"score":-1,"last_activity_date":1683668329,"creation_date":1683280711,"question_id":76180984,"content_license":"CC BY-SA 4.0","link":"https://stackoverflow.com/questions/76180984/session-not-displaying-correctly-in-laravel-10-after-ajax-request","title":"Session not displaying correctly in Laravel 10 after AJAX request"},{"tags":["eclipse","swt"],"owner":{"account_id":28168806,"reputation":3,"user_id":21527639,"user_type":"registered","profile_image":"https://www.gravatar.com/avatar/f21a9f83450736eaf7ea48d217e5c4a5?s=256&d=identicon&r=PG&f=y&so-version=2","display_name":"know","link":"https://stackoverflow.com/users/21527639/know"},"is_answered":false,"view_count":19,"answer_count":0,"score":0,"last_activity_date":1683358628,"creation_date":1683280689,"last_edit_date":1683358628,"question_id":76180981,"content_license":"CC BY-SA 4.0","link":"https://stackoverflow.com/questions/76180981/mousehover-in-filteredtree-works-outside-arrows-how-to-fix-this","title":"Mousehover in FilteredTree works outside arrows. How to fix this?"},{"tags":["java","api","rest","http"],"owner":{"account_id":28515520,"reputation":15,"user_id":21824932,"user_type":"registered","profile_image":"https://lh3.googleusercontent.com/a/AGNmyxa2zNwwfFmq6nzuBVDG0VRUZ2ylahhr3QXD4trX=k-s256","display_name":"Oleksandr Zhytariuk","link":"https://stackoverflow.com/users/21824932/oleksandr-zhytariuk"},"is_answered":true,"view_count":94,"accepted_answer_id":76181042,"answer_count":1,"score":0,"last_activity_date":1683281142,"creation_date":1683280683,"question_id":76180979,"content_license":"CC BY-SA 4.0","link":"https://stackoverflow.com/questions/76180979/is-it-ok-to-create-entity-in-get-rest-controller-method-with-name-getorcreateifn","title":"Is it ok to create entity in GET REST controller method with name getOrCreateIfNotExist?"},{"tags":["python","solidity","brownie"],"owner":{"account_id":25153687,"reputation":1,"user_id":18998753,"user_type":"registered","profile_image":"https://www.gravatar.com/avatar/a9941ff9ebe481339e8e8344106a3f14?s=256&d=identicon&r=PG","display_name":"Jose Maria","link":"https://stackoverflow.com/users/18998753/jose-maria"},"is_answered":false,"view_count":50,"answer_count":0,"score":0,"last_activity_date":1683280673,"creation_date":1683280673,"question_id":76180978,"content_license":"CC BY-SA 4.0","link":"https://stackoverflow.com/questions/76180978/virtualmachineerror-revert-when-calling-a-stupidly-simple-solidity-function","title":"VirtualMachineError: revert when calling a stupidly simple Solidity function"},{"tags":["rest","telegram","telegram-bot"],"owner":{"account_id":28496116,"reputation":31,"user_id":21807988,"user_type":"registered","profile_image":"https://www.gravatar.com/avatar/f8e0e13ea5ab405c6deac7437935ebc4?s=256&d=identicon&r=PG&f=y&so-version=2","display_name":"Radu","link":"https://stackoverflow.com/users/21807988/radu"},"is_answered":false,"view_count":92,"answer_count":0,"score":3,"last_activity_date":1683368734,"creation_date":1683280608,"last_edit_date":1683368734,"question_id":76180976,"content_license":"CC BY-SA 4.0","link":"https://stackoverflow.com/questions/76180976/getchat-doesnt-return-active-usernames-telegram-bots-api","title":"getChat doesn&#39;t return active_usernames Telegram Bots API"},{"tags":["intellij-idea","profiler"],"owner":{"account_id":88022,"reputation":26126,"user_id":243755,"user_type":"registered","accept_rate":60,"profile_image":"https://www.gravatar.com/avatar/dd3b1dec4a32f39e9c1faa7362c18710?s=256&d=identicon&r=PG","display_name":"zjffdu","link":"https://stackoverflow.com/users/243755/zjffdu"},"is_answered":false,"view_count":229,"answer_count":1,"score":1,"last_activity_date":1683899085,"creation_date":1683280606,"last_edit_date":1683860733,"question_id":76180975,"content_license":"CC BY-SA 4.0","link":"https://stackoverflow.com/questions/76180975/how-to-use-wall-clock-time-in-intellij-profiler","title":"How to use wall clock time in intellij profiler?"},{"tags":["c++","gdb"],"owner":{"account_id":9978451,"reputation":166,"user_id":7382182,"user_type":"registered","profile_image":"https://www.gravatar.com/avatar/7ee86586855530950726f28023e32127?s=256&d=identicon&r=PG&f=y&so-version=2","display_name":"DickHunter","link":"https://stackoverflow.com/users/7382182/dickhunter"},"is_answered":false,"view_count":63,"answer_count":0,"score":0,"last_activity_date":1683284020,"creation_date":1683280577,"last_edit_date":1683284020,"question_id":76180974,"content_license":"CC BY-SA 4.0","link":"https://stackoverflow.com/questions/76180974/how-to-view-the-value-corresponding-to-a-specific-key-in-stdunordered-map-in-g","title":"How to view the value corresponding to a specific key in std::unordered_map in gdb?"},{"tags":["javascript","vue.js","vuejs3"],"owner":{"account_id":5709494,"reputation":4187,"user_id":4512005,"user_type":"registered","accept_rate":92,"profile_image":"https://i.stack.imgur.com/klCR6.jpg?s=256&g=1","display_name":"Razvan Zamfir","link":"https://stackoverflow.com/users/4512005/razvan-zamfir"},"is_answered":true,"view_count":151,"accepted_answer_id":76181195,"answer_count":1,"score":2,"last_activity_date":1683321938,"creation_date":1683280545,"last_edit_date":1683281005,"question_id":76180971,"content_license":"CC BY-SA 4.0","link":"https://stackoverflow.com/questions/76180971/what-causes-the-failure-to-detect-a-click-event-outside-an-html-element-in-this","title":"What causes the failure to detect a click event outside an html element in this Vue 3 app?"},{"tags":["r","linearhypothesis"],"owner":{"account_id":28515281,"reputation":1,"user_id":21824732,"user_type":"registered","profile_image":"https://lh3.googleusercontent.com/a/AGNmyxb3zrKejlzcAWH1YuEsy3nTF5X5W6i4hnGY2q_P258=k-s256","display_name":"理則頓悟事非頓除","link":"https://stackoverflow.com/users/21824732/%e7%90%86%e5%89%87%e9%a0%93%e6%82%9f%e4%ba%8b%e9%9d%9e%e9%a0%93%e9%99%a4"},"is_answered":false,"view_count":20,"answer_count":0,"score":0,"last_activity_date":1683280544,"creation_date":1683280544,"question_id":76180970,"content_license":"CC BY-SA 4.0","link":"https://stackoverflow.com/questions/76180970/linearhypothesis-from-vecm-in-r","title":"linearHypothesis from VECM in R"},{"tags":["python","python-3.x","fastapi","endpoint"],"owner":{"account_id":20393453,"reputation":3,"user_id":14960863,"user_type":"registered","profile_image":"https://www.gravatar.com/avatar/a1a201d487043bd08ecb4866941dd5d6?s=256&d=identicon&r=PG&f=y&so-version=2","display_name":"ivenoidea","link":"https://stackoverflow.com/users/14960863/ivenoidea"},"is_answered":true,"view_count":196,"closed_date":1686140474,"accepted_answer_id":76279296,"answer_count":2,"score":-1,"last_activity_date":1697101182,"creation_date":1683280513,"last_edit_date":1697101182,"question_id":76180964,"link":"https://stackoverflow.com/questions/76180964/endpoint-security-in-fastapi","closed_reason":"Duplicate","title":"Endpoint security in FastAPI"},{"tags":["node-modules","svelte","vite","sveltekit","jodit"],"owner":{"account_id":28515371,"reputation":41,"user_id":21824803,"user_type":"registered","profile_image":"https://www.gravatar.com/avatar/1de09a8e8df2953c5f85eacc7bf87075?s=256&d=identicon&r=PG&f=y&so-version=2","display_name":"CodingCookie","link":"https://stackoverflow.com/users/21824803/codingcookie"},"is_answered":true,"view_count":1683,"answer_count":1,"score":4,"last_activity_date":1689366160,"creation_date":1683280490,"question_id":76180960,"content_license":"CC BY-SA 4.0","link":"https://stackoverflow.com/questions/76180960/svelte-vite-node-module-import-error-error-when-evaluating-ssr-module-failed","title":"Svelte + Vite node module import error: Error when evaluating SSR module, failed to import module"},{"tags":["amazon-web-services","terraform","amazon-waf"],"owner":{"account_id":18270276,"reputation":137,"user_id":13341686,"user_type":"registered","profile_image":"https://lh3.googleusercontent.com/-EWlWm5DEByQ/AAAAAAAAAAI/AAAAAAAAAAA/AAKWJJN7AsV_brSsfeHuicCvmlByi-3V6g/photo.jpg?sz=256","display_name":"BigRed247","link":"https://stackoverflow.com/users/13341686/bigred247"},"is_answered":true,"view_count":497,"answer_count":1,"score":-2,"last_activity_date":1686151391,"creation_date":1683280466,"last_edit_date":1686151391,"question_id":76180957,"content_license":"CC BY-SA 4.0","link":"https://stackoverflow.com/questions/76180957/issue-with-aws-waf-visibility-config-with-terraform","title":"issue with aws waf visibility config with terraform"},{"tags":["cassandra"],"owner":{"account_id":28420490,"reputation":23,"user_id":21742625,"user_type":"registered","profile_image":"https://www.gravatar.com/avatar/7693f64198fa12f611539936bab9201d?s=256&d=identicon&r=PG&f=y&so-version=2","display_name":"Jyoti Virkar","link":"https://stackoverflow.com/users/21742625/jyoti-virkar"},"is_answered":false,"view_count":23,"answer_count":0,"score":1,"last_activity_date":1683280445,"creation_date":1683280445,"question_id":76180954,"content_license":"CC BY-SA 4.0","link":"https://stackoverflow.com/questions/76180954/java-code-working-for-cassandra-version-3-11-but-not-for-4-1-version","title":"Java code working for Cassandra version 3.11 but not for 4.1 version"},{"tags":["amazon-web-services","grafana","aws-iot","aws-iot-sitewise"],"owner":{"account_id":12607047,"reputation":21,"user_id":9167591,"user_type":"registered","profile_image":"https://www.gravatar.com/avatar/ab179c7a5abeff79acc649d385d52ce5?s=256&d=identicon&r=PG&f=y&so-version=2","display_name":"P Hopkins","link":"https://stackoverflow.com/users/9167591/p-hopkins"},"is_answered":false,"view_count":76,"answer_count":0,"score":0,"last_activity_date":1683280434,"creation_date":1683280434,"question_id":76180953,"content_license":"CC BY-SA 4.0","link":"https://stackoverflow.com/questions/76180953/aws-twinmaker-with-aws-managed-grafana-tag-query-problem","title":"AWS Twinmaker with AWS Managed Grafana Tag Query Problem"},{"tags":["javascript","html","css"],"owner":{"account_id":23549457,"reputation":1,"user_id":17890723,"user_type":"registered","profile_image":"https://lh3.googleusercontent.com/a/AATXAJy5QzHrFh-HjL388a_1vMiLCwkK-4_ATxmi47Hg=k-s256","display_name":"sahood","link":"https://stackoverflow.com/users/17890723/sahood"},"is_answered":false,"view_count":37,"answer_count":1,"score":0,"last_activity_date":1683293810,"creation_date":1683280431,"last_edit_date":1683293810,"question_id":76180952,"content_license":"CC BY-SA 4.0","link":"https://stackoverflow.com/questions/76180952/print-preview-failed-while-printing-small-sized-pages","title":"&quot;print preview failed&quot; while printing small sized pages"},{"tags":["logstash","kibana","elastic-stack","filebeat"],"owner":{"account_id":2422353,"reputation":53,"user_id":2115050,"user_type":"registered","profile_image":"https://www.gravatar.com/avatar/4bc0b4f921e60922c49256948990887a?s=256&d=identicon&r=PG","display_name":"user2115050","link":"https://stackoverflow.com/users/2115050/user2115050"},"is_answered":false,"view_count":42,"answer_count":0,"score":0,"last_activity_date":1683280428,"creation_date":1683280428,"question_id":76180951,"content_license":"CC BY-SA 4.0","link":"https://stackoverflow.com/questions/76180951/filebeat-nginx-add-logfile-name-as-field","title":"Filebeat - NGINX: Add logfile name as field"},{"tags":["php","timezone","modx-revolution"],"owner":{"account_id":18779248,"reputation":101,"user_id":13694278,"user_type":"registered","profile_image":"https://www.gravatar.com/avatar/c1b36df9cbd2ed8e7cdeb3d7b4987f9c?s=256&d=identicon&r=PG&f=y&so-version=2","display_name":"Niko Suominen","link":"https://stackoverflow.com/users/13694278/niko-suominen"},"is_answered":false,"view_count":14,"answer_count":0,"score":0,"last_activity_date":1683280425,"creation_date":1683280425,"question_id":76180950,"content_license":"CC BY-SA 4.0","link":"https://stackoverflow.com/questions/76180950/modx3-manager-sessions-expiry-frequently","title":"MODX3 manager sessions expiry frequently"},{"tags":["java","spring","spring-boot","tomcat"],"owner":{"account_id":8901665,"reputation":315,"user_id":6644926,"user_type":"registered","accept_rate":12,"profile_image":"https://graph.facebook.com/1146963865376443/picture?type=large","display_name":"Владимир Гичев","link":"https://stackoverflow.com/users/6644926/%d0%92%d0%bb%d0%b0%d0%b4%d0%b8%d0%bc%d0%b8%d1%80-%d0%93%d0%b8%d1%87%d0%b5%d0%b2"},"is_answered":false,"view_count":78,"answer_count":0,"score":0,"last_activity_date":1683280366,"creation_date":1683280366,"question_id":76180945,"content_license":"CC BY-SA 4.0","link":"https://stackoverflow.com/questions/76180945/rest-service-slow-download","title":"Rest service slow download"},{"tags":["microk8s","kubelet"],"owner":{"account_id":28515496,"reputation":1,"user_id":21824912,"user_type":"registered","profile_image":"https://www.gravatar.com/avatar/60f8b4176fad71185e287cd7e8701edb?s=256&d=identicon&r=PG&f=y&so-version=2","display_name":"certram","link":"https://stackoverflow.com/users/21824912/certram"},"is_answered":false,"view_count":210,"answer_count":0,"score":0,"last_activity_date":1683380896,"creation_date":1683280361,"last_edit_date":1683380896,"question_id":76180944,"content_license":"CC BY-SA 4.0","link":"https://stackoverflow.com/questions/76180944/how-to-solve-the-pods-failedmount-problem","title":"how to solve the pods FailedMount problem"},{"tags":["vue.js","firefox","kerberos","spnego"],"owner":{"account_id":7596267,"reputation":61,"user_id":5762377,"user_type":"registered","profile_image":"https://www.gravatar.com/avatar/463e789defd9bf61d692888376b4156c?s=256&d=identicon&r=PG&f=y&so-version=2","display_name":"g0pher","link":"https://stackoverflow.com/users/5762377/g0pher"},"is_answered":false,"view_count":82,"answer_count":0,"score":0,"last_activity_date":1683280355,"creation_date":1683280355,"question_id":76180942,"content_license":"CC BY-SA 4.0","link":"https://stackoverflow.com/questions/76180942/firefox-not-creating-ticket-for-spnego-kerberos-with-client-side-vue-application","title":"firefox not creating ticket for spnego/kerberos with client-side vue application"},{"tags":["node.js"],"owner":{"account_id":15326941,"reputation":685,"user_id":11057811,"user_type":"registered","profile_image":"https://lh5.googleusercontent.com/-tNG5N2xURVQ/AAAAAAAAAAI/AAAAAAAAAAA/ACevoQPAdekTQDzSCUCrcjIvSjd5KIy-bg/mo/photo.jpg?sz=256","display_name":"BitQueen","link":"https://stackoverflow.com/users/11057811/bitqueen"},"is_answered":false,"view_count":24,"answer_count":0,"score":0,"last_activity_date":1683280339,"creation_date":1683280339,"question_id":76180940,"content_license":"CC BY-SA 4.0","link":"https://stackoverflow.com/questions/76180940/node-js-require-classes-using-string-variable-names","title":"Node.js require classes using string variable names"},{"tags":["ms-word","office-js","office-addins","word-addins","word-web-addins"],"owner":{"account_id":14953704,"reputation":51,"user_id":10795827,"user_type":"registered","profile_image":"https://lh4.googleusercontent.com/-BNSxALZyFpU/AAAAAAAAAAI/AAAAAAAALZU/o9-WuQH_Tno/photo.jpg?sz=256","display_name":"Eyal Elbaz","link":"https://stackoverflow.com/users/10795827/eyal-elbaz"},"is_answered":false,"view_count":51,"answer_count":0,"score":0,"last_activity_date":1683735239,"creation_date":1683280324,"last_edit_date":1683735239,"question_id":76180937,"content_license":"CC BY-SA 4.0","link":"https://stackoverflow.com/questions/76180937/second-line-indent-office-js","title":"Second line indent office js"},{"tags":["ruby-on-rails"],"owner":{"account_id":2757929,"reputation":5720,"user_id":2399861,"user_type":"registered","accept_rate":85,"profile_image":"https://www.gravatar.com/avatar/5fbe887e0a643cd477ba3f14fa528f84?s=256&d=identicon&r=PG","display_name":"Ruby Racer","link":"https://stackoverflow.com/users/2399861/ruby-racer"},"is_answered":true,"view_count":113,"accepted_answer_id":76182481,"answer_count":1,"score":0,"last_activity_date":1683736646,"creation_date":1683280318,"last_edit_date":1683280392,"question_id":76180935,"content_license":"CC BY-SA 4.0","link":"https://stackoverflow.com/questions/76180935/override-json-parse-method","title":"Override JSON parse method"},{"tags":["json","apache-spark","pyspark","apache-spark-sql","databricks"],"owner":{"account_id":17434934,"reputation":6705,"user_id":12638118,"user_type":"registered","profile_image":"https://www.gravatar.com/avatar/440ba77451be8bf14ce8c07b5a1962b7?s=256&d=identicon&r=PG&f=y&so-version=2","display_name":"Robert Kossendey","link":"https://stackoverflow.com/users/12638118/robert-kossendey"},"is_answered":true,"view_count":505,"accepted_answer_id":76181835,"answer_count":1,"score":0,"last_activity_date":1683287041,"creation_date":1683280298,"question_id":76180934,"content_license":"CC BY-SA 4.0","link":"https://stackoverflow.com/questions/76180934/flatten-nested-json-struct-with-dynamic-keys-in-pyspark","title":"Flatten nested JSON struct with dynamic keys in PySpark"},{"tags":["linux","bash"],"owner":{"account_id":1036612,"reputation":2435,"user_id":3951929,"user_type":"registered","accept_rate":93,"profile_image":"https://www.gravatar.com/avatar/dcae1b2ce2db935c665c6ff45496d966?s=256&d=identicon&r=PG","display_name":"Eduardo","link":"https://stackoverflow.com/users/3951929/eduardo"},"is_answered":true,"view_count":154,"accepted_answer_id":76180947,"answer_count":4,"score":3,"last_activity_date":1683348841,"creation_date":1683280285,"question_id":76180932,"content_license":"CC BY-SA 4.0","link":"https://stackoverflow.com/questions/76180932/shortest-command-to-print-a-to-z-one-per-line-in-bash","title":"shortest command to print a to z one per line in bash"},{"tags":["kotlin","kotlin-flow"],"owner":{"account_id":439749,"reputation":1039,"user_id":828896,"user_type":"registered","accept_rate":76,"profile_image":"https://i.stack.imgur.com/YA33S.jpg?s=256&g=1","display_name":"HelloCW","link":"https://stackoverflow.com/users/828896/hellocw"},"is_answered":true,"view_count":57,"accepted_answer_id":76180989,"answer_count":1,"score":0,"last_activity_date":1685132410,"creation_date":1683280278,"last_edit_date":1685132410,"question_id":76180931,"content_license":"CC BY-SA 4.0","link":"https://stackoverflow.com/questions/76180931/what-will-occur-when-i-apply-take2-for-a-flow","title":"What will occur when I apply .take(2) for a Flow?"},{"tags":["mmap","memory-mapped-files","page-caching"],"owner":{"account_id":9449562,"reputation":2322,"user_id":7026980,"user_type":"registered","accept_rate":89,"profile_image":"https://lh4.googleusercontent.com/-7DdcoRAPNqE/AAAAAAAAAAI/AAAAAAAAAAA/m47uU8augaU/photo.jpg?sz=256","display_name":"doraemon","link":"https://stackoverflow.com/users/7026980/doraemon"},"is_answered":false,"view_count":27,"answer_count":0,"score":1,"last_activity_date":1683531706,"creation_date":1683280190,"question_id":76180926,"content_license":"CC BY-SA 4.0","link":"https://stackoverflow.com/questions/76180926/boost-mapped-file-and-page-fault","title":"boost mapped_file and page fault"},{"tags":["javascript","css","rust","tauri"],"owner":{"account_id":15053933,"reputation":92,"user_id":10864852,"user_type":"registered","profile_image":"https://www.gravatar.com/avatar/f7a443f8972371f187fbc7c4dcf67c27?s=256&d=identicon&r=PG&f=y&so-version=2","display_name":"Matteo Violetto","link":"https://stackoverflow.com/users/10864852/matteo-violetto"},"is_answered":true,"view_count":1523,"answer_count":3,"score":-1,"last_activity_date":1686240642,"creation_date":1683280163,"question_id":76180922,"content_license":"CC BY-SA 4.0","link":"https://stackoverflow.com/questions/76180922/set-window-border-radius-in-tauri-apps","title":"Set window border radius in tauri apps"},{"tags":["ruby-on-rails","ruby"],"owner":{"account_id":17047394,"reputation":101,"user_id":12333900,"user_type":"registered","profile_image":"https://www.gravatar.com/avatar/58efbb30d64091f176f1d46fecfafb9d?s=256&d=identicon&r=PG&f=y&so-version=2","display_name":"Luca","link":"https://stackoverflow.com/users/12333900/luca"},"is_answered":true,"view_count":56,"accepted_answer_id":76181130,"answer_count":1,"score":1,"last_activity_date":1683281833,"creation_date":1683280161,"last_edit_date":1683280465,"question_id":76180921,"content_license":"CC BY-SA 4.0","link":"https://stackoverflow.com/questions/76180921/edit-article-comment","title":"Edit Article comment"},{"tags":["pytorch","torchserve"],"owner":{"account_id":24472976,"reputation":47,"user_id":18392430,"user_type":"registered","profile_image":"https://www.gravatar.com/avatar/5555e7ea8e99982cd874b8313611499c?s=256&d=identicon&r=PG","display_name":"sereneSentry","link":"https://stackoverflow.com/users/18392430/serenesentry"},"is_answered":false,"view_count":483,"answer_count":0,"score":0,"last_activity_date":1685357722,"creation_date":1683280158,"last_edit_date":1685357722,"question_id":76180918,"content_license":"CC BY-SA 4.0","link":"https://stackoverflow.com/questions/76180918/torchserve-worker-dies-message-size-exceed-limit","title":"TorchServe worker dies - Message size exceed limit"}],"has_more":true,"quota_max":300,"quota_remaining":210}