{"items":[{"tags":["elasticsearch","logstash","logstash-configuration","logstash-filter"],"owner":{"account_id":14599808,"reputation":49,"user_id":10544377,"user_type":"registered","profile_image":"https://lh4.googleusercontent.com/-3YE9uab5fF0/AAAAAAAAAAI/AAAAAAAAA6Q/Hs7f-TbPjtA/photo.jpg?sz=256","display_name":"Archanfel","link":"https://stackoverflow.com/users/10544377/archanfel"},"is_answered":true,"view_count":144,"accepted_answer_id":75456143,"answer_count":2,"score":0,"last_activity_date":1676450394,"creation_date":1676437180,"last_edit_date":1676439286,"question_id":75455644,"content_license":"CC BY-SA 4.0","link":"https://stackoverflow.com/questions/75455644/how-to-place-splitted-array-object-into-root-level-of-elasticsearch-doc-using-lo","title":"how to place splitted array object into root level of elasticsearch doc using logstash split plugin"},{"tags":["select","material-ui"],"owner":{"account_id":23938889,"reputation":13,"user_id":17932293,"user_type":"registered","profile_image":"https://lh3.googleusercontent.com/a-/AOh14Ghyzylg6BfrDe6xqSjNkeTTjqNeU-ThV_bagfxT=k-s256","display_name":"Syed Noohu","link":"https://stackoverflow.com/users/17932293/syed-noohu"},"is_answered":false,"view_count":161,"answer_count":0,"score":0,"last_activity_date":1676437489,"creation_date":1676437175,"last_edit_date":1676437489,"question_id":75455643,"content_license":"CC BY-SA 4.0","link":"https://stackoverflow.com/questions/75455643/mui-select-chip-with-reach-hook-form-cant-get-the-update-value-reactjs","title":"mui Select/chip with Reach-hook-form - Can&#39;t get the update value (Reactjs)"},{"tags":["database","orm","sequelize.js","nestjs","many-to-many"],"owner":{"account_id":12328869,"reputation":60,"user_id":11644567,"user_type":"registered","profile_image":"https://www.gravatar.com/avatar/ec0441474f233c7eb87c551cb47dd7a4?s=256&d=identicon&r=PG&f=y&so-version=2","display_name":"Ncado","link":"https://stackoverflow.com/users/11644567/ncado"},"is_answered":true,"view_count":31,"accepted_answer_id":75486840,"answer_count":1,"score":0,"last_activity_date":1676651063,"creation_date":1676437137,"question_id":75455641,"content_license":"CC BY-SA 4.0","link":"https://stackoverflow.com/questions/75455641/sequalize-save-array-of-items","title":"Sequalize save array of items"},{"tags":["android","google-nearby-connections"],"owner":{"account_id":25014512,"reputation":26,"user_id":18873721,"user_type":"registered","profile_image":"https://lh3.googleusercontent.com/a/AATXAJzfhwI58KCPlMpGasPK0pqunPL-9BE0jMxdGdhU=k-s256","display_name":"Hai Luong","link":"https://stackoverflow.com/users/18873721/hai-luong"},"is_answered":false,"view_count":27,"answer_count":0,"score":0,"last_activity_date":1676437131,"creation_date":1676437131,"question_id":75455640,"content_license":"CC BY-SA 4.0","link":"https://stackoverflow.com/questions/75455640/android-nearby-connections-api-cancelpayload-not-working","title":"Android Nearby Connections API - cancelPayload() not working"},{"tags":["powershell","azure-functions","azure-powershell","azure-functions-core-tools"],"owner":{"account_id":22734595,"reputation":31,"user_id":16896971,"user_type":"registered","profile_image":"https://www.gravatar.com/avatar/d83f622f571eb6480b377a51238abeeb?s=256&d=identicon&r=PG&f=y&so-version=2","display_name":"SANDEEP KUMAR","link":"https://stackoverflow.com/users/16896971/sandeep-kumar"},"is_answered":false,"view_count":93,"answer_count":1,"score":1,"last_activity_date":1677829703,"creation_date":1676437062,"question_id":75455637,"content_license":"CC BY-SA 4.0","link":"https://stackoverflow.com/questions/75455637/powershell-function-app-invoking-azure-vm-from-visual-studio-installed-in-azure","title":"Powershell Function App- Invoking Azure VM from Visual Studio installed in Azure VM"},{"tags":["spring"],"owner":{"account_id":1103468,"reputation":5324,"user_id":1095362,"user_type":"registered","accept_rate":43,"profile_image":"https://www.gravatar.com/avatar/a935299844c31ef1eb01a4e7e028bb2e?s=256&d=identicon&r=PG","display_name":"robert trudel","link":"https://stackoverflow.com/users/1095362/robert-trudel"},"is_answered":true,"view_count":24,"accepted_answer_id":75456227,"answer_count":1,"score":0,"last_activity_date":1676442695,"creation_date":1676437037,"question_id":75455634,"content_license":"CC BY-SA 4.0","link":"https://stackoverflow.com/questions/75455634/object-not-initialized-with-autowire","title":"Object not initialized with autowire"},{"tags":["python-3.x","pandas"],"owner":{"account_id":8692664,"reputation":2575,"user_id":6505146,"user_type":"registered","accept_rate":90,"profile_image":"https://lh4.googleusercontent.com/-K2CFTSiAj0w/AAAAAAAAAAI/AAAAAAAAABI/SCn-x79VV6Y/photo.jpg?sz=256","display_name":"Arash Howaida","link":"https://stackoverflow.com/users/6505146/arash-howaida"},"is_answered":true,"view_count":32,"answer_count":1,"score":2,"last_activity_date":1676542124,"creation_date":1676436976,"last_edit_date":1676438486,"question_id":75455632,"content_license":"CC BY-SA 4.0","link":"https://stackoverflow.com/questions/75455632/column-comprehension-robust-to-missing-values","title":"column comprehension robust to missing values"},{"tags":["javascript","visual-studio-code","webpack","import","intellisense"],"owner":{"account_id":24251552,"reputation":21,"user_id":18202501,"user_type":"registered","profile_image":"https://www.gravatar.com/avatar/99195be05d334a889c87ec6adbeb8446?s=256&d=identicon&r=PG","display_name":"senzu","link":"https://stackoverflow.com/users/18202501/senzu"},"is_answered":false,"view_count":84,"answer_count":0,"score":1,"last_activity_date":1676436911,"creation_date":1676436911,"question_id":75455628,"content_license":"CC BY-SA 4.0","link":"https://stackoverflow.com/questions/75455628/webpack-alias-do-not-work-completly-in-vscode","title":"Webpack alias do not work completly in vscode"},{"tags":["windows","directory","active-directory"],"owner":{"account_id":27789674,"reputation":1,"user_id":21216361,"user_type":"registered","profile_image":"https://www.gravatar.com/avatar/6043b02043fcea5dba04d78070d4fc24?s=256&d=identicon&r=PG","display_name":"Sagar Kanase","link":"https://stackoverflow.com/users/21216361/sagar-kanase"},"is_answered":false,"view_count":10,"answer_count":0,"score":0,"last_activity_date":1676436908,"creation_date":1676436908,"question_id":75455627,"content_license":"CC BY-SA 4.0","link":"https://stackoverflow.com/questions/75455627/can-we-reduce-klist-ticket-session-time-from-600-mins-to-30-min-in-windows-syste","title":"can we reduce Klist ticket session time from 600 mins to 30 min in windows system which is in company domain?"},{"tags":["freeswitch","sips","srtp"],"owner":{"account_id":5350719,"reputation":151,"user_id":4264922,"user_type":"registered","profile_image":"https://www.gravatar.com/avatar/316f1f65e963e9f35e3600a9c653c385?s=256&d=identicon&r=PG&f=y&so-version=2","display_name":"Dev","link":"https://stackoverflow.com/users/4264922/dev"},"is_answered":false,"view_count":46,"answer_count":0,"score":0,"last_activity_date":1676530637,"creation_date":1676436790,"last_edit_date":1676530637,"question_id":75455620,"content_license":"CC BY-SA 4.0","link":"https://stackoverflow.com/questions/75455620/why-does-freeswitch-need-to-open-non-secure-port-for-sips-srtp-to-work","title":"Why does FreeSWITCH need to open non-secure port for SIPS/SRTP to work?"},{"tags":["javascript","asp.net",".net","asp.net-mvc","curl"],"owner":{"account_id":23811847,"reputation":220,"user_id":17820562,"user_type":"registered","profile_image":"https://www.gravatar.com/avatar/efa35eb4690b632894e12a7cf90cedcd?s=256&d=identicon&r=PG","display_name":"JohnS","link":"https://stackoverflow.com/users/17820562/johns"},"is_answered":false,"view_count":32,"answer_count":1,"score":2,"last_activity_date":1676438140,"creation_date":1676436769,"question_id":75455616,"content_license":"CC BY-SA 4.0","link":"https://stackoverflow.com/questions/75455616/post-for-with-header-according-to-curl-sample","title":"Post for with header (according to CURL sample)"},{"tags":["django","django-models","django-views","django-forms","django-templates"],"owner":{"account_id":27789710,"reputation":33,"user_id":21216390,"user_type":"registered","profile_image":"https://www.gravatar.com/avatar/29e9b66c8fb19f7d0663a0a9f0a0b5d8?s=256&d=identicon&r=PG","display_name":"Stew","link":"https://stackoverflow.com/users/21216390/stew"},"is_answered":true,"view_count":67,"accepted_answer_id":75455646,"answer_count":2,"score":1,"last_activity_date":1676440452,"creation_date":1676436755,"last_edit_date":1676437287,"question_id":75455615,"content_license":"CC BY-SA 4.0","link":"https://stackoverflow.com/questions/75455615/how-to-by-default-not-show-list-of-items","title":"How to by default not show list of items?"},{"tags":["ruby","rabbitmq","sneakers"],"owner":{"account_id":6867095,"reputation":2158,"user_id":5279080,"user_type":"registered","accept_rate":68,"profile_image":"https://lh5.googleusercontent.com/-LoDm6XYbQug/AAAAAAAAAAI/AAAAAAAAABE/t33anFH2T3I/photo.jpg?sz=256","display_name":"alilland","link":"https://stackoverflow.com/users/5279080/alilland"},"is_answered":false,"view_count":128,"answer_count":1,"score":0,"last_activity_date":1676577744,"creation_date":1676436737,"last_edit_date":1676437163,"question_id":75455612,"content_license":"CC BY-SA 4.0","link":"https://stackoverflow.com/questions/75455612/how-can-i-use-sneakers-for-rabbitmq-to-requeue-a-message-for-up-to-5-failed-at","title":"How can I use sneakers (for rabbitMQ) to requeue a message for up to 5 failed attempts?"},{"tags":["css","reactjs","rsuite"],"owner":{"account_id":22253435,"reputation":7,"user_id":16485947,"user_type":"registered","profile_image":"https://lh3.googleusercontent.com/a-/AOh14Gh2BsR9obOtQGwIJ_FiUgKoqA38CcsTjYnYf89mjA=k-s256","display_name":"Nguyễn B&#225; Kh&#225;nh","link":"https://stackoverflow.com/users/16485947/nguy%e1%bb%85n-b%c3%a1-kh%c3%a1nh"},"is_answered":true,"view_count":76,"accepted_answer_id":75456553,"answer_count":1,"score":1,"last_activity_date":1676445382,"creation_date":1676436726,"last_edit_date":1676443833,"question_id":75455611,"content_license":"CC BY-SA 4.0","link":"https://stackoverflow.com/questions/75455611/errormessage-in-rsuite-cant-overflow-in-table-row","title":"ErrorMessage in Rsuite cant overflow in table row"},{"tags":["google-cloud-platform","reporting","dashboard","looker-studio"],"owner":{"account_id":17175911,"reputation":63,"user_id":19487624,"user_type":"registered","profile_image":"https://lh5.googleusercontent.com/-QmdeIW31y7w/AAAAAAAAAAI/AAAAAAAAAAA/ACHi3rcJhAzOYIcDQ1IqWRqK_j5CxbkzKA/photo.jpg?sz=256","display_name":"Ramteja Guthikonda","link":"https://stackoverflow.com/users/19487624/ramteja-guthikonda"},"is_answered":true,"view_count":59,"accepted_answer_id":75463399,"answer_count":1,"score":0,"last_activity_date":1676481935,"creation_date":1676436701,"question_id":75455610,"content_license":"CC BY-SA 4.0","link":"https://stackoverflow.com/questions/75455610/creating-new-field-in-data-studio","title":"Creating new field in Data Studio"},{"tags":["google-cloud-firestore","google-cloud-functions","publish-subscribe","google-cloud-pubsub"],"owner":{"account_id":18718018,"reputation":61,"user_id":13646557,"user_type":"registered","profile_image":"https://graph.facebook.com/2276421622666808/picture?type=large","display_name":"안은노","link":"https://stackoverflow.com/users/13646557/%ec%95%88%ec%9d%80%eb%85%b8"},"is_answered":false,"view_count":142,"answer_count":1,"score":3,"last_activity_date":1676438327,"creation_date":1676436688,"question_id":75455609,"content_license":"CC BY-SA 4.0","link":"https://stackoverflow.com/questions/75455609/how-to-write-firebase-function-sending-message-after-5-minutes","title":"How to write firebase function sending message after 5 minutes?"},{"tags":["python","azure","azure-cosmosdb"],"owner":{"account_id":12578540,"reputation":51,"user_id":9150113,"user_type":"registered","profile_image":"https://lh3.googleusercontent.com/--ZgEvgFAsoA/AAAAAAAAAAI/AAAAAAAAIoU/6R80Fj7qT6Y/photo.jpg?sz=256","display_name":"Brahmesh donepudi","link":"https://stackoverflow.com/users/9150113/brahmesh-donepudi"},"is_answered":true,"view_count":356,"answer_count":1,"score":5,"last_activity_date":1676469832,"creation_date":1676436594,"last_edit_date":1676469832,"question_id":75455606,"content_license":"CC BY-SA 4.0","link":"https://stackoverflow.com/questions/75455606/cosmosdb-unable-to-run-group-by-query-in-python-sdk","title":"CosmosDB: Unable to run group by query in python SDK"},{"tags":["c++","g++","nlohmann-json"],"owner":{"account_id":21633423,"reputation":331,"user_id":15956657,"user_type":"registered","profile_image":"https://www.gravatar.com/avatar/af29e66f2774d6ef8044d145d0256f33?s=256&d=identicon&r=PG&f=y&so-version=2","display_name":"alvrm","link":"https://stackoverflow.com/users/15956657/alvrm"},"is_answered":false,"view_count":428,"answer_count":0,"score":0,"last_activity_date":1676437268,"creation_date":1676436551,"last_edit_date":1676437268,"question_id":75455605,"content_license":"CC BY-SA 4.0","link":"https://stackoverflow.com/questions/75455605/c-compiler-no-such-file-or-directory-even-with-include-flag-set","title":"C++ compiler &quot;no such file or directory&quot; even with include flag set"},{"tags":["javascript","html","reactjs","use-reducer"],"owner":{"account_id":19684232,"reputation":63,"user_id":14410605,"user_type":"registered","profile_image":"https://lh4.googleusercontent.com/-UKHTREZv3yY/AAAAAAAAAAI/AAAAAAAAAAA/AMZuuclTHqmzvDGd-Es0-O3YF9pKhzUe3Q/photo.jpg?sz=256","display_name":"WebDeveloper1213","link":"https://stackoverflow.com/users/14410605/webdeveloper1213"},"is_answered":false,"view_count":54,"answer_count":0,"score":2,"last_activity_date":1676437240,"creation_date":1676436517,"question_id":75455601,"content_license":"CC BY-SA 4.0","link":"https://stackoverflow.com/questions/75455601/how-to-toggle-password-show-and-hide-using-usereducer-in-react","title":"How to toggle password show and hide using useReducer in react"},{"tags":["php","laravel","mongodb"],"owner":{"account_id":1098343,"reputation":1973,"user_id":1091439,"user_type":"registered","accept_rate":41,"profile_image":"https://www.gravatar.com/avatar/81ef02bd7f3fecadf3040b71e18ef093?s=256&d=identicon&r=PG","display_name":"Shibbir","link":"https://stackoverflow.com/users/1091439/shibbir"},"is_answered":false,"view_count":64,"answer_count":1,"score":0,"last_activity_date":1676456060,"creation_date":1676436459,"question_id":75455598,"content_license":"CC BY-SA 4.0","link":"https://stackoverflow.com/questions/75455598/laravel-mongodb-how-to-build-query-where-count-array-of-objects-equal-to-tot","title":"Laravel / Mongodb - How to build query where count array of objects equal to total numher of competitor"},{"tags":["angular","typescript"],"owner":{"account_id":4492780,"reputation":3503,"user_id":3653474,"user_type":"registered","accept_rate":57,"profile_image":"https://www.gravatar.com/avatar/dc83605aa5084bb1f6611edb48fedc20?s=256&d=identicon&r=PG&f=y&so-version=2","display_name":"user3653474","link":"https://stackoverflow.com/users/3653474/user3653474"},"is_answered":true,"view_count":60,"accepted_answer_id":75455948,"answer_count":2,"score":0,"last_activity_date":1676440356,"creation_date":1676436427,"last_edit_date":1676436767,"question_id":75455595,"content_license":"CC BY-SA 4.0","link":"https://stackoverflow.com/questions/75455595/compare-date-inside-loop-in-component","title":"Compare date inside loop in component"},{"tags":["java","spring","spring-boot","rbac"],"owner":{"account_id":27173612,"reputation":11,"user_id":20709925,"user_type":"registered","profile_image":"https://www.gravatar.com/avatar/a8dd6ec6697faa8abdc5269ed7265afc?s=256&d=identicon&r=PG","display_name":"prabhu_axm","link":"https://stackoverflow.com/users/20709925/prabhu-axm"},"is_answered":false,"view_count":40,"answer_count":0,"score":0,"last_activity_date":1676436322,"creation_date":1676436322,"question_id":75455588,"content_license":"CC BY-SA 4.0","link":"https://stackoverflow.com/questions/75455588/spring-boot-dynamically-updated-the-rbac-config-for-specific-methods","title":"Spring boot dynamically updated the RBAC config for specific methods"},{"tags":["python","list","function","for-loop"],"owner":{"account_id":27730191,"reputation":11,"user_id":21168853,"user_type":"registered","profile_image":"https://lh3.googleusercontent.com/a/AEdFTp50njZbE5NNNMklRRUbFQR3EVTwYcX-viJjTLxe=k-s256","display_name":"Ronaldo Gomez Santos","link":"https://stackoverflow.com/users/21168853/ronaldo-gomez-santos"},"is_answered":false,"view_count":24,"closed_date":1676436654,"answer_count":0,"score":1,"last_activity_date":1676436256,"creation_date":1676436256,"question_id":75455584,"link":"https://stackoverflow.com/questions/75455584/why-does-my-for-loop-only-remove-a-number-once-in-my-function","closed_reason":"Duplicate","title":"Why does my for loop only remove a number once in my function?"},{"tags":["javascript","jquery","calculation"],"owner":{"account_id":26687887,"reputation":45,"user_id":20296907,"user_type":"registered","profile_image":"https://lh3.googleusercontent.com/a/ALm5wu1ghY2FTnjr2OAlIk5NwhyvGEA3-Pi5hqv8jZOu=k-s256","display_name":"Mr Bim","link":"https://stackoverflow.com/users/20296907/mr-bim"},"is_answered":true,"view_count":140,"accepted_answer_id":75455879,"answer_count":2,"score":-1,"last_activity_date":1676457825,"creation_date":1676436251,"last_edit_date":1676447017,"question_id":75455583,"content_license":"CC BY-SA 4.0","link":"https://stackoverflow.com/questions/75455583/the-calculation-result-always-a-nan","title":"The calculation result always a &#39;NaN&#39;"},{"tags":["excel","office-js","office-addins","excel-addins","office-js-store"],"owner":{"account_id":22334784,"reputation":1,"user_id":16555556,"user_type":"registered","profile_image":"https://www.gravatar.com/avatar/b7bacfb058dd5f349d28123668e503c9?s=256&d=identicon&r=PG&f=y&so-version=2","display_name":"Gels","link":"https://stackoverflow.com/users/16555556/gels"},"is_answered":false,"view_count":39,"answer_count":1,"score":0,"last_activity_date":1676472677,"creation_date":1676436245,"last_edit_date":1676472677,"question_id":75455582,"content_license":"CC BY-SA 4.0","link":"https://stackoverflow.com/questions/75455582/unable-to-load-officejs-add-in-from-app-store","title":"Unable to load Officejs add-in from App store"},{"tags":["amazon-web-services","amazon-ec2"],"owner":{"account_id":3362982,"reputation":188,"user_id":2824374,"user_type":"registered","profile_image":"https://www.gravatar.com/avatar/edc19a39a96123a515155af19a8582ac?s=256&d=identicon&r=PG&f=y&so-version=2","display_name":"user2824374","link":"https://stackoverflow.com/users/2824374/user2824374"},"is_answered":false,"view_count":470,"answer_count":0,"score":0,"last_activity_date":1676436233,"creation_date":1676436233,"question_id":75455580,"content_license":"CC BY-SA 4.0","link":"https://stackoverflow.com/questions/75455580/how-can-i-get-the-logs-of-terminated-instance","title":"How can i get the logs of terminated instance?"},{"tags":["wordpress","woocommerce","gateway"],"owner":{"account_id":18653085,"reputation":3,"user_id":13596114,"user_type":"registered","profile_image":"https://lh4.googleusercontent.com/-zxBsNtqqmOs/AAAAAAAAAAI/AAAAAAAAAAA/AMZuucnIAcubHgmWtwmbxZAsIeKyJY6BWg/photo.jpg?sz=256","display_name":"arena arens","link":"https://stackoverflow.com/users/13596114/arena-arens"},"is_answered":true,"view_count":116,"accepted_answer_id":75462829,"answer_count":3,"score":0,"last_activity_date":1676479016,"creation_date":1676436219,"last_edit_date":1676436403,"question_id":75455579,"content_license":"CC BY-SA 4.0","link":"https://stackoverflow.com/questions/75455579/update-option-in-gateway-wordpress","title":"update_option in gateway wordpress"},{"tags":["oracle","indexing","rowid"],"owner":{"account_id":2846397,"reputation":6438,"user_id":2444661,"user_type":"registered","accept_rate":55,"profile_image":"https://www.gravatar.com/avatar/e2769763430962bbe0c30faff29ab8d4?s=256&d=identicon&r=PG","display_name":"Mandroid","link":"https://stackoverflow.com/users/2444661/mandroid"},"is_answered":true,"view_count":121,"accepted_answer_id":75459763,"answer_count":1,"score":-1,"last_activity_date":1676463860,"creation_date":1676436187,"question_id":75455577,"content_license":"CC BY-SA 4.0","link":"https://stackoverflow.com/questions/75455577/how-rowid-fetches-records-fast","title":"How ROWID fetches records fast?"},{"tags":["javascript","css","reactjs"],"owner":{"account_id":24412199,"reputation":21,"user_id":18339505,"user_type":"registered","profile_image":"https://www.gravatar.com/avatar/166b1011c23a91ec68dc05255104b519?s=256&d=identicon&r=PG","display_name":"Danilo Piovani","link":"https://stackoverflow.com/users/18339505/danilo-piovani"},"is_answered":true,"view_count":103,"accepted_answer_id":75459877,"answer_count":5,"score":2,"last_activity_date":1676465445,"creation_date":1676436118,"question_id":75455572,"content_license":"CC BY-SA 4.0","link":"https://stackoverflow.com/questions/75455572/css-js-how-to-make-sure-the-line-will-break-to-be-able-to-change-the-style","title":"CSS/JS - How to make sure the line will break to be able to change the style?"},{"tags":["python","string"],"owner":{"account_id":7995760,"reputation":1083,"user_id":6032140,"user_type":"registered","accept_rate":43,"profile_image":"https://www.gravatar.com/avatar/e1e5d5c40e26cec012aea72aba1e6cf1?s=256&d=identicon&r=PG&f=y&so-version=2","display_name":"Vimo","link":"https://stackoverflow.com/users/6032140/vimo"},"is_answered":true,"view_count":85,"accepted_answer_id":75455980,"answer_count":1,"score":2,"last_activity_date":1676481333,"creation_date":1676436117,"last_edit_date":1676481151,"question_id":75455571,"content_license":"CC BY-SA 4.0","link":"https://stackoverflow.com/questions/75455571/exact-sub-string-match-inside-a-string-in-python","title":"Exact sub-string match inside a string in Python"}],"has_more":true,"quota_max":300,"quota_remaining":290}