{"items":[{"tags":["typescript","react-native","react-functional-component"],"owner":{"account_id":18987504,"reputation":570,"user_id":13857453,"user_type":"registered","profile_image":"https://lh3.googleusercontent.com/a-/AOh14GgVDCfsO1EaEN3n3geRaOXbJZGSVhpYHv51PFM-=k-s256","display_name":"Wahidullah Shadab","link":"https://stackoverflow.com/users/13857453/wahidullah-shadab"},"is_answered":true,"view_count":72,"accepted_answer_id":75753437,"answer_count":2,"score":1,"last_activity_date":1678953639,"creation_date":1678856300,"question_id":75740707,"content_license":"CC BY-SA 4.0","link":"https://stackoverflow.com/questions/75740707/section-list-item-update-renders-all-the-section-list-items","title":"Section list item update renders all the section list items"},{"tags":["api","pagespeed"],"owner":{"account_id":28020075,"reputation":1,"user_id":21401050,"user_type":"registered","profile_image":"https://www.gravatar.com/avatar/9f48267a75fa9f6b01cfdc61c248d9d4?s=256&d=identicon&r=PG&f=y&so-version=2","display_name":"Mako Aluveaux","link":"https://stackoverflow.com/users/21401050/mako-aluveaux"},"is_answered":true,"view_count":734,"answer_count":1,"score":0,"last_activity_date":1679091816,"creation_date":1678856269,"question_id":75740704,"content_license":"CC BY-SA 4.0","link":"https://stackoverflow.com/questions/75740704/screaming-frog-lighthouse-java-lang-illegalstateexception","title":"Screaming Frog Lighthouse Java Lang.IllegalStateException"},{"tags":["javascript","environment-variables","svelte","sveltekit","supabase"],"owner":{"account_id":27980690,"reputation":41,"user_id":21368486,"user_type":"registered","profile_image":"https://www.gravatar.com/avatar/7b6f7a86f90addf20e01c95078283965?s=256&d=identicon&r=PG","display_name":"BeratK2","link":"https://stackoverflow.com/users/21368486/beratk2"},"is_answered":true,"view_count":392,"answer_count":1,"score":1,"last_activity_date":1678919847,"creation_date":1678856233,"question_id":75740703,"content_license":"CC BY-SA 4.0","link":"https://stackoverflow.com/questions/75740703/internal-server-error-supabaseurl-is-required-vite-and-sveltekit","title":"Internal server error: supabaseUrl is required. (Vite and Sveltekit)"},{"tags":["python","matplotlib","deep-learning","pytorch","training-data"],"owner":{"account_id":28010613,"reputation":3,"user_id":21393219,"user_type":"registered","profile_image":"https://i.stack.imgur.com/Y6HpG.jpg?s=256&g=1","display_name":"Scone","link":"https://stackoverflow.com/users/21393219/scone"},"is_answered":true,"view_count":737,"accepted_answer_id":75741576,"answer_count":1,"score":0,"last_activity_date":1678864974,"creation_date":1678856212,"last_edit_date":1678856445,"question_id":75740700,"content_license":"CC BY-SA 4.0","link":"https://stackoverflow.com/questions/75740700/plotting-training-and-validation-loss-curve-in-my-pytorch-model","title":"Plotting training and validation loss curve in my PyTorch model"},{"tags":["python","tensorflow","machine-learning","deep-learning","activation-function"],"owner":{"account_id":23133237,"reputation":52,"user_id":17237814,"user_type":"registered","profile_image":"https://lh3.googleusercontent.com/a-/AOh14GiNuvvp83eZHlG-XhHVadfpeKdH-y-69cf6ZEnzfQ=k-s256","display_name":"LinuxPenguin99","link":"https://stackoverflow.com/users/17237814/linuxpenguin99"},"is_answered":true,"view_count":48,"accepted_answer_id":75740913,"answer_count":2,"score":0,"last_activity_date":1678859813,"creation_date":1678856202,"question_id":75740699,"content_license":"CC BY-SA 4.0","link":"https://stackoverflow.com/questions/75740699/difference-calling-activation-function","title":"difference calling activation function"},{"tags":["c++","networking","unreal-engine4","unreal-engine5","qos"],"owner":{"account_id":5641975,"reputation":3339,"user_id":4465497,"user_type":"registered","accept_rate":89,"profile_image":"https://i.stack.imgur.com/vibwv.png?s=256&g=1","display_name":"XAMPPRocky","link":"https://stackoverflow.com/users/4465497/xampprocky"},"is_answered":false,"view_count":47,"answer_count":0,"score":1,"last_activity_date":1678873057,"creation_date":1678856166,"last_edit_date":1678873057,"question_id":75740695,"content_license":"CC BY-SA 4.0","link":"https://stackoverflow.com/questions/75740695/minimal-example-of-unreal-engine-s-qos-plugin","title":"Minimal Example of Unreal Engine’s QoS Plugin"},{"tags":["android","android-studio"],"owner":{"account_id":25832088,"reputation":11,"user_id":19569082,"user_type":"registered","profile_image":"https://lh3.googleusercontent.com/a-/AFdZucprXwxsCDXdtiwlNsT-U-rhw0EoPws1HLUDiBwShg=k-s256","display_name":"Dhruv Purohit","link":"https://stackoverflow.com/users/19569082/dhruv-purohit"},"is_answered":true,"view_count":755,"answer_count":3,"score":1,"last_activity_date":1679147970,"creation_date":1678856165,"last_edit_date":1679147970,"question_id":75740694,"content_license":"CC BY-SA 4.0","link":"https://stackoverflow.com/questions/75740694/how-can-i-add-fonts-in-android-studio","title":"How can I add fonts in Android Studio?"},{"tags":["dafny"],"owner":{"account_id":15354156,"reputation":21,"user_id":11076899,"user_type":"registered","profile_image":"https://www.gravatar.com/avatar/e80c0544888ab40274334e1303f35542?s=256&d=identicon&r=PG&f=y&so-version=2","display_name":"Abdallah Rayhan","link":"https://stackoverflow.com/users/11076899/abdallah-rayhan"},"is_answered":true,"view_count":174,"accepted_answer_id":75746715,"answer_count":1,"score":1,"last_activity_date":1678893531,"creation_date":1678856137,"question_id":75740691,"content_license":"CC BY-SA 4.0","link":"https://stackoverflow.com/questions/75740691/how-to-initilize-an-array-of-integers-in-dafny","title":"How to initilize an array of integers in Dafny"},{"tags":["javascript","eslint"],"owner":{"account_id":6744425,"reputation":1321,"user_id":6230282,"user_type":"registered","profile_image":"https://i.stack.imgur.com/B4bI5.png?s=256&g=1","display_name":"DannyNiu","link":"https://stackoverflow.com/users/6230282/dannyniu"},"is_answered":true,"view_count":156,"accepted_answer_id":75740750,"answer_count":1,"score":-1,"last_activity_date":1678857998,"creation_date":1678856100,"last_edit_date":1678857998,"question_id":75740689,"content_license":"CC BY-SA 4.0","link":"https://stackoverflow.com/questions/75740689/how-to-tell-eslint-that-a-certain-function-or-variable-is-used","title":"How to tell ESLint that a certain function or variable is used?"},{"tags":["vuejs2","vuetify.js"],"owner":{"account_id":28020058,"reputation":11,"user_id":21401037,"user_type":"registered","profile_image":"https://www.gravatar.com/avatar/c179dc687d2e52a8d27c0013d5207cac?s=256&d=identicon&r=PG&f=y&so-version=2","display_name":"user21401037","link":"https://stackoverflow.com/users/21401037/user21401037"},"is_answered":true,"view_count":132,"accepted_answer_id":75741621,"answer_count":1,"score":1,"last_activity_date":1678865256,"creation_date":1678856091,"last_edit_date":1678863393,"question_id":75740687,"content_license":"CC BY-SA 4.0","link":"https://stackoverflow.com/questions/75740687/vuetify-v-data-table-not-showing-singleselection-vue-2","title":"Vuetify v-data-table not showing singleSelection | Vue 2"},{"tags":["selenium-webdriver","web-scraping","python-requests","screen-scraping","dynamic-tables"],"owner":{"account_id":28020107,"reputation":1,"user_id":21401071,"user_type":"registered","profile_image":"https://lh3.googleusercontent.com/a/AGNmyxYUReYCw9KzMZVwoDH0_xkHRJFWDQuPnxn_PAW0PA=k-s256","display_name":"Khang Nguyen","link":"https://stackoverflow.com/users/21401071/khang-nguyen"},"is_answered":false,"view_count":431,"answer_count":3,"score":0,"last_activity_date":1678871278,"creation_date":1678856082,"question_id":75740686,"content_license":"CC BY-SA 4.0","link":"https://stackoverflow.com/questions/75740686/how-to-scrape-a-dynamically-loaded-table-inside-a-webpage","title":"How to scrape a dynamically loaded table inside a webpage?"},{"tags":["amazon-web-services","authentication","security","encryption","jwt"],"owner":{"account_id":1826610,"reputation":303,"user_id":1933486,"user_type":"registered","profile_image":"https://www.gravatar.com/avatar/60459b508afe8dceab4f6fdbbc76d8fd?s=256&d=identicon&r=PG","display_name":"sonny","link":"https://stackoverflow.com/users/1933486/sonny"},"is_answered":true,"view_count":695,"accepted_answer_id":75754513,"answer_count":1,"score":1,"last_activity_date":1678960399,"creation_date":1678856056,"last_edit_date":1678856901,"question_id":75740685,"content_license":"CC BY-SA 4.0","link":"https://stackoverflow.com/questions/75740685/should-jwt-tokens-be-encrypted-prior-to-being-sent-over-a-network","title":"Should JWT tokens be encrypted prior to being sent over a network?"},{"tags":["laravel","curl","whatsapi"],"owner":{"account_id":18725259,"reputation":53,"user_id":13652121,"user_type":"registered","profile_image":"https://lh3.googleusercontent.com/a-/AOh14Ghm-5Jx8H1n_42F3hXLDR4BHG9P0MBJjPgO7pFd-w=k-s256","display_name":"Md Sehirul Islam Rehi","link":"https://stackoverflow.com/users/13652121/md-sehirul-islam-rehi"},"is_answered":false,"view_count":224,"answer_count":0,"score":0,"last_activity_date":1678856039,"creation_date":1678856039,"question_id":75740683,"content_license":"CC BY-SA 4.0","link":"https://stackoverflow.com/questions/75740683/whats-app-business-api-media-template-create","title":"Whats app business api media template create"},{"tags":["javascript","reactjs","next.js","react-pdf","react-pdfrenderer"],"owner":{"account_id":23238464,"reputation":604,"user_id":17328152,"user_type":"registered","profile_image":"https://i.stack.imgur.com/b1tho.jpg?s=256&g=1","display_name":"Noman","link":"https://stackoverflow.com/users/17328152/noman"},"is_answered":true,"view_count":2436,"answer_count":3,"score":7,"last_activity_date":1685756236,"creation_date":1678856009,"question_id":75740680,"content_license":"CC BY-SA 4.0","link":"https://stackoverflow.com/questions/75740680/react-pdf-in-nextjs-is-not-letting-to-make-build","title":"react-pdf in nextjs is not letting to make build"},{"tags":["javascript","ruby-on-rails","ruby","simple-form"],"owner":{"account_id":3476025,"reputation":19,"user_id":2909198,"user_type":"registered","profile_image":"https://i.stack.imgur.com/V1cYB.png?s=256&g=1","display_name":"Leonardo Luxburg","link":"https://stackoverflow.com/users/2909198/leonardo-luxburg"},"is_answered":false,"view_count":43,"answer_count":0,"score":1,"last_activity_date":1678855980,"creation_date":1678855980,"question_id":75740677,"content_license":"CC BY-SA 4.0","link":"https://stackoverflow.com/questions/75740677/how-to-change-collection-of-form-field-depending-on-a-previous-answer-using-ruby","title":"How to change collection of form field depending on a previous answer using Ruby on Rails and Simple Form gem?"},{"tags":["conditional-statements","blogger"],"owner":{"account_id":14097403,"reputation":11,"user_id":10183739,"user_type":"registered","profile_image":"https://www.gravatar.com/avatar/1ffe8210fa87ea8d25a4cb01339ad889?s=256&d=identicon&r=PG&f=y&so-version=2","display_name":"Satish","link":"https://stackoverflow.com/users/10183739/satish"},"is_answered":false,"view_count":100,"answer_count":1,"score":1,"last_activity_date":1681152288,"creation_date":1678855971,"question_id":75740673,"content_license":"CC BY-SA 4.0","link":"https://stackoverflow.com/questions/75740673/writing-conditional-statement-for-meta-robot-tag-in-blogspot","title":"Writing conditional statement for META Robot tag in BlogSpot"},{"tags":["node.js","amazon-s3","aws-sdk"],"owner":{"account_id":5353155,"reputation":872,"user_id":4266707,"user_type":"registered","accept_rate":69,"profile_image":"https://lh4.googleusercontent.com/-fLyyGXepW68/AAAAAAAAAAI/AAAAAAAAABI/RjSsIhv1dvs/photo.jpg?sz=256","display_name":"Javia1492","link":"https://stackoverflow.com/users/4266707/javia1492"},"is_answered":true,"view_count":487,"accepted_answer_id":75740714,"answer_count":1,"score":0,"last_activity_date":1678856355,"creation_date":1678855969,"question_id":75740672,"content_license":"CC BY-SA 4.0","link":"https://stackoverflow.com/questions/75740672/upload-pdf-file-to-s3-using-nodejs","title":"Upload pdf file to s3 using nodejs"},{"tags":["amazon-web-services","state-machine","aws-step-functions"],"owner":{"account_id":8253178,"reputation":1,"user_id":6207114,"user_type":"registered","profile_image":"https://graph.facebook.com/786139374863915/picture?type=large","display_name":"Luu Quoc Viet","link":"https://stackoverflow.com/users/6207114/luu-quoc-viet"},"is_answered":true,"view_count":70,"answer_count":2,"score":0,"last_activity_date":1678872623,"creation_date":1678855968,"question_id":75740671,"content_license":"CC BY-SA 4.0","link":"https://stackoverflow.com/questions/75740671/how-to-trigger-aws-state-machine-when-a-website-is-updated","title":"How to trigger AWS State machine when a website is updated"},{"tags":["api","dictionary","swiftui","foreach","iteration"],"owner":{"user_type":"does_not_exist","display_name":"user19179931"},"is_answered":true,"view_count":41,"accepted_answer_id":75740974,"answer_count":1,"score":0,"last_activity_date":1678859527,"creation_date":1678855936,"last_edit_date":1678857034,"question_id":75740666,"content_license":"CC BY-SA 4.0","link":"https://stackoverflow.com/questions/75740666/iterating-a-api-dictionary-in-foreach","title":"Iterating a api dictionary in ForEach"},{"tags":["muenchian-grouping"],"owner":{"account_id":11053162,"reputation":33,"user_id":8116835,"user_type":"registered","profile_image":"https://www.gravatar.com/avatar/9cb60bdf2521eef6f6a352215aeff30f?s=256&d=identicon&r=PG&f=y&so-version=2","display_name":"Handy","link":"https://stackoverflow.com/users/8116835/handy"},"is_answered":false,"view_count":30,"answer_count":0,"score":1,"last_activity_date":1678855900,"creation_date":1678855900,"question_id":75740664,"content_license":"CC BY-SA 4.0","link":"https://stackoverflow.com/questions/75740664/how-to-group-by-the-nested-elements-on-xslt-1-0","title":"How to group by the nested elements on XSLT 1.0"},{"tags":["node.js","discord","discord.js"],"owner":{"account_id":27915604,"reputation":13,"user_id":21316832,"user_type":"registered","profile_image":"https://www.gravatar.com/avatar/ef64ab0ae976c9dfc4c9bcd2e2a500b7?s=256&d=identicon&r=PG","display_name":"Shadow","link":"https://stackoverflow.com/users/21316832/shadow"},"is_answered":false,"view_count":190,"answer_count":0,"score":0,"last_activity_date":1678855890,"creation_date":1678855890,"question_id":75740661,"content_license":"CC BY-SA 4.0","link":"https://stackoverflow.com/questions/75740661/discord-js-v14-unable-to-edit-an-embed-field","title":"Discord.js v14 unable to edit an embed field"},{"tags":["amazon-web-services"],"owner":{"account_id":12568513,"reputation":15,"user_id":9157294,"user_type":"registered","profile_image":"https://lh4.googleusercontent.com/-biahKpFohzE/AAAAAAAAAAI/AAAAAAAACng/EGgqUi2Y1-w/photo.jpg?sz=256","display_name":"Tom Caipas","link":"https://stackoverflow.com/users/9157294/tom-caipas"},"is_answered":false,"view_count":30,"answer_count":0,"score":0,"last_activity_date":1678855889,"creation_date":1678855889,"question_id":75740660,"content_license":"CC BY-SA 4.0","link":"https://stackoverflow.com/questions/75740660/migrate-data-from-local-sql-server-express-to-aws-rds-using-dms","title":"Migrate data from local SQL Server Express to AWS RDS using DMS"},{"tags":["autohotkey"],"owner":{"account_id":2348998,"reputation":69,"user_id":2058374,"user_type":"registered","profile_image":"https://www.gravatar.com/avatar/b0e8a147e993ee9f04fd86826cd6a792?s=256&d=identicon&r=PG","display_name":"user2058374","link":"https://stackoverflow.com/users/2058374/user2058374"},"is_answered":true,"view_count":79,"answer_count":2,"score":2,"last_activity_date":1680236716,"creation_date":1678855855,"last_edit_date":1678859249,"question_id":75740658,"content_license":"CC BY-SA 4.0","link":"https://stackoverflow.com/questions/75740658/how-to-describe-to-assign-the-comment-key-as-trigger","title":"How to describe to assign the comment key(;) as trigger?"},{"tags":["python","pandas","software-design"],"owner":{"account_id":14695545,"reputation":232,"user_id":10613037,"user_type":"registered","profile_image":"https://lh5.googleusercontent.com/-sA-smF39F7E/AAAAAAAAAAI/AAAAAAAAAAA/ABtNlbCQO94wjc8fY_1p4zypaeJ7Zf7nvA/mo/photo.jpg?sz=256","display_name":"meg hidey","link":"https://stackoverflow.com/users/10613037/meg-hidey"},"is_answered":false,"view_count":31,"answer_count":0,"score":0,"last_activity_date":1678855835,"creation_date":1678855835,"question_id":75740655,"content_license":"CC BY-SA 4.0","link":"https://stackoverflow.com/questions/75740655/access-state-within-nested-utility-functions","title":"Access state within nested utility functions"},{"tags":["typescript","async-await","promise"],"owner":{"account_id":3024523,"reputation":568,"user_id":2564826,"user_type":"registered","accept_rate":47,"profile_image":"https://www.gravatar.com/avatar/717fc6578a45fd67b0384adc6c53cc00?s=256&d=identicon&r=PG","display_name":"pointyhat","link":"https://stackoverflow.com/users/2564826/pointyhat"},"is_answered":true,"view_count":29,"accepted_answer_id":75740786,"answer_count":1,"score":1,"last_activity_date":1678858000,"creation_date":1678855798,"question_id":75740654,"content_license":"CC BY-SA 4.0","link":"https://stackoverflow.com/questions/75740654/javascript-promises-deferring-a-syncronous-resource-intensive-computation","title":"javascript promises: deferring a syncronous, resource-intensive computation"},{"tags":["file","binary","hex","data-recovery"],"owner":{"account_id":19393199,"reputation":332,"user_id":14181400,"user_type":"registered","profile_image":"https://www.gravatar.com/avatar/270a95818d51167d46e826bb0c687efa?s=256&d=identicon&r=PG&f=y&so-version=2","display_name":"stronghold051","link":"https://stackoverflow.com/users/14181400/stronghold051"},"is_answered":true,"view_count":475,"answer_count":1,"score":0,"last_activity_date":1697294425,"creation_date":1678855757,"question_id":75740653,"content_license":"CC BY-SA 4.0","link":"https://stackoverflow.com/questions/75740653/repair-a-corrupt-file-to-original-mp4-file-using-hex-editor","title":"Repair a corrupt file to original mp4 file using hex editor"},{"tags":["python","python-requests","streaming","fastapi","openai-api"],"owner":{"account_id":1648417,"reputation":103,"user_id":1519468,"user_type":"registered","profile_image":"https://www.gravatar.com/avatar/bb68d61d2daa55d041633eb739b6de13?s=256&d=identicon&r=PG","display_name":"Robert Ritz","link":"https://stackoverflow.com/users/1519468/robert-ritz"},"is_answered":true,"view_count":21451,"accepted_answer_id":75760884,"answer_count":5,"score":10,"last_activity_date":1701600040,"creation_date":1678855713,"last_edit_date":1679570833,"question_id":75740652,"content_license":"CC BY-SA 4.0","link":"https://stackoverflow.com/questions/75740652/fastapi-streamingresponse-not-streaming-with-generator-function","title":"FastAPI StreamingResponse not streaming with generator function"},{"tags":["python-3.x","google-forms"],"owner":{"account_id":25823714,"reputation":13,"user_id":19562331,"user_type":"registered","profile_image":"https://i.stack.imgur.com/M2ff1.jpg?s=256&g=1","display_name":"kerropileaaf","link":"https://stackoverflow.com/users/19562331/kerropileaaf"},"is_answered":true,"view_count":48,"closed_date":1679107728,"accepted_answer_id":75740814,"answer_count":1,"score":-2,"last_activity_date":1679097430,"creation_date":1678855660,"last_edit_date":1679097430,"question_id":75740648,"link":"https://stackoverflow.com/questions/75740648/lower-not-working-in-my-space-themed-quiz","closed_reason":"Not suitable for this site","title":".Lower() not working in my space themed quiz"},{"tags":["count"],"owner":{"account_id":21989933,"reputation":69,"user_id":16263529,"user_type":"registered","profile_image":"https://www.gravatar.com/avatar/33ff50f2b8b11fd7352cfc27bb7aca0a?s=256&d=identicon&r=PG&f=y&so-version=2","display_name":"engicode123","link":"https://stackoverflow.com/users/16263529/engicode123"},"is_answered":true,"view_count":21,"answer_count":1,"score":0,"last_activity_date":1678856542,"creation_date":1678855656,"last_edit_date":1678856542,"question_id":75740647,"content_license":"CC BY-SA 4.0","link":"https://stackoverflow.com/questions/75740647/select-total-count-by-joining-two-tables-but-getting-an-empty-count-response-whe","title":"Select total count by joining two tables but getting an empty count response when filtering query"},{"tags":["javascript","mapbox","mapbox-gl-js","geo"],"owner":{"account_id":6364739,"reputation":118,"user_id":4939037,"user_type":"registered","profile_image":"https://www.gravatar.com/avatar/205245391d4688f2a4b9ed3273977d4c?s=256&d=identicon&r=PG&f=y&so-version=2","display_name":"Chrysanthemums","link":"https://stackoverflow.com/users/4939037/chrysanthemums"},"is_answered":false,"view_count":351,"answer_count":1,"score":0,"last_activity_date":1678940642,"creation_date":1678855595,"question_id":75740646,"content_license":"CC BY-SA 4.0","link":"https://stackoverflow.com/questions/75740646/dynamically-showing-data-in-mapbox","title":"Dynamically showing data in Mapbox"}],"has_more":true,"quota_max":300,"quota_remaining":178}