{"items":[{"tags":["c++","vulkan"],"owner":{"account_id":28753250,"reputation":1,"user_id":22020819,"user_type":"registered","profile_image":"https://www.gravatar.com/avatar/2f37a348c8ff963adc7c8714cd59bdb2?s=256&d=identicon&r=PG&f=y&so-version=2","display_name":"twang6","link":"https://stackoverflow.com/users/22020819/twang6"},"is_answered":false,"view_count":87,"answer_count":0,"score":0,"last_activity_date":1685944600,"creation_date":1685937402,"last_edit_date":1685944600,"question_id":76403430,"content_license":"CC BY-SA 4.0","link":"https://stackoverflow.com/questions/76403430/why-am-i-seeing-artifacts-in-my-simple-vulkan-depth-demo","title":"Why am I seeing artifacts in my simple Vulkan depth demo?"},{"tags":["node.js","post","servlets"],"owner":{"account_id":28709262,"reputation":35,"user_id":21985054,"user_type":"registered","profile_image":"https://www.gravatar.com/avatar/ad9c134b31a878ec992d9261ca990865?s=256&d=identicon&r=PG&f=y&so-version=2","display_name":"mosid","link":"https://stackoverflow.com/users/21985054/mosid"},"is_answered":true,"view_count":152,"accepted_answer_id":76403547,"answer_count":1,"score":0,"last_activity_date":1685948413,"creation_date":1685937317,"last_edit_date":1685938517,"question_id":76403428,"content_license":"CC BY-SA 4.0","link":"https://stackoverflow.com/questions/76403428/pass-variable-to-http-request-in-nodejs","title":"Pass variable to http.request in NodeJS"},{"tags":["next.js","error-handling","fetch","token","next.js13"],"owner":{"account_id":26067645,"reputation":161,"user_id":19767837,"user_type":"registered","profile_image":"https://i.stack.imgur.com/VUOKg.jpg?s=256&g=1","display_name":"gidgud","link":"https://stackoverflow.com/users/19767837/gidgud"},"is_answered":false,"view_count":1068,"answer_count":1,"score":4,"last_activity_date":1692571449,"creation_date":1685937262,"last_edit_date":1685937372,"question_id":76403424,"content_license":"CC BY-SA 4.0","link":"https://stackoverflow.com/questions/76403424/how-to-handle-error-response-in-next-js-13-server-component","title":"How to handle error response in Next.js 13 Server Component?"},{"tags":["pytest"],"owner":{"account_id":26632473,"reputation":61,"user_id":20249459,"user_type":"registered","profile_image":"https://lh3.googleusercontent.com/a/ALm5wu28qokMfalS0-EjXVZ9m1-d6qbvlDDUXmLj4b_Qjcw=k-s256","display_name":"Ozer Ozdal","link":"https://stackoverflow.com/users/20249459/ozer-ozdal"},"is_answered":true,"view_count":36,"answer_count":2,"score":0,"last_activity_date":1686058679,"creation_date":1685937212,"question_id":76403422,"content_license":"CC BY-SA 4.0","link":"https://stackoverflow.com/questions/76403422/what-is-the-pytest-command-to-test-one-or-some-of-the-pytest-mark-parametrize-pa","title":"What is the pytest command to test one or some of the pytest.mark.parametrize parameters?"},{"tags":["assembly","x86","masm","32-bit"],"owner":{"account_id":28753321,"reputation":11,"user_id":22020868,"user_type":"registered","profile_image":"https://www.gravatar.com/avatar/a4ff3b589e8915f46b4758362679172e?s=256&d=identicon&r=PG&f=y&so-version=2","display_name":"HJH","link":"https://stackoverflow.com/users/22020868/hjh"},"is_answered":false,"view_count":34,"closed_date":1685942759,"answer_count":0,"score":0,"last_activity_date":1685943040,"creation_date":1685937193,"question_id":76403419,"link":"https://stackoverflow.com/questions/76403419/in-assembly-how-to-do-5-byte-multiply","closed_reason":"Duplicate","title":"In assembly, How to do 5 byte multiply?"},{"tags":["azure","powershell"],"owner":{"account_id":193399,"reputation":2909,"user_id":770022,"user_type":"registered","accept_rate":73,"profile_image":"https://www.gravatar.com/avatar/c1e7ed881f856a2b1313e54514e459dd?s=256&d=identicon&r=PG","display_name":"user770022","link":"https://stackoverflow.com/users/770022/user770022"},"is_answered":false,"view_count":83,"answer_count":1,"score":0,"last_activity_date":1685963609,"creation_date":1685937154,"question_id":76403417,"content_license":"CC BY-SA 4.0","link":"https://stackoverflow.com/questions/76403417/get-all-app-services-and-the-inbound-ip-address","title":"Get all app services and the inbound IP address"},{"tags":["android","android-gradle-plugin","android-source","android-soong"],"owner":{"account_id":5175385,"reputation":80,"user_id":4142710,"user_type":"registered","profile_image":"https://www.gravatar.com/avatar/2ee25a1bde63dcef5ff82ff73986ae97?s=256&d=identicon&r=PG","display_name":"&#193;lison Ven&#226;ncio","link":"https://stackoverflow.com/users/4142710/%c3%81lison-ven%c3%a2ncio"},"is_answered":true,"view_count":802,"accepted_answer_id":76460964,"answer_count":2,"score":0,"last_activity_date":1686615331,"creation_date":1685937052,"last_edit_date":1685952258,"question_id":76403412,"content_license":"CC BY-SA 4.0","link":"https://stackoverflow.com/questions/76403412/android-bp-for-a-android-studio-native-c-app","title":"Android.bp for a Android Studio Native C++ App"},{"tags":["git","gitlab","continuous-integration"],"owner":{"account_id":14468085,"reputation":863,"user_id":10450891,"user_type":"registered","profile_image":"https://www.gravatar.com/avatar/4e967892285c6eb495e2c0e9d969ecc8?s=256&d=identicon&r=PG","display_name":"Chor","link":"https://stackoverflow.com/users/10450891/chor"},"is_answered":false,"view_count":278,"answer_count":1,"score":0,"last_activity_date":1685960652,"creation_date":1685936881,"question_id":76403404,"content_license":"CC BY-SA 4.0","link":"https://stackoverflow.com/questions/76403404/failed-to-get-all-commited-changed-files-in-gitlab-ci-yml","title":"Failed to get all commited changed files in gitlab-ci.yml"},{"tags":["android","android-studio","android-viewpager","android-animation","android-pagetransformer"],"owner":{"account_id":18399442,"reputation":1,"user_id":13402923,"user_type":"registered","profile_image":"https://lh3.googleusercontent.com/-RBgTdO0jQdY/AAAAAAAAAAI/AAAAAAAAAAA/AAKWJJONiFeRZAs8t4oGtaSr4y5XVoMY8w/photo.jpg?sz=256","display_name":"Prashant Kumar","link":"https://stackoverflow.com/users/13402923/prashant-kumar"},"is_answered":false,"view_count":29,"answer_count":1,"score":-1,"last_activity_date":1688385641,"creation_date":1685936760,"last_edit_date":1685937797,"question_id":76403398,"content_license":"CC BY-SA 4.0","link":"https://stackoverflow.com/questions/76403398/custom-android-view-pager-animation","title":"Custom Android View Pager Animation"},{"tags":["c","cuda"],"owner":{"account_id":18526380,"reputation":415,"user_id":13498175,"user_type":"registered","profile_image":"https://lh3.googleusercontent.com/-293Mg2B2ULg/AAAAAAAAAAI/AAAAAAAAAAA/AAKWJJN872cJ9_Pn6DqQAbwW7QAazkEepQ/photo.jpg?sz=256","display_name":"Sangjun Lee","link":"https://stackoverflow.com/users/13498175/sangjun-lee"},"is_answered":true,"view_count":104,"accepted_answer_id":76403531,"answer_count":1,"score":0,"last_activity_date":1685940160,"creation_date":1685936684,"last_edit_date":1685937770,"question_id":76403395,"content_license":"CC BY-SA 4.0","link":"https://stackoverflow.com/questions/76403395/proper-way-to-cast-threadidx-xs-into-higher-type-in-cuda-kernel-lu-format-in","title":"Proper way to cast &#39;threadIdx.x&#39;s into higher type in CUDA kernel (%lu format in printf malfunctions in the CUDA kernel?)"},{"tags":["reactjs"],"owner":{"account_id":24304509,"reputation":19,"user_id":18247491,"user_type":"registered","profile_image":"https://www.gravatar.com/avatar/9aa36c4117943221d8da08ce551a04a0?s=256&d=identicon&r=PG","display_name":"yic_l","link":"https://stackoverflow.com/users/18247491/yic-l"},"is_answered":false,"view_count":44,"answer_count":1,"score":0,"last_activity_date":1685941844,"creation_date":1685936676,"question_id":76403394,"content_license":"CC BY-SA 4.0","link":"https://stackoverflow.com/questions/76403394/how-to-fix-the-a-route-can-only-be-used-in-routes-error-in-react-js","title":"How to fix the &#39;a &lt;route&gt; can only be used in &lt;routes&gt;&#39; error in React.js?"},{"tags":["reactjs","react-native","react-hooks"],"owner":{"account_id":26959527,"reputation":1,"user_id":20527388,"user_type":"registered","profile_image":"https://lh3.googleusercontent.com/a/ALm5wu1UF8CqvgHlNdjhkqdaPIFDap0X5BFbakwIRgeM=k-s256","display_name":"user20527388","link":"https://stackoverflow.com/users/20527388/user20527388"},"is_answered":false,"view_count":159,"answer_count":0,"score":0,"last_activity_date":1685941461,"creation_date":1685936665,"last_edit_date":1685940361,"question_id":76403392,"content_license":"CC BY-SA 4.0","link":"https://stackoverflow.com/questions/76403392/why-is-it-token-undefined","title":"Why is it token undefined?"},{"tags":["amazon-web-services","axios","cors","aws-api-gateway"],"owner":{"account_id":25804148,"reputation":11,"user_id":19545972,"user_type":"registered","profile_image":"https://www.gravatar.com/avatar/04d645c5a5280c31b760b6fe1c7f1671?s=256&d=identicon&r=PG","display_name":"SparklingLemonWater","link":"https://stackoverflow.com/users/19545972/sparklinglemonwater"},"is_answered":false,"view_count":206,"answer_count":0,"score":0,"last_activity_date":1685947469,"creation_date":1685936568,"last_edit_date":1685947469,"question_id":76403388,"content_license":"CC BY-SA 4.0","link":"https://stackoverflow.com/questions/76403388/cannot-parse-access-control-allow-headers-error-for-axios-post-requests-aws-a","title":"&quot;Cannot parse Access-Control-Allow-Headers&quot; ERROR for Axios Post Requests, AWS API Gateway (RESOLVED)"},{"tags":["javascript","reactjs","react-hooks","react-redux","frontend"],"owner":{"account_id":22389170,"reputation":3,"user_id":16601544,"user_type":"registered","profile_image":"https://www.gravatar.com/avatar/f796af184e1c0bdda196545f148a06e7?s=256&d=identicon&r=PG&f=y&so-version=2","display_name":"Ankita","link":"https://stackoverflow.com/users/16601544/ankita"},"is_answered":false,"view_count":29,"answer_count":0,"score":0,"last_activity_date":1685937333,"creation_date":1685936498,"last_edit_date":1685937333,"question_id":76403385,"content_license":"CC BY-SA 4.0","link":"https://stackoverflow.com/questions/76403385/how-can-i-replace-the-code-without-scrollintoview-and-merge-two-useeffects","title":"How can I replace the code without scrollIntoView and merge two useEffects?"},{"tags":["ruby-on-rails","http-auth"],"owner":{"account_id":28322032,"reputation":11,"user_id":21657650,"user_type":"registered","profile_image":"https://www.gravatar.com/avatar/c3f1bc5c03ab173011544109c87819ac?s=256&d=identicon&r=PG&f=y&so-version=2","display_name":"Patrick Su","link":"https://stackoverflow.com/users/21657650/patrick-su"},"is_answered":false,"view_count":47,"answer_count":0,"score":0,"last_activity_date":1685936434,"creation_date":1685936434,"question_id":76403383,"content_license":"CC BY-SA 4.0","link":"https://stackoverflow.com/questions/76403383/how-can-i-implement-http-authentication-in-ruby-on-rails-but-only-for-external","title":"How can I implement HTTP authentication in Ruby on Rails, but only for external IP addresses?"},{"tags":["c++","artificial-intelligence"],"owner":{"account_id":28753239,"reputation":1,"user_id":22020812,"user_type":"registered","profile_image":"https://lh3.googleusercontent.com/a/AAcHTtdFKg6o3aV4nTgAR5G8xg3UsZEzdO8pgD5sFbv6=k-s256","display_name":"Hevnip ","link":"https://stackoverflow.com/users/22020812/hevnip"},"is_answered":false,"view_count":34,"answer_count":0,"score":0,"last_activity_date":1685958069,"creation_date":1685936421,"last_edit_date":1685958069,"question_id":76403381,"content_license":"CC BY-SA 4.0","link":"https://stackoverflow.com/questions/76403381/turbo-c-bgi-library-graphics-h-connect-4-ai-implementation-problem","title":"Turbo C++ (BGI library (graphics.h)) Connect 4 AI implementation problem"},{"tags":["javascript","reactjs"],"owner":{"account_id":21393617,"reputation":57,"user_id":15757167,"user_type":"registered","profile_image":"https://lh5.googleusercontent.com/-zc3UThuU-NM/AAAAAAAAAAI/AAAAAAAAAAA/AMZuuckYD8IREx8UwS4HMBJ63c6yZxgkPA/s96-c/photo.jpg?sz=256","display_name":"CrveniFlash","link":"https://stackoverflow.com/users/15757167/crveniflash"},"is_answered":false,"view_count":49,"answer_count":0,"score":0,"last_activity_date":1685937203,"creation_date":1685936385,"last_edit_date":1685937203,"question_id":76403378,"content_license":"CC BY-SA 4.0","link":"https://stackoverflow.com/questions/76403378/why-is-item-inside-map-returning-undefined","title":"Why is item inside .map() returning undefined"},{"tags":["reactjs","typescript","next.js"],"owner":{"account_id":20427337,"reputation":43,"user_id":14987014,"user_type":"registered","profile_image":"https://i.stack.imgur.com/hReIa.png?s=256&g=1","display_name":"radal95","link":"https://stackoverflow.com/users/14987014/radal95"},"is_answered":true,"view_count":107,"accepted_answer_id":76403432,"answer_count":1,"score":0,"last_activity_date":1685981505,"creation_date":1685936383,"last_edit_date":1685981505,"question_id":76403377,"content_license":"CC BY-SA 4.0","link":"https://stackoverflow.com/questions/76403377/next-js-link-tag-correctly-adding-to-browser-url-stack-but-page-cannot-be-found","title":"Next JS Link tag correctly adding to browser url stack but page cannot be found"},{"tags":["x86","cpu-architecture","perf","intel-pmu","performance-monitor"],"owner":{"account_id":15714859,"reputation":515,"user_id":11339315,"user_type":"registered","profile_image":"https://i.stack.imgur.com/kGucZ.jpg?s=256&g=1","display_name":"Frontier_Setter","link":"https://stackoverflow.com/users/11339315/frontier-setter"},"is_answered":false,"view_count":52,"answer_count":0,"score":2,"last_activity_date":1685946291,"creation_date":1685936313,"last_edit_date":1685946291,"question_id":76403375,"content_license":"CC BY-SA 4.0","link":"https://stackoverflow.com/questions/76403375/which-instruction-is-recorded-when-an-overflow-of-pmc-occurs","title":"Which instruction is recorded when an overflow of PMC occurs?"},{"tags":["c#","xml-serialization"],"owner":{"account_id":9952348,"reputation":321,"user_id":7364454,"user_type":"registered","profile_image":"https://www.gravatar.com/avatar/3b8c17827465467b57786217a4e5ec8e?s=256&d=identicon&r=PG&f=y&so-version=2","display_name":"Lamp","link":"https://stackoverflow.com/users/7364454/lamp"},"is_answered":true,"view_count":31,"accepted_answer_id":76404301,"answer_count":2,"score":0,"last_activity_date":1685950145,"creation_date":1685936304,"question_id":76403374,"content_license":"CC BY-SA 4.0","link":"https://stackoverflow.com/questions/76403374/ixmlserializable-ignores-other-properties-during-deserilization","title":"IXmlSerializable ignores other properties during deserilization"},{"tags":["java","eclipse","javafx"],"owner":{"account_id":20844816,"reputation":33,"user_id":15310574,"user_type":"registered","profile_image":"https://lh3.googleusercontent.com/-ofQoLtmaS-I/AAAAAAAAAAI/AAAAAAAAAAA/AMZuucmNJUBaUtX9soBEy7fcgD5V1gZBKw/s96-c/photo.jpg?sz=256","display_name":"Paweł Czekaj","link":"https://stackoverflow.com/users/15310574/pawe%c5%82-czekaj"},"is_answered":false,"view_count":161,"answer_count":0,"score":0,"last_activity_date":1685936283,"creation_date":1685936283,"question_id":76403373,"content_license":"CC BY-SA 4.0","link":"https://stackoverflow.com/questions/76403373/javafx-in-eclipse-error-could-not-find-or-load-main-class-d-javafx-javafx-sdk","title":"javafx in eclipse Error: Could not find or load main class D:\\javafx\\javafx-sdk-20.0.1\\lib"},{"tags":["rust"],"owner":{"account_id":22602580,"reputation":303,"user_id":16783860,"user_type":"registered","profile_image":"https://www.gravatar.com/avatar/167aabd855d90e861c4da1ce834591e4?s=256&d=identicon&r=PG&f=y&so-version=2","display_name":"kenta_desu","link":"https://stackoverflow.com/users/16783860/kenta-desu"},"is_answered":true,"view_count":404,"accepted_answer_id":76403415,"answer_count":1,"score":1,"last_activity_date":1686038062,"creation_date":1685936277,"last_edit_date":1685936869,"question_id":76403372,"content_license":"CC BY-SA 4.0","link":"https://stackoverflow.com/questions/76403372/does-the-clone-method-always-make-a-deep-copy","title":"Does the .clone() method always make a deep copy?"},{"tags":["aws-policies","aws-roles","aws-app-runner"],"owner":{"account_id":1802358,"reputation":1658,"user_id":1640358,"user_type":"registered","accept_rate":33,"profile_image":"https://i.stack.imgur.com/Zx5h9.jpg?s=256&g=1","display_name":"Susitha Ravinda Senarath","link":"https://stackoverflow.com/users/1640358/susitha-ravinda-senarath"},"is_answered":false,"view_count":73,"answer_count":0,"score":3,"last_activity_date":1685936260,"creation_date":1685936260,"question_id":76403369,"content_license":"CC BY-SA 4.0","link":"https://stackoverflow.com/questions/76403369/create-service-role-for-aws-apprunner","title":"Create Service role for AWS AppRunner"},{"tags":["php","laravel","eloquent"],"owner":{"account_id":17950192,"reputation":1,"user_id":13043479,"user_type":"registered","profile_image":"https://www.gravatar.com/avatar/5e1e38606c7120c6e452c7f3942f754d?s=256&d=identicon&r=PG&f=y&so-version=2","display_name":"Eroko","link":"https://stackoverflow.com/users/13043479/eroko"},"is_answered":false,"view_count":32,"answer_count":1,"score":-1,"last_activity_date":1686078477,"creation_date":1685936217,"last_edit_date":1686078371,"question_id":76403368,"content_license":"CC BY-SA 4.0","link":"https://stackoverflow.com/questions/76403368/how-could-i-use-the-eloquent-orm-when-i-try-to-inherit-a-model","title":"How could I use the Eloquent ORM when I try to inherit a model?"},{"tags":["java","sqlite","installation","cross-platform"],"owner":{"account_id":11752380,"reputation":95,"user_id":10216792,"user_type":"registered","profile_image":"https://graph.facebook.com/1705942696083276/picture?type=large","display_name":"Benjy Strauss","link":"https://stackoverflow.com/users/10216792/benjy-strauss"},"is_answered":false,"view_count":46,"answer_count":0,"score":0,"last_activity_date":1685936136,"creation_date":1685936136,"question_id":76403365,"content_license":"CC BY-SA 4.0","link":"https://stackoverflow.com/questions/76403365/how-to-allow-java-to-talk-to-sqlite-across-platforms","title":"How to allow Java to talk to SQLite across platforms"},{"tags":["r","parsing","readr"],"owner":{"account_id":28753154,"reputation":1,"user_id":22020746,"user_type":"registered","profile_image":"https://www.gravatar.com/avatar/cb3ff65948e5c9ed98fc8c844ecee60a?s=256&d=identicon&r=PG&f=y&so-version=2","display_name":"PonticPilot","link":"https://stackoverflow.com/users/22020746/ponticpilot"},"is_answered":false,"view_count":43,"answer_count":0,"score":0,"last_activity_date":1686418047,"creation_date":1685936105,"last_edit_date":1686418047,"question_id":76403362,"content_license":"CC BY-SA 4.0","link":"https://stackoverflow.com/questions/76403362/why-ansi-escape-sequence-included-in-an-error-message-for-parsing-issues-parsin","title":"Why ANSI escape sequence included in an error message for parsing issues; Parsing issues when using read_tsv even with n_max = 1"},{"tags":["php","laravel","database","faker"],"owner":{"account_id":27653442,"reputation":332,"user_id":21107840,"user_type":"registered","profile_image":"https://www.gravatar.com/avatar/9095c00b6f38815db1c9f2fbff221c7d?s=256&d=identicon&r=PG&f=y&so-version=2","display_name":"Charlie","link":"https://stackoverflow.com/users/21107840/charlie"},"is_answered":true,"view_count":110,"accepted_answer_id":76403773,"answer_count":1,"score":2,"last_activity_date":1685944142,"creation_date":1685935932,"last_edit_date":1685944138,"question_id":76403356,"content_license":"CC BY-SA 4.0","link":"https://stackoverflow.com/questions/76403356/how-to-make-a-fake-coordinate-to-a-point-column-through-factory","title":"How to make a fake coordinate to a point column through factory?"},{"tags":["google-cloud-run","cloudbuild.yaml"],"owner":{"account_id":28058528,"reputation":1,"user_id":21433148,"user_type":"registered","profile_image":"https://www.gravatar.com/avatar/7e23b5416390c6d83ab9d86d0119954b?s=256&d=identicon&r=PG&f=y&so-version=2","display_name":"Jadid Al Ghazi","link":"https://stackoverflow.com/users/21433148/jadid-al-ghazi"},"is_answered":false,"view_count":97,"answer_count":0,"score":0,"last_activity_date":1685936342,"creation_date":1685935908,"last_edit_date":1685936342,"question_id":76403354,"content_license":"CC BY-SA 4.0","link":"https://stackoverflow.com/questions/76403354/troubleshooting-did-not-find-expected-key-error-in-cloudbuild-yaml-for-google","title":"Troubleshooting &#39;did not find expected key&#39; error in cloudbuild.yaml for Google Cloud Run"},{"tags":["python","pandas","datareader"],"owner":{"account_id":28753247,"reputation":1,"user_id":22020816,"user_type":"registered","profile_image":"https://lh3.googleusercontent.com/a/AAcHTtdBBtg-DvaT8IMQmUc2QKVWPBoP9d7XRsl8X12I=k-s256","display_name":"JEON MINHO","link":"https://stackoverflow.com/users/22020816/jeon-minho"},"is_answered":false,"view_count":108,"answer_count":1,"score":-3,"last_activity_date":1686148935,"creation_date":1685935870,"last_edit_date":1685979981,"question_id":76403352,"content_license":"CC BY-SA 4.0","link":"https://stackoverflow.com/questions/76403352/typeerror-string-indices-must-be-integers-how-do-i","title":"TypeError: string indices must be integers &lt;-- How do I?"},{"tags":["flutter","dart","flutter-listview","flutter-sliver"],"owner":{"account_id":16694563,"reputation":6826,"user_id":12066144,"user_type":"registered","profile_image":"https://i.stack.imgur.com/M4ouC.jpg?s=256&g=1","display_name":"Valentin Vignal","link":"https://stackoverflow.com/users/12066144/valentin-vignal"},"is_answered":true,"view_count":288,"answer_count":2,"score":1,"last_activity_date":1685959775,"creation_date":1685935866,"question_id":76403351,"content_license":"CC BY-SA 4.0","link":"https://stackoverflow.com/questions/76403351/flutter-how-to-create-an-infinite-scrollable-list-up-and-down","title":"Flutter - How to create an infinite scrollable list up and down"}],"has_more":true,"quota_max":300,"quota_remaining":87}