{"items":[{"tags":["flutter","youtube","youtube-player-flutter"],"owner":{"account_id":23221394,"reputation":131,"user_id":17313537,"user_type":"registered","profile_image":"https://i.stack.imgur.com/zuGAM.jpg?s=256&g=1","display_name":"Esraa Hamada","link":"https://stackoverflow.com/users/17313537/esraa-hamada"},"is_answered":false,"view_count":41,"answer_count":0,"score":0,"last_activity_date":1685224669,"creation_date":1685159961,"last_edit_date":1685224669,"question_id":76345259,"content_license":"CC BY-SA 4.0","link":"https://stackoverflow.com/questions/76345259/play-youtube-videos-permission","title":"play youtube videos permission"},{"tags":["python","angular","typescript","tensorflow","tensorflow.js"],"owner":{"account_id":6193854,"reputation":1602,"user_id":4825796,"user_type":"registered","profile_image":"https://i.stack.imgur.com/GRCW3.png?s=256&g=1","display_name":"Hozeis","link":"https://stackoverflow.com/users/4825796/hozeis"},"is_answered":false,"view_count":149,"answer_count":1,"score":1,"last_activity_date":1685470925,"creation_date":1685159889,"last_edit_date":1685361537,"question_id":76345255,"content_license":"CC BY-SA 4.0","link":"https://stackoverflow.com/questions/76345255/tensorflowjs-mask-rcnn-error-provided-in-model-executedict-must-be-int32-bu","title":"TensorFlowJS Mask RCNN - ERROR provided in model.execute(dict) must be int32, but was float32"},{"tags":["python","pandas"],"owner":{"account_id":7922319,"reputation":107,"user_id":5982925,"user_type":"registered","accept_rate":100,"profile_image":"https://i.stack.imgur.com/Ut3DX.jpg?s=256&g=1","display_name":"marco","link":"https://stackoverflow.com/users/5982925/marco"},"is_answered":true,"view_count":262,"accepted_answer_id":76345589,"answer_count":2,"score":1,"last_activity_date":1685169130,"creation_date":1685159704,"question_id":76345249,"content_license":"CC BY-SA 4.0","link":"https://stackoverflow.com/questions/76345249/pandas-to-csv-method-in-append-mode-with-dataframes-with-different-columns","title":"Pandas to csv method in append mode with dataframes with different columns"},{"tags":["c","assembly","x86-64","elf"],"owner":{"account_id":48379,"reputation":3610,"user_id":143733,"user_type":"registered","accept_rate":71,"profile_image":"https://www.gravatar.com/avatar/5f1f863259165f1382a5412f1d02a843?s=256&d=identicon&r=PG","display_name":"Setheron","link":"https://stackoverflow.com/users/143733/setheron"},"is_answered":false,"view_count":184,"answer_count":1,"score":0,"last_activity_date":1685315230,"creation_date":1685159651,"last_edit_date":1685161075,"question_id":76345246,"content_license":"CC BY-SA 4.0","link":"https://stackoverflow.com/questions/76345246/trying-to-generate-the-smallest-elf-file-possible-in-c","title":"Trying to generate the smallest ELF file possible in C"},{"tags":["swiftui","foreach","divider"],"owner":{"account_id":4108163,"reputation":33,"user_id":3371514,"user_type":"registered","accept_rate":0,"profile_image":"https://www.gravatar.com/avatar/c3ff464ffdcb776a822e9f8b599be3f6?s=256&d=identicon&r=PG&f=y&so-version=2","display_name":"tkess17","link":"https://stackoverflow.com/users/3371514/tkess17"},"is_answered":false,"view_count":120,"answer_count":1,"score":0,"last_activity_date":1685162325,"creation_date":1685159587,"last_edit_date":1685162325,"question_id":76345245,"content_license":"CC BY-SA 4.0","link":"https://stackoverflow.com/questions/76345245/handle-programmatically-adding-divider-inside-foreach-loop","title":"Handle programmatically adding Divider() inside ForEach loop"},{"tags":["unreal-engine5"],"owner":{"account_id":6756868,"reputation":3304,"user_id":5663381,"user_type":"registered","accept_rate":86,"profile_image":"https://i.stack.imgur.com/5Kx8v.jpg?s=256&g=1","display_name":"manidos","link":"https://stackoverflow.com/users/5663381/manidos"},"is_answered":false,"view_count":468,"answer_count":1,"score":0,"last_activity_date":1702462272,"creation_date":1685159470,"question_id":76345243,"content_license":"CC BY-SA 4.0","link":"https://stackoverflow.com/questions/76345243/how-to-obtain-a-reference-to-an-input-action","title":"How to obtain a reference to an input action?"},{"tags":["java","spring","testing","design-patterns","dependency-injection"],"owner":{"account_id":10187542,"reputation":409,"user_id":20692967,"user_type":"registered","profile_image":"https://i.stack.imgur.com/NZSXm.jpg?s=256&g=1","display_name":"Sergey Zolotarev","link":"https://stackoverflow.com/users/20692967/sergey-zolotarev"},"is_answered":true,"view_count":311,"accepted_answer_id":76346934,"answer_count":1,"score":0,"last_activity_date":1685212740,"creation_date":1685159321,"last_edit_date":1685159696,"question_id":76345240,"content_license":"CC BY-SA 4.0","link":"https://stackoverflow.com/questions/76345240/how-do-i-make-the-builder-design-pattern-and-spring-dependency-injection-compa","title":"How do I make the &quot;builder&quot; design pattern and Spring dependency injection compatible with each other?"},{"tags":["c++","multithreading","memory-management"],"owner":{"account_id":24067226,"reputation":1,"user_id":18043591,"user_type":"registered","profile_image":"https://lh3.googleusercontent.com/a-/AOh14Ghv2aInfDMbMaDPRzTrvPJvpEc5PpTpwb0hrB1HIw=k-s256","display_name":"Quentin Bussey","link":"https://stackoverflow.com/users/18043591/quentin-bussey"},"is_answered":false,"view_count":46,"answer_count":1,"score":0,"last_activity_date":1685163212,"creation_date":1685159204,"question_id":76345236,"content_license":"CC BY-SA 4.0","link":"https://stackoverflow.com/questions/76345236/c-atexit-handler-for-multithreading-vs-just-letting-the-os-nuke-it-from-orbit","title":"C++ atexit handler for multithreading vs just letting the OS nuke it from orbit"},{"tags":["c","linux","sockets","networking","tcp"],"owner":{"account_id":3120860,"reputation":5186,"user_id":2640636,"user_type":"registered","accept_rate":76,"profile_image":"https://i.stack.imgur.com/NWXEh.jpg?s=256&g=1","display_name":"SU3","link":"https://stackoverflow.com/users/2640636/su3"},"is_answered":false,"view_count":37,"closed_date":1685160637,"answer_count":0,"score":0,"last_activity_date":1685160673,"creation_date":1685159147,"question_id":76345235,"link":"https://stackoverflow.com/questions/76345235/does-the-kernel-keep-track-of-socket-addresses","closed_reason":"Duplicate","title":"Does the kernel keep track of socket addresses?"},{"tags":["django","django-rest-framework","django-views","filtering","url-parameters"],"owner":{"account_id":28689500,"reputation":23,"user_id":21969041,"user_type":"registered","profile_image":"https://www.gravatar.com/avatar/0e300861e4018bd62edbf6b2cf78f08d?s=256&d=identicon&r=PG&f=y&so-version=2","display_name":"jackied3","link":"https://stackoverflow.com/users/21969041/jackied3"},"is_answered":true,"view_count":73,"accepted_answer_id":76346433,"answer_count":2,"score":2,"last_activity_date":1685183109,"creation_date":1685159079,"question_id":76345233,"content_license":"CC BY-SA 4.0","link":"https://stackoverflow.com/questions/76345233/django-date-range-filtering-from-url-parameters-returns-empty-queryset","title":"Django date range filtering from url parameters returns empty queryset"},{"tags":["react-native","npm","background-service"],"owner":{"account_id":22660305,"reputation":11,"user_id":16833492,"user_type":"registered","profile_image":"https://www.gravatar.com/avatar/26a7c76785bc767889bd643eaadb986f?s=256&d=identicon&r=PG&f=y&so-version=2","display_name":"sxchintha","link":"https://stackoverflow.com/users/16833492/sxchintha"},"is_answered":false,"view_count":134,"answer_count":0,"score":0,"last_activity_date":1685323734,"creation_date":1685159041,"last_edit_date":1685323734,"question_id":76345231,"content_license":"CC BY-SA 4.0","link":"https://stackoverflow.com/questions/76345231/how-can-i-run-background-services-in-react-native-without-keeping-it-in-a-loop","title":"How can I run background services in react native without keeping it in a loop?"},{"tags":["reactjs","react-hooks","dependencies","mutation-observers"],"owner":{"account_id":12145402,"reputation":64,"user_id":8867955,"user_type":"registered","profile_image":"https://www.gravatar.com/avatar/ec39fcd0662a3a18f9d984b705a249bb?s=256&d=identicon&r=PG&f=y&so-version=2","display_name":"Shailesh Jadav","link":"https://stackoverflow.com/users/8867955/shailesh-jadav"},"is_answered":false,"view_count":65,"answer_count":0,"score":0,"last_activity_date":1685158812,"creation_date":1685158812,"question_id":76345224,"content_license":"CC BY-SA 4.0","link":"https://stackoverflow.com/questions/76345224/react-mutation-observer-should-call-one-time-with-updated-callback-function","title":"react mutation observer should call one time with updated callback function"},{"tags":["python","selenium-webdriver","web-scraping"],"owner":{"account_id":25454833,"reputation":1,"user_id":19255653,"user_type":"registered","profile_image":"https://www.gravatar.com/avatar/69e5e28ee65e569b6fe076817bfb62d6?s=256&d=identicon&r=PG","display_name":"Equilibrium ","link":"https://stackoverflow.com/users/19255653/equilibrium"},"is_answered":false,"view_count":22,"answer_count":0,"score":0,"last_activity_date":1685327279,"creation_date":1685158421,"last_edit_date":1685327279,"question_id":76345218,"content_license":"CC BY-SA 4.0","link":"https://stackoverflow.com/questions/76345218/why-am-i-not-getting-any-results-with-my-selenium-script-using-rotating-proxies","title":"Why am I not getting any results with my Selenium script using rotating proxies?"},{"tags":["r","r-markdown"],"owner":{"account_id":24293293,"reputation":7,"user_id":18237909,"user_type":"registered","profile_image":"https://lh3.googleusercontent.com/a-/AOh14GhAMBi4xkshucPazs2nyzacZQbrysazWopWWrbYsA=k-s256","display_name":"Jakiepoo21","link":"https://stackoverflow.com/users/18237909/jakiepoo21"},"is_answered":true,"view_count":43,"accepted_answer_id":76351300,"answer_count":1,"score":0,"last_activity_date":1685274756,"creation_date":1685158416,"last_edit_date":1685160619,"question_id":76345217,"content_license":"CC BY-SA 4.0","link":"https://stackoverflow.com/questions/76345217/creating-figures-for-table-graphs-linkable","title":"creating figures for table &amp; graphs linkable"},{"tags":["excel","powerquery"],"owner":{"account_id":15312227,"reputation":73,"user_id":11047183,"user_type":"registered","profile_image":"https://www.gravatar.com/avatar/626fbb95176ac90f4be063a27bd31337?s=256&d=identicon&r=PG&f=y&so-version=2","display_name":"Peter Clark","link":"https://stackoverflow.com/users/11047183/peter-clark"},"is_answered":true,"view_count":24,"answer_count":1,"score":1,"last_activity_date":1685456391,"creation_date":1685158224,"last_edit_date":1685158718,"question_id":76345213,"content_license":"CC BY-SA 4.0","link":"https://stackoverflow.com/questions/76345213/making-sure-required-parent-webpage-tags-are-included-in-a-column","title":"making sure required parent webpage tags are included in a column"},{"tags":["pyqt5"],"owner":{"account_id":23434932,"reputation":25,"user_id":17493166,"user_type":"registered","profile_image":"https://lh3.googleusercontent.com/a/AATXAJwKJRZfex_XQRd2caSEgUuNclD0cGQAHBcm3ikx=k-s256","display_name":"Taniguchi","link":"https://stackoverflow.com/users/17493166/taniguchi"},"is_answered":false,"view_count":27,"answer_count":0,"score":0,"last_activity_date":1685158608,"creation_date":1685158123,"last_edit_date":1685158608,"question_id":76345209,"content_license":"CC BY-SA 4.0","link":"https://stackoverflow.com/questions/76345209/how-can-i-adjust-the-position-of-images-in-pyqt5s-qstackedlayout","title":"How can I adjust the position of images in PyQt5&#39;s QStackedLayout?"},{"tags":["python","visual-studio-code","unicode","character-encoding"],"owner":{"account_id":16515750,"reputation":15,"user_id":11933282,"user_type":"registered","profile_image":"https://www.gravatar.com/avatar/4bb4158447aa583423aa8f611888e318?s=256&d=identicon&r=PG&f=y&so-version=2","display_name":"sami","link":"https://stackoverflow.com/users/11933282/sami"},"is_answered":true,"view_count":656,"closed_date":1685344303,"accepted_answer_id":76345232,"answer_count":2,"score":0,"last_activity_date":1685341181,"creation_date":1685158024,"last_edit_date":1685341181,"question_id":76345207,"link":"https://stackoverflow.com/questions/76345207/i-am-not-able-to-print-arabic-characters-to-the-terminal-in-vscode","closed_reason":"Duplicate","title":"I am not able to print Arabic characters to the terminal in vscode"},{"tags":["python"],"owner":{"account_id":28656209,"reputation":3,"user_id":21942220,"user_type":"registered","profile_image":"https://www.gravatar.com/avatar/b3f9cdd756e8dac0832b77fb44a8cab1?s=256&d=identicon&r=PG&f=y&so-version=2","display_name":"Navneet","link":"https://stackoverflow.com/users/21942220/navneet"},"is_answered":false,"view_count":62,"answer_count":1,"score":1,"last_activity_date":1685179063,"creation_date":1685157590,"last_edit_date":1685179063,"question_id":76345202,"content_license":"CC BY-SA 4.0","link":"https://stackoverflow.com/questions/76345202/converting-a-matrix-into-pivot-form-having-unique-values","title":"Converting a matrix into pivot form having unique values"},{"tags":["kubernetes","zip","jetty","apache-nifi","redhat"],"owner":{"account_id":22336972,"reputation":179,"user_id":16557377,"user_type":"registered","profile_image":"https://i.stack.imgur.com/SvRKX.jpg?s=256&g=1","display_name":"Jin Ma","link":"https://stackoverflow.com/users/16557377/jin-ma"},"is_answered":false,"view_count":69,"answer_count":1,"score":0,"last_activity_date":1685376032,"creation_date":1685157588,"question_id":76345201,"content_license":"CC BY-SA 4.0","link":"https://stackoverflow.com/questions/76345201/nifi-1-8-0-fails-to-start-webgui-due-to-zip-and-jetty-errors","title":"nifi 1.8.0 fails to start webgui due to zip and jetty errors"},{"tags":["r","survival-analysis"],"owner":{"account_id":11609161,"reputation":89,"user_id":8503864,"user_type":"registered","profile_image":"https://www.gravatar.com/avatar/9207cd228719ba47f542fe1caac19eb8?s=256&d=identicon&r=PG&f=y&so-version=2","display_name":"kamal","link":"https://stackoverflow.com/users/8503864/kamal"},"is_answered":false,"view_count":58,"answer_count":0,"score":0,"last_activity_date":1685222024,"creation_date":1685157587,"last_edit_date":1685222024,"question_id":76345200,"content_license":"CC BY-SA 4.0","link":"https://stackoverflow.com/questions/76345200/how-flexsurvreg-plot-can-be-interpreted-for-repeated-time-to-event-model","title":"how flexsurvreg plot can be interpreted for repeated time-to event model?"},{"tags":["javascript","spring-boot","http","axios","fetch"],"owner":{"account_id":26496832,"reputation":37,"user_id":20134439,"user_type":"registered","profile_image":"https://www.gravatar.com/avatar/b8fa609843003171acab36b5ab88823a?s=256&d=identicon&r=PG","display_name":"wlstate","link":"https://stackoverflow.com/users/20134439/wlstate"},"is_answered":false,"view_count":51,"answer_count":1,"score":0,"last_activity_date":1685158387,"creation_date":1685157480,"question_id":76345198,"content_license":"CC BY-SA 4.0","link":"https://stackoverflow.com/questions/76345198/axios-and-fetch-doesnt-sending-cookies-to-api-in-browset","title":"Axios and Fetch doesnt sending cookies to api in browset"},{"tags":["python","pandas","dataframe","replace"],"owner":{"account_id":3709477,"reputation":53,"user_id":3087182,"user_type":"registered","profile_image":"https://graph.facebook.com/100000204476666/picture?type=large","display_name":"user3087182","link":"https://stackoverflow.com/users/3087182/user3087182"},"is_answered":false,"view_count":20,"closed_date":1685161492,"answer_count":0,"score":0,"last_activity_date":1685161759,"creation_date":1685157411,"last_edit_date":1685161759,"question_id":76345194,"link":"https://stackoverflow.com/questions/76345194/how-can-i-replace-null-values-in-a-dataframe-using-values-from-other-rows","closed_reason":"Duplicate","title":"How can I replace null values in a DataFrame using values from other rows"},{"tags":["c","for-loop","scanf","conversion-specifier"],"owner":{"account_id":28689443,"reputation":1,"user_id":21968996,"user_type":"registered","profile_image":"https://lh3.googleusercontent.com/a/AAcHTtdZ5OWNxZoHFr65VLp1M1_PL9Ompt53LUtkzK-tmQ=k-s256","display_name":"chintamani chaudhari","link":"https://stackoverflow.com/users/21968996/chintamani-chaudhari"},"is_answered":false,"view_count":41,"answer_count":1,"score":0,"last_activity_date":1685164204,"creation_date":1685157332,"last_edit_date":1685164204,"question_id":76345192,"content_license":"CC BY-SA 4.0","link":"https://stackoverflow.com/questions/76345192/why-does-my-c-program-not-take-input-for-the-name-of-the-cricketer-after-the-loo","title":"Why does my C program not take input for the name of the cricketer after the loop reaches a value of 2 or greater? How can I correct this?"},{"tags":["python","python-3.x","web-scraping","beautifulsoup","mozilla"],"owner":{"account_id":6768404,"reputation":19536,"user_id":5212614,"user_type":"registered","accept_rate":32,"profile_image":"https://i.stack.imgur.com/2qaHz.jpg?s=256&g=1","display_name":"ASH","link":"https://stackoverflow.com/users/5212614/ash"},"is_answered":true,"view_count":71,"closed_date":1685175709,"accepted_answer_id":76345534,"answer_count":2,"score":-1,"last_activity_date":1687116576,"creation_date":1685157308,"last_edit_date":1687116576,"question_id":76345189,"link":"https://stackoverflow.com/questions/76345189/how-to-get-the-bedroom-square-footage-and-prices-from-zillow","closed_reason":"Not suitable for this site","title":"How to get the bedroom square footage and prices from Zillow?"},{"tags":["java"],"owner":{"account_id":5611077,"reputation":5944,"user_id":4443784,"user_type":"registered","accept_rate":72,"profile_image":"https://www.gravatar.com/avatar/8a6103fc788b0924d181074adcdc642b?s=256&d=identicon&r=PG&f=y&so-version=2","display_name":"Tom","link":"https://stackoverflow.com/users/4443784/tom"},"is_answered":false,"view_count":26,"closed_date":1685158468,"answer_count":0,"score":0,"last_activity_date":1685157943,"creation_date":1685157038,"last_edit_date":1685157943,"question_id":76345182,"link":"https://stackoverflow.com/questions/76345182/is-it-possible-to-control-the-overall-size-of-off-heap-memory","closed_reason":"Duplicate","title":"Is it possible to control the overall size of off heap memory"},{"tags":["sql","oracle","range","between"],"owner":{"account_id":1000404,"reputation":1347,"user_id":1015388,"user_type":"registered","accept_rate":15,"profile_image":"https://www.gravatar.com/avatar/8ccdd758b0b844525164641f4f83375c?s=256&d=identicon&r=PG","display_name":"user1015388","link":"https://stackoverflow.com/users/1015388/user1015388"},"is_answered":true,"view_count":78,"answer_count":1,"score":0,"last_activity_date":1685374500,"creation_date":1685157033,"last_edit_date":1685374500,"question_id":76345181,"content_license":"CC BY-SA 4.0","link":"https://stackoverflow.com/questions/76345181/select-using-range-between-two-columns","title":"select using range between two columns"},{"tags":["c#","azure","azure-blob-storage"],"owner":{"account_id":1701970,"reputation":652,"user_id":1561777,"user_type":"registered","accept_rate":70,"profile_image":"https://i.stack.imgur.com/XhulK.jpg?s=256&g=1","display_name":"David.Warwick","link":"https://stackoverflow.com/users/1561777/david-warwick"},"is_answered":true,"view_count":208,"accepted_answer_id":76345223,"answer_count":1,"score":0,"last_activity_date":1685221023,"creation_date":1685156973,"last_edit_date":1685221023,"question_id":76345179,"content_license":"CC BY-SA 4.0","link":"https://stackoverflow.com/questions/76345179/c-how-to-use-a-service-sas-to-authorize-a-client-object","title":"C# How to Use a service SAS to authorize a client object"},{"tags":["docker-compose","dockerfile","nestjs"],"owner":{"account_id":10972687,"reputation":747,"user_id":8062335,"user_type":"registered","profile_image":"https://graph.facebook.com/10211644389917978/picture?type=large","display_name":"GianPierre G&#225;lvez","link":"https://stackoverflow.com/users/8062335/gianpierre-g%c3%a1lvez"},"is_answered":false,"view_count":348,"answer_count":2,"score":0,"last_activity_date":1685248863,"creation_date":1685156798,"question_id":76345177,"content_license":"CC BY-SA 4.0","link":"https://stackoverflow.com/questions/76345177/nest-js-docker-image-hot-reload-not-working","title":"Nest.js docker image hot reload not working"},{"tags":["css","reactjs"],"owner":{"user_type":"does_not_exist","display_name":"user21221525"},"is_answered":false,"view_count":152,"answer_count":1,"score":0,"last_activity_date":1699167946,"creation_date":1685156608,"question_id":76345172,"content_license":"CC BY-SA 4.0","link":"https://stackoverflow.com/questions/76345172/change-color-of-icon-react-with-gradient","title":"change color of icon react with gradient"},{"tags":["python"],"owner":{"account_id":25717227,"reputation":97,"user_id":19474790,"user_type":"registered","profile_image":"https://i.stack.imgur.com/XGXyn.jpg?s=256&g=1","display_name":"Vanessa","link":"https://stackoverflow.com/users/19474790/vanessa"},"is_answered":false,"view_count":13,"answer_count":0,"score":0,"last_activity_date":1685156605,"creation_date":1685156605,"question_id":76345171,"content_license":"CC BY-SA 4.0","link":"https://stackoverflow.com/questions/76345171/send-message-building-chatbots-in-python-datacamp","title":"send_message - Building Chatbots in Python - Datacamp"}],"has_more":true,"quota_max":300,"quota_remaining":123}