{"items":[{"tags":["html","css"],"owner":{"account_id":22215252,"reputation":25,"user_id":16453804,"user_type":"registered","profile_image":"https://i.stack.imgur.com/0MseF.jpg?s=256&g=1","display_name":"inkxk","link":"https://stackoverflow.com/users/16453804/inkxk"},"is_answered":true,"view_count":477,"accepted_answer_id":70737162,"answer_count":3,"score":0,"last_activity_date":1642401063,"creation_date":1642399192,"last_edit_date":1642401063,"question_id":70737091,"content_license":"CC BY-SA 4.0","link":"https://stackoverflow.com/questions/70737091/how-to-make-placeholder-text-permanent-and-space-between","title":"How to make placeholder text permanent and space between"},{"tags":["c","file-io","binaryfiles","randomaccessfile"],"owner":{"account_id":23198155,"reputation":17,"user_id":17293462,"user_type":"registered","profile_image":"https://lh3.googleusercontent.com/a-/AOh14GiEEcF-8fz_h7D7avcckbz7lLN46JLMf_Maq2Dwlg=k-s256","display_name":"HOCK WENG","link":"https://stackoverflow.com/users/17293462/hock-weng"},"is_answered":true,"view_count":76,"closed_date":1642455808,"accepted_answer_id":70747580,"answer_count":1,"score":0,"last_activity_date":1642454025,"creation_date":1642399069,"question_id":70737079,"link":"https://stackoverflow.com/questions/70737079/why-data-read-from-the-random-access-file-and-print-twice-of-last-line-of-the-ta","closed_reason":"Duplicate","title":"Why data read from the random access file and print twice of last line of the table on screen ? (Got picture)"},{"tags":["flutter","dart","flutter-layout","flutter-web"],"owner":{"account_id":21782758,"reputation":3,"user_id":16084250,"user_type":"registered","profile_image":"https://www.gravatar.com/avatar/5b84ae1e997064e563149ad0477bf4d5?s=256&d=identicon&r=PG&f=y&so-version=2","display_name":"Jeet Bardapurkar","link":"https://stackoverflow.com/users/16084250/jeet-bardapurkar"},"is_answered":true,"view_count":81,"accepted_answer_id":70737183,"answer_count":2,"score":0,"last_activity_date":1642400062,"creation_date":1642399037,"last_edit_date":1642399531,"question_id":70737076,"content_license":"CC BY-SA 4.0","link":"https://stackoverflow.com/questions/70737076/underlines-of-textformfields-in-form-not-uniform-no-matter-what-i-do-how-to-kee","title":"Underlines of TextFormFields in form not uniform no matter what I do. How to keep a uniform thickness for all underlines of TextFormFields?"},{"tags":["asp.net-mvc","filter","filtering","user-input","viewmodel"],"owner":{"account_id":23962016,"reputation":55,"user_id":17951964,"user_type":"registered","profile_image":"https://www.gravatar.com/avatar/d1ef45acd50630947417b84178874efc?s=256&d=identicon&r=PG","display_name":"ITN00bs","link":"https://stackoverflow.com/users/17951964/itn00bs"},"is_answered":false,"view_count":85,"answer_count":1,"score":1,"last_activity_date":1642490041,"creation_date":1642399011,"last_edit_date":1642490041,"question_id":70737073,"content_license":"CC BY-SA 4.0","link":"https://stackoverflow.com/questions/70737073/mvc-html-dropdownlist-not-storing-user-selection","title":"MVC - @Html.DropDownList not storing user selection"},{"tags":["c#","entity-framework-core","nunit","code-coverage","coverlet"],"owner":{"account_id":265840,"reputation":3644,"user_id":553073,"user_type":"registered","accept_rate":88,"profile_image":"https://i.stack.imgur.com/3JNJ0.jpg?s=256&g=1","display_name":"lastr2d2","link":"https://stackoverflow.com/users/553073/lastr2d2"},"is_answered":true,"view_count":4771,"accepted_answer_id":72625965,"answer_count":1,"score":4,"last_activity_date":1655268656,"creation_date":1642398894,"last_edit_date":1642403828,"question_id":70737064,"content_license":"CC BY-SA 4.0","link":"https://stackoverflow.com/questions/70737064/exclude-code-coverage-for-ef-core-migration-files","title":"exclude code coverage for ef core migration files"},{"tags":["django","django-rest-framework","django-serializer"],"owner":{"account_id":19719202,"reputation":173,"user_id":14437947,"user_type":"registered","profile_image":"https://www.gravatar.com/avatar/e896e42cb8fc223e5de8b28610d7751a?s=256&d=identicon&r=PG&f=y&so-version=2","display_name":"Verma","link":"https://stackoverflow.com/users/14437947/verma"},"is_answered":false,"view_count":1522,"answer_count":3,"score":1,"last_activity_date":1681288498,"creation_date":1642398890,"last_edit_date":1642400575,"question_id":70737063,"content_license":"CC BY-SA 4.0","link":"https://stackoverflow.com/questions/70737063/convert-django-request-body-bytes-into-json","title":"Convert django request.body (bytes) into json"},{"tags":["angular"],"owner":{"account_id":23962104,"reputation":1,"user_id":17952044,"user_type":"registered","profile_image":"https://lh3.googleusercontent.com/a/AATXAJzHvEL3PZzD3rGsEWTinP7ye4Jl0o0O1LxXzdon=k-s256","display_name":"Priyanka Narnaware","link":"https://stackoverflow.com/users/17952044/priyanka-narnaware"},"is_answered":false,"view_count":494,"answer_count":1,"score":0,"last_activity_date":1642400400,"creation_date":1642398830,"last_edit_date":1642400239,"question_id":70737055,"content_license":"CC BY-SA 4.0","link":"https://stackoverflow.com/questions/70737055/angular-output-undefined-in-console-cant-get-data-into-front-end","title":"Angular output &#39;undefined&#39; in console. Can&#39;t get data into front end"},{"tags":["html","css","overflow"],"owner":{"account_id":22723331,"reputation":5,"user_id":16887508,"user_type":"registered","profile_image":"https://lh3.googleusercontent.com/a/AATXAJxiQLxQvGvz0P70_9u74cCj4VtdRgY1ixYoBOOk=k-s256","display_name":"Bhavya Goel","link":"https://stackoverflow.com/users/16887508/bhavya-goel"},"is_answered":true,"view_count":538,"accepted_answer_id":70738060,"answer_count":2,"score":-2,"last_activity_date":1642686366,"creation_date":1642398779,"last_edit_date":1642686366,"question_id":70737048,"content_license":"CC BY-SA 4.0","link":"https://stackoverflow.com/questions/70737048/my-content-in-html-is-not-fitting-within-the-screen-its-overflowing-out-of-the-s","title":"My Content in Html is not fitting within the screen its overflowing out of the screen"},{"tags":["java","spring-boot","keycloak","testcontainers"],"owner":{"account_id":2211298,"reputation":174,"user_id":1953066,"user_type":"registered","profile_image":"https://graph.facebook.com/100004575724934/picture?type=large","display_name":"Omar Abo Elsoud","link":"https://stackoverflow.com/users/1953066/omar-abo-elsoud"},"is_answered":true,"view_count":2582,"answer_count":1,"score":2,"last_activity_date":1642399923,"creation_date":1642398696,"question_id":70737041,"content_license":"CC BY-SA 4.0","link":"https://stackoverflow.com/questions/70737041/keycloak-testcontainer-fails-due-timed-out-waiting-for-url-to-be-accessible-htt","title":"Keycloak Testcontainer fails due Timed out waiting for URL to be accessible (http://localhost:55127/auth should return HTTP 200)"},{"tags":["php","eloquent","laravel-7","eloquent-relationship"],"owner":{"account_id":16478633,"reputation":11,"user_id":11905895,"user_type":"registered","profile_image":"https://lh5.googleusercontent.com/-TKhTtmeKT9o/AAAAAAAAAAI/AAAAAAAAAHQ/-mWAjlaJu5c/photo.jpg?sz=256","display_name":"Favour Max-Oti","link":"https://stackoverflow.com/users/11905895/favour-max-oti"},"is_answered":false,"view_count":526,"answer_count":0,"score":1,"last_activity_date":1642398654,"creation_date":1642398654,"question_id":70737034,"content_license":"CC BY-SA 4.0","link":"https://stackoverflow.com/questions/70737034/relationship-is-returning-null-even-when-from-the-database-the-data-exists","title":"Relationship is returning null even when from the database the data exists"},{"tags":["gcc","rust","mingw","glfw"],"owner":{"account_id":21613407,"reputation":11,"user_id":15939587,"user_type":"registered","profile_image":"https://www.gravatar.com/avatar/1dd8d4c6085fdaeedf8fc23562c59027?s=256&d=identicon&r=PG&f=y&so-version=2","display_name":"Harper Davis","link":"https://stackoverflow.com/users/15939587/harper-davis"},"is_answered":false,"view_count":2589,"answer_count":1,"score":0,"last_activity_date":1642419686,"creation_date":1642398630,"question_id":70737031,"content_license":"CC BY-SA 4.0","link":"https://stackoverflow.com/questions/70737031/rust-x86-64-w64-mingw32-bin-ld-exe-cannot-find-lglfw3","title":"Rust: x86_64-w64-mingw32/bin/ld.exe: cannot find -lglfw3"},{"tags":["r","apache-spark","apache-spark-sql","sparklyr"],"owner":{"account_id":23004511,"reputation":31,"user_id":17951984,"user_type":"registered","profile_image":"https://www.gravatar.com/avatar/2c2eec38d3a06ef69a3e035f1a311df5?s=256&d=identicon&r=PG","display_name":"math_stats051","link":"https://stackoverflow.com/users/17951984/math-stats051"},"is_answered":false,"view_count":127,"answer_count":0,"score":3,"last_activity_date":1643183705,"creation_date":1642398627,"last_edit_date":1643183705,"question_id":70737030,"content_license":"CC BY-SA 4.0","link":"https://stackoverflow.com/questions/70737030/how-do-you-use-sdf-checkpoint-to-break-spark-table-lineage-in-sparklyr","title":"How do you use sdf_checkpoint to break spark table lineage in sparklyr?"},{"tags":["android","dart","gradle","flutter-web","flutter-test"],"owner":{"account_id":23962111,"reputation":43,"user_id":17952051,"user_type":"registered","profile_image":"https://lh3.googleusercontent.com/a/AATXAJyemtb_tBIxqKtJfH3z6Q6uq9AYXvOW8vf-kIql9A=k-s256","display_name":"kiran Kshirsagar","link":"https://stackoverflow.com/users/17952051/kiran-kshirsagar"},"is_answered":false,"view_count":885,"answer_count":0,"score":0,"last_activity_date":1681055943,"creation_date":1642398622,"question_id":70737029,"content_license":"CC BY-SA 4.0","link":"https://stackoverflow.com/questions/70737029/execution-failed-for-task-appcompileflutterbuilddebug-issue-flutter-gradle","title":"Execution failed for task &#39;:app:compileFlutterBuildDebug&#39; Issue , flutter.gradle&#39; line: 1070"},{"tags":["rar"],"owner":{"account_id":7383671,"reputation":69,"user_id":5619413,"user_type":"registered","profile_image":"https://www.gravatar.com/avatar/cf0d956d9f654410ddf06ca4c2110bca?s=256&d=identicon&r=PG&f=y&so-version=2","display_name":"MetalDragon","link":"https://stackoverflow.com/users/5619413/metaldragon"},"is_answered":false,"view_count":375,"answer_count":0,"score":1,"last_activity_date":1642398611,"creation_date":1642398611,"question_id":70737027,"content_license":"CC BY-SA 4.0","link":"https://stackoverflow.com/questions/70737027/pyunpack-archive-extractall-hangs-on-password-protected-rar-file","title":"pyunpack Archive.extractall hangs on password protected .rar file"},{"tags":["java","collections","java-stream","java-11"],"owner":{"account_id":1310600,"reputation":3828,"user_id":1258669,"user_type":"registered","accept_rate":73,"profile_image":"https://www.gravatar.com/avatar/1988d60d9df1a4aaecc77ffc49532a5a?s=256&d=identicon&r=PG","display_name":"OTUser","link":"https://stackoverflow.com/users/1258669/otuser"},"is_answered":true,"view_count":875,"closed_date":1643013153,"accepted_answer_id":70737190,"answer_count":1,"score":0,"last_activity_date":1643013120,"creation_date":1642398598,"last_edit_date":1643013120,"question_id":70737022,"link":"https://stackoverflow.com/questions/70737022/java-11-convert-list-of-strings-to-mapuuid-string","closed_reason":"Duplicate","title":"Java 11 Convert List of Strings to Map&lt;UUID,String&gt;"},{"tags":["git","jenkins","centos","bitbucket"],"owner":{"account_id":23961954,"reputation":1,"user_id":17951910,"user_type":"registered","profile_image":"https://www.gravatar.com/avatar/c66b4e73c0bb610b2aa85f23d4df9a59?s=256&d=identicon&r=PG","display_name":"gzmbahar","link":"https://stackoverflow.com/users/17951910/gzmbahar"},"is_answered":false,"view_count":93,"answer_count":0,"score":0,"last_activity_date":1642425863,"creation_date":1642398581,"last_edit_date":1642425863,"question_id":70737020,"content_license":"CC BY-SA 4.0","link":"https://stackoverflow.com/questions/70737020/jenkins-bitbucket-deployment-issue-with-linux-vps-server","title":"Jenkins Bitbucket Deployment Issue with Linux VPS Server"},{"tags":["java","spring-boot","properties"],"owner":{"account_id":19965243,"reputation":25,"user_id":14631962,"user_type":"registered","profile_image":"https://www.gravatar.com/avatar/c925a49994c38442ae6eae2ecb41a73f?s=256&d=identicon&r=PG&f=y&so-version=2","display_name":"ajoe23","link":"https://stackoverflow.com/users/14631962/ajoe23"},"is_answered":false,"view_count":2660,"answer_count":2,"score":0,"last_activity_date":1642409944,"creation_date":1642398556,"question_id":70737016,"content_license":"CC BY-SA 4.0","link":"https://stackoverflow.com/questions/70737016/spring-boot-field-names-from-properties-file-and-field-values-at-runtime","title":"Spring boot : Field names from properties file, and field values at runtime"},{"tags":["javascript","progress-bar"],"owner":{"account_id":14204065,"reputation":745,"user_id":10261200,"user_type":"registered","profile_image":"https://lh5.googleusercontent.com/-m58UutrEA2s/AAAAAAAAAAI/AAAAAAAAAAA/APUIFaMlRk8cUx9IHAVonjS4imkhwZhiYQ/mo/photo.jpg?sz=256","display_name":"ezg","link":"https://stackoverflow.com/users/10261200/ezg"},"is_answered":false,"view_count":313,"answer_count":0,"score":0,"last_activity_date":1642398523,"creation_date":1642398523,"question_id":70737014,"content_license":"CC BY-SA 4.0","link":"https://stackoverflow.com/questions/70737014/how-to-make-smooth-progress-bar-that-doesnt-jump-skip-when-incrementing-large-i","title":"How to make smooth progress bar that doesn&#39;t jump/skip when incrementing large increments"},{"tags":["php","sql","session"],"owner":{"account_id":3251516,"reputation":305,"user_id":2741620,"user_type":"registered","accept_rate":9,"profile_image":"https://www.gravatar.com/avatar/f1b23f2685f08a60a7a1eda59bdaa62a?s=256&d=identicon&r=PG&f=y&so-version=2","display_name":"user2741620","link":"https://stackoverflow.com/users/2741620/user2741620"},"is_answered":false,"view_count":50,"answer_count":0,"score":0,"last_activity_date":1642398493,"creation_date":1642398493,"question_id":70737011,"content_license":"CC BY-SA 4.0","link":"https://stackoverflow.com/questions/70737011/php-website-prevent-multiple-logins-question-about-session-id","title":"PHP website prevent Multiple Logins - Question about Session ID"},{"tags":["azure","microsoft-teams","sharepoint-online","spfx"],"owner":{"account_id":2138647,"reputation":117,"user_id":1897844,"user_type":"registered","accept_rate":80,"profile_image":"https://www.gravatar.com/avatar/51f3d3088fda27aa81c0e1807c5e63a9?s=256&d=identicon&r=PG","display_name":"Mohsen","link":"https://stackoverflow.com/users/1897844/mohsen"},"is_answered":false,"view_count":79,"answer_count":0,"score":0,"last_activity_date":1642398454,"creation_date":1642398454,"question_id":70737009,"content_license":"CC BY-SA 4.0","link":"https://stackoverflow.com/questions/70737009/connecting-to-azure-from-spfx-in-team","title":"Connecting to Azure from SPFX in team"},{"tags":["python","bash"],"owner":{"account_id":5970508,"reputation":971,"user_id":10570372,"user_type":"registered","profile_image":"https://www.gravatar.com/avatar/0a8c09b6086dd24a31797c3ffc7f8ce1?s=256&d=identicon&r=PG&f=y&so-version=2","display_name":"ilovewt","link":"https://stackoverflow.com/users/10570372/ilovewt"},"is_answered":true,"view_count":3665,"accepted_answer_id":70737066,"answer_count":1,"score":1,"last_activity_date":1642401424,"creation_date":1642398449,"last_edit_date":1642401424,"question_id":70737008,"content_license":"CC BY-SA 4.0","link":"https://stackoverflow.com/questions/70737008/do-i-need-to-make-sh-file-executable-on-windows","title":"Do I need to make .sh file executable on Windows?"},{"tags":["node.js","pdf","amazon-s3","aws-lambda"],"owner":{"account_id":8899694,"reputation":11,"user_id":6643501,"user_type":"registered","profile_image":"https://lh4.googleusercontent.com/-x5rcmJbrH50/AAAAAAAAAAI/AAAAAAAACoY/Wrjl1HJD8KE/photo.jpg?sz=256","display_name":"Lalit Kumar","link":"https://stackoverflow.com/users/6643501/lalit-kumar"},"is_answered":false,"view_count":254,"answer_count":0,"score":1,"last_activity_date":1642841450,"creation_date":1642398403,"last_edit_date":1642841450,"question_id":70737000,"content_license":"CC BY-SA 4.0","link":"https://stackoverflow.com/questions/70737000/after-editing-a-large-pdf-file-more-than-300-mb-unable-to-save-as-base64","title":"After editing a large PDF file (more than 300 mb), unable to save as base64"},{"tags":["javascript","reactjs","user-interface","file-upload","react-router"],"owner":{"account_id":13711427,"reputation":51,"user_id":9893677,"user_type":"registered","profile_image":"https://lh3.googleusercontent.com/-XdUIqdMkCWA/AAAAAAAAAAI/AAAAAAAAAAA/4252rscbv5M/photo.jpg?sz=256","display_name":"Shruti sharma","link":"https://stackoverflow.com/users/9893677/shruti-sharma"},"is_answered":true,"view_count":464,"accepted_answer_id":70737072,"answer_count":1,"score":0,"last_activity_date":1642407829,"creation_date":1642398380,"last_edit_date":1642407829,"question_id":70736997,"content_license":"CC BY-SA 4.0","link":"https://stackoverflow.com/questions/70736997/need-to-add-one-input-field-in-file-upload-component","title":"Need to add one input field in file upload component"},{"tags":["javascript","typescript"],"owner":{"account_id":7514322,"reputation":71,"user_id":5708289,"user_type":"registered","accept_rate":100,"profile_image":"https://www.gravatar.com/avatar/08d7026a626613d4c6c326b51e2e87a4?s=256&d=identicon&r=PG&f=y&so-version=2","display_name":"Kunikos","link":"https://stackoverflow.com/users/5708289/kunikos"},"is_answered":true,"view_count":7182,"answer_count":1,"score":-1,"last_activity_date":1642437282,"creation_date":1642398351,"last_edit_date":1642398439,"question_id":70736992,"content_license":"CC BY-SA 4.0","link":"https://stackoverflow.com/questions/70736992/typescript-uncaught-referenceerror-exports-is-not-defined","title":"Typescript Uncaught ReferenceError: exports is not defined"},{"tags":["azure-data-factory"],"owner":{"account_id":11152918,"reputation":643,"user_id":8185525,"user_type":"registered","accept_rate":44,"profile_image":"https://www.gravatar.com/avatar/a0d234dd4311077bcf05404b9bd2d985?s=256&d=identicon&r=PG&f=y&so-version=2","display_name":"pbj","link":"https://stackoverflow.com/users/8185525/pbj"},"is_answered":false,"view_count":313,"answer_count":1,"score":2,"last_activity_date":1642608235,"creation_date":1642398284,"last_edit_date":1642608235,"question_id":70736983,"content_license":"CC BY-SA 4.0","link":"https://stackoverflow.com/questions/70736983/azure-management-api-in-data-factory","title":"Azure management api in Data Factory"},{"tags":["laravel","docker","docker-compose","laravel-sail"],"owner":{"account_id":10314611,"reputation":78,"user_id":7609289,"user_type":"registered","profile_image":"https://i.stack.imgur.com/LH01F.png?s=256&g=1","display_name":"nrkdrk","link":"https://stackoverflow.com/users/7609289/nrkdrk"},"is_answered":false,"view_count":539,"answer_count":0,"score":1,"last_activity_date":1642421906,"creation_date":1642398273,"last_edit_date":1642421906,"question_id":70736982,"content_license":"CC BY-SA 4.0","link":"https://stackoverflow.com/questions/70736982/docker-laravel-app-not-running-and-not-error","title":"Docker - Laravel App Not Running and Not Error"},{"tags":["node.js","postgresql"],"owner":{"account_id":19741556,"reputation":1528,"user_id":14454875,"user_type":"registered","profile_image":"https://lh3.googleusercontent.com/a-/AOh14GgVbZ04kz4tK6MZtyaDkb97CXAA75qXK0B8o7JF=k-s256","display_name":"TimeToCode","link":"https://stackoverflow.com/users/14454875/timetocode"},"is_answered":false,"view_count":140,"answer_count":0,"score":0,"last_activity_date":1642476293,"creation_date":1642398249,"last_edit_date":1642476293,"question_id":70736979,"content_license":"CC BY-SA 4.0","link":"https://stackoverflow.com/questions/70736979/how-to-fetch-the-username-from-other-table-using-include-in-nodejs","title":"How to fetch the username from other table using include in nodeJs"},{"tags":["docker","dockerfile","fly"],"owner":{"account_id":9445298,"reputation":712,"user_id":7024293,"user_type":"registered","accept_rate":68,"profile_image":"https://lh3.googleusercontent.com/-_iHS8SMGqHA/AAAAAAAAAAI/AAAAAAAAAbE/HudebqQ1IF4/photo.jpg?sz=256","display_name":"stevensonmt","link":"https://stackoverflow.com/users/7024293/stevensonmt"},"is_answered":false,"view_count":1253,"answer_count":0,"score":0,"last_activity_date":1642432183,"creation_date":1642398225,"last_edit_date":1642432183,"question_id":70736978,"content_license":"CC BY-SA 4.0","link":"https://stackoverflow.com/questions/70736978/file-not-copied-to-docker-image","title":"File not copied to Docker image"},{"tags":["wso2-api-manager"],"owner":{"account_id":23800153,"reputation":75,"user_id":17810495,"user_type":"registered","profile_image":"https://www.gravatar.com/avatar/5428883aa77c7c63a32d4b62aacde2c0?s=256&d=identicon&r=PG","display_name":"nankiesof","link":"https://stackoverflow.com/users/17810495/nankiesof"},"is_answered":false,"view_count":33,"answer_count":2,"score":0,"last_activity_date":1642440471,"creation_date":1642398225,"question_id":70736977,"content_license":"CC BY-SA 4.0","link":"https://stackoverflow.com/questions/70736977/how-to-adda-drop-down-box-to-the-basic-info-page-of-publisher-portal","title":"how to adda drop-down box to the basic info page of publisher portal?"},{"tags":["sql","postgresql","heidisql"],"owner":{"account_id":7517757,"reputation":176,"user_id":5710650,"user_type":"registered","accept_rate":67,"profile_image":"https://www.gravatar.com/avatar/9ed04a74ce5afa62be077718f7a90d61?s=256&d=identicon&r=PG&f=y&so-version=2","display_name":"Azlina T","link":"https://stackoverflow.com/users/5710650/azlina-t"},"is_answered":true,"view_count":3452,"accepted_answer_id":70737471,"answer_count":1,"score":1,"last_activity_date":1642402053,"creation_date":1642398203,"last_edit_date":1642400996,"question_id":70736976,"content_license":"CC BY-SA 4.0","link":"https://stackoverflow.com/questions/70736976/alter-change-default-value-for-sequence-on-postgresql","title":"Alter/change default value for sequence on postgreSQL"}],"has_more":true,"quota_max":300,"quota_remaining":234}