{"items":[{"tags":["python","csv"],"owner":{"account_id":23232201,"reputation":13,"user_id":17646285,"user_type":"registered","profile_image":"https://www.gravatar.com/avatar/500be3537b7468ec219280f24e7c6a88?s=256&d=identicon&r=PG","display_name":"amelia_plshelp","link":"https://stackoverflow.com/users/17646285/amelia-plshelp"},"is_answered":true,"view_count":853,"accepted_answer_id":70736116,"answer_count":1,"score":1,"last_activity_date":1642400764,"creation_date":1642377572,"question_id":70735211,"content_license":"CC BY-SA 4.0","link":"https://stackoverflow.com/questions/70735211/how-to-iterate-through-csv-rows-apply-a-function-to-those-values-and-append-to","title":"How to iterate through csv rows, apply a function to those values and append to new column?"},{"tags":["git","docker","build"],"owner":{"account_id":11196448,"reputation":401,"user_id":8214951,"user_type":"registered","profile_image":"https://www.gravatar.com/avatar/2a7a8dbcf0ee1f009703423122a56fb3?s=256&d=identicon&r=PG&f=y&so-version=2","display_name":"flying_loaf_3","link":"https://stackoverflow.com/users/8214951/flying-loaf-3"},"is_answered":true,"view_count":524,"accepted_answer_id":70749031,"answer_count":1,"score":0,"last_activity_date":1642465739,"creation_date":1642377495,"last_edit_date":1642379034,"question_id":70735206,"content_license":"CC BY-SA 4.0","link":"https://stackoverflow.com/questions/70735206/docker-build-a-github-repository-and-push-to-dockerhub","title":"Docker Build a GitHub Repository and Push to DockerHub"},{"tags":["database","heroku"],"owner":{"account_id":16514309,"reputation":1,"user_id":13978315,"user_type":"registered","profile_image":"https://i.stack.imgur.com/zMD81.jpg?s=256&g=1","display_name":"Ahmad Hamadneh","link":"https://stackoverflow.com/users/13978315/ahmad-hamadneh"},"is_answered":false,"view_count":451,"answer_count":1,"score":0,"last_activity_date":1644396245,"creation_date":1642377409,"question_id":70735203,"content_license":"CC BY-SA 4.0","link":"https://stackoverflow.com/questions/70735203/why-cant-add-free-cleardb-mysql-to-my-app-on-heroku","title":"Why can&#39;t add free ClearDB MySQL to my app on heroku?"},{"tags":["sql","concatenation","presto","amazon-athena"],"owner":{"account_id":10112697,"reputation":1383,"user_id":7472392,"user_type":"registered","accept_rate":59,"profile_image":"https://graph.facebook.com/1436682073022717/picture?type=large","display_name":"Yun Tae Hwang","link":"https://stackoverflow.com/users/7472392/yun-tae-hwang"},"is_answered":true,"view_count":235,"accepted_answer_id":70756476,"answer_count":1,"score":1,"last_activity_date":1642723736,"creation_date":1642377391,"last_edit_date":1642723736,"question_id":70735202,"content_license":"CC BY-SA 4.0","link":"https://stackoverflow.com/questions/70735202/how-to-concatenate-a-conditional-field-and-remove-the-same-value","title":"How to concatenate a conditional field and remove the same value"},{"tags":["javascript","binance","binance-api-client"],"owner":{"account_id":23808641,"reputation":49,"user_id":17817763,"user_type":"registered","profile_image":"https://lh3.googleusercontent.com/a/AATXAJxdGhT23Lp8KL_ljbxnbmgnyxJyVQ3ZvgRPdB96=k-s256","display_name":"Adam ","link":"https://stackoverflow.com/users/17817763/adam"},"is_answered":true,"view_count":1510,"answer_count":1,"score":1,"last_activity_date":1642404955,"creation_date":1642377302,"last_edit_date":1642404955,"question_id":70735194,"content_license":"CC BY-SA 4.0","link":"https://stackoverflow.com/questions/70735194/binance-api-code-1022-msgsignature-for-this-request-is-not-valid-not","title":"Binance API {&quot;code&quot;:-1022,&quot;msg&quot;:&quot;Signature for this request is not valid.&quot;}. Not sure what I am doing incorrectly"},{"tags":["java","spring","spring-batch","spring-batch-stream"],"owner":{"account_id":21733790,"reputation":387,"user_id":16042088,"user_type":"registered","profile_image":"https://lh3.googleusercontent.com/a/AATXAJy7M6UNUKWVyX2A__eD1q0ACKAXoWC81qVnkFZO=k-s256","display_name":"Mike Marsh","link":"https://stackoverflow.com/users/16042088/mike-marsh"},"is_answered":false,"view_count":628,"answer_count":1,"score":0,"last_activity_date":1642386517,"creation_date":1642377283,"last_edit_date":1642377318,"question_id":70735192,"content_license":"CC BY-SA 4.0","link":"https://stackoverflow.com/questions/70735192/how-to-resolve-input-resource-must-exist-reader-is-in-strict-mode-spring-bat","title":"How to resolve Input resource must exist (reader is in &#39;strict&#39; mode) Spring Batch"},{"tags":["google-cloud-firestore","google-authentication","service-accounts"],"owner":{"account_id":17449945,"reputation":59,"user_id":12650123,"user_type":"registered","profile_image":"https://lh3.googleusercontent.com/a-/AAuE7mA1QPU6BwoUALsgYMTdWVLxxhRW3vMgqhuOVE0=k-s256","display_name":"User_42","link":"https://stackoverflow.com/users/12650123/user-42"},"is_answered":true,"view_count":325,"accepted_answer_id":70736156,"answer_count":1,"score":0,"last_activity_date":1642619874,"creation_date":1642377270,"question_id":70735191,"content_license":"CC BY-SA 4.0","link":"https://stackoverflow.com/questions/70735191/get-document-from-firestore-with-service-account","title":"Get document from Firestore with service account"},{"tags":["c++","visual-studio-code","intellisense","clang++"],"owner":{"account_id":21923007,"reputation":11,"user_id":17950153,"user_type":"registered","profile_image":"https://www.gravatar.com/avatar/55e5b2925c94ee244addedbba6672b94?s=256&d=identicon&r=PG","display_name":"chipree","link":"https://stackoverflow.com/users/17950153/chipree"},"is_answered":false,"view_count":665,"answer_count":1,"score":1,"last_activity_date":1657269916,"creation_date":1642377253,"question_id":70735190,"content_license":"CC BY-SA 4.0","link":"https://stackoverflow.com/questions/70735190/intellisense-does-not-show-function-descriptions-in-visual-studio-code-for-c-u","title":"Intellisense does not show function descriptions in Visual Studio Code for C++ using the clang++ compiler on macOS"},{"tags":["javascript","html","collision-detection","game-development"],"owner":{"account_id":23942816,"reputation":3,"user_id":17935607,"user_type":"registered","profile_image":"https://lh3.googleusercontent.com/a-/AOh14GhAVQ3MJ9RTmofLny2VNm4nKFfcjN4a_5QJWkjoYP8=k-s256","display_name":"cal","link":"https://stackoverflow.com/users/17935607/cal"},"is_answered":false,"view_count":187,"answer_count":0,"score":0,"last_activity_date":1642377656,"creation_date":1642377211,"last_edit_date":1642377656,"question_id":70735187,"content_license":"CC BY-SA 4.0","link":"https://stackoverflow.com/questions/70735187/javascript-image-collision-detection","title":"JavaScript Image Collision Detection"},{"tags":["amazon-s3","ansible","backblaze"],"owner":{"account_id":5961458,"reputation":73,"user_id":4686515,"user_type":"registered","profile_image":"https://www.gravatar.com/avatar/36687677c6fe1b49b6082f75fb8311d6?s=256&d=identicon&r=PG&f=y&so-version=2","display_name":"NewUser","link":"https://stackoverflow.com/users/4686515/newuser"},"is_answered":true,"view_count":678,"accepted_answer_id":70792753,"answer_count":1,"score":1,"last_activity_date":1665788532,"creation_date":1642377201,"last_edit_date":1665788505,"question_id":70735186,"content_license":"CC BY-SA 4.0","link":"https://stackoverflow.com/questions/70735186/ansible-s3-object-upload-to-backblaze-returns-403-for-putobjectacl","title":"Ansible S3 object upload to Backblaze returns 403 for PutObjectAcl"},{"tags":["database","postgresql"],"owner":{"account_id":5166618,"reputation":3625,"user_id":4136389,"user_type":"registered","accept_rate":72,"profile_image":"https://www.gravatar.com/avatar/d326a4ea4b898a57a084476810e9573a?s=256&d=identicon&r=PG&f=y&so-version=2","display_name":"batman","link":"https://stackoverflow.com/users/4136389/batman"},"is_answered":true,"view_count":49,"answer_count":1,"score":0,"last_activity_date":1642397390,"creation_date":1642377181,"question_id":70735184,"content_license":"CC BY-SA 4.0","link":"https://stackoverflow.com/questions/70735184/how-to-organize-common-columns-to-a-single-table","title":"How to organize common columns to a single table?"},{"tags":["laravel"],"owner":{"account_id":23959919,"reputation":3,"user_id":17950154,"user_type":"registered","profile_image":"https://lh3.googleusercontent.com/a-/AOh14GhceC23JSwCjgF-jmtJbCKTTh359kPESOh7LWi5cQ=k-s256","display_name":"Anzor","link":"https://stackoverflow.com/users/17950154/anzor"},"is_answered":false,"view_count":148,"answer_count":0,"score":0,"last_activity_date":1642427274,"creation_date":1642377173,"last_edit_date":1642427274,"question_id":70735182,"content_license":"CC BY-SA 4.0","link":"https://stackoverflow.com/questions/70735182/laravel-transfer-data-to-another-db","title":"Laravel - transfer data to another DB"},{"tags":["html","web-scraping","google-sheets","xpath","google-sheets-formula"],"owner":{"account_id":11929474,"reputation":3,"user_id":8729759,"user_type":"registered","profile_image":"https://www.gravatar.com/avatar/a34b745886b845ad7211badb4b3077c3?s=256&d=identicon&r=PG&f=y&so-version=2","display_name":"user8729759","link":"https://stackoverflow.com/users/8729759/user8729759"},"is_answered":true,"view_count":119,"accepted_answer_id":70735234,"answer_count":2,"score":0,"last_activity_date":1642423976,"creation_date":1642377157,"question_id":70735181,"content_license":"CC BY-SA 4.0","link":"https://stackoverflow.com/questions/70735181/how-to-get-the-correct-xpath-for-google-sheets-formula-importxml","title":"How to get the correct XPath for Google Sheets formula ImportXML"},{"tags":["c"],"owner":{"account_id":23960004,"reputation":39,"user_id":17950229,"user_type":"registered","profile_image":"https://lh3.googleusercontent.com/a/AATXAJyo4aOLf_hWTV9IwBqpUbV3sLBBWwHRdnsX2GI9=k-s256","display_name":"G&#246;rkem GG.","link":"https://stackoverflow.com/users/17950229/g%c3%b6rkem-gg"},"is_answered":true,"view_count":71,"closed_date":1642384156,"answer_count":2,"score":1,"last_activity_date":1642378695,"creation_date":1642377151,"last_edit_date":1642377796,"question_id":70735178,"link":"https://stackoverflow.com/questions/70735178/printing-square-using-specified-character-and-multiplying-chars","closed_reason":"Opinion-based","title":"Printing square using specified character and multiplying chars"},{"tags":["jquery","ruby-on-rails","ruby"],"owner":{"account_id":23717301,"reputation":1,"user_id":17738271,"user_type":"registered","profile_image":"https://www.gravatar.com/avatar/5eacc6364945ac917656f02bc0e56dd5?s=256&d=identicon&r=PG&f=y&so-version=2","display_name":"kokoko","link":"https://stackoverflow.com/users/17738271/kokoko"},"is_answered":false,"view_count":71,"answer_count":0,"score":0,"last_activity_date":1642376799,"creation_date":1642376799,"question_id":70735160,"content_license":"CC BY-SA 4.0","link":"https://stackoverflow.com/questions/70735160/how-can-i-set-a-validation-on-html-on-ruby-on-rails","title":"How can I set a validation on HTML on Ruby on rails?"},{"tags":["php","laravel"],"owner":{"account_id":7789615,"reputation":11,"user_id":5893107,"user_type":"registered","profile_image":"https://www.gravatar.com/avatar/db580924fe37f0d532524ca9fbdccff3?s=256&d=identicon&r=PG&f=y&so-version=2","display_name":"happydestroyer","link":"https://stackoverflow.com/users/5893107/happydestroyer"},"is_answered":false,"view_count":127,"answer_count":1,"score":0,"last_activity_date":1642381540,"creation_date":1642376732,"question_id":70735158,"content_license":"CC BY-SA 4.0","link":"https://stackoverflow.com/questions/70735158/how-to-call-controller-function-inside-blade-php","title":"How to call controller function inside blade php?"},{"tags":["wordpress","advanced-custom-fields"],"owner":{"account_id":23959931,"reputation":11,"user_id":17950164,"user_type":"registered","profile_image":"https://www.gravatar.com/avatar/6bbd2ad74578626a4f71af1938da933b?s=256&d=identicon&r=PG","display_name":"Ashyzan","link":"https://stackoverflow.com/users/17950164/ashyzan"},"is_answered":true,"view_count":137,"accepted_answer_id":70739188,"answer_count":1,"score":-1,"last_activity_date":1642412142,"creation_date":1642376714,"question_id":70735157,"content_license":"CC BY-SA 4.0","link":"https://stackoverflow.com/questions/70735157/create-a-simple-plugin-to-show-acf-in-wordpress-posts-if-they-exists","title":"Create a simple plugin to show ACF in wordpress posts (if they exists)"},{"tags":["react-native","react-native-navigation","react-navigation-v5","react-navigation-bottom-tab","react-native-debugger"],"owner":{"account_id":6142273,"reputation":1943,"user_id":4789317,"user_type":"registered","accept_rate":75,"profile_image":"https://www.gravatar.com/avatar/b93ba7504c562558f8651ab894ce9926?s=256&d=identicon&r=PG&f=y&so-version=2","display_name":"Stevetro","link":"https://stackoverflow.com/users/4789317/stevetro"},"is_answered":false,"view_count":677,"answer_count":0,"score":0,"last_activity_date":1670873585,"creation_date":1642376698,"question_id":70735154,"content_license":"CC BY-SA 4.0","link":"https://stackoverflow.com/questions/70735154/bottom-tabbar-touchables-are-red-in-react-native-inspector-and-not-clickable","title":"Bottom Tabbar touchables are red in react-native inspector and not clickable"},{"tags":["javascript","css","node.js"],"owner":{"account_id":21313782,"reputation":69,"user_id":15687859,"user_type":"registered","profile_image":"https://lh5.googleusercontent.com/--vQD2LVSwRA/AAAAAAAAAAI/AAAAAAAAAAA/AMZuuclT4Dpmjk02IvKfzINLmHhEmEfr6w/s96-c/photo.jpg?sz=256","display_name":"Ben Fisher","link":"https://stackoverflow.com/users/15687859/ben-fisher"},"is_answered":false,"view_count":417,"answer_count":0,"score":0,"last_activity_date":1642376692,"creation_date":1642376692,"question_id":70735152,"content_license":"CC BY-SA 4.0","link":"https://stackoverflow.com/questions/70735152/export-css-file-to-be-available-through-a-url","title":"export css file to be available through a url"},{"tags":["three.js","aframe","webvr"],"owner":{"account_id":21602141,"reputation":554,"user_id":15930096,"user_type":"registered","profile_image":"https://lh3.googleusercontent.com/a/AATXAJx3-Sk5acIyLO4tyqVFrHH8w0DKSjmMyWhNoV-j=k-s256","display_name":"Aidan Young","link":"https://stackoverflow.com/users/15930096/aidan-young"},"is_answered":true,"view_count":2429,"accepted_answer_id":70738587,"answer_count":1,"score":0,"last_activity_date":1642409106,"creation_date":1642376691,"question_id":70735151,"content_license":"CC BY-SA 4.0","link":"https://stackoverflow.com/questions/70735151/a-frame-pause-play-animation-mixer","title":"A-frame pause/play animation mixer"},{"tags":["python","html","django"],"owner":{"account_id":14945935,"reputation":692,"user_id":10791217,"user_type":"registered","profile_image":"https://graph.facebook.com/10215038133645961/picture?type=large","display_name":"RCarmody","link":"https://stackoverflow.com/users/10791217/rcarmody"},"is_answered":false,"view_count":43,"answer_count":1,"score":0,"last_activity_date":1642388321,"creation_date":1642376626,"last_edit_date":1642388321,"question_id":70735145,"content_license":"CC BY-SA 4.0","link":"https://stackoverflow.com/questions/70735145/html-not-picking-up-bootstrap-wont-combine","title":"HTML Not Picking Up Bootstrap &amp; Won&#39;t Combine"},{"tags":["database","entity-framework","database-design"],"owner":{"account_id":22812583,"reputation":31,"user_id":16963645,"user_type":"registered","profile_image":"https://lh3.googleusercontent.com/a-/AOh14GjxP46fAY9iM_JBE64VveQaIWMt437te5yXTzxfkw=k-s256","display_name":"Glacierdk","link":"https://stackoverflow.com/users/16963645/glacierdk"},"is_answered":true,"view_count":328,"closed_date":1642396584,"answer_count":1,"score":-2,"last_activity_date":1642405381,"creation_date":1642376557,"last_edit_date":1642405381,"question_id":70735140,"link":"https://stackoverflow.com/questions/70735140/database-design-best-practices","closed_reason":"Needs details or clarity","title":"Database design - best practices"},{"tags":["python","python-3.9"],"owner":{"account_id":4019407,"reputation":11320,"user_id":3310334,"user_type":"registered","accept_rate":64,"profile_image":"https://i.stack.imgur.com/BTb0z.jpg?s=256&g=1","display_name":"theonlygusti","link":"https://stackoverflow.com/users/3310334/theonlygusti"},"is_answered":true,"view_count":115,"answer_count":1,"score":-1,"last_activity_date":1642376932,"creation_date":1642376538,"question_id":70735139,"content_license":"CC BY-SA 4.0","link":"https://stackoverflow.com/questions/70735139/typehint-generic-type-variable","title":"Typehint generic type variable"},{"tags":["powershell","active-directory"],"owner":{"account_id":21709035,"reputation":3,"user_id":17950158,"user_type":"registered","profile_image":"https://www.gravatar.com/avatar/b62cd20c7e80e5935041fba6cb0b3eee?s=256&d=identicon&r=PG&f=y&so-version=2","display_name":"user1371569","link":"https://stackoverflow.com/users/17950158/user1371569"},"is_answered":true,"view_count":340,"accepted_answer_id":70735941,"answer_count":1,"score":0,"last_activity_date":1642387050,"creation_date":1642376510,"last_edit_date":1642377520,"question_id":70735137,"content_license":"CC BY-SA 4.0","link":"https://stackoverflow.com/questions/70735137/powershell-active-directory-script-what-value-or-variable-to-use-to-get-the-co","title":"PowerShell Active Directory Script - What value or variable to use to get the correct output"},{"tags":["flutter"],"owner":{"account_id":20590433,"reputation":81,"user_id":15114248,"user_type":"registered","profile_image":"https://www.gravatar.com/avatar/d3ba746cb7f96698c68da91b03abe176?s=256&d=identicon&r=PG&f=y&so-version=2","display_name":"La Forge1071","link":"https://stackoverflow.com/users/15114248/la-forge1071"},"is_answered":false,"view_count":818,"answer_count":0,"score":2,"last_activity_date":1642455587,"creation_date":1642376495,"last_edit_date":1642455587,"question_id":70735135,"content_license":"CC BY-SA 4.0","link":"https://stackoverflow.com/questions/70735135/flutter-background-process","title":"Flutter-background process"},{"tags":["graph-theory","gremlin","tinkerpop","amazon-neptune"],"owner":{"account_id":5978029,"reputation":87,"user_id":4698185,"user_type":"registered","profile_image":"https://www.gravatar.com/avatar/abe6c127950d28dea55cf6510b47de88?s=256&d=identicon&r=PG&f=y&so-version=2","display_name":"natsbat4ws","link":"https://stackoverflow.com/users/4698185/natsbat4ws"},"is_answered":true,"view_count":621,"answer_count":1,"score":1,"last_activity_date":1643730543,"creation_date":1642376494,"question_id":70735134,"content_license":"CC BY-SA 4.0","link":"https://stackoverflow.com/questions/70735134/find-largest-connected-components-aws-neptune","title":"Find largest connected components AWS Neptune"},{"tags":["python","django","django-celery"],"owner":{"account_id":14093791,"reputation":3,"user_id":10181255,"user_type":"registered","profile_image":"https://www.gravatar.com/avatar/2d9de216366b5bb270874007f692382a?s=256&d=identicon&r=PG&f=y&so-version=2","display_name":"Saarsa","link":"https://stackoverflow.com/users/10181255/saarsa"},"is_answered":false,"view_count":276,"answer_count":0,"score":0,"last_activity_date":1642443466,"creation_date":1642376471,"last_edit_date":1642443466,"question_id":70735130,"content_license":"CC BY-SA 4.0","link":"https://stackoverflow.com/questions/70735130/django-celery-delay-function-use-guest-user","title":"django celery delay function use guest user"},{"tags":["python","json","list","dictionary"],"owner":{"account_id":1585590,"reputation":681,"user_id":1470034,"user_type":"registered","accept_rate":93,"profile_image":"https://www.gravatar.com/avatar/d9174a06e622e192ef29947539e94ac5?s=256&d=identicon&r=PG","display_name":"user1470034","link":"https://stackoverflow.com/users/1470034/user1470034"},"is_answered":true,"view_count":319,"accepted_answer_id":70735213,"answer_count":1,"score":1,"last_activity_date":1643030353,"creation_date":1642376383,"last_edit_date":1643030353,"question_id":70735125,"content_license":"CC BY-SA 4.0","link":"https://stackoverflow.com/questions/70735125/python-json-accessing-an-id-in-a-nested-dictionary-and-list-based-on-its-value","title":"Python json accessing an id in a nested dictionary and list based on it&#39;s value"},{"tags":["spring","junit","mocking","mockito"],"owner":{"account_id":23897722,"reputation":221,"user_id":17896393,"user_type":"registered","profile_image":"https://www.gravatar.com/avatar/6b157f4307ae1b584e4404eef9df6c4e?s=256&d=identicon&r=PG","display_name":"Lulex97","link":"https://stackoverflow.com/users/17896393/lulex97"},"is_answered":false,"view_count":437,"answer_count":1,"score":0,"last_activity_date":1642390262,"creation_date":1642376380,"question_id":70735124,"content_license":"CC BY-SA 4.0","link":"https://stackoverflow.com/questions/70735124/spring-tests-with-mocks-and-httpmessageconversionexception","title":"spring tests with mocks and HttpMessageConversionException"},{"tags":["dart","object","instance"],"owner":{"account_id":17889024,"reputation":39,"user_id":12995964,"user_type":"registered","profile_image":"https://lh3.googleusercontent.com/a-/AOh14GiOGsIK4lXlcglsfQfry8uF4P-pcxH7BZoDItpd=k-s256","display_name":"Dongjun Cha","link":"https://stackoverflow.com/users/12995964/dongjun-cha"},"is_answered":false,"view_count":99,"answer_count":1,"score":1,"last_activity_date":1642581044,"creation_date":1642376372,"last_edit_date":1642377376,"question_id":70735123,"content_license":"CC BY-SA 4.0","link":"https://stackoverflow.com/questions/70735123/dart-object-instantiating","title":"Dart Object instantiating"}],"has_more":true,"quota_max":300,"quota_remaining":235}