{"items":[{"tags":["ruby-on-rails","trix"],"owner":{"account_id":20407188,"reputation":1,"user_id":14971476,"user_type":"registered","profile_image":"https://www.gravatar.com/avatar/c5225ab3ef41085bf315d96a0e42bdbb?s=256&d=identicon&r=PG&f=y&so-version=2","display_name":"Gene","link":"https://stackoverflow.com/users/14971476/gene"},"is_answered":false,"view_count":493,"answer_count":1,"score":0,"last_activity_date":1649117756,"creation_date":1641880789,"question_id":70662253,"content_license":"CC BY-SA 4.0","link":"https://stackoverflow.com/questions/70662253/trix-editor-doesnt-display-in-rails-6","title":"Trix Editor doesn&#39;t display in Rails 6"},{"tags":["c#","linq"],"owner":{"account_id":6267102,"reputation":5067,"user_id":4872454,"user_type":"registered","accept_rate":70,"profile_image":"https://i.stack.imgur.com/sklRs.jpg?s=256&g=1","display_name":"JGV","link":"https://stackoverflow.com/users/4872454/jgv"},"is_answered":true,"view_count":442,"accepted_answer_id":70662316,"answer_count":2,"score":0,"last_activity_date":1641882617,"creation_date":1641880715,"last_edit_date":1641881801,"question_id":70662243,"content_license":"CC BY-SA 4.0","link":"https://stackoverflow.com/questions/70662243/sorting-date-in-string-format-with-possible-invalid-null-values","title":"Sorting date in string format with possible invalid/null values"},{"tags":["java","android","mediastore","android-11"],"owner":{"account_id":13995917,"reputation":79,"user_id":10108701,"user_type":"registered","profile_image":"https://www.gravatar.com/avatar/789baf94f729fbda403ef1294523bbde?s=256&d=identicon&r=PG&f=y&so-version=2","display_name":"Akanksha Singh","link":"https://stackoverflow.com/users/10108701/akanksha-singh"},"is_answered":true,"view_count":1243,"accepted_answer_id":70666716,"answer_count":1,"score":1,"last_activity_date":1641903688,"creation_date":1641880662,"last_edit_date":1641895578,"question_id":70662238,"content_license":"CC BY-SA 4.0","link":"https://stackoverflow.com/questions/70662238/audio-m4a-mime-type-not-supported-android-11","title":"&quot;audio/m4a&quot; mime type not supported Android 11"},{"tags":["python","html","web-scraping","svg","beautifulsoup"],"owner":{"account_id":19535625,"reputation":23,"user_id":14294478,"user_type":"registered","profile_image":"https://lh3.googleusercontent.com/-ib2YsoFSclw/AAAAAAAAAAI/AAAAAAAAAAA/AMZuuckzvUCOzf9-O8SzuwXpKNiMDyH6uw/photo.jpg?sz=256","display_name":"Akash ","link":"https://stackoverflow.com/users/14294478/akash"},"is_answered":true,"view_count":1454,"accepted_answer_id":70662803,"answer_count":3,"score":2,"last_activity_date":1641909805,"creation_date":1641880661,"question_id":70662237,"content_license":"CC BY-SA 4.0","link":"https://stackoverflow.com/questions/70662237/how-to-scrape-svg-element-from-a-website-using-beautiful-soup","title":"How to scrape SVG element from a website using Beautiful Soup?"},{"tags":["c#",".net","vb.net","mouseover","mousehover"],"owner":{"account_id":387639,"reputation":8081,"user_id":746100,"user_type":"registered","accept_rate":73,"profile_image":"https://i.stack.imgur.com/6w5Y7.jpg?s=256&g=1","display_name":"Doug Null","link":"https://stackoverflow.com/users/746100/doug-null"},"is_answered":true,"view_count":87,"answer_count":1,"score":-1,"last_activity_date":1642809007,"creation_date":1641880612,"last_edit_date":1642788887,"question_id":70662231,"content_license":"CC BY-SA 4.0","link":"https://stackoverflow.com/questions/70662231/net-how-to-persist-multiple-popups-after-mouse-hover","title":".net how to persist multiple popups after mouse hover"},{"tags":["sql","reporting-services","ssrs-2008"],"owner":{"account_id":16473123,"reputation":4331,"user_id":11901732,"user_type":"registered","profile_image":"https://i.stack.imgur.com/RiNDt.jpg?s=256&g=1","display_name":"nilsinelabore","link":"https://stackoverflow.com/users/11901732/nilsinelabore"},"is_answered":false,"view_count":882,"answer_count":1,"score":2,"last_activity_date":1695999319,"creation_date":1641880571,"question_id":70662229,"content_license":"CC BY-SA 4.0","link":"https://stackoverflow.com/questions/70662229/how-to-report-on-the-last-day-of-each-month-ssrs","title":"How to report on the last day of each month SSRS"},{"tags":["java"],"owner":{"account_id":19077579,"reputation":39,"user_id":13930535,"user_type":"registered","profile_image":"https://lh5.googleusercontent.com/-EzR-56RHvOE/AAAAAAAAAAI/AAAAAAAAAAA/AMZuucnxcJh1CBcN01IzzmJqlfrDnyYGYA/photo.jpg?sz=256","display_name":"Haarith Jayakumar","link":"https://stackoverflow.com/users/13930535/haarith-jayakumar"},"is_answered":false,"view_count":48,"answer_count":1,"score":-3,"last_activity_date":1641881586,"creation_date":1641880555,"question_id":70662226,"content_license":"CC BY-SA 4.0","link":"https://stackoverflow.com/questions/70662226/how-do-i-compare-an-element-to-every-element-that-comes-after-it-in-an-array","title":"How do I compare an element to every element that comes after it in an array?"},{"tags":["vue.js","webpack","webpack-dev-server","vue-cli","devserver"],"owner":{"account_id":13925464,"reputation":43,"user_id":10054910,"user_type":"registered","profile_image":"https://www.gravatar.com/avatar/d2ee134d3c47a29aa734045c92ca3b60?s=256&d=identicon&r=PG&f=y&so-version=2","display_name":"EaBengaluru","link":"https://stackoverflow.com/users/10054910/eabengaluru"},"is_answered":true,"view_count":854,"accepted_answer_id":70701132,"answer_count":1,"score":-1,"last_activity_date":1642097173,"creation_date":1641880549,"last_edit_date":1642054850,"question_id":70662224,"content_license":"CC BY-SA 4.0","link":"https://stackoverflow.com/questions/70662224/how-to-load-multiple-apps-with-vue-devserver-configuration","title":"How to load multiple apps with vue devServer configuration"},{"tags":["laravel","model-view-controller"],"owner":{"account_id":22271715,"reputation":41,"user_id":16501566,"user_type":"registered","profile_image":"https://www.gravatar.com/avatar/763193d5b44c4a09ddf420f128bad3fb?s=256&d=identicon&r=PG&f=y&so-version=2","display_name":"earlyBeard","link":"https://stackoverflow.com/users/16501566/earlybeard"},"is_answered":true,"view_count":55,"accepted_answer_id":70662410,"answer_count":2,"score":0,"last_activity_date":1641882187,"creation_date":1641880544,"question_id":70662223,"content_license":"CC BY-SA 4.0","link":"https://stackoverflow.com/questions/70662223/laravel-models-function-how-to-make-a-main-function","title":"Laravel Models/function, how to make a main &quot;function&quot;"},{"tags":["asp.net-core","user-interface","blazor","blazor-server-side"],"owner":{"account_id":4820242,"reputation":575,"user_id":3891119,"user_type":"registered","accept_rate":50,"profile_image":"https://i.stack.imgur.com/j6EYS.jpg?s=256&g=1","display_name":"Sonja","link":"https://stackoverflow.com/users/3891119/sonja"},"is_answered":true,"view_count":121,"accepted_answer_id":70662577,"answer_count":2,"score":0,"last_activity_date":1641898281,"creation_date":1641880537,"last_edit_date":1641886356,"question_id":70662222,"content_license":"CC BY-SA 4.0","link":"https://stackoverflow.com/questions/70662222/blazor-problem-connecting-the-ui-with-the-code","title":"Blazor problem connecting the UI with the code"},{"tags":["r","dplyr","stringr"],"owner":{"account_id":18888611,"reputation":271,"user_id":13779406,"user_type":"registered","profile_image":"https://www.gravatar.com/avatar/07197e3022209feb0e11b05b52f26d4a?s=256&d=identicon&r=PG&f=y&so-version=2","display_name":"Raul","link":"https://stackoverflow.com/users/13779406/raul"},"is_answered":true,"view_count":73,"accepted_answer_id":70662425,"answer_count":2,"score":0,"last_activity_date":1641882283,"creation_date":1641880477,"question_id":70662218,"content_license":"CC BY-SA 4.0","link":"https://stackoverflow.com/questions/70662218/simplifying-column-edit-using-stringr-and-pipes-instead-of-gsub","title":"Simplifying column edit using stringr and pipes instead of gsub"},{"tags":["node.js","express","asynchronous","queue"],"owner":{"account_id":23549958,"reputation":3,"user_id":17592832,"user_type":"registered","profile_image":"https://lh3.googleusercontent.com/a/AATXAJynQIrqz_uPompfPhhYNTErhTLNfEj1rqRgT9yE=k-s256","display_name":"ayoub BELKACEMI","link":"https://stackoverflow.com/users/17592832/ayoub-belkacemi"},"is_answered":true,"view_count":88,"accepted_answer_id":70662448,"answer_count":1,"score":0,"last_activity_date":1641882419,"creation_date":1641880408,"question_id":70662210,"content_license":"CC BY-SA 4.0","link":"https://stackoverflow.com/questions/70662210/how-to-handle-two-long-request-simultanously-in-expressjs","title":"How to handle two long request simultanously in expressJS"},{"tags":["reactjs","react-router","react-router-dom"],"owner":{"account_id":10375751,"reputation":193,"user_id":7651967,"user_type":"registered","profile_image":"https://graph.facebook.com/1240037472712801/picture?type=large","display_name":"Gajanan Shinde","link":"https://stackoverflow.com/users/7651967/gajanan-shinde"},"is_answered":true,"view_count":15979,"accepted_answer_id":70662269,"answer_count":1,"score":2,"last_activity_date":1641881864,"creation_date":1641880383,"last_edit_date":1641880973,"question_id":70662206,"content_license":"CC BY-SA 4.0","link":"https://stackoverflow.com/questions/70662206/uncaught-error-usenavigate-may-be-used-only-in-the-context-of-a-router-comp","title":"Uncaught Error: useNavigate() may be used only in the context of a &lt;Router&gt; component"},{"tags":["javascript"],"owner":{"account_id":23901093,"reputation":21,"user_id":17899258,"user_type":"registered","profile_image":"https://www.gravatar.com/avatar/e58262e10656479b1ce7224ae291c036?s=256&d=identicon&r=PG","display_name":"arthur","link":"https://stackoverflow.com/users/17899258/arthur"},"is_answered":true,"view_count":72,"accepted_answer_id":70662934,"answer_count":3,"score":0,"last_activity_date":1641887293,"creation_date":1641880350,"last_edit_date":1641884865,"question_id":70662202,"content_license":"CC BY-SA 4.0","link":"https://stackoverflow.com/questions/70662202/how-to-hide-divs-with-a-radio-button","title":"how to hide divs with a radio button"},{"tags":["java","android","api","rest"],"owner":{"account_id":18561523,"reputation":13,"user_id":13525434,"user_type":"registered","profile_image":"https://i.stack.imgur.com/H0JJa.jpg?s=256&g=1","display_name":"Walid Ahmed","link":"https://stackoverflow.com/users/13525434/walid-ahmed"},"is_answered":false,"view_count":248,"answer_count":3,"score":0,"last_activity_date":1641886602,"creation_date":1641880296,"question_id":70662196,"content_license":"CC BY-SA 4.0","link":"https://stackoverflow.com/questions/70662196/is-this-good-approach-to-fetch-data-every-n-second-by-hitting-server-or-rest-api","title":"is this good approach to fetch data every n second by hitting server or rest API in android"},{"tags":["ubuntu","visual-studio-code","mouse"],"owner":{"account_id":15887635,"reputation":188,"user_id":11468717,"user_type":"registered","profile_image":"https://i.stack.imgur.com/LSBDI.png?s=256&g=1","display_name":"Paganini","link":"https://stackoverflow.com/users/11468717/paganini"},"is_answered":false,"view_count":939,"answer_count":1,"score":10,"last_activity_date":1697845259,"creation_date":1641880244,"last_edit_date":1697834735,"question_id":70662190,"content_license":"CC BY-SA 4.0","link":"https://stackoverflow.com/questions/70662190/mouse-wheel-issues-in-vs-code-on-ubuntu","title":"Mouse wheel issues in VS Code on Ubuntu"},{"tags":["oracle","netsuite","suitetalk"],"owner":{"account_id":6509120,"reputation":134,"user_id":5664993,"user_type":"registered","profile_image":"https://www.gravatar.com/avatar/8572334c3a4dce5648851d42df9287d9?s=256&d=identicon&r=PG&f=y&so-version=2","display_name":"Kapil Bablani","link":"https://stackoverflow.com/users/5664993/kapil-bablani"},"is_answered":true,"view_count":842,"accepted_answer_id":70669591,"answer_count":1,"score":1,"last_activity_date":1641916076,"creation_date":1641880243,"question_id":70662189,"content_license":"CC BY-SA 4.0","link":"https://stackoverflow.com/questions/70662189/getting-an-error-suitetalk-endpoint-version-2014-2-is-no-longer-supported-whil","title":"Getting an error &quot;Suitetalk endpoint version 2014_2 is no longer supported&quot; while using SuiteTalk SOAP service to connect to Netsuite database"},{"tags":["swift","escaping","closures","swift5","capture-list"],"owner":{"account_id":2489585,"reputation":1327,"user_id":2167345,"user_type":"registered","accept_rate":60,"profile_image":"https://i.stack.imgur.com/PBCBv.jpg?s=256&g=1","display_name":"Roman","link":"https://stackoverflow.com/users/2167345/roman"},"is_answered":false,"view_count":101,"answer_count":0,"score":0,"last_activity_date":1641881183,"creation_date":1641880241,"last_edit_date":1641881183,"question_id":70662188,"content_license":"CC BY-SA 4.0","link":"https://stackoverflow.com/questions/70662188/function-in-capture-list-extraneous-argument-label-error","title":"Function in capture list: &quot;extraneous argument label&quot; error"},{"tags":["windows","for-loop","batch-file","escaping","special-characters"],"owner":{"account_id":16864781,"reputation":71,"user_id":12194725,"user_type":"registered","profile_image":"https://www.gravatar.com/avatar/16ee885dfdf333b743d2af15563bd388?s=256&d=identicon&r=PG&f=y&so-version=2","display_name":"Fabio Freitas","link":"https://stackoverflow.com/users/12194725/fabio-freitas"},"is_answered":true,"view_count":750,"accepted_answer_id":70734629,"answer_count":1,"score":1,"last_activity_date":1691862730,"creation_date":1641880206,"last_edit_date":1643067069,"question_id":70662186,"content_license":"CC BY-SA 4.0","link":"https://stackoverflow.com/questions/70662186/how-to-pass-a-command-that-may-contain-special-characters-such-as-or-insid","title":"How to pass a command that may contain special characters (such as % or !) inside a variable to a for /f loop?"},{"tags":["javascript","mongodb","api","express"],"owner":{"account_id":19676074,"reputation":63,"user_id":14404180,"user_type":"registered","profile_image":"https://lh4.googleusercontent.com/-nobSW7MMPvk/AAAAAAAAAAI/AAAAAAAAAAA/AMZuuclkRw_6rcDR1j2BdUVYl1_bIfIM8g/photo.jpg?sz=256","display_name":"abood alwa7sh","link":"https://stackoverflow.com/users/14404180/abood-alwa7sh"},"is_answered":true,"view_count":43,"accepted_answer_id":70662437,"answer_count":1,"score":0,"last_activity_date":1641967546,"creation_date":1641880192,"last_edit_date":1641967546,"question_id":70662183,"content_license":"CC BY-SA 4.0","link":"https://stackoverflow.com/questions/70662183/expressjs-mongodb-return-nested-subarray","title":"expressjs - mongoDb return nested subArray"},{"tags":["java"],"owner":{"account_id":23109816,"reputation":39,"user_id":17217904,"user_type":"registered","profile_image":"https://lh3.googleusercontent.com/a/AATXAJwCXrbY1vNGRNfYoBwCMG9ZmXU9LzEvQyR_RcOV=k-s256","display_name":"Mr.NeedHelpAlot","link":"https://stackoverflow.com/users/17217904/mr-needhelpalot"},"is_answered":true,"view_count":66,"accepted_answer_id":70662257,"answer_count":3,"score":0,"last_activity_date":1641897224,"creation_date":1641880191,"last_edit_date":1641897224,"question_id":70662182,"content_license":"CC BY-SA 4.0","link":"https://stackoverflow.com/questions/70662182/object-is-more-then-1-child-now-what","title":"Object is more then 1 child, now what?"},{"tags":["mysql","spring-boot","maven","spring-data-jpa","nosql"],"owner":{"account_id":19432035,"reputation":1,"user_id":14212225,"user_type":"registered","profile_image":"https://graph.facebook.com/2728831824021723/picture?type=large","display_name":"Yogendra Amarji","link":"https://stackoverflow.com/users/14212225/yogendra-amarji"},"is_answered":false,"view_count":73,"answer_count":0,"score":0,"last_activity_date":1641880139,"creation_date":1641880139,"question_id":70662180,"content_license":"CC BY-SA 4.0","link":"https://stackoverflow.com/questions/70662180/backup-mysql-data-and-upload-to-mongo-db-automatically-in-every-1-month","title":"Backup mysql data and upload to mongo db automatically in every 1 month"},{"tags":["next.js","supabase","supabase-database"],"owner":{"account_id":17956253,"reputation":343,"user_id":13048225,"user_type":"registered","profile_image":"https://lh6.googleusercontent.com/-36k0wwiFP7Q/AAAAAAAAAAI/AAAAAAAAAAA/AKF05nAi_0USKoHihDxITW9snIRE8SRDgg/photo.jpg?sz=256","display_name":"Brenton Beltrami","link":"https://stackoverflow.com/users/13048225/brenton-beltrami"},"is_answered":true,"view_count":9052,"answer_count":6,"score":2,"last_activity_date":1700813929,"creation_date":1641880129,"question_id":70662175,"content_license":"CC BY-SA 4.0","link":"https://stackoverflow.com/questions/70662175/get-supabase-user-server-side-in-next-js","title":"Get supabase `user` server side in next.js"},{"tags":["python","function","tkinter","button"],"owner":{"account_id":22570087,"reputation":1,"user_id":16756375,"user_type":"registered","profile_image":"https://lh3.googleusercontent.com/a-/AOh14Gj_A-dszva9JFKiNnHhHfow4CRTk1D85_AW-Mwd=k-s256","display_name":"Mani Kandan","link":"https://stackoverflow.com/users/16756375/mani-kandan"},"is_answered":false,"view_count":323,"answer_count":0,"score":0,"last_activity_date":1700258274,"creation_date":1641880118,"last_edit_date":1700258274,"question_id":70662173,"content_license":"CC BY-SA 4.0","link":"https://stackoverflow.com/questions/70662173/i-need-to-two-functions-assign-to-one-button-in-tkinter-first-click-to-do-edit-f","title":"I need to two functions assign to one button in tkinter first click to do edit function second time click to save function called"},{"tags":["google-api","phone-number"],"owner":{"account_id":23901172,"reputation":1,"user_id":17899323,"user_type":"registered","profile_image":"https://lh3.googleusercontent.com/a/AATXAJwR0BGF1VjKTj-3FEUVKG3Qf-UeuKz3eXXE3ajO=k-s256","display_name":"Alwin Joseph","link":"https://stackoverflow.com/users/17899323/alwin-joseph"},"is_answered":false,"view_count":1015,"answer_count":1,"score":0,"last_activity_date":1641892371,"creation_date":1641880099,"question_id":70662172,"content_license":"CC BY-SA 4.0","link":"https://stackoverflow.com/questions/70662172/fetching-phone-number-with-country-code-from-google-people-api","title":"Fetching phone number with country code from Google people API"},{"tags":["c#","winui-3"],"owner":{"account_id":2421301,"reputation":440,"user_id":2114189,"user_type":"registered","accept_rate":50,"profile_image":"https://www.gravatar.com/avatar/d17edb8ab030cd2fcc86834fc7b3dcdc?s=256&d=identicon&r=PG","display_name":"user2114189","link":"https://stackoverflow.com/users/2114189/user2114189"},"is_answered":true,"view_count":1497,"accepted_answer_id":70664280,"answer_count":3,"score":2,"last_activity_date":1692883161,"creation_date":1641880091,"last_edit_date":1692883161,"question_id":70662171,"content_license":"CC BY-SA 4.0","link":"https://stackoverflow.com/questions/70662171/winui-3-desktop-navigation-view-page","title":"WinUI 3 Desktop Navigation View Page"},{"tags":["python","tensorflow","keras","jupyter-notebook","pickle"],"owner":{"account_id":20483078,"reputation":11,"user_id":15030863,"user_type":"registered","profile_image":"https://lh3.googleusercontent.com/a-/AOh14Gj6x0oRfLd5TQszqgLQ7uD5Fzkuiu7v4a5qben7Rw=k-s256","display_name":"Omkar Kharkar","link":"https://stackoverflow.com/users/15030863/omkar-kharkar"},"is_answered":false,"view_count":705,"answer_count":1,"score":1,"last_activity_date":1661861903,"creation_date":1641880057,"last_edit_date":1641911766,"question_id":70662166,"content_license":"CC BY-SA 4.0","link":"https://stackoverflow.com/questions/70662166/typeerror-cant-pickle-thread-rlock-objects-deep-learning","title":"TypeError: can&#39;t pickle _thread.RLock objects ( Deep Learning)"},{"tags":["mysql","bigint"],"owner":{"account_id":12085495,"reputation":1,"user_id":8838138,"user_type":"registered","profile_image":"https://www.gravatar.com/avatar/8e4c3008cd77fa8f0ee496378d22b1a0?s=256&d=identicon&r=PG&f=y&so-version=2","display_name":"Romantik","link":"https://stackoverflow.com/users/8838138/romantik"},"is_answered":false,"view_count":434,"answer_count":0,"score":0,"last_activity_date":1641879998,"creation_date":1641879998,"question_id":70662163,"content_license":"CC BY-SA 4.0","link":"https://stackoverflow.com/questions/70662163/mysql-dump-and-restore-all-dbs-with-saving-type","title":"MySql dump and restore all dbs with saving type"},{"tags":["typescript","react-router","react-router-dom"],"owner":{"account_id":294559,"reputation":12793,"user_id":1022330,"user_type":"registered","accept_rate":51,"profile_image":"https://i.stack.imgur.com/sfSrX.png?s=256&g=1","display_name":"Oliver Watkins","link":"https://stackoverflow.com/users/1022330/oliver-watkins"},"is_answered":true,"view_count":10077,"answer_count":2,"score":9,"last_activity_date":1641964875,"creation_date":1641879982,"last_edit_date":1641964875,"question_id":70662160,"content_license":"CC BY-SA 4.0","link":"https://stackoverflow.com/questions/70662160/switch-or-routes-which-is-it-with-react-router","title":"Switch or Routes? Which is it with React Router?"},{"tags":["laravel","laravel-8","laravel-artisan"],"owner":{"account_id":18355749,"reputation":429,"user_id":13379052,"user_type":"registered","profile_image":"https://i.stack.imgur.com/LKc1A.jpg?s=256&g=1","display_name":"Coderio","link":"https://stackoverflow.com/users/13379052/coderio"},"is_answered":false,"view_count":443,"answer_count":0,"score":0,"last_activity_date":1641881096,"creation_date":1641879975,"last_edit_date":1641881096,"question_id":70662158,"content_license":"CC BY-SA 4.0","link":"https://stackoverflow.com/questions/70662158/error-finding-assets-when-running-laravel-artisan-in-host","title":"Error finding assets when running laravel artisan in host"}],"has_more":true,"quota_max":300,"quota_remaining":259}