{"items":[{"tags":["reactjs","react-router-dom"],"owner":{"account_id":16800275,"reputation":1,"user_id":12145702,"user_type":"registered","profile_image":"https://www.gravatar.com/avatar/420bffd076cdb9507227e130708a2360?s=256&d=identicon&r=PG&f=y&so-version=2","display_name":"nandy","link":"https://stackoverflow.com/users/12145702/nandy"},"is_answered":false,"view_count":498,"answer_count":1,"score":-1,"last_activity_date":1646287787,"creation_date":1646287148,"question_id":71332703,"content_license":"CC BY-SA 4.0","link":"https://stackoverflow.com/questions/71332703/react-router-dom-route-with-url-params-does-not-render-component","title":"react-router-dom Route with url params does not render component"},{"tags":["c#","sql","sql-server"],"owner":{"account_id":23716398,"reputation":1,"user_id":17737475,"user_type":"registered","profile_image":"https://lh3.googleusercontent.com/a-/AOh14GhwC4s6GCuV8EVlPJtZNZa3Y2_XB2IAa6CTZ-KxYw=k-s256","display_name":"Music Buddy","link":"https://stackoverflow.com/users/17737475/music-buddy"},"is_answered":true,"view_count":67,"answer_count":1,"score":-2,"last_activity_date":1646370019,"creation_date":1646287131,"last_edit_date":1646287890,"question_id":71332700,"content_license":"CC BY-SA 4.0","link":"https://stackoverflow.com/questions/71332700/insert-incremented-id-from-the-tbl-project-to-tbl-expense-it-must-have-same-id","title":"Insert incremented ID from the tbl_project to tbl_expense it must have same ID. I use PKey &amp; Fkey the ID must be returned"},{"tags":["mysql","amazon-web-services","asp.net-core","sockets",".net-core"],"owner":{"account_id":2351894,"reputation":2029,"user_id":2060495,"user_type":"registered","accept_rate":44,"profile_image":"https://i.stack.imgur.com/D1zOi.jpg?s=256&g=1","display_name":"Amrendra","link":"https://stackoverflow.com/users/2060495/amrendra"},"is_answered":true,"view_count":606,"accepted_answer_id":71433768,"answer_count":1,"score":0,"last_activity_date":1646974162,"creation_date":1646287117,"last_edit_date":1646289041,"question_id":71332698,"content_license":"CC BY-SA 4.0","link":"https://stackoverflow.com/questions/71332698/system-aggregateexception-one-or-more-errors-occurred-unknown-socket-error-i","title":"System.AggregateException: One or more errors occurred. (Unknown socket error) in .Net Core 6"},{"tags":["javascript","html","jquery","css","selenium"],"owner":{"account_id":14016846,"reputation":105,"user_id":14897465,"user_type":"registered","profile_image":"https://lh4.googleusercontent.com/-ev3KR80a5rI/AAAAAAAAAAI/AAAAAAAAAAA/AAnnY7oD-BtKYtQBzLvFnE-IX9R67Afpkw/mo/photo.jpg?sz=256","display_name":"shahrOZe","link":"https://stackoverflow.com/users/14897465/shahroze"},"is_answered":true,"view_count":4901,"answer_count":1,"score":0,"last_activity_date":1680188736,"creation_date":1646286997,"last_edit_date":1646316310,"question_id":71332693,"content_license":"CC BY-SA 4.0","link":"https://stackoverflow.com/questions/71332693/how-to-trigger-hover-action-using-javascript","title":"How to trigger hover action using javascript?"},{"tags":["javascript","html","jquery","css","sass"],"owner":{"account_id":14831312,"reputation":227,"user_id":10710731,"user_type":"registered","profile_image":"https://i.stack.imgur.com/WCcVB.png?s=256&g=1","display_name":"Hemil","link":"https://stackoverflow.com/users/10710731/hemil"},"is_answered":false,"view_count":200,"answer_count":1,"score":0,"last_activity_date":1663157066,"creation_date":1646286991,"last_edit_date":1663157066,"question_id":71332691,"content_license":"CC BY-SA 4.0","link":"https://stackoverflow.com/questions/71332691/progress-bar-on-file-browsing-without-ajax-in-html","title":"Progress Bar on File Browsing without Ajax in HTML"},{"tags":["javascript","discord","discord.js"],"owner":{"account_id":24436799,"reputation":3,"user_id":18360970,"user_type":"registered","profile_image":"https://www.gravatar.com/avatar/165f8b950b90c04e005ff5ffe6a8ce03?s=256&d=identicon&r=PG","display_name":"StillPollex","link":"https://stackoverflow.com/users/18360970/stillpollex"},"is_answered":true,"view_count":38,"accepted_answer_id":71333486,"answer_count":1,"score":0,"last_activity_date":1646429915,"creation_date":1646286984,"last_edit_date":1646429915,"question_id":71332690,"content_license":"CC BY-SA 4.0","link":"https://stackoverflow.com/questions/71332690/opening-file-with-js","title":"Opening file with js"},{"tags":["python","visualization","peak-detection"],"owner":{"account_id":24359946,"reputation":3,"user_id":18294452,"user_type":"registered","profile_image":"https://www.gravatar.com/avatar/826acf4be61efd68ca7c6cae774f2b0a?s=256&d=identicon&r=PG&f=y&so-version=2","display_name":"Deltaflag","link":"https://stackoverflow.com/users/18294452/deltaflag"},"is_answered":false,"view_count":341,"answer_count":0,"score":0,"last_activity_date":1646286944,"creation_date":1646286944,"question_id":71332682,"content_license":"CC BY-SA 4.0","link":"https://stackoverflow.com/questions/71332682/how-do-i-extract-coordinate-of-peak-value-in-graph-python","title":"How do I extract coordinate of peak value in graph (python)"},{"tags":["ubuntu","hyperledger-fabric","blockchain","chaincode"],"owner":{"account_id":24224354,"reputation":5,"user_id":18179090,"user_type":"registered","profile_image":"https://www.gravatar.com/avatar/2370d7dab62899a1517ce26649c1d36b?s=256&d=identicon&r=PG","display_name":"FathimaSyed","link":"https://stackoverflow.com/users/18179090/fathimasyed"},"is_answered":true,"view_count":788,"accepted_answer_id":71606118,"answer_count":1,"score":0,"last_activity_date":1648139580,"creation_date":1646286911,"question_id":71332676,"content_license":"CC BY-SA 4.0","link":"https://stackoverflow.com/questions/71332676/how-can-i-rectify-from-error-flag-needs-an-argument-c-in-c","title":"How can I rectify from Error: flag needs an argument: &#39;c&#39; in -c?"},{"tags":["python","django","many-to-many","django-queryset"],"owner":{"account_id":15447666,"reputation":357,"user_id":11144121,"user_type":"registered","profile_image":"https://i.stack.imgur.com/YeMCV.jpg?s=256&g=1","display_name":"Tanvir Ahmed","link":"https://stackoverflow.com/users/11144121/tanvir-ahmed"},"is_answered":true,"view_count":50,"accepted_answer_id":71333095,"answer_count":1,"score":2,"last_activity_date":1646290097,"creation_date":1646286890,"question_id":71332674,"content_license":"CC BY-SA 4.0","link":"https://stackoverflow.com/questions/71332674/flitering-django-queryset-based-on-manytomanyfield","title":"Flitering django queryset based on ManyToManyField"},{"tags":["sas"],"owner":{"account_id":10817911,"reputation":479,"user_id":7956263,"user_type":"registered","profile_image":"https://lh3.googleusercontent.com/-24-YmgbXkrM/AAAAAAAAAAI/AAAAAAAAATI/tje35LpDlIY/photo.jpg?sz=256","display_name":"BoTz","link":"https://stackoverflow.com/users/7956263/botz"},"is_answered":true,"view_count":274,"accepted_answer_id":71333984,"answer_count":1,"score":0,"last_activity_date":1646318155,"creation_date":1646286882,"last_edit_date":1646318155,"question_id":71332672,"content_license":"CC BY-SA 4.0","link":"https://stackoverflow.com/questions/71332672/read-data-input-column-statement-conditionally","title":"Read DATA INPUT column statement conditionally"},{"tags":["reactjs","solidity"],"owner":{"account_id":7309608,"reputation":123,"user_id":5569333,"user_type":"registered","profile_image":"https://i.stack.imgur.com/8IPM6.jpg?s=256&g=1","display_name":"Gromph","link":"https://stackoverflow.com/users/5569333/gromph"},"is_answered":false,"view_count":1086,"answer_count":1,"score":4,"last_activity_date":1651351678,"creation_date":1646286863,"question_id":71332668,"content_license":"CC BY-SA 4.0","link":"https://stackoverflow.com/questions/71332668/the-event-close-is-deprecated-and-may-be-removed-in-the-future","title":"The event &#39;close&#39; is deprecated and may be removed in the future"},{"tags":["python","metaclass","python-class","dynamic-class-creation"],"owner":{"account_id":23099683,"reputation":1,"user_id":17209262,"user_type":"registered","profile_image":"https://lh3.googleusercontent.com/a-/AOh14Gi-3XY7yqWR0IsVBpDnhu3MzGfPBvLV_8Jgvr_YnA=k-s256","display_name":"Hossein Dehghanpoor","link":"https://stackoverflow.com/users/17209262/hossein-dehghanpoor"},"is_answered":true,"view_count":78,"accepted_answer_id":71334030,"answer_count":2,"score":0,"last_activity_date":1646750059,"creation_date":1646286815,"last_edit_date":1646307831,"question_id":71332664,"content_license":"CC BY-SA 4.0","link":"https://stackoverflow.com/questions/71332664/dynamic-class-creation-python-with-metaclass-involved","title":"Dynamic Class Creation python with metaclass involved"},{"tags":["angular","typescript","input"],"owner":{"user_type":"does_not_exist","display_name":"user18325339"},"is_answered":true,"view_count":936,"accepted_answer_id":71333185,"answer_count":2,"score":0,"last_activity_date":1646295104,"creation_date":1646286802,"last_edit_date":1646287359,"question_id":71332663,"content_license":"CC BY-SA 4.0","link":"https://stackoverflow.com/questions/71332663/save-the-data-get-using-service-file-angular","title":"Save the data get using service file angular"},{"tags":["javascript","php","jquery","laravel","modal-dialog"],"owner":{"account_id":23731877,"reputation":69,"user_id":17751015,"user_type":"registered","profile_image":"https://www.gravatar.com/avatar/0b06d824d4cb0c5e1c5607fdd5277a34?s=256&d=identicon&r=PG","display_name":"jaba","link":"https://stackoverflow.com/users/17751015/jaba"},"is_answered":true,"view_count":451,"accepted_answer_id":71333020,"answer_count":1,"score":0,"last_activity_date":1646289534,"creation_date":1646286790,"question_id":71332662,"content_license":"CC BY-SA 4.0","link":"https://stackoverflow.com/questions/71332662/how-can-i-append-modal-button-inside-td-using-ajax-script","title":"How can I append modal button inside td using ajax script"},{"tags":["java","spring-boot","hibernate","spring-mvc","jpa"],"owner":{"account_id":17773763,"reputation":1154,"user_id":12906648,"user_type":"registered","profile_image":"https://i.stack.imgur.com/y9abo.jpg?s=256&g=1","display_name":"Maxwell D. Dorliea","link":"https://stackoverflow.com/users/12906648/maxwell-d-dorliea"},"is_answered":true,"view_count":418,"accepted_answer_id":71334093,"answer_count":3,"score":-1,"last_activity_date":1646309716,"creation_date":1646286755,"last_edit_date":1646292489,"question_id":71332659,"content_license":"CC BY-SA 4.0","link":"https://stackoverflow.com/questions/71332659/fix-jpa-refused-to-finduserbyusername","title":"fix JPA refused to findUserByUsername"},{"tags":["eyeshot"],"owner":{"account_id":23223111,"reputation":7,"user_id":17314989,"user_type":"registered","profile_image":"https://www.gravatar.com/avatar/09ba46c1cc8615f312dab36965d47afd?s=256&d=identicon&r=PG&f=y&so-version=2","display_name":"ryu","link":"https://stackoverflow.com/users/17314989/ryu"},"is_answered":true,"view_count":152,"accepted_answer_id":71348181,"answer_count":1,"score":0,"last_activity_date":1646380598,"creation_date":1646286747,"question_id":71332657,"content_license":"CC BY-SA 4.0","link":"https://stackoverflow.com/questions/71332657/is-there-a-way-to-get-lod-from-eyehots","title":"Is there a way to get LOD from eyehots?"},{"tags":["android-studio","intel","virtualization","failed-installation","haxm"],"owner":{"account_id":19309189,"reputation":92,"user_id":14115362,"user_type":"registered","profile_image":"https://lh6.googleusercontent.com/-YWDvBfj05fY/AAAAAAAAAAI/AAAAAAAAAAA/AMZuuck8bCml7nFonIenhf-axVMspd5TBg/photo.jpg?sz=256","display_name":"Aniket Kumar Paul","link":"https://stackoverflow.com/users/14115362/aniket-kumar-paul"},"is_answered":true,"view_count":6788,"closed_date":1646313600,"answer_count":1,"score":1,"last_activity_date":1646313729,"creation_date":1646286734,"last_edit_date":1646313729,"question_id":71332656,"link":"https://stackoverflow.com/questions/71332656/haxm-not-installing-the-system-requirements-are-not-satisfied","closed_reason":"Duplicate","title":"HAXM not installing.. The system requirements are not satisfied"},{"tags":["unity-game-engine","mouse","virtual-reality"],"owner":{"account_id":1910261,"reputation":31,"user_id":1724270,"user_type":"registered","profile_image":"https://www.gravatar.com/avatar/1d3689b3d9df6da0db6ea109494f4740?s=256&d=identicon&r=PG","display_name":"Young","link":"https://stackoverflow.com/users/1724270/young"},"is_answered":false,"view_count":192,"answer_count":1,"score":0,"last_activity_date":1646293601,"creation_date":1646286733,"question_id":71332655,"content_license":"CC BY-SA 4.0","link":"https://stackoverflow.com/questions/71332655/moving-mouse-in-unity-cardboard-vr","title":"moving mouse in Unity Cardboard VR"},{"tags":["php"],"owner":{"account_id":24436684,"reputation":1,"user_id":18360870,"user_type":"registered","profile_image":"https://www.gravatar.com/avatar/e2912b5db758ac372ae8bb3b1c62bc8d?s=256&d=identicon&r=PG","display_name":"kolbasska","link":"https://stackoverflow.com/users/18360870/kolbasska"},"is_answered":true,"view_count":50,"answer_count":1,"score":0,"last_activity_date":1646287426,"creation_date":1646286727,"question_id":71332654,"content_license":"CC BY-SA 4.0","link":"https://stackoverflow.com/questions/71332654/purpose-of-braces-around-class-initiation","title":"purpose of braces around class initiation"},{"tags":["php"],"migrated_from":{"other_site":{"aliases":["https://itsecurity.stackexchange.com"],"styling":{"tag_background_color":"#FFF","tag_foreground_color":"#000","link_color":"#0077CC"},"related_sites":[{"relation":"meta","api_site_parameter":"security.meta","site_url":"https://security.meta.stackexchange.com","name":"Information Security Meta Stack Exchange"},{"relation":"chat","site_url":"https://chat.stackexchange.com?tab=site&host=security.stackexchange.com","name":"Chat Stack Exchange"}],"launch_date":1310490000,"open_beta_date":1290106800,"closed_beta_date":1289502000,"site_state":"normal","high_resolution_icon_url":"https://cdn.sstatic.net/Sites/security/Img/apple-touch-icon@2.png","favicon_url":"https://cdn.sstatic.net/Sites/security/Img/favicon.ico","icon_url":"https://cdn.sstatic.net/Sites/security/Img/apple-touch-icon.png","audience":"information security professionals","site_url":"https://security.stackexchange.com","api_site_parameter":"security","logo_url":"https://cdn.sstatic.net/Sites/security/Img/logo.png","name":"Information Security","site_type":"main_site"},"on_date":1646288930,"question_id":260044},"owner":{"account_id":9891683,"reputation":19,"user_id":7505302,"user_type":"registered","profile_image":"https://www.gravatar.com/avatar/3367dda047bca210f28a5a0e8aabad72?s=256&d=identicon&r=PG&f=y&so-version=2","display_name":"Utkarsh Agrawal","link":"https://stackoverflow.com/users/7505302/utkarsh-agrawal"},"is_answered":true,"view_count":527,"closed_date":1646291377,"accepted_answer_id":71333021,"answer_count":1,"score":-2,"last_activity_date":1646290787,"creation_date":1646286711,"last_edit_date":1646290787,"question_id":71332933,"link":"https://stackoverflow.com/questions/71332933/what-is-the-use-of-curly-braces-in-php-mysql","closed_reason":"Duplicate","title":"What is the use of Curly Braces in PHP mysql?"},{"tags":["spring-boot","spring-cloud-stream","spring-boot-actuator"],"owner":{"account_id":19965243,"reputation":25,"user_id":14631962,"user_type":"registered","profile_image":"https://www.gravatar.com/avatar/c925a49994c38442ae6eae2ecb41a73f?s=256&d=identicon&r=PG&f=y&so-version=2","display_name":"ajoe23","link":"https://stackoverflow.com/users/14631962/ajoe23"},"is_answered":true,"view_count":455,"accepted_answer_id":71339827,"answer_count":2,"score":0,"last_activity_date":1646322033,"creation_date":1646286662,"question_id":71332652,"content_license":"CC BY-SA 4.0","link":"https://stackoverflow.com/questions/71332652/spring-cloud-stream-attempted-to-pause-a-component-that-does-not-support-pausa","title":"Spring cloud stream : Attempted to pause a component that does not support Pausable bean"},{"tags":["asp.net-core","entity-framework-core"],"owner":{"account_id":24424768,"reputation":23,"user_id":18350497,"user_type":"registered","profile_image":"https://lh3.googleusercontent.com/a/AATXAJzZXWW5CosyTKDcJXb1093NC_9QujIQGTPNHnSd=k-s256","display_name":"Aritra Paul ","link":"https://stackoverflow.com/users/18350497/aritra-paul"},"is_answered":true,"view_count":946,"accepted_answer_id":71346266,"answer_count":1,"score":1,"last_activity_date":1646364004,"creation_date":1646286643,"last_edit_date":1646358829,"question_id":71332647,"content_license":"CC BY-SA 4.0","link":"https://stackoverflow.com/questions/71332647/how-to-bind-input-fields-to-two-different-models","title":"How to bind input fields to two different models?"},{"tags":["c++","c++11","design-patterns"],"owner":{"account_id":1320100,"reputation":20073,"user_id":1266109,"user_type":"registered","accept_rate":77,"profile_image":"https://www.gravatar.com/avatar/034350a4ce4a23ce02a68f6a6e6ddc6b?s=256&d=identicon&r=PG","display_name":"Rahul Iyer","link":"https://stackoverflow.com/users/1266109/rahul-iyer"},"is_answered":true,"view_count":187,"accepted_answer_id":71335588,"answer_count":3,"score":0,"last_activity_date":1646312135,"creation_date":1646286643,"last_edit_date":1646287760,"question_id":71332646,"content_license":"CC BY-SA 4.0","link":"https://stackoverflow.com/questions/71332646/pattern-for-inheriting-and-using-a-member-variable-in-derived-classes-without-ca","title":"Pattern for inheriting and using a member variable in derived classes without casting each time"},{"tags":["python","ruamel.yaml"],"owner":{"account_id":15949139,"reputation":105,"user_id":11508923,"user_type":"registered","profile_image":"https://www.gravatar.com/avatar/a3e7a6a9a4f366d4829853519927b073?s=256&d=identicon&r=PG&f=y&so-version=2","display_name":"spaceman_spiff","link":"https://stackoverflow.com/users/11508923/spaceman-spiff"},"is_answered":true,"view_count":528,"accepted_answer_id":71333052,"answer_count":2,"score":2,"last_activity_date":1646293428,"creation_date":1646286623,"last_edit_date":1646289977,"question_id":71332643,"content_license":"CC BY-SA 4.0","link":"https://stackoverflow.com/questions/71332643/how-do-i-align-the-eol-comments-in-ruamel-yaml-so-that-they-are-all-in-the-same","title":"How do I align the eol comments in ruamel.yaml so that they are all in the same column"},{"tags":["laravel","eloquent","laravel-8"],"owner":{"user_type":"does_not_exist","display_name":"user18360873"},"is_answered":false,"view_count":44,"answer_count":0,"score":0,"last_activity_date":1646299201,"creation_date":1646286609,"last_edit_date":1646299201,"question_id":71332641,"content_license":"CC BY-SA 4.0","link":"https://stackoverflow.com/questions/71332641/how-to-fetch-next-record-from-db-when-a-user-submits-answer-or-time-is-finished","title":"How to fetch next record from DB when a user submits Answer or Time is finished in laravel 8?"},{"tags":["sql","oracle","plsql","oracle12c"],"owner":{"account_id":3236814,"reputation":71,"user_id":2730814,"user_type":"registered","profile_image":"https://www.gravatar.com/avatar/f199ca340d2368ae2c97c7588ffcc0fe?s=256&d=identicon&r=PG&f=y&so-version=2","display_name":"AJ.","link":"https://stackoverflow.com/users/2730814/aj"},"is_answered":false,"view_count":82,"answer_count":0,"score":0,"last_activity_date":1646287665,"creation_date":1646286597,"last_edit_date":1646287665,"question_id":71332640,"content_license":"CC BY-SA 4.0","link":"https://stackoverflow.com/questions/71332640/optimize-sql-to-compare-records-between-two-tables-and-update-one-table","title":"Optimize sql to compare records between two tables and update one table"},{"tags":["google-chrome-extension","webstorm"],"owner":{"account_id":24436710,"reputation":11,"user_id":18360894,"user_type":"registered","profile_image":"https://www.gravatar.com/avatar/5fdf8916bc6a3df63293cb338a4b7c7b?s=256&d=identicon&r=PG","display_name":"user18360894","link":"https://stackoverflow.com/users/18360894/user18360894"},"is_answered":true,"view_count":632,"closed_date":1646317544,"answer_count":1,"score":1,"last_activity_date":1646316895,"creation_date":1646286569,"last_edit_date":1646301557,"question_id":71332637,"link":"https://stackoverflow.com/questions/71332637/how-to-develop-chrome-extension-with-webstorm","closed_reason":"Duplicate","title":"How to develop Chrome extension with WebStorm?"},{"tags":["google-cloud-platform","google-cloud-bigtable"],"owner":{"account_id":1574718,"reputation":2054,"user_id":1461499,"user_type":"registered","accept_rate":81,"profile_image":"https://i.stack.imgur.com/bOMwp.jpg?s=256&g=1","display_name":"Alex Tbk","link":"https://stackoverflow.com/users/1461499/alex-tbk"},"is_answered":true,"view_count":235,"accepted_answer_id":71489945,"answer_count":2,"score":0,"last_activity_date":1647385089,"creation_date":1646286568,"question_id":71332636,"content_license":"CC BY-SA 4.0","link":"https://stackoverflow.com/questions/71332636/gcp-bigtable-metrics-what-do-404-requests-mean","title":"GCP BigTable Metrics - what do 404 requests mean?"},{"tags":["mysql","laravel","eloquent","laravel-8"],"owner":{"account_id":4947455,"reputation":409,"user_id":3982454,"user_type":"registered","accept_rate":83,"profile_image":"https://i.stack.imgur.com/Y34HR.jpg?s=256&g=1","display_name":"dead_man","link":"https://stackoverflow.com/users/3982454/dead-man"},"is_answered":false,"view_count":32,"answer_count":1,"score":0,"last_activity_date":1646303034,"creation_date":1646286551,"last_edit_date":1646303034,"question_id":71332633,"content_license":"CC BY-SA 4.0","link":"https://stackoverflow.com/questions/71332633/how-to-find-average-time-taken-for-state-transition-using-eloquent-or-db-query","title":"How to find average time taken for state transition using eloquent or DB query"},{"tags":["python","python-3.x","subprocess"],"owner":{"account_id":4869804,"reputation":4776,"user_id":3926735,"user_type":"registered","accept_rate":73,"profile_image":"https://www.gravatar.com/avatar/cd07f4b7ab3002264309b8dbf5eecfa7?s=256&d=identicon&r=PG","display_name":"zezollo","link":"https://stackoverflow.com/users/3926735/zezollo"},"is_answered":true,"view_count":305,"accepted_answer_id":71332696,"answer_count":1,"score":0,"last_activity_date":1646317247,"creation_date":1646286547,"question_id":71332631,"content_license":"CC BY-SA 4.0","link":"https://stackoverflow.com/questions/71332631/why-does-calling-command-v-in-subprocess-run-raise-a-filenotfounderror","title":"Why does calling `command -v` in subprocess.run() raise a FileNotFoundError?"}],"has_more":true,"quota_max":300,"quota_remaining":227}