{"items":[{"tags":["javascript"],"owner":{"account_id":16805578,"reputation":1360,"user_id":12149861,"user_type":"registered","profile_image":"https://www.gravatar.com/avatar/63825b252cc97df1eb8736ab1e9ba7ec?s=256&d=identicon&r=PG","display_name":"LydiaHendriks","link":"https://stackoverflow.com/users/12149861/lydiahendriks"},"is_answered":false,"view_count":26,"closed_date":1645228859,"answer_count":0,"score":1,"last_activity_date":1645228923,"creation_date":1645228793,"last_edit_date":1645228923,"question_id":71181163,"link":"https://stackoverflow.com/questions/71181163/what-is-javascript-uppy","closed_reason":"Duplicate","title":"What is &#39;??=&#39; (Javascript, Uppy)"},{"tags":["php","laravel","laravel-6","maatwebsite-excel"],"owner":{"account_id":19670587,"reputation":1197,"user_id":17274803,"user_type":"registered","profile_image":"https://www.gravatar.com/avatar/dafc1d89afcbc93d187e2a9377fbd490?s=256&d=identicon&r=PG&f=y&so-version=2","display_name":"Octavian Niculescu","link":"https://stackoverflow.com/users/17274803/octavian-niculescu"},"is_answered":false,"view_count":701,"answer_count":2,"score":0,"last_activity_date":1685018082,"creation_date":1645228791,"question_id":71181162,"content_license":"CC BY-SA 4.0","link":"https://stackoverflow.com/questions/71181162/show-drawing-conditionally-in-laravel-excel","title":"Show drawing conditionally in laravel-excel"},{"tags":["morphia"],"owner":{"account_id":4291922,"reputation":21,"user_id":4935068,"user_type":"registered","profile_image":"https://lh3.googleusercontent.com/-SJRqbfvnrFU/AAAAAAAAAAI/AAAAAAAAASk/sGEfgChfPoY/photo.jpg?sz=256","display_name":"Frederic Dhalleine","link":"https://stackoverflow.com/users/4935068/frederic-dhalleine"},"is_answered":true,"view_count":53,"answer_count":1,"score":0,"last_activity_date":1645469201,"creation_date":1645228781,"question_id":71181160,"content_license":"CC BY-SA 4.0","link":"https://stackoverflow.com/questions/71181160/is-there-a-way-to-get-a-collection-in-a-random-order","title":"Is there a way to get a collection in a random order?"},{"tags":["palantir-foundry","foundry-workshop"],"owner":{"account_id":19563973,"reputation":171,"user_id":14316608,"user_type":"registered","profile_image":"https://www.gravatar.com/avatar/f0054376ee0bb037989acd8b1c2f14c1?s=256&d=identicon&r=PG&f=y&so-version=2","display_name":"kevpl541991","link":"https://stackoverflow.com/users/14316608/kevpl541991"},"is_answered":false,"view_count":247,"answer_count":1,"score":1,"last_activity_date":1645431920,"creation_date":1645228729,"question_id":71181156,"content_license":"CC BY-SA 4.0","link":"https://stackoverflow.com/questions/71181156/is-there-a-good-way-for-surfacing-the-time-data-was-last-updated-in-a-workshop-m","title":"Is there a good way for surfacing the time data was last updated in a Workshop Module?"},{"tags":["python","json","google-cloud-firestore"],"owner":{"account_id":22765921,"reputation":1,"user_id":16923947,"user_type":"registered","profile_image":"https://www.gravatar.com/avatar/2ed92ae8a949353080873eb143e9c795?s=256&d=identicon&r=PG&f=y&so-version=2","display_name":"Simran Singh Oberoi","link":"https://stackoverflow.com/users/16923947/simran-singh-oberoi"},"is_answered":false,"view_count":257,"answer_count":0,"score":0,"last_activity_date":1645264440,"creation_date":1645228727,"last_edit_date":1645264440,"question_id":71181155,"content_license":"CC BY-SA 4.0","link":"https://stackoverflow.com/questions/71181155/how-to-convert-data-from-json-to-timestamp-and-load-it-in-google-firecloud","title":"How to Convert data from Json to timestamp and load it in google firecloud?"},{"tags":["c","pointers","struct","typedef"],"owner":{"account_id":17838379,"reputation":37,"user_id":16052347,"user_type":"registered","profile_image":"https://www.gravatar.com/avatar/40829dd056b80e28d2754d6dd92eabf5?s=256&d=identicon&r=PG&f=y&so-version=2","display_name":"user16052347","link":"https://stackoverflow.com/users/16052347/user16052347"},"is_answered":true,"view_count":120,"accepted_answer_id":71181312,"answer_count":2,"score":1,"last_activity_date":1645231753,"creation_date":1645228722,"question_id":71181154,"content_license":"CC BY-SA 4.0","link":"https://stackoverflow.com/questions/71181154/how-to-use-typedef-structure-name-with-pointer","title":"How to Use Typedef Structure Name with Pointer"},{"tags":["php","xml","web-services","xml-parsing"],"owner":{"account_id":1636432,"reputation":103,"user_id":1509785,"user_type":"registered","accept_rate":64,"profile_image":"https://www.gravatar.com/avatar/45e493478f949d13d5188de2ab15332f?s=256&d=identicon&r=PG","display_name":"Henry Geiter","link":"https://stackoverflow.com/users/1509785/henry-geiter"},"is_answered":true,"view_count":49,"accepted_answer_id":71181925,"answer_count":1,"score":1,"last_activity_date":1645241236,"creation_date":1645228680,"last_edit_date":1645229189,"question_id":71181151,"content_license":"CC BY-SA 4.0","link":"https://stackoverflow.com/questions/71181151/get-attributes-from-a-returned-xml-string","title":"Get attributes from a returned XML string"},{"tags":["python","dictionary"],"owner":{"account_id":24302376,"reputation":3,"user_id":18245668,"user_type":"registered","profile_image":"https://www.gravatar.com/avatar/1c005b501b210edad6adc798e50240a1?s=256&d=identicon&r=PG","display_name":"Fran","link":"https://stackoverflow.com/users/18245668/fran"},"is_answered":true,"view_count":45,"accepted_answer_id":71181208,"answer_count":3,"score":0,"last_activity_date":1645253554,"creation_date":1645228663,"question_id":71181150,"content_license":"CC BY-SA 4.0","link":"https://stackoverflow.com/questions/71181150/how-can-i-loop-like-this-but-getting-everything-instead-of-only-the-1st-one","title":"how can i loop like this but getting everything instead of only the 1st one"},{"tags":["javascript","qml","qqmlcomponent"],"owner":{"account_id":19521063,"reputation":1,"user_id":14282944,"user_type":"registered","profile_image":"https://graph.facebook.com/3271421942893492/picture?type=large","display_name":"Omar Abdelmonem","link":"https://stackoverflow.com/users/14282944/omar-abdelmonem"},"is_answered":false,"view_count":57,"answer_count":0,"score":0,"last_activity_date":1645228628,"creation_date":1645228628,"question_id":71181148,"content_license":"CC BY-SA 4.0","link":"https://stackoverflow.com/questions/71181148/how-to-create-a-row-type-of-custom-components-in-qml","title":"How to create a Row type of custom components in QML?"},{"tags":["swift","google-cloud-firestore"],"owner":{"account_id":24275781,"reputation":1,"user_id":18223098,"user_type":"registered","profile_image":"https://www.gravatar.com/avatar/e242c3740a5743588dcf3cd83c479cc1?s=256&d=identicon&r=PG","display_name":"balaket bula","link":"https://stackoverflow.com/users/18223098/balaket-bula"},"is_answered":false,"view_count":26,"answer_count":0,"score":0,"last_activity_date":1645274110,"creation_date":1645228582,"last_edit_date":1645274110,"question_id":71181143,"content_license":"CC BY-SA 4.0","link":"https://stackoverflow.com/questions/71181143/viewcontroller-reads-data-from-firestore-late","title":"ViewController reads data from firestore late"},{"tags":["c#",".net","random","cryptography","rngcryptoserviceprovider"],"owner":{"account_id":19266671,"reputation":749,"user_id":14081474,"user_type":"registered","profile_image":"https://i.stack.imgur.com/Kijpz.jpg?s=256&g=1","display_name":"AnGG","link":"https://stackoverflow.com/users/14081474/angg"},"is_answered":true,"view_count":802,"answer_count":1,"score":-1,"last_activity_date":1645841761,"creation_date":1645228581,"last_edit_date":1645231036,"question_id":71181141,"content_license":"CC BY-SA 4.0","link":"https://stackoverflow.com/questions/71181141/how-to-get-nextdouble-from-cryptogaphy-random-randomnumbergenerator","title":"How to get NextDouble from cryptogaphy random RandomNumberGenerator"},{"tags":["rest","azure-keyvault"],"owner":{"account_id":19746191,"reputation":3,"user_id":14458577,"user_type":"registered","profile_image":"https://www.gravatar.com/avatar/5a83914455445fe1da0cdb3a71203213?s=256&d=identicon&r=PG&f=y&so-version=2","display_name":"Ayumi","link":"https://stackoverflow.com/users/14458577/ayumi"},"is_answered":true,"view_count":636,"accepted_answer_id":71196690,"answer_count":1,"score":0,"last_activity_date":1645376363,"creation_date":1645228518,"last_edit_date":1645265415,"question_id":71181137,"content_license":"CC BY-SA 4.0","link":"https://stackoverflow.com/questions/71181137/azure-key-vault-set-secret-put-api-deprecated","title":"Azure Key Vault set secret PUT API deprecated?"},{"tags":["javascript","three.js","glsl","webgl"],"owner":{"account_id":21513402,"reputation":137,"user_id":15855709,"user_type":"registered","profile_image":"https://lh3.googleusercontent.com/a/AATXAJxJ6lBfPDfm2HB5wJhaRk4qYbtUcWNkLA4Po66l=k-s256","display_name":"Yerbs","link":"https://stackoverflow.com/users/15855709/yerbs"},"is_answered":true,"view_count":577,"accepted_answer_id":71183481,"answer_count":1,"score":1,"last_activity_date":1647196770,"creation_date":1645228516,"last_edit_date":1647196770,"question_id":71181136,"content_license":"CC BY-SA 4.0","link":"https://stackoverflow.com/questions/71181136/fragment-shader-not-showing-in-threejs","title":"Fragment Shader not showing in ThreeJS"},{"tags":["java","joptionpane"],"owner":{"account_id":2590622,"reputation":523,"user_id":2245414,"user_type":"registered","accept_rate":75,"profile_image":"https://www.gravatar.com/avatar/3796d9f33c7b2107f0382bdda150d9be?s=256&d=identicon&r=PG","display_name":"froggy","link":"https://stackoverflow.com/users/2245414/froggy"},"is_answered":true,"view_count":36,"accepted_answer_id":71181239,"answer_count":1,"score":1,"last_activity_date":1645229539,"creation_date":1645228475,"question_id":71181129,"content_license":"CC BY-SA 4.0","link":"https://stackoverflow.com/questions/71181129/how-to-configure-joptionpane-with-no-button-to-dispose","title":"how to configure joptionpane with no button to dispose()?"},{"tags":["android","kotlin","mocking","retrofit"],"owner":{"account_id":24305602,"reputation":53,"user_id":18248397,"user_type":"registered","profile_image":"https://i.stack.imgur.com/fh802.jpg?s=256&g=1","display_name":"YasudaYutaka","link":"https://stackoverflow.com/users/18248397/yasudayutaka"},"is_answered":true,"view_count":6258,"answer_count":1,"score":4,"last_activity_date":1645229842,"creation_date":1645228439,"question_id":71181127,"content_license":"CC BY-SA 4.0","link":"https://stackoverflow.com/questions/71181127/how-to-mock-a-retrofit-response","title":"How to mock a Retrofit Response"},{"tags":["c#","json","asp.net-core-webapi"],"owner":{"account_id":17730913,"reputation":58,"user_id":13125426,"user_type":"registered","profile_image":"https://i.stack.imgur.com/nsEVN.jpg?s=256&g=1","display_name":"Eric Stimpson","link":"https://stackoverflow.com/users/13125426/eric-stimpson"},"is_answered":false,"view_count":498,"answer_count":0,"score":0,"last_activity_date":1645251841,"creation_date":1645228402,"last_edit_date":1645251841,"question_id":71181123,"content_license":"CC BY-SA 4.0","link":"https://stackoverflow.com/questions/71181123/problem-with-decimal-property-databinding-in-asp-net-core","title":"Problem with decimal property databinding in ASP.NET Core"},{"tags":["flutter","dart"],"owner":{"account_id":7821597,"reputation":27,"user_id":5914597,"user_type":"registered","profile_image":"https://www.gravatar.com/avatar/d4ab9308602a34030b9aeb892e358531?s=256&d=identicon&r=PG&f=y&so-version=2","display_name":"Ali Aburowais","link":"https://stackoverflow.com/users/5914597/ali-aburowais"},"is_answered":true,"view_count":148,"accepted_answer_id":71182082,"answer_count":1,"score":0,"last_activity_date":1645244636,"creation_date":1645228391,"question_id":71181122,"content_license":"CC BY-SA 4.0","link":"https://stackoverflow.com/questions/71181122/navigating-to-next-page-dont-work-every-time-when-user-null","title":"Navigating to next page don&#39;t work every time when user != null"},{"tags":["ios","swiftui"],"owner":{"user_type":"does_not_exist","display_name":"user626776"},"is_answered":true,"view_count":3451,"accepted_answer_id":71188504,"answer_count":1,"score":2,"last_activity_date":1679046206,"creation_date":1645228386,"question_id":71181121,"content_license":"CC BY-SA 4.0","link":"https://stackoverflow.com/questions/71181121/swiftui-how-to-force-a-divider-for-navigation-bar-in-navigationview","title":"SwiftUI how to force a divider for navigation bar in NavigationView"},{"tags":["calendly"],"owner":{"account_id":9268278,"reputation":223,"user_id":6883119,"user_type":"registered","profile_image":"https://www.gravatar.com/avatar/7fc23c061f2ebed0e0360140cfa5ea83?s=256&d=identicon&r=PG&f=y&so-version=2","display_name":"Ben","link":"https://stackoverflow.com/users/6883119/ben"},"is_answered":false,"view_count":1201,"answer_count":1,"score":0,"last_activity_date":1645235969,"creation_date":1645228253,"question_id":71181111,"content_license":"CC BY-SA 4.0","link":"https://stackoverflow.com/questions/71181111/how-to-hide-event-details-in-calendly","title":"How to hide Event Details in Calendly?"},{"tags":["ios","swift","video","swiftui","avkit"],"owner":{"account_id":6123104,"reputation":798,"user_id":4776020,"user_type":"registered","accept_rate":31,"profile_image":"https://www.gravatar.com/avatar/53d0609149c881e1ea4b2f90e4855583?s=256&d=identicon&r=PG&f=y&so-version=2","display_name":"Expiredmind","link":"https://stackoverflow.com/users/4776020/expiredmind"},"is_answered":false,"view_count":553,"answer_count":1,"score":0,"last_activity_date":1645748200,"creation_date":1645228236,"question_id":71181109,"content_license":"CC BY-SA 4.0","link":"https://stackoverflow.com/questions/71181109/add-header-to-media-url-in-avkit-videoplayer","title":"Add header to media url in AVKit VideoPlayer"},{"tags":["swift","class","init","observableobject"],"owner":{"account_id":15320795,"reputation":1141,"user_id":11053343,"user_type":"registered","profile_image":"https://www.gravatar.com/avatar/dedeec81193ce64b8ba0737e797823b8?s=256&d=identicon&r=PG&f=y&so-version=2","display_name":"kittonian","link":"https://stackoverflow.com/users/11053343/kittonian"},"is_answered":false,"view_count":416,"answer_count":1,"score":0,"last_activity_date":1645238817,"creation_date":1645228214,"last_edit_date":1645235624,"question_id":71181107,"content_license":"CC BY-SA 4.0","link":"https://stackoverflow.com/questions/71181107/swift-class-weak-var-init","title":"Swift Class Weak Var Init"},{"tags":["java","android","xml","android-studio"],"owner":{"account_id":24230990,"reputation":41,"user_id":18184760,"user_type":"registered","profile_image":"https://lh3.googleusercontent.com/a-/AOh14GhOx6ifX_5vjhyi0x3VXeDSMgaNbQW6TpBfR1Vn7Q=k-s256","display_name":"Agust&#237;n Murseli","link":"https://stackoverflow.com/users/18184760/agust%c3%adn-murseli"},"is_answered":true,"view_count":262,"answer_count":1,"score":0,"last_activity_date":1645229378,"creation_date":1645228187,"question_id":71181103,"content_license":"CC BY-SA 4.0","link":"https://stackoverflow.com/questions/71181103/button-can%c2%b4t-be-moved-from-the-top-left-corner-when-using-drawerlayout-in-androi","title":"Button can&#180;t be moved from the top left corner when using drawerLayout in Android Studio"},{"tags":["javascript","reactjs","redux","react-hooks","use-effect"],"owner":{"account_id":4675923,"reputation":48,"user_id":3786276,"user_type":"registered","profile_image":"https://i.stack.imgur.com/aL7Ca.jpg?s=256&g=1","display_name":"waway","link":"https://stackoverflow.com/users/3786276/waway"},"is_answered":false,"view_count":423,"closed_date":1645228598,"answer_count":0,"score":0,"last_activity_date":1645228733,"creation_date":1645228120,"last_edit_date":1645228733,"question_id":71181098,"link":"https://stackoverflow.com/questions/71181098/how-to-prevent-infinite-loop-in-useeffect-using-object-from-redux-store-as-depen","closed_reason":"Duplicate","title":"How to prevent infinite loop in useEffect using Object from Redux store as dependency?"},{"tags":["c","file","struct","fread"],"owner":{"account_id":24305542,"reputation":1,"user_id":18248353,"user_type":"registered","profile_image":"https://www.gravatar.com/avatar/3c992da553e4e53e90873a7e0743ab42?s=256&d=identicon&r=PG","display_name":"maddev","link":"https://stackoverflow.com/users/18248353/maddev"},"is_answered":false,"view_count":44,"answer_count":1,"score":0,"last_activity_date":1645281083,"creation_date":1645228114,"last_edit_date":1645258976,"question_id":71181096,"content_license":"CC BY-SA 4.0","link":"https://stackoverflow.com/questions/71181096/how-can-i-find-the-data-i-need-in-a-record","title":"How can i find the data i need in a record?"},{"tags":["validation","swiftui"],"owner":{"account_id":20782997,"reputation":157,"user_id":15262924,"user_type":"registered","profile_image":"https://www.gravatar.com/avatar/a1d1ccc1a021df4a0f8d5ef6c5b48a85?s=256&d=identicon&r=PG&f=y&so-version=2","display_name":"Joseph Levy","link":"https://stackoverflow.com/users/15262924/joseph-levy"},"is_answered":false,"view_count":153,"answer_count":0,"score":2,"last_activity_date":1645228113,"creation_date":1645228113,"question_id":71181095,"content_license":"CC BY-SA 4.0","link":"https://stackoverflow.com/questions/71181095/validation-request-cancellation","title":"Validation request cancellation?"},{"tags":["python","python-3.x","dictionary"],"owner":{"user_type":"does_not_exist","display_name":"user18070793"},"is_answered":true,"view_count":209,"accepted_answer_id":71181102,"answer_count":1,"score":0,"last_activity_date":1645253811,"creation_date":1645228063,"last_edit_date":1645253811,"question_id":71181092,"content_license":"CC BY-SA 4.0","link":"https://stackoverflow.com/questions/71181092/how-to-format-the-way-dictionaries-print-in-python","title":"How to format the way dictionaries print in Python?"},{"tags":["python-xarray","cfgrib"],"owner":{"account_id":23208519,"reputation":3,"user_id":17302372,"user_type":"registered","profile_image":"https://lh3.googleusercontent.com/a-/AOh14GiY-hbgfi74RAYuhQfubkosl-4sqvsjMga14esT5w=k-s256","display_name":"Kevin Abbot","link":"https://stackoverflow.com/users/17302372/kevin-abbot"},"is_answered":false,"view_count":149,"answer_count":0,"score":0,"last_activity_date":1645227971,"creation_date":1645227971,"question_id":71181089,"content_license":"CC BY-SA 4.0","link":"https://stackoverflow.com/questions/71181089/unrecognized-cfgrib-on-my-spyder-code-anaconda","title":"unrecognized cfgrib on my spyder code anaconda"},{"tags":["python-3.x","selenium","google-chrome-extension","selenium-chromedriver"],"owner":{"account_id":4082370,"reputation":583,"user_id":3352542,"user_type":"registered","accept_rate":79,"profile_image":"https://www.gravatar.com/avatar/2e9217a78da2e3443e255bb9cc4e418c?s=256&d=identicon&r=PG&f=y&so-version=2","display_name":"GrapeSoda3","link":"https://stackoverflow.com/users/3352542/grapesoda3"},"is_answered":false,"view_count":376,"answer_count":0,"score":0,"last_activity_date":1645227962,"creation_date":1645227962,"question_id":71181088,"content_license":"CC BY-SA 4.0","link":"https://stackoverflow.com/questions/71181088/how-to-selenium-load-chrome-extensions-in-a-specific-location","title":"How to Selenium Load Chrome Extensions in a Specific Location"},{"tags":["c#","audio","audio-streaming","cscore"],"owner":{"account_id":23647846,"reputation":21,"user_id":17845015,"user_type":"registered","profile_image":"https://www.gravatar.com/avatar/4fe1164df97b0ae8a406e419dafc81f2?s=256&d=identicon&r=PG","display_name":"catlover1200","link":"https://stackoverflow.com/users/17845015/catlover1200"},"is_answered":false,"view_count":68,"answer_count":1,"score":0,"last_activity_date":1646862406,"creation_date":1645227938,"question_id":71181086,"content_license":"CC BY-SA 4.0","link":"https://stackoverflow.com/questions/71181086/decrease-or-compress-audio-quality-in-cscore","title":"Decrease or compress audio quality in CSCORE"},{"tags":["c#","unity-game-engine","ienumerator"],"owner":{"account_id":18846050,"reputation":33,"user_id":13746320,"user_type":"registered","profile_image":"https://www.gravatar.com/avatar/6a8271e65e6bd4363c12f7461ef557ab?s=256&d=identicon&r=PG&f=y&so-version=2","display_name":"RedPandas","link":"https://stackoverflow.com/users/13746320/redpandas"},"is_answered":true,"view_count":438,"accepted_answer_id":71186048,"answer_count":2,"score":3,"last_activity_date":1645282016,"creation_date":1645227926,"last_edit_date":1645277384,"question_id":71181085,"content_license":"CC BY-SA 4.0","link":"https://stackoverflow.com/questions/71181085/ienumerators-not-continue-from-yield-statement","title":"IEnumerators not continue from yield statement"}],"has_more":true,"quota_max":300,"quota_remaining":276}