{"items":[{"tags":["python","heroku","port","twisted","scrapyd"],"owner":{"account_id":8941817,"reputation":1311,"user_id":6670570,"user_type":"registered","accept_rate":67,"profile_image":"https://i.stack.imgur.com/EP3bp.jpg?s=256&g=1","display_name":"Matts","link":"https://stackoverflow.com/users/6670570/matts"},"is_answered":true,"view_count":137,"accepted_answer_id":70829788,"answer_count":1,"score":0,"last_activity_date":1643005749,"creation_date":1643003978,"last_edit_date":1643005409,"question_id":70829576,"content_license":"CC BY-SA 4.0","link":"https://stackoverflow.com/questions/70829576/how-to-bind-heroku-port-to-scrapyd","title":"How to bind Heroku port to scrapyd"},{"tags":["python","python-3.x","web-scraping"],"owner":{"account_id":18704936,"reputation":359,"user_id":13636314,"user_type":"registered","profile_image":"https://i.stack.imgur.com/ZqT5V.jpg?s=256&g=1","display_name":"Rabindra","link":"https://stackoverflow.com/users/13636314/rabindra"},"is_answered":true,"view_count":2881,"closed_date":1696322508,"accepted_answer_id":70830354,"answer_count":2,"score":-1,"last_activity_date":1697142306,"creation_date":1643003910,"last_edit_date":1697142306,"question_id":70829569,"link":"https://stackoverflow.com/questions/70829569/how-to-get-company-official-web-site-url-from-company-name-using-python","closed_reason":"Not suitable for this site","title":"How to get company official web site URL from company name using Python?"},{"tags":["sql","sql-server"],"owner":{"account_id":6858294,"reputation":437,"user_id":5273201,"user_type":"registered","accept_rate":29,"profile_image":"https://www.gravatar.com/avatar/f88c8cd8ef06ca2b9627d2d5f4233e88?s=256&d=identicon&r=PG&f=y&so-version=2","display_name":"Fast Chip","link":"https://stackoverflow.com/users/5273201/fast-chip"},"is_answered":false,"view_count":141,"answer_count":1,"score":0,"last_activity_date":1643010036,"creation_date":1643003907,"last_edit_date":1643007082,"question_id":70829568,"content_license":"CC BY-SA 4.0","link":"https://stackoverflow.com/questions/70829568/sql-question-on-correlated-sub-queries-using-windowing-rank-functions","title":"SQL question on correlated sub-queries using windowing rank functions"},{"tags":["mysql","node.js","typescript","prisma"],"owner":{"account_id":23282449,"reputation":455,"user_id":17365722,"user_type":"registered","profile_image":"https://lh3.googleusercontent.com/a/AATXAJwxaWGawIgxyjd92YPw8UWbd-FHice9yiObVNWL=k-s256","display_name":"DEV","link":"https://stackoverflow.com/users/17365722/dev"},"is_answered":false,"view_count":1540,"answer_count":0,"score":0,"last_activity_date":1643003901,"creation_date":1643003901,"question_id":70829565,"content_license":"CC BY-SA 4.0","link":"https://stackoverflow.com/questions/70829565/how-to-update-values-for-all-rows-having-null-value-prisma-type-script-mys","title":"How to update values for all rows having null value | Prisma | Type script | MySQL"},{"tags":["angular","rxjs","angular13"],"owner":{"account_id":24033966,"reputation":41,"user_id":18014453,"user_type":"registered","profile_image":"https://lh3.googleusercontent.com/a/AATXAJyR4dXzJ5zp1deaoKxW-vvPlH7y7pAHe2JgZxDG=k-s256","display_name":"gaurav singh","link":"https://stackoverflow.com/users/18014453/gaurav-singh"},"is_answered":true,"view_count":6803,"answer_count":1,"score":3,"last_activity_date":1688463519,"creation_date":1643003867,"last_edit_date":1688463519,"question_id":70829563,"content_license":"CC BY-SA 4.0","link":"https://stackoverflow.com/questions/70829563/angular-upgrade-11-to-13-rxjs-dependency","title":"Angular upgrade 11 to 13 RXJS dependency"},{"tags":["python","pytube"],"owner":{"account_id":19719202,"reputation":173,"user_id":14437947,"user_type":"registered","profile_image":"https://www.gravatar.com/avatar/e896e42cb8fc223e5de8b28610d7751a?s=256&d=identicon&r=PG&f=y&so-version=2","display_name":"Verma","link":"https://stackoverflow.com/users/14437947/verma"},"is_answered":false,"view_count":746,"answer_count":1,"score":1,"last_activity_date":1671559401,"creation_date":1643003857,"question_id":70829561,"content_license":"CC BY-SA 4.0","link":"https://stackoverflow.com/questions/70829561/python-pytube-module-streams-not-working","title":"python pytube module: streams not working"},{"tags":["reactjs","next.js"],"owner":{"account_id":20384308,"reputation":73,"user_id":14953704,"user_type":"registered","profile_image":"https://i.stack.imgur.com/4zaXz.gif?s=256&g=1","display_name":"traumcode","link":"https://stackoverflow.com/users/14953704/traumcode"},"is_answered":false,"view_count":9604,"answer_count":1,"score":7,"last_activity_date":1701341348,"creation_date":1643003852,"question_id":70829560,"content_license":"CC BY-SA 4.0","link":"https://stackoverflow.com/questions/70829560/warning-did-not-expect-server-html-to-contain-a-div-in-div","title":"Warning: Did not expect server HTML to contain a &lt;div&gt; in &lt;div&gt;"},{"tags":["python","docker","fastapi"],"owner":{"account_id":2137829,"reputation":493,"user_id":1897151,"user_type":"registered","accept_rate":46,"profile_image":"https://www.gravatar.com/avatar/869982e0545d884a165c08ebcdce013a?s=256&d=identicon&r=PG","display_name":"user1897151","link":"https://stackoverflow.com/users/1897151/user1897151"},"is_answered":false,"view_count":734,"answer_count":2,"score":0,"last_activity_date":1643005357,"creation_date":1643003830,"last_edit_date":1643004284,"question_id":70829556,"content_license":"CC BY-SA 4.0","link":"https://stackoverflow.com/questions/70829556/python-and-docker-for-module-import-errors-which-is-possible-to-work-for-both","title":"python and docker for module import errors, which is possible to work for both?"},{"tags":["java","android","checkbox","default"],"owner":{"account_id":23699578,"reputation":63,"user_id":17722908,"user_type":"registered","profile_image":"https://lh3.googleusercontent.com/a-/AOh14Gh5P564Y1bs7w45y2hTMtSnXaPsuQEfdtpx0Nff=k-s256","display_name":"Farida Bayramova","link":"https://stackoverflow.com/users/17722908/farida-bayramova"},"is_answered":true,"view_count":156,"accepted_answer_id":70829808,"answer_count":1,"score":0,"last_activity_date":1643009561,"creation_date":1643003784,"last_edit_date":1643009561,"question_id":70829553,"content_license":"CC BY-SA 4.0","link":"https://stackoverflow.com/questions/70829553/how-do-i-set-my-checkbox-checked-by-default-after-a-certain-action-is-performed","title":"How do I set my checkbox checked by default after a certain action is performed?"},{"tags":["angular","typescript","date","angular-components"],"owner":{"account_id":13938483,"reputation":331,"user_id":10064963,"user_type":"registered","profile_image":"https://www.gravatar.com/avatar/221c086730651834ddb4453b62295d3e?s=256&d=identicon&r=PG&f=y&so-version=2","display_name":"Natesh","link":"https://stackoverflow.com/users/10064963/natesh"},"is_answered":false,"view_count":667,"answer_count":2,"score":0,"last_activity_date":1643018784,"creation_date":1643003712,"question_id":70829546,"content_license":"CC BY-SA 4.0","link":"https://stackoverflow.com/questions/70829546/getting-issue-while-set-the-previous-month-date-as-default-to-calender-angular","title":"Getting issue while set the previous month date as default to calender Angular"},{"tags":["android","android-studio","permissions","storage","android-11"],"owner":{"account_id":11561335,"reputation":243,"user_id":9148371,"user_type":"registered","accept_rate":50,"profile_image":"https://lh4.googleusercontent.com/-LkQkYzA-Q3g/AAAAAAAAAAI/AAAAAAAAATw/VknNhXQwpTs/photo.jpg?sz=256","display_name":"Priyanka Singhal","link":"https://stackoverflow.com/users/9148371/priyanka-singhal"},"is_answered":true,"view_count":3992,"accepted_answer_id":70843404,"answer_count":5,"score":4,"last_activity_date":1676466674,"creation_date":1643003642,"last_edit_date":1676466674,"question_id":70829541,"content_license":"CC BY-SA 4.0","link":"https://stackoverflow.com/questions/70829541/android-11-not-fetching-path-for-file","title":"Android 11 not fetching path for file"},{"tags":["android","audio","sdl","sdl-mixer"],"owner":{"account_id":17495897,"reputation":168,"user_id":12687103,"user_type":"registered","profile_image":"https://www.gravatar.com/avatar/aa63b5df4e888304bc76f49f273fe651?s=256&d=identicon&r=PG&f=y&so-version=2","display_name":"Ariful Jannat Arif","link":"https://stackoverflow.com/users/12687103/ariful-jannat-arif"},"is_answered":false,"view_count":117,"answer_count":0,"score":2,"last_activity_date":1643033422,"creation_date":1643003609,"last_edit_date":1643033422,"question_id":70829539,"content_license":"CC BY-SA 4.0","link":"https://stackoverflow.com/questions/70829539/how-to-set-audio-position-in-sdl-mixer","title":"How to set audio position in Sdl_mixer"},{"tags":["c++"],"owner":{"account_id":308787,"reputation":12729,"user_id":620863,"user_type":"registered","accept_rate":86,"profile_image":"https://lh6.googleusercontent.com/-Mqgo9PO_taA/AAAAAAAAAAI/AAAAAAAAABM/8h3wY8pcFbg/photo.jpg?sz=256","display_name":"Anne Quinn","link":"https://stackoverflow.com/users/620863/anne-quinn"},"is_answered":false,"view_count":20,"closed_date":1643004117,"answer_count":0,"score":0,"last_activity_date":1643003576,"creation_date":1643003576,"question_id":70829534,"link":"https://stackoverflow.com/questions/70829534/variable-declaration-in-a-compound-conditional","closed_reason":"Duplicate","title":"Variable declaration in a compound conditional?"},{"tags":["angularjs","asset-pipeline","aws-codebuild","buildspec"],"owner":{"account_id":23754879,"reputation":11,"user_id":17771113,"user_type":"registered","profile_image":"https://www.gravatar.com/avatar/f606b0a9356e536d0fca2fe3cf0f875e?s=256&d=identicon&r=PG","display_name":"guna","link":"https://stackoverflow.com/users/17771113/guna"},"is_answered":false,"view_count":126,"answer_count":0,"score":1,"last_activity_date":1643003911,"creation_date":1643003553,"last_edit_date":1643003911,"question_id":70829533,"content_license":"CC BY-SA 4.0","link":"https://stackoverflow.com/questions/70829533/angular-11-image-path-is-given-from-assets-after-ng-build-in-s3-is-listing-di","title":"angular 11: image path is given from assets after `Ng build` in s3 is listing directly under `dist` folder and `dist-&gt;assets` is wont created"},{"tags":["pandas","dataframe"],"owner":{"account_id":9131963,"reputation":141,"user_id":6793215,"user_type":"registered","profile_image":"https://www.gravatar.com/avatar/d26cf5a286dc7930c1d7acf8042f59e1?s=256&d=identicon&r=PG&f=y&so-version=2","display_name":"kishore naidu","link":"https://stackoverflow.com/users/6793215/kishore-naidu"},"is_answered":true,"view_count":506,"accepted_answer_id":70829557,"answer_count":2,"score":0,"last_activity_date":1643003849,"creation_date":1643003541,"last_edit_date":1643003752,"question_id":70829531,"content_license":"CC BY-SA 4.0","link":"https://stackoverflow.com/questions/70829531/pandas-dataframe-rolling-average-on-a-row","title":"Pandas: DataFrame Rolling Average on a Row"},{"tags":["excel","vba","powerpoint","excel-charts"],"owner":{"account_id":6856056,"reputation":15,"user_id":10837655,"user_type":"registered","profile_image":"https://lh6.googleusercontent.com/-GbhY7hNCuTw/AAAAAAAAAAI/AAAAAAAAAd8/FJEx8IRqk_Q/photo.jpg?sz=256","display_name":"Mohamad Alkhatib","link":"https://stackoverflow.com/users/10837655/mohamad-alkhatib"},"is_answered":false,"view_count":309,"answer_count":1,"score":0,"last_activity_date":1643201971,"creation_date":1643003533,"last_edit_date":1643182765,"question_id":70829529,"content_license":"CC BY-SA 4.0","link":"https://stackoverflow.com/questions/70829529/export-excel-charts-as-pictures-to-powerpoint","title":"Export Excel charts as pictures to PowerPoint"},{"tags":["python","django","forms"],"owner":{"account_id":20898489,"reputation":71,"user_id":15352101,"user_type":"registered","profile_image":"https://lh3.googleusercontent.com/a-/AOh14GgGyAi9q3TTbGBEEqHbpkjcqzwBO9tPtpZCDcEqBQ=k-s256","display_name":"Stephen Milic","link":"https://stackoverflow.com/users/15352101/stephen-milic"},"is_answered":true,"view_count":407,"accepted_answer_id":70830055,"answer_count":1,"score":0,"last_activity_date":1643010232,"creation_date":1643003529,"last_edit_date":1643010232,"question_id":70829526,"content_license":"CC BY-SA 4.0","link":"https://stackoverflow.com/questions/70829526/django-forms-hidden-field-value-assignation-with-a-var-after-forms-is-valid","title":"Django forms hidden field value assignation with a var after &#39;forms.is_valid()&#39; doesn&#39;t save it"},{"tags":["android","google-developers-console"],"owner":{"account_id":24033889,"reputation":1,"user_id":18014383,"user_type":"registered","profile_image":"https://www.gravatar.com/avatar/6f269288343279d898223a49aee6a712?s=256&d=identicon&r=PG","display_name":"Hashim","link":"https://stackoverflow.com/users/18014383/hashim"},"is_answered":false,"view_count":34,"answer_count":1,"score":0,"last_activity_date":1643010493,"creation_date":1643003495,"question_id":70829522,"content_license":"CC BY-SA 4.0","link":"https://stackoverflow.com/questions/70829522/can-anyone-explain-the-difference-between-the-numbers-of-install-on-playstore-an","title":"Can anyone explain the difference between the numbers of install on Playstore and Console? ( Images included)"},{"tags":["python","html","django","templates","variables"],"owner":{"account_id":991890,"reputation":3612,"user_id":1008933,"user_type":"registered","accept_rate":55,"profile_image":"https://www.gravatar.com/avatar/090330b177e40c4aeba3d4653c2e62da?s=256&d=identicon&r=PG","display_name":"Axil","link":"https://stackoverflow.com/users/1008933/axil"},"is_answered":true,"view_count":972,"answer_count":1,"score":1,"last_activity_date":1643094497,"creation_date":1643003482,"question_id":70829521,"content_license":"CC BY-SA 4.0","link":"https://stackoverflow.com/questions/70829521/adding-a-variable-in-django-templates-static-tag-enclosure","title":"Adding a variable in Django templates static tag {% %} enclosure"},{"tags":["python","django","mongodb","rest","pymongo"],"owner":{"account_id":20510482,"reputation":83,"user_id":15052374,"user_type":"registered","profile_image":"https://lh3.googleusercontent.com/-Dx6_DvbPyQ4/AAAAAAAAAAI/AAAAAAAAAAA/AMZuuck1FGgltappT7RXGwldRcp63_EuPQ/s96-c/photo.jpg?sz=256","display_name":"Siddhant singh Bhadauria","link":"https://stackoverflow.com/users/15052374/siddhant-singh-bhadauria"},"is_answered":true,"view_count":395,"accepted_answer_id":70863839,"answer_count":1,"score":2,"last_activity_date":1643205562,"creation_date":1643003437,"question_id":70829517,"content_license":"CC BY-SA 4.0","link":"https://stackoverflow.com/questions/70829517/storing-large-data-into-mongodb-collection-using-python","title":"storing large data into mongodb collection using python"},{"tags":["r","loops","for-loop","unique"],"owner":{"account_id":24004603,"reputation":1,"user_id":17988963,"user_type":"registered","profile_image":"https://graph.facebook.com/1351269265312544/picture?type=large","display_name":"Mayukh Datta","link":"https://stackoverflow.com/users/17988963/mayukh-datta"},"is_answered":false,"view_count":25,"answer_count":1,"score":-1,"last_activity_date":1643005030,"creation_date":1643003393,"question_id":70829512,"content_license":"CC BY-SA 4.0","link":"https://stackoverflow.com/questions/70829512/summing-data-by-unique-rows","title":"Summing data by unique rows"},{"tags":["reactjs","typescript","jestjs","node-modules","babel-jest"],"owner":{"account_id":4215331,"reputation":51,"user_id":3451734,"user_type":"registered","profile_image":"https://graph.facebook.com/100002287041563/picture?type=large","display_name":"Ashin P Chandran","link":"https://stackoverflow.com/users/3451734/ashin-p-chandran"},"is_answered":false,"view_count":1627,"answer_count":1,"score":2,"last_activity_date":1643221034,"creation_date":1643003285,"question_id":70829503,"content_license":"CC BY-SA 4.0","link":"https://stackoverflow.com/questions/70829503/jest-gives-an-error-syntaxerror-unexpected-token-export-for-node-modules-mi","title":"Jest gives an error: &quot;SyntaxError: Unexpected token export&quot; for node_modules\\@microsoft\\mgt-react"},{"tags":["android","bluetooth-lowenergy","beacon"],"owner":{"account_id":22423423,"reputation":51,"user_id":16630393,"user_type":"registered","profile_image":"https://www.gravatar.com/avatar/2fdc809bc8e6692c65375b664f159939?s=256&d=identicon&r=PG&f=y&so-version=2","display_name":"gopssays","link":"https://stackoverflow.com/users/16630393/gopssays"},"is_answered":true,"view_count":504,"answer_count":1,"score":1,"last_activity_date":1643004701,"creation_date":1643003263,"question_id":70829502,"content_license":"CC BY-SA 4.0","link":"https://stackoverflow.com/questions/70829502/how-to-get-ble-version-from-android","title":"How to get BLE version from Android?"},{"tags":["python","pandas"],"owner":{"account_id":23969898,"reputation":115,"user_id":17958749,"user_type":"registered","profile_image":"https://www.gravatar.com/avatar/7db869a747ccfb794abf41edbd6c30f2?s=256&d=identicon&r=PG","display_name":"alwayshope430","link":"https://stackoverflow.com/users/17958749/alwayshope430"},"is_answered":false,"view_count":89,"answer_count":1,"score":1,"last_activity_date":1645051012,"creation_date":1643003239,"last_edit_date":1643067449,"question_id":70829501,"content_license":"CC BY-SA 4.0","link":"https://stackoverflow.com/questions/70829501/how-to-add-column-to-dataframe-while-keeping-dates-correlated","title":"How to add Column to DataFrame while keeping dates correlated"},{"tags":["ignite","gridgain"],"owner":{"account_id":15498541,"reputation":11,"user_id":12236012,"user_type":"registered","profile_image":"https://lh3.googleusercontent.com/a-/AAuE7mA3Nmf82MuT2k-joCyD6pFdv9HH3ch0SudqgagCbg=k-s256","display_name":"Ch. Vishal Ratnam","link":"https://stackoverflow.com/users/12236012/ch-vishal-ratnam"},"is_answered":false,"view_count":93,"answer_count":0,"score":0,"last_activity_date":1643005087,"creation_date":1643003237,"last_edit_date":1643005087,"question_id":70829500,"content_license":"CC BY-SA 4.0","link":"https://stackoverflow.com/questions/70829500/adding-backup-configuration-to-ignite-cache-or-migrating-data-to-new-cache","title":"Adding backup configuration to Ignite cache (or) migrating data to new cache"},{"tags":["python","plotly-dash"],"owner":{"account_id":13830673,"reputation":3448,"user_id":9983652,"user_type":"registered","profile_image":"https://lh6.googleusercontent.com/-W7Yb8pu6G5M/AAAAAAAAAAI/AAAAAAAAAUM/UGR-Id9ofEE/photo.jpg?sz=256","display_name":"roudan","link":"https://stackoverflow.com/users/9983652/roudan"},"is_answered":true,"view_count":511,"answer_count":1,"score":2,"last_activity_date":1643043466,"creation_date":1643003192,"last_edit_date":1643043466,"question_id":70829496,"content_license":"CC BY-SA 4.0","link":"https://stackoverflow.com/questions/70829496/how-to-change-form-for-support-and-resistance-in-cufflinks-quantfig","title":"how to change form for support and resistance in cufflink&#39;s quantfig?"},{"tags":["c","csv","vector"],"owner":{"user_type":"does_not_exist","display_name":"user16612111"},"is_answered":true,"view_count":275,"accepted_answer_id":70831865,"answer_count":3,"score":-1,"last_activity_date":1643025204,"creation_date":1643003186,"last_edit_date":1643021946,"question_id":70829494,"content_license":"CC BY-SA 4.0","link":"https://stackoverflow.com/questions/70829494/how-to-read-text-in-a-file-into-a-string-variable-in-c","title":"How to read text in a file into a string variable in c"},{"tags":["r"],"owner":{"account_id":15432384,"reputation":13,"user_id":11133435,"user_type":"registered","profile_image":"https://graph.facebook.com/2589432957739889/picture?type=large","display_name":"Chimerical Cerebral","link":"https://stackoverflow.com/users/11133435/chimerical-cerebral"},"is_answered":true,"view_count":1019,"accepted_answer_id":70829555,"answer_count":3,"score":1,"last_activity_date":1643006826,"creation_date":1643003180,"question_id":70829492,"content_license":"CC BY-SA 4.0","link":"https://stackoverflow.com/questions/70829492/creating-a-new-column-based-on-true-false-of-several-columns-in-r","title":"Creating a new column based on TRUE/FALSE of several columns in R"},{"tags":["python","pandas","apply","dask","dask-distributed"],"owner":{"account_id":3821995,"reputation":1266,"user_id":3169868,"user_type":"registered","accept_rate":57,"profile_image":"https://www.gravatar.com/avatar/6ea606043be9b21a88b9f7bb8665beb8?s=256&d=identicon&r=PG&f=y&so-version=2","display_name":"S_S","link":"https://stackoverflow.com/users/3169868/s-s"},"is_answered":true,"view_count":1993,"accepted_answer_id":70829510,"answer_count":2,"score":-1,"last_activity_date":1643024563,"creation_date":1643003165,"last_edit_date":1643003364,"question_id":70829491,"content_license":"CC BY-SA 4.0","link":"https://stackoverflow.com/questions/70829491/dask-map-partitions-meta-when-using-lambda-function-to-add-column","title":"Dask map_partitions meta when using lambda function to add column"},{"tags":["java","c++","arrays","for-loop"],"owner":{"account_id":24033676,"reputation":21,"user_id":18014194,"user_type":"registered","profile_image":"https://lh3.googleusercontent.com/a-/AOh14GjbW2a5eDhV_KzgTFyK6xcfOmPDGzRAm3J66OzF=k-s256","display_name":"DJexplorer","link":"https://stackoverflow.com/users/18014194/djexplorer"},"is_answered":true,"view_count":38,"closed_date":1643004788,"accepted_answer_id":70829552,"answer_count":1,"score":-1,"last_activity_date":1643005000,"creation_date":1643003154,"last_edit_date":1643005000,"question_id":70829490,"link":"https://stackoverflow.com/questions/70829490/fill-an-array-from-for-loops-to-create-all-the-possibilities-from-4-letters","closed_reason":"Not suitable for this site","title":"Fill an array from For loops to create all the possibilities from 4 letters"}],"has_more":true,"quota_max":300,"quota_remaining":206}