{"items":[{"tags":["algorithm","go"],"owner":{"account_id":7975361,"reputation":120,"user_id":6018719,"user_type":"registered","profile_image":"https://graph.facebook.com/1120256248038792/picture?type=large","display_name":"Omkar Rokade","link":"https://stackoverflow.com/users/6018719/omkar-rokade"},"is_answered":false,"view_count":321,"answer_count":1,"score":-2,"last_activity_date":1642889659,"creation_date":1642701581,"last_edit_date":1642737605,"question_id":70791192,"content_license":"CC BY-SA 4.0","link":"https://stackoverflow.com/questions/70791192/hacker-earths-monk-and-rotation-time-limit-exceeded","title":"Hacker Earth&#39;s Monk and Rotation Time limit exceeded"},{"tags":["vue.js","webpack","build"],"owner":{"account_id":12456010,"reputation":73,"user_id":9069193,"user_type":"registered","profile_image":"https://www.gravatar.com/avatar/f1f11102c5ac50fc48d3337d30c807db?s=256&d=identicon&r=PG","display_name":"Eslam Magdy","link":"https://stackoverflow.com/users/9069193/eslam-magdy"},"is_answered":false,"view_count":1889,"answer_count":1,"score":1,"last_activity_date":1642733647,"creation_date":1642701557,"last_edit_date":1642707716,"question_id":70791185,"content_license":"CC BY-SA 4.0","link":"https://stackoverflow.com/questions/70791185/avoid-browser-caching-after-deploy-a-vuejs-app","title":"Avoid browser caching after deploy a Vuejs app"},{"tags":["python"],"owner":{"account_id":24002072,"reputation":21,"user_id":17986802,"user_type":"registered","profile_image":"https://lh3.googleusercontent.com/a/AATXAJyuXU7Y5JJf6LDe9JktCaOFFDxDMEysCZJIZdm3=k-s256","display_name":"AMARENDRA PANDEY","link":"https://stackoverflow.com/users/17986802/amarendra-pandey"},"is_answered":true,"view_count":579,"closed_date":1642701699,"answer_count":1,"score":-1,"last_activity_date":1642701755,"creation_date":1642701544,"last_edit_date":1642701678,"question_id":70791181,"link":"https://stackoverflow.com/questions/70791181/please-write-a-program-to-print-the-list-after-removing-even-numbers-in-5-6-77","closed_reason":"Duplicate","title":"Please write a program to print the list after removing even numbers in [5,6,77,45,22,12,24]"},{"tags":["java","android","android-studio","android-linearlayout"],"owner":{"account_id":24001656,"reputation":1,"user_id":17986460,"user_type":"registered","profile_image":"https://lh3.googleusercontent.com/a/AATXAJyKmi9p_4N7Oouh5BktJ3PHFiDiLtdKNMV4sVG9=k-s256","display_name":"NewDeveloper","link":"https://stackoverflow.com/users/17986460/newdeveloper"},"is_answered":false,"view_count":74,"answer_count":1,"score":-2,"last_activity_date":1642771879,"creation_date":1642701536,"question_id":70791179,"content_license":"CC BY-SA 4.0","link":"https://stackoverflow.com/questions/70791179/generate-automatically-a-linearlayout-with-textview-with-design","title":"Generate automatically a linearLayout with TextView ( with Design)"},{"tags":["linux","xargs","dmesg"],"owner":{"account_id":2231555,"reputation":32422,"user_id":1968972,"user_type":"registered","accept_rate":61,"profile_image":"https://www.gravatar.com/avatar/bfdd4ec8dff5c7635520fe98348524ec?s=256&d=identicon&r=PG","display_name":"exebook","link":"https://stackoverflow.com/users/1968972/exebook"},"is_answered":false,"view_count":101,"answer_count":2,"score":0,"last_activity_date":1642708153,"creation_date":1642701519,"question_id":70791175,"content_license":"CC BY-SA 4.0","link":"https://stackoverflow.com/questions/70791175/run-a-program-when-new-line-appears-in-dmesg","title":"Run a program when new line appears in dmesg"},{"tags":["windows","ubuntu","installation"],"owner":{"account_id":19789045,"reputation":45,"user_id":14492404,"user_type":"registered","profile_image":"https://graph.facebook.com/743721886241338/picture?type=large","display_name":"Xhulio Xhelilai","link":"https://stackoverflow.com/users/14492404/xhulio-xhelilai"},"is_answered":false,"view_count":175,"answer_count":1,"score":-1,"last_activity_date":1642721724,"creation_date":1642701492,"question_id":70791171,"content_license":"CC BY-SA 4.0","link":"https://stackoverflow.com/questions/70791171/i-installed-windows-on-a-new-ssd-and-i-lost-ubuntu-on-another-hhd","title":"I Installed windows on a new ssd and I lost Ubuntu on another hhd"},{"tags":["go","clickhouse","go-gorm"],"owner":{"account_id":5149646,"reputation":1358,"user_id":4124584,"user_type":"registered","accept_rate":67,"profile_image":"https://i.stack.imgur.com/9r8R0.png?s=256&g=1","display_name":"Duy Bui","link":"https://stackoverflow.com/users/4124584/duy-bui"},"is_answered":true,"view_count":1566,"accepted_answer_id":71708723,"answer_count":2,"score":0,"last_activity_date":1690289415,"creation_date":1642701488,"question_id":70791170,"content_license":"CC BY-SA 4.0","link":"https://stackoverflow.com/questions/70791170/gorm-batch-insert-into-clickhouse-with-array-columns","title":"Gorm: Batch insert into ClickHouse with Array columns"},{"tags":["c++","move","rvalue","lvalue"],"owner":{"account_id":20359238,"reputation":357,"user_id":14934019,"user_type":"registered","profile_image":"https://www.gravatar.com/avatar/91cf0ed96f9da5e54f62d7717e9dc49b?s=256&d=identicon&r=PG&f=y&so-version=2","display_name":"Max Popov","link":"https://stackoverflow.com/users/14934019/max-popov"},"is_answered":true,"view_count":101,"accepted_answer_id":70791390,"answer_count":1,"score":1,"last_activity_date":1646125229,"creation_date":1642701464,"last_edit_date":1646125229,"question_id":70791164,"content_license":"CC BY-SA 4.0","link":"https://stackoverflow.com/questions/70791164/why-was-it-nessesury-to-allow-stdmove-accept-reference-to-lvalue-besides-refer","title":"Why was it nessesury to allow std::move accept reference to lvalue besides reference to rvalue in Uref embodiment for both?"},{"tags":["pointers","methods","fortran","abstract"],"owner":{"account_id":1988899,"reputation":1462,"user_id":1792676,"user_type":"registered","accept_rate":82,"profile_image":"https://www.gravatar.com/avatar/3eb4777036ffc4f1e2caa9c95c89bfae?s=256&d=identicon&r=PG","display_name":"TrippLamb","link":"https://stackoverflow.com/users/1792676/tripplamb"},"is_answered":false,"view_count":63,"answer_count":0,"score":1,"last_activity_date":1642709603,"creation_date":1642701457,"last_edit_date":1642709603,"question_id":70791159,"content_license":"CC BY-SA 4.0","link":"https://stackoverflow.com/questions/70791159/is-using-a-default-method-pointer-valid-fortran-ifort-compiler-bug","title":"Is using a default method pointer valid Fortran? (IFort compiler bug)"},{"tags":["c","character-encoding","cross-platform","multibyte"],"owner":{"account_id":7109330,"reputation":1769,"user_id":5437864,"user_type":"registered","accept_rate":79,"profile_image":"https://i.stack.imgur.com/qyOos.png?s=256&g=1","display_name":"Z0q","link":"https://stackoverflow.com/users/5437864/z0q"},"is_answered":true,"view_count":238,"accepted_answer_id":70793008,"answer_count":2,"score":1,"last_activity_date":1642713935,"creation_date":1642701450,"last_edit_date":1642707130,"question_id":70791156,"content_license":"CC BY-SA 4.0","link":"https://stackoverflow.com/questions/70791156/how-do-i-compare-single-multibyte-character-constants-cross-platform-in-c","title":"How do I compare single multibyte character constants cross-platform in C?"},{"tags":["javascript","web-scraping","cheerio","yahoo-finance"],"owner":{"account_id":20573226,"reputation":250,"user_id":15101098,"user_type":"registered","profile_image":"https://lh6.googleusercontent.com/-N8rKQsgUOZ0/AAAAAAAAAAI/AAAAAAAAAAA/AMZuucnV-h2_Prb64PD2rdKqampfuSqiCw/s96-c/photo.jpg?sz=256","display_name":"Newbie","link":"https://stackoverflow.com/users/15101098/newbie"},"is_answered":true,"view_count":502,"accepted_answer_id":70794310,"answer_count":1,"score":-1,"last_activity_date":1642718609,"creation_date":1642701434,"question_id":70791154,"content_license":"CC BY-SA 4.0","link":"https://stackoverflow.com/questions/70791154/how-to-scrape-yahoo-finance-with-cheerio-in-javascript","title":"How to scrape Yahoo Finance with Cheerio in Javascript?"},{"tags":["sql","date","where-clause"],"owner":{"account_id":24002007,"reputation":3,"user_id":17986740,"user_type":"registered","profile_image":"https://www.gravatar.com/avatar/cd92796786acce5aebf454ea039c9ee2?s=256&d=identicon&r=PG","display_name":"Newman","link":"https://stackoverflow.com/users/17986740/newman"},"is_answered":true,"view_count":64,"accepted_answer_id":70791224,"answer_count":2,"score":0,"last_activity_date":1643833800,"creation_date":1642701416,"last_edit_date":1643833800,"question_id":70791148,"content_license":"CC BY-SA 4.0","link":"https://stackoverflow.com/questions/70791148/use-one-of-two-dates-in-where-clause","title":"Use one of two dates in where clause"},{"tags":["matlab","csv"],"owner":{"account_id":12361550,"reputation":139,"user_id":10636061,"user_type":"registered","profile_image":"https://www.gravatar.com/avatar/d76d1413755ff8651da5311b52648824?s=256&d=identicon&r=PG&f=y&so-version=2","display_name":"Oiko","link":"https://stackoverflow.com/users/10636061/oiko"},"is_answered":false,"view_count":148,"answer_count":0,"score":0,"last_activity_date":1642701387,"creation_date":1642701387,"question_id":70791144,"content_license":"CC BY-SA 4.0","link":"https://stackoverflow.com/questions/70791144/append-data-to-file-in-new-line-in-matlab-using-fwrite","title":"Append data to file in new line in Matlab using fwrite"},{"tags":["java"],"owner":{"account_id":24001996,"reputation":7,"user_id":17986731,"user_type":"registered","profile_image":"https://graph.facebook.com/2025138714316166/picture?type=large","display_name":"Vasilis Tsonis","link":"https://stackoverflow.com/users/17986731/vasilis-tsonis"},"is_answered":true,"view_count":62,"closed_date":1642702758,"answer_count":1,"score":-3,"last_activity_date":1642703060,"creation_date":1642701380,"last_edit_date":1642703060,"question_id":70791143,"link":"https://stackoverflow.com/questions/70791143/is-something-wrong-with-the-method","closed_reason":"Not suitable for this site","title":"Is something wrong with the method?"},{"tags":["java","spring-boot","spring-boot-gradle-plugin"],"owner":{"account_id":3163862,"reputation":36760,"user_id":2674303,"user_type":"registered","accept_rate":62,"profile_image":"https://www.gravatar.com/avatar/411d782b77899035a96abb71b64e062a?s=256&d=identicon&r=PG","display_name":"gstackoverflow","link":"https://stackoverflow.com/users/2674303/gstackoverflow"},"is_answered":true,"view_count":9997,"accepted_answer_id":70792363,"answer_count":1,"score":9,"last_activity_date":1642707507,"creation_date":1642701371,"question_id":70791142,"content_license":"CC BY-SA 4.0","link":"https://stackoverflow.com/questions/70791142/could-not-set-unknown-property-mainclassname-for-extension-springboot-of-typ","title":"Could not set unknown property &#39;mainClassName&#39; for extension &#39;springBoot&#39; of type org.springframework.boot.gradle.dsl.SpringBootExtension"},{"tags":["flutter","android-studio","dart"],"owner":{"account_id":23921991,"reputation":85,"user_id":17917683,"user_type":"registered","profile_image":"https://www.gravatar.com/avatar/dbcaa9915b573704a2992937f182c82b?s=256&d=identicon&r=PG","display_name":"Developer123","link":"https://stackoverflow.com/users/17917683/developer123"},"is_answered":true,"view_count":560,"accepted_answer_id":70791939,"answer_count":1,"score":1,"last_activity_date":1642711129,"creation_date":1642701361,"last_edit_date":1642702575,"question_id":70791140,"content_license":"CC BY-SA 4.0","link":"https://stackoverflow.com/questions/70791140/changing-color-of-login-button-once-user-enters-username-and-password-in-flutter","title":"Changing color of login button once user enters username and password in flutter"},{"tags":["rust"],"owner":{"account_id":15998808,"reputation":665,"user_id":11546077,"user_type":"registered","profile_image":"https://lh4.googleusercontent.com/-P0NAsVjvp_g/AAAAAAAAAAI/AAAAAAAAC4M/YJ8GH7kgN2M/photo.jpg?sz=256","display_name":"Wynell","link":"https://stackoverflow.com/users/11546077/wynell"},"is_answered":true,"view_count":86,"accepted_answer_id":70791812,"answer_count":2,"score":0,"last_activity_date":1642704577,"creation_date":1642701360,"question_id":70791139,"content_license":"CC BY-SA 4.0","link":"https://stackoverflow.com/questions/70791139/is-there-a-way-in-rust-to-overload-method-for-a-specific-type","title":"Is there a way in Rust to overload method for a specific type?"},{"tags":["reactjs","react-hooks"],"owner":{"account_id":23999820,"reputation":11,"user_id":17984884,"user_type":"registered","profile_image":"https://www.gravatar.com/avatar/61d97798df8e615f8a099710ae528f7a?s=256&d=identicon&r=PG","display_name":"KasKad","link":"https://stackoverflow.com/users/17984884/kaskad"},"is_answered":false,"view_count":113,"answer_count":1,"score":1,"last_activity_date":1642703826,"creation_date":1642701347,"last_edit_date":1642703484,"question_id":70791137,"content_license":"CC BY-SA 4.0","link":"https://stackoverflow.com/questions/70791137/reactjs-how-to-handover-and-add-a-input-with-usestate","title":"ReactJS How to handover and add a input with usestate"},{"tags":["html","ionic-framework","flexbox","angular8","column-count"],"owner":{"account_id":9290211,"reputation":487,"user_id":6898861,"user_type":"registered","accept_rate":75,"profile_image":"https://www.gravatar.com/avatar/a6da60e56af3feefa89cd43a0626cbab?s=256&d=identicon&r=PG&f=y&so-version=2","display_name":"web developer","link":"https://stackoverflow.com/users/6898861/web-developer"},"is_answered":false,"view_count":66,"answer_count":0,"score":0,"last_activity_date":1642772500,"creation_date":1642701326,"last_edit_date":1642772500,"question_id":70791131,"content_license":"CC BY-SA 4.0","link":"https://stackoverflow.com/questions/70791131/column-count-not-working-in-ionic-angular","title":"Column count not working in Ionic/ Angular"},{"tags":["javascript","excel","ms-office","office-js","office-addins"],"owner":{"account_id":360789,"reputation":5416,"user_id":702977,"user_type":"registered","accept_rate":82,"profile_image":"https://www.gravatar.com/avatar/859cd18fc4bc067aa389b7c408eeb572?s=256&d=identicon&r=PG","display_name":"SoftTimur","link":"https://stackoverflow.com/users/702977/softtimur"},"is_answered":false,"view_count":45,"answer_count":1,"score":0,"last_activity_date":1645770271,"creation_date":1642701297,"last_edit_date":1642712256,"question_id":70791127,"content_license":"CC BY-SA 4.0","link":"https://stackoverflow.com/questions/70791127/evaluation-by-named-ranges-by-javascript-api-does-not-work-for-certain-formulas","title":"Evaluation by named ranges by JavaScript API does not work for certain formulas"},{"tags":["c++","compilation","malloc","heap-memory"],"owner":{"account_id":762934,"reputation":8631,"user_id":785494,"user_type":"registered","accept_rate":43,"profile_image":"https://www.gravatar.com/avatar/53a1f0aba6f0489d49f5e6fc3df323fa?s=256&d=identicon&r=PG","display_name":"SRobertJames","link":"https://stackoverflow.com/users/785494/srobertjames"},"is_answered":true,"view_count":62,"accepted_answer_id":70791157,"answer_count":1,"score":0,"last_activity_date":1642701451,"creation_date":1642701275,"question_id":70791122,"content_license":"CC BY-SA 4.0","link":"https://stackoverflow.com/questions/70791122/how-do-c-compilers-handle-malloc-failures-during-new-operator","title":"How do C++ compilers handle malloc failures during new operator?"},{"tags":["jquery","asynchronous","swiper.js"],"owner":{"account_id":1614546,"reputation":331,"user_id":1492604,"user_type":"registered","accept_rate":60,"profile_image":"https://www.gravatar.com/avatar/3f503ef5b51cdcf45106cf229882f68d?s=256&d=identicon&r=PG","display_name":"Ashraf Bin Akbar","link":"https://stackoverflow.com/users/1492604/ashraf-bin-akbar"},"is_answered":false,"view_count":1423,"answer_count":2,"score":3,"last_activity_date":1663659520,"creation_date":1642701256,"question_id":70791119,"content_license":"CC BY-SA 4.0","link":"https://stackoverflow.com/questions/70791119/swiper-js-sync-slider-in-async-method","title":"Swiper js sync slider in async method"},{"tags":["oauth-2.0","openid-connect","amazon-elb","aws-application-load-balancer","onelogin"],"owner":{"account_id":23992578,"reputation":1,"user_id":17978490,"user_type":"registered","profile_image":"https://lh3.googleusercontent.com/a/AATXAJzZHeJX7Dwae6zZd2DjUN7kuKi4ntLjYZCF40Vu=k-s256","display_name":"user17978490","link":"https://stackoverflow.com/users/17978490/user17978490"},"is_answered":false,"view_count":566,"answer_count":1,"score":0,"last_activity_date":1642818659,"creation_date":1642701247,"question_id":70791118,"content_license":"CC BY-SA 4.0","link":"https://stackoverflow.com/questions/70791118/onelogin-oidc-access-and-refresh-tokens-from-expired-sessions-will-continue-to-w","title":"OneLogin OIDC access and refresh tokens from expired sessions will continue to work (assuming unexpired tokens)?"},{"tags":["rabbitmq","erlang"],"owner":{"account_id":24002018,"reputation":21,"user_id":17986749,"user_type":"registered","profile_image":"https://www.gravatar.com/avatar/1c4193b81304642249925f819e1a02a3?s=256&d=identicon&r=PG","display_name":"Jon Kosir","link":"https://stackoverflow.com/users/17986749/jon-kosir"},"is_answered":false,"view_count":111,"answer_count":0,"score":2,"last_activity_date":1643032086,"creation_date":1642701229,"last_edit_date":1643032086,"question_id":70791115,"content_license":"CC BY-SA 4.0","link":"https://stackoverflow.com/questions/70791115/rabbitmq-service-start-failure-due-to-bad-erlang-cookie-location","title":"RabbitMQ service start failure due to bad .erlang cookie location"},{"tags":["kotlin"],"owner":{"account_id":20260730,"reputation":149,"user_id":14859162,"user_type":"registered","profile_image":"https://www.gravatar.com/avatar/417484306eb54462ded1c6f67e9a4f6a?s=256&d=identicon&r=PG&f=y&so-version=2","display_name":"Alphasaft","link":"https://stackoverflow.com/users/14859162/alphasaft"},"is_answered":true,"view_count":56,"answer_count":2,"score":2,"last_activity_date":1642703191,"creation_date":1642701224,"question_id":70791114,"content_license":"CC BY-SA 4.0","link":"https://stackoverflow.com/questions/70791114/how-does-exactly-as-behave-in-kotlin","title":"How does exactly as? behave in kotlin?"},{"tags":["solidity"],"owner":{"account_id":24001926,"reputation":31,"user_id":17986677,"user_type":"registered","profile_image":"https://www.gravatar.com/avatar/0d07c0bd2c75e3a8ec9eb70a69a136eb?s=256&d=identicon&r=PG","display_name":"jan","link":"https://stackoverflow.com/users/17986677/jan"},"is_answered":true,"view_count":962,"answer_count":1,"score":3,"last_activity_date":1645069434,"creation_date":1642701182,"question_id":70791107,"content_license":"CC BY-SA 4.0","link":"https://stackoverflow.com/questions/70791107/typeerror-data-location-can-only-be-specified-for-array-struct-or-mapping-type","title":"TypeError: Data location can only be specified for array, struct or mapping types, but &quot;calldata&quot; was given"},{"tags":["c#","wpf","msbuild","dotnet-sdk"],"owner":{"account_id":10105290,"reputation":33,"user_id":7468058,"user_type":"registered","profile_image":"https://www.gravatar.com/avatar/6cd38ed5360cb540d874f00a4d2472bc?s=256&d=identicon&r=PG&f=y&so-version=2","display_name":"llarsson","link":"https://stackoverflow.com/users/7468058/llarsson"},"is_answered":false,"view_count":124,"answer_count":1,"score":0,"last_activity_date":1643029751,"creation_date":1642701175,"question_id":70791104,"content_license":"CC BY-SA 4.0","link":"https://stackoverflow.com/questions/70791104/build-project-type-microsoft-net-sdk","title":"Build / project type - Microsoft.NET.Sdk"},{"tags":["javascript","fetch-api"],"owner":{"account_id":22609967,"reputation":131,"user_id":16790321,"user_type":"registered","profile_image":"https://www.gravatar.com/avatar/bd5ef9c2318696b03dcce54614582b19?s=256&d=identicon&r=PG&f=y&so-version=2","display_name":"Carlos Ortiz ","link":"https://stackoverflow.com/users/16790321/carlos-ortiz"},"is_answered":true,"view_count":1070,"accepted_answer_id":70791187,"answer_count":1,"score":0,"last_activity_date":1642702444,"creation_date":1642701146,"last_edit_date":1642702444,"question_id":70791099,"content_license":"CC BY-SA 4.0","link":"https://stackoverflow.com/questions/70791099/how-can-i-access-the-return-value-of-a-flask-route-within-a-javascript-file","title":"How can I access the return value of a Flask route within a Javascript file?"},{"tags":["python","python-3.x","string","class"],"owner":{"account_id":23981002,"reputation":29,"user_id":17968430,"user_type":"registered","profile_image":"https://www.gravatar.com/avatar/90a8f3cebb45229ad3ee79adb7436b53?s=256&d=identicon&r=PG","display_name":"DylanHammond2022","link":"https://stackoverflow.com/users/17968430/dylanhammond2022"},"is_answered":false,"view_count":104,"answer_count":2,"score":1,"last_activity_date":1642701942,"creation_date":1642701113,"question_id":70791097,"content_license":"CC BY-SA 4.0","link":"https://stackoverflow.com/questions/70791097/removing-n-from-a-string-without-using-translate-replace-or-strip","title":"Removing &#39;\\n&#39; from a string without using .translate, .replace or strip()"},{"tags":["r","ggplot2"],"owner":{"account_id":8009725,"reputation":545,"user_id":6041915,"user_type":"registered","profile_image":"https://lh3.googleusercontent.com/-kUF1MrYfWK8/AAAAAAAAAAI/AAAAAAAAAAA/nYeYlA24gVw/photo.jpg?sz=256","display_name":"Jakub Małecki","link":"https://stackoverflow.com/users/6041915/jakub-ma%c5%82ecki"},"is_answered":true,"view_count":3832,"accepted_answer_id":70792424,"answer_count":1,"score":3,"last_activity_date":1642707396,"creation_date":1642701112,"last_edit_date":1642701735,"question_id":70791096,"content_license":"CC BY-SA 4.0","link":"https://stackoverflow.com/questions/70791096/x-axis-labels-cut-off-in-ggplot-when-rotating","title":"X axis labels cut off in ggplot when rotating"}],"has_more":true,"quota_max":300,"quota_remaining":220}