{"items":[{"tags":["python","conda"],"owner":{"account_id":6759139,"reputation":123,"user_id":6684209,"user_type":"registered","profile_image":"https://www.gravatar.com/avatar/78fc1d51f3e5d2d50752c440fcc58480?s=256&d=identicon&r=PG&f=y&so-version=2","display_name":"JasonK","link":"https://stackoverflow.com/users/6684209/jasonk"},"is_answered":true,"view_count":271,"answer_count":1,"score":0,"last_activity_date":1669093036,"creation_date":1646265596,"last_edit_date":1646302188,"question_id":71330613,"content_license":"CC BY-SA 4.0","link":"https://stackoverflow.com/questions/71330613/conda-uninstall-quits-without-removing-anything","title":"conda uninstall quits without removing anything"},{"tags":["python","multithreading","pyqt"],"owner":{"account_id":15569640,"reputation":543,"user_id":11232438,"user_type":"registered","profile_image":"https://i.stack.imgur.com/5ZH3o.jpg?s=256&g=1","display_name":"kuhi","link":"https://stackoverflow.com/users/11232438/kuhi"},"is_answered":false,"view_count":13,"closed_date":1646266094,"answer_count":0,"score":0,"last_activity_date":1646265581,"creation_date":1646265581,"question_id":71330610,"link":"https://stackoverflow.com/questions/71330610/click-on-button-will-launch-a-function-that-blocks-the-entire-interface","closed_reason":"Duplicate","title":"Click on button will launch a function that blocks the entire interface"},{"tags":["ruby-on-rails","seo","urlhelper"],"owner":{"account_id":294226,"reputation":18817,"user_id":597992,"user_type":"registered","accept_rate":85,"profile_image":"https://www.gravatar.com/avatar/d265520bc3ae286b9b3e05e35812cc97?s=256&d=identicon&r=PG","display_name":"jpw","link":"https://stackoverflow.com/users/597992/jpw"},"is_answered":false,"view_count":158,"answer_count":0,"score":1,"last_activity_date":1646266529,"creation_date":1646265565,"last_edit_date":1646266529,"question_id":71330605,"content_license":"CC BY-SA 4.0","link":"https://stackoverflow.com/questions/71330605/how-to-get-rails-5-6-or-7-to-create-use-hyphenated-urls-instead-of-undersco","title":"how to get Rails (5, 6, or 7) to create/use hyphenated urls (instead of underscore)?"},{"tags":["kdb"],"owner":{"account_id":19413952,"reputation":31,"user_id":14197858,"user_type":"registered","profile_image":"https://lh3.googleusercontent.com/-g34xbGCJWUg/AAAAAAAAAAI/AAAAAAAAAAA/AMZuucnuYQfK7OdQCRIB1APienO-g23xdQ/photo.jpg?sz=256","display_name":"ouali youcef","link":"https://stackoverflow.com/users/14197858/ouali-youcef"},"is_answered":false,"view_count":268,"answer_count":0,"score":0,"last_activity_date":1646268790,"creation_date":1646265564,"last_edit_date":1646268790,"question_id":71330604,"content_license":"CC BY-SA 4.0","link":"https://stackoverflow.com/questions/71330604/sum-by-groups-in-kdb","title":"sum by groups in KDB"},{"tags":["assembly","x86","gnu","argc"],"owner":{"account_id":24434362,"reputation":11,"user_id":18358831,"user_type":"registered","profile_image":"https://lh3.googleusercontent.com/a/AATXAJw5NYRXsCamuhJXOLL63SsfK5tdAE_5ON-3PLwQ=k-s256","display_name":"Aphaistos","link":"https://stackoverflow.com/users/18358831/aphaistos"},"is_answered":true,"view_count":215,"answer_count":1,"score":1,"last_activity_date":1646601842,"creation_date":1646265536,"last_edit_date":1646601842,"question_id":71330601,"content_license":"CC BY-SA 4.0","link":"https://stackoverflow.com/questions/71330601/how-to-return-argc-in-assembly","title":"How to return argc in assembly"},{"tags":["python","django","wagtail"],"owner":{"account_id":19706819,"reputation":117,"user_id":14428299,"user_type":"registered","profile_image":"https://www.gravatar.com/avatar/45e7c66d8c815dd28ddbcaab8a197668?s=256&d=identicon&r=PG&f=y&so-version=2","display_name":"im-learning","link":"https://stackoverflow.com/users/14428299/im-learning"},"is_answered":false,"view_count":515,"answer_count":0,"score":1,"last_activity_date":1646300471,"creation_date":1646265510,"question_id":71330597,"content_license":"CC BY-SA 4.0","link":"https://stackoverflow.com/questions/71330597/wagtail-django-core-exceptions-fielderror-unknown-fields-fields-doesnt-exis","title":"wagtail django.core.exceptions.FieldError: Unknown field(s); Fields doesn&#39;t exist anywhere"},{"tags":["python","plotly"],"owner":{"account_id":22039911,"reputation":8630,"user_id":16733101,"user_type":"registered","profile_image":"https://i.stack.imgur.com/Nnl9t.jpg?s=256&g=1","display_name":"Hamzah","link":"https://stackoverflow.com/users/16733101/hamzah"},"is_answered":true,"view_count":5173,"accepted_answer_id":71330785,"answer_count":2,"score":1,"last_activity_date":1665482794,"creation_date":1646265464,"last_edit_date":1665482794,"question_id":71330596,"content_license":"CC BY-SA 4.0","link":"https://stackoverflow.com/questions/71330596/how-to-format-a-number-from-thousands-to-k-style-in-plotly","title":"How to format a number from thousands to K style in plotly"},{"tags":["javascript","arrays","function"],"owner":{"account_id":22866874,"reputation":1351,"user_id":17010560,"user_type":"registered","profile_image":"https://i.stack.imgur.com/VC3CG.png?s=256&g=1","display_name":"Staxlinou","link":"https://stackoverflow.com/users/17010560/staxlinou"},"is_answered":true,"view_count":68,"accepted_answer_id":71330719,"answer_count":3,"score":0,"last_activity_date":1646267510,"creation_date":1646265431,"last_edit_date":1646267510,"question_id":71330593,"content_license":"CC BY-SA 4.0","link":"https://stackoverflow.com/questions/71330593/set-every-objects-array-its-x-index-element","title":"Set every object&#39;s array it&#39;s x index element"},{"tags":["amazon-web-services","amazon-s3","amazon-ec2","ssh"],"owner":{"account_id":22800599,"reputation":17,"user_id":16953396,"user_type":"registered","profile_image":"https://lh3.googleusercontent.com/a-/AOh14Gi4d0M4YB9QjUAZ7h9fk5biSPKWeda7I4uzovh-zg=k-s256","display_name":"yuu Iri","link":"https://stackoverflow.com/users/16953396/yuu-iri"},"is_answered":false,"view_count":150,"answer_count":0,"score":0,"last_activity_date":1646265405,"creation_date":1646265405,"question_id":71330589,"content_license":"CC BY-SA 4.0","link":"https://stackoverflow.com/questions/71330589/when-mounting-an-s3-bucket-on-an-ubuntu-ec2-instance-with-s3fs-ssh-connection-i","title":"When mounting an S3 bucket on an ubuntu EC2 instance with S3FS, SSH connection is not possible"},{"tags":["javascript","php","jquery","wordpress","security"],"owner":{"account_id":18603319,"reputation":21,"user_id":13557608,"user_type":"registered","profile_image":"https://i.stack.imgur.com/JsgeC.jpg?s=256&g=1","display_name":"r.omaarr","link":"https://stackoverflow.com/users/13557608/r-omaarr"},"is_answered":false,"view_count":104,"answer_count":1,"score":0,"last_activity_date":1646320420,"creation_date":1646265384,"question_id":71330588,"content_license":"CC BY-SA 4.0","link":"https://stackoverflow.com/questions/71330588/preventing-specific-script-from-executing-wordpress","title":"Preventing specific script from executing wordpress"},{"tags":["timescaledb"],"owner":{"account_id":3673241,"reputation":1185,"user_id":3059896,"user_type":"registered","profile_image":"https://i.stack.imgur.com/hT4Cc.jpg?s=256&g=1","display_name":"Shehan Simen","link":"https://stackoverflow.com/users/3059896/shehan-simen"},"is_answered":false,"view_count":89,"answer_count":0,"score":0,"last_activity_date":1646265374,"creation_date":1646265374,"question_id":71330586,"content_license":"CC BY-SA 4.0","link":"https://stackoverflow.com/questions/71330586/timescaledb-query-to-get-data-for-boolean-or-step-function-without-averaging","title":"TimescaleDB query to get data for boolean or step function without averaging"},{"tags":["python","selenium","scrape"],"owner":{"account_id":24430050,"reputation":19,"user_id":18355121,"user_type":"registered","profile_image":"https://lh3.googleusercontent.com/a/AATXAJyTPzizMwO55zCZ_Dm3FuEbrpg4PC9e1J0K6JCo=k-s256","display_name":"Lore","link":"https://stackoverflow.com/users/18355121/lore"},"is_answered":true,"view_count":71,"accepted_answer_id":71332887,"answer_count":2,"score":0,"last_activity_date":1646632758,"creation_date":1646265352,"question_id":71330585,"content_license":"CC BY-SA 4.0","link":"https://stackoverflow.com/questions/71330585/why-cant-i-scrape-all-data","title":"Why can&#39;t I scrape all data?"},{"tags":["angular","office365"],"owner":{"account_id":19032810,"reputation":189,"user_id":13894538,"user_type":"registered","profile_image":"https://www.gravatar.com/avatar/ca4e537eaae3a886da41a74462f5d1ed?s=256&d=identicon&r=PG&f=y&so-version=2","display_name":"Gabriel Knies","link":"https://stackoverflow.com/users/13894538/gabriel-knies"},"is_answered":false,"view_count":220,"answer_count":0,"score":1,"last_activity_date":1646319813,"creation_date":1646265334,"last_edit_date":1646319813,"question_id":71330581,"content_license":"CC BY-SA 4.0","link":"https://stackoverflow.com/questions/71330581/angularx-social-login-microsoftoffice-how-to-add-scopes","title":"Angularx-social-login MicrosoftOffice How to add scopes"},{"tags":["blockchain","solidity","crud","smartcontracts","remix"],"owner":{"account_id":15617613,"reputation":161,"user_id":11267405,"user_type":"registered","profile_image":"https://i.stack.imgur.com/tlYON.jpg?s=256&g=1","display_name":"Jenny From the Block","link":"https://stackoverflow.com/users/11267405/jenny-from-the-block"},"is_answered":false,"view_count":672,"answer_count":1,"score":0,"last_activity_date":1646324207,"creation_date":1646265310,"last_edit_date":1646323019,"question_id":71330577,"content_license":"CC BY-SA 4.0","link":"https://stackoverflow.com/questions/71330577/solidity-correct-way-to-insert-read-and-delete-data-into-smart-contract","title":"Solidity: Correct way to insert, read, and delete data into smart contract"},{"tags":["python","python-3.x","tkinter","canvas","tkinter-canvas"],"owner":{"user_type":"does_not_exist","display_name":"user18313765"},"is_answered":true,"view_count":790,"answer_count":1,"score":0,"last_activity_date":1646312144,"creation_date":1646265310,"last_edit_date":1646271602,"question_id":71330576,"content_license":"CC BY-SA 4.0","link":"https://stackoverflow.com/questions/71330576/change-the-color-of-the-tabcontrol-background-tab-scrollbar","title":"Change the color of the Tabcontrol (background, tab, scrollbar)?"},{"tags":["c","pointers","struct"],"owner":{"account_id":16875437,"reputation":172,"user_id":12202969,"user_type":"registered","profile_image":"https://lh5.googleusercontent.com/-w2WUXzIly8w/AAAAAAAAAAI/AAAAAAAAAAA/ACHi3rc56Cw-nyP8S9wp0SPcrjhbT3Q0yQ/photo.jpg?sz=256","display_name":"wWw","link":"https://stackoverflow.com/users/12202969/www"},"is_answered":true,"view_count":57,"accepted_answer_id":71331616,"answer_count":1,"score":0,"last_activity_date":1646276663,"creation_date":1646265287,"question_id":71330574,"content_license":"CC BY-SA 4.0","link":"https://stackoverflow.com/questions/71330574/initializing-struct-within-a-function-then-storing-its-address","title":"Initializing struct within a function then storing its address"},{"tags":["html","css"],"owner":{"account_id":23608689,"reputation":82,"user_id":17644021,"user_type":"registered","profile_image":"https://lh3.googleusercontent.com/a/AATXAJyIxZbNKH78QsIrpKAUJ6Aq7BV5qQgKx47RNcAr=k-s256","display_name":"Anthony Ghosn","link":"https://stackoverflow.com/users/17644021/anthony-ghosn"},"is_answered":true,"view_count":174,"closed_date":1646299931,"accepted_answer_id":71330634,"answer_count":1,"score":0,"last_activity_date":1646265943,"creation_date":1646265233,"last_edit_date":1646265622,"question_id":71330570,"link":"https://stackoverflow.com/questions/71330570/how-to-place-a-div-under-another-div","closed_reason":"Duplicate","title":"how to place a div under another div"},{"tags":["python","nltk","context-free-grammar"],"owner":{"account_id":1005158,"reputation":7158,"user_id":1019129,"user_type":"registered","accept_rate":51,"profile_image":"https://www.gravatar.com/avatar/357b7f0f0ca6e2c0f0ebccbec9b1a87b?s=256&d=identicon&r=PG","display_name":"sten","link":"https://stackoverflow.com/users/1019129/sten"},"is_answered":true,"view_count":56,"answer_count":1,"score":0,"last_activity_date":1646274097,"creation_date":1646265192,"last_edit_date":1646274097,"question_id":71330567,"content_license":"CC BY-SA 4.0","link":"https://stackoverflow.com/questions/71330567/match-a-token-or-rule-n-times","title":"match a token or rule N times"},{"tags":["datetime","google-bigquery","format"],"owner":{"account_id":22118355,"reputation":11,"user_id":16372053,"user_type":"registered","profile_image":"https://lh3.googleusercontent.com/a-/AOh14Gjo8Vw-7LMi4zmNuQCOUo-MecxPa4720pNRiiN1LNY=k-s256","display_name":"Hector Augusto Pinto Sandoval","link":"https://stackoverflow.com/users/16372053/hector-augusto-pinto-sandoval"},"is_answered":false,"view_count":862,"answer_count":1,"score":1,"last_activity_date":1646511519,"creation_date":1646265170,"question_id":71330564,"content_license":"CC BY-SA 4.0","link":"https://stackoverflow.com/questions/71330564/unable-to-upload-a-csv-file-because-of-the-date-and-time-format","title":"Unable to upload a csv file because of the date and time format"},{"tags":["c#",".net-6.0"],"owner":{"account_id":7210552,"reputation":31,"user_id":12661814,"user_type":"registered","profile_image":"https://www.gravatar.com/avatar/14d567870e451f6cbbea4fac0d6ab6b1?s=256&d=identicon&r=PG&f=y&so-version=2","display_name":"mducharm","link":"https://stackoverflow.com/users/12661814/mducharm"},"is_answered":false,"view_count":41,"answer_count":0,"score":1,"last_activity_date":1646265141,"creation_date":1646265141,"question_id":71330562,"content_license":"CC BY-SA 4.0","link":"https://stackoverflow.com/questions/71330562/how-to-separate-user-supplied-servicedescriptors-from-built-in-dependencies-in-w","title":"How to separate user-supplied ServiceDescriptors from built-in dependencies in WebApplicationBuilder.Services?"},{"tags":["javascript","vue.js","vuex"],"owner":{"account_id":3609382,"reputation":387,"user_id":3605206,"user_type":"registered","accept_rate":75,"profile_image":"https://www.gravatar.com/avatar/7dfaf8818c37b1db6e3f4f42d40c514b?s=256&d=identicon&r=PG&f=y&so-version=2","display_name":"Paul Carlson","link":"https://stackoverflow.com/users/3605206/paul-carlson"},"is_answered":true,"view_count":58,"accepted_answer_id":71330700,"answer_count":1,"score":0,"last_activity_date":1646266477,"creation_date":1646265140,"question_id":71330561,"content_license":"CC BY-SA 4.0","link":"https://stackoverflow.com/questions/71330561/error-vuex-mutation-outside-of-store-handler","title":"Error vuex mutation outside of store handler"},{"tags":["python","nodes","abstract-syntax-tree"],"owner":{"account_id":23434259,"reputation":11,"user_id":17492606,"user_type":"registered","profile_image":"https://lh3.googleusercontent.com/a/AATXAJzEqnBoRMpgFQDSS9MpCMfgxcKipGgL1tR1wUEu=k-s256","display_name":"Balaramakrishna Paritala","link":"https://stackoverflow.com/users/17492606/balaramakrishna-paritala"},"is_answered":true,"view_count":852,"answer_count":1,"score":0,"last_activity_date":1646340903,"creation_date":1646265110,"question_id":71330558,"content_license":"CC BY-SA 4.0","link":"https://stackoverflow.com/questions/71330558/extracting-the-nodes-data-in-ast-after-parsing-the-code","title":"Extracting the nodes data in AST after parsing the code"},{"tags":["rxjs"],"owner":{"account_id":1528520,"reputation":829,"user_id":1426342,"user_type":"registered","accept_rate":70,"profile_image":"https://www.gravatar.com/avatar/94ba05534cda6eecf2df0b9b5bc56468?s=256&d=identicon&r=PG","display_name":"Brandon","link":"https://stackoverflow.com/users/1426342/brandon"},"is_answered":true,"view_count":214,"accepted_answer_id":71331683,"answer_count":1,"score":0,"last_activity_date":1646354386,"creation_date":1646265091,"last_edit_date":1646265433,"question_id":71330556,"content_license":"CC BY-SA 4.0","link":"https://stackoverflow.com/questions/71330556/calling-subscribing-to-a-function-with-parameters-that-returns-an-observable","title":"Calling/Subscribing to a function with parameters, that returns an observable"},{"tags":["python","pytorch"],"owner":{"account_id":17919483,"reputation":400,"user_id":15317824,"user_type":"registered","profile_image":"https://www.gravatar.com/avatar/10281cd6f8c54ed8a3a6de9074d06f3d?s=256&d=identicon&r=PG&f=y&so-version=2","display_name":"user15317824","link":"https://stackoverflow.com/users/15317824/user15317824"},"is_answered":true,"view_count":75,"accepted_answer_id":71334011,"answer_count":1,"score":0,"last_activity_date":1646295723,"creation_date":1646265074,"question_id":71330554,"content_license":"CC BY-SA 4.0","link":"https://stackoverflow.com/questions/71330554/pass-correct-image-shape-to-model-that-uses-a-conv1d-and-con2d-in-the-same-netwo","title":"Pass correct image shape to model that uses a conv1d and con2d in the same network"},{"tags":["swift","swiftui"],"owner":{"account_id":24357257,"reputation":55,"user_id":18292226,"user_type":"registered","profile_image":"https://lh3.googleusercontent.com/a/AATXAJzDkZLexJeXu3jnyXcGpsDv-JXneZzGeC0U_uE0=k-s256","display_name":"Berserker","link":"https://stackoverflow.com/users/18292226/berserker"},"is_answered":true,"view_count":164,"answer_count":1,"score":-2,"last_activity_date":1646284857,"creation_date":1646265062,"question_id":71330551,"content_license":"CC BY-SA 4.0","link":"https://stackoverflow.com/questions/71330551/how-to-use-guard-correctly","title":"How to use guard correctly?"},{"tags":["apache-kafka","apache-kafka-streams"],"owner":{"account_id":7082043,"reputation":189,"user_id":5420108,"user_type":"registered","profile_image":"https://graph.facebook.com/10153183578399607/picture?type=large","display_name":"AttitudeL","link":"https://stackoverflow.com/users/5420108/attitudel"},"is_answered":false,"view_count":726,"answer_count":0,"score":4,"last_activity_date":1646265050,"creation_date":1646265050,"question_id":71330548,"content_license":"CC BY-SA 4.0","link":"https://stackoverflow.com/questions/71330548/why-would-client-id-created-by-default-with-kafka-stream-application-contain-ran","title":"Why would client.id created by default with kafka stream application contain random UUID"},{"tags":["javascript","jquery"],"owner":{"account_id":1427000,"reputation":81,"user_id":1350241,"user_type":"registered","accept_rate":62,"profile_image":"https://i.stack.imgur.com/VCdIi.jpg?s=256&g=1","display_name":"Spaceliving","link":"https://stackoverflow.com/users/1350241/spaceliving"},"is_answered":false,"view_count":16,"closed_date":1646265520,"answer_count":0,"score":1,"last_activity_date":1646265279,"creation_date":1646265024,"last_edit_date":1646265279,"question_id":71330541,"link":"https://stackoverflow.com/questions/71330541/jquery-if-else-remove-class-on-dynamic-data","closed_reason":"Duplicate","title":"Jquery if/else remove class on dynamic data"},{"tags":["html","footer","sticky"],"owner":{"account_id":16366300,"reputation":11,"user_id":11820699,"user_type":"registered","profile_image":"https://www.gravatar.com/avatar/54068aca812130d824415ea0d60cc0fb?s=256&d=identicon&r=PG&f=y&so-version=2","display_name":"MER","link":"https://stackoverflow.com/users/11820699/mer"},"is_answered":false,"view_count":80,"answer_count":0,"score":1,"last_activity_date":1682846430,"creation_date":1646264869,"last_edit_date":1682846430,"question_id":71330526,"content_license":"CC BY-SA 4.0","link":"https://stackoverflow.com/questions/71330526/sticky-footer-in-foundation-6-doesnt-always-anchor","title":"Sticky footer in Foundation 6 doesn&#39;t always anchor"},{"tags":["ruby-on-rails","ruby","haml"],"owner":{"account_id":16777174,"reputation":75,"user_id":12128170,"user_type":"registered","profile_image":"https://i.stack.imgur.com/5nBZd.jpg?s=256&g=1","display_name":"brinxi11","link":"https://stackoverflow.com/users/12128170/brinxi11"},"is_answered":true,"view_count":499,"accepted_answer_id":71342654,"answer_count":1,"score":2,"last_activity_date":1646336074,"creation_date":1646264857,"last_edit_date":1646275321,"question_id":71330524,"content_license":"CC BY-SA 4.0","link":"https://stackoverflow.com/questions/71330524/rails-7-help-drying-out-image-attachments","title":"Rails 7 help DRYing out image attachments?"},{"tags":["typescript","automated-tests","playwright"],"owner":{"account_id":12097062,"reputation":23,"user_id":8840059,"user_type":"registered","profile_image":"https://www.gravatar.com/avatar/64cc7e93a21db4c80c98e7ca102c78e4?s=256&d=identicon&r=PG&f=y&so-version=2","display_name":"tedtrain","link":"https://stackoverflow.com/users/8840059/tedtrain"},"is_answered":true,"view_count":3865,"accepted_answer_id":71330571,"answer_count":1,"score":0,"last_activity_date":1646265243,"creation_date":1646264834,"question_id":71330522,"content_license":"CC BY-SA 4.0","link":"https://stackoverflow.com/questions/71330522/typeerror-cannot-read-property-goto-of-undefined","title":"TypeError: Cannot read property &#39;goto&#39; of undefined"}],"has_more":true,"quota_max":300,"quota_remaining":227}