{"items":[{"tags":["python","pysimplegui"],"owner":{"account_id":21009209,"reputation":53,"user_id":15438205,"user_type":"registered","profile_image":"https://lh3.googleusercontent.com/a-/AOh14GgIW9MOWyznmRXJX2evr5qJHnxTTzhmAVJfFG4laQ=k-s256","display_name":"SappyCS","link":"https://stackoverflow.com/users/15438205/sappycs"},"is_answered":true,"view_count":2789,"accepted_answer_id":71582525,"answer_count":1,"score":2,"last_activity_date":1648040952,"creation_date":1647993534,"last_edit_date":1647994739,"question_id":71580321,"content_license":"CC BY-SA 4.0","link":"https://stackoverflow.com/questions/71580321/run-code-after-the-window-has-been-initialized","title":"Run code after the window has been initialized"},{"tags":["javascript","code.org","wordle-game"],"owner":{"account_id":24433525,"reputation":21,"user_id":18358125,"user_type":"registered","profile_image":"https://lh3.googleusercontent.com/a/AATXAJwWdCcI4-og_Joc_XtrTyQlrwoQrUhxHn2bj1CIYg=k-s256","display_name":"shan","link":"https://stackoverflow.com/users/18358125/shan"},"is_answered":false,"view_count":881,"answer_count":2,"score":1,"last_activity_date":1665022782,"creation_date":1647993499,"question_id":71580319,"content_license":"CC BY-SA 4.0","link":"https://stackoverflow.com/questions/71580319/for-a-wordle-clone-on-code-org-how-can-i-make-it-so-that-words-that-are-in-the","title":"For a wordle clone on code.org, how can I make it so that words that are in the right spot/in the word turn yellow?"},{"tags":["vue.js","vue-component","vue-devtools"],"owner":{"account_id":3639181,"reputation":386,"user_id":3033797,"user_type":"registered","profile_image":"https://www.gravatar.com/avatar/aa4347fe7fb2700c3ea8f36b0bedbebf?s=256&d=identicon&r=PG&f=y&so-version=2","display_name":"justalittleheat","link":"https://stackoverflow.com/users/3033797/justalittleheat"},"is_answered":true,"view_count":1724,"accepted_answer_id":71582430,"answer_count":1,"score":3,"last_activity_date":1648015942,"creation_date":1647993465,"question_id":71580317,"content_license":"CC BY-SA 4.0","link":"https://stackoverflow.com/questions/71580317/what-are-the-performance-numbers-in-the-vue-devtools-next-to-the-components","title":"What are the performance numbers in the Vue devtools next to the components?"},{"tags":["google-sheets","stock","stockquotes"],"owner":{"account_id":7237837,"reputation":103,"user_id":5522402,"user_type":"registered","profile_image":"https://www.gravatar.com/avatar/50f0d6f0c8a4c70c783a91f63958bba8?s=256&d=identicon&r=PG&f=y&so-version=2","display_name":"doglover123","link":"https://stackoverflow.com/users/5522402/doglover123"},"is_answered":true,"view_count":1218,"accepted_answer_id":71581040,"answer_count":1,"score":3,"last_activity_date":1648050692,"creation_date":1647993271,"last_edit_date":1647993570,"question_id":71580298,"content_license":"CC BY-SA 4.0","link":"https://stackoverflow.com/questions/71580298/how-do-i-retrieve-the-information-about-the-price-of-a-stock-during-the-after-ho","title":"How do I retrieve the information about the price of a stock during the after hours, or the pre-market?"},{"tags":["unity-game-engine","screen","scale"],"owner":{"account_id":24266985,"reputation":21,"user_id":18215728,"user_type":"registered","profile_image":"https://www.gravatar.com/avatar/24bfac21d246c70524c755ed2f6c6b87?s=256&d=identicon&r=PG","display_name":"Jerry","link":"https://stackoverflow.com/users/18215728/jerry"},"is_answered":false,"view_count":1290,"answer_count":1,"score":1,"last_activity_date":1648087336,"creation_date":1647993183,"question_id":71580289,"content_license":"CC BY-SA 4.0","link":"https://stackoverflow.com/questions/71580289/scale-ui-buttons-and-images-with-screen-size","title":"Scale UI buttons and images with screen size"},{"tags":["pandas","jupyter-notebook"],"owner":{"account_id":16889940,"reputation":774,"user_id":12213858,"user_type":"registered","profile_image":"https://www.gravatar.com/avatar/402c5a622e4df44e6884c53623a4816d?s=256&d=identicon&r=PG&f=y&so-version=2","display_name":"merchmallow","link":"https://stackoverflow.com/users/12213858/merchmallow"},"is_answered":true,"view_count":29,"accepted_answer_id":71580303,"answer_count":2,"score":0,"last_activity_date":1647994815,"creation_date":1647993172,"last_edit_date":1647993461,"question_id":71580288,"content_license":"CC BY-SA 4.0","link":"https://stackoverflow.com/questions/71580288/flattening-lists-inside-a-pandas-series","title":"Flattening lists inside a Pandas series"},{"tags":["html","regex"],"owner":{"account_id":24651569,"reputation":1,"user_id":18548623,"user_type":"registered","profile_image":"https://www.gravatar.com/avatar/627b3cd38860e26109b49b42079e076b?s=256&d=identicon&r=PG","display_name":"uncoded_wanderer","link":"https://stackoverflow.com/users/18548623/uncoded-wanderer"},"is_answered":true,"view_count":39,"accepted_answer_id":71580312,"answer_count":2,"score":-2,"last_activity_date":1647994305,"creation_date":1647993132,"question_id":71580284,"content_license":"CC BY-SA 4.0","link":"https://stackoverflow.com/questions/71580284/how-can-i-change-specific-recurring-text-on-a-very-large-html-file","title":"How can I change specific recurring text on a very large HTML file?"},{"tags":["javascript","angularjs"],"owner":{"account_id":11778189,"reputation":5298,"user_id":8618818,"user_type":"registered","accept_rate":78,"profile_image":"https://www.gravatar.com/avatar/fab257bba594fe1e7906db4bbe265b4a?s=256&d=identicon&r=PG&f=y&so-version=2","display_name":"Onyx","link":"https://stackoverflow.com/users/8618818/onyx"},"is_answered":true,"view_count":38,"accepted_answer_id":71637575,"answer_count":1,"score":0,"last_activity_date":1673265203,"creation_date":1647993101,"last_edit_date":1673265203,"question_id":71580282,"content_license":"CC BY-SA 4.0","link":"https://stackoverflow.com/questions/71580282/both-ng-model-and-ng-change-on-input-alter-the-scope-state-which-one-takes-pr","title":"Both ng-model and ng-change on input alter the $scope state - which one takes priority"},{"tags":["typescript","api","vue.js","vuejs3","composition"],"owner":{"account_id":15518115,"reputation":57,"user_id":11194982,"user_type":"registered","profile_image":"https://lh3.googleusercontent.com/-h93PhM-Ohr4/AAAAAAAAAAI/AAAAAAAAAAA/ACHi3rd2YwyXvh5iql40YBJLs9OuJ9n19A/mo/photo.jpg?sz=256","display_name":"Tommy Riley","link":"https://stackoverflow.com/users/11194982/tommy-riley"},"is_answered":true,"view_count":9639,"answer_count":1,"score":4,"last_activity_date":1648023480,"creation_date":1647993086,"question_id":71580279,"content_license":"CC BY-SA 4.0","link":"https://stackoverflow.com/questions/71580279/vue-3-composition-api-how-to-call-a-method-from-the-component-instance","title":"Vue 3: Composition API, how to call a method from the component instance?"},{"tags":["mocking","grpc","karate"],"owner":{"account_id":9937470,"reputation":45,"user_id":7355321,"user_type":"registered","profile_image":"https://i.stack.imgur.com/vA9v4.jpg?s=256&g=1","display_name":"Michael","link":"https://stackoverflow.com/users/7355321/michael"},"is_answered":true,"view_count":702,"accepted_answer_id":71581808,"answer_count":1,"score":1,"last_activity_date":1648009328,"creation_date":1647992881,"question_id":71580255,"content_license":"CC BY-SA 4.0","link":"https://stackoverflow.com/questions/71580255/does-karate-support-api-mocking-for-grpc","title":"Does Karate support API mocking for gRPC?"},{"tags":["javascript","html","modal-window"],"owner":{"account_id":24518604,"reputation":15,"user_id":18432001,"user_type":"registered","profile_image":"https://lh3.googleusercontent.com/a-/AOh14GjoPyu85-QrjorQC_uhOp7OKl4bmEHoOhXvQhzUiA=k-s256","display_name":"7727314259","link":"https://stackoverflow.com/users/18432001/7727314259"},"is_answered":true,"view_count":54,"accepted_answer_id":71580368,"answer_count":1,"score":0,"last_activity_date":1648008055,"creation_date":1647992774,"last_edit_date":1648008055,"question_id":71580246,"content_license":"CC BY-SA 4.0","link":"https://stackoverflow.com/questions/71580246/variable-coming-up-as-undefined-when-called-outside-of-a-function-but-working-w","title":"Variable coming up as undefined when called outside of a function, but working when called inside the function"},{"tags":["spring-boot","maven","gitlab","registry"],"owner":{"account_id":12558990,"reputation":23,"user_id":9137526,"user_type":"registered","profile_image":"https://www.gravatar.com/avatar/dff0cfe710248dba0d98c5ab28ccb8d8?s=256&d=identicon&r=PG&f=y&so-version=2","display_name":"Deva Dwi Adhitya","link":"https://stackoverflow.com/users/9137526/deva-dwi-adhitya"},"is_answered":true,"view_count":936,"accepted_answer_id":71583074,"answer_count":1,"score":2,"last_activity_date":1648019358,"creation_date":1647992747,"question_id":71580243,"content_license":"CC BY-SA 4.0","link":"https://stackoverflow.com/questions/71580243/maven-project-use-multiple-gitlab-package-registry","title":"Maven project use multiple GitLab Package Registry"},{"tags":["c#","asp.net",".net","windows"],"owner":{"account_id":22824804,"reputation":891,"user_id":16974218,"user_type":"registered","profile_image":"https://www.gravatar.com/avatar/99c7e489594a9fd9faad5b322c13563d?s=256&d=identicon&r=PG","display_name":"adamency","link":"https://stackoverflow.com/users/16974218/adamency"},"is_answered":false,"view_count":348,"answer_count":1,"score":0,"last_activity_date":1648037722,"creation_date":1647992734,"last_edit_date":1648030892,"question_id":71580240,"content_license":"CC BY-SA 4.0","link":"https://stackoverflow.com/questions/71580240/error-it-was-not-possible-to-find-any-installed-net-core-sdks-when-running-an","title":"Error &quot;It was not possible to find any installed .NET Core SDKs&quot; when running any `dotnet` command"},{"tags":["python","xml","elementtree"],"owner":{"account_id":24651206,"reputation":13,"user_id":18548306,"user_type":"registered","profile_image":"https://www.gravatar.com/avatar/5f341d1c3828797e87dc188c239772c0?s=256&d=identicon&r=PG","display_name":"Twiggy","link":"https://stackoverflow.com/users/18548306/twiggy"},"is_answered":true,"view_count":388,"accepted_answer_id":71580568,"answer_count":1,"score":1,"last_activity_date":1648160926,"creation_date":1647992725,"question_id":71580239,"content_license":"CC BY-SA 4.0","link":"https://stackoverflow.com/questions/71580239/how-to-sort-an-xml-by-a-nested-child-element-text-value-using-etree-in-python","title":"How to sort an xml by a nested child element text value using etree in Python"},{"tags":["assembly","x86","masm"],"owner":{"account_id":24651825,"reputation":13,"user_id":18548855,"user_type":"registered","profile_image":"https://lh3.googleusercontent.com/a-/AOh14Gg3r3EWjqXnckfhz8owFuBwqDB3byNew9BmPt7gYQ=k-s256","display_name":"BeXp","link":"https://stackoverflow.com/users/18548855/bexp"},"is_answered":true,"view_count":69,"accepted_answer_id":71597481,"answer_count":1,"score":0,"last_activity_date":1648099982,"creation_date":1647992595,"last_edit_date":1648001621,"question_id":71580226,"content_license":"CC BY-SA 4.0","link":"https://stackoverflow.com/questions/71580226/trying-to-compare-input-of-with-its-ascii-value-of-43","title":"Trying to compare input of &#39;+&#39; with its ASCII value of 43"},{"tags":["sql","django","postgresql"],"owner":{"account_id":23701114,"reputation":3,"user_id":17724255,"user_type":"registered","profile_image":"https://lh3.googleusercontent.com/a/AATXAJxsqiQZWm_brNE0D4Rsg-YTawEXBQAds56KOIPF=k-s256","display_name":"David Heredia","link":"https://stackoverflow.com/users/17724255/david-heredia"},"is_answered":true,"view_count":1432,"accepted_answer_id":71633351,"answer_count":1,"score":0,"last_activity_date":1648349093,"creation_date":1647992558,"question_id":71580224,"content_license":"CC BY-SA 4.0","link":"https://stackoverflow.com/questions/71580224/how-to-delete-all-schemas-in-postgres","title":"How to delete all schemas in postgres"},{"tags":["c#","formatting"],"owner":{"account_id":24648860,"reputation":5,"user_id":18546191,"user_type":"registered","profile_image":"https://lh3.googleusercontent.com/a/AATXAJxlIRauNo1DSMaHkujFKi-_vR9LwD5gdNtTbB3-=k-s256","display_name":"noobico","link":"https://stackoverflow.com/users/18546191/noobico"},"is_answered":true,"view_count":57,"accepted_answer_id":71580257,"answer_count":1,"score":0,"last_activity_date":1647993813,"creation_date":1647992545,"question_id":71580223,"content_license":"CC BY-SA 4.0","link":"https://stackoverflow.com/questions/71580223/correct-string-formatting-or-rounding","title":"Correct string formatting (or rounding)"},{"tags":["python","api","blender"],"owner":{"account_id":19050054,"reputation":1,"user_id":13908436,"user_type":"registered","profile_image":"https://www.gravatar.com/avatar/591988bf37f1a28609f5ab42413d0537?s=256&d=identicon&r=PG&f=y&so-version=2","display_name":"KikoPerdido","link":"https://stackoverflow.com/users/13908436/kikoperdido"},"is_answered":false,"view_count":1736,"answer_count":1,"score":0,"last_activity_date":1648217988,"creation_date":1647992534,"last_edit_date":1647992653,"question_id":71580221,"content_license":"CC BY-SA 4.0","link":"https://stackoverflow.com/questions/71580221/is-it-possible-to-use-an-external-python-file-to-execute-a-blender-python-script","title":"Is it possible to use an external python file to execute a blender python script inside Blender?"},{"tags":["github","git-lfs"],"owner":{"account_id":24651730,"reputation":3,"user_id":18548768,"user_type":"registered","profile_image":"https://www.gravatar.com/avatar/1fcf1d879ccfd00386bc47d62e586ef3?s=256&d=identicon&r=PG","display_name":"Abel","link":"https://stackoverflow.com/users/18548768/abel"},"is_answered":true,"view_count":1043,"accepted_answer_id":71580511,"answer_count":1,"score":0,"last_activity_date":1648000015,"creation_date":1647992506,"last_edit_date":1648000015,"question_id":71580219,"content_license":"CC BY-SA 4.0","link":"https://stackoverflow.com/questions/71580219/can-i-delete-the-repository-and-create-a-new-one-named-the-same-to-resolve-the-p","title":"Can I delete the repository and create a new one named the same to resolve the problem when GitHub LFS quota exceeds?"},{"tags":["version-control","versioning","git-flow"],"owner":{"account_id":8409928,"reputation":51,"user_id":6312219,"user_type":"registered","profile_image":"https://www.gravatar.com/avatar/557d97c2be41df1d1cd50f4949435afa?s=256&d=identicon&r=PG&f=y&so-version=2","display_name":"Emanuele Lacopo","link":"https://stackoverflow.com/users/6312219/emanuele-lacopo"},"is_answered":true,"view_count":106,"answer_count":1,"score":0,"last_activity_date":1647993285,"creation_date":1647992428,"last_edit_date":1647992610,"question_id":71580214,"content_license":"CC BY-SA 4.0","link":"https://stackoverflow.com/questions/71580214/how-to-implement-demo-release","title":"How to implement DEMO release"},{"tags":["python","mongodb","amazon-web-services","pymongo","c9.io"],"owner":{"account_id":6092666,"reputation":2986,"user_id":4764604,"user_type":"registered","accept_rate":100,"profile_image":"https://i.stack.imgur.com/qCcfH.jpg?s=256&g=1","display_name":"Revolucion for Monica","link":"https://stackoverflow.com/users/4764604/revolucion-for-monica"},"is_answered":false,"view_count":138,"answer_count":1,"score":0,"last_activity_date":1648140700,"creation_date":1647992387,"last_edit_date":1648140700,"question_id":71580209,"content_license":"CC BY-SA 4.0","link":"https://stackoverflow.com/questions/71580209/mongodb-org-4-0-repo-no-such-file-or-directory-al-instalar-el-mongo-shell-en-m","title":"mongodb-org-4.0.repo : No such file or directory al instalar el mongo shell en mi AWS Cloud9"},{"tags":["javascript","logging","winston"],"owner":{"account_id":9339739,"reputation":461,"user_id":6932924,"user_type":"registered","profile_image":"https://i.stack.imgur.com/paRsS.png?s=256&g=1","display_name":"Wiezalditzijn","link":"https://stackoverflow.com/users/6932924/wiezalditzijn"},"is_answered":false,"view_count":644,"answer_count":1,"score":0,"last_activity_date":1648820705,"creation_date":1647992310,"question_id":71580201,"content_license":"CC BY-SA 4.0","link":"https://stackoverflow.com/questions/71580201/winston-logging-http-transport-no-port","title":"winston logging http transport no port"},{"tags":["python","complex-numbers"],"owner":{"account_id":3356770,"reputation":99,"user_id":2819520,"user_type":"registered","profile_image":"https://www.gravatar.com/avatar/8d60cafd4f10a9889c9ceac7af146893?s=256&d=identicon&r=PG&f=y&so-version=2","display_name":"The Gribble","link":"https://stackoverflow.com/users/2819520/the-gribble"},"is_answered":true,"view_count":516,"accepted_answer_id":71580236,"answer_count":1,"score":-1,"last_activity_date":1649941835,"creation_date":1647992308,"last_edit_date":1649941835,"question_id":71580200,"content_license":"CC BY-SA 4.0","link":"https://stackoverflow.com/questions/71580200/converting-an-array-of-arrays-of-floats-to-complex-numbers","title":"converting an array of arrays of floats to complex numbers"},{"tags":["ruby","algorithm","loops","while-loop","sequence"],"owner":{"account_id":23899731,"reputation":1,"user_id":17898064,"user_type":"registered","profile_image":"https://i.stack.imgur.com/fc9NY.jpg?s=256&g=1","display_name":"Kevin J","link":"https://stackoverflow.com/users/17898064/kevin-j"},"is_answered":true,"view_count":304,"answer_count":3,"score":0,"last_activity_date":1648025686,"creation_date":1647992306,"question_id":71580199,"content_license":"CC BY-SA 4.0","link":"https://stackoverflow.com/questions/71580199/learning-ruby-need-to-return-an-array-of-length-n-with-a-given-number-x-and-th","title":"Learning Ruby. Need to return an array of length n, with a given number x and then squares of the previous number"},{"tags":["r","facet-grid","geom-hline"],"owner":{"account_id":7003721,"reputation":465,"user_id":7381608,"user_type":"registered","profile_image":"https://www.gravatar.com/avatar/5391c9526005638e5c9c1b3cad2e141d?s=256&d=identicon&r=PG","display_name":"Eric Gonz&#225;lez","link":"https://stackoverflow.com/users/7381608/eric-gonz%c3%a1lez"},"is_answered":false,"view_count":162,"answer_count":0,"score":0,"last_activity_date":1647992270,"creation_date":1647992270,"question_id":71580196,"content_license":"CC BY-SA 4.0","link":"https://stackoverflow.com/questions/71580196/add-horizontal-lines-from-a-vector-to-a-ggplot-uisng-facet-grid","title":"Add horizontal lines from a vector to a ggplot uisng facet_grid"},{"tags":["python","pycharm"],"owner":{"account_id":24651811,"reputation":1,"user_id":18548842,"user_type":"registered","profile_image":"https://www.gravatar.com/avatar/ec21a5820c261fd48c095d4f320852fe?s=256&d=identicon&r=PG","display_name":"CousinJ","link":"https://stackoverflow.com/users/18548842/cousinj"},"is_answered":false,"view_count":882,"closed_date":1650374848,"answer_count":1,"score":0,"last_activity_date":1648215765,"creation_date":1647992260,"question_id":71580193,"link":"https://stackoverflow.com/questions/71580193/unable-to-create-process-using-error-with-python-on-pycharm","closed_reason":"Duplicate","title":"Unable to create process using error with python on pycharm"},{"tags":["jsxgraph"],"owner":{"account_id":24651854,"reputation":3,"user_id":18548883,"user_type":"registered","profile_image":"https://www.gravatar.com/avatar/c792841f6d457ece013716ae7bf878d6?s=256&d=identicon&r=PG","display_name":"Porus Lakdawala","link":"https://stackoverflow.com/users/18548883/porus-lakdawala"},"is_answered":true,"view_count":156,"accepted_answer_id":71594321,"answer_count":1,"score":0,"last_activity_date":1648071344,"creation_date":1647992228,"question_id":71580189,"content_license":"CC BY-SA 4.0","link":"https://stackoverflow.com/questions/71580189/how-do-i-use-mathjax-for-tick-labels-in-jsxgraph","title":"How do I use MathJax for tick labels in JSXGraph"},{"tags":["android","react-native","kotlin","jitsi"],"owner":{"account_id":8919042,"reputation":2863,"user_id":6656422,"user_type":"registered","accept_rate":52,"profile_image":"https://lh6.googleusercontent.com/-ruwgjJVn5rk/AAAAAAAAAAI/AAAAAAAAAio/mSV4_HKnoJ4/photo.jpg?sz=256","display_name":"Wilhelmina Lohan","link":"https://stackoverflow.com/users/6656422/wilhelmina-lohan"},"is_answered":true,"view_count":15492,"accepted_answer_id":71656130,"answer_count":3,"score":5,"last_activity_date":1696861421,"creation_date":1647992216,"last_edit_date":1648571280,"question_id":71580187,"content_license":"CC BY-SA 4.0","link":"https://stackoverflow.com/questions/71580187/how-to-set-kotlin-version","title":"How to set Kotlin version"},{"tags":["homebrew","devkitpro","nintendo-3ds"],"owner":{"account_id":24651810,"reputation":11,"user_id":18548841,"user_type":"registered","profile_image":"https://lh3.googleusercontent.com/a-/AOh14Gj_9bObsLrfjE5DYzswqoVY_GhLpraiXQbqxWc4=k-s256","display_name":"Sussy Baka","link":"https://stackoverflow.com/users/18548841/sussy-baka"},"is_answered":false,"view_count":76,"answer_count":0,"score":1,"last_activity_date":1651255952,"creation_date":1647992189,"last_edit_date":1651255952,"question_id":71580186,"content_license":"CC BY-SA 4.0","link":"https://stackoverflow.com/questions/71580186/why-do-i-get-an-error-when-i-try-to-do-make","title":"why do i get an error when i try to do $make?"},{"tags":["python","python-3.x","pandas","numpy"],"owner":{"account_id":8441887,"reputation":286,"user_id":6334082,"user_type":"registered","profile_image":"https://i.stack.imgur.com/KueYb.png?s=256&g=1","display_name":"Jason Leaver","link":"https://stackoverflow.com/users/6334082/jason-leaver"},"is_answered":true,"view_count":35,"answer_count":1,"score":0,"last_activity_date":1647993144,"creation_date":1647992184,"last_edit_date":1647993144,"question_id":71580184,"content_license":"CC BY-SA 4.0","link":"https://stackoverflow.com/questions/71580184/pandas-mask-indexing-misshaped-dataframe","title":"pandas mask indexing misshaped DataFrame"}],"has_more":true,"quota_max":300,"quota_remaining":147}