{"items":[{"tags":["python","pycharm","python-decorators","pydantic","pyright"],"owner":{"account_id":6634796,"reputation":609,"user_id":5122246,"user_type":"registered","profile_image":"https://www.gravatar.com/avatar/4961b422bcbf527e3032253c8f9d042d?s=256&d=identicon&r=PG&f=y&so-version=2","display_name":"iuvbio","link":"https://stackoverflow.com/users/5122246/iuvbio"},"is_answered":true,"view_count":1439,"accepted_answer_id":72851944,"answer_count":1,"score":2,"last_activity_date":1656910773,"creation_date":1646243994,"question_id":71327196,"content_license":"CC BY-SA 4.0","link":"https://stackoverflow.com/questions/71327196/make-pyright-pycharm-recognize-arguments-set-by-decorator","title":"Make pyright/PyCharm recognize arguments set by decorator"},{"tags":["javascript","css","amazon-s3","cors","cdn"],"owner":{"account_id":18164596,"reputation":437,"user_id":13215430,"user_type":"registered","profile_image":"https://i.stack.imgur.com/Pfy9S.jpg?s=256&g=1","display_name":"Nikster","link":"https://stackoverflow.com/users/13215430/nikster"},"is_answered":true,"view_count":6608,"accepted_answer_id":71327476,"answer_count":2,"score":1,"last_activity_date":1659116217,"creation_date":1646243935,"last_edit_date":1646244983,"question_id":71327187,"content_license":"CC BY-SA 4.0","link":"https://stackoverflow.com/questions/71327187/cannot-access-cssrules-for-stylesheet-cors","title":"Cannot Access cssRules for Stylesheet CORS"},{"tags":["java","firebase","spring-boot","push-notification","expo"],"owner":{"account_id":24407910,"reputation":13,"user_id":18335822,"user_type":"registered","profile_image":"https://lh3.googleusercontent.com/a/AATXAJwas3wR0gpokLE4nQ8Nhkpyt0O5Glt4rIjSrsQa=k-s256","display_name":"Anamaria Dragomir","link":"https://stackoverflow.com/users/18335822/anamaria-dragomir"},"is_answered":false,"view_count":1260,"answer_count":1,"score":0,"last_activity_date":1646249721,"creation_date":1646243935,"last_edit_date":1646249460,"question_id":71327186,"content_license":"CC BY-SA 4.0","link":"https://stackoverflow.com/questions/71327186/get-firebase-registration-token-in-springboot-java-project","title":"Get firebase registration token in SpringBoot java project"},{"tags":["c#","entity-framework","unit-testing","xunit"],"owner":{"account_id":1147574,"reputation":5540,"user_id":1129995,"user_type":"registered","accept_rate":99,"profile_image":"https://i.stack.imgur.com/wgvEM.jpg?s=256&g=1","display_name":"Zaki","link":"https://stackoverflow.com/users/1129995/zaki"},"is_answered":true,"view_count":80,"accepted_answer_id":71378727,"answer_count":1,"score":0,"last_activity_date":1646644372,"creation_date":1646243932,"question_id":71327185,"content_license":"CC BY-SA 4.0","link":"https://stackoverflow.com/questions/71327185/nunit-test-dependent-commits-by-id","title":"Nunit Test Dependent Commits - By ID"},{"tags":["scrapy"],"owner":{"account_id":24064805,"reputation":1,"user_id":18041533,"user_type":"registered","profile_image":"https://www.gravatar.com/avatar/c62db26128bbdb13c00d0f193bbeb709?s=256&d=identicon&r=PG","display_name":"Juan Ignacio Ostrit","link":"https://stackoverflow.com/users/18041533/juan-ignacio-ostrit"},"is_answered":true,"view_count":46,"accepted_answer_id":71328688,"answer_count":1,"score":0,"last_activity_date":1646252474,"creation_date":1646243926,"question_id":71327184,"content_license":"CC BY-SA 4.0","link":"https://stackoverflow.com/questions/71327184/why-my-spider-is-not-executing-the-parse-function-but-with-another-link-it-works","title":"why my spider is not executing the parse function but with another link it works?"},{"tags":["arrays","list","flutter","dictionary","dart"],"owner":{"account_id":12323252,"reputation":837,"user_id":8992034,"user_type":"registered","profile_image":"https://www.gravatar.com/avatar/561eb51bfd75d7ef56647d3ae29fb9f6?s=256&d=identicon&r=PG&f=y&so-version=2","display_name":"developer1996","link":"https://stackoverflow.com/users/8992034/developer1996"},"is_answered":true,"view_count":148,"accepted_answer_id":71342313,"answer_count":1,"score":-2,"last_activity_date":1646333387,"creation_date":1646243913,"last_edit_date":1646247762,"question_id":71327182,"content_license":"CC BY-SA 4.0","link":"https://stackoverflow.com/questions/71327182/add-listmodel-to-list-inside-listmodel","title":"Add List&lt;Model&gt; to List inside List&lt;Model&gt;"},{"tags":["git"],"owner":{"account_id":3782378,"reputation":29,"user_id":3141426,"user_type":"registered","profile_image":"https://www.gravatar.com/avatar/fefb6dde1df85785b9557ddd83c8d46b?s=256&d=identicon&r=PG&f=y&so-version=2","display_name":"AndyB","link":"https://stackoverflow.com/users/3141426/andyb"},"is_answered":false,"view_count":1185,"answer_count":1,"score":0,"last_activity_date":1646244109,"creation_date":1646243904,"last_edit_date":1646244004,"question_id":71327181,"content_license":"CC BY-SA 4.0","link":"https://stackoverflow.com/questions/71327181/how-to-handle-your-branch-is-behind-origin-main-by-9-commits-and-can-be-fast","title":"how to handle Your branch is behind &#39;origin/main&#39; by 9 commits, and can be fast-forwarded. (use &quot;git pull&quot; to update your local branch)"},{"tags":["laravel","redis","guzzle"],"owner":{"account_id":3492182,"reputation":7853,"user_id":2921557,"user_type":"registered","accept_rate":46,"profile_image":"https://www.gravatar.com/avatar/cb1374e25f009f3cf6649d6f67edf10c?s=256&d=identicon&r=PG&f=y&so-version=2","display_name":"Lovelock","link":"https://stackoverflow.com/users/2921557/lovelock"},"is_answered":false,"view_count":232,"answer_count":0,"score":0,"last_activity_date":1646243887,"creation_date":1646243887,"question_id":71327175,"content_license":"CC BY-SA 4.0","link":"https://stackoverflow.com/questions/71327175/laravel-guzzle-jobs-failure-kills-queue-until-restart-guzzlehttp-exception-con","title":"Laravel Guzzle jobs failure, kills queue until restart (GuzzleHttp\\Exception\\ConnectException: cURL error 6: Could not resolve host:)"},{"tags":["time-series","cdo-climate","satellite"],"owner":{"account_id":24113060,"reputation":35,"user_id":18196705,"user_type":"registered","profile_image":"https://www.gravatar.com/avatar/bd6c0543e914ef3f406d21e1a07ab0a0?s=256&d=identicon&r=PG&f=y&so-version=2","display_name":"Fernando Primo Forgioni","link":"https://stackoverflow.com/users/18196705/fernando-primo-forgioni"},"is_answered":false,"view_count":36,"answer_count":1,"score":0,"last_activity_date":1646254174,"creation_date":1646243860,"last_edit_date":1646254174,"question_id":71327169,"content_license":"CC BY-SA 4.0","link":"https://stackoverflow.com/questions/71327169/offset-satellite-timseries-data","title":"Offset satellite timseries data"},{"tags":["vbscript"],"owner":{"account_id":24431733,"reputation":11,"user_id":18356584,"user_type":"registered","profile_image":"https://lh3.googleusercontent.com/a-/AOh14GgdyLVGP6TmMU_YRU8tvtuxJZL1PwZVWGY-ZDAtrA=k-s256","display_name":"Robert Wisneski","link":"https://stackoverflow.com/users/18356584/robert-wisneski"},"is_answered":true,"view_count":3267,"answer_count":1,"score":1,"last_activity_date":1650260589,"creation_date":1646243853,"last_edit_date":1646252238,"question_id":71327167,"content_license":"CC BY-SA 4.0","link":"https://stackoverflow.com/questions/71327167/moving-away-from-ie-and-into-edge","title":"Moving away from IE and into edge"},{"tags":["r","regression","modeling","dummy-variable","coefficients"],"owner":{"account_id":11271558,"reputation":11,"user_id":8266865,"user_type":"registered","profile_image":"https://www.gravatar.com/avatar/3a576e9b3559df5981c84b2261067bb2?s=256&d=identicon&r=PG&f=y&so-version=2","display_name":"AAJ","link":"https://stackoverflow.com/users/8266865/aaj"},"is_answered":false,"view_count":251,"answer_count":1,"score":0,"last_activity_date":1647630115,"creation_date":1646243852,"last_edit_date":1646295294,"question_id":71327166,"content_license":"CC BY-SA 4.0","link":"https://stackoverflow.com/questions/71327166/dummy-variable-coefficients-excluded-from-regression-output-in-r-no-errors-ti","title":"Dummy Variable Coefficients Excluded from Regression Output in R (no errors) (Time series plot unchanged)"},{"tags":["javascript","vue.js","vuejs2"],"owner":{"account_id":1151804,"reputation":5824,"user_id":2045079,"user_type":"registered","accept_rate":83,"profile_image":"https://i.stack.imgur.com/W3pkT.jpg?s=256&g=1","display_name":"code4jhon","link":"https://stackoverflow.com/users/2045079/code4jhon"},"is_answered":false,"view_count":103,"answer_count":1,"score":0,"last_activity_date":1646491373,"creation_date":1646243844,"last_edit_date":1646421975,"question_id":71327164,"content_license":"CC BY-SA 4.0","link":"https://stackoverflow.com/questions/71327164/how-to-access-the-root-component-data-from-a-child-template-in-vuejs","title":"How to access the root component data from a child template in VueJs?"},{"tags":["python","python-3.x"],"owner":{"account_id":337015,"reputation":9606,"user_id":665023,"user_type":"registered","accept_rate":57,"profile_image":"https://www.gravatar.com/avatar/19de47c795aeb4440bcf2097e83e02a4?s=256&d=identicon&r=PG","display_name":"derek","link":"https://stackoverflow.com/users/665023/derek"},"is_answered":true,"view_count":344,"accepted_answer_id":71327999,"answer_count":1,"score":1,"last_activity_date":1646251440,"creation_date":1646243840,"last_edit_date":1646251440,"question_id":71327163,"content_license":"CC BY-SA 4.0","link":"https://stackoverflow.com/questions/71327163/generic-type-defaults-to-int","title":"Generic type defaults to int?"},{"tags":["c#","asp.net","entity-framework","entity-framework-core"],"owner":{"account_id":22945627,"reputation":85,"user_id":17077640,"user_type":"registered","profile_image":"https://www.gravatar.com/avatar/f78215aad6f1f6af1133be82b99d5af0?s=256&d=identicon&r=PG&f=y&so-version=2","display_name":"tressert","link":"https://stackoverflow.com/users/17077640/tressert"},"is_answered":true,"view_count":1893,"accepted_answer_id":71328216,"answer_count":1,"score":2,"last_activity_date":1646249556,"creation_date":1646243831,"question_id":71327159,"content_license":"CC BY-SA 4.0","link":"https://stackoverflow.com/questions/71327159/entity-framework-left-join-the-error-i-got-while-using","title":"Entity Framework Left Join The error I got while using"},{"tags":["java","hibernate","orm"],"owner":{"account_id":6906863,"reputation":335,"user_id":5304383,"user_type":"registered","profile_image":"https://www.gravatar.com/avatar/882474ddfb1fc764dfbb7dac50872e08?s=256&d=identicon&r=PG&f=y&so-version=2","display_name":"lowercase93","link":"https://stackoverflow.com/users/5304383/lowercase93"},"is_answered":false,"view_count":528,"answer_count":0,"score":2,"last_activity_date":1646243817,"creation_date":1646243817,"question_id":71327156,"content_license":"CC BY-SA 4.0","link":"https://stackoverflow.com/questions/71327156/how-to-make-onetoone-mapping-with-filter-based-on-parents-property","title":"How to make @OneToOne mapping with filter based on parent&#39;s property?"},{"tags":["sql","powerapps"],"owner":{"account_id":15556764,"reputation":3144,"user_id":11222963,"user_type":"registered","profile_image":"https://lh5.googleusercontent.com/-39JxYwzAft8/AAAAAAAAAAI/AAAAAAAAAio/VlhcM1Byq3A/photo.jpg?sz=256","display_name":"SCool","link":"https://stackoverflow.com/users/11222963/scool"},"is_answered":true,"view_count":388,"accepted_answer_id":71337947,"answer_count":1,"score":-1,"last_activity_date":1646315757,"creation_date":1646243816,"last_edit_date":1646245680,"question_id":71327155,"content_license":"CC BY-SA 4.0","link":"https://stackoverflow.com/questions/71327155/how-to-convert-this-sql-code-to-power-apps","title":"How to convert this SQL code to Power Apps?"},{"tags":["c++","winapi"],"owner":{"account_id":13953376,"reputation":45,"user_id":12976381,"user_type":"registered","profile_image":"https://i.stack.imgur.com/9o1zY.png?s=256&g=1","display_name":"Tomay","link":"https://stackoverflow.com/users/12976381/tomay"},"is_answered":true,"view_count":161,"accepted_answer_id":71327362,"answer_count":1,"score":0,"last_activity_date":1646263365,"creation_date":1646243774,"last_edit_date":1646245046,"question_id":71327144,"content_license":"CC BY-SA 4.0","link":"https://stackoverflow.com/questions/71327144/is-it-safe-to-reinterpret-cast-lpnccalcsize-params-to-lprect-when-intercepting-w","title":"Is it safe to reinterpret_cast LPNCCALCSIZE_PARAMS to LPRECT when intercepting WM_NCCALCSIZE?"},{"tags":["sql","postgresql"],"owner":{"account_id":23236115,"reputation":23,"user_id":17326097,"user_type":"registered","profile_image":"https://lh3.googleusercontent.com/a/AATXAJzVSvAm_RhGMEFEIIj7FlUrQZ8sCSBqPhUoE93t=k-s256","display_name":"Matias Cocciolo","link":"https://stackoverflow.com/users/17326097/matias-cocciolo"},"is_answered":true,"view_count":40,"accepted_answer_id":71328202,"answer_count":2,"score":0,"last_activity_date":1646249452,"creation_date":1646243774,"question_id":71327143,"content_license":"CC BY-SA 4.0","link":"https://stackoverflow.com/questions/71327143/how-to-get-rid-of-the-redundant-information-of-a-query-and-be-left-with-only-one","title":"How to get rid of the redundant information of a query and be left with only one row that contains all the information"},{"tags":["c#","entity-framework-6"],"owner":{"account_id":15890936,"reputation":13,"user_id":11466086,"user_type":"registered","profile_image":"https://www.gravatar.com/avatar/56d77047cc93b7d955c2c0c0b9a0edc6?s=256&d=identicon&r=PG&f=y&so-version=2","display_name":"user11466086","link":"https://stackoverflow.com/users/11466086/user11466086"},"is_answered":false,"view_count":307,"answer_count":1,"score":0,"last_activity_date":1646245942,"creation_date":1646243757,"question_id":71327139,"content_license":"CC BY-SA 4.0","link":"https://stackoverflow.com/questions/71327139/how-can-i-iterate-through-an-entity-framework-table-or-type-that-holds-columns-y","title":"How can I iterate through an Entity Framework Table or Type that holds columns you normally dot into?"},{"tags":["python","google-cloud-functions","gmail","gmail-api","google-cloud-pubsub"],"owner":{"account_id":6883981,"reputation":91,"user_id":5289755,"user_type":"registered","profile_image":"https://i.stack.imgur.com/NfLQq.jpg?s=256&g=1","display_name":"Alessandro Calmanovici","link":"https://stackoverflow.com/users/5289755/alessandro-calmanovici"},"is_answered":false,"view_count":357,"answer_count":0,"score":0,"last_activity_date":1646261803,"creation_date":1646243745,"last_edit_date":1646261803,"question_id":71327138,"content_license":"CC BY-SA 4.0","link":"https://stackoverflow.com/questions/71327138/cloud-function-with-pubsub-trigger-executed-endlessly-when-calling-gmail-api-mes","title":"Cloud function with pubsub trigger executed endlessly when calling gmail API messages.send()"},{"tags":["vim","gtk","gtk3"],"owner":{"account_id":13569176,"reputation":56,"user_id":9788365,"user_type":"registered","profile_image":"https://lh3.googleusercontent.com/-XdUIqdMkCWA/AAAAAAAAAAI/AAAAAAAAAAA/4252rscbv5M/photo.jpg?sz=256","display_name":"astrohan","link":"https://stackoverflow.com/users/9788365/astrohan"},"is_answered":false,"view_count":336,"answer_count":0,"score":0,"last_activity_date":1646262177,"creation_date":1646243723,"last_edit_date":1646262177,"question_id":71327135,"content_license":"CC BY-SA 4.0","link":"https://stackoverflow.com/questions/71327135/how-to-install-gvim-with-gtk3-and-fixing-gdk-frame-clock-layout-continuously","title":"How to install gVim with GTK3, and fixing &quot;gdk-frame-clock: layout continuously requested&quot;"},{"tags":["python","pandas","dataframe"],"owner":{"account_id":13149920,"reputation":73,"user_id":9498863,"user_type":"registered","profile_image":"https://i.stack.imgur.com/CxvLq.jpg?s=256&g=1","display_name":"Evil_Cheetah","link":"https://stackoverflow.com/users/9498863/evil-cheetah"},"is_answered":true,"view_count":1619,"accepted_answer_id":71327282,"answer_count":2,"score":1,"last_activity_date":1702589991,"creation_date":1646243661,"last_edit_date":1646244657,"question_id":71327125,"content_license":"CC BY-SA 4.0","link":"https://stackoverflow.com/questions/71327125/pandas-append-a-total-row-with-pandas-concat","title":"Pandas Append a Total Row with pandas.concat"},{"tags":["uitableview","swiftui","swiftui-list","uiviewrepresentable"],"owner":{"account_id":10830604,"reputation":223,"user_id":7965131,"user_type":"registered","profile_image":"https://www.gravatar.com/avatar/508e11d40e776f83eda198c71997d062?s=256&d=identicon&r=PG&f=y&so-version=2","display_name":"kamcma","link":"https://stackoverflow.com/users/7965131/kamcma"},"is_answered":false,"view_count":91,"answer_count":0,"score":1,"last_activity_date":1646243648,"creation_date":1646243648,"question_id":71327122,"content_license":"CC BY-SA 4.0","link":"https://stackoverflow.com/questions/71327122/how-to-mimic-swiftui-lists-data-less-initializers-when-wrapping-uitableview","title":"How to mimic SwiftUI List&#39;s data-less initializers when wrapping UITableView"},{"tags":["javascript","html","json","google-chrome-extension"],"owner":{"account_id":23062240,"reputation":1,"user_id":17177268,"user_type":"registered","profile_image":"https://www.gravatar.com/avatar/fa528c8f835eac8fea2edb2896900f9c?s=256&d=identicon&r=PG","display_name":"Midas","link":"https://stackoverflow.com/users/17177268/midas"},"is_answered":false,"view_count":400,"answer_count":0,"score":0,"last_activity_date":1646254126,"creation_date":1646243623,"last_edit_date":1646254126,"question_id":71327115,"content_license":"CC BY-SA 4.0","link":"https://stackoverflow.com/questions/71327115/why-is-my-executescript-not-working-chrome-extension-development","title":"Why is my executeScript not working ? Chrome extension development:"},{"tags":["python","list","selenium","selenium-webdriver","getattribute"],"owner":{"account_id":20363493,"reputation":206,"user_id":14937332,"user_type":"registered","profile_image":"https://lh3.googleusercontent.com/a-/AOh14GjaaRlFaHF6PyZbxhWM5ZAXfRHoMLQ0_vukwEq_=k-s256","display_name":"Code Scooper","link":"https://stackoverflow.com/users/14937332/code-scooper"},"is_answered":true,"view_count":628,"accepted_answer_id":71327268,"answer_count":2,"score":0,"last_activity_date":1646247985,"creation_date":1646243589,"last_edit_date":1646247985,"question_id":71327113,"content_license":"CC BY-SA 4.0","link":"https://stackoverflow.com/questions/71327113/get-the-src-value-from-a-list-of-webelements-with-selenium","title":"Get the src value from a list of webelements with Selenium"},{"tags":["sql","sql-server"],"owner":{"account_id":20679373,"reputation":9,"user_id":15183305,"user_type":"registered","profile_image":"https://lh3.googleusercontent.com/a-/AOh14GhBBiRgxFmgrsSIUPIRt_6iXdlPvqEwG3tal1so=k-s256","display_name":"Sha A","link":"https://stackoverflow.com/users/15183305/sha-a"},"is_answered":false,"view_count":610,"answer_count":1,"score":0,"last_activity_date":1646244915,"creation_date":1646243572,"last_edit_date":1646243713,"question_id":71327110,"content_license":"CC BY-SA 4.0","link":"https://stackoverflow.com/questions/71327110/case-statement-usage-within-scalar-function","title":"Case statement usage within scalar function"},{"tags":["docker","aws-documentdb"],"owner":{"account_id":9599387,"reputation":73,"user_id":7127490,"user_type":"registered","profile_image":"https://www.gravatar.com/avatar/7b14861b84f0e2cc07c8b0483baba4bd?s=256&d=identicon&r=PG&f=y&so-version=2","display_name":"Y C","link":"https://stackoverflow.com/users/7127490/y-c"},"is_answered":false,"view_count":1786,"answer_count":1,"score":1,"last_activity_date":1656308586,"creation_date":1646243572,"question_id":71327109,"content_license":"CC BY-SA 4.0","link":"https://stackoverflow.com/questions/71327109/connect-to-aws-documentdb-from-within-a-docker-container","title":"Connect to AWS DocumentDB from within a docker container"},{"tags":["curl","gitlab","code-snippets"],"owner":{"account_id":10999851,"reputation":1138,"user_id":8080758,"user_type":"registered","accept_rate":80,"profile_image":"https://www.gravatar.com/avatar/d65565a740d18fb4cd72baffd8cbdbf7?s=256&d=identicon&r=PG&f=y&so-version=2","display_name":"Cl&#233;ment","link":"https://stackoverflow.com/users/8080758/cl%c3%a9ment"},"is_answered":true,"view_count":630,"accepted_answer_id":71354938,"answer_count":1,"score":0,"last_activity_date":1646414121,"creation_date":1646243549,"question_id":71327108,"content_license":"CC BY-SA 4.0","link":"https://stackoverflow.com/questions/71327108/get-all-files-from-gitlab-snippets-using-curl","title":"Get all files from gitlab snippets using curl"},{"tags":["jquery"],"owner":{"account_id":953645,"reputation":11319,"user_id":979331,"user_type":"registered","accept_rate":68,"profile_image":"https://www.gravatar.com/avatar/2e4108d28226846070db4eabf0c5d882?s=256&d=identicon&r=PG","display_name":"user979331","link":"https://stackoverflow.com/users/979331/user979331"},"is_answered":false,"view_count":14,"closed_date":1646243777,"answer_count":0,"score":0,"last_activity_date":1646243699,"creation_date":1646243536,"last_edit_date":1646243699,"question_id":71327105,"link":"https://stackoverflow.com/questions/71327105/on-radio-click-not-working-with-checkboxes-with-same-ids","closed_reason":"Duplicate","title":"on radio click not working with checkboxes with same ids"},{"tags":["java","arrays","excel","multidimensional-array","apache-poi"],"owner":{"account_id":15177550,"reputation":3,"user_id":18356313,"user_type":"registered","profile_image":"https://www.gravatar.com/avatar/6ad1826db55f3319729c1ec74e54fbb1?s=256&d=identicon&r=PG","display_name":"user637300","link":"https://stackoverflow.com/users/18356313/user637300"},"is_answered":true,"view_count":513,"accepted_answer_id":71330789,"answer_count":1,"score":0,"last_activity_date":1646267470,"creation_date":1646243496,"last_edit_date":1646244268,"question_id":71327097,"content_license":"CC BY-SA 4.0","link":"https://stackoverflow.com/questions/71327097/reading-2d-double-array-in-excel-using-apache-poi","title":"Reading 2D double array in Excel Using Apache POI"}],"has_more":true,"quota_max":300,"quota_remaining":228}