{"items":[{"tags":["css","react-native","native"],"owner":{"account_id":23622961,"reputation":549,"user_id":17655903,"user_type":"registered","profile_image":"https://lh3.googleusercontent.com/a-/AOh14Ghp_BP6yCN4mzCzZFku__kC6jiiPxkAH7XHHARg7vo=k-s256","display_name":"Tomas Gil Amoedo","link":"https://stackoverflow.com/users/17655903/tomas-gil-amoedo"},"is_answered":true,"view_count":3648,"answer_count":2,"score":3,"last_activity_date":1689897966,"creation_date":1646330385,"last_edit_date":1646335037,"question_id":71341734,"content_license":"CC BY-SA 4.0","link":"https://stackoverflow.com/questions/71341734/how-do-i-change-bordercolor-in-native-base-select-component","title":"How do I change borderColor in native base Select Component?"},{"tags":["php","arrays"],"owner":{"account_id":24430144,"reputation":11,"user_id":18355195,"user_type":"registered","profile_image":"https://www.gravatar.com/avatar/645c5b8f86f572d60da67bfd1b7d871d?s=256&d=identicon&r=PG","display_name":"mike","link":"https://stackoverflow.com/users/18355195/mike"},"is_answered":true,"view_count":39,"answer_count":3,"score":0,"last_activity_date":1646353338,"creation_date":1646330341,"last_edit_date":1646331036,"question_id":71341729,"content_license":"CC BY-SA 4.0","link":"https://stackoverflow.com/questions/71341729/how-to-add-string-if-two-arrays-are-in-php","title":"How to add string if two arrays are in php?"},{"tags":["salesforce","future","apex"],"owner":{"account_id":5283528,"reputation":11,"user_id":4218172,"user_type":"registered","profile_image":"https://www.gravatar.com/avatar/bfeb58a4d266dd86735bb271e157a117?s=256&d=identicon&r=PG&f=y&so-version=2","display_name":"salesforce beginner","link":"https://stackoverflow.com/users/4218172/salesforce-beginner"},"is_answered":false,"view_count":611,"answer_count":1,"score":0,"last_activity_date":1646383999,"creation_date":1646330309,"question_id":71341721,"content_license":"CC BY-SA 4.0","link":"https://stackoverflow.com/questions/71341721/multiple-future-call-in-single-transaction","title":"Multiple future call in single transaction"},{"tags":["r","dplyr","error-handling","tidyverse"],"owner":{"account_id":17707466,"reputation":615,"user_id":12855673,"user_type":"registered","profile_image":"https://www.gravatar.com/avatar/cf498aad33803c71b851ab357b086b2d?s=256&d=identicon&r=PG&f=y&so-version=2","display_name":"bodega18","link":"https://stackoverflow.com/users/12855673/bodega18"},"is_answered":true,"view_count":1362,"accepted_answer_id":71341814,"answer_count":1,"score":2,"last_activity_date":1646330752,"creation_date":1646330307,"question_id":71341720,"content_license":"CC BY-SA 4.0","link":"https://stackoverflow.com/questions/71341720/dplyr-arrange-giving-error-when-sorting-by-more-than-1-column","title":"Dplyr Arrange Giving Error when Sorting by more than 1 Column"},{"tags":["python"],"owner":{"account_id":24443272,"reputation":5,"user_id":18366646,"user_type":"registered","profile_image":"https://lh3.googleusercontent.com/a-/AOh14Gh77nXK1hweFgR3UVmYdmpocWzMQQdH4Ot-c7JkFg=k-s256","display_name":"Nathan R","link":"https://stackoverflow.com/users/18366646/nathan-r"},"is_answered":false,"view_count":68,"answer_count":2,"score":-2,"last_activity_date":1646336659,"creation_date":1646330273,"last_edit_date":1646336659,"question_id":71341714,"content_license":"CC BY-SA 4.0","link":"https://stackoverflow.com/questions/71341714/how-do-i-merge-ranged-elements-in-a-list","title":"How do I merge ranged elements in a list?"},{"tags":["bash","shell","cron","flags"],"owner":{"account_id":22163651,"reputation":13,"user_id":16410236,"user_type":"registered","profile_image":"https://www.gravatar.com/avatar/4c355057260d66127134e8768b45f1a6?s=256&d=identicon&r=PG&f=y&so-version=2","display_name":"Learner","link":"https://stackoverflow.com/users/16410236/learner"},"is_answered":true,"view_count":231,"accepted_answer_id":71342082,"answer_count":1,"score":0,"last_activity_date":1646332207,"creation_date":1646330266,"question_id":71341712,"content_license":"CC BY-SA 4.0","link":"https://stackoverflow.com/questions/71341712/how-do-i-combine-these-2-scripts-to-run-multiple-cronjobs-using-flags","title":"How do I combine these 2 scripts to run multiple cronjobs using flags?"},{"tags":["r","shiny","datatable","dt"],"owner":{"account_id":5582945,"reputation":299,"user_id":4424306,"user_type":"registered","accept_rate":89,"profile_image":"https://www.gravatar.com/avatar/987a8f7a671bb4a2af7195ad8e67ef6e?s=256&d=identicon&r=PG&f=y&so-version=2","display_name":"afleishman","link":"https://stackoverflow.com/users/4424306/afleishman"},"is_answered":false,"view_count":658,"answer_count":0,"score":1,"last_activity_date":1646661697,"creation_date":1646330258,"last_edit_date":1646661697,"question_id":71341710,"content_license":"CC BY-SA 4.0","link":"https://stackoverflow.com/questions/71341710/why-dont-column-filters-work-in-dtdatatable-when-column-data-has-no-variabili","title":"Why don&#39;t column filters work in DT::datatable when column data has no variability"},{"tags":["python","python-3.x","tkinter","tk-toolkit","tkinter-entry"],"owner":{"account_id":24208952,"reputation":15,"user_id":18165742,"user_type":"registered","profile_image":"https://lh3.googleusercontent.com/a-/AOh14GgDVyboLafN-IB3mE7-oj0JFfXV6OO1eCzFTuoidw=k-s256","display_name":"flossy","link":"https://stackoverflow.com/users/18165742/flossy"},"is_answered":true,"view_count":312,"accepted_answer_id":71342020,"answer_count":1,"score":1,"last_activity_date":1646331863,"creation_date":1646330219,"last_edit_date":1646330562,"question_id":71341702,"content_license":"CC BY-SA 4.0","link":"https://stackoverflow.com/questions/71341702/tkinter-entry-widget-is-returning-an-empty-list-when-used-in-a-toplevel-window","title":"Tkinter Entry widget is returning an empty list when used in a toplevel window"},{"tags":["spring-boot","hibernate","spring-data-jpa","entitymanager"],"owner":{"account_id":1036449,"reputation":240,"user_id":1043606,"user_type":"registered","accept_rate":50,"profile_image":"https://www.gravatar.com/avatar/e57038271294a37eb4af22e8e771f000?s=256&d=identicon&r=PG","display_name":"ecostanzi","link":"https://stackoverflow.com/users/1043606/ecostanzi"},"is_answered":false,"view_count":1185,"answer_count":2,"score":1,"last_activity_date":1673905542,"creation_date":1646330218,"last_edit_date":1646398975,"question_id":71341700,"content_license":"CC BY-SA 4.0","link":"https://stackoverflow.com/questions/71341700/sync-a-manytoone-relationship-after-saveandflush-with-spring-data-jpa","title":"Sync a @ManyToOne relationship after saveAndFlush with spring data jpa"},{"tags":["android-room"],"owner":{"account_id":24443117,"reputation":11,"user_id":18366516,"user_type":"registered","profile_image":"https://lh3.googleusercontent.com/a/AATXAJzJciKzyIHnLroEfJCU0GR7lab-5dBNVK2PFrM9=k-s256","display_name":"Provat Paul","link":"https://stackoverflow.com/users/18366516/provat-paul"},"is_answered":false,"view_count":620,"answer_count":1,"score":1,"last_activity_date":1646351855,"creation_date":1646330207,"last_edit_date":1646337321,"question_id":71341698,"content_license":"CC BY-SA 4.0","link":"https://stackoverflow.com/questions/71341698/dao-class-does-not-recognize-the-table-name-and-id","title":"DAO class does not recognize the table name and id"},{"tags":["javascript","console.log"],"owner":{"account_id":23716624,"reputation":1,"user_id":17737671,"user_type":"registered","profile_image":"https://www.gravatar.com/avatar/208e0caf0bccfcfbc2fc74490ba9d7cf?s=256&d=identicon&r=PG","display_name":"LorenzoBalder","link":"https://stackoverflow.com/users/17737671/lorenzobalder"},"is_answered":false,"view_count":171,"answer_count":1,"score":0,"last_activity_date":1646330763,"creation_date":1646330190,"question_id":71341693,"content_license":"CC BY-SA 4.0","link":"https://stackoverflow.com/questions/71341693/why-can-we-assign-console-log-to-a-variable","title":"Why can we assign console.log to a variable"},{"tags":["javascript","twilio"],"owner":{"account_id":24443291,"reputation":21,"user_id":18366661,"user_type":"registered","profile_image":"https://lh3.googleusercontent.com/a/AATXAJyk_2mX5jhQK6RwcC7KXAfoQ4XdwoL3mQLb6Q7R=k-s256","display_name":"FancyClownn","link":"https://stackoverflow.com/users/18366661/fancyclownn"},"is_answered":true,"view_count":448,"accepted_answer_id":71342164,"answer_count":1,"score":1,"last_activity_date":1646389659,"creation_date":1646330182,"last_edit_date":1646389659,"question_id":71341689,"content_license":"CC BY-SA 4.0","link":"https://stackoverflow.com/questions/71341689/typeerror-cannot-read-property-digits-of-undefined","title":"TypeError: Cannot read property &#39;Digits&#39; of undefined"},{"tags":["macos","assembly","x86","apple-m1"],"owner":{"account_id":19485061,"reputation":66,"user_id":14254586,"user_type":"registered","profile_image":"https://www.gravatar.com/avatar/a59c88b95b87c7d43c703144ac3a5453?s=256&d=identicon&r=PG&f=y&so-version=2","display_name":"Filippo Ansalone","link":"https://stackoverflow.com/users/14254586/filippo-ansalone"},"is_answered":false,"view_count":338,"answer_count":0,"score":1,"last_activity_date":1646343033,"creation_date":1646330152,"last_edit_date":1646343033,"question_id":71341682,"content_license":"CC BY-SA 4.0","link":"https://stackoverflow.com/questions/71341682/unexpected-token-in-operand-movl","title":"Unexpected token in operand movl"},{"tags":["python","machine-learning"],"owner":{"user_type":"does_not_exist","display_name":"user18355563"},"is_answered":true,"view_count":113,"closed_date":1646374735,"accepted_answer_id":71341989,"answer_count":1,"score":0,"last_activity_date":1646406068,"creation_date":1646330133,"last_edit_date":1646406068,"question_id":71341678,"link":"https://stackoverflow.com/questions/71341678/how-to-verify-the-prediction-k-nn-model-with-accuracy-formula","closed_reason":"Not suitable for this site","title":"How to verify the prediction (k-NN-model) with accuracy-formula?"},{"tags":["automated-tests","cypress","performance-testing","content-security-policy"],"owner":{"account_id":24433172,"reputation":39,"user_id":18357820,"user_type":"registered","profile_image":"https://www.gravatar.com/avatar/f3a699da3aadddc88172e664e0ba8124?s=256&d=identicon&r=PG","display_name":"nikonota","link":"https://stackoverflow.com/users/18357820/nikonota"},"is_answered":true,"view_count":920,"answer_count":3,"score":0,"last_activity_date":1652149273,"creation_date":1646330119,"last_edit_date":1652149273,"question_id":71341674,"content_license":"CC BY-SA 4.0","link":"https://stackoverflow.com/questions/71341674/how-to-have-cypress-go-through-every-page-on-site-to-see-if-there-are-any-consol","title":"How to have Cypress go through every page on site to see if there are any console errors and if so, make it known to the user running the test"},{"tags":["java","json-deserialization","micronaut"],"owner":{"account_id":2382025,"reputation":145,"user_id":2083850,"user_type":"registered","profile_image":"https://i.stack.imgur.com/wS9b5.jpg?s=256&g=1","display_name":"Dennis","link":"https://stackoverflow.com/users/2083850/dennis"},"is_answered":true,"view_count":1933,"accepted_answer_id":71342055,"answer_count":1,"score":2,"last_activity_date":1646376142,"creation_date":1646330115,"question_id":71341672,"content_license":"CC BY-SA 4.0","link":"https://stackoverflow.com/questions/71341672/micronaut-declarative-http-client-json-serialization-wraps-http-post-object","title":"Micronaut, declarative Http-Client, JSON serialization wraps HTTP Post object"},{"tags":["node.js","amazon-web-services","aws-lambda","amazon-lex"],"owner":{"account_id":18072335,"reputation":173,"user_id":13136664,"user_type":"registered","profile_image":"https://www.gravatar.com/avatar/05cd28037d8e053d70bfe70d8576c716?s=256&d=identicon&r=PG&f=y&so-version=2","display_name":"PRR","link":"https://stackoverflow.com/users/13136664/prr"},"is_answered":false,"view_count":1010,"answer_count":1,"score":0,"last_activity_date":1658506095,"creation_date":1646330034,"last_edit_date":1646339711,"question_id":71341656,"content_license":"CC BY-SA 4.0","link":"https://stackoverflow.com/questions/71341656/amazon-lex-v2-lambda-not-progressing-to-next-slot","title":"Amazon Lex V2 Lambda not progressing to next slot"},{"tags":["java","spring-boot","javafx","jpackage"],"owner":{"account_id":21114031,"reputation":27,"user_id":15521452,"user_type":"registered","profile_image":"https://www.gravatar.com/avatar/e460d7de20334b86cb607bab57fb6b06?s=256&d=identicon&r=PG&f=y&so-version=2","display_name":"Addm1X","link":"https://stackoverflow.com/users/15521452/addm1x"},"is_answered":true,"view_count":868,"accepted_answer_id":71343793,"answer_count":1,"score":0,"last_activity_date":1646384583,"creation_date":1646330021,"last_edit_date":1646378402,"question_id":71341654,"content_license":"CC BY-SA 4.0","link":"https://stackoverflow.com/questions/71341654/how-to-package-javafx-spring-boot-application-via-jpackage-correctly","title":"How to package JavaFX + Spring Boot application via jpackage correctly?"},{"tags":["python","sql","sqlalchemy"],"owner":{"account_id":18522216,"reputation":365,"user_id":13494917,"user_type":"registered","profile_image":"https://www.gravatar.com/avatar/4a59caa5e4333c986d5c33d558b79e39?s=256&d=identicon&r=PG&f=y&so-version=2","display_name":"BlakeB9","link":"https://stackoverflow.com/users/13494917/blakeb9"},"is_answered":false,"view_count":259,"closed_date":1664722537,"answer_count":0,"score":1,"last_activity_date":1646330021,"creation_date":1646330021,"question_id":71341653,"link":"https://stackoverflow.com/questions/71341653/how-to-execute-a-query-with-sql-alchemy-and-store-the-result-into-a-variable-typ","closed_reason":"Duplicate","title":"How to execute a query with SQL Alchemy and store the result into a variable type int"},{"tags":["python","discord.py","pycord"],"owner":{"account_id":24443224,"reputation":11,"user_id":18366603,"user_type":"registered","profile_image":"https://i.stack.imgur.com/QurBe.png?s=256&g=1","display_name":"Orbitix","link":"https://stackoverflow.com/users/18366603/orbitix"},"is_answered":false,"view_count":686,"answer_count":1,"score":1,"last_activity_date":1647419513,"creation_date":1646330015,"last_edit_date":1647419513,"question_id":71341650,"content_license":"CC BY-SA 4.0","link":"https://stackoverflow.com/questions/71341650/py-cord-why-does-bot-add-command-not-work-when-using-discord-bot","title":"(py-cord) Why does `bot.add_command` not work when using `discord.Bot()`?"},{"tags":["c#"],"owner":{"account_id":4361694,"reputation":1790,"user_id":3558639,"user_type":"registered","accept_rate":50,"profile_image":"https://www.gravatar.com/avatar/d248d67a46bd2489a4b9d2d15e6dac21?s=256&d=identicon&r=PG&f=y&so-version=2","display_name":"Dev","link":"https://stackoverflow.com/users/3558639/dev"},"is_answered":true,"view_count":117,"answer_count":1,"score":0,"last_activity_date":1646330593,"creation_date":1646329983,"last_edit_date":1646330150,"question_id":71341645,"content_license":"CC BY-SA 4.0","link":"https://stackoverflow.com/questions/71341645/how-to-override-a-function-in-net-4-7-2-c-7-3","title":"How to override a function in .NET 4.7.2 C# 7.3"},{"tags":["python","string"],"owner":{"account_id":16246615,"reputation":125,"user_id":11731581,"user_type":"registered","profile_image":"https://i.stack.imgur.com/4B4v1.jpg?s=256&g=1","display_name":"Donoru","link":"https://stackoverflow.com/users/11731581/donoru"},"is_answered":true,"view_count":294,"answer_count":1,"score":1,"last_activity_date":1648734414,"creation_date":1646329969,"question_id":71341642,"content_license":"CC BY-SA 4.0","link":"https://stackoverflow.com/questions/71341642/check-of-instances-of-character-in-string-against-how-many-have-already-been-c","title":"Check # of instances of character in string against how many have already been checked"},{"tags":["google-cloud-functions","firebase-storage","angularfire2"],"owner":{"user_type":"does_not_exist","display_name":"user17884417"},"is_answered":false,"view_count":295,"answer_count":1,"score":2,"last_activity_date":1667464867,"creation_date":1646329962,"question_id":71341641,"content_license":"CC BY-SA 4.0","link":"https://stackoverflow.com/questions/71341641/how-to-wait-for-firebase-cloud-function-to-complete-before-calling-next-function","title":"How to wait for firebase cloud function to complete before calling next function? (AngularFire)"},{"tags":["javascript"],"owner":{"account_id":21540407,"reputation":19,"user_id":15878256,"user_type":"registered","profile_image":"https://lh3.googleusercontent.com/a-/AOh14Gg8atWyxGlEu90RHO13wAwBJjOzcG3UdAhQJw4xzg=k-s256","display_name":"Baran","link":"https://stackoverflow.com/users/15878256/baran"},"is_answered":true,"view_count":47,"accepted_answer_id":71341671,"answer_count":1,"score":0,"last_activity_date":1646330113,"creation_date":1646329950,"question_id":71341638,"content_license":"CC BY-SA 4.0","link":"https://stackoverflow.com/questions/71341638/timeout-problem-find-the-rank-of-the-player-with-given-array-of-scores","title":"Timeout problem | Find the rank of the player with given array of scores"},{"tags":["python","discord.py","pycord"],"owner":{"account_id":19885934,"reputation":133,"user_id":14568913,"user_type":"registered","profile_image":"https://i.stack.imgur.com/H9OiS.png?s=256&g=1","display_name":"WilliamD47","link":"https://stackoverflow.com/users/14568913/williamd47"},"is_answered":false,"view_count":1269,"answer_count":1,"score":1,"last_activity_date":1646334385,"creation_date":1646329924,"last_edit_date":1646331254,"question_id":71341635,"content_license":"CC BY-SA 4.0","link":"https://stackoverflow.com/questions/71341635/pycord-discord-py-getting-403-forbidden-error-50001-missing-access-even-though-i","title":"PyCord/Discord.py getting 403 forbidden error 50001 Missing Access even though I have all Intents &amp; Permissions"},{"tags":["flutter","sqflite"],"owner":{"account_id":24311768,"reputation":153,"user_id":18253653,"user_type":"registered","profile_image":"https://i.stack.imgur.com/nQtIY.jpg?s=256&g=1","display_name":"Suretion","link":"https://stackoverflow.com/users/18253653/suretion"},"is_answered":true,"view_count":111,"accepted_answer_id":71440742,"answer_count":1,"score":0,"last_activity_date":1647011879,"creation_date":1646329920,"last_edit_date":1646403173,"question_id":71341633,"content_license":"CC BY-SA 4.0","link":"https://stackoverflow.com/questions/71341633/instant-update-of-sqflite-db-when-using-future-methods-in-flutter","title":"Instant update of SQflite db when using Future methods in flutter"},{"tags":["javascript","html"],"owner":{"account_id":11413468,"reputation":195,"user_id":8366902,"user_type":"registered","profile_image":"https://www.gravatar.com/avatar/b3ea38692c0d94082e701c8cdd0e250b?s=256&d=identicon&r=PG&f=y&so-version=2","display_name":"Xelonovia","link":"https://stackoverflow.com/users/8366902/xelonovia"},"is_answered":false,"view_count":112,"answer_count":1,"score":0,"last_activity_date":1646330376,"creation_date":1646329918,"question_id":71341632,"content_license":"CC BY-SA 4.0","link":"https://stackoverflow.com/questions/71341632/how-to-display-html-tags-and-copy-it-as-plain-text-with-javascript","title":"How to display HTML tags and copy it as plain text with Javascript"},{"tags":["python","dictionary"],"owner":{"account_id":11252036,"reputation":853,"user_id":8283047,"user_type":"registered","accept_rate":100,"profile_image":"https://www.gravatar.com/avatar/dd3bc01285d60c92eca34f0c150af8d8?s=256&d=identicon&r=PG&f=y&so-version=2","display_name":"Sjoseph","link":"https://stackoverflow.com/users/8283047/sjoseph"},"is_answered":true,"view_count":461,"accepted_answer_id":71341667,"answer_count":3,"score":1,"last_activity_date":1646656096,"creation_date":1646329846,"last_edit_date":1646331308,"question_id":71341616,"content_license":"CC BY-SA 4.0","link":"https://stackoverflow.com/questions/71341616/how-to-create-a-nested-dictionary-in-python-with-6-lists","title":"How to create a nested dictionary in python with 6 lists"},{"tags":["python","file","generator"],"owner":{"account_id":17854908,"reputation":53,"user_id":12969777,"user_type":"registered","profile_image":"https://www.gravatar.com/avatar/45c87795cf4dbedec544cabbf44526ff?s=256&d=identicon&r=PG&f=y&so-version=2","display_name":"user12969777","link":"https://stackoverflow.com/users/12969777/user12969777"},"is_answered":false,"view_count":409,"answer_count":1,"score":2,"last_activity_date":1646333809,"creation_date":1646329836,"last_edit_date":1646330196,"question_id":71341613,"content_license":"CC BY-SA 4.0","link":"https://stackoverflow.com/questions/71341613/splitting-a-large-file-into-multiple-other-smaller-files-using-a-generator","title":"Splitting a large file into multiple other smaller files using a generator"},{"tags":["python","intersection"],"owner":{"account_id":24244259,"reputation":41,"user_id":18196233,"user_type":"registered","profile_image":"https://www.gravatar.com/avatar/ac30882f314aa69673055aae4a410d0b?s=256&d=identicon&r=PG","display_name":"st040506","link":"https://stackoverflow.com/users/18196233/st040506"},"is_answered":true,"view_count":335,"accepted_answer_id":71341970,"answer_count":2,"score":2,"last_activity_date":1646331770,"creation_date":1646329827,"last_edit_date":1646331036,"question_id":71341610,"content_license":"CC BY-SA 4.0","link":"https://stackoverflow.com/questions/71341610/how-to-find-the-intersection-of-list-of-intervals","title":"How to find the intersection of list of intervals?"}],"has_more":true,"quota_max":300,"quota_remaining":224}