{"items":[{"tags":["r","for-loop","iteration","tidyverse"],"owner":{"account_id":19120681,"reputation":63,"user_id":13964707,"user_type":"registered","profile_image":"https://www.gravatar.com/avatar/e20df16725b5982994a4465214e27995?s=256&d=identicon&r=PG&f=y&so-version=2","display_name":"bee","link":"https://stackoverflow.com/users/13964707/bee"},"is_answered":true,"view_count":111,"accepted_answer_id":70945704,"answer_count":2,"score":0,"last_activity_date":1643740296,"creation_date":1643738365,"question_id":70945326,"content_license":"CC BY-SA 4.0","link":"https://stackoverflow.com/questions/70945326/how-do-i-iterate-over-time-for-different-ids-in-r","title":"How do I iterate over time for different IDs in R?"},{"tags":["arrays","swift","sorting"],"owner":{"account_id":10133805,"reputation":2464,"user_id":7486140,"user_type":"registered","accept_rate":47,"profile_image":"https://i.stack.imgur.com/Pq9XK.jpg?s=256&g=1","display_name":"KevinB","link":"https://stackoverflow.com/users/7486140/kevinb"},"is_answered":true,"view_count":227,"accepted_answer_id":70947342,"answer_count":2,"score":-1,"last_activity_date":1643830633,"creation_date":1643738362,"last_edit_date":1643745298,"question_id":70945324,"content_license":"CC BY-SA 4.0","link":"https://stackoverflow.com/questions/70945324/rank-an-array-of-objects-in-swift-efficiently","title":"Rank an array of objects in Swift efficiently"},{"tags":["python","kivy"],"owner":{"account_id":23827496,"reputation":3,"user_id":17834307,"user_type":"registered","profile_image":"https://lh3.googleusercontent.com/a-/AOh14Ggd4DbvH6FdUIGr9NhcofrViP5qXD0RMQrnLT8oxg=k-s256","display_name":"BluxDev","link":"https://stackoverflow.com/users/17834307/bluxdev"},"is_answered":false,"view_count":200,"answer_count":1,"score":0,"last_activity_date":1643866958,"creation_date":1643738354,"question_id":70945323,"content_license":"CC BY-SA 4.0","link":"https://stackoverflow.com/questions/70945323/how-to-appear-a-button-when-we-click-on-another-button-kivy","title":"How to appear a button when we click on another button kivy"},{"tags":["azure","search"],"owner":{"account_id":15617442,"reputation":121,"user_id":11267281,"user_type":"registered","profile_image":"https://lh5.googleusercontent.com/-qr6OsiTELA4/AAAAAAAAAAI/AAAAAAAAAAA/ACHi3reXZ3zwdLVdyMdxNWWtK_mTZjCiYg/mo/photo.jpg?sz=256","display_name":"Mauro Minella","link":"https://stackoverflow.com/users/11267281/mauro-minella"},"is_answered":false,"view_count":234,"answer_count":3,"score":0,"last_activity_date":1643757250,"creation_date":1643738343,"question_id":70945321,"content_license":"CC BY-SA 4.0","link":"https://stackoverflow.com/questions/70945321/azure-search-how-to-find-a-substring-in-a-text-field","title":"Azure Search how to find a substring in a text field"},{"tags":["java","scala","macros","scala-macros","scala-3"],"owner":{"account_id":4248689,"reputation":171,"user_id":3476509,"user_type":"registered","profile_image":"https://www.gravatar.com/avatar/b461d77a2625402f779da8735cfbc185?s=256&d=identicon&r=PG&f=y&so-version=2","display_name":"user3476509","link":"https://stackoverflow.com/users/3476509/user3476509"},"is_answered":true,"view_count":1424,"answer_count":1,"score":5,"last_activity_date":1667149981,"creation_date":1643738338,"question_id":70945320,"content_license":"CC BY-SA 4.0","link":"https://stackoverflow.com/questions/70945320/how-to-compile-and-execute-scala-code-at-run-time-in-scala3","title":"How to compile and execute scala code at run-time in Scala3?"},{"tags":["r","performance","data.table","stringr"],"owner":{"account_id":6160484,"reputation":1007,"user_id":4802251,"user_type":"registered","accept_rate":83,"profile_image":"https://www.gravatar.com/avatar/0cbcec8c6321402536478c6f88240682?s=256&d=identicon&r=PG&f=y&so-version=2","display_name":"Amy M","link":"https://stackoverflow.com/users/4802251/amy-m"},"is_answered":true,"view_count":281,"accepted_answer_id":70946492,"answer_count":2,"score":0,"last_activity_date":1644829570,"creation_date":1643738320,"last_edit_date":1643751064,"question_id":70945318,"content_license":"CC BY-SA 4.0","link":"https://stackoverflow.com/questions/70945318/r-large-data-table-why-is-extracting-a-word-with-regex-faster-than-stringrword","title":"r large data.table why is extracting a word with regex faster than stringr::word?"},{"tags":["javascript","node.js","node-modules"],"owner":{"account_id":21978704,"reputation":772,"user_id":16254113,"user_type":"registered","profile_image":"https://i.stack.imgur.com/gRKOl.jpg?s=256&g=1","display_name":"sarangkkl","link":"https://stackoverflow.com/users/16254113/sarangkkl"},"is_answered":false,"view_count":20,"answer_count":0,"score":1,"last_activity_date":1643738319,"creation_date":1643738319,"question_id":70945317,"content_license":"CC BY-SA 4.0","link":"https://stackoverflow.com/questions/70945317/how-to-split-acroos-the-string-where-neither-index-nor-particular-keyword-is-spe","title":"how to split acroos the string where neither index nor particular keyword is specfied"},{"tags":["r","string","variables","numeric"],"owner":{"account_id":23966415,"reputation":7,"user_id":17955847,"user_type":"registered","profile_image":"https://www.gravatar.com/avatar/8bea21adbb32a93eb3a9e603eab18050?s=256&d=identicon&r=PG","display_name":"NewRobot30","link":"https://stackoverflow.com/users/17955847/newrobot30"},"is_answered":true,"view_count":141,"accepted_answer_id":70949420,"answer_count":1,"score":0,"last_activity_date":1643824023,"creation_date":1643738315,"last_edit_date":1643739133,"question_id":70945316,"content_license":"CC BY-SA 4.0","link":"https://stackoverflow.com/questions/70945316/content-of-variable-in-string-variable-r-studio","title":"content of variable in string variable R studio"},{"tags":["node.js","amazon-web-services","aws-lambda","aws-lambda-layers"],"owner":{"account_id":9985156,"reputation":3190,"user_id":7386637,"user_type":"registered","accept_rate":83,"profile_image":"https://www.gravatar.com/avatar/fb225d527076340dbd77b85c05b39fb7?s=256&d=identicon&r=PG&f=y&so-version=2","display_name":"rpivovar","link":"https://stackoverflow.com/users/7386637/rpivovar"},"is_answered":false,"view_count":1529,"answer_count":0,"score":0,"last_activity_date":1643738292,"creation_date":1643738292,"question_id":70945309,"content_license":"CC BY-SA 4.0","link":"https://stackoverflow.com/questions/70945309/setting-process-env-environment-variables-in-lambda-wrapper-script-do-not-show-u","title":"Setting process.env environment variables in Lambda wrapper script do not show up in Lambda handler"},{"tags":["c#",".net","wpf","xaml"],"owner":{"account_id":2884344,"reputation":1285,"user_id":2474581,"user_type":"registered","accept_rate":90,"profile_image":"https://i.stack.imgur.com/4jZ67.jpg?s=256&g=1","display_name":"Kustekj&#233; Meklootn","link":"https://stackoverflow.com/users/2474581/kustekj%c3%a9-meklootn"},"is_answered":false,"view_count":82,"answer_count":0,"score":0,"last_activity_date":1643741441,"creation_date":1643738284,"last_edit_date":1643741441,"question_id":70945307,"content_license":"CC BY-SA 4.0","link":"https://stackoverflow.com/questions/70945307/add-event-handlers-to-each-listviewitem-in-wpf","title":"Add event handlers to each ListViewItem in WPF"},{"tags":["linux","azure-devops","sh"],"owner":{"account_id":16031034,"reputation":665,"user_id":11569951,"user_type":"registered","profile_image":"https://www.gravatar.com/avatar/c4685a2660b91f18644ea51c05c0bd6e?s=256&d=identicon&r=PG&f=y&so-version=2","display_name":"wonderfulworldwithcharity","link":"https://stackoverflow.com/users/11569951/wonderfulworldwithcharity"},"is_answered":false,"view_count":590,"answer_count":0,"score":1,"last_activity_date":1643740048,"creation_date":1643738280,"last_edit_date":1643740048,"question_id":70945304,"content_license":"CC BY-SA 4.0","link":"https://stackoverflow.com/questions/70945304/how-to-convert-a-sh-file-from-crlf-to-lf-in-linux","title":"how to convert a .sh file from CRLF to LF in linux"},{"tags":["python","python-3.7"],"owner":{"account_id":7829178,"reputation":69,"user_id":5919866,"user_type":"registered","profile_image":"https://www.gravatar.com/avatar/db1e74b2239abe55c842fab6a5f41de2?s=256&d=identicon&r=PG&f=y&so-version=2","display_name":"user5919866","link":"https://stackoverflow.com/users/5919866/user5919866"},"is_answered":false,"view_count":46,"answer_count":0,"score":0,"last_activity_date":1643738278,"creation_date":1643738278,"question_id":70945303,"content_license":"CC BY-SA 4.0","link":"https://stackoverflow.com/questions/70945303/utf-8-codec-error-when-assigning-uncompressed-gzip-file-from-url-to-string-varia","title":"UTF-8 Codec Error When Assigning Uncompressed GZip File from URL to String Variable"},{"tags":["java","postgresql","spring-boot","docker"],"owner":{"account_id":18458978,"reputation":1,"user_id":13660634,"user_type":"registered","profile_image":"https://www.gravatar.com/avatar/bbbd48372927787fd3a3f553d441c1ce?s=256&d=identicon&r=PG&f=y&so-version=2","display_name":"bot","link":"https://stackoverflow.com/users/13660634/bot"},"is_answered":false,"view_count":1110,"answer_count":1,"score":0,"last_activity_date":1643739483,"creation_date":1643738274,"question_id":70945302,"content_license":"CC BY-SA 4.0","link":"https://stackoverflow.com/questions/70945302/cant-connect-to-database-from-springboot-app-password-authentication-failed-for","title":"Cant connect to database from springboot app: password authentication failed for user &quot;user&quot;"},{"tags":["docker","cross-compiling"],"owner":{"account_id":1182398,"reputation":1222,"user_id":1157045,"user_type":"registered","accept_rate":90,"profile_image":"https://i.stack.imgur.com/7K8WL.png?s=256&g=1","display_name":"tly","link":"https://stackoverflow.com/users/1157045/tly"},"is_answered":false,"view_count":816,"answer_count":1,"score":0,"last_activity_date":1643760187,"creation_date":1643738261,"question_id":70945299,"content_license":"CC BY-SA 4.0","link":"https://stackoverflow.com/questions/70945299/run-x64-executable-in-emulated-arm-docker","title":"run x64 executable in emulated arm docker"},{"tags":["r","matrix","apply"],"owner":{"account_id":18937256,"reputation":274,"user_id":13818062,"user_type":"registered","profile_image":"https://www.gravatar.com/avatar/14faaf2e4cb63b768fcf576f4524d226?s=256&d=identicon&r=PG&f=y&so-version=2","display_name":"antekkalafior","link":"https://stackoverflow.com/users/13818062/antekkalafior"},"is_answered":true,"view_count":1626,"accepted_answer_id":70945590,"answer_count":2,"score":1,"last_activity_date":1643742278,"creation_date":1643738258,"last_edit_date":1643739643,"question_id":70945298,"content_license":"CC BY-SA 4.0","link":"https://stackoverflow.com/questions/70945298/counting-number-of-occurences-in-matrix","title":"Counting number of occurences in matrix"},{"tags":["entity-framework-core","xaf"],"owner":{"account_id":556598,"reputation":16320,"user_id":1592821,"user_type":"registered","accept_rate":74,"profile_image":"https://www.gravatar.com/avatar/683f82a14ba9c318ef99ca8268826422?s=256&d=identicon&r=PG","display_name":"Kirsten","link":"https://stackoverflow.com/users/1592821/kirsten"},"is_answered":true,"view_count":401,"accepted_answer_id":70950369,"answer_count":1,"score":0,"last_activity_date":1643778654,"creation_date":1643738229,"last_edit_date":1643767336,"question_id":70945295,"content_license":"CC BY-SA 4.0","link":"https://stackoverflow.com/questions/70945295/is-there-a-way-to-force-id-convention-for-the-column-name-of-a-foreign-key","title":"Is there a way to force _ID convention for the column name of a foreign key?"},{"tags":["c++","qt","treeview"],"owner":{"account_id":234202,"reputation":236,"user_id":500205,"user_type":"registered","profile_image":"https://www.gravatar.com/avatar/59ec10af93c80b961ed1f53faef3bc66?s=256&d=identicon&r=PG","display_name":"FumbleFingers","link":"https://stackoverflow.com/users/500205/fumblefingers"},"is_answered":true,"view_count":330,"answer_count":1,"score":0,"last_activity_date":1643803810,"creation_date":1643738227,"last_edit_date":1643803810,"question_id":70945294,"content_license":"CC BY-SA 4.0","link":"https://stackoverflow.com/questions/70945294/qtreeview-scroll-to-current-row-after-sort","title":"QTreeView scroll to current row after sort"},{"tags":["vb.net"],"owner":{"account_id":24105166,"reputation":1,"user_id":18076473,"user_type":"registered","profile_image":"https://www.gravatar.com/avatar/c02fd6028e8b15034d2333652c03a95b?s=256&d=identicon&r=PG","display_name":"EvanGSD","link":"https://stackoverflow.com/users/18076473/evangsd"},"is_answered":false,"view_count":69,"answer_count":0,"score":0,"last_activity_date":1643740105,"creation_date":1643738201,"last_edit_date":1643740105,"question_id":70945292,"content_license":"CC BY-SA 4.0","link":"https://stackoverflow.com/questions/70945292/how-do-i-get-data-from-a-textbox-that-is-made-during-the-runtime-of-the-program","title":"How do i get data from a textbox that is made during the runtime of the program?"},{"tags":["python","discord","discord.py"],"owner":{"account_id":20820644,"reputation":11,"user_id":15292383,"user_type":"registered","profile_image":"https://www.gravatar.com/avatar/03d12b24fc2a044cceaac73c9dd527dd?s=256&d=identicon&r=PG&f=y&so-version=2","display_name":"rocks2260","link":"https://stackoverflow.com/users/15292383/rocks2260"},"is_answered":false,"view_count":259,"answer_count":1,"score":0,"last_activity_date":1643835869,"creation_date":1643738183,"question_id":70945287,"content_license":"CC BY-SA 4.0","link":"https://stackoverflow.com/questions/70945287/attribute-error-command-object-has-no-attribute-role","title":"Attribute error &quot;command&quot; object has no attribute &quot;role&quot;"},{"tags":["python"],"owner":{"account_id":21440895,"reputation":1,"user_id":15795477,"user_type":"registered","profile_image":"https://www.gravatar.com/avatar/65a955e7647032cf3bee223fdbf55114?s=256&d=identicon&r=PG&f=y&so-version=2","display_name":"LIDANIT","link":"https://stackoverflow.com/users/15795477/lidanit"},"is_answered":false,"view_count":10,"closed_date":1643738309,"answer_count":0,"score":0,"last_activity_date":1643738271,"creation_date":1643738171,"last_edit_date":1643738271,"question_id":70945284,"link":"https://stackoverflow.com/questions/70945284/game-sapper-placement-of-bombs","closed_reason":"Duplicate","title":"Game &#39;sapper&#39;, placement of bombs"},{"tags":["python","selenium","xpath","iframe","css-selectors"],"owner":{"account_id":23004434,"reputation":69,"user_id":17127958,"user_type":"registered","profile_image":"https://lh3.googleusercontent.com/a/AATXAJz-UvTI4mjlfOpVjf_tll4HYkDmwAqwQrCRvzRTOg=k-s256","display_name":"Frederico Barbosa","link":"https://stackoverflow.com/users/17127958/frederico-barbosa"},"is_answered":true,"view_count":6238,"accepted_answer_id":70945559,"answer_count":1,"score":3,"last_activity_date":1643743337,"creation_date":1643738156,"last_edit_date":1643743337,"question_id":70945278,"content_license":"CC BY-SA 4.0","link":"https://stackoverflow.com/questions/70945278/how-to-locate-and-click-on-the-recaptcha-checkbox-using-selenium-and-python","title":"How to locate and click on the recaptcha checkbox using Selenium and Python"},{"tags":["apache",".htaccess","mod-rewrite"],"owner":{"account_id":20453608,"reputation":21,"user_id":15007811,"user_type":"registered","profile_image":"https://www.gravatar.com/avatar/826f6b66d9108afda2f24abc5d0c64bd?s=256&d=identicon&r=PG&f=y&so-version=2","display_name":"serginisto","link":"https://stackoverflow.com/users/15007811/serginisto"},"is_answered":true,"view_count":422,"accepted_answer_id":70949441,"answer_count":1,"score":-1,"last_activity_date":1643763469,"creation_date":1643738146,"last_edit_date":1643763469,"question_id":70945275,"content_license":"CC BY-SA 4.0","link":"https://stackoverflow.com/questions/70945275/convert-query-parameters-to-pretty-url","title":"Convert Query Parameters to Pretty URL"},{"tags":["html","python-3.x","django"],"owner":{"account_id":12927489,"reputation":99,"user_id":11302178,"user_type":"registered","profile_image":"https://www.gravatar.com/avatar/b9cf4ff9a7420f0c6b6b9c75833361a7?s=256&d=identicon&r=PG&f=y&so-version=2","display_name":"jvanheijzen","link":"https://stackoverflow.com/users/11302178/jvanheijzen"},"is_answered":true,"view_count":80,"accepted_answer_id":70945526,"answer_count":1,"score":0,"last_activity_date":1644138798,"creation_date":1643738142,"last_edit_date":1643818750,"question_id":70945273,"content_license":"CC BY-SA 4.0","link":"https://stackoverflow.com/questions/70945273/selectively-escape-strings-in-html-using-python-django","title":"Selectively escape strings in html using python/django"},{"tags":["prometheus","grafana","prometheus-node-exporter"],"owner":{"account_id":11897859,"reputation":35,"user_id":8706687,"user_type":"registered","profile_image":"https://www.gravatar.com/avatar/1009cfebd1c5d7e0e74b027492faad8c?s=256&d=identicon&r=PG&f=y&so-version=2","display_name":"bhagat singh","link":"https://stackoverflow.com/users/8706687/bhagat-singh"},"is_answered":false,"view_count":432,"answer_count":0,"score":1,"last_activity_date":1643738131,"creation_date":1643738131,"question_id":70945270,"content_license":"CC BY-SA 4.0","link":"https://stackoverflow.com/questions/70945270/showing-multiple-promethese-metrics-within-one-graph-of-grafana-node-exporter","title":"showing multiple promethese metrics within one graph of grafana node-exporter"},{"tags":["powershell"],"owner":{"account_id":22816191,"reputation":1,"user_id":16966764,"user_type":"registered","profile_image":"https://i.stack.imgur.com/RUhnX.jpg?s=256&g=1","display_name":"Kumar Kalyan","link":"https://stackoverflow.com/users/16966764/kumar-kalyan"},"is_answered":true,"view_count":69,"closed_date":1643749514,"answer_count":1,"score":0,"last_activity_date":1643739949,"creation_date":1643738120,"last_edit_date":1643739949,"question_id":70945265,"link":"https://stackoverflow.com/questions/70945265/how-to-configure-scripts-in-windows-powershell","closed_reason":"Duplicate","title":"How to configure scripts in Windows Powershell"},{"tags":["java","list","sorting","2d"],"owner":{"account_id":24124481,"reputation":1,"user_id":18093052,"user_type":"registered","profile_image":"https://www.gravatar.com/avatar/df9723b69f8fc459215f61f1c2ab9d3d?s=256&d=identicon&r=PG","display_name":"Qazzablanca","link":"https://stackoverflow.com/users/18093052/qazzablanca"},"is_answered":false,"view_count":124,"answer_count":3,"score":-2,"last_activity_date":1644073574,"creation_date":1643738094,"last_edit_date":1644073574,"question_id":70945257,"content_license":"CC BY-SA 4.0","link":"https://stackoverflow.com/questions/70945257/sorting-a-2d-list-containing-both-strings-and-integers-sort-by-integers-asc-how","title":"Sorting a 2D List containing both Strings and Integers, sort by integers asc how do i do? (JAVA)"},{"tags":["python","pythoninterpreter"],"owner":{"account_id":23812185,"reputation":69,"user_id":17820864,"user_type":"registered","profile_image":"https://i.stack.imgur.com/9wmWR.png?s=256&g=1","display_name":"Jirafey","link":"https://stackoverflow.com/users/17820864/jirafey"},"is_answered":true,"view_count":395,"accepted_answer_id":70945356,"answer_count":2,"score":0,"last_activity_date":1643738511,"creation_date":1643738074,"last_edit_date":1643738299,"question_id":70945253,"content_license":"CC BY-SA 4.0","link":"https://stackoverflow.com/questions/70945253/return-does-not-output-any-value-however-print-does-python-interpreter-proble","title":"Return does not output any value, however, print does. Python interpreter problem?"},{"tags":["kubernetes"],"owner":{"account_id":2373429,"reputation":5547,"user_id":2077479,"user_type":"registered","accept_rate":44,"profile_image":"https://i.stack.imgur.com/0Wh1v.png?s=256&g=1","display_name":"Jongz Puangput","link":"https://stackoverflow.com/users/2077479/jongz-puangput"},"is_answered":true,"view_count":336,"accepted_answer_id":70949672,"answer_count":1,"score":0,"last_activity_date":1643765948,"creation_date":1643738070,"last_edit_date":1643739209,"question_id":70945252,"content_license":"CC BY-SA 4.0","link":"https://stackoverflow.com/questions/70945252/k8s-service-account-unable-to-get-storageclasses","title":"K8S Service account unable to get storageclasses"},{"tags":["python"],"owner":{"account_id":24124354,"reputation":3,"user_id":18092944,"user_type":"registered","profile_image":"https://www.gravatar.com/avatar/d730a4272605739c3e052bc8a3c8a40f?s=256&d=identicon&r=PG&f=y&so-version=2","display_name":"CB Mantra","link":"https://stackoverflow.com/users/18092944/cb-mantra"},"is_answered":true,"view_count":213,"closed_date":1643739747,"accepted_answer_id":70945470,"answer_count":2,"score":0,"last_activity_date":1643739929,"creation_date":1643738064,"last_edit_date":1643739929,"question_id":70945251,"link":"https://stackoverflow.com/questions/70945251/python-get-key-of-the-outer-of-two-nested-dicts-based-on-one-of-the-values-in-t","closed_reason":"Duplicate","title":"Python: Get key of the outer of two nested dicts based on one of the values in the inner dict in one line"},{"tags":["python","time","ntp"],"owner":{"account_id":7557680,"reputation":2854,"user_id":5736633,"user_type":"registered","accept_rate":71,"profile_image":"https://i.stack.imgur.com/rM1Fw.png?s=256&g=1","display_name":"vatbub","link":"https://stackoverflow.com/users/5736633/vatbub"},"is_answered":true,"view_count":1533,"accepted_answer_id":70945485,"answer_count":1,"score":0,"last_activity_date":1643739985,"creation_date":1643738044,"question_id":70945249,"content_license":"CC BY-SA 4.0","link":"https://stackoverflow.com/questions/70945249/convert-ntp-timestamp-to-unix-time","title":"Convert NTP timestamp to Unix time"}],"has_more":true,"quota_max":300,"quota_remaining":173}