{"items":[{"tags":["c#","signalr","task-parallel-library","tpl-dataflow"],"owner":{"account_id":13086736,"reputation":445,"user_id":9455477,"user_type":"registered","profile_image":"https://i.stack.imgur.com/pbin2.png?s=256&g=1","display_name":"mohammed mazin","link":"https://stackoverflow.com/users/9455477/mohammed-mazin"},"is_answered":true,"view_count":253,"accepted_answer_id":71383191,"answer_count":1,"score":2,"last_activity_date":1646678623,"creation_date":1646049590,"last_edit_date":1646678623,"question_id":71294710,"content_license":"CC BY-SA 4.0","link":"https://stackoverflow.com/questions/71294710/c-tpl-dataflow-receiveasync-is-not-completed-but-task-shows-completed","title":"C# TPL Dataflow ReceiveAsync() is not completed but task shows completed"},{"tags":["visual-studio-code","ssh"],"owner":{"account_id":1650511,"reputation":509,"user_id":5381648,"user_type":"registered","accept_rate":100,"profile_image":"https://i.stack.imgur.com/5dZpL.png?s=256&g=1","display_name":"Marcell","link":"https://stackoverflow.com/users/5381648/marcell"},"is_answered":true,"view_count":1051,"accepted_answer_id":71306730,"answer_count":1,"score":4,"last_activity_date":1679730429,"creation_date":1646049585,"question_id":71294709,"content_license":"CC BY-SA 4.0","link":"https://stackoverflow.com/questions/71294709/is-there-a-way-to-access-vscode-workspace-from-desktop-shortcut","title":"Is there a way to access VSCode workspace from desktop shortcut?"},{"tags":["mysql","sql","sql-server"],"owner":{"account_id":17428624,"reputation":77,"user_id":17219942,"user_type":"registered","profile_image":"https://lh3.googleusercontent.com/a-/AAuE7mBoiMmOZ_TeihnQHZvcEcYAv1lAgmPc179VHqlU=k-s256","display_name":"Ashwani Bhardwaj","link":"https://stackoverflow.com/users/17219942/ashwani-bhardwaj"},"is_answered":false,"view_count":75,"answer_count":1,"score":-1,"last_activity_date":1646052302,"creation_date":1646049584,"last_edit_date":1646049705,"question_id":71294708,"content_license":"CC BY-SA 4.0","link":"https://stackoverflow.com/questions/71294708/how-can-i-implement-sql-server-char-calculation-to-my-sql-server","title":"how can I implement sql server char calculation to my sql server?"},{"tags":["r","dataframe","dplyr","replace","match"],"owner":{"account_id":24046422,"reputation":121,"user_id":18025385,"user_type":"registered","profile_image":"https://www.gravatar.com/avatar/901fc7873a589057434537cf3a651f18?s=256&d=identicon&r=PG","display_name":"lu-202","link":"https://stackoverflow.com/users/18025385/lu-202"},"is_answered":true,"view_count":1101,"answer_count":1,"score":0,"last_activity_date":1646050117,"creation_date":1646049570,"question_id":71294705,"content_license":"CC BY-SA 4.0","link":"https://stackoverflow.com/questions/71294705/r-match-and-conditionally-replace-values-in-a-data-frame-specific-column","title":"R - match and conditionally replace values in a data frame specific column"},{"tags":["visual-studio-code","vscode-extensions","vscode-snippets"],"owner":{"account_id":23755492,"reputation":1418,"user_id":17771658,"user_type":"registered","profile_image":"https://www.gravatar.com/avatar/b89c9879020ce78dca656c2bc045a75e?s=256&d=identicon&r=PG","display_name":"S4eed3sm","link":"https://stackoverflow.com/users/17771658/s4eed3sm"},"is_answered":true,"view_count":982,"answer_count":2,"score":2,"last_activity_date":1646068819,"creation_date":1646049548,"last_edit_date":1646052182,"question_id":71294699,"content_license":"CC BY-SA 4.0","link":"https://stackoverflow.com/questions/71294699/inserting-n-nk-number-in-k-lines-in-visual-studio-code","title":"Inserting n,...,n+k number in k lines in visual studio code"},{"tags":["android","firebase","push-notification","firebase-cloud-messaging"],"owner":{"account_id":21695393,"reputation":35,"user_id":16009395,"user_type":"registered","profile_image":"https://i.stack.imgur.com/jnvA3.jpg?s=256&g=1","display_name":"Debendra","link":"https://stackoverflow.com/users/16009395/debendra"},"is_answered":false,"view_count":68,"answer_count":1,"score":0,"last_activity_date":1646061891,"creation_date":1646049538,"last_edit_date":1646061891,"question_id":71294698,"content_license":"CC BY-SA 4.0","link":"https://stackoverflow.com/questions/71294698/android-when-app-is-on-background-i-want-to-pass-a-static-value-1-to-totalroo","title":"Android: When app is on background.I want to pass a static value (1) to TotalRoomActivity activity on notification click?"},{"tags":["android"],"owner":{"account_id":24395133,"reputation":31,"user_id":18324587,"user_type":"registered","profile_image":"https://lh3.googleusercontent.com/a-/AOh14GhuinvlCQO6nJk1BEmqiqaKeBoU3_oiwTiA9B6OFg=k-s256","display_name":"darko tosic","link":"https://stackoverflow.com/users/18324587/darko-tosic"},"is_answered":true,"view_count":6685,"answer_count":1,"score":2,"last_activity_date":1646103754,"creation_date":1646049516,"question_id":71294695,"content_license":"CC BY-SA 4.0","link":"https://stackoverflow.com/questions/71294695/what-i-need-to-fill-in-data-safety-form","title":"What i need to fill in Data safety form?"},{"tags":["javascript","vue.js","vuex"],"owner":{"user_type":"does_not_exist","display_name":"user17546097"},"is_answered":true,"view_count":4747,"accepted_answer_id":71294744,"answer_count":3,"score":1,"last_activity_date":1646196442,"creation_date":1646049505,"question_id":71294692,"content_license":"CC BY-SA 4.0","link":"https://stackoverflow.com/questions/71294692/how-to-fetch-data-from-api-in-vuex","title":"How to fetch data from API in vuex"},{"tags":["python","pandas","dataframe"],"owner":{"account_id":19560136,"reputation":31,"user_id":18211488,"user_type":"registered","profile_image":"https://www.gravatar.com/avatar/2a4e33a89596b391a125e8e9946fa382?s=256&d=identicon&r=PG&f=y&so-version=2","display_name":"new2cod3","link":"https://stackoverflow.com/users/18211488/new2cod3"},"is_answered":false,"view_count":27,"answer_count":1,"score":-1,"last_activity_date":1646051615,"creation_date":1646049470,"last_edit_date":1646051615,"question_id":71294688,"content_license":"CC BY-SA 4.0","link":"https://stackoverflow.com/questions/71294688/boolean-comparison-in-df","title":"Boolean Comparison in df"},{"tags":["neovim","telescope.nvim"],"owner":{"account_id":22583654,"reputation":165,"user_id":16767953,"user_type":"registered","profile_image":"https://i.stack.imgur.com/dHTzf.jpg?s=256&g=1","display_name":"Morph","link":"https://stackoverflow.com/users/16767953/morph"},"is_answered":false,"view_count":2965,"answer_count":2,"score":5,"last_activity_date":1687590529,"creation_date":1646049446,"question_id":71294684,"content_license":"CC BY-SA 4.0","link":"https://stackoverflow.com/questions/71294684/telescope-find-files-finds-garbage-instead-of-wanted-file","title":"Telescope find_files finds garbage instead of wanted file"},{"tags":["arrays","assembly","arm","armv8"],"owner":{"account_id":24404781,"reputation":3,"user_id":18333093,"user_type":"registered","profile_image":"https://www.gravatar.com/avatar/0408fdd6df482f03c6a15e6e366fe6f9?s=256&d=identicon&r=PG&f=y&so-version=2","display_name":"Donnie Rey","link":"https://stackoverflow.com/users/18333093/donnie-rey"},"is_answered":true,"view_count":1382,"accepted_answer_id":71307768,"answer_count":1,"score":0,"last_activity_date":1646153992,"creation_date":1646049444,"last_edit_date":1646127494,"question_id":71294682,"content_license":"CC BY-SA 4.0","link":"https://stackoverflow.com/questions/71294682/how-to-create-an-array-in-armv8-assembly","title":"How to create an array in armv8 assembly?"},{"tags":["angular","typescript","angular11","initializer"],"owner":{"account_id":21088679,"reputation":337,"user_id":15501126,"user_type":"registered","profile_image":"https://lh5.googleusercontent.com/-DkGFWCGVL9I/AAAAAAAAAAI/AAAAAAAAAAA/AMZuucm9AOBI4BDnc5xmEl8ItHkDVELKQg/s96-c/photo.jpg?sz=256","display_name":"Maxim","link":"https://stackoverflow.com/users/15501126/maxim"},"is_answered":true,"view_count":1481,"accepted_answer_id":71295266,"answer_count":1,"score":1,"last_activity_date":1661644891,"creation_date":1646049436,"last_edit_date":1661644891,"question_id":71294680,"content_license":"CC BY-SA 4.0","link":"https://stackoverflow.com/questions/71294680/angular-app-initializer-not-being-called","title":"Angular - app initializer not being called"},{"tags":["rabbitmq","gmail-api"],"owner":{"account_id":13927974,"reputation":13,"user_id":10056787,"user_type":"registered","profile_image":"https://lh5.googleusercontent.com/--VWaDcQfBLk/AAAAAAAAAAI/AAAAAAAAAAA/AAnnY7pt-r8XQfpqdVAfIKv0hqpOHw84Iw/mo/photo.jpg?sz=256","display_name":"Neel Mani","link":"https://stackoverflow.com/users/10056787/neel-mani"},"is_answered":false,"view_count":60,"answer_count":1,"score":1,"last_activity_date":1646222649,"creation_date":1646049433,"last_edit_date":1646205919,"question_id":71294678,"content_license":"CC BY-SA 4.0","link":"https://stackoverflow.com/questions/71294678/how-to-check-free-slots-available-in-rabbitmq-s-queue-for-a-range-of-time-inter","title":"How to check free slots available in RabbitMQ &#39;s queue for a range of time interval?"},{"tags":["class","lua","overriding"],"owner":{"account_id":24404644,"reputation":13,"user_id":18332969,"user_type":"registered","profile_image":"https://www.gravatar.com/avatar/35582ca790b2754ea889add5a68e1498?s=256&d=identicon&r=PG","display_name":"PreludeOfDark","link":"https://stackoverflow.com/users/18332969/preludeofdark"},"is_answered":true,"view_count":73,"accepted_answer_id":71296169,"answer_count":2,"score":1,"last_activity_date":1646058005,"creation_date":1646049433,"question_id":71294677,"content_license":"CC BY-SA 4.0","link":"https://stackoverflow.com/questions/71294677/how-do-i-redirect-all-class-calls-in-lua","title":"How do i redirect all class calls in LUA?"},{"tags":["javascript","jquery","ajax","console"],"owner":{"account_id":23683925,"reputation":11,"user_id":17709143,"user_type":"registered","profile_image":"https://www.gravatar.com/avatar/87ce7825139021c99f7b1d7a06ab9050?s=256&d=identicon&r=PG","display_name":"VladZ","link":"https://stackoverflow.com/users/17709143/vladz"},"is_answered":false,"view_count":121,"answer_count":0,"score":0,"last_activity_date":1646050875,"creation_date":1646049423,"question_id":71294673,"content_license":"CC BY-SA 4.0","link":"https://stackoverflow.com/questions/71294673/how-i-can-calculate-the-sum-of-two-numbers-loaded-from-another-page-in-jquery","title":"How I can calculate the sum of two numbers loaded from another page in jquery?"},{"tags":["sql"],"owner":{"account_id":24404721,"reputation":21,"user_id":18333038,"user_type":"registered","profile_image":"https://www.gravatar.com/avatar/d200e848f8f38404739b454bdfb93c08?s=256&d=identicon&r=PG","display_name":"KeeganMcc","link":"https://stackoverflow.com/users/18333038/keeganmcc"},"is_answered":true,"view_count":247,"accepted_answer_id":71294806,"answer_count":1,"score":0,"last_activity_date":1646058296,"creation_date":1646049409,"last_edit_date":1646053317,"question_id":71294666,"content_license":"CC BY-SA 4.0","link":"https://stackoverflow.com/questions/71294666/how-to-group-by-month-with-days","title":"How to group by month with days"},{"tags":["r","bayesian","jags"],"owner":{"account_id":24403936,"reputation":1,"user_id":18332435,"user_type":"registered","profile_image":"https://www.gravatar.com/avatar/55446f18730367149d5d3578ed16aa01?s=256&d=identicon&r=PG","display_name":"soothe","link":"https://stackoverflow.com/users/18332435/soothe"},"is_answered":false,"view_count":149,"answer_count":0,"score":0,"last_activity_date":1646056350,"creation_date":1646049401,"last_edit_date":1646056350,"question_id":71294665,"content_license":"CC BY-SA 4.0","link":"https://stackoverflow.com/questions/71294665/bayesian-binomial-model","title":"BAYESIAN BINOMIAL MODEL"},{"tags":["microsoft-teams"],"owner":{"account_id":24145213,"reputation":11,"user_id":18110936,"user_type":"registered","profile_image":"https://lh3.googleusercontent.com/a/AATXAJx8oKfIVtfxL3aY4FyETDddOkDut3GAJ9h-4uck=k-s256","display_name":"Nazim Kurtametov","link":"https://stackoverflow.com/users/18110936/nazim-kurtametov"},"is_answered":false,"view_count":113,"answer_count":0,"score":1,"last_activity_date":1646049361,"creation_date":1646049361,"question_id":71294660,"content_license":"CC BY-SA 4.0","link":"https://stackoverflow.com/questions/71294660/ms-teams-task-task-modules-from-bots-failing-with-501-error","title":"MS Teams Task task modules from bots failing with 501 error"},{"tags":["c++","uwp","hololens","cppwinrt"],"owner":{"account_id":22017696,"reputation":11,"user_id":16286951,"user_type":"registered","profile_image":"https://www.gravatar.com/avatar/91aca6c7440c20b6913170f6d800b66d?s=256&d=identicon&r=PG&f=y&so-version=2","display_name":"ts_sinwh","link":"https://stackoverflow.com/users/16286951/ts-sinwh"},"is_answered":true,"view_count":1020,"accepted_answer_id":71331228,"answer_count":1,"score":0,"last_activity_date":1648451837,"creation_date":1646049357,"question_id":71294659,"content_license":"CC BY-SA 4.0","link":"https://stackoverflow.com/questions/71294659/how-to-get-mac-address","title":"How to get mac address"},{"tags":["node.js","amazon-web-services","amazon-sns","aws-sdk-nodejs"],"owner":{"account_id":12735804,"reputation":172,"user_id":9250794,"user_type":"registered","profile_image":"https://lh4.googleusercontent.com/-tsk6KsLd008/AAAAAAAAAAI/AAAAAAAAAD0/lrPuHHYhK1o/photo.jpg?sz=256","display_name":"Jay Sojitra","link":"https://stackoverflow.com/users/9250794/jay-sojitra"},"is_answered":false,"view_count":363,"answer_count":0,"score":1,"last_activity_date":1646049332,"creation_date":1646049332,"question_id":71294656,"content_license":"CC BY-SA 4.0","link":"https://stackoverflow.com/questions/71294656/suddenly-sms-are-not-being-sent-using-aws-sns","title":"Suddenly SMS are not being sent using AWS SNS"},{"tags":["gcc","floating-point","clang","libc","libm"],"owner":{"account_id":4771875,"reputation":199,"user_id":3856370,"user_type":"registered","profile_image":"https://www.gravatar.com/avatar/2707c18139c437dc6e96407a865a04f9?s=256&d=identicon&r=PG&f=y&so-version=2","display_name":"user3856370","link":"https://stackoverflow.com/users/3856370/user3856370"},"is_answered":true,"view_count":505,"accepted_answer_id":71301048,"answer_count":4,"score":4,"last_activity_date":1646141487,"creation_date":1646049315,"last_edit_date":1646062794,"question_id":71294653,"content_license":"CC BY-SA 4.0","link":"https://stackoverflow.com/questions/71294653/floating-point-inconsistencies-after-upgrading-libc-libm","title":"Floating point inconsistencies after upgrading libc/libm"},{"tags":["python","python-3.x","flask","discord.py","quart"],"owner":{"account_id":18164103,"reputation":11,"user_id":13215009,"user_type":"registered","profile_image":"https://lh3.googleusercontent.com/a-/AOh14GhLiE4CTmUBlOHSuIwJ41hr3JEJpbvjxDu2xHVKnjY=k-s256","display_name":"Ace Edith","link":"https://stackoverflow.com/users/13215009/ace-edith"},"is_answered":false,"view_count":404,"answer_count":1,"score":0,"last_activity_date":1661864484,"creation_date":1646049303,"question_id":71294649,"content_license":"CC BY-SA 4.0","link":"https://stackoverflow.com/questions/71294649/running-discord-bot-using-quart-python","title":"Running discord bot using quart python"},{"tags":["javascript","eslint"],"owner":{"account_id":8213792,"reputation":2693,"user_id":6357916,"user_type":"registered","accept_rate":33,"profile_image":"https://www.gravatar.com/avatar/b736d8a9f7aba5d5ad0c0e705d900eb9?s=256&d=identicon&r=PG&f=y&so-version=2","display_name":"MsA","link":"https://stackoverflow.com/users/6357916/msa"},"is_answered":true,"view_count":547,"accepted_answer_id":71295179,"answer_count":1,"score":2,"last_activity_date":1646055506,"creation_date":1646049295,"question_id":71294647,"content_license":"CC BY-SA 4.0","link":"https://stackoverflow.com/questions/71294647/it-might-not-work-since-eslints-version-is-mismatched-with-the-standard-config","title":"It might not work since ESLint&#39;s version is mismatched with the standard config"},{"tags":["pandas","cumsum"],"owner":{"account_id":23685073,"reputation":11,"user_id":17710143,"user_type":"registered","profile_image":"https://lh3.googleusercontent.com/a/AATXAJxvRqdZcoGYmlEGxgA0WPxHuuPONF_MA-UoG0Pz=k-s256","display_name":"איתי איטח","link":"https://stackoverflow.com/users/17710143/%d7%90%d7%99%d7%aa%d7%99-%d7%90%d7%99%d7%98%d7%97"},"is_answered":true,"view_count":169,"answer_count":3,"score":1,"last_activity_date":1646061963,"creation_date":1646049275,"question_id":71294644,"content_license":"CC BY-SA 4.0","link":"https://stackoverflow.com/questions/71294644/rolling-pandas-unique-values-with-same-window-size","title":"Rolling Pandas unique values with same window size"},{"tags":["mongodb","mongoose","aggregation-framework"],"owner":{"account_id":13743229,"reputation":99,"user_id":9917712,"user_type":"registered","profile_image":"https://www.gravatar.com/avatar/a4289763b8d19e1be5db1021118b3944?s=256&d=identicon&r=PG","display_name":"hegazy","link":"https://stackoverflow.com/users/9917712/hegazy"},"is_answered":false,"view_count":75,"answer_count":0,"score":0,"last_activity_date":1646049256,"creation_date":1646049256,"question_id":71294638,"content_license":"CC BY-SA 4.0","link":"https://stackoverflow.com/questions/71294638/mongodb-sort-by-property-in-array-of-objects-documents-with-indexing","title":"MongoDb: sort by property in array of objects/documents with indexing"},{"tags":["javascript","jquery","arrays"],"owner":{"account_id":23666644,"reputation":19,"user_id":17694035,"user_type":"registered","profile_image":"https://graph.facebook.com/739799436978685/picture?type=large","display_name":"Sakops","link":"https://stackoverflow.com/users/17694035/sakops"},"is_answered":false,"view_count":977,"answer_count":2,"score":0,"last_activity_date":1646055746,"creation_date":1646049196,"last_edit_date":1646049329,"question_id":71294628,"content_license":"CC BY-SA 4.0","link":"https://stackoverflow.com/questions/71294628/iterating-through-an-array-by-returning-a-set-of-6-elements-in-jquery-each-loo","title":"Iterating through an array by returning a set of 6 elements in jQuery $.each loop"},{"tags":["python","json","markdown"],"owner":{"account_id":9654210,"reputation":973,"user_id":7164358,"user_type":"registered","accept_rate":73,"profile_image":"https://i.stack.imgur.com/zORDx.jpg?s=256&g=1","display_name":"Petter &#214;stergren","link":"https://stackoverflow.com/users/7164358/petter-%c3%96stergren"},"is_answered":true,"view_count":6114,"accepted_answer_id":71294861,"answer_count":4,"score":6,"last_activity_date":1657816375,"creation_date":1646049165,"last_edit_date":1646064859,"question_id":71294619,"content_license":"CC BY-SA 4.0","link":"https://stackoverflow.com/questions/71294619/json-to-markdown-table-formatting","title":"JSON to Markdown table formatting"},{"tags":["flutter","date","datetime","datetime-format","weekday"],"owner":{"account_id":12965060,"reputation":2411,"user_id":9372923,"user_type":"registered","profile_image":"https://graph.facebook.com/1313708952062448/picture?type=large","display_name":"MohammedAli","link":"https://stackoverflow.com/users/9372923/mohammedali"},"is_answered":true,"view_count":3233,"accepted_answer_id":71295030,"answer_count":1,"score":3,"last_activity_date":1648116755,"creation_date":1646049162,"last_edit_date":1648116755,"question_id":71294618,"content_license":"CC BY-SA 4.0","link":"https://stackoverflow.com/questions/71294618/how-to-get-all-dates-and-weekdays-in-current-month-in-flutter","title":"How to get all dates and weekdays in current month in flutter"},{"tags":["node.js","powershell","npm","npm-install"],"owner":{"account_id":21805519,"reputation":330,"user_id":16103775,"user_type":"registered","profile_image":"https://i.stack.imgur.com/IRhoR.png?s=256&g=1","display_name":"Plantt","link":"https://stackoverflow.com/users/16103775/plantt"},"is_answered":true,"view_count":318,"accepted_answer_id":71295567,"answer_count":2,"score":0,"last_activity_date":1676629401,"creation_date":1646049135,"question_id":71294612,"content_license":"CC BY-SA 4.0","link":"https://stackoverflow.com/questions/71294612/how-to-install-back-the-npm-module-in-node-js","title":"How to install back the npm module in Node.js"},{"tags":["sql","r","paste"],"owner":{"account_id":14149158,"reputation":400,"user_id":10221597,"user_type":"registered","profile_image":"https://www.gravatar.com/avatar/b2eddc7bd6c933292ed11c3a96ea9bca?s=256&d=identicon&r=PG&f=y&so-version=2","display_name":"metaltoaster","link":"https://stackoverflow.com/users/10221597/metaltoaster"},"is_answered":true,"view_count":195,"answer_count":1,"score":0,"last_activity_date":1646078189,"creation_date":1646049132,"question_id":71294610,"content_license":"CC BY-SA 4.0","link":"https://stackoverflow.com/questions/71294610/generating-sql-query-in-r-removing-back-slash-from-query","title":"Generating SQL query in R; removing back-slash from query"}],"has_more":true,"quota_max":300,"quota_remaining":238}