{"items":[{"tags":["spring-boot","spring-data-jpa"],"owner":{"account_id":2397087,"reputation":151,"user_id":2095688,"user_type":"registered","accept_rate":75,"profile_image":"https://www.gravatar.com/avatar/6046a84de5de6140c1ca69794512b84a?s=256&d=identicon&r=PG","display_name":"Nacho Escursell","link":"https://stackoverflow.com/users/2095688/nacho-escursell"},"is_answered":true,"view_count":2245,"accepted_answer_id":70893728,"answer_count":1,"score":3,"last_activity_date":1651170224,"creation_date":1643371196,"last_edit_date":1643371584,"question_id":70893427,"content_license":"CC BY-SA 4.0","link":"https://stackoverflow.com/questions/70893427/jpa-specification-using-like-againt-liststring","title":"JPA Specification, using like againt List&lt;String&gt;"},{"tags":["snakemake"],"owner":{"account_id":17354013,"reputation":389,"user_id":12571870,"user_type":"registered","profile_image":"https://www.gravatar.com/avatar/0e17f63c6aad41043a936aef47dae48e?s=256&d=identicon&r=PG&f=y&so-version=2","display_name":"ivan199415","link":"https://stackoverflow.com/users/12571870/ivan199415"},"is_answered":true,"view_count":323,"accepted_answer_id":70894954,"answer_count":1,"score":1,"last_activity_date":1643378398,"creation_date":1643371189,"question_id":70893426,"content_license":"CC BY-SA 4.0","link":"https://stackoverflow.com/questions/70893426/snakefile-executes-only-one-job-rule","title":"Snakefile executes only one job/rule"},{"tags":["azure","azure-devops","yaml","push","commit"],"owner":{"account_id":9737458,"reputation":738,"user_id":7220250,"user_type":"registered","accept_rate":60,"profile_image":"https://i.stack.imgur.com/0X9He.jpg?s=256&g=1","display_name":"Gerhard Brueckl","link":"https://stackoverflow.com/users/7220250/gerhard-brueckl"},"is_answered":true,"view_count":4477,"accepted_answer_id":70914712,"answer_count":3,"score":1,"last_activity_date":1643546458,"creation_date":1643371145,"last_edit_date":1643472592,"question_id":70893418,"content_license":"CC BY-SA 4.0","link":"https://stackoverflow.com/questions/70893418/get-changes-from-all-commits-in-an-azure-devops-yaml-pipeline","title":"Get changes from all commits in an Azure DevOps YAML pipeline"},{"tags":["r","arrays","sorting","matrix"],"owner":{"account_id":23995700,"reputation":93,"user_id":17981236,"user_type":"registered","profile_image":"https://lh3.googleusercontent.com/a-/AOh14Git340N_PKZmy2JxV38_a68PNCDGu0OEDeaCT0W=k-s256","display_name":"HulkD","link":"https://stackoverflow.com/users/17981236/hulkd"},"is_answered":true,"view_count":207,"accepted_answer_id":70893512,"answer_count":3,"score":7,"last_activity_date":1643378197,"creation_date":1643371135,"question_id":70893416,"content_license":"CC BY-SA 4.0","link":"https://stackoverflow.com/questions/70893416/sorting-vectors-into-matrices9-x-3","title":"Sorting vectors into matrices(9 x 3)"},{"tags":["android","android-imageview","android-collapsingtoolbarlayout","shrink","image-enlarge"],"owner":{"account_id":22465592,"reputation":468,"user_id":16666802,"user_type":"registered","profile_image":"https://lh3.googleusercontent.com/a/AATXAJw7rzNoNUu7mAIfYySG8NDDAgxOpH4WXAn5QDE7=k-s256","display_name":"Suman Radhakrishnan","link":"https://stackoverflow.com/users/16666802/suman-radhakrishnan"},"is_answered":false,"view_count":249,"answer_count":1,"score":1,"last_activity_date":1643530247,"creation_date":1643371130,"question_id":70893415,"content_license":"CC BY-SA 4.0","link":"https://stackoverflow.com/questions/70893415/how-to-make-image-view-scrollable-in-android","title":"How to make image view scrollable in Android"},{"tags":["javascript","reactjs"],"owner":{"account_id":22886544,"reputation":51,"user_id":17027337,"user_type":"registered","profile_image":"https://www.gravatar.com/avatar/bc4f2b2f8f4ae284b256f9a9b30ed5f0?s=256&d=identicon&r=PG","display_name":"Tristan","link":"https://stackoverflow.com/users/17027337/tristan"},"is_answered":true,"view_count":2597,"closed_date":1643371477,"answer_count":2,"score":2,"last_activity_date":1643371902,"creation_date":1643371109,"question_id":70893411,"link":"https://stackoverflow.com/questions/70893411/how-to-check-if-an-array-with-object-contains-a-property","closed_reason":"Duplicate","title":"How to check if an Array with Object contains a Property"},{"tags":["amazon-web-services","amazon-redshift","federated-queries"],"owner":{"account_id":6016340,"reputation":4840,"user_id":4725074,"user_type":"registered","accept_rate":100,"profile_image":"https://i.stack.imgur.com/b5Vva.jpg?s=256&g=1","display_name":"Vzzarr","link":"https://stackoverflow.com/users/4725074/vzzarr"},"is_answered":true,"view_count":885,"answer_count":1,"score":0,"last_activity_date":1668433019,"creation_date":1643371100,"question_id":70893405,"content_license":"CC BY-SA 4.0","link":"https://stackoverflow.com/questions/70893405/redshift-federated-query-error-timeout-expired-code-2500","title":"Redshift Federated Query error: timeout expired code: 2500"},{"tags":["azure-devops","azure-pipelines"],"owner":{"account_id":893900,"reputation":66,"user_id":931615,"user_type":"registered","profile_image":"https://www.gravatar.com/avatar/81a3423d3727eb9262fe9c1d76997605?s=256&d=identicon&r=PG","display_name":"gwinnem","link":"https://stackoverflow.com/users/931615/gwinnem"},"is_answered":true,"view_count":1647,"answer_count":1,"score":1,"last_activity_date":1643767105,"creation_date":1643371076,"last_edit_date":1643444305,"question_id":70893400,"content_license":"CC BY-SA 4.0","link":"https://stackoverflow.com/questions/70893400/we-have-build-error-undefined-reading-normalmodule","title":"we have build error undefined (reading &#39;NormalModule&#39;)"},{"tags":["reactjs","datepicker","material-ui","datetimepicker"],"owner":{"account_id":22739759,"reputation":31,"user_id":16901452,"user_type":"registered","profile_image":"https://www.gravatar.com/avatar/c3779977c2267d0d2c1385dfef260e0f?s=256&d=identicon&r=PG&f=y&so-version=2","display_name":"Pump3333","link":"https://stackoverflow.com/users/16901452/pump3333"},"is_answered":false,"view_count":1034,"answer_count":0,"score":1,"last_activity_date":1643377840,"creation_date":1643371075,"last_edit_date":1643377840,"question_id":70893399,"content_license":"CC BY-SA 4.0","link":"https://stackoverflow.com/questions/70893399/material-ui-datepicker-invalid-date-format","title":"Material-UI datepicker invalid date format"},{"tags":["javascript","arrays","reactjs","typescript","object"],"owner":{"account_id":14658246,"reputation":109,"user_id":10586227,"user_type":"registered","profile_image":"https://lh3.googleusercontent.com/-y4QgFdUjQCQ/AAAAAAAAAAI/AAAAAAAAaPk/EGtUusH7YAY/photo.jpg?sz=256","display_name":"Touk","link":"https://stackoverflow.com/users/10586227/touk"},"is_answered":true,"view_count":2764,"accepted_answer_id":70893649,"answer_count":2,"score":0,"last_activity_date":1643389851,"creation_date":1643371072,"question_id":70893398,"content_license":"CC BY-SA 4.0","link":"https://stackoverflow.com/questions/70893398/render-values-from-array-of-objects-which-contains-an-object-react-typescript","title":"Render values from array of objects which contains an object (React, Typescript)"},{"tags":["python","python-3.x","binary","decimal","converters"],"owner":{"account_id":24083032,"reputation":3,"user_id":18057459,"user_type":"registered","profile_image":"https://www.gravatar.com/avatar/e1c375909e71d4742953473994c768b0?s=256&d=identicon&r=PG","display_name":"ilo496","link":"https://stackoverflow.com/users/18057459/ilo496"},"is_answered":true,"view_count":29,"closed_date":1643371077,"accepted_answer_id":70893425,"answer_count":1,"score":-1,"last_activity_date":1643371186,"creation_date":1643371018,"question_id":70893391,"link":"https://stackoverflow.com/questions/70893391/im-trying-to-program-a-decimal-number-into-binary","closed_reason":"Duplicate","title":"I&#39;m trying to program a decimal number into binary"},{"tags":["c","gcc","kernel","device-tree","bare-metal"],"owner":{"account_id":24083000,"reputation":1,"user_id":18057430,"user_type":"registered","profile_image":"https://lh3.googleusercontent.com/a/AATXAJyUcdDennZICgBwxjscRkClFntHY0udKzMXF4n3=k-s256","display_name":"Mushahid Hussain","link":"https://stackoverflow.com/users/18057430/mushahid-hussain"},"is_answered":false,"view_count":169,"answer_count":0,"score":0,"last_activity_date":1643371012,"creation_date":1643371012,"question_id":70893389,"content_license":"CC BY-SA 4.0","link":"https://stackoverflow.com/questions/70893389/how-statically-link-libfdt-library-with-an-existing-makefile","title":"How statically link libfdt library with an existing Makefile?"},{"tags":["node.js","express","pug"],"owner":{"account_id":16361935,"reputation":39,"user_id":11817285,"user_type":"registered","profile_image":"https://lh5.googleusercontent.com/-gFhez5R2BiM/AAAAAAAAAAI/AAAAAAAAAAA/ACHi3reTaqVMCFTockAfCXWcY7E3AV_vbQ/photo.jpg?sz=256","display_name":"Bikrant Thakur","link":"https://stackoverflow.com/users/11817285/bikrant-thakur"},"is_answered":false,"view_count":1232,"answer_count":2,"score":2,"last_activity_date":1688801133,"creation_date":1643370992,"question_id":70893384,"content_license":"CC BY-SA 4.0","link":"https://stackoverflow.com/questions/70893384/how-to-do-add-two-values-to-same-key-in-and-object","title":"how to do add two values to same key in and object"},{"tags":["c","function","makefile","compilation","definition"],"owner":{"account_id":23239364,"reputation":79,"user_id":17328942,"user_type":"registered","profile_image":"https://lh3.googleusercontent.com/a/AATXAJxoqSNTWopFr7SyOVBspT5vltdlsfFSjaYd_fqr=k-s256","display_name":"Ferrari Service","link":"https://stackoverflow.com/users/17328942/ferrari-service"},"is_answered":false,"view_count":824,"answer_count":2,"score":-1,"last_activity_date":1643382625,"creation_date":1643370990,"last_edit_date":1643382625,"question_id":70893383,"content_license":"CC BY-SA 4.0","link":"https://stackoverflow.com/questions/70893383/how-to-use-a-function-from-another-c-file","title":"How to use a function from another .c file?"},{"tags":["sql"],"owner":{"account_id":24082998,"reputation":11,"user_id":18057428,"user_type":"registered","profile_image":"https://www.gravatar.com/avatar/939bf1efcb84fb12b79503b9c18e49c1?s=256&d=identicon&r=PG","display_name":"muad","link":"https://stackoverflow.com/users/18057428/muad"},"is_answered":false,"view_count":41,"closed_date":1643376389,"answer_count":1,"score":1,"last_activity_date":1643372444,"creation_date":1643370987,"last_edit_date":1643372125,"question_id":70893381,"link":"https://stackoverflow.com/questions/70893381/sql-another-alias-of-same-table-that-has-been-joined-without-join-again","closed_reason":"Needs details or clarity","title":"SQL Another ALIAS of same table that has been joined without join again"},{"tags":["docker","wsl-2","health-check"],"owner":{"account_id":17263784,"reputation":1870,"user_id":12501050,"user_type":"registered","profile_image":"https://i.stack.imgur.com/V3ZBX.png?s=256&g=1","display_name":"Muhammadzohir Rustamov","link":"https://stackoverflow.com/users/12501050/muhammadzohir-rustamov"},"is_answered":true,"view_count":1654,"accepted_answer_id":70893576,"answer_count":1,"score":1,"last_activity_date":1643371862,"creation_date":1643370983,"question_id":70893380,"content_license":"CC BY-SA 4.0","link":"https://stackoverflow.com/questions/70893380/how-to-reach-and-check-if-docker-engine-is-running-in-wsl2-from-windows","title":"How to reach and check if docker engine is running in wsl2 from windows"},{"tags":["ios","codenameone"],"owner":{"account_id":24068906,"reputation":23,"user_id":18045481,"user_type":"registered","profile_image":"https://lh3.googleusercontent.com/a/AATXAJyWidr13-HYNS-q1dMAc0Rv5oPKS4hF1qNcaIIe=k-s256","display_name":"Jarvis","link":"https://stackoverflow.com/users/18045481/jarvis"},"is_answered":true,"view_count":85,"accepted_answer_id":70903101,"answer_count":1,"score":2,"last_activity_date":1643440273,"creation_date":1643370942,"question_id":70893372,"content_license":"CC BY-SA 4.0","link":"https://stackoverflow.com/questions/70893372/codename-one-ios-builds-failing","title":"Codename one IOS builds failing"},{"tags":["javascript","html","reactjs","dom"],"owner":{"account_id":4254192,"reputation":2432,"user_id":3480297,"user_type":"registered","accept_rate":71,"profile_image":"https://i.stack.imgur.com/yxwmf.jpg?s=256&g=1","display_name":"Adam","link":"https://stackoverflow.com/users/3480297/adam"},"is_answered":true,"view_count":700,"answer_count":1,"score":0,"last_activity_date":1643372343,"creation_date":1643370938,"question_id":70893371,"content_license":"CC BY-SA 4.0","link":"https://stackoverflow.com/questions/70893371/window-scrolltox-y-not-working-when-searching-for-an-element","title":"window.ScrollTo(x, y) not working when searching for an element"},{"tags":["terraform","hashicorp"],"owner":{"account_id":13526480,"reputation":438,"user_id":9758155,"user_type":"registered","profile_image":"https://lh3.googleusercontent.com/-XdUIqdMkCWA/AAAAAAAAAAI/AAAAAAAAAAA/4252rscbv5M/photo.jpg?sz=256","display_name":"ashishpm","link":"https://stackoverflow.com/users/9758155/ashishpm"},"is_answered":true,"view_count":14653,"answer_count":3,"score":7,"last_activity_date":1675787658,"creation_date":1643370921,"last_edit_date":1643392491,"question_id":70893369,"content_license":"CC BY-SA 4.0","link":"https://stackoverflow.com/questions/70893369/terraform-error-missing-resource-schema-from-provider-no-resource-schema-fou","title":"Terraform : Error: Missing resource schema from provider. No resource schema found for local_file"},{"tags":["google-cloud-platform","google-cloud-vertex-ai","mlops"],"owner":{"account_id":9430768,"reputation":470,"user_id":9327426,"user_type":"registered","accept_rate":80,"profile_image":"https://www.gravatar.com/avatar/e76aee47b047441d886e4f89617f8340?s=256&d=identicon&r=PG&f=y&so-version=2","display_name":"Annalix","link":"https://stackoverflow.com/users/9327426/annalix"},"is_answered":true,"view_count":416,"answer_count":1,"score":0,"last_activity_date":1672750897,"creation_date":1643370920,"last_edit_date":1672677393,"question_id":70893368,"content_license":"CC BY-SA 4.0","link":"https://stackoverflow.com/questions/70893368/automate-batch-predictions-with-vertexai-pipeline-and-kuberflow-component","title":"Automate batch predictions with VertexAI pipeline and Kuberflow component"},{"tags":["javascript","angular","typescript","keycloak","angular-oauth2-oidc"],"owner":{"account_id":1232818,"reputation":7322,"user_id":1197047,"user_type":"registered","accept_rate":64,"profile_image":"https://www.gravatar.com/avatar/763e1535dd54e65778914049684b3524?s=256&d=identicon&r=PG&f=y&so-version=2","display_name":"J.K.A.","link":"https://stackoverflow.com/users/1197047/j-k-a"},"is_answered":true,"view_count":2406,"answer_count":1,"score":0,"last_activity_date":1643394340,"creation_date":1643370913,"question_id":70893367,"content_license":"CC BY-SA 4.0","link":"https://stackoverflow.com/questions/70893367/oauthservice-getidentityclaims-returns-null-when-using-angular-oauth2-oidc-and","title":"oauthService.getIdentityClaims() returns null when using angular-oauth2-oidc and keycloak"},{"tags":["c++","c++17"],"owner":{"account_id":20083519,"reputation":13,"user_id":18057391,"user_type":"registered","profile_image":"https://lh3.googleusercontent.com/a-/AOh14GhzG-QIKZygA77RhMd2eoxXYvad8Nw2nQv3u8P7FA=k-s256","display_name":"qvanle","link":"https://stackoverflow.com/users/18057391/qvanle"},"is_answered":true,"view_count":253,"accepted_answer_id":70896068,"answer_count":1,"score":1,"last_activity_date":1643383158,"creation_date":1643370913,"last_edit_date":1643382753,"question_id":70893366,"content_license":"CC BY-SA 4.0","link":"https://stackoverflow.com/questions/70893366/ambiguous-overload-with-ostream","title":"ambiguous overload with ostream"},{"tags":["javascript","arrays","object","append"],"owner":{"account_id":22232259,"reputation":13,"user_id":16468223,"user_type":"registered","profile_image":"https://www.gravatar.com/avatar/aae7ccf3022280c1fe25e3cd2d5ab932?s=256&d=identicon&r=PG&f=y&so-version=2","display_name":"Brew WebDev","link":"https://stackoverflow.com/users/16468223/brew-webdev"},"is_answered":false,"view_count":60,"answer_count":1,"score":1,"last_activity_date":1643372859,"creation_date":1643370898,"question_id":70893363,"content_license":"CC BY-SA 4.0","link":"https://stackoverflow.com/questions/70893363/append-items-from-one-array-to-another-then-if-button-is-clicked-on-move-the-l","title":"Append items from one array to another, then if button is clicked on, move the last item back"},{"tags":["ios","firebase","flutter","cocoapods","apple-m1"],"owner":{"account_id":21308927,"reputation":75,"user_id":15683656,"user_type":"registered","profile_image":"https://www.gravatar.com/avatar/c9f0e9dc610469824b36c986edbf7e8f?s=256&d=identicon&r=PG&f=y&so-version=2","display_name":"bgr","link":"https://stackoverflow.com/users/15683656/bgr"},"is_answered":true,"view_count":7691,"accepted_answer_id":70905784,"answer_count":8,"score":2,"last_activity_date":1686595283,"creation_date":1643370877,"last_edit_date":1643379750,"question_id":70893361,"content_license":"CC BY-SA 4.0","link":"https://stackoverflow.com/questions/70893361/cannot-run-the-flutter-project-with-firebase-in-macbook-m1","title":"Cannot run the Flutter project with Firebase in MacBook M1"},{"tags":["r","dataframe","loops","split","automation"],"owner":{"account_id":24082891,"reputation":13,"user_id":18057331,"user_type":"registered","profile_image":"https://lh3.googleusercontent.com/a/AATXAJxUr07l8nG_ZU73HdJiBpXljcUINenkS5vRd5LE=k-s256","display_name":"aquesada","link":"https://stackoverflow.com/users/18057331/aquesada"},"is_answered":false,"view_count":48,"answer_count":2,"score":0,"last_activity_date":1643706041,"creation_date":1643370834,"question_id":70893353,"content_license":"CC BY-SA 4.0","link":"https://stackoverflow.com/questions/70893353/how-can-i-create-severals-df-from-factor-label","title":"How can I create severals DF from factor label?"},{"tags":["c++","sorting","templates"],"owner":{"account_id":20704179,"reputation":31,"user_id":15202432,"user_type":"registered","profile_image":"https://lh3.googleusercontent.com/a-/AOh14GjgNnEXXwW8Xzty5bFicCNB7o0haQpE8qR4OIDPyFM=k-s256","display_name":"Phonzy","link":"https://stackoverflow.com/users/15202432/phonzy"},"is_answered":false,"view_count":211,"answer_count":0,"score":0,"last_activity_date":1643370956,"creation_date":1643370821,"last_edit_date":1643370956,"question_id":70893351,"content_license":"CC BY-SA 4.0","link":"https://stackoverflow.com/questions/70893351/template-function-using-arrays-for-integers-doubles-and-chars-add-integers-m","title":"Template Function: Using arrays for integers, doubles and chars. Add integers, multiply doubles, give ASCI value of chars"},{"tags":["arrays","mongodb","mongoose","duplicates","save"],"owner":{"account_id":17163777,"reputation":21,"user_id":12422678,"user_type":"registered","profile_image":"https://www.gravatar.com/avatar/973217a26f6a9f8d0aec0c9ac997a3be?s=256&d=identicon&r=PG&f=y&so-version=2","display_name":"sylv1un","link":"https://stackoverflow.com/users/12422678/sylv1un"},"is_answered":true,"view_count":154,"answer_count":1,"score":0,"last_activity_date":1656855079,"creation_date":1643370819,"question_id":70893349,"content_license":"CC BY-SA 4.0","link":"https://stackoverflow.com/questions/70893349/i-cant-save-same-value-on-array-in-mongodb","title":"I can&#39;t save same value on array in mongodb"},{"tags":["node.js","nestjs","rollback","prisma"],"owner":{"account_id":2986691,"reputation":2694,"user_id":2535315,"user_type":"registered","accept_rate":71,"profile_image":"https://www.gravatar.com/avatar/420c0d60ce40b66dc9b10a9ea4126a4d?s=256&d=identicon&r=PG","display_name":"Felix Hagspiel","link":"https://stackoverflow.com/users/2535315/felix-hagspiel"},"is_answered":true,"view_count":3579,"accepted_answer_id":70893876,"answer_count":1,"score":6,"last_activity_date":1643373245,"creation_date":1643370815,"question_id":70893348,"content_license":"CC BY-SA 4.0","link":"https://stackoverflow.com/questions/70893348/rollback-of-prisma-interactive-transaction-in-nestjs-not-working-when-throwing-a","title":"Rollback of Prisma Interactive Transaction in NestJS not working when throwing an error"},{"tags":["flutter","dart","for-loop"],"owner":{"account_id":17216788,"reputation":65,"user_id":12464610,"user_type":"registered","profile_image":"https://www.gravatar.com/avatar/3039f710bb5efaa01a8a3982d60a2c83?s=256&d=identicon&r=PG&f=y&so-version=2","display_name":"kl23","link":"https://stackoverflow.com/users/12464610/kl23"},"is_answered":true,"view_count":2152,"accepted_answer_id":70893478,"answer_count":4,"score":2,"last_activity_date":1643372699,"creation_date":1643370803,"last_edit_date":1643372021,"question_id":70893344,"content_license":"CC BY-SA 4.0","link":"https://stackoverflow.com/questions/70893344/how-to-find-the-indices-of-all-elements-matching-from-one-list-to-another-in-dar","title":"How to find the indices of all elements matching from one list to another in Dart/Flutter"},{"tags":["android","android-studio","kotlin"],"owner":{"account_id":24081399,"reputation":1,"user_id":18056017,"user_type":"registered","profile_image":"https://lh3.googleusercontent.com/a-/AOh14Gj0Z5KkTxQUQE1h-vkEe40hg-8bScB7R6MJJRRX1A=k-s256","display_name":"Sivyam Kumar","link":"https://stackoverflow.com/users/18056017/sivyam-kumar"},"is_answered":false,"view_count":133,"answer_count":1,"score":-1,"last_activity_date":1643372853,"creation_date":1643370799,"question_id":70893343,"content_license":"CC BY-SA 4.0","link":"https://stackoverflow.com/questions/70893343/library-for-loading-text-to-textview","title":"Library for loading text to textview"}],"has_more":true,"quota_max":300,"quota_remaining":190}