{"items":[{"tags":["palantir-foundry","foundry-code-repositories"],"owner":{"account_id":19563973,"reputation":171,"user_id":14316608,"user_type":"registered","profile_image":"https://www.gravatar.com/avatar/f0054376ee0bb037989acd8b1c2f14c1?s=256&d=identicon&r=PG&f=y&so-version=2","display_name":"kevpl541991","link":"https://stackoverflow.com/users/14316608/kevpl541991"},"is_answered":true,"view_count":189,"answer_count":2,"score":3,"last_activity_date":1646768382,"creation_date":1646351933,"question_id":71345158,"content_license":"CC BY-SA 4.0","link":"https://stackoverflow.com/questions/71345158/what-are-best-practices-for-minimizing-ci-check-times-within-a-code-repository","title":"What are best practices for minimizing CI Check times within a Code Repository?"},{"tags":["typescript","mongoose"],"owner":{"account_id":16433136,"reputation":621,"user_id":11871449,"user_type":"registered","profile_image":"https://lh6.googleusercontent.com/-NQ_0CA7atyI/AAAAAAAAAAI/AAAAAAAAAAA/ACHi3reozAOnGuaw5FNaKqQm-bZquo3GEQ/photo.jpg?sz=256","display_name":"Nick McLean","link":"https://stackoverflow.com/users/11871449/nick-mclean"},"is_answered":true,"view_count":154,"answer_count":1,"score":1,"last_activity_date":1684309361,"creation_date":1646351879,"question_id":71345153,"content_license":"CC BY-SA 4.0","link":"https://stackoverflow.com/questions/71345153/typescript-mongoose-middleware-typing-the-args-of-post-callback-function","title":"Typescript Mongoose Middleware - typing the args of &quot;post&quot; callback function"},{"tags":["azure","kubernetes","azure-aks"],"owner":{"account_id":18568123,"reputation":253,"user_id":13530536,"user_type":"registered","profile_image":"https://www.gravatar.com/avatar/728b45f46e66e8a8e8eeb222e96e6a51?s=256&d=identicon&r=PG&f=y&so-version=2","display_name":"Roger Chen","link":"https://stackoverflow.com/users/13530536/roger-chen"},"is_answered":false,"view_count":684,"answer_count":1,"score":1,"last_activity_date":1673277221,"creation_date":1646351833,"question_id":71345151,"content_license":"CC BY-SA 4.0","link":"https://stackoverflow.com/questions/71345151/aks-kubenet-bring-your-subnet-routetable-and-agic-aks-integration","title":"AKS Kubenet bring your subnet, routetable, and AGIC AKS integration"},{"tags":["c#","async-await","cancellation","cancellationtokensource"],"owner":{"account_id":2936170,"reputation":511,"user_id":2529191,"user_type":"registered","accept_rate":43,"profile_image":"https://www.gravatar.com/avatar/45de564153d04cdf8cc9cc4119c22ae8?s=256&d=identicon&r=PG","display_name":"thethakuri","link":"https://stackoverflow.com/users/2529191/thethakuri"},"is_answered":true,"view_count":849,"answer_count":2,"score":0,"last_activity_date":1646378505,"creation_date":1646351735,"last_edit_date":1646375012,"question_id":71345145,"content_license":"CC BY-SA 4.0","link":"https://stackoverflow.com/questions/71345145/handling-async-await-cancellation-in-c-service-application","title":"Handling Async/Await Cancellation in C# Service Application"},{"tags":["python","json"],"owner":{"account_id":24205508,"reputation":3,"user_id":18162776,"user_type":"registered","profile_image":"https://www.gravatar.com/avatar/f3f2277597e7234fd9e960801c53bb88?s=256&d=identicon&r=PG&f=y&so-version=2","display_name":"Big Tex","link":"https://stackoverflow.com/users/18162776/big-tex"},"is_answered":false,"view_count":231,"answer_count":1,"score":0,"last_activity_date":1646417441,"creation_date":1646351693,"last_edit_date":1646417441,"question_id":71345143,"content_license":"CC BY-SA 4.0","link":"https://stackoverflow.com/questions/71345143/using-a-variable-as-a-dict-key","title":"Using a variable as a dict key"},{"tags":["javascript","html","bootstrap-5"],"owner":{"account_id":18924683,"reputation":8,"user_id":13808068,"user_type":"registered","profile_image":"https://www.gravatar.com/avatar/371dbea168ffbf839774b4f177916cb2?s=256&d=identicon&r=PG&f=y&so-version=2","display_name":"Brayan Tiwa","link":"https://stackoverflow.com/users/13808068/brayan-tiwa"},"is_answered":true,"view_count":73,"accepted_answer_id":71554812,"answer_count":2,"score":-2,"last_activity_date":1647852154,"creation_date":1646351669,"question_id":71345139,"content_license":"CC BY-SA 4.0","link":"https://stackoverflow.com/questions/71345139/why-is-my-bootstrap-collapse-code-not-working","title":"Why is my bootstrap collapse code not working?"},{"tags":["android","kotlin"],"owner":{"account_id":24320557,"reputation":5,"user_id":18261035,"user_type":"registered","profile_image":"https://lh3.googleusercontent.com/a/AATXAJzHIb6oSVWREXXhzUlcemTRltBwVEaoJwfdTleg=k-s256","display_name":"FlattedFifth","link":"https://stackoverflow.com/users/18261035/flattedfifth"},"is_answered":true,"view_count":30,"accepted_answer_id":71345217,"answer_count":1,"score":0,"last_activity_date":1646395744,"creation_date":1646351647,"question_id":71345136,"content_license":"CC BY-SA 4.0","link":"https://stackoverflow.com/questions/71345136/memory-use-question-passing-map-to-function-vs-passing-only-needed-values-from","title":"Memory use question: passing map to function vs passing only needed values from map to function"},{"tags":["git","github"],"owner":{"user_type":"does_not_exist","display_name":"user5395338"},"is_answered":true,"view_count":72,"accepted_answer_id":71377685,"answer_count":1,"score":1,"last_activity_date":1646638229,"creation_date":1646351581,"question_id":71345135,"content_license":"CC BY-SA 4.0","link":"https://stackoverflow.com/questions/71345135/what-to-do-with-git-old","title":"What to do with `.git_old`?"},{"tags":["javascript","reactjs","next.js","server-side-rendering"],"owner":{"account_id":330362,"reputation":13601,"user_id":654434,"user_type":"registered","accept_rate":77,"profile_image":"https://www.gravatar.com/avatar/d4046093d5c6499ff13d5b5690a6cb32?s=256&d=identicon&r=PG","display_name":"FlavorScape","link":"https://stackoverflow.com/users/654434/flavorscape"},"is_answered":false,"view_count":754,"answer_count":0,"score":1,"last_activity_date":1646352383,"creation_date":1646351518,"last_edit_date":1646352383,"question_id":71345130,"content_license":"CC BY-SA 4.0","link":"https://stackoverflow.com/questions/71345130/how-to-show-content-from-next-js-dom-immediately","title":"How to show content from next.js DOM immediately?"},{"tags":["json","google-apps-script","sumup-payments"],"owner":{"account_id":24445346,"reputation":51,"user_id":18368385,"user_type":"registered","profile_image":"https://www.gravatar.com/avatar/840f809265998f6f184bd2460786ccfa?s=256&d=identicon&r=PG","display_name":"Gamaray","link":"https://stackoverflow.com/users/18368385/gamaray"},"is_answered":true,"view_count":771,"answer_count":2,"score":0,"last_activity_date":1656060051,"creation_date":1646351472,"question_id":71345122,"content_license":"CC BY-SA 4.0","link":"https://stackoverflow.com/questions/71345122/apps-script-sumup-api-requests-giving-error-400","title":"Apps script: SumUp api requests giving error 400"},{"tags":["assembly","x86","x86-16"],"owner":{"account_id":23296670,"reputation":11,"user_id":17377978,"user_type":"registered","profile_image":"https://www.gravatar.com/avatar/b5af54f8b58e60daa43eb77f56fca486?s=256&d=identicon&r=PG","display_name":"federicoporritos84","link":"https://stackoverflow.com/users/17377978/federicoporritos84"},"is_answered":false,"view_count":118,"answer_count":0,"score":0,"last_activity_date":1646352089,"creation_date":1646351447,"last_edit_date":1646352089,"question_id":71345120,"content_license":"CC BY-SA 4.0","link":"https://stackoverflow.com/questions/71345120/why-does-my-2-byte-variable-in-assembler-x86-not-get-intialized-properly","title":"Why does my 2 byte variable in assembler (x86) not get intialized properly?"},{"tags":["c#","active-directory"],"owner":{"account_id":18578955,"reputation":173,"user_id":13538914,"user_type":"registered","profile_image":"https://www.gravatar.com/avatar/0ad87773b2f6e98467259d96783e2a9e?s=256&d=identicon&r=PG&f=y&so-version=2","display_name":"userone","link":"https://stackoverflow.com/users/13538914/userone"},"is_answered":false,"view_count":229,"answer_count":1,"score":0,"last_activity_date":1646371063,"creation_date":1646351446,"last_edit_date":1646371063,"question_id":71345119,"content_license":"CC BY-SA 4.0","link":"https://stackoverflow.com/questions/71345119/search-active-directory-group-by-guid-using-directorysearcher","title":"Search Active Directory Group by GUID using DirectorySearcher"},{"tags":["javascript","html","css","html5-canvas","hover"],"owner":{"account_id":17491458,"reputation":35,"user_id":12683534,"user_type":"registered","profile_image":"https://lh5.googleusercontent.com/-J5Kb8fk2eb4/AAAAAAAAAAI/AAAAAAAAAAA/ACHi3rejnGl6pPcJ741GU1NzvGgEAvULmQ/photo.jpg?sz=256","display_name":"PiAlx","link":"https://stackoverflow.com/users/12683534/pialx"},"is_answered":true,"view_count":42,"accepted_answer_id":71345224,"answer_count":2,"score":0,"last_activity_date":1646352680,"creation_date":1646351388,"question_id":71345115,"content_license":"CC BY-SA 4.0","link":"https://stackoverflow.com/questions/71345115/trigger-two-divs-while-hovering-over-one","title":"Trigger two divs while hovering over one"},{"tags":["python","matplotlib","charts","bar-chart"],"owner":{"account_id":13404113,"reputation":167,"user_id":9672651,"user_type":"registered","profile_image":"https://www.gravatar.com/avatar/77aed78f67993fa78e448ea0dd9d9ed7?s=256&d=identicon&r=PG&f=y&so-version=2","display_name":"Mario Ariyanto","link":"https://stackoverflow.com/users/9672651/mario-ariyanto"},"is_answered":true,"view_count":468,"accepted_answer_id":71345113,"answer_count":1,"score":0,"last_activity_date":1646351708,"creation_date":1646351380,"question_id":71345112,"content_license":"CC BY-SA 4.0","link":"https://stackoverflow.com/questions/71345112/how-to-create-stacked-bar-graph-with-custom-width-based-on-x-values-in-python","title":"how to create stacked bar graph with custom width based on X-values in python"},{"tags":["database","sqlite","csv","text","standards"],"owner":{"account_id":5658791,"reputation":1018,"user_id":4941530,"user_type":"registered","profile_image":"https://i.stack.imgur.com/637KS.jpg?s=256&g=1","display_name":"Luke Miles","link":"https://stackoverflow.com/users/4941530/luke-miles"},"is_answered":false,"view_count":233,"answer_count":0,"score":0,"last_activity_date":1646351380,"creation_date":1646351380,"question_id":71345111,"content_license":"CC BY-SA 4.0","link":"https://stackoverflow.com/questions/71345111/standard-for-storing-multiple-plain-text-tables-csv-tsv-in-one-file","title":"Standard for storing multiple plain-text tables (csv, tsv) in one file?"},{"tags":["python","scipy","minimization","simpy"],"owner":{"user_type":"does_not_exist","display_name":"user18368547"},"is_answered":false,"view_count":212,"answer_count":1,"score":1,"last_activity_date":1646455641,"creation_date":1646351378,"question_id":71345110,"content_license":"CC BY-SA 4.0","link":"https://stackoverflow.com/questions/71345110/scipy-minimization-of-a-simpy-simulation-says-inequality-constraints-incompatib","title":"SciPy minimization of a SimPy simulation says &#39;Inequality constraints incompatible&#39; when using only an eq constraint"},{"tags":["django-rest-framework","django-serializer","django-validation"],"owner":{"account_id":4177764,"reputation":2476,"user_id":3423768,"user_type":"registered","accept_rate":89,"profile_image":"https://i.stack.imgur.com/PFG7k.jpg?s=256&g=1","display_name":"Ravexina","link":"https://stackoverflow.com/users/3423768/ravexina"},"is_answered":true,"view_count":1112,"accepted_answer_id":71348640,"answer_count":2,"score":2,"last_activity_date":1678434407,"creation_date":1646351350,"question_id":71345107,"content_license":"CC BY-SA 4.0","link":"https://stackoverflow.com/questions/71345107/custom-format-for-serializer-validationerror","title":"Custom format for serializer ValidationError"},{"tags":["python","azure","azure-functions","azure-blob-storage","powerapps"],"owner":{"account_id":19993472,"reputation":39,"user_id":14653996,"user_type":"registered","profile_image":"https://www.gravatar.com/avatar/6994b07ce30b5f191ceb59e0b7cf627d?s=256&d=identicon&r=PG&f=y&so-version=2","display_name":"hardgrind","link":"https://stackoverflow.com/users/14653996/hardgrind"},"is_answered":true,"view_count":2626,"answer_count":1,"score":0,"last_activity_date":1646374305,"creation_date":1646351346,"question_id":71345106,"content_license":"CC BY-SA 4.0","link":"https://stackoverflow.com/questions/71345106/how-to-upload-a-csv-file-to-azure-blob-storage-through-azure-functions","title":"How to upload a csv file to Azure blob storage through Azure functions?"},{"tags":["html","padding"],"owner":{"account_id":24420268,"reputation":1,"user_id":18346621,"user_type":"registered","profile_image":"https://www.gravatar.com/avatar/d0ca5d71ec93eeeb9f19a5ff3c8b4746?s=256&d=identicon&r=PG&f=y&so-version=2","display_name":"New at this","link":"https://stackoverflow.com/users/18346621/new-at-this"},"is_answered":true,"view_count":43,"closed_date":1646404086,"answer_count":1,"score":-1,"last_activity_date":1646353833,"creation_date":1646351308,"question_id":71345103,"link":"https://stackoverflow.com/questions/71345103/centering-a-logo-on-top-of-homepage","closed_reason":"Not suitable for this site","title":"Centering a logo on top of homepage"},{"tags":["javascript","ionic6"],"owner":{"account_id":24445425,"reputation":41,"user_id":18368455,"user_type":"registered","profile_image":"https://www.gravatar.com/avatar/772f3c989b0ec256ccbdfbf17dd55dd1?s=256&d=identicon&r=PG","display_name":"Alban","link":"https://stackoverflow.com/users/18368455/alban"},"is_answered":false,"view_count":767,"answer_count":1,"score":4,"last_activity_date":1656920588,"creation_date":1646351267,"question_id":71345100,"content_license":"CC BY-SA 4.0","link":"https://stackoverflow.com/questions/71345100/how-to-add-event-listener-on-month-change-event-in-an-ion-datetime-object","title":"How to add event listener on month change event in an ion-datetime object?"},{"tags":["pandas","dask","parquet","pyarrow","ibis"],"owner":{"account_id":14282246,"reputation":339,"user_id":11266602,"user_type":"registered","profile_image":"https://www.gravatar.com/avatar/ea0941970b7b8b2363a63615279dea6a?s=256&d=identicon&r=PG&f=y&so-version=2","display_name":"Xion","link":"https://stackoverflow.com/users/11266602/xion"},"is_answered":true,"view_count":1698,"accepted_answer_id":71345906,"answer_count":1,"score":3,"last_activity_date":1646413987,"creation_date":1646351258,"last_edit_date":1646369005,"question_id":71345099,"content_license":"CC BY-SA 4.0","link":"https://stackoverflow.com/questions/71345099/efficiency-in-using-pandas-and-parquet","title":"Efficiency in using pandas and parquet"},{"tags":["android","kotlin","android-jetpack-compose","cliptobounds"],"owner":{"account_id":9303135,"reputation":687,"user_id":6907865,"user_type":"registered","profile_image":"https://i.stack.imgur.com/DjXtE.jpg?s=256&g=1","display_name":"Sepideh Vatankhah","link":"https://stackoverflow.com/users/6907865/sepideh-vatankhah"},"is_answered":false,"view_count":908,"answer_count":0,"score":2,"last_activity_date":1646351210,"creation_date":1646351210,"question_id":71345095,"content_license":"CC BY-SA 4.0","link":"https://stackoverflow.com/questions/71345095/how-can-we-define-cliptopadding-in-jetpack-compose-as-well","title":"How can we define ClipToPadding in Jetpack compose as well?"},{"tags":["javascript","reactjs"],"owner":{"account_id":24239792,"reputation":97,"user_id":18192342,"user_type":"registered","profile_image":"https://www.gravatar.com/avatar/43910b9a71f84ce3acf69860532f2fc2?s=256&d=identicon&r=PG","display_name":"KirkCode","link":"https://stackoverflow.com/users/18192342/kirkcode"},"is_answered":true,"view_count":68,"accepted_answer_id":71345201,"answer_count":1,"score":0,"last_activity_date":1646354446,"creation_date":1646351195,"last_edit_date":1646354380,"question_id":71345092,"content_license":"CC BY-SA 4.0","link":"https://stackoverflow.com/questions/71345092/sidebar-allowing-for-double-clicks-of-urls","title":"Sidebar allowing for double clicks of urls"},{"tags":["cmake","makefile"],"owner":{"account_id":1053202,"reputation":60052,"user_id":1056563,"user_type":"registered","accept_rate":90,"profile_image":"https://www.gravatar.com/avatar/bc888aa658ab0e0d2a4d305ad7f69123?s=256&d=identicon&r=PG","display_name":"WestCoastProjects","link":"https://stackoverflow.com/users/1056563/westcoastprojects"},"is_answered":false,"view_count":460,"answer_count":0,"score":0,"last_activity_date":1646351163,"creation_date":1646351163,"question_id":71345088,"content_license":"CC BY-SA 4.0","link":"https://stackoverflow.com/questions/71345088/source-command-works-in-one-makefile-make-target-but-not-another-in-same-scrip","title":"`source` command works in one Makefile/make target but not another in same script"},{"tags":["javascript","mongodb","mongoose","async-await","promise"],"owner":{"account_id":23112987,"reputation":19,"user_id":17220699,"user_type":"registered","profile_image":"https://www.gravatar.com/avatar/077c4c373118628e35fed6f40a9490bd?s=256&d=identicon&r=PG","display_name":"Zizo","link":"https://stackoverflow.com/users/17220699/zizo"},"is_answered":false,"view_count":17,"closed_date":1646351516,"answer_count":0,"score":0,"last_activity_date":1646351048,"creation_date":1646351048,"question_id":71345080,"link":"https://stackoverflow.com/questions/71345080/using-await-inside-of-map","closed_reason":"Duplicate","title":"Using Await inside of map"},{"tags":["javascript","reactjs","next.js","tailwind-css"],"owner":{"account_id":16404664,"reputation":193,"user_id":11860534,"user_type":"registered","profile_image":"https://lh6.googleusercontent.com/-dFSlKceJuQY/AAAAAAAAAAI/AAAAAAAAAvs/7Y5SBiMdCo0/photo.jpg?sz=256","display_name":"Felipe Cristiano","link":"https://stackoverflow.com/users/11860534/felipe-cristiano"},"is_answered":true,"view_count":755,"answer_count":1,"score":0,"last_activity_date":1656840244,"creation_date":1646351035,"question_id":71345077,"content_license":"CC BY-SA 4.0","link":"https://stackoverflow.com/questions/71345077/tailwind-not-loaded-with-nextjs","title":"Tailwind not loaded with nextjs"},{"tags":["python"],"owner":{"account_id":24052017,"reputation":75,"user_id":18030381,"user_type":"registered","profile_image":"https://www.gravatar.com/avatar/0c930eef8ac89afb039c8d2c6832cf8b?s=256&d=identicon&r=PG","display_name":"ImLearning","link":"https://stackoverflow.com/users/18030381/imlearning"},"is_answered":false,"view_count":66,"answer_count":0,"score":0,"last_activity_date":1646351029,"creation_date":1646351029,"question_id":71345075,"content_license":"CC BY-SA 4.0","link":"https://stackoverflow.com/questions/71345075/python-load-create-and-save-changes-in-one-object","title":"Python load, create and save changes in one object"},{"tags":["python","numpy","matplotlib"],"owner":{"account_id":16916175,"reputation":31,"user_id":12234143,"user_type":"registered","profile_image":"https://www.gravatar.com/avatar/986864de2f17a74202225c013c92d746?s=256&d=identicon&r=PG&f=y&so-version=2","display_name":"chriswar","link":"https://stackoverflow.com/users/12234143/chriswar"},"is_answered":true,"view_count":1766,"accepted_answer_id":71361594,"answer_count":3,"score":0,"last_activity_date":1646478971,"creation_date":1646351006,"question_id":71345070,"content_license":"CC BY-SA 4.0","link":"https://stackoverflow.com/questions/71345070/creating-a-2d-color-gradient-based-on-rgb-values-in-matplotlib","title":"Creating a 2D color gradient based on RGB values in matplotlib"},{"tags":["reactjs","express","redux"],"owner":{"account_id":16880122,"reputation":301,"user_id":12206464,"user_type":"registered","profile_image":"https://i.stack.imgur.com/uWWSW.jpg?s=256&g=1","display_name":"Gabriel Francisco","link":"https://stackoverflow.com/users/12206464/gabriel-francisco"},"is_answered":false,"view_count":79,"answer_count":0,"score":0,"last_activity_date":1647994986,"creation_date":1646350997,"last_edit_date":1647994986,"question_id":71345068,"content_license":"CC BY-SA 4.0","link":"https://stackoverflow.com/questions/71345068/redux-doesnt-update-state-at-the-first-time","title":"Redux doesn&#39;t update state at the first time"},{"tags":["python","docker","pip"],"owner":{"account_id":22609728,"reputation":243,"user_id":16790110,"user_type":"registered","profile_image":"https://lh3.googleusercontent.com/a/AATXAJzegE7cYN207ex3WLOA1ti22pFa2i2WmCIZ2buM=k-s256","display_name":"jaal kamza","link":"https://stackoverflow.com/users/16790110/jaal-kamza"},"is_answered":false,"view_count":631,"answer_count":0,"score":0,"last_activity_date":1646352231,"creation_date":1646350965,"last_edit_date":1646352231,"question_id":71345065,"content_license":"CC BY-SA 4.0","link":"https://stackoverflow.com/questions/71345065/docker-not-installing-requirements-on-docker","title":"docker not installing requirements on docker"}],"has_more":true,"quota_max":300,"quota_remaining":223}