{"items":[{"tags":["javascript","html","css"],"owner":{"account_id":8219731,"reputation":41,"user_id":6184730,"user_type":"registered","profile_image":"https://www.gravatar.com/avatar/1b8cda347e991c1e95e9c18687bcd61d?s=256&d=identicon&r=PG&f=y&so-version=2","display_name":"saliem antoun","link":"https://stackoverflow.com/users/6184730/saliem-antoun"},"is_answered":true,"view_count":281,"accepted_answer_id":71842904,"answer_count":7,"score":0,"last_activity_date":1649767629,"creation_date":1649764789,"last_edit_date":1649767047,"question_id":71842298,"content_license":"CC BY-SA 4.0","link":"https://stackoverflow.com/questions/71842298/change-css-class-property-increment","title":"change css class property increment"},{"tags":["database","h2"],"owner":{"account_id":18949611,"reputation":59,"user_id":13827633,"user_type":"registered","profile_image":"https://lh3.googleusercontent.com/a-/AOh14GiN8UEUH_js3bblgQbWf69uo4Tkv7gN5uirnD-d7g=k-s256","display_name":"Vishvanath Metkari","link":"https://stackoverflow.com/users/13827633/vishvanath-metkari"},"is_answered":true,"view_count":4295,"answer_count":1,"score":5,"last_activity_date":1649765530,"creation_date":1649764777,"question_id":71842294,"content_license":"CC BY-SA 4.0","link":"https://stackoverflow.com/questions/71842294/what-is-h2-database-and-when-we-can-use-it","title":"what is H2 database ? and when we can use it?"},{"tags":["reactjs","spfx"],"owner":{"account_id":18503552,"reputation":57,"user_id":13480333,"user_type":"registered","profile_image":"https://www.gravatar.com/avatar/7c478bf9f456125b00f6099cd113b31b?s=256&d=identicon&r=PG&f=y&so-version=2","display_name":"AYUSH CHAUDHARY","link":"https://stackoverflow.com/users/13480333/ayush-chaudhary"},"is_answered":true,"view_count":453,"answer_count":1,"score":1,"last_activity_date":1649764776,"creation_date":1649764776,"question_id":71842292,"content_license":"CC BY-SA 4.0","link":"https://stackoverflow.com/questions/71842292/how-to-pass-parameter-in-people-picker-selecteditem-react-control","title":"How to pass parameter in People Picker selecteditem React Control"},{"tags":["javascript","reactjs","typescript","react-hooks","axios"],"owner":{"account_id":24913097,"reputation":1,"user_id":18782397,"user_type":"registered","profile_image":"https://www.gravatar.com/avatar/d5d6f3aaf94ed740ad958be8cf13d714?s=256&d=identicon&r=PG","display_name":"manticorevault","link":"https://stackoverflow.com/users/18782397/manticorevault"},"is_answered":false,"view_count":18,"closed_date":1649765036,"answer_count":0,"score":0,"last_activity_date":1649764772,"creation_date":1649764772,"question_id":71842291,"link":"https://stackoverflow.com/questions/71842291/populating-a-form-in-react-with-information-from-an-useeffect-function","closed_reason":"Duplicate","title":"Populating a form in React with information from an useEffect function"},{"tags":["css","css-grid"],"owner":{"account_id":6073752,"reputation":697,"user_id":4741711,"user_type":"registered","accept_rate":57,"profile_image":"https://www.gravatar.com/avatar/82011813a817e5ccfea37a84071d5cde?s=256&d=identicon&r=PG&f=y&so-version=2","display_name":"Benny","link":"https://stackoverflow.com/users/4741711/benny"},"is_answered":true,"view_count":137,"answer_count":1,"score":0,"last_activity_date":1649850910,"creation_date":1649764757,"last_edit_date":1649850910,"question_id":71842288,"content_license":"CC BY-SA 4.0","link":"https://stackoverflow.com/questions/71842288/center-content-in-grid","title":"Center content in Grid"},{"tags":["flutter","flutter-web","flutter-navigation","flutter-packages"],"owner":{"account_id":15995955,"reputation":433,"user_id":11543864,"user_type":"registered","profile_image":"https://lh6.googleusercontent.com/-vZIk5exG-JM/AAAAAAAAAAI/AAAAAAAAAAA/ACHi3rf_JqGcc8St-7SMeGWBVUhwl1b_og/mo/photo.jpg?sz=256","display_name":"st3ffb3","link":"https://stackoverflow.com/users/11543864/st3ffb3"},"is_answered":false,"view_count":482,"answer_count":1,"score":1,"last_activity_date":1657212510,"creation_date":1649764755,"last_edit_date":1649765318,"question_id":71842286,"content_license":"CC BY-SA 4.0","link":"https://stackoverflow.com/questions/71842286/flutter-web-auto-route-maintenance-mode","title":"flutter web auto_route: Maintenance Mode"},{"tags":["c#","azure","azureservicebus"],"owner":{"account_id":5561753,"reputation":11,"user_id":4410671,"user_type":"registered","profile_image":"https://lh4.googleusercontent.com/-9BDK1fxzSbk/AAAAAAAAAAI/AAAAAAAAAlI/4AAXNJCrn24/photo.jpg?sz=256","display_name":"Neta","link":"https://stackoverflow.com/users/4410671/neta"},"is_answered":false,"view_count":1056,"answer_count":1,"score":0,"last_activity_date":1650545712,"creation_date":1649764740,"last_edit_date":1649767288,"question_id":71842283,"content_license":"CC BY-SA 4.0","link":"https://stackoverflow.com/questions/71842283/azure-service-bus-scheduled-message-arriving-too-late","title":"Azure Service Bus scheduled message arriving too late"},{"tags":["flutter","dart"],"owner":{"account_id":24913330,"reputation":31,"user_id":18782598,"user_type":"registered","profile_image":"https://lh3.googleusercontent.com/a/AATXAJyqp0eS0of9Hjlp_eRHoN3mE5U9JeOB1p1aqDon0g=k-s256","display_name":"Pushap","link":"https://stackoverflow.com/users/18782598/pushap"},"is_answered":true,"view_count":3078,"answer_count":2,"score":1,"last_activity_date":1649767846,"creation_date":1649764736,"question_id":71842282,"content_license":"CC BY-SA 4.0","link":"https://stackoverflow.com/questions/71842282/the-return-type-futureobject-isnt-a-void-as-required-by-the-closures-c","title":"The return type &#39;Future&lt;Object?&gt;&#39; isn&#39;t a &#39;void&#39;, as required by the closure&#39;s context"},{"tags":["javascript","reactjs","typescript","react-hooks"],"owner":{"account_id":15141960,"reputation":681,"user_id":10926702,"user_type":"registered","profile_image":"https://www.gravatar.com/avatar/708fe4f85a03b7170ab29ecffc31c876?s=256&d=identicon&r=PG&f=y&so-version=2","display_name":"Henrik Erstad","link":"https://stackoverflow.com/users/10926702/henrik-erstad"},"is_answered":false,"view_count":104,"answer_count":0,"score":0,"last_activity_date":1649764736,"creation_date":1649764736,"question_id":71842281,"content_license":"CC BY-SA 4.0","link":"https://stackoverflow.com/questions/71842281/react-modal-context-hook-fails-to-open-more-than-one-modal","title":"React modal context hook fails to open more than one modal"},{"tags":["django"],"owner":{"account_id":22728939,"reputation":23,"user_id":16892182,"user_type":"registered","profile_image":"https://www.gravatar.com/avatar/80f7f1dd70ecd66e46b750216ff74eab?s=256&d=identicon&r=PG&f=y&so-version=2","display_name":"Rp_Web","link":"https://stackoverflow.com/users/16892182/rp-web"},"is_answered":false,"view_count":86,"answer_count":1,"score":-1,"last_activity_date":1649923761,"creation_date":1649764729,"question_id":71842279,"content_license":"CC BY-SA 4.0","link":"https://stackoverflow.com/questions/71842279/django-end-time-models-timefield-is-there-a-way-to-subtract-minutes-from-thi","title":"Django: end_time = models.TimeField. Is there a way to subtract minutes from this field?"},{"tags":["r","rvest","rselenium"],"owner":{"account_id":6661200,"reputation":6795,"user_id":6447399,"user_type":"registered","accept_rate":54,"profile_image":"https://www.gravatar.com/avatar/14fdc87dd98721beae04146a01761370?s=256&d=identicon&r=PG&f=y&so-version=2","display_name":"user113156","link":"https://stackoverflow.com/users/6447399/user113156"},"is_answered":true,"view_count":93,"accepted_answer_id":71843331,"answer_count":1,"score":0,"last_activity_date":1649770932,"creation_date":1649764728,"last_edit_date":1649770932,"question_id":71842278,"content_license":"CC BY-SA 4.0","link":"https://stackoverflow.com/questions/71842278/extracting-links-from-a-drop-down-menu-using-rvest-rselenium","title":"Extracting links from a drop down menu using rvest/RSelenium"},{"tags":["rust","global-variables","mutable"],"owner":{"account_id":18551535,"reputation":438,"user_id":13517701,"user_type":"registered","profile_image":"https://i.stack.imgur.com/mperV.png?s=256&g=1","display_name":"CATboardBETA","link":"https://stackoverflow.com/users/13517701/catboardbeta"},"is_answered":false,"view_count":1593,"closed_date":1649805344,"answer_count":1,"score":1,"last_activity_date":1649765154,"creation_date":1649764703,"last_edit_date":1649765154,"question_id":71842271,"link":"https://stackoverflow.com/questions/71842271/is-there-a-way-in-rust-to-have-a-non-static-non-const-global-variable","closed_reason":"Duplicate","title":"Is there a way in rust to have a non-static non-const global variable?"},{"tags":["python","tensorflow"],"owner":{"account_id":24913291,"reputation":1,"user_id":18782565,"user_type":"registered","profile_image":"https://www.gravatar.com/avatar/bf632ccc7452b98db6b4467e95e53175?s=256&d=identicon&r=PG","display_name":"Pranav cr","link":"https://stackoverflow.com/users/18782565/pranav-cr"},"is_answered":false,"view_count":677,"answer_count":1,"score":0,"last_activity_date":1649829028,"creation_date":1649764692,"question_id":71842270,"content_license":"CC BY-SA 4.0","link":"https://stackoverflow.com/questions/71842270/use-cpu-if-gpu-not-present","title":"Use CPU if GPU not present"},{"tags":["python","pandas","list"],"owner":{"account_id":10383148,"reputation":9240,"user_id":7657180,"user_type":"registered","profile_image":"https://www.gravatar.com/avatar/6c0ee64d62bb9980080e6881a20a15fc?s=256&d=identicon&r=PG","display_name":"YasserKhalil","link":"https://stackoverflow.com/users/7657180/yasserkhalil"},"is_answered":true,"view_count":4250,"accepted_answer_id":71842328,"answer_count":2,"score":0,"last_activity_date":1649767286,"creation_date":1649764666,"question_id":71842263,"content_license":"CC BY-SA 4.0","link":"https://stackoverflow.com/questions/71842263/remove-nan-from-lists-in-python","title":"Remove NaN from lists in python"},{"tags":["ansible","ansible-2.x"],"owner":{"account_id":2801644,"reputation":17049,"user_id":2409793,"user_type":"registered","accept_rate":49,"profile_image":"https://i.stack.imgur.com/QDLY9.png?s=256&g=1","display_name":"pkaramol","link":"https://stackoverflow.com/users/2409793/pkaramol"},"is_answered":true,"view_count":2385,"accepted_answer_id":71842604,"answer_count":1,"score":0,"last_activity_date":1649765974,"creation_date":1649764639,"last_edit_date":1649765138,"question_id":71842257,"content_license":"CC BY-SA 4.0","link":"https://stackoverflow.com/questions/71842257/ansible-not-recognising-variables-not-found-under-host-vars","title":"Ansible not recognising variables not found under host_vars"},{"tags":["mariadb"],"owner":{"account_id":19645351,"reputation":13,"user_id":14380505,"user_type":"registered","profile_image":"https://lh5.googleusercontent.com/-zckUqgDXESs/AAAAAAAAAAI/AAAAAAAAAAA/AMZuuclLdg_1PdPTJLGinb8JFy-VVXCPKA/photo.jpg?sz=256","display_name":"Sebastian Docktor","link":"https://stackoverflow.com/users/14380505/sebastian-docktor"},"is_answered":true,"view_count":102,"accepted_answer_id":71851504,"answer_count":2,"score":1,"last_activity_date":1673519042,"creation_date":1649764631,"last_edit_date":1649764775,"question_id":71842251,"content_license":"CC BY-SA 4.0","link":"https://stackoverflow.com/questions/71842251/system-versioned-tables-need-historical-data-for-a-new-empty-table-for-testing","title":"System-versioned tables: need historical data for a new empty table for testing / development"},{"tags":["c#","authentication","asp.net-web-api","auth0","bearer-token"],"owner":{"account_id":8551991,"reputation":1277,"user_id":6408649,"user_type":"registered","accept_rate":33,"profile_image":"https://www.gravatar.com/avatar/440983cfcb87ccf6647eecd2f79b43c5?s=256&d=identicon&r=PG&f=y&so-version=2","display_name":"user6408649","link":"https://stackoverflow.com/users/6408649/user6408649"},"is_answered":false,"view_count":773,"answer_count":0,"score":0,"last_activity_date":1649847640,"creation_date":1649764629,"last_edit_date":1649847640,"question_id":71842250,"content_license":"CC BY-SA 4.0","link":"https://stackoverflow.com/questions/71842250/get-a-403-error-code-when-i-trying-to-get-a-token-from-auth0","title":"Get a 403 error code when I trying to get a token from Auth0"},{"tags":["reactjs","typescript","npm","create-react-app","npx"],"owner":{"account_id":17932825,"reputation":43,"user_id":13029799,"user_type":"registered","profile_image":"https://www.gravatar.com/avatar/cdea665978fb302cdb407c60b3eaf93e?s=256&d=identicon&r=PG&f=y&so-version=2","display_name":"mohammadyahyaq","link":"https://stackoverflow.com/users/13029799/mohammadyahyaq"},"is_answered":true,"view_count":508,"closed_date":1649832327,"accepted_answer_id":71842401,"answer_count":1,"score":0,"last_activity_date":1649765171,"creation_date":1649764614,"question_id":71842248,"link":"https://stackoverflow.com/questions/71842248/i-cant-create-typescript-template-from-create-react-app","closed_reason":"Duplicate","title":"I can&#39;t create TypeScript template from create-react-app"},{"tags":["reactjs","typescript","react-functional-component"],"owner":{"account_id":1995749,"reputation":3613,"user_id":1788771,"user_type":"registered","accept_rate":50,"profile_image":"https://i.stack.imgur.com/CeE5T.jpg?s=256&g=1","display_name":"kaan_a","link":"https://stackoverflow.com/users/1788771/kaan-a"},"is_answered":false,"view_count":44,"answer_count":1,"score":0,"last_activity_date":1649771555,"creation_date":1649764602,"question_id":71842246,"content_license":"CC BY-SA 4.0","link":"https://stackoverflow.com/questions/71842246/is-it-possible-to-tell-a-render-prop-appart-from-a-reactnode","title":"Is it possible to tell a render prop appart from a ReactNode?"},{"tags":["excel"],"owner":{"account_id":24612405,"reputation":1,"user_id":18513785,"user_type":"registered","profile_image":"https://lh3.googleusercontent.com/a/AATXAJyiem8bYUHGkXhRIBa5nZSxAmNEStbqs5XzLlc_vw=k-s256","display_name":"Asmin Chauhan","link":"https://stackoverflow.com/users/18513785/asmin-chauhan"},"is_answered":false,"view_count":11,"answer_count":1,"score":0,"last_activity_date":1649765054,"creation_date":1649764596,"question_id":71842245,"content_license":"CC BY-SA 4.0","link":"https://stackoverflow.com/questions/71842245/is-there-a-way-to-sort-this-dataset-by-subscription-equipment-and-subscription","title":"Is there a way to sort this dataset by subscription + equipment and subscription + No equipment?"},{"tags":["python","pandas","dataframe","csv","export-to-csv"],"owner":{"account_id":24503263,"reputation":87,"user_id":18418597,"user_type":"registered","profile_image":"https://lh3.googleusercontent.com/a-/AOh14GisUeAZcW8Jizn814qNyQln4P5Ze09v8mDw9mM_=k-s256","display_name":"Mohanraj","link":"https://stackoverflow.com/users/18418597/mohanraj"},"is_answered":true,"view_count":714,"accepted_answer_id":71842378,"answer_count":1,"score":1,"last_activity_date":1649765092,"creation_date":1649764596,"question_id":71842244,"content_license":"CC BY-SA 4.0","link":"https://stackoverflow.com/questions/71842244/writing-multiple-lists-as-multiple-row-and-column-in-a-csv-file-python","title":"writing multiple lists as multiple row and column in a csv file python"},{"tags":["css","rendering"],"owner":{"account_id":5424629,"reputation":23,"user_id":4317318,"user_type":"registered","profile_image":"https://lh6.googleusercontent.com/-I4-49CiQsjM/AAAAAAAAAAI/AAAAAAAAAJc/g6ns6Mq_haI/photo.jpg?sz=256","display_name":"David Park","link":"https://stackoverflow.com/users/4317318/david-park"},"is_answered":false,"view_count":38,"answer_count":1,"score":0,"last_activity_date":1649769818,"creation_date":1649764580,"question_id":71842241,"content_license":"CC BY-SA 4.0","link":"https://stackoverflow.com/questions/71842241/rendering-bug-on-before-when-using-content-in-css","title":"Rendering bug on &#39;:before&#39; when using &#39;content&#39; in CSS"},{"tags":["python"],"owner":{"account_id":22163236,"reputation":23,"user_id":16409885,"user_type":"registered","profile_image":"https://www.gravatar.com/avatar/2b25056b8dd7eb3c084212e40a510b84?s=256&d=identicon&r=PG&f=y&so-version=2","display_name":"Div","link":"https://stackoverflow.com/users/16409885/div"},"is_answered":true,"view_count":27,"accepted_answer_id":71842276,"answer_count":1,"score":-1,"last_activity_date":1649766476,"creation_date":1649764564,"last_edit_date":1649766476,"question_id":71842235,"content_license":"CC BY-SA 4.0","link":"https://stackoverflow.com/questions/71842235/how-would-i-access-a-list-in-a-dictionary","title":"How would I access a list in a dictionary?"},{"tags":["botframework","microsoft-teams","azure-bot-service"],"owner":{"account_id":23707770,"reputation":23,"user_id":17730036,"user_type":"registered","profile_image":"https://www.gravatar.com/avatar/76887ca04e8429d6f1aafb1ba1f1de0d?s=256&d=identicon&r=PG","display_name":"Raj","link":"https://stackoverflow.com/users/17730036/raj"},"is_answered":false,"view_count":213,"answer_count":0,"score":0,"last_activity_date":1651683644,"creation_date":1649764553,"last_edit_date":1650220168,"question_id":71842233,"content_license":"CC BY-SA 4.0","link":"https://stackoverflow.com/questions/71842233/ms-teams-error-message-failed-to-retrieve-flag-from-thread-properties-conversa","title":"MS Teams Error message: Failed to retrieve flag from thread properties. Conversation not found"},{"tags":["javascript","php"],"owner":{"account_id":24877671,"reputation":3,"user_id":18751289,"user_type":"registered","profile_image":"https://i.stack.imgur.com/6n8Tv.png?s=256&g=1","display_name":"moazam","link":"https://stackoverflow.com/users/18751289/moazam"},"is_answered":true,"view_count":116,"accepted_answer_id":71842616,"answer_count":1,"score":0,"last_activity_date":1653232151,"creation_date":1649764484,"last_edit_date":1653232151,"question_id":71842212,"content_license":"CC BY-SA 4.0","link":"https://stackoverflow.com/questions/71842212/open-links-in-iframe-one-by-one-when-press-button","title":"open links in iframe one by one when press button"},{"tags":["blockchain","solidity","smartcontracts","remix"],"owner":{"account_id":23736314,"reputation":65,"user_id":17754960,"user_type":"registered","profile_image":"https://lh3.googleusercontent.com/a-/AOh14GizLG9MWKUN8eSu9308fxCbleah4Kli5vh1vp-7=k-s256","display_name":"Ali Hassan","link":"https://stackoverflow.com/users/17754960/ali-hassan"},"is_answered":true,"view_count":733,"accepted_answer_id":71842419,"answer_count":1,"score":0,"last_activity_date":1649765244,"creation_date":1649764468,"last_edit_date":1649765175,"question_id":71842210,"content_license":"CC BY-SA 4.0","link":"https://stackoverflow.com/questions/71842210/can-an-external-function-works-in-derived-contract-in-solidity","title":"Can an external function works in derived contract in solidity?"},{"tags":["python","google-cloud-firestore","document-database"],"owner":{"account_id":4941847,"reputation":6754,"user_id":4262057,"user_type":"registered","accept_rate":77,"profile_image":"https://www.gravatar.com/avatar/0c92759ec6d9502c1138f10adeaaf37e?s=256&d=identicon&r=PG&f=y&so-version=2","display_name":"WJA","link":"https://stackoverflow.com/users/4262057/wja"},"is_answered":true,"view_count":239,"accepted_answer_id":71847484,"answer_count":1,"score":0,"last_activity_date":1649787919,"creation_date":1649764464,"question_id":71842208,"content_license":"CC BY-SA 4.0","link":"https://stackoverflow.com/questions/71842208/how-to-delete-nested-collections-from-an-empty-document-in-firestore","title":"How to delete nested collections from an empty document in Firestore?"},{"tags":["python"],"owner":{"account_id":11013971,"reputation":9,"user_id":10558871,"user_type":"registered","profile_image":"https://www.gravatar.com/avatar/4d2fc5aff9cd253b6eae9e6eee150d74?s=256&d=identicon&r=PG&f=y&so-version=2","display_name":"Kamesh","link":"https://stackoverflow.com/users/10558871/kamesh"},"is_answered":true,"view_count":72,"accepted_answer_id":71842488,"answer_count":1,"score":0,"last_activity_date":1649766090,"creation_date":1649764444,"last_edit_date":1649764991,"question_id":71842206,"content_license":"CC BY-SA 4.0","link":"https://stackoverflow.com/questions/71842206/python-rf-model-evaluation-metrics","title":"Python RF Model Evaluation Metrics"},{"tags":["reactjs","redux","react-redux"],"owner":{"account_id":7132147,"reputation":622,"user_id":5453030,"user_type":"registered","accept_rate":0,"profile_image":"https://www.gravatar.com/avatar/0ad7e81f5aefb0e564090a9545337b75?s=256&d=identicon&r=PG&f=y&so-version=2","display_name":"TLd","link":"https://stackoverflow.com/users/5453030/tld"},"is_answered":true,"view_count":38,"accepted_answer_id":71842734,"answer_count":1,"score":0,"last_activity_date":1649766497,"creation_date":1649764443,"question_id":71842205,"content_license":"CC BY-SA 4.0","link":"https://stackoverflow.com/questions/71842205/redux-with-combined-data","title":"Redux with combined data"},{"tags":["css","sass"],"owner":{"account_id":3945405,"reputation":845,"user_id":3258251,"user_type":"registered","profile_image":"https://www.gravatar.com/avatar/af28ba49df210b3bacda9ad3d84412f1?s=256&d=identicon&r=PG&f=y&so-version=2","display_name":"decho","link":"https://stackoverflow.com/users/3258251/decho"},"is_answered":false,"view_count":111,"answer_count":0,"score":0,"last_activity_date":1649764437,"creation_date":1649764437,"question_id":71842204,"content_license":"CC BY-SA 4.0","link":"https://stackoverflow.com/questions/71842204/how-to-add-a-prefix-prepend-a-name-to-an-entire-module-imported-with-use-in-s","title":"How to add a prefix (prepend a name) to an entire module imported with @use in SASS?"}],"has_more":true,"quota_max":300,"quota_remaining":65}