{"items":[{"tags":["laravel"],"owner":{"account_id":24284394,"reputation":1,"user_id":18230358,"user_type":"registered","profile_image":"https://lh3.googleusercontent.com/a/AATXAJy4Y6gUcx0-pR_NkMNB-G9KUUFbg4I1WMwxXCnF=k-s256","display_name":"Nadya Aulia","link":"https://stackoverflow.com/users/18230358/nadya-aulia"},"is_answered":false,"view_count":336,"answer_count":1,"score":0,"last_activity_date":1645084481,"creation_date":1645077531,"question_id":71153147,"content_license":"CC BY-SA 4.0","link":"https://stackoverflow.com/questions/71153147/where-clause-wtih-double-or-operator-in-laravel-8-controller","title":"Where clause wtih double OR operator in laravel 8 controller"},{"tags":["php","laravel"],"owner":{"account_id":23974145,"reputation":355,"user_id":17962447,"user_type":"registered","profile_image":"https://i.stack.imgur.com/N4CV2.jpg?s=256&g=1","display_name":"Babo","link":"https://stackoverflow.com/users/17962447/babo"},"is_answered":false,"view_count":939,"answer_count":1,"score":-1,"last_activity_date":1645091203,"creation_date":1645077520,"last_edit_date":1645088917,"question_id":71153144,"content_license":"CC BY-SA 4.0","link":"https://stackoverflow.com/questions/71153144/laravel-error-call-to-a-member-function-all-on-array","title":"laravel : Error Call to a member function all() on array"},{"tags":["ffmpeg","avx2","hevc","avcodec"],"owner":{"account_id":24284180,"reputation":29,"user_id":18230167,"user_type":"registered","profile_image":"https://www.gravatar.com/avatar/7501950df6e37884f1818a9b593ba621?s=256&d=identicon&r=PG","display_name":"wenzhi","link":"https://stackoverflow.com/users/18230167/wenzhi"},"is_answered":true,"view_count":276,"accepted_answer_id":71218398,"answer_count":1,"score":1,"last_activity_date":1645520206,"creation_date":1645077507,"last_edit_date":1645356630,"question_id":71153141,"content_license":"CC BY-SA 4.0","link":"https://stackoverflow.com/questions/71153141/ffmpeg-avcodec-lib-crashed-on-ff-hevc-sao-edge-filter-32-8-avx2","title":"ffmpeg avcodec lib crashed on ff_hevc_sao_edge_filter_32_8_avx2()"},{"tags":["transactions","blockchain","tron"],"owner":{"account_id":11282988,"reputation":109,"user_id":8274683,"user_type":"registered","profile_image":"https://www.gravatar.com/avatar/250e826b347f49f038fd65fda6cb566e?s=256&d=identicon&r=PG&f=y&so-version=2","display_name":"Foad","link":"https://stackoverflow.com/users/8274683/foad"},"is_answered":true,"view_count":1050,"answer_count":2,"score":1,"last_activity_date":1676263323,"creation_date":1645077396,"question_id":71153131,"content_license":"CC BY-SA 4.0","link":"https://stackoverflow.com/questions/71153131/creating-a-trx-raw-transaction","title":"Creating a TRX raw transaction"},{"tags":["python","openpyxl"],"owner":{"account_id":14008156,"reputation":13,"user_id":10117634,"user_type":"registered","profile_image":"https://www.gravatar.com/avatar/c26f2c70c561914cb65ac897b515b02c?s=256&d=identicon&r=PG&f=y&so-version=2","display_name":"gaoyu","link":"https://stackoverflow.com/users/10117634/gaoyu"},"is_answered":true,"view_count":171,"accepted_answer_id":71153485,"answer_count":2,"score":1,"last_activity_date":1678010556,"creation_date":1645077371,"last_edit_date":1645078135,"question_id":71153129,"content_license":"CC BY-SA 4.0","link":"https://stackoverflow.com/questions/71153129/filenotfounderror-when-load-workbook-using-the-passed-over-filename","title":"FileNotFoundError when load_workbook using the passed over filename"},{"tags":["asp.net"],"owner":{"account_id":22968152,"reputation":11,"user_id":17096944,"user_type":"registered","profile_image":"https://graph.facebook.com/4576463215730082/picture?type=large","display_name":"Rob Nagel","link":"https://stackoverflow.com/users/17096944/rob-nagel"},"is_answered":false,"view_count":119,"answer_count":1,"score":0,"last_activity_date":1645084383,"creation_date":1645077330,"question_id":71153121,"content_license":"CC BY-SA 4.0","link":"https://stackoverflow.com/questions/71153121/how-can-i-click-a-url-programatically-from-code-behind","title":"How can I &quot;click&quot; a url programatically from code behind"},{"tags":["c++","linked-list"],"owner":{"account_id":21126814,"reputation":21,"user_id":15531953,"user_type":"registered","profile_image":"https://www.gravatar.com/avatar/7156f43d0b0faa2af71e963610bcdf58?s=256&d=identicon&r=PG&f=y&so-version=2","display_name":"ANXIETY","link":"https://stackoverflow.com/users/15531953/anxiety"},"is_answered":false,"view_count":38,"answer_count":1,"score":0,"last_activity_date":1645083779,"creation_date":1645077312,"question_id":71153117,"content_license":"CC BY-SA 4.0","link":"https://stackoverflow.com/questions/71153117/not-showing-output-after-creating-nodes","title":"Not showing output after creating nodes?"},{"tags":["vb.net","httpclient"],"owner":{"account_id":11340023,"reputation":123,"user_id":13763149,"user_type":"registered","profile_image":"https://www.gravatar.com/avatar/439a0596dccf8e3a105f586970c8d1d8?s=256&d=identicon&r=PG","display_name":"Tom","link":"https://stackoverflow.com/users/13763149/tom"},"is_answered":false,"view_count":152,"answer_count":0,"score":1,"last_activity_date":1645077262,"creation_date":1645077262,"question_id":71153113,"content_license":"CC BY-SA 4.0","link":"https://stackoverflow.com/questions/71153113/vb-net-httpclient-receives-header-ok-200-but-content-is-empty","title":"VB.net httpclient receives Header OK 200, but content is empty"},{"tags":["flutter","dart"],"owner":{"account_id":386935,"reputation":4240,"user_id":744987,"user_type":"registered","accept_rate":71,"profile_image":"https://www.gravatar.com/avatar/7336006e4f2e19ce703ac30128b567a5?s=256&d=identicon&r=PG&f=y&so-version=2","display_name":"WatsMyName","link":"https://stackoverflow.com/users/744987/watsmyname"},"is_answered":true,"view_count":355,"accepted_answer_id":71153309,"answer_count":1,"score":0,"last_activity_date":1645080715,"creation_date":1645077218,"question_id":71153106,"content_license":"CC BY-SA 4.0","link":"https://stackoverflow.com/questions/71153106/flutter-populate-listview-with-headers-and-items-from-complex-list","title":"Flutter: Populate listview with headers and items from complex list"},{"tags":["rust"],"owner":{"account_id":69968,"reputation":885,"user_id":203329,"user_type":"registered","accept_rate":100,"profile_image":"https://www.gravatar.com/avatar/8013f1e5ec9adfbab5720e0c595dca00?s=256&d=identicon&r=PG","display_name":"wcy","link":"https://stackoverflow.com/users/203329/wcy"},"is_answered":false,"view_count":404,"answer_count":0,"score":7,"last_activity_date":1645258504,"creation_date":1645077131,"last_edit_date":1645258504,"question_id":71153098,"content_license":"CC BY-SA 4.0","link":"https://stackoverflow.com/questions/71153098/how-to-implement-a-trait-for-a-generic-type-of-function-pointer-no-matter-whose","title":"How to implement a trait for a generic type of function pointer, no matter whose arguments types are references or not"},{"tags":["delphi","winapi","delphi-7"],"owner":{"account_id":10976,"reputation":6577,"user_id":20979,"user_type":"registered","accept_rate":79,"profile_image":"https://www.gravatar.com/avatar/df287e1d330900f15e46338c34075ff1?s=256&d=identicon&r=PG","display_name":"Tom","link":"https://stackoverflow.com/users/20979/tom"},"is_answered":true,"view_count":213,"accepted_answer_id":71170533,"answer_count":2,"score":0,"last_activity_date":1645174977,"creation_date":1645077088,"last_edit_date":1645165362,"question_id":71153093,"content_license":"CC BY-SA 4.0","link":"https://stackoverflow.com/questions/71153093/how-to-make-a-popup-appear-on-the-exact-location-of-apps-taskbar-button","title":"How to make a popup appear on the exact location of App&#39;s TASKBAR Button"},{"tags":["python","xml","tally","totallylazy"],"owner":{"account_id":9468976,"reputation":85,"user_id":7040343,"user_type":"registered","profile_image":"https://www.gravatar.com/avatar/11016b2025e1e2a86ff87c2a2880de99?s=256&d=identicon&r=PG&f=y&so-version=2","display_name":"srini vasan","link":"https://stackoverflow.com/users/7040343/srini-vasan"},"is_answered":true,"view_count":458,"accepted_answer_id":71153321,"answer_count":1,"score":0,"last_activity_date":1645170721,"creation_date":1645077060,"last_edit_date":1645170721,"question_id":71153090,"content_license":"CC BY-SA 4.0","link":"https://stackoverflow.com/questions/71153090/xml-request-for-groupwise-vouchers-details-ledgers-and-their-bill-references","title":"XML request for Groupwise vouchers details ,ledgers and their bill references , GST breakups ,address"},{"tags":["javascript","node.js","axios","busboy"],"owner":{"account_id":1156814,"reputation":33844,"user_id":1137199,"user_type":"registered","accept_rate":70,"profile_image":"https://i.stack.imgur.com/41GR5.png?s=256&g=1","display_name":"dotNET","link":"https://stackoverflow.com/users/1137199/dotnet"},"is_answered":true,"view_count":3086,"accepted_answer_id":71154146,"answer_count":1,"score":1,"last_activity_date":1645083773,"creation_date":1645077042,"last_edit_date":1645078976,"question_id":71153084,"content_license":"CC BY-SA 4.0","link":"https://stackoverflow.com/questions/71153084/upload-byte-array-from-axios-to-node-server","title":"Upload byte array from axios to Node server"},{"tags":["php","html"],"owner":{"account_id":21018506,"reputation":25,"user_id":15445414,"user_type":"registered","profile_image":"https://www.gravatar.com/avatar/4905cab0b1cc8ff209712fd710bfbfa4?s=256&d=identicon&r=PG&f=y&so-version=2","display_name":"Might","link":"https://stackoverflow.com/users/15445414/might"},"is_answered":true,"view_count":28,"accepted_answer_id":71153428,"answer_count":1,"score":1,"last_activity_date":1645079398,"creation_date":1645077041,"question_id":71153083,"content_license":"CC BY-SA 4.0","link":"https://stackoverflow.com/questions/71153083/how-to-get-the-data-permanently-recieved-by-post-method-in-a-file","title":"How to get the data permanently recieved by POST method in a file?"},{"tags":["sql","postgresql"],"owner":{"account_id":15746538,"reputation":59,"user_id":11362278,"user_type":"registered","profile_image":"https://www.gravatar.com/avatar/2d8ab1e5d63ef3323fd9c92a1846e07d?s=256&d=identicon&r=PG&f=y&so-version=2","display_name":"ThatGuyTy","link":"https://stackoverflow.com/users/11362278/thatguyty"},"is_answered":true,"view_count":296,"accepted_answer_id":71153988,"answer_count":2,"score":-1,"last_activity_date":1645095841,"creation_date":1645077027,"last_edit_date":1645081465,"question_id":71153081,"content_license":"CC BY-SA 4.0","link":"https://stackoverflow.com/questions/71153081/why-does-sql-postgresql-allow-joins-without-referencing-a-column-from-the-join","title":"Why does SQL / PostgreSQL allow joins without referencing a column from the joined table in the join clause?"},{"tags":["regex"],"owner":{"account_id":1957801,"reputation":1255,"user_id":1760370,"user_type":"registered","accept_rate":100,"profile_image":"https://www.gravatar.com/avatar/fa66b7f341f5ec1d70197b3c2a0eef4d?s=256&d=identicon&r=PG","display_name":"Kamil B.","link":"https://stackoverflow.com/users/1760370/kamil-b"},"is_answered":true,"view_count":37,"accepted_answer_id":71153367,"answer_count":2,"score":-2,"last_activity_date":1645079024,"creation_date":1645076996,"question_id":71153077,"content_license":"CC BY-SA 4.0","link":"https://stackoverflow.com/questions/71153077/regex-of-the-string-uri","title":"Regex of the string (URI)"},{"tags":["spring-boot","jwt","microservices"],"owner":{"account_id":24284321,"reputation":1,"user_id":18230289,"user_type":"registered","profile_image":"https://lh3.googleusercontent.com/a/AATXAJyszep4ISVDndXuQld7DfplRdkaP9qQjclHqzKT=k-s256","display_name":"Raghu Sivan","link":"https://stackoverflow.com/users/18230289/raghu-sivan"},"is_answered":true,"view_count":65,"answer_count":1,"score":0,"last_activity_date":1645077621,"creation_date":1645076979,"question_id":71153073,"content_license":"CC BY-SA 4.0","link":"https://stackoverflow.com/questions/71153073/spring-spring-boot-authorisation-using-jwt-tokens","title":"Spring/spring boot authorisation using JWT tokens"},{"tags":["math","tiddlywiki"],"owner":{"account_id":17815770,"reputation":11,"user_id":12939386,"user_type":"registered","profile_image":"https://lh5.googleusercontent.com/-bdy_BPF5prg/AAAAAAAAAAI/AAAAAAAAAAA/ACHi3rdRRRWrZnDbtj0SqSMkHHBfqNKJTA/photo.jpg?sz=256","display_name":"Chris Normand","link":"https://stackoverflow.com/users/12939386/chris-normand"},"is_answered":false,"view_count":224,"answer_count":1,"score":0,"last_activity_date":1657461456,"creation_date":1645076975,"question_id":71153072,"content_license":"CC BY-SA 4.0","link":"https://stackoverflow.com/questions/71153072/how-to-sum-up-values-from-tiddlers-and-use-the-result-in-a-math-formula","title":"How to sum up values from tiddlers, and use the result in a math formula"},{"tags":["java","azure","azure-functions","azure-eventhub"],"owner":{"account_id":3316540,"reputation":3,"user_id":2788777,"user_type":"registered","profile_image":"https://www.gravatar.com/avatar/07ae0a58fccb796e03e0ba279d1cc5cc?s=256&d=identicon&r=PG&f=y&so-version=2","display_name":"user2788777","link":"https://stackoverflow.com/users/2788777/user2788777"},"is_answered":false,"view_count":877,"answer_count":1,"score":0,"last_activity_date":1645619205,"creation_date":1645076972,"last_edit_date":1645619205,"question_id":71153071,"content_license":"CC BY-SA 4.0","link":"https://stackoverflow.com/questions/71153071/getting-connection-closed-exception-while-inserting-messages-to-evenhub-using-it","title":"Getting connection closed exception while inserting messages to Evenhub using its client"},{"tags":["amazon-web-services","machine-learning","data-science","amazon-sagemaker"],"owner":{"account_id":24284304,"reputation":11,"user_id":18230273,"user_type":"registered","profile_image":"https://lh3.googleusercontent.com/a-/AOh14GgCvw7IhyeTbD-cFsN1qxJozB1rEWLOXIKiYHmw=k-s256","display_name":"Faheem Ul Nisa","link":"https://stackoverflow.com/users/18230273/faheem-ul-nisa"},"is_answered":false,"view_count":168,"answer_count":1,"score":-1,"last_activity_date":1645488923,"creation_date":1645076951,"question_id":71153067,"content_license":"CC BY-SA 4.0","link":"https://stackoverflow.com/questions/71153067/hyperparametertuning-job-failed","title":"HyperParameterTuning job failed"},{"tags":["html","css"],"owner":{"account_id":24284075,"reputation":140,"user_id":18230081,"user_type":"registered","profile_image":"https://lh3.googleusercontent.com/a-/AOh14GhBOxXnW3r16045nz84WQY8Ua0xfmVjcoa4_NXEcA=k-s256","display_name":"frielmv","link":"https://stackoverflow.com/users/18230081/frielmv"},"is_answered":true,"view_count":42,"accepted_answer_id":71153096,"answer_count":1,"score":0,"last_activity_date":1645107707,"creation_date":1645076899,"last_edit_date":1645107707,"question_id":71153063,"content_license":"CC BY-SA 4.0","link":"https://stackoverflow.com/questions/71153063/how-do-i-center-a-letter-on-its-background-color-when-using-the-letter-spacing-p","title":"How do I center a letter on its background-color when using the letter-spacing property?"},{"tags":["javascript","date-fns"],"owner":{"account_id":7814052,"reputation":3990,"user_id":5909368,"user_type":"registered","accept_rate":72,"profile_image":"https://www.gravatar.com/avatar/57bd899ca47d95728264aab94a8b6f2a?s=256&d=identicon&r=PG&f=y&so-version=2","display_name":"asanas","link":"https://stackoverflow.com/users/5909368/asanas"},"is_answered":true,"view_count":1413,"accepted_answer_id":71153449,"answer_count":1,"score":1,"last_activity_date":1645079552,"creation_date":1645076830,"question_id":71153056,"content_license":"CC BY-SA 4.0","link":"https://stackoverflow.com/questions/71153056/date-fns-countdown-to-a-specific-date","title":"Date-fns: Countdown to a specific date"},{"tags":["asp.net",".net","post","http-status-code-500"],"owner":{"account_id":1870828,"reputation":19106,"user_id":1693085,"user_type":"registered","accept_rate":82,"profile_image":"https://www.gravatar.com/avatar/89d96f4a92f0053e9f2c9a8b06c011a0?s=256&d=identicon&r=PG","display_name":"John Bustos","link":"https://stackoverflow.com/users/1693085/john-bustos"},"is_answered":false,"view_count":220,"answer_count":1,"score":0,"last_activity_date":1645113209,"creation_date":1645076812,"last_edit_date":1645113209,"question_id":71153054,"content_license":"CC BY-SA 4.0","link":"https://stackoverflow.com/questions/71153054/500-error-0x80070005-e-accessdenied-in-asp-net-core-api-with-referenced-proj","title":"500 Error (0x80070005 (E_ACCESSDENIED)) in ASP.Net Core API with referenced project"},{"tags":["r","csv"],"owner":{"account_id":24284283,"reputation":1,"user_id":18230254,"user_type":"registered","profile_image":"https://www.gravatar.com/avatar/2a788cc91bb1433d829afbd6830568d4?s=256&d=identicon&r=PG","display_name":"Idonotknowwhatiamdoing","link":"https://stackoverflow.com/users/18230254/idonotknowwhatiamdoing"},"is_answered":false,"view_count":482,"answer_count":0,"score":0,"last_activity_date":1645076779,"creation_date":1645076779,"question_id":71153052,"content_license":"CC BY-SA 4.0","link":"https://stackoverflow.com/questions/71153052/error-in-file-existswritecsv-invalid-file-argument","title":"Error in file.exists(writeCSV) : invalid &#39;file&#39; argument"},{"tags":["arrays","algorithm","bit-manipulation","bitwise-operators","bit"],"owner":{"account_id":24130432,"reputation":93,"user_id":18098109,"user_type":"registered","profile_image":"https://www.gravatar.com/avatar/fd92107d0fbc0ebb3b98ddecf7048839?s=256&d=identicon&r=PG","display_name":"Yash Bhardwaj","link":"https://stackoverflow.com/users/18098109/yash-bhardwaj"},"is_answered":true,"view_count":1301,"accepted_answer_id":71155826,"answer_count":1,"score":0,"last_activity_date":1657516925,"creation_date":1645076756,"last_edit_date":1645085134,"question_id":71153047,"content_license":"CC BY-SA 4.0","link":"https://stackoverflow.com/questions/71153047/choose-an-element-from-array-to-maximize-sum-after-xor-all-elements-in-array","title":"Choose an element from array to maximize sum after XOR all elements in array"},{"tags":["rocket.chat"],"owner":{"account_id":2053187,"reputation":478,"user_id":10472898,"user_type":"registered","profile_image":"https://i.stack.imgur.com/auKFP.jpg?s=256&g=1","display_name":"Gowtham GS","link":"https://stackoverflow.com/users/10472898/gowtham-gs"},"is_answered":true,"view_count":317,"answer_count":1,"score":0,"last_activity_date":1653424733,"creation_date":1645076653,"question_id":71153041,"content_license":"CC BY-SA 4.0","link":"https://stackoverflow.com/questions/71153041/how-to-obtain-visitortoken-from-rocketchat-server","title":"How to obtain VisitorToken from RocketChat server"},{"tags":["c#","blazor","blazor-server-side","syncfusion"],"owner":{"account_id":22243591,"reputation":3,"user_id":16477646,"user_type":"registered","profile_image":"https://www.gravatar.com/avatar/c12607edc2ec2dbc1da63fc9dd4801df?s=256&d=identicon&r=PG&f=y&so-version=2","display_name":"antonio99","link":"https://stackoverflow.com/users/16477646/antonio99"},"is_answered":false,"view_count":465,"answer_count":1,"score":0,"last_activity_date":1646151634,"creation_date":1645076647,"question_id":71153040,"content_license":"CC BY-SA 4.0","link":"https://stackoverflow.com/questions/71153040/how-to-change-selected-rows-color-without-click","title":"How to change selected row&#39;s color without click"},{"tags":["delphi","winapi"],"owner":{"account_id":10976,"reputation":6577,"user_id":20979,"user_type":"registered","accept_rate":79,"profile_image":"https://www.gravatar.com/avatar/df287e1d330900f15e46338c34075ff1?s=256&d=identicon&r=PG","display_name":"Tom","link":"https://stackoverflow.com/users/20979/tom"},"is_answered":true,"view_count":1018,"accepted_answer_id":71230368,"answer_count":1,"score":0,"last_activity_date":1645633364,"creation_date":1645076632,"question_id":71153037,"content_license":"CC BY-SA 4.0","link":"https://stackoverflow.com/questions/71153037/how-to-hide-app-from-alttab-but-not-from-the-taskbar-icon-row","title":"How to hide App from ALT+TAB but not from the Taskbar (icon row)"},{"tags":["c++","visual-studio-2022","clang-cl"],"owner":{"account_id":14187325,"reputation":817,"user_id":10248920,"user_type":"registered","profile_image":"https://www.gravatar.com/avatar/e654909a60b584648c48c64f31c2bf62?s=256&d=identicon&r=PG&f=y&so-version=2","display_name":"Newline","link":"https://stackoverflow.com/users/10248920/newline"},"is_answered":false,"view_count":409,"answer_count":0,"score":2,"last_activity_date":1645076632,"creation_date":1645076632,"question_id":71153036,"content_license":"CC BY-SA 4.0","link":"https://stackoverflow.com/questions/71153036/using-c20-modules-with-visual-studio-and-clang-cl-13","title":"Using c++20 modules with Visual Studio and Clang-cl 13"},{"tags":["stripe-payments","svelte","http-status-code-400"],"owner":{"account_id":19504408,"reputation":25,"user_id":14269763,"user_type":"registered","profile_image":"https://www.gravatar.com/avatar/f47dabe05dc3288848e1e09518af5e63?s=256&d=identicon&r=PG&f=y&so-version=2","display_name":"rraj","link":"https://stackoverflow.com/users/14269763/rraj"},"is_answered":true,"view_count":2819,"accepted_answer_id":71166622,"answer_count":1,"score":1,"last_activity_date":1645140207,"creation_date":1645076561,"last_edit_date":1645080355,"question_id":71153028,"content_license":"CC BY-SA 4.0","link":"https://stackoverflow.com/questions/71153028/cors-on-stripe-https-js-stripe-com","title":"CORS on Stripe https://js.stripe.com"}],"has_more":true,"quota_max":300,"quota_remaining":282}