{"items":[{"tags":["java","generics","lambda"],"owner":{"account_id":15040369,"reputation":919,"user_id":10855224,"user_type":"registered","profile_image":"https://www.gravatar.com/avatar/43c3b349e1bf69483ee37a95cdf6a51e?s=256&d=identicon&r=PG&f=y&so-version=2","display_name":"Woodsman","link":"https://stackoverflow.com/users/10855224/woodsman"},"is_answered":false,"view_count":92,"answer_count":1,"score":0,"last_activity_date":1647441627,"creation_date":1647410393,"last_edit_date":1647440287,"question_id":71492395,"content_license":"CC BY-SA 4.0","link":"https://stackoverflow.com/questions/71492395/easy-type-erasure-of-return-type-completablefuture-lambda-chain","title":"Easy Type erasure? of return type CompletableFuture lambda chain"},{"tags":["android","dagger-2","dagger","dagger-hilt","dynamic-feature-module"],"owner":{"account_id":13249826,"reputation":81,"user_id":9567641,"user_type":"registered","profile_image":"https://graph.facebook.com/1668704316558484/picture?type=large","display_name":"Sammy Freeman","link":"https://stackoverflow.com/users/9567641/sammy-freeman"},"is_answered":false,"view_count":1071,"answer_count":0,"score":0,"last_activity_date":1647410386,"creation_date":1647410386,"question_id":71492393,"content_license":"CC BY-SA 4.0","link":"https://stackoverflow.com/questions/71492393/how-to-repleace-dependency-in-hilt-with-dynamic-feature-module-in-instrumenttest","title":"How to repleace dependency in hilt with dynamic feature module in instrumentTest?"},{"tags":["javascript","reactjs","forms"],"owner":{"account_id":24102348,"reputation":697,"user_id":18074016,"user_type":"registered","profile_image":"https://lh3.googleusercontent.com/a-/AOh14Gg7vHTMBbR3FSKR4sQTVCR3_H_LpQl42wL4u_WorQ=k-s256","display_name":"Jerin","link":"https://stackoverflow.com/users/18074016/jerin"},"is_answered":true,"view_count":1519,"answer_count":1,"score":0,"last_activity_date":1647418331,"creation_date":1647410383,"last_edit_date":1647418331,"question_id":71492392,"content_license":"CC BY-SA 4.0","link":"https://stackoverflow.com/questions/71492392/facing-nested-form-submit-issue-in-react-js","title":"Facing nested form submit issue in react js"},{"tags":["python","coinbase-api"],"owner":{"account_id":24573414,"reputation":1,"user_id":18479515,"user_type":"registered","profile_image":"https://www.gravatar.com/avatar/7195a4a805c47b0c4b15f668c8ad52a2?s=256&d=identicon&r=PG","display_name":"primitus","link":"https://stackoverflow.com/users/18479515/primitus"},"is_answered":true,"view_count":512,"accepted_answer_id":71509416,"answer_count":3,"score":0,"last_activity_date":1647507023,"creation_date":1647410378,"question_id":71492391,"content_license":"CC BY-SA 4.0","link":"https://stackoverflow.com/questions/71492391/is-my-code-crashing-because-of-internet-connection-issue-if-so-is-there-a-way-i","title":"Is my code crashing because of internet connection issue? if so is there a way i can make a snippet of code to check connection before trying api?"},{"tags":["swift","core-data","nspersistentcloudkitcontainer"],"owner":{"account_id":1452962,"reputation":7003,"user_id":1369331,"user_type":"registered","accept_rate":59,"profile_image":"https://i.stack.imgur.com/ZFFPo.jpg?s=256&g=1","display_name":"barndog","link":"https://stackoverflow.com/users/1369331/barndog"},"is_answered":true,"view_count":745,"accepted_answer_id":72616295,"answer_count":1,"score":5,"last_activity_date":1655554832,"creation_date":1647410320,"question_id":71492385,"content_license":"CC BY-SA 4.0","link":"https://stackoverflow.com/questions/71492385/nspersistentcloudkitcontainer-and-persistent-history-tracking","title":"NSPersistentCloudKitContainer and persistent history tracking"},{"tags":["xamarin.forms","radio-button"],"owner":{"account_id":6085,"reputation":13688,"user_id":10088,"user_type":"registered","accept_rate":71,"profile_image":"https://www.gravatar.com/avatar/2620fde7c69e1d711525469ffb8abaf1?s=256&d=identicon&r=PG","display_name":"Haoest","link":"https://stackoverflow.com/users/10088/haoest"},"is_answered":true,"view_count":565,"accepted_answer_id":71492814,"answer_count":1,"score":0,"last_activity_date":1647417158,"creation_date":1647410303,"question_id":71492383,"content_license":"CC BY-SA 4.0","link":"https://stackoverflow.com/questions/71492383/radio-button-not-pre-selecting-on-screen-loading","title":"radio button not pre-selecting on screen loading"},{"tags":["node.js"],"owner":{"account_id":1061100,"reputation":1450,"user_id":1062714,"user_type":"registered","accept_rate":67,"profile_image":"https://www.gravatar.com/avatar/6ea5efd929017c313d90b52b0a6f01fa?s=256&d=identicon&r=PG","display_name":"James","link":"https://stackoverflow.com/users/1062714/james"},"is_answered":false,"view_count":41,"answer_count":1,"score":0,"last_activity_date":1647534075,"creation_date":1647410296,"last_edit_date":1647533734,"question_id":71492382,"content_license":"CC BY-SA 4.0","link":"https://stackoverflow.com/questions/71492382/nodejs-how-do-i-detect-other-copies-of-my-program","title":"NodeJS - How do I detect other copies of my program?"},{"tags":["javascript","paint","p5.js"],"owner":{"account_id":24573350,"reputation":23,"user_id":18479457,"user_type":"registered","profile_image":"https://www.gravatar.com/avatar/69625335242f49d637b929a50a997843?s=256&d=identicon&r=PG","display_name":"NewToCoding","link":"https://stackoverflow.com/users/18479457/newtocoding"},"is_answered":true,"view_count":973,"accepted_answer_id":71495902,"answer_count":1,"score":2,"last_activity_date":1653343791,"creation_date":1647410223,"question_id":71492376,"content_license":"CC BY-SA 4.0","link":"https://stackoverflow.com/questions/71492376/make-p5js-project-run-faster","title":"Make p5js project run faster"},{"tags":["python","loops"],"owner":{"account_id":23797923,"reputation":49,"user_id":17808532,"user_type":"registered","profile_image":"https://lh3.googleusercontent.com/a/AATXAJyO0SPFlWCa5P3KRMwYwU7C_ewy8LvACwZ1-Ka5=k-s256","display_name":"aycee ","link":"https://stackoverflow.com/users/17808532/aycee"},"is_answered":true,"view_count":432,"accepted_answer_id":71492414,"answer_count":2,"score":1,"last_activity_date":1647411395,"creation_date":1647410212,"question_id":71492375,"content_license":"CC BY-SA 4.0","link":"https://stackoverflow.com/questions/71492375/skip-duplicate-words-in-counting-a-string","title":"Skip duplicate words in counting a string"},{"tags":["html","css","sass"],"owner":{"account_id":19248227,"reputation":318,"user_id":15173572,"user_type":"registered","profile_image":"https://lh3.googleusercontent.com/a-/AOh14GhT7k6BlUd2XkYMBZZVvwGJObr-ROdhG0AWz9NpUw=k-s256","display_name":"John Huang","link":"https://stackoverflow.com/users/15173572/john-huang"},"is_answered":true,"view_count":98,"accepted_answer_id":71492629,"answer_count":1,"score":0,"last_activity_date":1647412078,"creation_date":1647410195,"last_edit_date":1647410537,"question_id":71492372,"content_license":"CC BY-SA 4.0","link":"https://stackoverflow.com/questions/71492372/hiding-element-with-max-width0","title":"Hiding element with max-width:0?"},{"tags":["node.js","iis"],"owner":{"account_id":23936968,"reputation":25,"user_id":17930591,"user_type":"registered","profile_image":"https://lh3.googleusercontent.com/a/AATXAJwEyFWQkcBp--pjHEUcrNosx5B2V-oi9rJOHRnX=k-s256","display_name":"Muhammad Osama","link":"https://stackoverflow.com/users/17930591/muhammad-osama"},"is_answered":true,"view_count":412,"answer_count":1,"score":0,"last_activity_date":1647412304,"creation_date":1647410166,"question_id":71492370,"content_license":"CC BY-SA 4.0","link":"https://stackoverflow.com/questions/71492370/trying-to-deploy-my-nodejs-api-using-reverse-proxy-method-but-getting-error","title":"Trying to deploy my nodejs api using reverse proxy method but getting error:"},{"tags":["android","ios","flutter","localization","revenuecat"],"owner":{"account_id":3395798,"reputation":3700,"user_id":2849458,"user_type":"registered","accept_rate":52,"profile_image":"https://i.stack.imgur.com/o7RRM.png?s=256&g=1","display_name":"M.ArslanKhan","link":"https://stackoverflow.com/users/2849458/m-arslankhan"},"is_answered":false,"view_count":683,"answer_count":0,"score":3,"last_activity_date":1668712368,"creation_date":1647410114,"last_edit_date":1668712368,"question_id":71492361,"content_license":"CC BY-SA 4.0","link":"https://stackoverflow.com/questions/71492361/how-to-test-currency-localisation-using-revenuecat-in-android","title":"How to test currency localisation using Revenuecat in android"},{"tags":["sas"],"owner":{"account_id":10817911,"reputation":479,"user_id":7956263,"user_type":"registered","profile_image":"https://lh3.googleusercontent.com/-24-YmgbXkrM/AAAAAAAAAAI/AAAAAAAAATI/tje35LpDlIY/photo.jpg?sz=256","display_name":"BoTz","link":"https://stackoverflow.com/users/7956263/botz"},"is_answered":true,"view_count":323,"accepted_answer_id":71498241,"answer_count":3,"score":0,"last_activity_date":1647445246,"creation_date":1647410114,"last_edit_date":1647414264,"question_id":71492360,"content_license":"CC BY-SA 4.0","link":"https://stackoverflow.com/questions/71492360/sas-adding-aggregated-data-to-same-dataset","title":"SAS: Adding aggregated data to same dataset"},{"tags":["python","numpy","scipy","sparse-matrix","solver"],"owner":{"account_id":17872358,"reputation":1675,"user_id":12983399,"user_type":"registered","profile_image":"https://lh3.googleusercontent.com/a-/AOh14GjJjIjNsmPKEUAd13VwsLxi0vEO0Zv9hsbk54nA4A=k-s256","display_name":"amzon-ex","link":"https://stackoverflow.com/users/12983399/amzon-ex"},"is_answered":false,"view_count":188,"answer_count":0,"score":0,"last_activity_date":1647410090,"creation_date":1647410090,"question_id":71492358,"content_license":"CC BY-SA 4.0","link":"https://stackoverflow.com/questions/71492358/difference-in-results-with-sparse-solver","title":"Difference in results with sparse solver"},{"tags":["puppeteer"],"owner":{"account_id":17562833,"reputation":1,"user_id":12740402,"user_type":"registered","profile_image":"https://www.gravatar.com/avatar/2721c7257e677d96b49cbae9fe4b8fcc?s=256&d=identicon&r=PG&f=y&so-version=2","display_name":"pkjy","link":"https://stackoverflow.com/users/12740402/pkjy"},"is_answered":false,"view_count":91,"answer_count":0,"score":0,"last_activity_date":1647410010,"creation_date":1647410010,"question_id":71492346,"content_license":"CC BY-SA 4.0","link":"https://stackoverflow.com/questions/71492346/how-to-remove-window-chrome-in-headful-puppeteer","title":"How to remove window.chrome in headful puppeteer?"},{"tags":["python","datetime","timedelta"],"owner":{"account_id":24573432,"reputation":9,"user_id":18479531,"user_type":"registered","profile_image":"https://www.gravatar.com/avatar/8efabc09459308af4647735a0a63d284?s=256&d=identicon&r=PG","display_name":"Jenn","link":"https://stackoverflow.com/users/18479531/jenn"},"is_answered":false,"view_count":431,"answer_count":1,"score":0,"last_activity_date":1647410597,"creation_date":1647410010,"question_id":71492345,"content_license":"CC BY-SA 4.0","link":"https://stackoverflow.com/questions/71492345/converting-seconds-to-minutes-using-datetime-timedelta","title":"Converting seconds to minutes using datetime.timedelta"},{"tags":["django","django-models","django-migrations"],"owner":{"account_id":22519090,"reputation":38,"user_id":16712932,"user_type":"registered","profile_image":"https://www.gravatar.com/avatar/222024e2d284ac1e8ce58528932a1604?s=256&d=identicon&r=PG&f=y&so-version=2","display_name":"SG26","link":"https://stackoverflow.com/users/16712932/sg26"},"is_answered":false,"view_count":78,"answer_count":0,"score":0,"last_activity_date":1647422659,"creation_date":1647410010,"last_edit_date":1647422659,"question_id":71492344,"content_license":"CC BY-SA 4.0","link":"https://stackoverflow.com/questions/71492344/programmingerror-at-admin-patients-appointment-column-patients-appointment-dat","title":"ProgrammingError at /admin/patients/appointment/ column patients_appointment.date does not exist"},{"tags":["flutter","dart"],"owner":{"account_id":24337441,"reputation":269,"user_id":18275286,"user_type":"registered","profile_image":"https://lh3.googleusercontent.com/a/AATXAJx6w6A8XXR7HMxkfk_AhQWaCl1rcPmdxHaFQUa7=k-s256","display_name":"John Reaper","link":"https://stackoverflow.com/users/18275286/john-reaper"},"is_answered":true,"view_count":207,"answer_count":2,"score":1,"last_activity_date":1668712331,"creation_date":1647410010,"last_edit_date":1668712331,"question_id":71492343,"content_license":"CC BY-SA 4.0","link":"https://stackoverflow.com/questions/71492343/cant-add-integration-test-package","title":"Can&#39;t add integration_test package"},{"tags":["ios","swift","xcode","swiftui"],"owner":{"account_id":20613159,"reputation":121,"user_id":15131877,"user_type":"registered","profile_image":"https://lh3.googleusercontent.com/-6O1aB7GtfLw/AAAAAAAAAAI/AAAAAAAAAAA/AMZuuckqxNE8FTcYYt3eC_Pj9zEcf_9yUA/s96-c/photo.jpg?sz=256","display_name":"Mohamed Elsayed","link":"https://stackoverflow.com/users/15131877/mohamed-elsayed"},"is_answered":false,"view_count":356,"answer_count":0,"score":1,"last_activity_date":1647441367,"creation_date":1647409976,"last_edit_date":1647441367,"question_id":71492339,"content_license":"CC BY-SA 4.0","link":"https://stackoverflow.com/questions/71492339/scroll-view-does-not-update-dynamically-when-adding-new-objects","title":"Scroll View does not update dynamically when adding new objects"},{"tags":["javascript","reactjs","typescript","browserify"],"owner":{"account_id":496026,"reputation":601,"user_id":1105788,"user_type":"registered","accept_rate":89,"profile_image":"https://www.gravatar.com/avatar/93497a06bfc480d160bcbf0f84aaf61d?s=256&d=identicon&r=PG&f=y&so-version=2","display_name":"Prakash","link":"https://stackoverflow.com/users/1105788/prakash"},"is_answered":false,"view_count":494,"answer_count":0,"score":4,"last_activity_date":1650355662,"creation_date":1647409966,"question_id":71492338,"content_license":"CC BY-SA 4.0","link":"https://stackoverflow.com/questions/71492338/typeerror-class-extends-value-undefined-is-not-a-constructor-or-null-while-usin","title":"TypeError: Class extends value undefined is not a constructor or null while using stream-browserify"},{"tags":["angular","angular-router","azure-static-web-app","azure-static-website-routing"],"owner":{"account_id":24540309,"reputation":39,"user_id":18450730,"user_type":"registered","profile_image":"https://www.gravatar.com/avatar/71d85e4fad70c33e3706c238cf421b2d?s=256&d=identicon&r=PG","display_name":"linuxuserind","link":"https://stackoverflow.com/users/18450730/linuxuserind"},"is_answered":false,"view_count":1033,"answer_count":0,"score":1,"last_activity_date":1650343184,"creation_date":1647409959,"last_edit_date":1647439480,"question_id":71492337,"content_license":"CC BY-SA 4.0","link":"https://stackoverflow.com/questions/71492337/angular-routermodule-getting-404-on-page-refresh-with-path-defined-in-routes-a","title":"Angular RouterModule - getting 404 on page refresh with path defined in routes Azure Static Web Apps"},{"tags":["sql","oracle","plsql","oracle-sqldeveloper","sql-navigator"],"owner":{"account_id":12466784,"reputation":95,"user_id":9076414,"user_type":"registered","profile_image":"https://www.gravatar.com/avatar/521bf3b84a062ce7aa4b43fdbf01bedf?s=256&d=identicon&r=PG&f=y&so-version=2","display_name":"DeekuSen","link":"https://stackoverflow.com/users/9076414/deekusen"},"is_answered":true,"view_count":577,"answer_count":1,"score":0,"last_activity_date":1647432343,"creation_date":1647409876,"question_id":71492329,"content_license":"CC BY-SA 4.0","link":"https://stackoverflow.com/questions/71492329/import-default-pl-sql-format-settings-of-sql-navigator-into-sql-developer","title":"Import default PL/SQL format settings of SQL Navigator into SQL Developer"},{"tags":["javascript"],"owner":{"account_id":24353048,"reputation":21,"user_id":18288638,"user_type":"registered","profile_image":"https://www.gravatar.com/avatar/5a187f9bd68924b3ba36e77ee19dbbb2?s=256&d=identicon&r=PG","display_name":"ryan","link":"https://stackoverflow.com/users/18288638/ryan"},"is_answered":true,"view_count":89,"answer_count":4,"score":-2,"last_activity_date":1647420217,"creation_date":1647409875,"question_id":71492328,"content_license":"CC BY-SA 4.0","link":"https://stackoverflow.com/questions/71492328/how-to-convert-a-complex-array-to-object","title":"how to convert a complex array to object"},{"tags":["reactjs","json","fetch","setinterval"],"owner":{"account_id":24341627,"reputation":47,"user_id":18278945,"user_type":"registered","profile_image":"https://lh3.googleusercontent.com/a-/AOh14GiZ8SlSaIU4rV9Jom_-gASgv112t1cpvO6u2rR4=k-s256","display_name":"Android 17 Savage","link":"https://stackoverflow.com/users/18278945/android-17-savage"},"is_answered":true,"view_count":1339,"accepted_answer_id":71507257,"answer_count":1,"score":3,"last_activity_date":1651682052,"creation_date":1647409837,"question_id":71492323,"content_license":"CC BY-SA 4.0","link":"https://stackoverflow.com/questions/71492323/continuously-fetch-api-for-new-data-react-fetch","title":"Continuously Fetch API For new data React Fetch"},{"tags":["perl","mojolicious"],"owner":{"account_id":344085,"reputation":4725,"user_id":676192,"user_type":"registered","accept_rate":72,"profile_image":"https://www.gravatar.com/avatar/fcef8c55deae46cc0bfe986b2c189f70?s=256&d=identicon&r=PG","display_name":"simone","link":"https://stackoverflow.com/users/676192/simone"},"is_answered":true,"view_count":237,"accepted_answer_id":71496486,"answer_count":1,"score":2,"last_activity_date":1647430898,"creation_date":1647409776,"last_edit_date":1647422138,"question_id":71492318,"content_license":"CC BY-SA 4.0","link":"https://stackoverflow.com/questions/71492318/template-in-mojolicious-controller-not-found","title":"Template in Mojolicious controller not found"},{"tags":["c#"],"owner":{"account_id":24140998,"reputation":33,"user_id":18107192,"user_type":"registered","profile_image":"https://www.gravatar.com/avatar/fad74af687c897cea93f2548128d94b9?s=256&d=identicon&r=PG","display_name":"Scripter0083","link":"https://stackoverflow.com/users/18107192/scripter0083"},"is_answered":false,"view_count":108,"answer_count":0,"score":0,"last_activity_date":1647422897,"creation_date":1647409738,"last_edit_date":1647422897,"question_id":71492315,"content_license":"CC BY-SA 4.0","link":"https://stackoverflow.com/questions/71492315/capturing-the-output-of-a-powershell-process-started-from-a-wpf-app","title":"Capturing the output of a PowerShell process started from a WPF app"},{"tags":["java","android","google-cloud-firestore","android-recyclerview","firebase-storage"],"owner":{"account_id":17525669,"reputation":69,"user_id":12741593,"user_type":"registered","profile_image":"https://lh3.googleusercontent.com/a-/AAuE7mAADYmZpS6VRslJ6xGQMGYeJRi6zanQYe8G2zfO=k-s256","display_name":"Eye Lamp","link":"https://stackoverflow.com/users/12741593/eye-lamp"},"is_answered":true,"view_count":37,"answer_count":1,"score":0,"last_activity_date":1647413236,"creation_date":1647409725,"question_id":71492313,"content_license":"CC BY-SA 4.0","link":"https://stackoverflow.com/questions/71492313/firestore-using-recyclerview-i-want-to-append-a-picture","title":"Firestore using recyclerview I want to append a picture"},{"tags":["python","django","database"],"owner":{"account_id":15285471,"reputation":147,"user_id":14968114,"user_type":"registered","profile_image":"https://lh3.googleusercontent.com/a-/AOh14Gh_s3RQ7oPwt_BH9SNeHPSggBaXtJikaoPsmnTvAA=k-s256","display_name":"Semih","link":"https://stackoverflow.com/users/14968114/semih"},"is_answered":false,"view_count":156,"answer_count":0,"score":1,"last_activity_date":1647409701,"creation_date":1647409701,"question_id":71492310,"content_license":"CC BY-SA 4.0","link":"https://stackoverflow.com/questions/71492310/django-multiple-databases-for-different-users","title":"Django Multiple Databases for Different Users"},{"tags":["php","remote-server","public-html","dirname","ssh2-exec"],"owner":{"account_id":6406576,"reputation":553,"user_id":4967572,"user_type":"registered","accept_rate":57,"profile_image":"https://lh3.googleusercontent.com/-nC0Nx6Cz-RA/AAAAAAAAAAI/AAAAAAAAABY/0zyI_Lm338M/photo.jpg?sz=256","display_name":"Jim Dandy BOA","link":"https://stackoverflow.com/users/4967572/jim-dandy-boa"},"is_answered":false,"view_count":269,"answer_count":0,"score":0,"last_activity_date":1647409686,"creation_date":1647409686,"question_id":71492306,"content_license":"CC BY-SA 4.0","link":"https://stackoverflow.com/questions/71492306/php-ssh2-connection-ssh2-exec-does-not-seem-to-support-executing-dirname-dir","title":"PHP SSH2 Connection, ssh2_exec does not seem to support Executing dirname(__DIR__) or $_SERVER[&#39;DOCUMENT_ROOT&#39;] on Remote Server"},{"tags":["reactjs","redux-toolkit"],"owner":{"account_id":24068435,"reputation":85,"user_id":18047912,"user_type":"registered","profile_image":"https://www.gravatar.com/avatar/0400e5087f8851192f7c48a5a84a1ef7?s=256&d=identicon&r=PG","display_name":"simplesample","link":"https://stackoverflow.com/users/18047912/simplesample"},"is_answered":true,"view_count":699,"accepted_answer_id":71493362,"answer_count":1,"score":1,"last_activity_date":1647418246,"creation_date":1647409670,"question_id":71492305,"content_license":"CC BY-SA 4.0","link":"https://stackoverflow.com/questions/71492305/how-to-properly-check-action-payload-for-existence-in-the-store","title":"How to properly check action.payload for existence in the store?"}],"has_more":true,"quota_max":300,"quota_remaining":174}