{"items":[{"tags":["unity-game-engine","uielement","gui-toolkit","uibuilder"],"owner":{"account_id":8220369,"reputation":67,"user_id":6185122,"user_type":"registered","profile_image":"https://lh4.googleusercontent.com/-tZ5gEp0Qe3g/AAAAAAAAAAI/AAAAAAAAADo/AGoimMjnDYk/photo.jpg?sz=256","display_name":"Sander Mez","link":"https://stackoverflow.com/users/6185122/sander-mez"},"is_answered":false,"view_count":944,"answer_count":2,"score":0,"last_activity_date":1650970324,"creation_date":1650931183,"last_edit_date":1650931955,"question_id":72006895,"content_license":"CC BY-SA 4.0","link":"https://stackoverflow.com/questions/72006895/how-to-change-multiple-ui-elements-on-runtime","title":"how to change multiple UI elements on runtime"},{"tags":["python","sql","python-3.x"],"owner":{"account_id":9820008,"reputation":417,"user_id":7275153,"user_type":"registered","profile_image":"https://www.gravatar.com/avatar/295e3becb965a3b9318fdf0c2733440f?s=256&d=identicon&r=PG&f=y&so-version=2","display_name":"worldCurrencies","link":"https://stackoverflow.com/users/7275153/worldcurrencies"},"is_answered":false,"view_count":15,"answer_count":0,"score":0,"last_activity_date":1650932729,"creation_date":1650931163,"last_edit_date":1650932729,"question_id":72006891,"content_license":"CC BY-SA 4.0","link":"https://stackoverflow.com/questions/72006891/mssql-statement-in-python-with-multiple-conditions-then-adding-together-the-dat","title":"MSSQL statement in Python with multiple conditions, then adding together the dataframes"},{"tags":["python","artificial-intelligence","chess","iterative-deepening"],"owner":{"account_id":11009726,"reputation":147,"user_id":8277998,"user_type":"registered","profile_image":"https://www.gravatar.com/avatar/2526a34faf876765d9dd76d43d9e3fa5?s=256&d=identicon&r=PG&f=y&so-version=2","display_name":"user8277998","link":"https://stackoverflow.com/users/8277998/user8277998"},"is_answered":true,"view_count":757,"accepted_answer_id":72017693,"answer_count":1,"score":0,"last_activity_date":1650991750,"creation_date":1650931118,"last_edit_date":1650972366,"question_id":72006889,"content_license":"CC BY-SA 4.0","link":"https://stackoverflow.com/questions/72006889/iterative-deepening-and-move-ordering","title":"Iterative deepening and move ordering"},{"tags":["sparql","rdf"],"owner":{"account_id":109942,"reputation":468,"user_id":291099,"user_type":"registered","accept_rate":100,"profile_image":"https://www.gravatar.com/avatar/e3ae62dc76eff1bb41f9c23115af34cf?s=256&d=identicon&r=PG","display_name":"Jimmy Ruska","link":"https://stackoverflow.com/users/291099/jimmy-ruska"},"is_answered":true,"view_count":281,"closed_date":1651195255,"accepted_answer_id":72031892,"answer_count":1,"score":0,"last_activity_date":1651075090,"creation_date":1650931105,"last_edit_date":1650952992,"question_id":72006888,"link":"https://stackoverflow.com/questions/72006888/how-do-i-recursively-follow-blank-nodes-to-get-all-triples-about-an-object","closed_reason":"Duplicate","title":"How do I recursively follow blank nodes to get all triples about an object?"},{"tags":["javascript"],"owner":{"account_id":1903230,"reputation":6570,"user_id":1718632,"user_type":"registered","accept_rate":60,"profile_image":"https://i.stack.imgur.com/q6iDn.jpg?s=256&g=1","display_name":"delphirules","link":"https://stackoverflow.com/users/1718632/delphirules"},"is_answered":true,"view_count":519,"accepted_answer_id":72006969,"answer_count":3,"score":0,"last_activity_date":1650951661,"creation_date":1650931082,"question_id":72006887,"content_license":"CC BY-SA 4.0","link":"https://stackoverflow.com/questions/72006887/how-to-event-click-on-div-except-if-the-clicked-element-is-a-specific-one","title":"How to event click on DIV except if the clicked element is a specific one"},{"tags":["python","string","dictionary","substring"],"owner":{"account_id":19998255,"reputation":332,"user_id":14657815,"user_type":"registered","profile_image":"https://www.gravatar.com/avatar/b399418a52e601fe775070777366ddd8?s=256&d=identicon&r=PG&f=y&so-version=2","display_name":"mdeverna","link":"https://stackoverflow.com/users/14657815/mdeverna"},"is_answered":true,"view_count":628,"accepted_answer_id":72007011,"answer_count":3,"score":0,"last_activity_date":1650934219,"creation_date":1650931080,"question_id":72006886,"content_license":"CC BY-SA 4.0","link":"https://stackoverflow.com/questions/72006886/sum-values-of-dictionary-if-any-character-within-key-strings-match","title":"Sum values of dictionary if any character within key strings match"},{"tags":["node.js","typescript","debugging","visual-studio-code","vscode-debugger"],"owner":{"account_id":6816705,"reputation":1745,"user_id":5245139,"user_type":"registered","profile_image":"https://graph.facebook.com/1112402568787566/picture?type=large","display_name":"Ocie Mitchell","link":"https://stackoverflow.com/users/5245139/ocie-mitchell"},"is_answered":false,"view_count":71,"answer_count":2,"score":1,"last_activity_date":1651013234,"creation_date":1650931076,"last_edit_date":1650949088,"question_id":72006885,"content_license":"CC BY-SA 4.0","link":"https://stackoverflow.com/questions/72006885/inconsistency-of-this-when-debugging-a-typescript-program-under-vs-code","title":"Inconsistency of `this` when debugging a typescript program under VS code"},{"tags":["python","macos","jupyter-notebook","anaconda","spyder"],"owner":{"account_id":14791935,"reputation":35,"user_id":10682610,"user_type":"registered","profile_image":"https://i.stack.imgur.com/0Nnkw.jpg?s=256&g=1","display_name":"Minh Trương","link":"https://stackoverflow.com/users/10682610/minh-tr%c6%b0%c6%a1ng"},"is_answered":false,"view_count":1322,"answer_count":0,"score":2,"last_activity_date":1650931023,"creation_date":1650931023,"question_id":72006881,"content_license":"CC BY-SA 4.0","link":"https://stackoverflow.com/questions/72006881/i-installed-the-spyder-notebook-plug-in-for-spyder-with-conda-install-but-it-did","title":"I Installed the Spyder Notebook plug-in for Spyder with conda install but it didn&#39;t work"},{"tags":["python"],"owner":{"account_id":24825957,"reputation":1,"user_id":18705748,"user_type":"registered","profile_image":"https://www.gravatar.com/avatar/85000483e3cbc7039c555cefd38314fa?s=256&d=identicon&r=PG","display_name":"charleywm","link":"https://stackoverflow.com/users/18705748/charleywm"},"is_answered":false,"view_count":26,"answer_count":0,"score":0,"last_activity_date":1650930978,"creation_date":1650930978,"question_id":72006879,"content_license":"CC BY-SA 4.0","link":"https://stackoverflow.com/questions/72006879/how-to-add-numbers-inside-of-a-program-that-reads-data","title":"How to add numbers inside of a program that reads data?"},{"tags":["reactjs","react-native","react-native-navigation"],"owner":{"account_id":11510543,"reputation":87,"user_id":8435518,"user_type":"registered","profile_image":"https://www.gravatar.com/avatar/20aef443716e37a6aba90449e8de5f88?s=256&d=identicon&r=PG&f=y&so-version=2","display_name":"Kevin B.","link":"https://stackoverflow.com/users/8435518/kevin-b"},"is_answered":true,"view_count":110,"accepted_answer_id":72007676,"answer_count":1,"score":0,"last_activity_date":1651070760,"creation_date":1650930946,"last_edit_date":1650931858,"question_id":72006876,"content_license":"CC BY-SA 4.0","link":"https://stackoverflow.com/questions/72006876/how-do-i-use-the-react-native-navigation-stack-with-class-components","title":"How do I use the React Native Navigation Stack with class components?"},{"tags":["firebase","flutter","dart","google-cloud-firestore"],"owner":{"account_id":7008697,"reputation":388,"user_id":7471054,"user_type":"registered","profile_image":"https://www.gravatar.com/avatar/ec732731fef11ae89aa8b82de0a103a1?s=256&d=identicon&r=PG","display_name":"ismail","link":"https://stackoverflow.com/users/7471054/ismail"},"is_answered":true,"view_count":37,"accepted_answer_id":72007247,"answer_count":1,"score":0,"last_activity_date":1650935353,"creation_date":1650930944,"last_edit_date":1650935353,"question_id":72006875,"content_license":"CC BY-SA 4.0","link":"https://stackoverflow.com/questions/72006875/making-sure-of-sending-commands-to-firestore","title":"Making sure of sending commands to firestore"},{"tags":["httprequest","google-directory-api"],"owner":{"account_id":5808795,"reputation":461,"user_id":6597821,"user_type":"registered","accept_rate":44,"profile_image":"https://i.stack.imgur.com/bt5HA.jpg?s=256&g=1","display_name":"Jason Jurotich","link":"https://stackoverflow.com/users/6597821/jason-jurotich"},"is_answered":false,"view_count":278,"answer_count":1,"score":0,"last_activity_date":1652474741,"creation_date":1650930944,"last_edit_date":1651338028,"question_id":72006874,"content_license":"CC BY-SA 4.0","link":"https://stackoverflow.com/questions/72006874/http-delete-request-to-google-directory-api-returning-412-precondition-is-not-me","title":"Http delete request to Google Directory API returning 412 Precondition is not met: location If-Match"},{"tags":["ios","iphone","app-store-connect"],"owner":{"account_id":117682,"reputation":331,"user_id":308070,"user_type":"registered","profile_image":"https://www.gravatar.com/avatar/e33976f84a1077f2e78bcd63bd90bde0?s=256&d=identicon&r=PG","display_name":"vladzz","link":"https://stackoverflow.com/users/308070/vladzz"},"is_answered":true,"view_count":948,"answer_count":1,"score":2,"last_activity_date":1650930893,"creation_date":1650930893,"question_id":72006870,"content_license":"CC BY-SA 4.0","link":"https://stackoverflow.com/questions/72006870/itmstransporter-could-not-generate-an-itmsp-null","title":"iTMSTransporter could not generate an itmsp: null"},{"tags":["vim","text-editor","neovim"],"owner":{"account_id":21686134,"reputation":67,"user_id":16001561,"user_type":"registered","profile_image":"https://i.stack.imgur.com/SeRjW.jpg?s=256&g=1","display_name":"Eideann","link":"https://stackoverflow.com/users/16001561/eideann"},"is_answered":true,"view_count":133,"accepted_answer_id":72009650,"answer_count":1,"score":1,"last_activity_date":1650956651,"creation_date":1650930885,"last_edit_date":1650939923,"question_id":72006869,"content_license":"CC BY-SA 4.0","link":"https://stackoverflow.com/questions/72006869/how-can-i-make-neovims-e-map-make-an-extra-position","title":"How can I make Neovim&#39;s &#39;e&#39; map make an extra position?"},{"tags":["javascript","vue.js","vue-directives"],"owner":{"account_id":25094571,"reputation":36,"user_id":18945885,"user_type":"registered","profile_image":"https://lh3.googleusercontent.com/a/AATXAJw6ulaIZLG_WdwmwehieiOG_2HdSZbnsKtvRMKH=k-s256","display_name":"Richard Gaskin","link":"https://stackoverflow.com/users/18945885/richard-gaskin"},"is_answered":true,"view_count":652,"accepted_answer_id":72014605,"answer_count":2,"score":0,"last_activity_date":1650987218,"creation_date":1650930868,"last_edit_date":1650932853,"question_id":72006867,"content_license":"CC BY-SA 4.0","link":"https://stackoverflow.com/questions/72006867/vue-js-directive-inserted-bind-overwrites-eventlistener-click-event","title":"Vue.js Directive inserted/bind overwrites eventListener click event"},{"tags":["react-native","api","get","crash","react-native-flatlist"],"owner":{"account_id":23736382,"reputation":31,"user_id":17755013,"user_type":"registered","profile_image":"https://graph.facebook.com/1845777208947409/picture?type=large","display_name":"Shafay Azeem","link":"https://stackoverflow.com/users/17755013/shafay-azeem"},"is_answered":false,"view_count":487,"answer_count":1,"score":1,"last_activity_date":1650973818,"creation_date":1650930866,"question_id":72006866,"content_license":"CC BY-SA 4.0","link":"https://stackoverflow.com/questions/72006866/app-crashes-because-of-flat-list-api-calling","title":"app crashes because of Flat-List API calling"},{"tags":["python","math","time-complexity","combinations","python-itertools"],"owner":{"account_id":24231480,"reputation":83,"user_id":18185181,"user_type":"registered","profile_image":"https://www.gravatar.com/avatar/2406dbcf6e873daa1277f66095c2fb8a?s=256&d=identicon&r=PG","display_name":"johnbeatty02","link":"https://stackoverflow.com/users/18185181/johnbeatty02"},"is_answered":false,"view_count":61,"answer_count":0,"score":1,"last_activity_date":1650937587,"creation_date":1650930837,"last_edit_date":1650937587,"question_id":72006864,"content_license":"CC BY-SA 4.0","link":"https://stackoverflow.com/questions/72006864/how-can-i-see-all-the-combinations-of-a-list-without-individual-items-repeating","title":"How can I see all the combinations of a list without individual items repeating?"},{"tags":["sql","sql-server","pivot"],"owner":{"account_id":2419862,"reputation":51,"user_id":2113104,"user_type":"registered","profile_image":"https://www.gravatar.com/avatar/e4e1bc7a8630f84e881d27f9176ec3e4?s=256&d=identicon&r=PG","display_name":"superservo15","link":"https://stackoverflow.com/users/2113104/superservo15"},"is_answered":true,"view_count":69,"answer_count":1,"score":-1,"last_activity_date":1650936172,"creation_date":1650930827,"last_edit_date":1650936172,"question_id":72006862,"content_license":"CC BY-SA 4.0","link":"https://stackoverflow.com/questions/72006862/dynamic-cols-pivot-rows-but-only-some-columns-not-all","title":"Dynamic Cols Pivot Rows but only some columns, not all"},{"tags":["python","python-3.x","pyinstaller","exe"],"owner":{"account_id":18454231,"reputation":37,"user_id":13443479,"user_type":"registered","profile_image":"https://i.stack.imgur.com/pf8mU.png?s=256&g=1","display_name":"esiquiel","link":"https://stackoverflow.com/users/13443479/esiquiel"},"is_answered":false,"view_count":346,"answer_count":1,"score":0,"last_activity_date":1658201283,"creation_date":1650930821,"question_id":72006861,"content_license":"CC BY-SA 4.0","link":"https://stackoverflow.com/questions/72006861/pyinstaller-python-file-exe-in-only-one-exe","title":"pyinstaller python file + exe in only one exe"},{"tags":["python","mysql"],"owner":{"user_type":"does_not_exist","display_name":"user17221554"},"is_answered":true,"view_count":178,"accepted_answer_id":72006883,"answer_count":2,"score":-2,"last_activity_date":1650933859,"creation_date":1650930759,"last_edit_date":1650933859,"question_id":72006858,"content_license":"CC BY-SA 4.0","link":"https://stackoverflow.com/questions/72006858/unnecessary-brackets-being-placed-around-name-when-variable-is-used-in-html","title":"Unnecessary brackets being placed around {{name}} when variable is used in HTML (Python Flask Application)"},{"tags":["azure","azure-functions","azure-functions-core-tools"],"owner":{"account_id":3607887,"reputation":867,"user_id":3009657,"user_type":"registered","accept_rate":10,"profile_image":"https://www.gravatar.com/avatar/d35b7ca99afb986d8da95944b0998b04?s=256&d=identicon&r=PG&f=y&so-version=2","display_name":"Hound","link":"https://stackoverflow.com/users/3009657/hound"},"is_answered":false,"view_count":431,"answer_count":1,"score":0,"last_activity_date":1651727188,"creation_date":1650930727,"question_id":72006854,"content_license":"CC BY-SA 4.0","link":"https://stackoverflow.com/questions/72006854/how-to-skip-azure-function-output-binding-when-there-is-an-error","title":"How to skip Azure function output binding when there is an error?"},{"tags":["chicken-scheme"],"owner":{"account_id":35736,"reputation":1345,"user_id":101326,"user_type":"registered","accept_rate":80,"profile_image":"https://www.gravatar.com/avatar/b67dd441d570e1913e87396718b70f48?s=256&d=identicon&r=PG","display_name":"anru ","link":"https://stackoverflow.com/users/101326/anru"},"is_answered":true,"view_count":98,"accepted_answer_id":72009177,"answer_count":1,"score":1,"last_activity_date":1650953819,"creation_date":1650930545,"question_id":72006838,"content_license":"CC BY-SA 4.0","link":"https://stackoverflow.com/questions/72006838/chicken-scheme-interpreter-arrow-key-not-working","title":"Chicken Scheme interpreter arrow key not working"},{"tags":["c#","winforms","gridview","devexpress","gridcontrol"],"owner":{"account_id":9754959,"reputation":19,"user_id":15259502,"user_type":"registered","profile_image":"https://www.gravatar.com/avatar/b076234668f86baadd02d2ca2b18dd34?s=256&d=identicon&r=PG&f=y&so-version=2","display_name":"Ted Burgess","link":"https://stackoverflow.com/users/15259502/ted-burgess"},"is_answered":false,"view_count":1099,"answer_count":1,"score":0,"last_activity_date":1653570239,"creation_date":1650930531,"question_id":72006836,"content_license":"CC BY-SA 4.0","link":"https://stackoverflow.com/questions/72006836/focusedrowhandle-not-setting-correctly-in-a-devexpress-gridview-c","title":"FocusedRowHandle not setting correctly in a DevExpress GridView C#"},{"tags":["c#","json","t-sql","cross-apply"],"owner":{"account_id":4753429,"reputation":1226,"user_id":3842845,"user_type":"registered","accept_rate":57,"profile_image":"https://i.stack.imgur.com/51bIs.jpg?s=256&g=1","display_name":"Java","link":"https://stackoverflow.com/users/3842845/java"},"is_answered":true,"view_count":1353,"accepted_answer_id":72054624,"answer_count":2,"score":0,"last_activity_date":1651777163,"creation_date":1650930303,"last_edit_date":1651327998,"question_id":72006822,"content_license":"CC BY-SA 4.0","link":"https://stackoverflow.com/questions/72006822/how-to-insert-multiple-json-rows-into-a-t-sql-table","title":"How to insert multiple JSON rows into a T-SQL table"},{"tags":["python","python-asyncio"],"owner":{"account_id":13131430,"reputation":502,"user_id":9485834,"user_type":"registered","profile_image":"https://www.gravatar.com/avatar/65517693ff4e038a0c443a4dd5326bde?s=256&d=identicon&r=PG&f=y&so-version=2","display_name":"Jamalan","link":"https://stackoverflow.com/users/9485834/jamalan"},"is_answered":true,"view_count":1466,"accepted_answer_id":72007265,"answer_count":1,"score":0,"last_activity_date":1650935372,"creation_date":1650930226,"question_id":72006813,"content_license":"CC BY-SA 4.0","link":"https://stackoverflow.com/questions/72006813/python-asyncio-file-write-after-request-getfile-not-working","title":"Python Asyncio file.write after request.get(file) not working"},{"tags":["c#","php","encryption"],"owner":{"account_id":5189369,"reputation":121,"user_id":4152743,"user_type":"registered","profile_image":"https://www.gravatar.com/avatar/f040e774c4451f1bd0d75a9a97a06dbe?s=256&d=identicon&r=PG&f=y&so-version=2","display_name":"Adumuah Dowuona","link":"https://stackoverflow.com/users/4152743/adumuah-dowuona"},"is_answered":false,"view_count":226,"answer_count":0,"score":0,"last_activity_date":1651321704,"creation_date":1650930224,"last_edit_date":1651080996,"question_id":72006812,"content_license":"CC BY-SA 4.0","link":"https://stackoverflow.com/questions/72006812/rijndael-encryption-decryption-c-to-php-conversion","title":"Rijndael Encryption/Decryption C# to PHP conversion"},{"tags":["javascript","asp.net","security","xss","content-security-policy"],"owner":{"account_id":17259501,"reputation":125,"user_id":12497813,"user_type":"registered","profile_image":"https://www.gravatar.com/avatar/e6cd1513c48905e8c64646c90217f812?s=256&d=identicon&r=PG&f=y&so-version=2","display_name":"AlMo320","link":"https://stackoverflow.com/users/12497813/almo320"},"is_answered":false,"view_count":361,"answer_count":1,"score":0,"last_activity_date":1650947906,"creation_date":1650930147,"last_edit_date":1650941680,"question_id":72006806,"content_license":"CC BY-SA 4.0","link":"https://stackoverflow.com/questions/72006806/csp-policy-with-asp-net-4-8","title":"CSP policy with ASP.NET 4.8"},{"tags":["r","loops","for-loop","network-programming","grouped-list"],"owner":{"account_id":24314132,"reputation":521,"user_id":18255630,"user_type":"registered","profile_image":"https://www.gravatar.com/avatar/14db708fde8158e40538545d073234e9?s=256&d=identicon&r=PG&f=y&so-version=2","display_name":"ltong","link":"https://stackoverflow.com/users/18255630/ltong"},"is_answered":false,"view_count":427,"answer_count":1,"score":0,"last_activity_date":1650987860,"creation_date":1650930135,"question_id":72006805,"content_license":"CC BY-SA 4.0","link":"https://stackoverflow.com/questions/72006805/r-looping-through-grouped-id","title":"R: Looping through Grouped ID"},{"tags":["c#","json","ajax","asp.net-mvc"],"owner":{"account_id":18434792,"reputation":25,"user_id":13428953,"user_type":"registered","profile_image":"https://i.stack.imgur.com/g6Aa6.jpg?s=256&g=1","display_name":"Samkelo Nhlapo","link":"https://stackoverflow.com/users/13428953/samkelo-nhlapo"},"is_answered":false,"view_count":96,"answer_count":1,"score":-1,"last_activity_date":1650934498,"creation_date":1650930127,"last_edit_date":1650930762,"question_id":72006802,"content_license":"CC BY-SA 4.0","link":"https://stackoverflow.com/questions/72006802/ajax-post-sends-null-parameter-to-controller-in-mvc","title":"Ajax POST Sends Null parameter to Controller in MVC"},{"tags":["laravel","git","visual-studio-code"],"owner":{"account_id":3222697,"reputation":1,"user_id":2719724,"user_type":"registered","profile_image":"https://graph.facebook.com/100001343683841/picture?type=large","display_name":"Vitor Montanari","link":"https://stackoverflow.com/users/2719724/vitor-montanari"},"is_answered":true,"view_count":204,"answer_count":1,"score":0,"last_activity_date":1650956869,"creation_date":1650930121,"last_edit_date":1650931819,"question_id":72006800,"content_license":"CC BY-SA 4.0","link":"https://stackoverflow.com/questions/72006800/how-to-remove-merging-message-on-source-code-control-from-visual-studio-code","title":"How to remove merging message on source code control from Visual Studio Code?"}],"has_more":true,"quota_max":300,"quota_remaining":247}