{"items":[{"tags":["javascript","google-chrome-extension","click"],"owner":{"account_id":12146883,"reputation":19,"user_id":8868839,"user_type":"registered","profile_image":"https://www.gravatar.com/avatar/26e1399eaa6907e338681546963818f5?s=256&d=identicon&r=PG&f=y&so-version=2","display_name":"John Does","link":"https://stackoverflow.com/users/8868839/john-does"},"is_answered":false,"view_count":20,"closed_date":1648530526,"answer_count":0,"score":1,"last_activity_date":1648512613,"creation_date":1648511953,"last_edit_date":1648512613,"question_id":71654973,"link":"https://stackoverflow.com/questions/71654973/in-chrome-extension-javascripts-click-method-is-supposedly-synchronous-b","closed_reason":"Duplicate","title":"In Chrome Extension, Javascript&#39;s &quot;.click()&quot; method is supposedly synchronous, but the website doesn&#39;t update until after code is finished"},{"tags":["typescript","return"],"owner":{"account_id":24725266,"reputation":3,"user_id":18613852,"user_type":"registered","profile_image":"https://graph.facebook.com/10158667000403085/picture?type=large","display_name":"Sarah Maio","link":"https://stackoverflow.com/users/18613852/sarah-maio"},"is_answered":true,"view_count":663,"accepted_answer_id":71655043,"answer_count":2,"score":0,"last_activity_date":1648512706,"creation_date":1648511949,"last_edit_date":1648512634,"question_id":71654972,"content_license":"CC BY-SA 4.0","link":"https://stackoverflow.com/questions/71654972/typescript-function-lacks-ending-return-statement-and-return-type-does-not-incl","title":"TYPESCRIPT: Function lacks ending return statement and return type does not include &#39;undefined&#39;"},{"tags":["python","python-3.x","class"],"owner":{"account_id":23102032,"reputation":13,"user_id":17211328,"user_type":"registered","profile_image":"https://i.stack.imgur.com/R4ASh.png?s=256&g=1","display_name":"deuil","link":"https://stackoverflow.com/users/17211328/deuil"},"is_answered":true,"view_count":39,"accepted_answer_id":71655069,"answer_count":1,"score":1,"last_activity_date":1648512904,"creation_date":1648511940,"question_id":71654971,"content_license":"CC BY-SA 4.0","link":"https://stackoverflow.com/questions/71654971/python-class-attribute-error-despite-existing","title":"Python class attribute error despite existing?"},{"tags":["python","apache-spark","pyspark"],"owner":{"account_id":22848850,"reputation":165,"user_id":16994790,"user_type":"registered","profile_image":"https://www.gravatar.com/avatar/714ed49569ee45114552b71637ed1d94?s=256&d=identicon&r=PG","display_name":"stackguy1723","link":"https://stackoverflow.com/users/16994790/stackguy1723"},"is_answered":true,"view_count":105,"accepted_answer_id":71656922,"answer_count":1,"score":-1,"last_activity_date":1648532432,"creation_date":1648511871,"question_id":71654968,"content_license":"CC BY-SA 4.0","link":"https://stackoverflow.com/questions/71654968/most-efficient-way-of-applying-a-function-based-on-condition","title":"Most efficient way of applying a function based on condition"},{"tags":["emacs","common-lisp"],"owner":{"account_id":20757554,"reputation":25,"user_id":15243616,"user_type":"registered","profile_image":"https://www.gravatar.com/avatar/48a6f13a5fcc0f82a92b45e686a54464?s=256&d=identicon&r=PG&f=y&so-version=2","display_name":"Kingloss404","link":"https://stackoverflow.com/users/15243616/kingloss404"},"is_answered":true,"view_count":197,"answer_count":2,"score":1,"last_activity_date":1648629865,"creation_date":1648511867,"question_id":71654967,"content_license":"CC BY-SA 4.0","link":"https://stackoverflow.com/questions/71654967/portacle-lisp-slime-repl-sbcl-prompt-keep-auto-scrolling-back","title":"Portacle Lisp : Slime-repl-sbcl prompt keep auto-scrolling back"},{"tags":["python","concatenation","append","python-polars"],"owner":{"account_id":6996309,"reputation":195,"user_id":5363883,"user_type":"registered","profile_image":"https://www.gravatar.com/avatar/d36cf9081ca3e21a174205f12dd34a25?s=256&d=identicon&r=PG&f=y&so-version=2","display_name":"cnpryer","link":"https://stackoverflow.com/users/5363883/cnpryer"},"is_answered":true,"view_count":14730,"accepted_answer_id":71658695,"answer_count":2,"score":9,"last_activity_date":1685715708,"creation_date":1648511843,"last_edit_date":1685715708,"question_id":71654966,"content_license":"CC BY-SA 4.0","link":"https://stackoverflow.com/questions/71654966/how-can-i-append-or-concatenate-two-dataframes-in-python-polars","title":"How can I append or concatenate two dataframes in python polars?"},{"tags":["java","android","android-studio","android-activity"],"owner":{"account_id":24460791,"reputation":1,"user_id":18383352,"user_type":"registered","profile_image":"https://www.gravatar.com/avatar/6d4924ed98eb7a03b95800c830fdc781?s=256&d=identicon&r=PG&f=y&so-version=2","display_name":"IAmMinion","link":"https://stackoverflow.com/users/18383352/iamminion"},"is_answered":false,"view_count":52,"answer_count":1,"score":0,"last_activity_date":1648718039,"creation_date":1648511815,"last_edit_date":1648718039,"question_id":71654965,"content_license":"CC BY-SA 4.0","link":"https://stackoverflow.com/questions/71654965/main-activity-isnt-loading-up-in-bluestack","title":"Main Activity isnt loading up in BlueStack"},{"tags":["c","file","unicode","icu"],"owner":{"account_id":8122302,"reputation":689,"user_id":6118603,"user_type":"registered","accept_rate":80,"profile_image":"https://www.gravatar.com/avatar/04dc175d9227500f22d0746f0eef15b0?s=256&d=identicon&r=PG&f=y&so-version=2","display_name":"Trung0246","link":"https://stackoverflow.com/users/6118603/trung0246"},"is_answered":false,"view_count":78,"answer_count":0,"score":0,"last_activity_date":1648517981,"creation_date":1648511791,"last_edit_date":1648517981,"question_id":71654962,"content_license":"CC BY-SA 4.0","link":"https://stackoverflow.com/questions/71654962/passing-file-from-fopen-in-stdio-h-to-u-finit-in-ustdio-h-then-call-u-fgetc-wil","title":"Passing FILE* from fopen in stdio.h to u_finit in ustdio.h then call u_fgetc will trigger unhandled exception error for u_fgetc"},{"tags":["python","graph"],"owner":{"account_id":15729000,"reputation":11,"user_id":11349786,"user_type":"registered","profile_image":"https://www.gravatar.com/avatar/1390146553a9585b585cd679b1b9cdf8?s=256&d=identicon&r=PG&f=y&so-version=2","display_name":"santa","link":"https://stackoverflow.com/users/11349786/santa"},"is_answered":false,"view_count":73,"answer_count":0,"score":1,"last_activity_date":1648511784,"creation_date":1648511784,"question_id":71654960,"content_license":"CC BY-SA 4.0","link":"https://stackoverflow.com/questions/71654960/how-to-remove-nodes-iteratively-base-on-their-strength-in-an-weighted-graph-in-p","title":"How to remove nodes iteratively base on their strength in an weighted graph in python"},{"tags":["r","pdf","ggplot2","gghighlight"],"owner":{"account_id":24724110,"reputation":3,"user_id":18612820,"user_type":"registered","profile_image":"https://lh3.googleusercontent.com/a/AATXAJysL1KfmxwpgFP_HmeBmeLr1PUpYeYxfG0Yrha1=k-s256","display_name":"Diana Carolina Lopez Arias","link":"https://stackoverflow.com/users/18612820/diana-carolina-lopez-arias"},"is_answered":true,"view_count":190,"accepted_answer_id":71655344,"answer_count":1,"score":0,"last_activity_date":1648516182,"creation_date":1648511777,"last_edit_date":1648512574,"question_id":71654959,"content_license":"CC BY-SA 4.0","link":"https://stackoverflow.com/questions/71654959/loop-to-save-same-plot-with-different-highlights-using-ggplot2","title":"Loop to save same plot with different highlights using ggplot2"},{"tags":["javascript","node.js","xpath","puppeteer","eval"],"owner":{"user_type":"does_not_exist","display_name":"user17546097"},"is_answered":false,"view_count":2474,"answer_count":1,"score":0,"last_activity_date":1648575788,"creation_date":1648511732,"question_id":71654958,"content_license":"CC BY-SA 4.0","link":"https://stackoverflow.com/questions/71654958/puppeteer-error-evaluation-failed-domexception-failed-to-execute-querysele","title":"puppeteer - Error: Evaluation failed: DOMException: Failed to execute &#39;querySelector&#39;"},{"tags":["tensorflow","tf.data.dataset"],"owner":{"account_id":16896205,"reputation":11,"user_id":12218666,"user_type":"registered","profile_image":"https://lh3.googleusercontent.com/-19OK_SN4QKI/AAAAAAAAAAI/AAAAAAAAAAA/ACHi3rd_BkcO9qtU525VCJWGAOrJmO0hdQ/photo.jpg?sz=256","display_name":"Sathvik Chinta","link":"https://stackoverflow.com/users/12218666/sathvik-chinta"},"is_answered":false,"view_count":643,"answer_count":1,"score":1,"last_activity_date":1648597996,"creation_date":1648511677,"question_id":71654953,"content_license":"CC BY-SA 4.0","link":"https://stackoverflow.com/questions/71654953/tf-dataset-with-csv-file-where-image-is-stored-in-another-directory","title":"TF Dataset with CSV file where image is stored in another directory"},{"tags":["python","heroku","streamlit"],"owner":{"account_id":24725207,"reputation":87,"user_id":18613797,"user_type":"registered","profile_image":"https://www.gravatar.com/avatar/973d1ed36338ca84be06a72e714f8cf9?s=256&d=identicon&r=PG","display_name":"Atilio","link":"https://stackoverflow.com/users/18613797/atilio"},"is_answered":false,"view_count":2262,"answer_count":3,"score":1,"last_activity_date":1648821291,"creation_date":1648511633,"last_edit_date":1648767436,"question_id":71654950,"content_license":"CC BY-SA 4.0","link":"https://stackoverflow.com/questions/71654950/heroku-app-successfully-deploying-but-receiving-application-error","title":"Heroku app successfully deploying, but receiving application error"},{"tags":["c#","web-scraping","xpath","html-agility-pack","windows-forms-designer"],"owner":{"account_id":18984434,"reputation":13,"user_id":13855101,"user_type":"registered","profile_image":"https://graph.facebook.com/3933843123356948/picture?type=large","display_name":"Alejandro de la Riva","link":"https://stackoverflow.com/users/13855101/alejandro-de-la-riva"},"is_answered":true,"view_count":81,"accepted_answer_id":71655384,"answer_count":1,"score":1,"last_activity_date":1648516634,"creation_date":1648511632,"question_id":71654949,"content_license":"CC BY-SA 4.0","link":"https://stackoverflow.com/questions/71654949/cant-get-innertexts-from-webpage-using-html-agility-pack-xpath-in-c","title":"Cant get Innertexts from webpage using html agility pack xpath in c#"},{"tags":["json","snowflake-cloud-data-platform","flatten","snowflake-schema"],"owner":{"account_id":17732909,"reputation":5,"user_id":12875033,"user_type":"registered","profile_image":"https://lh3.googleusercontent.com/-VI0VI9QuZFo/AAAAAAAAAAI/AAAAAAAAAAA/ACHi3rdUInV_V8bx7aHGcKfhjPmOxgRYcQ/photo.jpg?sz=256","display_name":"JRYO","link":"https://stackoverflow.com/users/12875033/jryo"},"is_answered":true,"view_count":722,"accepted_answer_id":71655261,"answer_count":1,"score":0,"last_activity_date":1648515091,"creation_date":1648511620,"question_id":71654948,"content_license":"CC BY-SA 4.0","link":"https://stackoverflow.com/questions/71654948/using-flatten-in-snowflake-how-to-target-specific-nested-child-in-json","title":"using flatten in snowflake: How to target specific nested child in JSON?"},{"tags":["javascript"],"owner":{"account_id":18371690,"reputation":11,"user_id":13381661,"user_type":"registered","profile_image":"https://lh3.googleusercontent.com/a-/AOh14GiC0FZiSouIvhqcA7yq6ZEsC0fgrvQGz4juQCVsng=k-s256","display_name":"xexex98","link":"https://stackoverflow.com/users/13381661/xexex98"},"is_answered":false,"view_count":200,"answer_count":0,"score":1,"last_activity_date":1648511602,"creation_date":1648511602,"question_id":71654944,"content_license":"CC BY-SA 4.0","link":"https://stackoverflow.com/questions/71654944/how-i-can-fix-postmessage-on-domwindow-error","title":"How i can fix ... &#39;postMessage&#39; on &#39;DOMWindow&#39;:.. error"},{"tags":["javascript","reactjs","next.js","frontend"],"owner":{"account_id":9291711,"reputation":45,"user_id":6899966,"user_type":"registered","profile_image":"https://www.gravatar.com/avatar/f8b0649963cb4c5d1496e59707e8e2c3?s=256&d=identicon&r=PG&f=y&so-version=2","display_name":"gxrobb","link":"https://stackoverflow.com/users/6899966/gxrobb"},"is_answered":true,"view_count":3178,"accepted_answer_id":71662012,"answer_count":2,"score":0,"last_activity_date":1648556814,"creation_date":1648511597,"question_id":71654943,"content_license":"CC BY-SA 4.0","link":"https://stackoverflow.com/questions/71654943/how-to-pass-an-object-as-a-prop-in-nextjs","title":"how to pass an object as a prop in nextjs"},{"tags":["julia"],"owner":{"account_id":3011542,"reputation":183,"user_id":2554937,"user_type":"registered","profile_image":"https://graph.facebook.com/519979010/picture?type=large","display_name":"Daniel Turizo","link":"https://stackoverflow.com/users/2554937/daniel-turizo"},"is_answered":true,"view_count":88,"accepted_answer_id":71656289,"answer_count":1,"score":0,"last_activity_date":1648526479,"creation_date":1648511586,"last_edit_date":1648513377,"question_id":71654941,"content_license":"CC BY-SA 4.0","link":"https://stackoverflow.com/questions/71654941/replicating-a-julia-example","title":"Replicating a Julia example"},{"tags":["r","ggplot2","dplyr","geom"],"owner":{"account_id":20591492,"reputation":41,"user_id":15115001,"user_type":"registered","profile_image":"https://lh3.googleusercontent.com/a-/AOh14GiOYXOh43aBXo3ht_uMnlKOkzx1bYBQN1GPLdh_Dw=k-s256","display_name":"natguy8","link":"https://stackoverflow.com/users/15115001/natguy8"},"is_answered":true,"view_count":591,"accepted_answer_id":71655096,"answer_count":1,"score":1,"last_activity_date":1648513238,"creation_date":1648511563,"question_id":71654938,"content_license":"CC BY-SA 4.0","link":"https://stackoverflow.com/questions/71654938/i-am-looking-to-count-the-number-of-points-in-a-certain-region-of-my-scatter-plo","title":"I am looking to count the number of points in a certain region of my scatter plot with ggplot2"},{"tags":["javascript","html","css"],"owner":{"account_id":23331898,"reputation":39,"user_id":17408175,"user_type":"registered","profile_image":"https://www.gravatar.com/avatar/53738d48775e4e01f0a3d8c4370dd94d?s=256&d=identicon&r=PG","display_name":"dappercomment","link":"https://stackoverflow.com/users/17408175/dappercomment"},"is_answered":true,"view_count":346,"answer_count":2,"score":-1,"last_activity_date":1648516501,"creation_date":1648511546,"last_edit_date":1648516092,"question_id":71654936,"content_license":"CC BY-SA 4.0","link":"https://stackoverflow.com/questions/71654936/how-can-i-change-the-background-image-when-i-click-on-a-color","title":"how can I change the background image when I click on a color?"},{"tags":["c#",".net","visual-studio-2022"],"owner":{"account_id":14136942,"reputation":55,"user_id":13419931,"user_type":"registered","profile_image":"https://www.gravatar.com/avatar/e217d53fe5421dbae58b29fd62d24db5?s=256&d=identicon&r=PG&f=y&so-version=2","display_name":"Chr.","link":"https://stackoverflow.com/users/13419931/chr"},"is_answered":true,"view_count":4071,"answer_count":3,"score":3,"last_activity_date":1649075374,"creation_date":1648511502,"question_id":71654932,"content_license":"CC BY-SA 4.0","link":"https://stackoverflow.com/questions/71654932/most-elegant-way-to-stop-getting-cs8602-in-vs2022-net-6-c-10","title":"Most elegant way to stop getting CS8602 in VS2022, .NET 6, C# 10"},{"tags":["sql","sql-server","casting"],"owner":{"account_id":1478070,"reputation":21,"user_id":1388003,"user_type":"registered","profile_image":"https://www.gravatar.com/avatar/f584fd80b93ad71e29b99d975b7e2751?s=256&d=identicon&r=PG","display_name":"Ordnance1","link":"https://stackoverflow.com/users/1388003/ordnance1"},"is_answered":true,"view_count":71,"answer_count":1,"score":0,"last_activity_date":1648633825,"creation_date":1648511483,"last_edit_date":1648633825,"question_id":71654930,"content_license":"CC BY-SA 4.0","link":"https://stackoverflow.com/questions/71654930/issue-with-computed-column-in-sql-server","title":"Issue with computed column in SQL Server"},{"tags":["c++","polymorphism"],"owner":{"account_id":22423064,"reputation":51,"user_id":16630090,"user_type":"registered","profile_image":"https://lh3.googleusercontent.com/a/AATXAJwIk2im4jHOPQB0mKJCQf-jFd3gfNfIT9t2RDQj=k-s256","display_name":"N A","link":"https://stackoverflow.com/users/16630090/n-a"},"is_answered":false,"view_count":43,"answer_count":0,"score":0,"last_activity_date":1648511909,"creation_date":1648511475,"last_edit_date":1648511909,"question_id":71654929,"content_license":"CC BY-SA 4.0","link":"https://stackoverflow.com/questions/71654929/using-polymorphism-with-vectors-in-c-im-getting-errors-when-attempting-to-ad","title":"Using polymorphism with vectors in C++. I&#39;m getting errors when attempting to add a pointer to a derived class to a vector of type pointer to Base"},{"tags":["laravel","vue.js","inertiajs"],"owner":{"account_id":3763643,"reputation":705,"user_id":3412618,"user_type":"registered","accept_rate":75,"profile_image":"https://www.gravatar.com/avatar/000371193882080b4ed5c3a41ea2e01f?s=256&d=identicon&r=PG&f=y&so-version=2","display_name":"ArcticMediaRyan","link":"https://stackoverflow.com/users/3412618/arcticmediaryan"},"is_answered":false,"view_count":1282,"answer_count":1,"score":1,"last_activity_date":1648514438,"creation_date":1648511407,"question_id":71654924,"content_license":"CC BY-SA 4.0","link":"https://stackoverflow.com/questions/71654924/populating-data-from-table-via-inertia","title":"Populating data from table via inertia"},{"tags":["android","sqlite"],"owner":{"account_id":24269299,"reputation":33,"user_id":18217657,"user_type":"registered","profile_image":"https://lh3.googleusercontent.com/a/AATXAJxWSe5i_M9VL7iO5l0MMMsDk35LPHDYGogZXz1N=k-s256","display_name":"Ricardo Casimiro","link":"https://stackoverflow.com/users/18217657/ricardo-casimiro"},"is_answered":false,"view_count":57,"answer_count":0,"score":0,"last_activity_date":1648511380,"creation_date":1648511380,"question_id":71654921,"content_license":"CC BY-SA 4.0","link":"https://stackoverflow.com/questions/71654921/unable-to-read-a-sqlite-db-from-assets-folder-android","title":"Unable to read a Sqlite DB from Assets folder Android"},{"tags":["excel","excel-formula"],"owner":{"account_id":3818605,"reputation":83,"user_id":3167283,"user_type":"registered","profile_image":"https://www.gravatar.com/avatar/cd24a721c4fe59d2d7d034bf00a69efe?s=256&d=identicon&r=PG&f=y&so-version=2","display_name":"ament","link":"https://stackoverflow.com/users/3167283/ament"},"is_answered":true,"view_count":856,"accepted_answer_id":71655178,"answer_count":2,"score":2,"last_activity_date":1648528429,"creation_date":1648511358,"question_id":71654918,"content_license":"CC BY-SA 4.0","link":"https://stackoverflow.com/questions/71654918/extract-an-excel-cell-value-from-dynamic-array","title":"Extract an Excel cell value from dynamic array"},{"tags":["python","coordinates","spyder"],"owner":{"account_id":24167610,"reputation":11,"user_id":18130164,"user_type":"registered","profile_image":"https://graph.facebook.com/4994014747372590/picture?type=large","display_name":"Andrea Garcia","link":"https://stackoverflow.com/users/18130164/andrea-garcia"},"is_answered":false,"view_count":112,"answer_count":0,"score":1,"last_activity_date":1648511334,"creation_date":1648511334,"question_id":71654913,"content_license":"CC BY-SA 4.0","link":"https://stackoverflow.com/questions/71654913/python-convert-dms-to-dd-not-sure-if-format-is-correct","title":"Python: Convert DMS to DD (not sure if format is correct)"},{"tags":["r"],"owner":{"account_id":22184403,"reputation":45,"user_id":16427576,"user_type":"registered","profile_image":"https://www.gravatar.com/avatar/4eb10412d8959ab4d296f7a29bbc5bee?s=256&d=identicon&r=PG&f=y&so-version=2","display_name":"Wil","link":"https://stackoverflow.com/users/16427576/wil"},"is_answered":true,"view_count":96,"accepted_answer_id":71654963,"answer_count":1,"score":0,"last_activity_date":1648512803,"creation_date":1648511240,"last_edit_date":1648511493,"question_id":71654903,"content_license":"CC BY-SA 4.0","link":"https://stackoverflow.com/questions/71654903/r-wilcox-test-different-result","title":"R wilcox test different result"},{"tags":["python","string","attributes"],"owner":{"account_id":20734156,"reputation":3,"user_id":15225369,"user_type":"registered","profile_image":"https://www.gravatar.com/avatar/5bb8ea57ea6ad06d36d391ea242d56b4?s=256&d=identicon&r=PG&f=y&so-version=2","display_name":"shab","link":"https://stackoverflow.com/users/15225369/shab"},"is_answered":true,"view_count":65,"accepted_answer_id":72067034,"answer_count":1,"score":0,"last_activity_date":1651308886,"creation_date":1648511200,"last_edit_date":1648536105,"question_id":71654900,"content_license":"CC BY-SA 4.0","link":"https://stackoverflow.com/questions/71654900/change-position-of-a-line-with-a-specific-string-using-python","title":"Change position of a line with a specific string, using python"},{"tags":["angular","conditional-statements","angular-reactive-forms"],"owner":{"account_id":23815670,"reputation":21,"user_id":17823969,"user_type":"registered","profile_image":"https://lh3.googleusercontent.com/a-/AOh14GiUdmEhWC6o3joGfqZfls6_xRhEqSqcHd9J1kxl=k-s256","display_name":"Larry Schwall","link":"https://stackoverflow.com/users/17823969/larry-schwall"},"is_answered":false,"view_count":1547,"answer_count":1,"score":2,"last_activity_date":1648512015,"creation_date":1648511199,"question_id":71654899,"content_license":"CC BY-SA 4.0","link":"https://stackoverflow.com/questions/71654899/conditionally-show-input-field-angular-reactive-forms","title":"Conditionally show input field - Angular Reactive Forms"}],"has_more":true,"quota_max":300,"quota_remaining":123}