{"items":[{"tags":["python","multithreading","pool","gevent","greenlets"],"owner":{"account_id":3856697,"reputation":2375,"user_id":3195451,"user_type":"registered","accept_rate":91,"profile_image":"https://i.stack.imgur.com/gvRmm.png?s=256&g=1","display_name":"Daniel","link":"https://stackoverflow.com/users/3195451/daniel"},"is_answered":true,"view_count":135,"accepted_answer_id":70835681,"answer_count":1,"score":0,"last_activity_date":1643035567,"creation_date":1642917593,"last_edit_date":1642959732,"question_id":70819533,"content_license":"CC BY-SA 4.0","link":"https://stackoverflow.com/questions/70819533/why-use-gevent-joinall-instead-of-pool-imap-unordered-to-run-greenlets","title":"Why Use gevent.joinall() Instead of pool.imap_unordered() to Run Greenlets?"},{"tags":["javascript","vue.js","google-chrome-extension","webpack-5"],"owner":{"account_id":3106126,"reputation":31407,"user_id":2628868,"user_type":"registered","accept_rate":84,"profile_image":"https://i.stack.imgur.com/IcdU7.jpg?s=256&g=1","display_name":"Dolphin","link":"https://stackoverflow.com/users/2628868/dolphin"},"is_answered":false,"view_count":548,"answer_count":0,"score":2,"last_activity_date":1642918446,"creation_date":1642917589,"last_edit_date":1642918446,"question_id":70819532,"content_license":"CC BY-SA 4.0","link":"https://stackoverflow.com/questions/70819532/is-it-possible-to-custom-the-splitchunks-output-file-folder-when-using-webpack-5","title":"is it possible to custom the splitChunks output file folder when using webpack 5 to package"},{"tags":["c#","boolean-operations"],"owner":{"account_id":10530027,"reputation":1429,"user_id":7759705,"user_type":"registered","accept_rate":60,"profile_image":"https://www.gravatar.com/avatar/f20d51231bc3d1b4322cd522fdb7d5b2?s=256&d=identicon&r=PG&f=y&so-version=2","display_name":"bleat interteiment","link":"https://stackoverflow.com/users/7759705/bleat-interteiment"},"is_answered":true,"view_count":242,"accepted_answer_id":70819588,"answer_count":1,"score":1,"last_activity_date":1642918584,"creation_date":1642917557,"last_edit_date":1642918584,"question_id":70819531,"content_license":"CC BY-SA 4.0","link":"https://stackoverflow.com/questions/70819531/true-and-false-or-false-and-true-type-of-condition-in-a-more-elegant-way","title":"True AND False or False AND True type of condition in a more elegant way?"},{"tags":["c#","asp.net-core"],"owner":{"account_id":13977405,"reputation":23,"user_id":10094473,"user_type":"registered","profile_image":"https://graph.facebook.com/2066857943553832/picture?type=large","display_name":"Gabriel Isaac","link":"https://stackoverflow.com/users/10094473/gabriel-isaac"},"is_answered":false,"view_count":321,"answer_count":1,"score":0,"last_activity_date":1642920718,"creation_date":1642917538,"question_id":70819528,"content_license":"CC BY-SA 4.0","link":"https://stackoverflow.com/questions/70819528/iformfile-returning-null-from-an-httpclient-call","title":"IFormFile returning Null from an HttpClient call"},{"tags":["sql","sql-server","database"],"owner":{"account_id":22236884,"reputation":5,"user_id":16484563,"user_type":"registered","profile_image":"https://lh3.googleusercontent.com/a-/AOh14GhdAua8h-wjikY4_4o6VifXGMnXuZGdjK6AYCG6Dw=k-s256","display_name":"Jeren Suen","link":"https://stackoverflow.com/users/16484563/jeren-suen"},"is_answered":true,"view_count":139,"answer_count":3,"score":0,"last_activity_date":1642940834,"creation_date":1642917513,"last_edit_date":1642921605,"question_id":70819526,"content_license":"CC BY-SA 4.0","link":"https://stackoverflow.com/questions/70819526/create-function-for-attribute-to-at-most-3-people","title":"CREATE FUNCTION for attribute to at most 3 people?"},{"tags":["python","python-3.x","telegram","telegram-bot"],"owner":{"account_id":6487465,"reputation":540,"user_id":5022536,"user_type":"registered","profile_image":"https://i.stack.imgur.com/MMKCP.jpg?s=256&g=1","display_name":"ashkan","link":"https://stackoverflow.com/users/5022536/ashkan"},"is_answered":true,"view_count":5525,"accepted_answer_id":70820740,"answer_count":3,"score":4,"last_activity_date":1642930226,"creation_date":1642917511,"question_id":70819525,"content_license":"CC BY-SA 4.0","link":"https://stackoverflow.com/questions/70819525/send-long-message-in-telegram-bot-python","title":"Send long message in telegram bot python"},{"tags":["java","android","android-studio","nullpointerexception","retrofit2"],"owner":{"account_id":15714846,"reputation":139,"user_id":11339304,"user_type":"registered","profile_image":"https://www.gravatar.com/avatar/2aeb9138a9984f7d8bb8b38730f3edff?s=256&d=identicon&r=PG&f=y&so-version=2","display_name":"REX","link":"https://stackoverflow.com/users/11339304/rex"},"is_answered":true,"view_count":919,"accepted_answer_id":70819559,"answer_count":1,"score":0,"last_activity_date":1642917889,"creation_date":1642917426,"question_id":70819518,"content_license":"CC BY-SA 4.0","link":"https://stackoverflow.com/questions/70819518/null-pointer-exception-from-api-response-using-retrofit-in-android-studio","title":"Null pointer exception from api response using retrofit in android studio"},{"tags":["ubuntu","ansible"],"owner":{"account_id":8431581,"reputation":470,"user_id":6327124,"user_type":"registered","accept_rate":100,"profile_image":"https://www.gravatar.com/avatar/b4260cadf2a04c1a9740538f50fbc2fb?s=256&d=identicon&r=PG&f=y&so-version=2","display_name":"ITnewbie","link":"https://stackoverflow.com/users/6327124/itnewbie"},"is_answered":true,"view_count":2030,"accepted_answer_id":70820001,"answer_count":2,"score":1,"last_activity_date":1642923852,"creation_date":1642917397,"question_id":70819513,"content_license":"CC BY-SA 4.0","link":"https://stackoverflow.com/questions/70819513/how-to-disable-hosts-all-in-ansible","title":"How to disable hosts: all in Ansible"},{"tags":["regex","perl","command-line"],"owner":{"account_id":1251537,"reputation":7824,"user_id":1211859,"user_type":"registered","accept_rate":0,"profile_image":"https://www.gravatar.com/avatar/541b9ae21eec552dd021083e286ff3eb?s=256&d=identicon&r=PG","display_name":"Walt Howard","link":"https://stackoverflow.com/users/1211859/walt-howard"},"is_answered":true,"view_count":106,"answer_count":1,"score":0,"last_activity_date":1658788432,"creation_date":1642917386,"last_edit_date":1658788432,"question_id":70819512,"content_license":"CC BY-SA 4.0","link":"https://stackoverflow.com/questions/70819512/is-there-a-perl-regex-metacharacter-or-a-way-to-have-specify-a-default-value-if","title":"Is there a Perl regex metacharacter or a way to have specify a default value, if a subpattern capture does not match?"},{"tags":["r"],"owner":{"account_id":1526413,"reputation":12277,"user_id":1424739,"user_type":"registered","accept_rate":17,"profile_image":"https://www.gravatar.com/avatar/19d3c927744b5ad3b94afbf88e1c3844?s=256&d=identicon&r=PG","display_name":"user1424739","link":"https://stackoverflow.com/users/1424739/user1424739"},"is_answered":true,"view_count":56,"answer_count":1,"score":0,"last_activity_date":1642999478,"creation_date":1642917322,"question_id":70819506,"content_license":"CC BY-SA 4.0","link":"https://stackoverflow.com/questions/70819506/how-to-maintain-millisecond-to-convert-string-into-datatime","title":"How to maintain millisecond to convert string into datatime?"},{"tags":["c","linux","gcc"],"owner":{"account_id":21520531,"reputation":1,"user_id":18007200,"user_type":"registered","profile_image":"https://i.stack.imgur.com/3IBPB.png?s=256&g=1","display_name":"alexjedynak","link":"https://stackoverflow.com/users/18007200/alexjedynak"},"is_answered":true,"view_count":2986,"answer_count":3,"score":0,"last_activity_date":1658004233,"creation_date":1642917316,"question_id":70819505,"content_license":"CC BY-SA 4.0","link":"https://stackoverflow.com/questions/70819505/fatal-error-studio-h-no-such-file-or-directory","title":"fatal error: studio.h: no such file or directory"},{"tags":["python","seaborn"],"owner":{"account_id":14212793,"reputation":301,"user_id":10267489,"user_type":"registered","profile_image":"https://lh4.googleusercontent.com/-aS9-QLSgUzA/AAAAAAAAAAI/AAAAAAAAAAA/APUIFaPGeA_oOvdSPYPycRfmhTJCwy25Sg/mo/photo.jpg?sz=256","display_name":"F_M","link":"https://stackoverflow.com/users/10267489/f-m"},"is_answered":true,"view_count":35,"accepted_answer_id":70819592,"answer_count":1,"score":0,"last_activity_date":1642919326,"creation_date":1642917309,"question_id":70819504,"content_license":"CC BY-SA 4.0","link":"https://stackoverflow.com/questions/70819504/seaborn-barplot-with-some-complexity","title":"Seaborn barplot with some complexity"},{"tags":["asp.net","video","popup"],"owner":{"account_id":15282634,"reputation":1,"user_id":11026508,"user_type":"registered","profile_image":"https://www.gravatar.com/avatar/4677fce7fdb5603059e255f51885085f?s=256&d=identicon&r=PG&f=y&so-version=2","display_name":"Zach","link":"https://stackoverflow.com/users/11026508/zach"},"is_answered":false,"view_count":57,"answer_count":0,"score":0,"last_activity_date":1642917743,"creation_date":1642917298,"last_edit_date":1642917743,"question_id":70819503,"content_license":"CC BY-SA 4.0","link":"https://stackoverflow.com/questions/70819503/pausing-a-popup-video-when-clicking-off-of-it","title":"Pausing a popup video when clicking off of it"},{"tags":["c++","winapi","directory","dialog","lpstr"],"owner":{"account_id":17396510,"reputation":11,"user_id":12606141,"user_type":"registered","profile_image":"https://www.gravatar.com/avatar/7cf9d4844ffc973229922b37c1451cfc?s=256&d=identicon&r=PG&f=y&so-version=2","display_name":"Crispy-Nuggets-","link":"https://stackoverflow.com/users/12606141/crispy-nuggets"},"is_answered":true,"view_count":302,"accepted_answer_id":70819752,"answer_count":2,"score":-2,"last_activity_date":1642920509,"creation_date":1642917296,"last_edit_date":1642917791,"question_id":70819502,"content_license":"CC BY-SA 4.0","link":"https://stackoverflow.com/questions/70819502/what-is-the-lpstr-filter-for-folders","title":"What is the lpstr filter for folders?"},{"tags":["android","android-studio","push-notification","firebase-cloud-messaging","google-cloud-messaging"],"owner":{"account_id":22027274,"reputation":20,"user_id":16295072,"user_type":"registered","profile_image":"https://www.gravatar.com/avatar/e6c471bbdd533cc27bd10dffefeb6054?s=256&d=identicon&r=PG&f=y&so-version=2","display_name":"Shubham solanki","link":"https://stackoverflow.com/users/16295072/shubham-solanki"},"is_answered":false,"view_count":641,"answer_count":1,"score":-5,"last_activity_date":1642938914,"creation_date":1642917232,"question_id":70819498,"content_license":"CC BY-SA 4.0","link":"https://stackoverflow.com/questions/70819498/push-notification-tap","title":"PUSH NOTIFICATION TAP"},{"tags":["angular","typescript","ionic-framework"],"owner":{"account_id":20108481,"reputation":106,"user_id":14745389,"user_type":"registered","profile_image":"https://lh4.googleusercontent.com/-HwhPoC3HYsk/AAAAAAAAAAI/AAAAAAAAAAA/AMZuuckvWN9oZXSri3Qg8XtwiuFb-gJ0_Q/s96-c/photo.jpg?sz=256","display_name":"Kyle","link":"https://stackoverflow.com/users/14745389/kyle"},"is_answered":false,"view_count":246,"answer_count":0,"score":0,"last_activity_date":1642917231,"creation_date":1642917231,"question_id":70819497,"content_license":"CC BY-SA 4.0","link":"https://stackoverflow.com/questions/70819497/how-do-display-no-results-after-async-function-returns-null-in-angular-templat","title":"How do display &quot;no results&quot; after async function returns null in angular template?"},{"tags":["lodash"],"owner":{"account_id":7244322,"reputation":1,"user_id":5526791,"user_type":"registered","profile_image":"https://www.gravatar.com/avatar/d19b41ab3df2993b8c811c789a1dd60b?s=256&d=identicon&r=PG&f=y&so-version=2","display_name":"dRschell","link":"https://stackoverflow.com/users/5526791/drschell"},"is_answered":false,"view_count":65,"answer_count":0,"score":0,"last_activity_date":1642918837,"creation_date":1642917110,"last_edit_date":1642918837,"question_id":70819489,"content_license":"CC BY-SA 4.0","link":"https://stackoverflow.com/questions/70819489/lodash-find-object-by-id-across-an-entire-nested-object","title":"lodash find object by id across an entire nested object"},{"tags":["javascript","node.js","c","node-addon-api","node-api"],"owner":{"account_id":6067096,"reputation":3765,"user_id":4737012,"user_type":"registered","accept_rate":64,"profile_image":"https://i.stack.imgur.com/wFj5Z.jpg?s=256&g=1","display_name":"0xdw","link":"https://stackoverflow.com/users/4737012/0xdw"},"is_answered":true,"view_count":462,"accepted_answer_id":70820015,"answer_count":1,"score":0,"last_activity_date":1642923080,"creation_date":1642917084,"question_id":70819487,"content_license":"CC BY-SA 4.0","link":"https://stackoverflow.com/questions/70819487/how-to-get-a-javascript-number-as-a-string-using-node-api","title":"How to get a JavaScript number as a string using Node-API"},{"tags":["konvajs","react-konva","konva"],"owner":{"account_id":24025509,"reputation":33,"user_id":18007167,"user_type":"registered","profile_image":"https://www.gravatar.com/avatar/b493a11b1f1d07a27f6dda828dc9f9eb?s=256&d=identicon&r=PG","display_name":"JiHyun Kim","link":"https://stackoverflow.com/users/18007167/jihyun-kim"},"is_answered":true,"view_count":763,"accepted_answer_id":70837688,"answer_count":1,"score":2,"last_activity_date":1643044091,"creation_date":1642917068,"last_edit_date":1642918378,"question_id":70819485,"content_license":"CC BY-SA 4.0","link":"https://stackoverflow.com/questions/70819485/konva-js-how-to-drag-images-and-resize-with-transformer","title":"Konva.js How to drag images and resize with Transformer?"},{"tags":["python","pythonanywhere","pastebin"],"owner":{"account_id":17214749,"reputation":3,"user_id":12463080,"user_type":"registered","profile_image":"https://www.gravatar.com/avatar/0b844d6b1762f02db75de626c21ad5f0?s=256&d=identicon&r=PG&f=y&so-version=2","display_name":"Shishir","link":"https://stackoverflow.com/users/12463080/shishir"},"is_answered":true,"view_count":595,"accepted_answer_id":70820546,"answer_count":2,"score":0,"last_activity_date":1667152539,"creation_date":1642917028,"last_edit_date":1667152539,"question_id":70819481,"content_license":"CC BY-SA 4.0","link":"https://stackoverflow.com/questions/70819481/keep-getting-an-error-in-pythonanywhere-while-using-paste-ee-api","title":"Keep getting an error in PythonAnywhere while using Paste.ee api"},{"tags":["filter","binding","asp.net-core-mvc"],"owner":{"account_id":161833,"reputation":862,"user_id":382899,"user_type":"registered","accept_rate":20,"profile_image":"https://www.gravatar.com/avatar/670c3715908bd97387ecfa76f51301dc?s=256&d=identicon&r=PG","display_name":"Noam","link":"https://stackoverflow.com/users/382899/noam"},"is_answered":false,"view_count":122,"answer_count":1,"score":1,"last_activity_date":1643016721,"creation_date":1642916996,"last_edit_date":1643007828,"question_id":70819479,"content_license":"CC BY-SA 4.0","link":"https://stackoverflow.com/questions/70819479/setting-bindnever-during-the-action-execution-filter-flow","title":"Setting [BindNever] during the action execution filter flow"},{"tags":["matrix","netlogo","adjacency-matrix","edge-list"],"owner":{"account_id":14404934,"reputation":360,"user_id":10405322,"user_type":"registered","profile_image":"https://i.stack.imgur.com/AJe8l.gif?s=256&g=1","display_name":"Stan Rhodes","link":"https://stackoverflow.com/users/10405322/stan-rhodes"},"is_answered":true,"view_count":121,"accepted_answer_id":70826186,"answer_count":1,"score":1,"last_activity_date":1642969032,"creation_date":1642916972,"question_id":70819478,"content_license":"CC BY-SA 4.0","link":"https://stackoverflow.com/questions/70819478/using-a-link-agentset-that-has-link-weights-to-create-an-adjacency-matrix-in-net","title":"Using a link agentset that has link weights to create an adjacency matrix in NetLogo"},{"tags":["typescript","type-theory","set-theory"],"owner":{"account_id":3954270,"reputation":477,"user_id":3263400,"user_type":"registered","accept_rate":80,"profile_image":"https://i.stack.imgur.com/e2Ng8.jpg?s=256&g=1","display_name":"sarincasm","link":"https://stackoverflow.com/users/3263400/sarincasm"},"is_answered":true,"view_count":849,"accepted_answer_id":70820032,"answer_count":1,"score":7,"last_activity_date":1642923298,"creation_date":1642916893,"question_id":70819471,"content_license":"CC BY-SA 4.0","link":"https://stackoverflow.com/questions/70819471/typescript-intersection-confused-about-the-naming","title":"Typescript: Intersection - Confused about the naming"},{"tags":["c++17","binary-tree"],"owner":{"account_id":23996428,"reputation":21,"user_id":17981892,"user_type":"registered","profile_image":"https://lh3.googleusercontent.com/a/AATXAJxolaDv3L0hgYl6yLRWVfi56pVOt0vjqZi9y-H_=k-s256","display_name":"GTM","link":"https://stackoverflow.com/users/17981892/gtm"},"is_answered":false,"view_count":62,"answer_count":1,"score":1,"last_activity_date":1643130141,"creation_date":1642916799,"question_id":70819463,"content_license":"CC BY-SA 4.0","link":"https://stackoverflow.com/questions/70819463/i-am-trying-to-find-the-distance-of-a-node-from-the-root-of-a-binary-tree","title":"I am trying to find the distance of a node from the root of a binary tree"},{"tags":["python","get","patch","fastapi","pydantic"],"owner":{"account_id":13038815,"reputation":391,"user_id":9422807,"user_type":"registered","profile_image":"https://i.stack.imgur.com/d1iqU.jpg?s=256&g=1","display_name":"Liu Yu","link":"https://stackoverflow.com/users/9422807/liu-yu"},"is_answered":true,"view_count":4917,"accepted_answer_id":70819665,"answer_count":1,"score":0,"last_activity_date":1642919102,"creation_date":1642916748,"question_id":70819461,"content_license":"CC BY-SA 4.0","link":"https://stackoverflow.com/questions/70819461/how-to-partially-update-data-with-fastapi-and-pydantic-basemodel-using-patch","title":"How to partially update data with FastAPI and PyDantic BaseModel using PATCH"},{"tags":["c#","visual-studio",".net-framework-version"],"owner":{"account_id":23681305,"reputation":3,"user_id":17706825,"user_type":"registered","profile_image":"https://i.stack.imgur.com/g48tf.png?s=256&g=1","display_name":"Flexy","link":"https://stackoverflow.com/users/17706825/flexy"},"is_answered":true,"view_count":61,"accepted_answer_id":70828368,"answer_count":2,"score":0,"last_activity_date":1643118866,"creation_date":1642916746,"last_edit_date":1643118866,"question_id":70819460,"content_license":"CC BY-SA 4.0","link":"https://stackoverflow.com/questions/70819460/how-to-switch-to-a-next-entity-example-tb-or-maskedtb-on-the-form-with-a-spe","title":"How to switch to a next &quot;Entity&quot; (Example TB or MaskedTB) on the form with a specific key press"},{"tags":["python","python-3.x"],"owner":{"account_id":17391806,"reputation":29,"user_id":12602202,"user_type":"registered","profile_image":"https://www.gravatar.com/avatar/c6cd5f2abb152adbb555afe26e7662b7?s=256&d=identicon&r=PG&f=y&so-version=2","display_name":"jman_pS","link":"https://stackoverflow.com/users/12602202/jman-ps"},"is_answered":true,"view_count":737,"answer_count":1,"score":0,"last_activity_date":1643001561,"creation_date":1642916732,"question_id":70819459,"content_license":"CC BY-SA 4.0","link":"https://stackoverflow.com/questions/70819459/print-pyodbc-column-value-with-variable-holding-column-name","title":"Print pyodbc column value with variable holding column name"},{"tags":["flutter","logic","bloc","state-management"],"owner":{"account_id":12419409,"reputation":37,"user_id":9047178,"user_type":"registered","profile_image":"https://i.stack.imgur.com/iBhRD.jpg?s=256&g=1","display_name":"geeky_soham","link":"https://stackoverflow.com/users/9047178/geeky-soham"},"is_answered":false,"view_count":609,"answer_count":0,"score":0,"last_activity_date":1642916690,"creation_date":1642916690,"question_id":70819453,"content_license":"CC BY-SA 4.0","link":"https://stackoverflow.com/questions/70819453/cannot-add-to-favourites-using-flutter-bloc","title":"Cannot add to favourites using flutter bloc"},{"tags":["javascript","node.js","encoding","parse-platform","cryptojs"],"owner":{"account_id":19096297,"reputation":1264,"user_id":13945484,"user_type":"registered","profile_image":"https://i.stack.imgur.com/ExUSD.jpg?s=256&g=1","display_name":"RobbB","link":"https://stackoverflow.com/users/13945484/robbb"},"is_answered":true,"view_count":2484,"accepted_answer_id":70820686,"answer_count":1,"score":2,"last_activity_date":1642931009,"creation_date":1642916684,"question_id":70819452,"content_license":"CC BY-SA 4.0","link":"https://stackoverflow.com/questions/70819452/trouble-using-cryptojs-parsing-from-decrypted-format-to-string-with-most-padding","title":"Trouble using CryptoJS parsing from decrypted format to string with most padding"},{"tags":["c#","asp.net",".net","blazor","blazor-server-side"],"owner":{"account_id":6423020,"reputation":7870,"user_id":4979159,"user_type":"registered","accept_rate":83,"profile_image":"https://i.stack.imgur.com/bex33.png?s=256&g=1","display_name":"maraaaaaaaa","link":"https://stackoverflow.com/users/4979159/maraaaaaaaa"},"is_answered":true,"view_count":305,"answer_count":1,"score":0,"last_activity_date":1642919879,"creation_date":1642916674,"question_id":70819448,"content_license":"CC BY-SA 4.0","link":"https://stackoverflow.com/questions/70819448/circuithandler-equivalent-for-net-6","title":"CircuitHandler Equivalent for .NET 6?"}],"has_more":true,"quota_max":300,"quota_remaining":210}