{"items":[{"tags":["azure","azure-web-app-service","azure-managed-identity","azure-appservice","azure-authentication"],"owner":{"account_id":2249255,"reputation":1426,"user_id":3782081,"user_type":"registered","profile_image":"https://i.stack.imgur.com/g98Yk.jpg?s=256&g=1","display_name":"cody.codes","link":"https://stackoverflow.com/users/3782081/cody-codes"},"is_answered":true,"view_count":1648,"accepted_answer_id":71712619,"answer_count":1,"score":0,"last_activity_date":1648846182,"creation_date":1648835990,"question_id":71711086,"content_license":"CC BY-SA 4.0","link":"https://stackoverflow.com/questions/71711086/pull-azure-container-registry-image-from-app-service-using-managed-identity","title":"Pull Azure Container Registry image from App Service using Managed Identity"},{"tags":["javascript","ecmascript-6","composition"],"owner":{"account_id":2393600,"reputation":79,"user_id":2092925,"user_type":"registered","profile_image":"https://graph.facebook.com/25702596/picture?type=large","display_name":"Alan Mayer","link":"https://stackoverflow.com/users/2092925/alan-mayer"},"is_answered":false,"view_count":38,"closed_date":1648930992,"answer_count":0,"score":0,"last_activity_date":1648835986,"creation_date":1648835986,"question_id":71711084,"link":"https://stackoverflow.com/questions/71711084/es6-way-to-wrap-every-express-controller-in-a-try-catch-block","closed_reason":"Duplicate","title":"ES6 way to wrap every express controller in a try catch block"},{"tags":["html","css","button","border-radius"],"owner":{"account_id":21864465,"reputation":11,"user_id":16154848,"user_type":"registered","profile_image":"https://lh3.googleusercontent.com/a-/AOh14GgNlpqU7FPIt4gffaZpzRBno8SX6vrROa9ANkka=k-s256","display_name":"Muhammad Ahmad","link":"https://stackoverflow.com/users/16154848/muhammad-ahmad"},"is_answered":false,"view_count":78,"closed_date":1648837026,"answer_count":1,"score":0,"last_activity_date":1649095026,"creation_date":1648835972,"last_edit_date":1649095026,"question_id":71711082,"link":"https://stackoverflow.com/questions/71711082/button-with-one-side-edge","closed_reason":"Duplicate","title":"Button with one side edge"},{"tags":["django","django-admin","django-filter","django-autocomplete-light","django-admin-filters"],"owner":{"account_id":12750228,"reputation":163,"user_id":9601086,"user_type":"registered","profile_image":"https://graph.facebook.com/10215238397374062/picture?type=large","display_name":"E.Mohammed","link":"https://stackoverflow.com/users/9601086/e-mohammed"},"is_answered":true,"view_count":381,"answer_count":1,"score":3,"last_activity_date":1649143665,"creation_date":1648835971,"last_edit_date":1649143665,"question_id":71711081,"content_license":"CC BY-SA 4.0","link":"https://stackoverflow.com/questions/71711081/autocompletefilter-self-recursive-foreignkey-filter-query-for-all-parent","title":"AutocompleteFilter self-recursive foreignkey filter query for all parent"},{"tags":["php","laravel"],"owner":{"account_id":11953516,"reputation":677,"user_id":8746524,"user_type":"registered","profile_image":"https://i.stack.imgur.com/IJmqT.jpg?s=256&g=1","display_name":"mchomvu","link":"https://stackoverflow.com/users/8746524/mchomvu"},"is_answered":false,"view_count":60,"answer_count":0,"score":0,"last_activity_date":1648866228,"creation_date":1648835948,"last_edit_date":1648866228,"question_id":71711077,"content_license":"CC BY-SA 4.0","link":"https://stackoverflow.com/questions/71711077/fail-to-login-after-deploying-a-site-to-production","title":"Fail to login after deploying a site to production"},{"tags":["python","solidity","web3py"],"owner":{"account_id":24226968,"reputation":1,"user_id":18181319,"user_type":"registered","profile_image":"https://lh3.googleusercontent.com/a-/AOh14GjK_ssyttOOvmC8f_ozKzmc_WsOx3oTp-dwm05NYQ=k-s256","display_name":"Christopher Onuorah","link":"https://stackoverflow.com/users/18181319/christopher-onuorah"},"is_answered":false,"view_count":64,"answer_count":1,"score":-1,"last_activity_date":1653402431,"creation_date":1648835904,"last_edit_date":1653402431,"question_id":71711074,"content_license":"CC BY-SA 4.0","link":"https://stackoverflow.com/questions/71711074/is-there-a-way-to-write-these-python-codes-for-a-transaction-created-having-a-c","title":"is there a way to write these python codes for a transaction created, having a constructor? i get a syntax error with these"},{"tags":["amazon-web-services","cloud","virtual-machine","aws-cloudformation","aws-ec2-instance-connect"],"owner":{"account_id":22619826,"reputation":51,"user_id":16798811,"user_type":"registered","profile_image":"https://i.stack.imgur.com/WA5oH.png?s=256&g=1","display_name":"Manu","link":"https://stackoverflow.com/users/16798811/manu"},"is_answered":false,"view_count":101,"answer_count":0,"score":0,"last_activity_date":1648835868,"creation_date":1648835868,"question_id":71711068,"content_license":"CC BY-SA 4.0","link":"https://stackoverflow.com/questions/71711068/by-creating-an-instance-on-ec2-will-i-be-allocated-a-vm-on-a-server-in-an-amazo","title":"By creating an instance on EC2, will I be allocated a VM on a server in an Amazon data centre?"},{"tags":["git","github","ssh","wsl-2"],"owner":{"account_id":1370473,"reputation":133,"user_id":18668752,"user_type":"registered","profile_image":"https://www.gravatar.com/avatar/b349baffb6b73de446d42715b76b8a5a?s=256&d=identicon&r=PG","display_name":"abscond","link":"https://stackoverflow.com/users/18668752/abscond"},"is_answered":true,"view_count":1325,"answer_count":2,"score":1,"last_activity_date":1673455458,"creation_date":1648835853,"last_edit_date":1648836612,"question_id":71711065,"content_license":"CC BY-SA 4.0","link":"https://stackoverflow.com/questions/71711065/being-prompted-for-the-password-for-gitgithub-com-when-ssh-ing-from-wsl2","title":"Being prompted for the password for &quot;git@github.com&quot; when SSH-ing from WSL2"},{"tags":["php","sql","ajax","mod-security"],"owner":{"account_id":24785533,"reputation":1,"user_id":18668801,"user_type":"registered","profile_image":"https://www.gravatar.com/avatar/9e26177d270866adbfcd5770f47ba224?s=256&d=identicon&r=PG","display_name":"wrx03ppp","link":"https://stackoverflow.com/users/18668801/wrx03ppp"},"is_answered":false,"view_count":100,"answer_count":0,"score":0,"last_activity_date":1650122093,"creation_date":1648835822,"last_edit_date":1648836809,"question_id":71711061,"content_license":"CC BY-SA 4.0","link":"https://stackoverflow.com/questions/71711061/problems-with-ajax-calls-on-a-shared-server","title":"Problems with Ajax calls on a shared server"},{"tags":["java","http-headers","akka","akka-http","iterable"],"owner":{"account_id":9199997,"reputation":521,"user_id":6837337,"user_type":"registered","profile_image":"https://www.gravatar.com/avatar/e5990932e2bb59e5e051a9a514fa8291?s=256&d=identicon&r=PG&f=y&so-version=2","display_name":"Dookoto_Sea","link":"https://stackoverflow.com/users/6837337/dookoto-sea"},"is_answered":false,"view_count":1248,"answer_count":2,"score":-1,"last_activity_date":1649180100,"creation_date":1648835796,"last_edit_date":1649180100,"question_id":71711059,"content_license":"CC BY-SA 4.0","link":"https://stackoverflow.com/questions/71711059/akka-custom-httpheader-convert-hashmap-to-iterablehttpheader-in-java","title":"Akka: custom HttpHeader, convert HashMap to Iterable&lt;HttpHeader&gt; in java"},{"tags":["authentication","next.js","server-side-rendering","next-auth"],"owner":{"account_id":3189168,"reputation":75,"user_id":2693949,"user_type":"registered","profile_image":"https://www.gravatar.com/avatar/dc6a8614ea5cc6e6a719e693c52fe7ef?s=256&d=identicon&r=PG&f=y&so-version=2","display_name":"Gourav Bhardwaj","link":"https://stackoverflow.com/users/2693949/gourav-bhardwaj"},"is_answered":false,"view_count":6163,"answer_count":1,"score":0,"last_activity_date":1678680688,"creation_date":1648835793,"last_edit_date":1678680688,"question_id":71711058,"content_license":"CC BY-SA 4.0","link":"https://stackoverflow.com/questions/71711058/nextauth-doesnt-redirect-to-callback-url-but-stays-on-the-singin-page","title":"NextAuth - Doesn&#39;t redirect to callback url but stays on the singin page"},{"tags":["powershell","active-directory","get-aduser"],"owner":{"account_id":24785816,"reputation":23,"user_id":18669072,"user_type":"registered","profile_image":"https://lh3.googleusercontent.com/a-/AOh14GgPkMvJ5UdzAUE1nDSUK6Trr4ZsD9XCsoZM9icD=k-s256","display_name":"CrowbarTM","link":"https://stackoverflow.com/users/18669072/crowbartm"},"is_answered":true,"view_count":690,"answer_count":1,"score":1,"last_activity_date":1648844155,"creation_date":1648835777,"question_id":71711053,"content_license":"CC BY-SA 4.0","link":"https://stackoverflow.com/questions/71711053/manager-checking-through-powershell-and-get-aduser","title":"Manager checking through powershell and Get-ADUser"},{"tags":["c++","operator-overloading","rules","spaces","correctness"],"owner":{"account_id":8079005,"reputation":61,"user_id":6688833,"user_type":"registered","profile_image":"https://lh5.googleusercontent.com/-ykAz-GHQIjg/AAAAAAAAAAI/AAAAAAAAABU/0rkS9FObqcM/photo.jpg?sz=256","display_name":"stephane","link":"https://stackoverflow.com/users/6688833/stephane"},"is_answered":true,"view_count":314,"accepted_answer_id":71711236,"answer_count":1,"score":1,"last_activity_date":1648837681,"creation_date":1648835776,"last_edit_date":1648837229,"question_id":71711051,"content_license":"CC BY-SA 4.0","link":"https://stackoverflow.com/questions/71711051/c-operators-overload-rules-for-spaces-in-expression","title":"C++ operators overload, rules for spaces in expression"},{"tags":["c++"],"owner":{"account_id":4808550,"reputation":1405,"user_id":3882729,"user_type":"registered","profile_image":"https://www.gravatar.com/avatar/852759f63e7a5939a2aefe94c6be7849?s=256&d=identicon&r=PG&f=y&so-version=2","display_name":"user3882729","link":"https://stackoverflow.com/users/3882729/user3882729"},"is_answered":true,"view_count":880,"closed_date":1648837032,"answer_count":2,"score":3,"last_activity_date":1648837322,"creation_date":1648835750,"last_edit_date":1648836910,"question_id":71711045,"link":"https://stackoverflow.com/questions/71711045/using-stdtolower-with-stdtransform","closed_reason":"Duplicate","title":"using std::tolower with std::transform"},{"tags":["python","matplotlib","contour","implicit"],"owner":{"account_id":20731707,"reputation":17,"user_id":15226459,"user_type":"registered","profile_image":"https://www.gravatar.com/avatar/8ccdd4c664239cac62d3d35ca8bbb351?s=256&d=identicon&r=PG&f=y&so-version=2","display_name":"Major Anarchy","link":"https://stackoverflow.com/users/15226459/major-anarchy"},"is_answered":false,"view_count":213,"answer_count":1,"score":0,"last_activity_date":1649011357,"creation_date":1648835714,"question_id":71711038,"content_license":"CC BY-SA 4.0","link":"https://stackoverflow.com/questions/71711038/implicit-function-plotting-using-matplotlibs-contour-not-working","title":"Implicit Function Plotting using MATPLOTLIB&#39;s Contour not working"},{"tags":["python","pandas","dataframe"],"owner":{"account_id":20543880,"reputation":1,"user_id":15078224,"user_type":"registered","profile_image":"https://www.gravatar.com/avatar/3f74733dbebcdb7f37ad6cda136b68b6?s=256&d=identicon&r=PG&f=y&so-version=2","display_name":"Aditya ","link":"https://stackoverflow.com/users/15078224/aditya"},"is_answered":true,"view_count":3169,"answer_count":3,"score":0,"last_activity_date":1667999455,"creation_date":1648835696,"question_id":71711033,"content_license":"CC BY-SA 4.0","link":"https://stackoverflow.com/questions/71711033/issue-on-pandas-ta-adx-indicator","title":"issue on pandas_ta adx indicator"},{"tags":["reactjs","electron","google-chrome-devtools","electron-builder"],"owner":{"account_id":20028419,"reputation":385,"user_id":14681757,"user_type":"registered","profile_image":"https://www.gravatar.com/avatar/6cc8d256baf316d2cac5562beed4c313?s=256&d=identicon&r=PG&f=y&so-version=2","display_name":"Scorpia","link":"https://stackoverflow.com/users/14681757/scorpia"},"is_answered":false,"view_count":475,"answer_count":0,"score":2,"last_activity_date":1648835693,"creation_date":1648835693,"question_id":71711031,"content_license":"CC BY-SA 4.0","link":"https://stackoverflow.com/questions/71711031/how-serious-is-the-devtool-failed-to-load-source-map-warning-in-electron","title":"How serious is the &quot;DevTool failed to load source map&quot; warning in Electron?"},{"tags":["ios","swift","swiftui","swiftui-ontapgesture","lazyvstack"],"owner":{"account_id":12584905,"reputation":1475,"user_id":9154249,"user_type":"registered","profile_image":"https://graph.facebook.com/1853601237995675/picture?type=large","display_name":"Noah Iarrobino","link":"https://stackoverflow.com/users/9154249/noah-iarrobino"},"is_answered":false,"view_count":619,"answer_count":1,"score":1,"last_activity_date":1648975045,"creation_date":1648835671,"question_id":71711026,"content_license":"CC BY-SA 4.0","link":"https://stackoverflow.com/questions/71711026/swiftui-vstack-cell-ontap-acting-strange","title":"SwiftUI VStack cell onTap acting strange"},{"tags":["android","adb","javac","aapt"],"owner":{"account_id":17499440,"reputation":230,"user_id":12690050,"user_type":"registered","profile_image":"https://www.gravatar.com/avatar/e4087c5b44555f435c7beb4f72789738?s=256&d=identicon&r=PG&f=y&so-version=2","display_name":"Susano","link":"https://stackoverflow.com/users/12690050/susano"},"is_answered":true,"view_count":79,"answer_count":1,"score":0,"last_activity_date":1648857956,"creation_date":1648835671,"question_id":71711025,"content_license":"CC BY-SA 4.0","link":"https://stackoverflow.com/questions/71711025/is-there-a-way-to-make-my-android-device-display-the-xml-layout-on-the-fly","title":"Is there a way to make my android device display the xml layout on the fly?"},{"tags":["html","textarea","newline","carriage-return","linefeed"],"owner":{"account_id":134715,"reputation":407,"user_id":1520986,"user_type":"registered","accept_rate":56,"profile_image":"https://i.stack.imgur.com/r2ogr.png?s=256&g=1","display_name":"SoftEngi","link":"https://stackoverflow.com/users/1520986/softengi"},"is_answered":true,"view_count":496,"accepted_answer_id":71713510,"answer_count":1,"score":1,"last_activity_date":1648853980,"creation_date":1648835669,"question_id":71711024,"content_license":"CC BY-SA 4.0","link":"https://stackoverflow.com/questions/71711024/newline-character-in-html-textarea","title":"Newline character in HTML TextArea"},{"tags":["android","android-jetpack-compose","android-jetpack-navigation","jetpack-compose-navigation","compose-recomposition"],"owner":{"account_id":7059743,"reputation":1523,"user_id":5613246,"user_type":"registered","accept_rate":45,"profile_image":"https://www.gravatar.com/avatar/2ca74350cd0f10ca4ef83a37c38f4d87?s=256&d=identicon&r=PG&f=y&so-version=2","display_name":"LMaker","link":"https://stackoverflow.com/users/5613246/lmaker"},"is_answered":true,"view_count":5410,"answer_count":2,"score":10,"last_activity_date":1669473889,"creation_date":1648835662,"last_edit_date":1669473889,"question_id":71711023,"content_license":"CC BY-SA 4.0","link":"https://stackoverflow.com/questions/71711023/compose-navhost-recomposition-multiple-times","title":"Compose - NavHost recomposition multiple times"},{"tags":["excel","excel-formula"],"owner":{"account_id":16286241,"reputation":21,"user_id":11760941,"user_type":"registered","profile_image":"https://www.gravatar.com/avatar/1575250c7d53809418a323e2930f20b0?s=256&d=identicon&r=PG&f=y&so-version=2","display_name":"pythonnoob","link":"https://stackoverflow.com/users/11760941/pythonnoob"},"is_answered":true,"view_count":472,"answer_count":2,"score":2,"last_activity_date":1648862131,"creation_date":1648835636,"last_edit_date":1648837310,"question_id":71711020,"content_license":"CC BY-SA 4.0","link":"https://stackoverflow.com/questions/71711020/rolling-multiple-rows-into-a-one-row-in-excel","title":"Rolling multiple rows into a one row in excel"},{"tags":["c#","unity-game-engine","unityads"],"owner":{"account_id":17156699,"reputation":47,"user_id":17596480,"user_type":"registered","profile_image":"https://www.gravatar.com/avatar/929d5de2d46ee0b398614bf71f656ed4?s=256&d=identicon&r=PG","display_name":"Unity_cube","link":"https://stackoverflow.com/users/17596480/unity-cube"},"is_answered":true,"view_count":1402,"accepted_answer_id":71711853,"answer_count":1,"score":0,"last_activity_date":1690097995,"creation_date":1648835635,"last_edit_date":1648892699,"question_id":71711019,"content_license":"CC BY-SA 4.0","link":"https://stackoverflow.com/questions/71711019/unity-ads-4-0-x-ads-wont-work-on-loading-next-scene-or-after-reloading-scene","title":"Unity Ads 4.0.x- ads wont work on loading next scene or after reloading scene"},{"tags":["sveltekit"],"owner":{"account_id":2541649,"reputation":713,"user_id":2207330,"user_type":"registered","accept_rate":80,"profile_image":"https://www.gravatar.com/avatar/19acdae0a8973f94bc3f405f98c885ff?s=256&d=identicon&r=PG","display_name":"Solsiden","link":"https://stackoverflow.com/users/2207330/solsiden"},"is_answered":true,"view_count":1911,"answer_count":1,"score":1,"last_activity_date":1648909947,"creation_date":1648835597,"last_edit_date":1648909947,"question_id":71711016,"content_license":"CC BY-SA 4.0","link":"https://stackoverflow.com/questions/71711016/can-i-make-custom-nested-slugs-in-sveltekit","title":"Can I make custom nested slugs in SvelteKit?"},{"tags":["javascript"],"owner":{"account_id":476065,"reputation":2632,"user_id":886773,"user_type":"registered","accept_rate":88,"profile_image":"https://www.gravatar.com/avatar/19f7d78b7f06a4f490be5b20e26d53f8?s=256&d=identicon&r=PG","display_name":"Rewind","link":"https://stackoverflow.com/users/886773/rewind"},"is_answered":true,"view_count":286,"accepted_answer_id":71711104,"answer_count":3,"score":1,"last_activity_date":1648836296,"creation_date":1648835557,"question_id":71711009,"content_license":"CC BY-SA 4.0","link":"https://stackoverflow.com/questions/71711009/expecting-a-bool-getting-null","title":"Expecting a Bool, Getting null"},{"tags":["javascript","html","css","dom","dom-manipulation"],"owner":{"account_id":20409616,"reputation":92,"user_id":14973351,"user_type":"registered","profile_image":"https://i.stack.imgur.com/4Rj49.jpg?s=256&g=1","display_name":"Rabten","link":"https://stackoverflow.com/users/14973351/rabten"},"is_answered":false,"view_count":186,"answer_count":1,"score":0,"last_activity_date":1648840790,"creation_date":1648835523,"last_edit_date":1648835852,"question_id":71711003,"content_license":"CC BY-SA 4.0","link":"https://stackoverflow.com/questions/71711003/how-to-append-an-image-on-two-or-more-dom-elements","title":"How to append an Image on two or more dom elements?"},{"tags":["python","shutil"],"owner":{"account_id":24141650,"reputation":387,"user_id":18107780,"user_type":"registered","profile_image":"https://lh3.googleusercontent.com/a-/AOh14GiTZOZC1ciAgwaxURJ34RJc2xoeVeMFiNHQLqNodg=k-s256","display_name":"Edoardo Balducci","link":"https://stackoverflow.com/users/18107780/edoardo-balducci"},"is_answered":true,"view_count":381,"accepted_answer_id":71711055,"answer_count":1,"score":0,"last_activity_date":1648835785,"creation_date":1648835518,"question_id":71711002,"content_license":"CC BY-SA 4.0","link":"https://stackoverflow.com/questions/71711002/moving-files-in-a-new-folder-in-python-using-shutil","title":"moving files in a new folder in Python using shutil"},{"tags":["pandas","dataframe","indexing","mariadb","read-sql"],"owner":{"account_id":18644698,"reputation":25,"user_id":13589636,"user_type":"registered","profile_image":"https://www.gravatar.com/avatar/b2bcef41ab7edbcd36f372503a8f9a2b?s=256&d=identicon&r=PG&f=y&so-version=2","display_name":"BetaTester","link":"https://stackoverflow.com/users/13589636/betatester"},"is_answered":false,"view_count":656,"answer_count":1,"score":0,"last_activity_date":1648995801,"creation_date":1648835490,"question_id":71710999,"content_license":"CC BY-SA 4.0","link":"https://stackoverflow.com/questions/71710999/getting-nan-values-in-pandas-read-sql","title":"getting Nan values in pandas read_sql"},{"tags":["php","email","smtp","phpmailer"],"owner":{"account_id":17620741,"reputation":13,"user_id":12786764,"user_type":"registered","profile_image":"https://lh3.googleusercontent.com/a-/AAuE7mAq1t5VmMUXtrcwjL8XMS0_4xwwSPAeTo5b1PcH=k-s256","display_name":"Drip Kartel","link":"https://stackoverflow.com/users/12786764/drip-kartel"},"is_answered":true,"view_count":296,"accepted_answer_id":71711195,"answer_count":1,"score":0,"last_activity_date":1648847807,"creation_date":1648835483,"last_edit_date":1648846390,"question_id":71710998,"content_license":"CC BY-SA 4.0","link":"https://stackoverflow.com/questions/71710998/im-trying-to-connect-with-smtp-email-when-i-got-this-error-how-can-i-fixed-thi","title":"I&#39;m trying to connect with smtp email when I got this error, how can I fixed this?"},{"tags":["visual-studio","selenium-webdriver","webdriver","immediate-window"],"owner":{"account_id":2035950,"reputation":519,"user_id":1818298,"user_type":"registered","accept_rate":25,"profile_image":"https://www.gravatar.com/avatar/aa6b7dabb3f08aea5f556f2669e0176b?s=256&d=identicon&r=PG","display_name":"user1818298","link":"https://stackoverflow.com/users/1818298/user1818298"},"is_answered":true,"view_count":200,"accepted_answer_id":71713936,"answer_count":1,"score":1,"last_activity_date":1661445864,"creation_date":1648835479,"question_id":71710996,"content_license":"CC BY-SA 4.0","link":"https://stackoverflow.com/questions/71710996/immediate-window-not-executing-selenium-webdriver-code","title":"Immediate window not executing selenium webdriver code"}],"has_more":true,"quota_max":300,"quota_remaining":108}