{"items":[{"tags":["javascript","json","npm"],"owner":{"account_id":4284728,"reputation":45,"user_id":3502920,"user_type":"registered","profile_image":"https://www.gravatar.com/avatar/b3866f9d1e68f7c449c8a3f09346ef53?s=256&d=identicon&r=PG&f=y&so-version=2","display_name":"yssup","link":"https://stackoverflow.com/users/3502920/yssup"},"is_answered":true,"view_count":93,"accepted_answer_id":77354447,"answer_count":1,"score":2,"last_activity_date":1698170687,"creation_date":1647626344,"question_id":71531303,"content_license":"CC BY-SA 4.0","link":"https://stackoverflow.com/questions/71531303/npm-search-display-only-name-and-description-columns-in-the-results","title":"npm-search - display only name and description columns in the results"},{"tags":["r","ggplot2"],"owner":{"account_id":17094183,"reputation":398,"user_id":12369569,"user_type":"registered","profile_image":"https://www.gravatar.com/avatar/452ab680a50b71957cde66050a7005ff?s=256&d=identicon&r=PG&f=y&so-version=2","display_name":"Geomicro","link":"https://stackoverflow.com/users/12369569/geomicro"},"is_answered":true,"view_count":315,"accepted_answer_id":71531340,"answer_count":1,"score":2,"last_activity_date":1647626591,"creation_date":1647626300,"question_id":71531295,"content_license":"CC BY-SA 4.0","link":"https://stackoverflow.com/questions/71531295/normalizing-data-to-100-but-total-values-are-less-than-1-00","title":"Normalizing data to 100% but total values are less than 1.00"},{"tags":["swift","nstableview","nstextfield","nssearchfield"],"owner":{"account_id":24237604,"reputation":125,"user_id":18190490,"user_type":"registered","profile_image":"https://www.gravatar.com/avatar/f1cbb43b78aad7568638a8a82d1a691d?s=256&d=identicon&r=PG","display_name":"JonGrimes20","link":"https://stackoverflow.com/users/18190490/jongrimes20"},"is_answered":true,"view_count":121,"accepted_answer_id":71531461,"answer_count":1,"score":0,"last_activity_date":1647628523,"creation_date":1647626219,"last_edit_date":1647628523,"question_id":71531283,"content_license":"CC BY-SA 4.0","link":"https://stackoverflow.com/questions/71531283/how-to-reload-nstableview-data-when-nssearchfield-text-changes","title":"How to reload NSTableView data when NSSearchField text changes"},{"tags":["flutter","flutter-layout","navigation-drawer","drawer"],"owner":{"account_id":6678111,"reputation":361,"user_id":5152140,"user_type":"registered","profile_image":"https://www.gravatar.com/avatar/6a0ec73c66698979ebac305aff09eca8?s=256&d=identicon&r=PG&f=y&so-version=2","display_name":"Joe","link":"https://stackoverflow.com/users/5152140/joe"},"is_answered":true,"view_count":2362,"accepted_answer_id":71531746,"answer_count":6,"score":3,"last_activity_date":1699527193,"creation_date":1647626199,"last_edit_date":1647627910,"question_id":71531281,"content_license":"CC BY-SA 4.0","link":"https://stackoverflow.com/questions/71531281/flutter-drawerheader-how-to-get-rid-of-divider","title":"Flutter DrawerHeader // How to get rid of divider"},{"tags":["swift","xcode","macos","toolbar","nstoolbar"],"owner":{"account_id":24464665,"reputation":53,"user_id":18385230,"user_type":"registered","profile_image":"https://www.gravatar.com/avatar/9ab67d2ae667adc0eefae8296b8743f4?s=256&d=identicon&r=PG","display_name":"highjeans ","link":"https://stackoverflow.com/users/18385230/highjeans"},"is_answered":true,"view_count":530,"answer_count":1,"score":1,"last_activity_date":1647644135,"creation_date":1647626190,"last_edit_date":1647644135,"question_id":71531279,"content_license":"CC BY-SA 4.0","link":"https://stackoverflow.com/questions/71531279/xcode-style-toolbar-swiftui-for-macos","title":"Xcode style toolbar SwiftUI for macOS"},{"tags":["perl"],"owner":{"account_id":24603535,"reputation":15,"user_id":18506065,"user_type":"registered","profile_image":"https://www.gravatar.com/avatar/736676004cea5d5c81f4cfd14a82921c?s=256&d=identicon&r=PG&f=y&so-version=2","display_name":"Prabhakaran M","link":"https://stackoverflow.com/users/18506065/prabhakaran-m"},"is_answered":true,"view_count":125,"accepted_answer_id":71531627,"answer_count":1,"score":1,"last_activity_date":1647640176,"creation_date":1647626153,"last_edit_date":1647640176,"question_id":71531276,"content_license":"CC BY-SA 4.0","link":"https://stackoverflow.com/questions/71531276/tr-command-in-perl-to-change-the-column-values","title":"tr command in perl to change the column values"},{"tags":["powershell","powershell-core"],"owner":{"account_id":285798,"reputation":19973,"user_id":584676,"user_type":"registered","accept_rate":94,"profile_image":"https://i.stack.imgur.com/CbAoj.png?s=256&g=1","display_name":"codewario","link":"https://stackoverflow.com/users/584676/codewario"},"is_answered":false,"view_count":43,"closed_date":1647628668,"answer_count":0,"score":2,"last_activity_date":1647626341,"creation_date":1647626108,"last_edit_date":1647626341,"question_id":71531269,"link":"https://stackoverflow.com/questions/71531269/why-cant-i-call-ienumerable-sum-on-an-array-in-powershell","closed_reason":"Duplicate","title":"Why can&#39;t I call IEnumerable.Sum() on an array in PowerShell?"},{"tags":["c++","string","char","return"],"owner":{"account_id":24190435,"reputation":5,"user_id":18149699,"user_type":"registered","profile_image":"https://www.gravatar.com/avatar/2ccd67da2a28a6029495af7a2fc52f0e?s=256&d=identicon&r=PG","display_name":"Kiran","link":"https://stackoverflow.com/users/18149699/kiran"},"is_answered":true,"view_count":38,"accepted_answer_id":71531567,"answer_count":1,"score":0,"last_activity_date":1647627665,"creation_date":1647626104,"question_id":71531268,"content_license":"CC BY-SA 4.0","link":"https://stackoverflow.com/questions/71531268/code-is-not-returning-the-correct-character-in-cpp","title":"code is Not returning the correct character in cpp"},{"tags":["snowflake-connector"],"owner":{"account_id":11390628,"reputation":219,"user_id":8350820,"user_type":"registered","profile_image":"https://www.gravatar.com/avatar/fd7de9d7ff2175b102c7e512809c0ff5?s=256&d=identicon&r=PG&f=y&so-version=2","display_name":"xsqian","link":"https://stackoverflow.com/users/8350820/xsqian"},"is_answered":true,"view_count":890,"answer_count":1,"score":1,"last_activity_date":1661240700,"creation_date":1647626088,"question_id":71531265,"content_license":"CC BY-SA 4.0","link":"https://stackoverflow.com/questions/71531265/how-the-batch-size-is-determined-in-snowflake-python-connector","title":"How the batch size is determined in snowflake python connector"},{"tags":["sql-server","t-sql","sql-server-2016"],"owner":{"account_id":7632295,"reputation":37,"user_id":5786956,"user_type":"registered","accept_rate":50,"profile_image":"https://lh6.googleusercontent.com/-E2ha0hsFPbw/AAAAAAAAAAI/AAAAAAAAAL0/6jxcFhhI7lc/photo.jpg?sz=256","display_name":"JR.sc","link":"https://stackoverflow.com/users/5786956/jr-sc"},"is_answered":true,"view_count":104,"accepted_answer_id":71531911,"answer_count":1,"score":0,"last_activity_date":1647635774,"creation_date":1647626071,"last_edit_date":1647629183,"question_id":71531263,"content_license":"CC BY-SA 4.0","link":"https://stackoverflow.com/questions/71531263/is-there-an-easier-way-to-do-a-cascading-insert-in-sql-server-2016","title":"Is there an easier way to do a &quot;Cascading Insert&quot; in SQL Server 2016?"},{"tags":["python","sqlalchemy","flask-sqlalchemy"],"owner":{"account_id":1899359,"reputation":1251,"user_id":1715544,"user_type":"registered","accept_rate":74,"profile_image":"https://www.gravatar.com/avatar/70bc546c5cb343d7f39d1e1ab1559273?s=256&d=identicon&r=PG","display_name":"AmagicalFishy","link":"https://stackoverflow.com/users/1715544/amagicalfishy"},"is_answered":false,"view_count":27,"answer_count":0,"score":1,"last_activity_date":1647787028,"creation_date":1647626053,"last_edit_date":1647787028,"question_id":71531261,"content_license":"CC BY-SA 4.0","link":"https://stackoverflow.com/questions/71531261/why-do-i-get-radically-different-results-when-using-aliased","title":"Why do I get radically different results when using `aliased`?"},{"tags":["spark-streaming","azure-databricks","azure-eventhub"],"owner":{"account_id":21113007,"reputation":2097,"user_id":15520615,"user_type":"registered","profile_image":"https://www.gravatar.com/avatar/4e6b09956495afafc84227ea7b0cec6c?s=256&d=identicon&r=PG&f=y&so-version=2","display_name":"Patterson","link":"https://stackoverflow.com/users/15520615/patterson"},"is_answered":false,"view_count":331,"answer_count":0,"score":1,"last_activity_date":1647634892,"creation_date":1647626041,"last_edit_date":1647634892,"question_id":71531259,"content_license":"CC BY-SA 4.0","link":"https://stackoverflow.com/questions/71531259/apache-spark-streaming-from-azure-event-hubs-with-databricks-error-endpoint-hos","title":"Apache Spark Streaming from Azure Event Hubs with Databricks Error: Endpoint hostname cannot be null or empty"},{"tags":["java","list","sorting","hashmap","comparator"],"owner":{"account_id":12110857,"reputation":257,"user_id":13320976,"user_type":"registered","profile_image":"https://www.gravatar.com/avatar/a4e787fcd0ce9d2786f6fb882cf1db19?s=256&d=identicon&r=PG&f=y&so-version=2","display_name":"dinesh alwis","link":"https://stackoverflow.com/users/13320976/dinesh-alwis"},"is_answered":true,"view_count":521,"accepted_answer_id":71531980,"answer_count":1,"score":2,"last_activity_date":1684249746,"creation_date":1647626031,"last_edit_date":1684249746,"question_id":71531257,"content_license":"CC BY-SA 4.0","link":"https://stackoverflow.com/questions/71531257/sorting-a-list-dynamically-using-attributes-provided-at-runetime","title":"Sorting a List dynamically using attributes provided at Runetime"},{"tags":["typescript"],"owner":{"account_id":24603558,"reputation":25,"user_id":18506083,"user_type":"registered","profile_image":"https://lh3.googleusercontent.com/a/AATXAJzU5iWqvDrOe4WNbJgiuFr_sLBAZcgExBFQO3zi=k-s256","display_name":"yonatanhakatan","link":"https://stackoverflow.com/users/18506083/yonatanhakatan"},"is_answered":true,"view_count":159,"accepted_answer_id":71531453,"answer_count":1,"score":2,"last_activity_date":1647627869,"creation_date":1647626026,"last_edit_date":1647626719,"question_id":71531256,"content_license":"CC BY-SA 4.0","link":"https://stackoverflow.com/questions/71531256/typescript-warning-when-spreading-optional-keys","title":"Typescript warning when spreading optional keys"},{"tags":["printing","postscript","xerox"],"owner":{"account_id":15896367,"reputation":1,"user_id":11470065,"user_type":"registered","profile_image":"https://lh3.googleusercontent.com/-dnr_4ycM5b8/AAAAAAAAAAI/AAAAAAAAAAA/ACHi3rfQT-HgSZvKtAzpkxwIjFKAbMrTsg/mo/photo.jpg?sz=256","display_name":"Brian Stephens","link":"https://stackoverflow.com/users/11470065/brian-stephens"},"is_answered":true,"view_count":171,"answer_count":1,"score":0,"last_activity_date":1647699323,"creation_date":1647626014,"last_edit_date":1647629825,"question_id":71531253,"content_license":"CC BY-SA 4.0","link":"https://stackoverflow.com/questions/71531253/postscript-know-what-i-need-no-clue-how-to-do-it","title":"Postscript: know what I need, no clue how to do it"},{"tags":["python","pandas","dataframe"],"owner":{"account_id":20485257,"reputation":19,"user_id":15032578,"user_type":"registered","profile_image":"https://www.gravatar.com/avatar/56495cc31a5ade6e9fd401c3ce1bb47a?s=256&d=identicon&r=PG&f=y&so-version=2","display_name":"IsaDavRod","link":"https://stackoverflow.com/users/15032578/isadavrod"},"is_answered":true,"view_count":22,"accepted_answer_id":71531270,"answer_count":1,"score":1,"last_activity_date":1647626202,"creation_date":1647625995,"last_edit_date":1647626202,"question_id":71531251,"content_license":"CC BY-SA 4.0","link":"https://stackoverflow.com/questions/71531251/how-can-i-make-a-new-df-column-that-lists-an-index-of-a-group","title":"How can I make a new df column that lists an index of a group?"},{"tags":["google-cloud-platform","oauth-2.0","gcloud","windows-subsystem-for-linux","wsl-2"],"owner":{"account_id":5508973,"reputation":2433,"user_id":4375983,"user_type":"registered","accept_rate":93,"profile_image":"https://www.gravatar.com/avatar/ad316b0d028c098489d7ddcdff4fc7fb?s=256&d=identicon&r=PG&f=y&so-version=2","display_name":"Imad","link":"https://stackoverflow.com/users/4375983/imad"},"is_answered":true,"view_count":13602,"accepted_answer_id":71605401,"answer_count":5,"score":10,"last_activity_date":1660808280,"creation_date":1647625964,"last_edit_date":1648112323,"question_id":71531247,"content_license":"CC BY-SA 4.0","link":"https://stackoverflow.com/questions/71531247/error-while-trying-to-authenticate-with-gcloud-init","title":"Error while trying to authenticate with `gcloud init`"},{"tags":["apache-spark","scalatest"],"owner":{"account_id":14920655,"reputation":346,"user_id":10773088,"user_type":"registered","profile_image":"https://lh6.googleusercontent.com/-THuy9qlF_RA/AAAAAAAAAAI/AAAAAAAAAFM/VZ5NVrgYyEI/photo.jpg?sz=256","display_name":"Kieran","link":"https://stackoverflow.com/users/10773088/kieran"},"is_answered":false,"view_count":138,"answer_count":0,"score":1,"last_activity_date":1670626921,"creation_date":1647625959,"last_edit_date":1670626921,"question_id":71531246,"content_license":"CC BY-SA 4.0","link":"https://stackoverflow.com/questions/71531246/how-to-avoid-re-using-an-existing-sparksession-during-scalatest-runs","title":"How to avoid re-using an existing SparkSession during ScalaTest runs"},{"tags":["node.js","mongodb","search","get","primary-key"],"owner":{"account_id":23673800,"reputation":99,"user_id":17700254,"user_type":"registered","profile_image":"https://www.gravatar.com/avatar/836c9d013384f6cc50769f6d246904a9?s=256&d=identicon&r=PG","display_name":"RezaRastgoo","link":"https://stackoverflow.com/users/17700254/rezarastgoo"},"is_answered":true,"view_count":562,"accepted_answer_id":71532754,"answer_count":1,"score":0,"last_activity_date":1647634802,"creation_date":1647625946,"question_id":71531244,"content_license":"CC BY-SA 4.0","link":"https://stackoverflow.com/questions/71531244/define-primary-key-myself-and-prevent-creating-the-id-in-mongodb","title":"define primary key myself and prevent creating the _id in mongodb"},{"tags":["mysql","syntax-error","dbeaver"],"owner":{"account_id":20845880,"reputation":13,"user_id":15311387,"user_type":"registered","profile_image":"https://www.gravatar.com/avatar/d1ff6bb786e1ed03db3d0554bf119732?s=256&d=identicon&r=PG&f=y&so-version=2","display_name":"muncieharts","link":"https://stackoverflow.com/users/15311387/muncieharts"},"is_answered":false,"view_count":23,"closed_date":1647626175,"answer_count":0,"score":0,"last_activity_date":1647627080,"creation_date":1647625907,"last_edit_date":1647627080,"question_id":71531239,"link":"https://stackoverflow.com/questions/71531239/i-am-not-able-to-determine-the-proper-syntax-for-a-dbeaver-mysql-statement","closed_reason":"Duplicate","title":"I am not able to determine the proper syntax for a DBeaver MySQL statement"},{"tags":["reactjs","recharts"],"owner":{"account_id":9599851,"reputation":111,"user_id":7127801,"user_type":"registered","accept_rate":38,"profile_image":"https://www.gravatar.com/avatar/980610697f8f1695ee1171b90b14f534?s=256&d=identicon&r=PG&f=y&so-version=2","display_name":"Jonas","link":"https://stackoverflow.com/users/7127801/jonas"},"is_answered":true,"view_count":2412,"accepted_answer_id":71531315,"answer_count":1,"score":0,"last_activity_date":1647626442,"creation_date":1647625903,"question_id":71531238,"content_license":"CC BY-SA 4.0","link":"https://stackoverflow.com/questions/71531238/how-to-sort-values-in-rechart-on-x-axis-in-ascending-order","title":"How to sort values in Rechart on x-axis in ascending order"},{"tags":["reactjs","storybook","vite"],"owner":{"account_id":14867087,"reputation":41,"user_id":10735807,"user_type":"registered","profile_image":"https://lh3.googleusercontent.com/-i2bJiuluqNw/AAAAAAAAAAI/AAAAAAAAADg/pgmD450iqHc/photo.jpg?sz=256","display_name":"Abdelrahman Abdelatief","link":"https://stackoverflow.com/users/10735807/abdelrahman-abdelatief"},"is_answered":true,"view_count":611,"answer_count":2,"score":1,"last_activity_date":1650599668,"creation_date":1647625902,"last_edit_date":1647628030,"question_id":71531237,"content_license":"CC BY-SA 4.0","link":"https://stackoverflow.com/questions/71531237/react-vitejs-storybook-setup","title":"React + vitejs + storybook setup"},{"tags":["java","authentication","bufferedreader","bufferedwriter"],"owner":{"account_id":24603598,"reputation":1,"user_id":18506116,"user_type":"registered","profile_image":"https://lh3.googleusercontent.com/a/AATXAJzj89UU1F3HzU4l6e_FATpYIUdTUk9qa6UMq7TD=k-s256","display_name":"Alice Cherry","link":"https://stackoverflow.com/users/18506116/alice-cherry"},"is_answered":false,"view_count":302,"answer_count":1,"score":0,"last_activity_date":1647645346,"creation_date":1647625901,"last_edit_date":1647627194,"question_id":71531236,"content_license":"CC BY-SA 4.0","link":"https://stackoverflow.com/questions/71531236/how-do-make-a-login-function-using-bufferedreader","title":"How do make a login function using BufferedReader?"},{"tags":["python"],"owner":{"account_id":23631084,"reputation":1,"user_id":17662802,"user_type":"registered","profile_image":"https://www.gravatar.com/avatar/92b930949370c68f7e789a1cfa84b2a3?s=256&d=identicon&r=PG","display_name":"Essalution44","link":"https://stackoverflow.com/users/17662802/essalution44"},"is_answered":false,"view_count":46,"answer_count":1,"score":-3,"last_activity_date":1647626485,"creation_date":1647625885,"last_edit_date":1647626475,"question_id":71531234,"content_license":"CC BY-SA 4.0","link":"https://stackoverflow.com/questions/71531234/hangman-game-can-anyone-explain-what-is-wrong","title":"Hangman game: Can anyone explain what is wrong?"},{"tags":["java","maven","cassandraunit"],"owner":{"account_id":24256934,"reputation":47,"user_id":18207142,"user_type":"registered","profile_image":"https://lh3.googleusercontent.com/a/AATXAJwAqPDCLtZovSkWuKjmb9BSYjuPnLLmxU5iGvA1=k-s256","display_name":"Cris Manrique","link":"https://stackoverflow.com/users/18207142/cris-manrique"},"is_answered":false,"view_count":70,"answer_count":0,"score":0,"last_activity_date":1647651687,"creation_date":1647625846,"last_edit_date":1647651687,"question_id":71531230,"content_license":"CC BY-SA 4.0","link":"https://stackoverflow.com/questions/71531230/why-is-cqldataloader-returning-keyspace-already-exists-when-it-doesnt","title":"Why is CQLDataLoader returning keyspace already exists when it doesn&#39;t?"},{"tags":["excel","excel-formula","array-formulas","data-cleaning","excel-2019"],"owner":{"account_id":12359566,"reputation":329,"user_id":9014256,"user_type":"registered","profile_image":"https://graph.facebook.com/1562547417172466/picture?type=large","display_name":"Losai","link":"https://stackoverflow.com/users/9014256/losai"},"is_answered":true,"view_count":233,"accepted_answer_id":71532763,"answer_count":1,"score":2,"last_activity_date":1647635512,"creation_date":1647625818,"last_edit_date":1647628854,"question_id":71531228,"content_license":"CC BY-SA 4.0","link":"https://stackoverflow.com/questions/71531228/combine-two-array-formulas","title":"Combine Two Array Formulas"},{"tags":["spring","websocket","graphql","reactive-programming","spring-webflux"],"owner":{"account_id":47593,"reputation":503,"user_id":141049,"user_type":"registered","accept_rate":85,"profile_image":"https://www.gravatar.com/avatar/9c80b4eef56d2acd1b88086509438bdb?s=256&d=identicon&r=PG","display_name":"Barun","link":"https://stackoverflow.com/users/141049/barun"},"is_answered":true,"view_count":516,"accepted_answer_id":71546567,"answer_count":1,"score":-1,"last_activity_date":1647777806,"creation_date":1647625809,"last_edit_date":1647707441,"question_id":71531227,"content_license":"CC BY-SA 4.0","link":"https://stackoverflow.com/questions/71531227/how-can-spring-webflux-wait-for-a-webhook","title":"How can Spring Webflux wait for a webhook"},{"tags":["swift","swiftui","dropbox","dropbox-sdk"],"owner":{"account_id":11375852,"reputation":106,"user_id":8340195,"user_type":"registered","profile_image":"https://i.stack.imgur.com/nQaB9.jpg?s=256&g=1","display_name":"Michael C","link":"https://stackoverflow.com/users/8340195/michael-c"},"is_answered":true,"view_count":417,"accepted_answer_id":71532191,"answer_count":1,"score":3,"last_activity_date":1649705782,"creation_date":1647625807,"last_edit_date":1649705782,"question_id":71531226,"content_license":"CC BY-SA 4.0","link":"https://stackoverflow.com/questions/71531226/how-to-authenticate-using-the-swiftydropbox-api-in-a-swiftui-project","title":"How to authenticate using the SwiftyDropbox API in a SwiftUI project?"},{"tags":["javascript","angular","angular-material","safari"],"owner":{"account_id":16996714,"reputation":111,"user_id":12294958,"user_type":"registered","profile_image":"https://i.stack.imgur.com/mv23L.jpg?s=256&g=1","display_name":"adamwright000","link":"https://stackoverflow.com/users/12294958/adamwright000"},"is_answered":false,"view_count":324,"answer_count":0,"score":3,"last_activity_date":1647628246,"creation_date":1647625783,"last_edit_date":1647628246,"question_id":71531224,"content_license":"CC BY-SA 4.0","link":"https://stackoverflow.com/questions/71531224/why-does-my-app-get-stuck-when-scrolling-on-safari","title":"Why does my app get &quot;stuck&quot; when scrolling on Safari?"},{"tags":["class","dart","debugging","intellij-idea","reload"],"owner":{"account_id":11841508,"reputation":70,"user_id":8665226,"user_type":"registered","profile_image":"https://www.gravatar.com/avatar/2097d4f3f4d79f37ad71bc3cdbcdabeb?s=256&d=identicon&r=PG","display_name":"Dominic","link":"https://stackoverflow.com/users/8665226/dominic"},"is_answered":false,"view_count":55,"answer_count":0,"score":0,"last_activity_date":1647625767,"creation_date":1647625767,"question_id":71531220,"content_license":"CC BY-SA 4.0","link":"https://stackoverflow.com/questions/71531220/is-there-a-reload-changed-classes-when-debbugging-a-dart-application","title":"Is there a &quot;Reload changed classes&quot; when debbugging a dart application?"}],"has_more":true,"quota_max":300,"quota_remaining":164}