{"items":[{"tags":["typescript"],"owner":{"account_id":16729334,"reputation":307,"user_id":13710847,"user_type":"registered","profile_image":"https://i.stack.imgur.com/CPRiy.jpg?s=256&g=1","display_name":"Carlo Augusto Bagnoli Gomez","link":"https://stackoverflow.com/users/13710847/carlo-augusto-bagnoli-gomez"},"is_answered":true,"view_count":74,"answer_count":2,"score":0,"last_activity_date":1642196901,"creation_date":1642183155,"question_id":70714761,"content_license":"CC BY-SA 4.0","link":"https://stackoverflow.com/questions/70714761/typescript-type-check-that-record-can-be-constructed-out-of-a-list-of-pieces-of","title":"Typescript: type check that record can be constructed out of a list of pieces of record"},{"tags":["reactjs","jsx"],"owner":{"account_id":23932642,"reputation":79,"user_id":17926895,"user_type":"registered","profile_image":"https://lh3.googleusercontent.com/a/AATXAJyDjEfQjeQGGMuZHEW53TTivFy4kI7hsPMxBBE=k-s256","display_name":"Raphael Heard","link":"https://stackoverflow.com/users/17926895/raphael-heard"},"is_answered":true,"view_count":2392,"accepted_answer_id":70714882,"answer_count":2,"score":0,"last_activity_date":1642183943,"creation_date":1642183128,"question_id":70714756,"content_license":"CC BY-SA 4.0","link":"https://stackoverflow.com/questions/70714756/how-to-conditionally-import-file-in-reactjs","title":"How to conditionally import file in Reactjs"},{"tags":["java","spring","spring-boot","spring-data","spring-data-mongodb"],"owner":{"account_id":23942415,"reputation":31,"user_id":17935276,"user_type":"registered","profile_image":"https://lh3.googleusercontent.com/a/AATXAJxFEylfsN8rKXF-kG1um8LzKyrhjBVmyTZhwRkh=k-s256","display_name":"J&#225;n Star&#253;","link":"https://stackoverflow.com/users/17935276/j%c3%a1n-star%c3%bd"},"is_answered":false,"view_count":2776,"answer_count":1,"score":0,"last_activity_date":1643618419,"creation_date":1642183119,"question_id":70714753,"content_license":"CC BY-SA 4.0","link":"https://stackoverflow.com/questions/70714753/spring-data-mongodb-using-documentreference-and-filed-at-the-same-time","title":"Spring Data Mongodb - Using @DocumentReference and @Filed at the same time"},{"tags":["python-3.x","rest","python-requests","shopify","shopify-api"],"owner":{"account_id":7928948,"reputation":361,"user_id":5987487,"user_type":"registered","profile_image":"https://lh4.googleusercontent.com/-lT-ZbhczpCo/AAAAAAAAAAI/AAAAAAAAABQ/sUHncK0XwK0/photo.jpg?sz=256","display_name":"Mahbubur Rahman","link":"https://stackoverflow.com/users/5987487/mahbubur-rahman"},"is_answered":false,"view_count":280,"answer_count":0,"score":1,"last_activity_date":1642183088,"creation_date":1642183088,"question_id":70714747,"content_license":"CC BY-SA 4.0","link":"https://stackoverflow.com/questions/70714747/shopify-is-not-accepting-image-src-when-the-downloadable-image-content-type-ima","title":"shopify is not accepting image src when the downloadable image content type (image/jpeg;charset=UTF-8)"},{"tags":["reactjs","react-hook-form"],"owner":{"account_id":13345933,"reputation":822,"user_id":14549200,"user_type":"registered","profile_image":"https://i.stack.imgur.com/RRzMD.jpg?s=256&g=1","display_name":"THIAGO DE BONIS","link":"https://stackoverflow.com/users/14549200/thiago-de-bonis"},"is_answered":true,"view_count":264,"accepted_answer_id":70716111,"answer_count":1,"score":0,"last_activity_date":1642191616,"creation_date":1642183079,"question_id":70714744,"content_license":"CC BY-SA 4.0","link":"https://stackoverflow.com/questions/70714744/memory-leak-when-submitting-form","title":"Memory leak when submitting form"},{"tags":["postgresql","jpa","criteria","parseexception"],"owner":{"account_id":19497568,"reputation":41,"user_id":14264383,"user_type":"registered","profile_image":"https://i.stack.imgur.com/yw16t.jpg?s=256&g=1","display_name":"Harry","link":"https://stackoverflow.com/users/14264383/harry"},"is_answered":true,"view_count":3300,"answer_count":1,"score":4,"last_activity_date":1642924021,"creation_date":1642183065,"last_edit_date":1642924021,"question_id":70714742,"content_license":"CC BY-SA 4.0","link":"https://stackoverflow.com/questions/70714742/how-to-get-json-column-as-string-in-postgresql-with-jpa-criteria-builder","title":"How to get json column as string in postgresql with jpa criteria builder?"},{"tags":["angular","https","azure-ad-msal"],"owner":{"account_id":23939490,"reputation":39,"user_id":17932801,"user_type":"registered","profile_image":"https://lh3.googleusercontent.com/a/AATXAJzDbtW7_PxMRnOWJsbEJy5PEiSEngp6tWLMUFvc=k-s256","display_name":"Welerson Assis","link":"https://stackoverflow.com/users/17932801/welerson-assis"},"is_answered":false,"view_count":354,"answer_count":0,"score":3,"last_activity_date":1642183053,"creation_date":1642183053,"question_id":70714740,"content_license":"CC BY-SA 4.0","link":"https://stackoverflow.com/questions/70714740/angular-msal-doesnt-work-with-https-protocol","title":"Angular msal doesn&#39;t work with https protocol"},{"tags":["html","css","css-position","vertical-alignment","centering"],"owner":{"account_id":4038422,"reputation":75,"user_id":3321968,"user_type":"registered","profile_image":"https://i.stack.imgur.com/cRw2T.jpg?s=256&g=1","display_name":"darkbasic","link":"https://stackoverflow.com/users/3321968/darkbasic"},"is_answered":true,"view_count":339,"accepted_answer_id":70714859,"answer_count":4,"score":1,"last_activity_date":1642188308,"creation_date":1642183004,"last_edit_date":1642183408,"question_id":70714734,"content_license":"CC BY-SA 4.0","link":"https://stackoverflow.com/questions/70714734/center-text-vertically-and-horizontally-over-image-when-resized","title":"Center text vertically and horizontally over image when resized"},{"tags":["python","numpy"],"owner":{"account_id":20918444,"reputation":43,"user_id":15367611,"user_type":"registered","profile_image":"https://www.gravatar.com/avatar/2e71b517309609361268ec8d6ef03a90?s=256&d=identicon&r=PG&f=y&so-version=2","display_name":"menaiseen","link":"https://stackoverflow.com/users/15367611/menaiseen"},"is_answered":true,"view_count":719,"accepted_answer_id":70716308,"answer_count":2,"score":1,"last_activity_date":1642239706,"creation_date":1642183001,"last_edit_date":1642193915,"question_id":70714733,"content_license":"CC BY-SA 4.0","link":"https://stackoverflow.com/questions/70714733/split-an-array-according-to-cluster-labels","title":"Split an array according to cluster labels"},{"tags":["memory-management","operating-system","page-tables"],"owner":{"account_id":17378072,"reputation":185,"user_id":12590879,"user_type":"registered","profile_image":"https://www.gravatar.com/avatar/4c5336c93eac224f08f5f66ed2ab6323?s=256&d=identicon&r=PG&f=y&so-version=2","display_name":"Pol","link":"https://stackoverflow.com/users/12590879/pol"},"is_answered":true,"view_count":253,"accepted_answer_id":70716556,"answer_count":1,"score":1,"last_activity_date":1642194667,"creation_date":1642182986,"question_id":70714728,"content_license":"CC BY-SA 4.0","link":"https://stackoverflow.com/questions/70714728/does-a-page-table-entry-only-contain-metadata","title":"Does a page table entry only contain metadata?"},{"tags":["python","matplotlib"],"owner":{"account_id":22191251,"reputation":99,"user_id":16433412,"user_type":"registered","profile_image":"https://www.gravatar.com/avatar/130865a7c956da22e0fe71978ad57c14?s=256&d=identicon&r=PG&f=y&so-version=2","display_name":"Student_in_computer_science","link":"https://stackoverflow.com/users/16433412/student-in-computer-science"},"is_answered":true,"view_count":6919,"answer_count":2,"score":4,"last_activity_date":1654794597,"creation_date":1642182961,"question_id":70714720,"content_license":"CC BY-SA 4.0","link":"https://stackoverflow.com/questions/70714720/attributeerror-module-matplotlib-pyplot-has-no-attribute-axline","title":"AttributeError: module &#39;matplotlib.pyplot&#39; has no attribute &#39;axline&#39;"},{"tags":["python","virtualenv","lxml","gcovr"],"owner":{"account_id":7827203,"reputation":1249,"user_id":5918382,"user_type":"registered","accept_rate":12,"profile_image":"https://lh4.googleusercontent.com/-gzrc5sH3cJQ/AAAAAAAAAAI/AAAAAAAAR7Q/YrNCvoI5Lf0/photo.jpg?sz=256","display_name":"Sbk3824","link":"https://stackoverflow.com/users/5918382/sbk3824"},"is_answered":false,"view_count":619,"answer_count":1,"score":0,"last_activity_date":1644029471,"creation_date":1642182961,"last_edit_date":1642205700,"question_id":70714719,"content_license":"CC BY-SA 4.0","link":"https://stackoverflow.com/questions/70714719/importerror-no-module-named-lxml-although-lxml-is-installed","title":"ImportError: No module named lxml , although lxml is installed"},{"tags":["node.js","elasticsearch","nestjs"],"owner":{"account_id":21104888,"reputation":143,"user_id":15514096,"user_type":"registered","profile_image":"https://i.stack.imgur.com/Z4OkM.jpg?s=256&g=1","display_name":"abrorkhamidov","link":"https://stackoverflow.com/users/15514096/abrorkhamidov"},"is_answered":true,"view_count":780,"accepted_answer_id":70728546,"answer_count":1,"score":1,"last_activity_date":1642322663,"creation_date":1642182938,"question_id":70714714,"content_license":"CC BY-SA 4.0","link":"https://stackoverflow.com/questions/70714714/getting-error-while-creating-index-for-elastic-search","title":"Getting error while creating index for elastic search"},{"tags":["asp.net-core","tag-helpers","asp.net-core-tag-helpers","maui","maui-blazor"],"owner":{"account_id":3110869,"reputation":2758,"user_id":2632619,"user_type":"registered","accept_rate":50,"profile_image":"https://i.stack.imgur.com/KTjSf.jpg?s=256&g=1","display_name":"Andi AR","link":"https://stackoverflow.com/users/2632619/andi-ar"},"is_answered":false,"view_count":295,"answer_count":0,"score":2,"last_activity_date":1642230334,"creation_date":1642182924,"last_edit_date":1642230334,"question_id":70714710,"content_license":"CC BY-SA 4.0","link":"https://stackoverflow.com/questions/70714710/how-to-implement-custom-taghelper-in-net-maui-blazor-project","title":"How to implement custom taghelper in .NET MAUI BLAZOR project"},{"tags":["angular","typescript","angular2-routing","router-outlet"],"owner":{"account_id":6323033,"reputation":195,"user_id":4910308,"user_type":"registered","accept_rate":56,"profile_image":"https://lh4.googleusercontent.com/-QWyrqp3elWk/AAAAAAAAAAI/AAAAAAAABrw/VEiwztHUOfg/photo.jpg?sz=256","display_name":"Diego Barreto","link":"https://stackoverflow.com/users/4910308/diego-barreto"},"is_answered":false,"view_count":837,"answer_count":0,"score":2,"last_activity_date":1642189212,"creation_date":1642182899,"last_edit_date":1642189212,"question_id":70714706,"content_license":"CC BY-SA 4.0","link":"https://stackoverflow.com/questions/70714706/load-routes-from-different-modules-into-a-named-router-outlet","title":"Load routes from different modules into a named router-outlet"},{"tags":["vba","ms-word","formatting","styles","footer"],"owner":{"account_id":23942174,"reputation":11,"user_id":17935082,"user_type":"registered","profile_image":"https://www.gravatar.com/avatar/b7473e1e34c90d0faa9f20e71d7e8330?s=256&d=identicon&r=PG","display_name":"lapsang","link":"https://stackoverflow.com/users/17935082/lapsang"},"is_answered":true,"view_count":604,"answer_count":2,"score":0,"last_activity_date":1642582730,"creation_date":1642182868,"last_edit_date":1642582730,"question_id":70714699,"content_license":"CC BY-SA 4.0","link":"https://stackoverflow.com/questions/70714699/using-vba-to-set-multiple-styles-in-the-footer-in-word","title":"Using VBA to Set Multiple Styles in the Footer in Word"},{"tags":["javascript","html-select","optgroup"],"owner":{"account_id":19552411,"reputation":15,"user_id":14307670,"user_type":"registered","profile_image":"https://lh3.googleusercontent.com/a-/AOh14GhWdcg2B5p5DeSt1wOv5EtNqftL614MwfHHSK2wPA=k-s256","display_name":"taNr leMn.","link":"https://stackoverflow.com/users/14307670/tanr-lemn"},"is_answered":false,"view_count":19,"answer_count":0,"score":0,"last_activity_date":1642182864,"creation_date":1642182864,"question_id":70714698,"content_license":"CC BY-SA 4.0","link":"https://stackoverflow.com/questions/70714698/subcategories-arent-populating-as-options-javascript","title":"Subcategories aren&#39;t populating as &lt;option&gt;s - Javascript"},{"tags":["sql","mariadb"],"owner":{"account_id":17948782,"reputation":77,"user_id":13042384,"user_type":"registered","profile_image":"https://lh4.googleusercontent.com/-EDlEQ9Ju9yM/AAAAAAAAAAI/AAAAAAAAAAA/AKF05nBuEtTkguzoxqlbwfwL9WEhFA0aaA/photo.jpg?sz=256","display_name":"Kristi Perkins","link":"https://stackoverflow.com/users/13042384/kristi-perkins"},"is_answered":true,"view_count":46,"answer_count":1,"score":0,"last_activity_date":1642186047,"creation_date":1642182820,"last_edit_date":1642186047,"question_id":70714693,"content_license":"CC BY-SA 4.0","link":"https://stackoverflow.com/questions/70714693/selecting-column-breaks-query-in-sql","title":"Selecting column breaks query in SQL"},{"tags":["reactjs","buffer","vite"],"owner":{"account_id":23922982,"reputation":741,"user_id":17918506,"user_type":"registered","profile_image":"https://lh3.googleusercontent.com/a/AATXAJznGxEHwMGcsTD_kvKhqIDfYdci2nKS0j0CYfjv=k-s256","display_name":"Николай Сычев","link":"https://stackoverflow.com/users/17918506/%d0%9d%d0%b8%d0%ba%d0%be%d0%bb%d0%b0%d0%b9-%d0%a1%d1%8b%d1%87%d0%b5%d0%b2"},"is_answered":true,"view_count":25802,"accepted_answer_id":70719923,"answer_count":8,"score":25,"last_activity_date":1698588553,"creation_date":1642182803,"last_edit_date":1674578706,"question_id":70714690,"content_license":"CC BY-SA 4.0","link":"https://stackoverflow.com/questions/70714690/buffer-is-not-defined-in-react-vite","title":"Buffer is not defined in React-vite"},{"tags":["kubernetes","opa","open-policy-agent","rego"],"owner":{"account_id":23942381,"reputation":3,"user_id":17935248,"user_type":"registered","profile_image":"https://www.gravatar.com/avatar/94c646f428a2c75f169a799beaf2c4a5?s=256&d=identicon&r=PG","display_name":"asm2stacko","link":"https://stackoverflow.com/users/17935248/asm2stacko"},"is_answered":true,"view_count":1730,"accepted_answer_id":70717586,"answer_count":1,"score":0,"last_activity_date":1642202568,"creation_date":1642182801,"last_edit_date":1642184625,"question_id":70714687,"content_license":"CC BY-SA 4.0","link":"https://stackoverflow.com/questions/70714687/rego-how-to-get-object-map-keys-that-match-a-pattern","title":"REGO how to get object (map) keys that match a pattern"},{"tags":["django","authentication","django-allauth"],"owner":{"account_id":7016817,"reputation":31,"user_id":5377860,"user_type":"registered","profile_image":"https://www.gravatar.com/avatar/9eefff19d7b67ccbbc144ef297b6d27b?s=256&d=identicon&r=PG&f=y&so-version=2","display_name":"robert","link":"https://stackoverflow.com/users/5377860/robert"},"is_answered":false,"view_count":1015,"answer_count":1,"score":0,"last_activity_date":1688451006,"creation_date":1642182756,"question_id":70714680,"content_license":"CC BY-SA 4.0","link":"https://stackoverflow.com/questions/70714680/how-to-get-django-allauth-google-sign-in-to-redirect-to-home-page","title":"How to get django allauth google sign in to redirect to home page?"},{"tags":["javascript","reactjs"],"owner":{"account_id":23420907,"reputation":64,"user_id":17481130,"user_type":"registered","profile_image":"https://www.gravatar.com/avatar/4a4875527df3b553b4e7316b164260da?s=256&d=identicon&r=PG","display_name":"VondeTaconadis","link":"https://stackoverflow.com/users/17481130/vondetaconadis"},"is_answered":true,"view_count":39,"accepted_answer_id":70714716,"answer_count":1,"score":-1,"last_activity_date":1642190408,"creation_date":1642182753,"question_id":70714678,"content_license":"CC BY-SA 4.0","link":"https://stackoverflow.com/questions/70714678/reactjs-doesent-re-render-after-setstate-to-array","title":"Reactjs doesen&#39;t re render after setState to array"},{"tags":["python","pyppeteer"],"owner":{"account_id":5907598,"reputation":959,"user_id":4648809,"user_type":"registered","accept_rate":73,"profile_image":"https://www.gravatar.com/avatar/cc5040a5390255b3078097bb17b0ccaf?s=256&d=identicon&r=PG&f=y&so-version=2","display_name":"Alex","link":"https://stackoverflow.com/users/4648809/alex"},"is_answered":false,"view_count":2138,"answer_count":2,"score":1,"last_activity_date":1642944465,"creation_date":1642182748,"question_id":70714677,"content_license":"CC BY-SA 4.0","link":"https://stackoverflow.com/questions/70714677/is-it-possible-to-get-pdf-page-using-pyppeteer","title":"Is it possible to get pdf page using pyppeteer?"},{"tags":["alfresco","alfresco-enterprise"],"owner":{"account_id":8017269,"reputation":2992,"user_id":6047107,"user_type":"registered","accept_rate":67,"profile_image":"https://www.gravatar.com/avatar/cef6f2f39b1ea067d808dd6386cf7489?s=256&d=identicon&r=PG&f=y&so-version=2","display_name":"Sam","link":"https://stackoverflow.com/users/6047107/sam"},"is_answered":true,"view_count":350,"answer_count":2,"score":0,"last_activity_date":1644572201,"creation_date":1642182730,"question_id":70714675,"content_license":"CC BY-SA 4.0","link":"https://stackoverflow.com/questions/70714675/upload-a-newer-version-of-document-from-within-alfresco-repository","title":"Upload a newer version of document from within Alfresco repository"},{"tags":["c#","blazor","devexpress","devextreme","xaf"],"owner":{"account_id":22681137,"reputation":1,"user_id":16851496,"user_type":"registered","profile_image":"https://i.stack.imgur.com/5T6m5.jpg?s=256&g=1","display_name":"Babar Khalid","link":"https://stackoverflow.com/users/16851496/babar-khalid"},"is_answered":true,"view_count":360,"accepted_answer_id":70719968,"answer_count":1,"score":0,"last_activity_date":1642235905,"creation_date":1642182713,"question_id":70714672,"content_license":"CC BY-SA 4.0","link":"https://stackoverflow.com/questions/70714672/microsoft-jsinterop-jsexception-e0024-devextreme-bundle-already-included-see","title":"Microsoft.JSInterop.JSException: E0024 - DevExtreme bundle already included. See: http://js.devexpress.com/error/21_2/E0024"},{"tags":["node.js","youtube","youtube-api"],"owner":{"account_id":23722357,"reputation":51,"user_id":17742754,"user_type":"registered","profile_image":"https://lh3.googleusercontent.com/a-/AOh14GhDq1VLQCORRsgKs2OZOrJWvTs7ktIZoYjcZA6qHg=k-s256","display_name":"Ronak Parmar","link":"https://stackoverflow.com/users/17742754/ronak-parmar"},"is_answered":true,"view_count":2112,"answer_count":2,"score":5,"last_activity_date":1697002340,"creation_date":1642182711,"question_id":70714671,"content_license":"CC BY-SA 4.0","link":"https://stackoverflow.com/questions/70714671/how-do-i-get-a-subscriber-count-from-youtube-api-by-channel-name","title":"How do i get a subscriber count from youtube api by channel name"},{"tags":["sql","sql-server"],"owner":{"account_id":22586162,"reputation":11,"user_id":16770100,"user_type":"registered","profile_image":"https://lh3.googleusercontent.com/a/AATXAJwm_2ONBORHFBPDLz30Bucr-5vPyORkJo84zvBO=k-s256","display_name":"Nate Johnosn","link":"https://stackoverflow.com/users/16770100/nate-johnosn"},"is_answered":false,"view_count":23,"answer_count":1,"score":1,"last_activity_date":1648631440,"creation_date":1642182709,"last_edit_date":1648631440,"question_id":70714670,"content_license":"CC BY-SA 4.0","link":"https://stackoverflow.com/questions/70714670/updating-data-with-new-line-in-microsoft-sql-server","title":"Updating data with new line in Microsoft SQL Server"},{"tags":["reactjs","firebase","jestjs","react-testing-library"],"owner":{"account_id":21920883,"reputation":43,"user_id":17920534,"user_type":"registered","profile_image":"https://lh3.googleusercontent.com/a-/AOh14GhIqi5ZOuBpb1KJYJrlCv_gAX36hRqxSiqK-w5uZQ=k-s256","display_name":"Qu&#226;n Ho&#224;ng Phan","link":"https://stackoverflow.com/users/17920534/qu%c3%a2n-ho%c3%a0ng-phan"},"is_answered":false,"view_count":175,"answer_count":0,"score":1,"last_activity_date":1642259373,"creation_date":1642182698,"last_edit_date":1642259373,"question_id":70714668,"content_license":"CC BY-SA 4.0","link":"https://stackoverflow.com/questions/70714668/error-firestore-9-6-2-internal-assertion-failed-unexpected-state","title":"Error: FIRESTORE (9.6.2) INTERNAL ASSERTION FAILED: Unexpected state"},{"tags":["google-apps-script","google-sheets","triggers"],"owner":{"account_id":23921717,"reputation":3,"user_id":17917453,"user_type":"registered","profile_image":"https://lh3.googleusercontent.com/a-/AOh14GjMh_9XEIYJgHuYDeGgmyOyvLwnfPtVLdXPaprM5A=k-s256","display_name":"Maryth R","link":"https://stackoverflow.com/users/17917453/maryth-r"},"is_answered":false,"view_count":494,"answer_count":1,"score":0,"last_activity_date":1642215248,"creation_date":1642182686,"last_edit_date":1642215248,"question_id":70714664,"content_license":"CC BY-SA 4.0","link":"https://stackoverflow.com/questions/70714664/google-apps-script-onedit-trigger-to-be-triggered-only-when-one-single-cell-is-e","title":"Google Apps Script OnEdit Trigger to be triggered only when one single cell is edited"},{"tags":["go","server","grpc","game-development","multiplayer"],"owner":{"account_id":18980442,"reputation":798,"user_id":13851934,"user_type":"registered","profile_image":"https://lh5.googleusercontent.com/-p3yybPL5_MU/AAAAAAAAAAI/AAAAAAAAAAA/AMZuucmwREpq4BN8o6LNvZq93WUdNR9Zcg/photo.jpg?sz=256","display_name":"Berke Kaan Cetinkaya","link":"https://stackoverflow.com/users/13851934/berke-kaan-cetinkaya"},"is_answered":true,"view_count":4222,"accepted_answer_id":70714818,"answer_count":1,"score":1,"last_activity_date":1642183967,"creation_date":1642182651,"question_id":70714661,"content_license":"CC BY-SA 4.0","link":"https://stackoverflow.com/questions/70714661/can-grpc-be-used-to-write-realtime-applications-like-multiplayer-games","title":"Can gRPC be used to write realtime applications like multiplayer games?"}],"has_more":true,"quota_max":300,"quota_remaining":245}