{"items":[{"tags":["regex","amazon-redshift"],"owner":{"account_id":14518584,"reputation":11,"user_id":10486901,"user_type":"registered","profile_image":"https://www.gravatar.com/avatar/cab9f91f31a269cf06ad22341991455d?s=256&d=identicon&r=PG&f=y&so-version=2","display_name":"dblpanther","link":"https://stackoverflow.com/users/10486901/dblpanther"},"is_answered":false,"view_count":536,"answer_count":1,"score":-1,"last_activity_date":1643321252,"creation_date":1643263195,"last_edit_date":1643264944,"question_id":70874016,"content_license":"CC BY-SA 4.0","link":"https://stackoverflow.com/questions/70874016/find-certain-pattern-in-string-in-redshift-with-regexp","title":"Find certain pattern in string in redshift with regexp"},{"tags":["javascript","html","reactjs","numbers","picker"],"owner":{"account_id":21553654,"reputation":150,"user_id":15889317,"user_type":"registered","profile_image":"https://lh3.googleusercontent.com/a-/AOh14GhcE3VXvf2pvzbtp9jTa6fdh6VTG8uASr2G2cWmsQ=k-s256","display_name":"Alex Choi","link":"https://stackoverflow.com/users/15889317/alex-choi"},"is_answered":true,"view_count":430,"answer_count":1,"score":0,"last_activity_date":1643264495,"creation_date":1643263159,"question_id":70874012,"content_license":"CC BY-SA 4.0","link":"https://stackoverflow.com/questions/70874012/try-to-build-dial-number-by-react","title":"try to build dial number by React"},{"tags":["ios","swiftui","photokit","phpickerviewcontroller"],"owner":{"account_id":53783,"reputation":2967,"user_id":160831,"user_type":"registered","accept_rate":75,"profile_image":"https://www.gravatar.com/avatar/d20f0fb4d6f52fdbb16de0157e232074?s=256&d=identicon&r=PG","display_name":"Pradyot","link":"https://stackoverflow.com/users/160831/pradyot"},"is_answered":false,"view_count":2784,"answer_count":0,"score":2,"last_activity_date":1643290864,"creation_date":1643263086,"last_edit_date":1643290864,"question_id":70874002,"content_license":"CC BY-SA 4.0","link":"https://stackoverflow.com/questions/70874002/phpickerviewcontroller-fails-to-load-image","title":"PHPickerViewController fails to load image"},{"tags":["google-apps-script","google-sheets"],"owner":{"account_id":1635411,"reputation":303,"user_id":1509059,"user_type":"registered","accept_rate":14,"profile_image":"https://www.gravatar.com/avatar/950cb29b0dd4f9e4e0f2d5ea5f8ebefb?s=256&d=identicon&r=PG","display_name":"Jump_Ace","link":"https://stackoverflow.com/users/1509059/jump-ace"},"is_answered":true,"view_count":88,"accepted_answer_id":70888588,"answer_count":1,"score":0,"last_activity_date":1643341614,"creation_date":1643263043,"last_edit_date":1643328650,"question_id":70873997,"content_license":"CC BY-SA 4.0","link":"https://stackoverflow.com/questions/70873997/hide-each-row-that-doesnt-match-the-current-week-plus-the-next-twelve-rows","title":"Hide Each Row That Doesn&#39;t Match The Current Week Plus The Next Twelve Rows"},{"tags":["gzip","ubuntu-18.04","tar"],"owner":{"account_id":3821995,"reputation":1266,"user_id":3169868,"user_type":"registered","accept_rate":57,"profile_image":"https://www.gravatar.com/avatar/6ea606043be9b21a88b9f7bb8665beb8?s=256&d=identicon&r=PG&f=y&so-version=2","display_name":"S_S","link":"https://stackoverflow.com/users/3169868/s-s"},"is_answered":false,"view_count":755,"answer_count":1,"score":1,"last_activity_date":1643268316,"creation_date":1643263042,"last_edit_date":1643267014,"question_id":70873995,"content_license":"CC BY-SA 4.0","link":"https://stackoverflow.com/questions/70873995/how-to-extract-specific-file-from-partially-downloaded-tar-file","title":"How to extract specific file from partially downloaded tar file"},{"tags":["codeigniter"],"owner":{"account_id":19199475,"reputation":5,"user_id":14027698,"user_type":"registered","profile_image":"https://www.gravatar.com/avatar/7c1ba3142ff313a516e400bb782dcd34?s=256&d=identicon&r=PG&f=y&so-version=2","display_name":"Seema Shelar","link":"https://stackoverflow.com/users/14027698/seema-shelar"},"is_answered":false,"view_count":75,"answer_count":0,"score":0,"last_activity_date":1643263017,"creation_date":1643263017,"question_id":70873992,"content_license":"CC BY-SA 4.0","link":"https://stackoverflow.com/questions/70873992/codeigniter-4-password-verify-can-not-works","title":"codeigniter 4 password_verify can not works"},{"tags":["python","gstreamer","deepstream.io","nvidia-deepstream"],"owner":{"account_id":9040105,"reputation":43,"user_id":6734646,"user_type":"registered","accept_rate":50,"profile_image":"https://lh3.googleusercontent.com/-2eJy-u8BBxs/AAAAAAAAAAI/AAAAAAAACjQ/eWRtaSRBJkU/photo.jpg?sz=256","display_name":"Sri Harsha","link":"https://stackoverflow.com/users/6734646/sri-harsha"},"is_answered":false,"view_count":896,"answer_count":2,"score":0,"last_activity_date":1688996138,"creation_date":1643263016,"last_edit_date":1643375421,"question_id":70873991,"content_license":"CC BY-SA 4.0","link":"https://stackoverflow.com/questions/70873991/deepstream-unable-to-use-tee-and-use-splitmuxsink-to-save-video","title":"Deepstream unable to use tee and use splitmuxsink to save video"},{"tags":["pdf","pdf-generation","pdfbox"],"owner":{"account_id":2512569,"reputation":53,"user_id":2184667,"user_type":"registered","profile_image":"https://www.gravatar.com/avatar/220234ccfecea1db63a80eb84846590e?s=256&d=identicon&r=PG","display_name":"dave_p23","link":"https://stackoverflow.com/users/2184667/dave-p23"},"is_answered":true,"view_count":384,"accepted_answer_id":70877694,"answer_count":2,"score":1,"last_activity_date":1643993724,"creation_date":1643263012,"last_edit_date":1643325586,"question_id":70873990,"content_license":"CC BY-SA 4.0","link":"https://stackoverflow.com/questions/70873990/how-to-use-a-color-mask-on-a-bitonal-image-in-a-pdf-file","title":"How to use a color Mask on a bitonal image in a PDF file?"},{"tags":["mysql","mariadb","query-optimization","groupwise-maximum"],"owner":{"account_id":15034207,"reputation":23,"user_id":10851186,"user_type":"registered","profile_image":"https://www.gravatar.com/avatar/55c9a47a4a9e09717b04d68c7e66bde5?s=256&d=identicon&r=PG&f=y&so-version=2","display_name":"Saumik","link":"https://stackoverflow.com/users/10851186/saumik"},"is_answered":true,"view_count":196,"accepted_answer_id":70874201,"answer_count":1,"score":0,"last_activity_date":1643300127,"creation_date":1643263007,"last_edit_date":1643300127,"question_id":70873989,"content_license":"CC BY-SA 4.0","link":"https://stackoverflow.com/questions/70873989/how-to-know-the-behavior-of-mariadb-engine","title":"how to know the behavior of MariaDB engine"},{"tags":["javascript","contentful","contentful-management"],"owner":{"account_id":24068021,"reputation":23,"user_id":18044278,"user_type":"registered","profile_image":"https://www.gravatar.com/avatar/807c70d8838dc87983d93be298be994b?s=256&d=identicon&r=PG&f=y&so-version=2","display_name":"AMDN","link":"https://stackoverflow.com/users/18044278/amdn"},"is_answered":true,"view_count":1268,"accepted_answer_id":70895348,"answer_count":1,"score":2,"last_activity_date":1643380072,"creation_date":1643262988,"question_id":70873982,"content_license":"CC BY-SA 4.0","link":"https://stackoverflow.com/questions/70873982/how-to-update-a-single-field-in-a-contentful-entry","title":"How to update a single field in a Contentful entry?"},{"tags":["reactjs","react-bootstrap"],"owner":{"account_id":18810132,"reputation":29,"user_id":13718484,"user_type":"registered","profile_image":"https://lh3.googleusercontent.com/a-/AOh14GjGJbJlMNmXcUnntuuuzAcKBr_yaSQYa6-YuzC8RA=k-s256","display_name":"TheGhoul27","link":"https://stackoverflow.com/users/13718484/theghoul27"},"is_answered":false,"view_count":145,"answer_count":0,"score":0,"last_activity_date":1643266102,"creation_date":1643262979,"last_edit_date":1643266102,"question_id":70873978,"content_license":"CC BY-SA 4.0","link":"https://stackoverflow.com/questions/70873978/import-modal-from-another-js-file-throws-error-in-reactjs","title":"Import Modal from another JS file throws error in ReactJS"},{"tags":["laravel","ssl","smtp","laravel-7","email-verification"],"owner":{"account_id":18692527,"reputation":1,"user_id":13626557,"user_type":"registered","profile_image":"https://www.gravatar.com/avatar/028a7fdb98ca4d5e82bffca1f4318968?s=256&d=identicon&r=PG&f=y&so-version=2","display_name":"kumari shwetha","link":"https://stackoverflow.com/users/13626557/kumari-shwetha"},"is_answered":false,"view_count":385,"closed_date":1643268795,"answer_count":1,"score":0,"last_activity_date":1643267051,"creation_date":1643262973,"last_edit_date":1643264361,"question_id":70873975,"link":"https://stackoverflow.com/questions/70873975/how-to-resolve-error-when-implementing-auth-email-verification-in-laravel","closed_reason":"Duplicate","title":"How to resolve error, when implementing Auth Email Verification in laravel?"},{"tags":["kubernetes","istio","kubeflow","istio-gateway"],"owner":{"account_id":13944030,"reputation":98,"user_id":10069184,"user_type":"registered","profile_image":"https://www.gravatar.com/avatar/f0754361c5d2870fbeaeeada90e81777?s=256&d=identicon&r=PG&f=y&so-version=2","display_name":"Ashis","link":"https://stackoverflow.com/users/10069184/ashis"},"is_answered":false,"view_count":25,"answer_count":0,"score":0,"last_activity_date":1643262931,"creation_date":1643262931,"question_id":70873969,"content_license":"CC BY-SA 4.0","link":"https://stackoverflow.com/questions/70873969/istio-host-is-for-dynamically-created-service-after-enabling-tls","title":"Istio host is for dynamically created service &quot;*&quot; after enabling TLS"},{"tags":["c++","isalpha"],"owner":{"account_id":9020737,"reputation":13,"user_id":8079717,"user_type":"registered","profile_image":"https://www.gravatar.com/avatar/ca50cfe6df2815f5530762a633867659?s=256&d=identicon&r=PG&f=y&so-version=2","display_name":"Ankit","link":"https://stackoverflow.com/users/8079717/ankit"},"is_answered":true,"view_count":417,"accepted_answer_id":70874076,"answer_count":1,"score":1,"last_activity_date":1643265532,"creation_date":1643262869,"question_id":70873962,"content_license":"CC BY-SA 4.0","link":"https://stackoverflow.com/questions/70873962/what-is-time-complexity-of-isalnumchar-in-c","title":"What is time complexity of &quot;isalnum(char)&quot; in c++?"},{"tags":["stm32","bootloader"],"owner":{"account_id":16009270,"reputation":529,"user_id":11553952,"user_type":"registered","profile_image":"https://www.gravatar.com/avatar/dae56d1de37f7ed2c902ef639df77b4e?s=256&d=identicon&r=PG&f=y&so-version=2","display_name":"gogogo","link":"https://stackoverflow.com/users/11553952/gogogo"},"is_answered":true,"view_count":1851,"accepted_answer_id":70876559,"answer_count":1,"score":0,"last_activity_date":1643277458,"creation_date":1643262806,"last_edit_date":1643273419,"question_id":70873955,"content_license":"CC BY-SA 4.0","link":"https://stackoverflow.com/questions/70873955/stm32f4-flash-memory-start-address","title":"Stm32F4 Flash Memory Start Address"},{"tags":["git","github"],"owner":{"account_id":798162,"reputation":10727,"user_id":936651,"user_type":"registered","accept_rate":65,"profile_image":"https://www.gravatar.com/avatar/b467475c5a06deb854ac8e5114d35b90?s=256&d=identicon&r=PG","display_name":"SexyMF","link":"https://stackoverflow.com/users/936651/sexymf"},"is_answered":false,"view_count":3297,"closed_date":1643294997,"answer_count":0,"score":1,"last_activity_date":1643295010,"creation_date":1643262804,"question_id":70873954,"link":"https://stackoverflow.com/questions/70873954/cant-clone-a-private-repository-using-gpg","closed_reason":"Duplicate","title":"Can&#39;t clone a private repository using GPG"},{"tags":["random","blockchain","ethereum","solidity","smartcontracts"],"owner":{"account_id":15913395,"reputation":41,"user_id":11482746,"user_type":"registered","profile_image":"https://lh4.googleusercontent.com/-XQ6mvsTTk9U/AAAAAAAAAAI/AAAAAAAADmw/fKDchHMcLSU/photo.jpg?sz=256","display_name":"Walter Alonso Alvarado Sandova","link":"https://stackoverflow.com/users/11482746/walter-alonso-alvarado-sandova"},"is_answered":true,"view_count":77,"answer_count":2,"score":0,"last_activity_date":1648497917,"creation_date":1643262786,"question_id":70873951,"content_license":"CC BY-SA 4.0","link":"https://stackoverflow.com/questions/70873951/is-a-good-practive-to-take-a-random-number-from-the-decimals-of-different-toke","title":"Is a good practive to take a RANDOM number from the &quot;decimals&quot; of different token prices in solodity?"},{"tags":["java","arrays"],"owner":{"account_id":22558649,"reputation":43,"user_id":16746587,"user_type":"registered","profile_image":"https://www.gravatar.com/avatar/cdff049e3656e69357c002ae5be1a88a?s=256&d=identicon&r=PG","display_name":"John Roice M. Aldeza","link":"https://stackoverflow.com/users/16746587/john-roice-m-aldeza"},"is_answered":true,"view_count":75,"answer_count":1,"score":0,"last_activity_date":1643262945,"creation_date":1643262749,"question_id":70873948,"content_license":"CC BY-SA 4.0","link":"https://stackoverflow.com/questions/70873948/why-did-value-of-string-integer-changed-when-putting-it-into-int-array","title":"Why did value of string integer changed when putting it into int array?"},{"tags":["javascript","typescript","eslint"],"owner":{"account_id":5543260,"reputation":318,"user_id":4398946,"user_type":"registered","profile_image":"https://www.gravatar.com/avatar/ebf0af4b1327db0942ec525b0fb8a3d8?s=256&d=identicon&r=PG&f=y&so-version=2","display_name":"nakaakist","link":"https://stackoverflow.com/users/4398946/nakaakist"},"is_answered":true,"view_count":1000,"accepted_answer_id":70873965,"answer_count":1,"score":2,"last_activity_date":1643262896,"creation_date":1643262713,"question_id":70873945,"content_license":"CC BY-SA 4.0","link":"https://stackoverflow.com/questions/70873945/javascript-typescript-force-to-pass-object-as-function-argument-by-eslint-rule","title":"javascript/typescript - force to pass object as function argument by eslint rule"},{"tags":["iis","client-certificates","mtls"],"owner":{"account_id":2427498,"reputation":966,"user_id":2138442,"user_type":"registered","accept_rate":33,"profile_image":"https://www.gravatar.com/avatar/2d761a00a9e0c70e162237e4645df2df?s=256&d=identicon&r=PG","display_name":"Sam","link":"https://stackoverflow.com/users/2138442/sam"},"is_answered":true,"view_count":616,"accepted_answer_id":70950816,"answer_count":1,"score":1,"last_activity_date":1643779220,"creation_date":1643262696,"last_edit_date":1643348851,"question_id":70873943,"content_license":"CC BY-SA 4.0","link":"https://stackoverflow.com/questions/70873943/mtls-certificate-is-rejected-with-403-16","title":"MTLS certificate is rejected with 403.16"},{"tags":["flutter","dart","visual-studio-code"],"owner":{"account_id":22947934,"reputation":1740,"user_id":17079652,"user_type":"registered","profile_image":"https://i.stack.imgur.com/j2GD1.jpg?s=256&g=1","display_name":"G H Prakash","link":"https://stackoverflow.com/users/17079652/g-h-prakash"},"is_answered":true,"view_count":4314,"accepted_answer_id":70873986,"answer_count":4,"score":3,"last_activity_date":1693983478,"creation_date":1643262688,"question_id":70873942,"content_license":"CC BY-SA 4.0","link":"https://stackoverflow.com/questions/70873942/error-1-unable-to-pub-upgrade-flutter-tool-retrying-in-five-seconds-9","title":"Error (1): Unable to &#39;pub upgrade&#39; flutter tool. Retrying in five seconds... (9 tries left)"},{"tags":["go"],"owner":{"account_id":542673,"reputation":7014,"user_id":911576,"user_type":"registered","accept_rate":62,"profile_image":"https://i.stack.imgur.com/2pDZR.jpg?s=256&g=1","display_name":"anish","link":"https://stackoverflow.com/users/911576/anish"},"is_answered":false,"view_count":65,"answer_count":1,"score":-2,"last_activity_date":1643264056,"creation_date":1643262675,"last_edit_date":1643263700,"question_id":70873938,"content_license":"CC BY-SA 4.0","link":"https://stackoverflow.com/questions/70873938/golang-type-interface-returns-nil-value","title":"golang type interface returns nil value"},{"tags":["angular","primeng","angular9","angular10"],"owner":{"account_id":24061083,"reputation":11,"user_id":18038322,"user_type":"registered","profile_image":"https://www.gravatar.com/avatar/13f5ba9e044284ad57bc8fb7cbd93a4f?s=256&d=identicon&r=PG","display_name":"Nandini","link":"https://stackoverflow.com/users/18038322/nandini"},"is_answered":true,"view_count":325,"accepted_answer_id":70874322,"answer_count":1,"score":0,"last_activity_date":1643274643,"creation_date":1643262637,"question_id":70873932,"content_license":"CC BY-SA 4.0","link":"https://stackoverflow.com/questions/70873932/access-sub-array-in-html-angular","title":"Access sub array in html angular"},{"tags":["google-apps-script","google-cloud-platform","google-drive-api"],"owner":{"account_id":3915903,"reputation":652,"user_id":3239727,"user_type":"registered","profile_image":"https://www.gravatar.com/avatar/689834800dd35b7459a2dc5088ad7f11?s=256&d=identicon&r=PG&f=y&so-version=2","display_name":"Hasam","link":"https://stackoverflow.com/users/3239727/hasam"},"is_answered":true,"view_count":2072,"accepted_answer_id":70875320,"answer_count":1,"score":2,"last_activity_date":1662623494,"creation_date":1643262626,"question_id":70873929,"content_license":"CC BY-SA 4.0","link":"https://stackoverflow.com/questions/70873929/trigger-event-on-uploading-file-to-google-drive-folder","title":"Trigger event on uploading file to Google Drive folder"},{"tags":["c++","pointers","initialization","heap-memory","function-pointers"],"owner":{"account_id":23509890,"reputation":176,"user_id":17558568,"user_type":"registered","profile_image":"https://www.gravatar.com/avatar/a7702facff15bce96fdf48039a89299e?s=256&d=identicon&r=PG","display_name":"doa4321","link":"https://stackoverflow.com/users/17558568/doa4321"},"is_answered":false,"view_count":183,"answer_count":0,"score":3,"last_activity_date":1643262625,"creation_date":1643262625,"question_id":70873928,"content_license":"CC BY-SA 4.0","link":"https://stackoverflow.com/questions/70873928/what-happens-when-you-compare-uninitialized-heap-memory-with-nullptr-in-c","title":"What happens when you compare uninitialized heap memory with nullptr in C++?"},{"tags":["python","apache-spark","pyspark","partitioning"],"owner":{"account_id":18252102,"reputation":95,"user_id":13286893,"user_type":"registered","profile_image":"https://www.gravatar.com/avatar/80d4ba49bea1eab77e8eee06fa399ae9?s=256&d=identicon&r=PG&f=y&so-version=2","display_name":"krx","link":"https://stackoverflow.com/users/13286893/krx"},"is_answered":false,"view_count":286,"answer_count":1,"score":0,"last_activity_date":1643266017,"creation_date":1643262599,"last_edit_date":1643266017,"question_id":70873925,"content_license":"CC BY-SA 4.0","link":"https://stackoverflow.com/questions/70873925/how-to-write-data-in-batches-in-pyspark","title":"How to write data in batches in Pyspark?"},{"tags":["android","kotlin"],"owner":{"account_id":24024560,"reputation":1,"user_id":18006349,"user_type":"registered","profile_image":"https://www.gravatar.com/avatar/3be311f4631fda3f7e8f238edb7502c2?s=256&d=identicon&r=PG","display_name":"Leo","link":"https://stackoverflow.com/users/18006349/leo"},"is_answered":false,"view_count":229,"answer_count":1,"score":0,"last_activity_date":1643262831,"creation_date":1643262593,"question_id":70873923,"content_license":"CC BY-SA 4.0","link":"https://stackoverflow.com/questions/70873923/could-not-get-https-kotlin-bintray-com-kotlinx-androidx-navigation-navigation","title":"Could not GET &#39;https://kotlin.bintray.com/kotlinx/androidx/navigation/navigation-safe-args-generator/maven-metadata.xml&#39;"},{"tags":["javascript","node.js","es6-promise"],"owner":{"account_id":23640574,"reputation":35,"user_id":17670873,"user_type":"registered","profile_image":"https://lh3.googleusercontent.com/a/AATXAJzxzU12KyRKT6Owx2EZs3owBbASTIov3Baf4x91=k-s256","display_name":"AlecJeay","link":"https://stackoverflow.com/users/17670873/alecjeay"},"is_answered":true,"view_count":340,"accepted_answer_id":70874230,"answer_count":1,"score":1,"last_activity_date":1643264812,"creation_date":1643262588,"last_edit_date":1643263977,"question_id":70873920,"content_license":"CC BY-SA 4.0","link":"https://stackoverflow.com/questions/70873920/having-trouble-returning-a-promise-and-then-consuming-it-after-a-database-call","title":"Having trouble returning a promise and then consuming it after a database call"},{"tags":["vue.js","npm","vuetify.js","nvm"],"owner":{"account_id":24067935,"reputation":1,"user_id":18044201,"user_type":"registered","profile_image":"https://www.gravatar.com/avatar/3f1a9266533d7ee669f88a04a1d63df4?s=256&d=identicon&r=PG","display_name":"benivag","link":"https://stackoverflow.com/users/18044201/benivag"},"is_answered":false,"view_count":165,"answer_count":0,"score":0,"last_activity_date":1643262579,"creation_date":1643262579,"question_id":70873919,"content_license":"CC BY-SA 4.0","link":"https://stackoverflow.com/questions/70873919/how-to-install-vuetify-without-having-problem-of-typeerror-child-on-is-not-a-fu","title":"how to install vuetify without having problem of TypeError: child.on is not a function?"},{"tags":["android","function","if-statement"],"owner":{"account_id":24034715,"reputation":11,"user_id":18015121,"user_type":"registered","profile_image":"https://lh3.googleusercontent.com/a/AATXAJyl5HJNyOVHzZZ_giyj8B8X2ukocDNLWEF3bbCF=k-s256","display_name":"Khadija Zeb","link":"https://stackoverflow.com/users/18015121/khadija-zeb"},"is_answered":false,"view_count":66,"answer_count":1,"score":0,"last_activity_date":1643270278,"creation_date":1643262567,"question_id":70873917,"content_license":"CC BY-SA 4.0","link":"https://stackoverflow.com/questions/70873917/android-using-if-statement-when-button-is-clicked-to-call-a-function","title":"Android - Using If statement when button is clicked to call a function"}],"has_more":true,"quota_max":300,"quota_remaining":194}