{"items":[{"tags":["haskell","types"],"owner":{"account_id":22469437,"reputation":275,"user_id":16670099,"user_type":"registered","profile_image":"https://lh3.googleusercontent.com/a/AATXAJwxYhcalZUe0MX6d-odospOwbO8sN4xkrC49t1r=k-s256","display_name":"Amber","link":"https://stackoverflow.com/users/16670099/amber"},"is_answered":true,"view_count":87,"accepted_answer_id":70552777,"answer_count":1,"score":2,"last_activity_date":1641126238,"creation_date":1641081591,"question_id":70552752,"content_license":"CC BY-SA 4.0","link":"https://stackoverflow.com/questions/70552752/is-there-a-type-that-includes-strings-and-lists-in-haskell","title":"Is there a type that includes strings and lists in haskell?"},{"tags":["java","memory"],"owner":{"account_id":16626227,"reputation":111,"user_id":12015272,"user_type":"registered","profile_image":"https://www.gravatar.com/avatar/cf4fe1b1333a58e18ad44999b1caec37?s=256&d=identicon&r=PG&f=y&so-version=2","display_name":"Curious Person","link":"https://stackoverflow.com/users/12015272/curious-person"},"is_answered":false,"view_count":42,"answer_count":0,"score":0,"last_activity_date":1641081581,"creation_date":1641081581,"question_id":70552751,"content_license":"CC BY-SA 4.0","link":"https://stackoverflow.com/questions/70552751/measure-memory-used-by-a-program-from-another-program","title":"Measure memory used by a program from another program"},{"tags":["node.js","file","stream","fs","aggregateerror"],"owner":{"account_id":2216285,"reputation":55,"user_id":1956779,"user_type":"registered","profile_image":"https://www.gravatar.com/avatar/758675791c312a3fde165a056a7bf2b8?s=256&d=identicon&r=PG","display_name":"Ryan M","link":"https://stackoverflow.com/users/1956779/ryan-m"},"is_answered":true,"view_count":152,"accepted_answer_id":70553038,"answer_count":2,"score":1,"last_activity_date":1641098511,"creation_date":1641081580,"last_edit_date":1641085538,"question_id":70552750,"content_license":"CC BY-SA 4.0","link":"https://stackoverflow.com/questions/70552750/node-read-streams-how-can-i-limit-the-number-of-open-files","title":"Node Read Streams - How can I limit the number of open files?"},{"tags":["php","testing","post","laravel-7"],"owner":{"account_id":19109727,"reputation":43,"user_id":13955991,"user_type":"registered","profile_image":"https://www.gravatar.com/avatar/2decc33eb7ea2e37b5e31a09a997c4e9?s=256&d=identicon&r=PG&f=y&so-version=2","display_name":"IAmTazlan","link":"https://stackoverflow.com/users/13955991/iamtazlan"},"is_answered":false,"view_count":317,"answer_count":0,"score":1,"last_activity_date":1641083174,"creation_date":1641081474,"last_edit_date":1641083174,"question_id":70552745,"content_license":"CC BY-SA 4.0","link":"https://stackoverflow.com/questions/70552745/laravel-7x-testing-how-to-feature-test-with-image-posts","title":"Laravel 7x Testing. How to feature test with image posts"},{"tags":["ag-grid-react"],"owner":{"account_id":490531,"reputation":735,"user_id":2781636,"user_type":"registered","accept_rate":0,"profile_image":"https://www.gravatar.com/avatar/d2a5b718f0540c0f1abeeb2552aa6036?s=256&d=identicon&r=PG","display_name":"Ofer Gal","link":"https://stackoverflow.com/users/2781636/ofer-gal"},"is_answered":false,"view_count":582,"answer_count":1,"score":1,"last_activity_date":1641152179,"creation_date":1641081334,"question_id":70552736,"content_license":"CC BY-SA 4.0","link":"https://stackoverflow.com/questions/70552736/cellrenderer-multi-line-br-and-line-hight","title":"cellRenderer multi line &lt;br/&gt; and Line hight"},{"tags":["wpf","f#","fsi","fsxaml"],"owner":{"account_id":20205180,"reputation":1,"user_id":14819817,"user_type":"registered","profile_image":"https://lh3.googleusercontent.com/a-/AOh14Gg26Chb4rhpzQXyJs146t9FX_9Igj4rAMOPdfns=k-s256","display_name":"rpacz","link":"https://stackoverflow.com/users/14819817/rpacz"},"is_answered":false,"view_count":97,"answer_count":0,"score":0,"last_activity_date":1641753095,"creation_date":1641081305,"last_edit_date":1641753095,"question_id":70552734,"content_license":"CC BY-SA 4.0","link":"https://stackoverflow.com/questions/70552734/exception-when-trying-to-load-fsxaml-wpf-with-f-interactive","title":"Exception when trying to load FsXaml.Wpf with F# interactive"},{"tags":["mongodb","pymodm"],"owner":{"account_id":19864034,"reputation":1,"user_id":14551753,"user_type":"registered","profile_image":"https://i.stack.imgur.com/9c7TS.jpg?s=256&g=1","display_name":"panam-py","link":"https://stackoverflow.com/users/14551753/panam-py"},"is_answered":false,"view_count":125,"answer_count":1,"score":0,"last_activity_date":1644251597,"creation_date":1641081277,"question_id":70552731,"content_license":"CC BY-SA 4.0","link":"https://stackoverflow.com/questions/70552731/deleting-a-document-that-matches-a-query-in-pymodm","title":"Deleting a document that matches a query in pymodm"},{"tags":["node.js","express","back","multiple-users"],"owner":{"account_id":19418735,"reputation":21,"user_id":14201641,"user_type":"registered","profile_image":"https://www.gravatar.com/avatar/247bfb57fd5c20cce91ef38bcdd5f831?s=256&d=identicon&r=PG&f=y&so-version=2","display_name":"seb-2020","link":"https://stackoverflow.com/users/14201641/seb-2020"},"is_answered":false,"view_count":1330,"answer_count":1,"score":1,"last_activity_date":1641082812,"creation_date":1641081088,"question_id":70552719,"content_license":"CC BY-SA 4.0","link":"https://stackoverflow.com/questions/70552719/keeping-track-of-users-history-in-express-to-make-a-back-button","title":"Keeping track of users history in express to make a &#39;back&#39; button?"},{"tags":["docker","docker-compose"],"owner":{"account_id":15345556,"reputation":1373,"user_id":13541620,"user_type":"registered","profile_image":"https://graph.facebook.com/10214150206005114/picture?type=large","display_name":"Affes Salem","link":"https://stackoverflow.com/users/13541620/affes-salem"},"is_answered":true,"view_count":1568,"accepted_answer_id":70552908,"answer_count":1,"score":2,"last_activity_date":1641084462,"creation_date":1641081028,"last_edit_date":1641082372,"question_id":70552715,"content_license":"CC BY-SA 4.0","link":"https://stackoverflow.com/questions/70552715/how-can-i-rescale-an-already-running-docker-compose-without-restarting-container","title":"How can I rescale an already running docker-compose without restarting containers?"},{"tags":["scheme","lisp"],"owner":{"account_id":23802058,"reputation":1,"user_id":17812112,"user_type":"registered","profile_image":"https://lh3.googleusercontent.com/a/AATXAJwzoBrA7KRV8364L45hra5Psk8ymJlaeHm_rRpE=k-s256","display_name":"chisei minamoto","link":"https://stackoverflow.com/users/17812112/chisei-minamoto"},"is_answered":true,"view_count":158,"answer_count":1,"score":0,"last_activity_date":1641082119,"creation_date":1641081005,"question_id":70552710,"content_license":"CC BY-SA 4.0","link":"https://stackoverflow.com/questions/70552710/how-to-load-files-in-scheme-lisp","title":"How to load files in Scheme lisp"},{"tags":["vb.net"],"owner":{"account_id":22329043,"reputation":25,"user_id":16550565,"user_type":"registered","profile_image":"https://lh3.googleusercontent.com/a-/AOh14GjD-f46yNxRtizhZ7IlSzc2VR88f3CuJ9-SvHJB=k-s256","display_name":"xiaoyululu","link":"https://stackoverflow.com/users/16550565/xiaoyululu"},"is_answered":true,"view_count":1352,"accepted_answer_id":70553474,"answer_count":1,"score":0,"last_activity_date":1641095939,"creation_date":1641080897,"question_id":70552706,"content_license":"CC BY-SA 4.0","link":"https://stackoverflow.com/questions/70552706/how-to-use-newtonsoft-json-to-output-a-json-file-in-vb-net","title":"How to use Newtonsoft.Json to output a json file in vb.net"},{"tags":["r","ggplot2","graph"],"owner":{"account_id":22649673,"reputation":31,"user_id":16824530,"user_type":"registered","profile_image":"https://lh3.googleusercontent.com/a/AATXAJw0ISx8laoIoI6FUzAHAGj3_cLQhIWoDrCBXrTl=k-s256","display_name":"Chinemerem","link":"https://stackoverflow.com/users/16824530/chinemerem"},"is_answered":true,"view_count":60,"accepted_answer_id":70552836,"answer_count":1,"score":0,"last_activity_date":1641092621,"creation_date":1641080839,"question_id":70552702,"content_license":"CC BY-SA 4.0","link":"https://stackoverflow.com/questions/70552702/how-to-add-more-than-2-colours-to-ggplot-based-on-conditions","title":"How to add more than 2 colours to ggplot based on conditions?"},{"tags":["python","matplotlib","seaborn"],"owner":{"account_id":16695874,"reputation":55,"user_id":14376679,"user_type":"registered","profile_image":"https://www.gravatar.com/avatar/e8a69c17113602075969297b81effe4a?s=256&d=identicon&r=PG&f=y&so-version=2","display_name":"Deven Mistry","link":"https://stackoverflow.com/users/14376679/deven-mistry"},"is_answered":true,"view_count":628,"accepted_answer_id":70552771,"answer_count":1,"score":2,"last_activity_date":1641083847,"creation_date":1641080834,"last_edit_date":1641083847,"question_id":70552701,"content_license":"CC BY-SA 4.0","link":"https://stackoverflow.com/questions/70552701/how-to-make-a-square-heatmap-overal-plot-not-the-cells","title":"How to make a square heatmap (overal plot, not the cells)"},{"tags":["python-3.x","tkinter"],"owner":{"account_id":23801978,"reputation":35,"user_id":17812040,"user_type":"registered","profile_image":"https://www.gravatar.com/avatar/0d269d60ebb10a18e0adf7992346c5c5?s=256&d=identicon&r=PG","display_name":"Jeffrey","link":"https://stackoverflow.com/users/17812040/jeffrey"},"is_answered":true,"view_count":74,"accepted_answer_id":70552785,"answer_count":2,"score":1,"last_activity_date":1641089688,"creation_date":1641080782,"question_id":70552699,"content_license":"CC BY-SA 4.0","link":"https://stackoverflow.com/questions/70552699/why-is-python-tkinter-grid-method-separating-the-buttons","title":"Why is Python Tkinter grid method separating the buttons"},{"tags":["html","css"],"owner":{"account_id":23801998,"reputation":7,"user_id":17812060,"user_type":"registered","profile_image":"https://lh3.googleusercontent.com/a-/AOh14Gi7yuCwnHvzDJevD5cRf5D8ZwMF2KHkwgB43pW91A=k-s256","display_name":"Kaan Goktan","link":"https://stackoverflow.com/users/17812060/kaan-goktan"},"is_answered":false,"view_count":279,"answer_count":1,"score":0,"last_activity_date":1641087016,"creation_date":1641080719,"last_edit_date":1641081669,"question_id":70552695,"content_license":"CC BY-SA 4.0","link":"https://stackoverflow.com/questions/70552695/child-div-sticking-out-of-parent-div","title":"Child Div Sticking out of parent div"},{"tags":["html","css"],"owner":{"account_id":13784835,"reputation":9,"user_id":9949031,"user_type":"registered","profile_image":"https://www.gravatar.com/avatar/2c7f0cdcbd770f6b57a7f5f14680dfdd?s=256&d=identicon&r=PG&f=y&so-version=2","display_name":"Jesus Lara","link":"https://stackoverflow.com/users/9949031/jesus-lara"},"is_answered":false,"view_count":209,"answer_count":1,"score":0,"last_activity_date":1641095890,"creation_date":1641080708,"question_id":70552693,"content_license":"CC BY-SA 4.0","link":"https://stackoverflow.com/questions/70552693/responsive-link","title":"Responsive Link"},{"tags":["html","css","svg","hyperlink","hover"],"owner":{"account_id":23802020,"reputation":21,"user_id":17812080,"user_type":"registered","profile_image":"https://lh3.googleusercontent.com/a-/AOh14Gg2hDUYEmBXQYMleSWxajNfQFED6_RjYWE7DnvAuQ=k-s256","display_name":"Derek R","link":"https://stackoverflow.com/users/17812080/derek-r"},"is_answered":true,"view_count":624,"answer_count":1,"score":0,"last_activity_date":1641136909,"creation_date":1641080692,"question_id":70552691,"content_license":"CC BY-SA 4.0","link":"https://stackoverflow.com/questions/70552691/how-to-i-get-the-hover-to-only-hover-over-an-svg-file-and-not-the-empty-space-be","title":"How to I get the hover to only hover over an SVG file and not the empty space beside it?"},{"tags":["arrays","c","pointers","struct","coredump"],"owner":{"account_id":23775622,"reputation":31,"user_id":17789122,"user_type":"registered","profile_image":"https://www.gravatar.com/avatar/2f1f95fe4d1a33cbc39c06052b501e5a?s=256&d=identicon&r=PG","display_name":"imee","link":"https://stackoverflow.com/users/17789122/imee"},"is_answered":true,"view_count":50,"accepted_answer_id":70552714,"answer_count":1,"score":2,"last_activity_date":1641082200,"creation_date":1641080638,"question_id":70552690,"content_license":"CC BY-SA 4.0","link":"https://stackoverflow.com/questions/70552690/core-dumped-because-of-a-char-write-in-a-file","title":"core dumped because of a char** write in a file"},{"tags":["javascript","forms"],"owner":{"account_id":9952847,"reputation":1,"user_id":7364816,"user_type":"registered","profile_image":"https://www.gravatar.com/avatar/fdc3500661e13641d3fdcad7c6a66271?s=256&d=identicon&r=PG&f=y&so-version=2","display_name":"rasyid","link":"https://stackoverflow.com/users/7364816/rasyid"},"is_answered":false,"view_count":1942,"answer_count":2,"score":0,"last_activity_date":1641081711,"creation_date":1641080621,"last_edit_date":1641081118,"question_id":70552689,"content_license":"CC BY-SA 4.0","link":"https://stackoverflow.com/questions/70552689/how-to-clear-input-form-after-click-submit","title":"How to Clear Input Form After Click Submit"},{"tags":["python","csv","dictionary","translate"],"owner":{"account_id":23229274,"reputation":61,"user_id":17320292,"user_type":"registered","profile_image":"https://lh3.googleusercontent.com/a-/AOh14GgThbQTHNmeW-MalkGi_6fhbzq2658hBCbZp6_H9A=k-s256","display_name":"Derek B","link":"https://stackoverflow.com/users/17320292/derek-b"},"is_answered":true,"view_count":62,"accepted_answer_id":70552864,"answer_count":1,"score":1,"last_activity_date":1641083524,"creation_date":1641080606,"question_id":70552686,"content_license":"CC BY-SA 4.0","link":"https://stackoverflow.com/questions/70552686/applying-python-dictionary-to-column-of-a-csv-file","title":"Applying python dictionary to column of a CSV file"},{"tags":["jsp","servlets","tomcat7"],"owner":{"account_id":23618360,"reputation":11,"user_id":17657381,"user_type":"registered","profile_image":"https://www.gravatar.com/avatar/50f0b5d8200d69acd414ba9aa19249ff?s=256&d=identicon&r=PG","display_name":"user474744","link":"https://stackoverflow.com/users/17657381/user474744"},"is_answered":true,"view_count":107,"answer_count":1,"score":0,"last_activity_date":1641251896,"creation_date":1641080582,"last_edit_date":1641085118,"question_id":70552683,"content_license":"CC BY-SA 4.0","link":"https://stackoverflow.com/questions/70552683/the-problem-with-the-transition-from-jsp-to-tomcat-7-servlet-the-post-method-is","title":"The problem with the transition from JSP to Tomcat 7 servlet. The post method is not called from JSP page"},{"tags":["visual-studio-code","lean"],"owner":{"account_id":12634812,"reputation":147,"user_id":10425289,"user_type":"registered","profile_image":"https://www.gravatar.com/avatar/589de3d6fe089ea152620023216bc186?s=256&d=identicon&r=PG&f=y&so-version=2","display_name":"mdnestor","link":"https://stackoverflow.com/users/10425289/mdnestor"},"is_answered":false,"view_count":338,"answer_count":1,"score":1,"last_activity_date":1641081880,"creation_date":1641080493,"question_id":70552679,"content_license":"CC BY-SA 4.0","link":"https://stackoverflow.com/questions/70552679/visual-studio-path-configuration-on-windows-for-lean-theorem-prover","title":"Visual studio path configuration on Windows for LEAN theorem prover"},{"tags":["r","statistics"],"owner":{"account_id":18679365,"reputation":1,"user_id":13616293,"user_type":"registered","profile_image":"https://graph.facebook.com/3284665134930437/picture?type=large","display_name":"Julian Hochstein Mintzel","link":"https://stackoverflow.com/users/13616293/julian-hochstein-mintzel"},"is_answered":false,"view_count":139,"answer_count":1,"score":0,"last_activity_date":1641324744,"creation_date":1641080485,"last_edit_date":1641142589,"question_id":70552677,"content_license":"CC BY-SA 4.0","link":"https://stackoverflow.com/questions/70552677/which-test-do-i-need-to-find-out-if-there-is-a-significant-difference-between-tw","title":"Which test do I need to find out if there is a significant difference between two lists of numbers and how can this be performed on R?"},{"tags":["docker","kubernetes","docker-compose","terminology","swarm"],"owner":{"account_id":8983627,"reputation":331,"user_id":6697928,"user_type":"registered","profile_image":"https://www.gravatar.com/avatar/d704679e0f86a4bc909af7daf8e9552f?s=256&d=identicon&r=PG&f=y&so-version=2","display_name":"nightwuffle","link":"https://stackoverflow.com/users/6697928/nightwuffle"},"is_answered":false,"view_count":68,"closed_date":1646252488,"answer_count":0,"score":3,"last_activity_date":1646252365,"creation_date":1641080356,"last_edit_date":1646252365,"question_id":70552670,"link":"https://stackoverflow.com/questions/70552670/is-there-a-collective-noun-for-what-is-created-by-running-docker-compose","closed_reason":"Opinion-based","title":"Is there a collective-noun for what is created by running docker-compose"},{"tags":["python","mysql","amazon-web-services","pymysql"],"owner":{"account_id":15940063,"reputation":83,"user_id":11502075,"user_type":"registered","profile_image":"https://lh3.googleusercontent.com/-Eec5btv9ID4/AAAAAAAAAAI/AAAAAAAAAAA/ACHi3rfwtVxLaZrQJf9mvqNeeE7hehvD-Q/mo/photo.jpg?sz=256","display_name":"MSA msa","link":"https://stackoverflow.com/users/11502075/msa-msa"},"is_answered":false,"view_count":70,"answer_count":1,"score":-1,"last_activity_date":1644154875,"creation_date":1641080262,"last_edit_date":1644154875,"question_id":70552663,"content_license":"CC BY-SA 4.0","link":"https://stackoverflow.com/questions/70552663/pymysql-arora-database-insertion-issue1265-data-truncated-incorrect-integer","title":"PYMySQL Arora Database Insertion Issue(1265, &quot;Data truncated &quot;Incorrect integer value: &#39;NULL&#39; ,&quot;Incorrect decimal value: &#39;NULL&#39; for column &#39;colname))"},{"tags":["go","visual-studio-code","go-modules"],"owner":{"account_id":19108162,"reputation":29,"user_id":16806201,"user_type":"registered","profile_image":"https://www.gravatar.com/avatar/368e53ecc4c83ed63c7c18a97b18813b?s=256&d=identicon&r=PG&f=y&so-version=2","display_name":"bmak","link":"https://stackoverflow.com/users/16806201/bmak"},"is_answered":true,"view_count":360,"answer_count":1,"score":1,"last_activity_date":1641774141,"creation_date":1641080235,"last_edit_date":1641774141,"question_id":70552662,"content_license":"CC BY-SA 4.0","link":"https://stackoverflow.com/questions/70552662/vscode-go-telling-me-to-go-get-a-package-belonging-to-a-subfolder","title":"VSCode/Go telling me to go get a package belonging to a subfolder"},{"tags":["r","function","dplyr","data-science"],"owner":{"account_id":23801803,"reputation":1,"user_id":17811892,"user_type":"registered","profile_image":"https://www.gravatar.com/avatar/8dd49b06bbfa2a63389bba075c03053f?s=256&d=identicon&r=PG","display_name":"CharlieS","link":"https://stackoverflow.com/users/17811892/charlies"},"is_answered":false,"view_count":1265,"answer_count":1,"score":0,"last_activity_date":1641317956,"creation_date":1641080124,"last_edit_date":1641080812,"question_id":70552653,"content_license":"CC BY-SA 4.0","link":"https://stackoverflow.com/questions/70552653/why-am-i-getting-an-error-in-usemethodarrange-in-r","title":"Why am I getting an &#39;Error in UseMethod(arrange) in r?"},{"tags":["jestjs"],"owner":{"account_id":3741577,"reputation":25074,"user_id":3111255,"user_type":"registered","accept_rate":51,"profile_image":"https://www.gravatar.com/avatar/aae40f59c88bb8d992cdf03ebba6779f?s=256&d=identicon&r=PG&f=y&so-version=2","display_name":"JoeTidee","link":"https://stackoverflow.com/users/3111255/joetidee"},"is_answered":true,"view_count":224,"accepted_answer_id":70552667,"answer_count":2,"score":-1,"last_activity_date":1641080780,"creation_date":1641080067,"question_id":70552649,"content_license":"CC BY-SA 4.0","link":"https://stackoverflow.com/questions/70552649/jest-test-returns-serializes-to-the-same-string","title":"Jest - test returns &quot;serializes to the same string&quot;"},{"tags":["pandas","numpy"],"owner":{"account_id":23422663,"reputation":49,"user_id":17482631,"user_type":"registered","profile_image":"https://lh3.googleusercontent.com/a/AATXAJws2vVZZ81ml7-Bz5FV583OAwTKOB6hMszZql9C=k-s256","display_name":"Ruslan Pylypyyuk","link":"https://stackoverflow.com/users/17482631/ruslan-pylypyyuk"},"is_answered":true,"view_count":739,"accepted_answer_id":70552685,"answer_count":1,"score":0,"last_activity_date":1641080588,"creation_date":1641080003,"question_id":70552643,"content_license":"CC BY-SA 4.0","link":"https://stackoverflow.com/questions/70552643/using-iqr-method-to-remove-outliers-does-not-change-shape-of-data-frame","title":"Using IQR method to remove outliers does not change shape of data frame"},{"tags":["elasticsearch"],"owner":{"account_id":9017633,"reputation":920,"user_id":7806024,"user_type":"registered","profile_image":"https://i.stack.imgur.com/k6BaY.png?s=256&g=1","display_name":"Edison","link":"https://stackoverflow.com/users/7806024/edison"},"is_answered":true,"view_count":67,"answer_count":1,"score":0,"last_activity_date":1641088818,"creation_date":1641079981,"last_edit_date":1641088818,"question_id":70552638,"content_license":"CC BY-SA 4.0","link":"https://stackoverflow.com/questions/70552638/elasicsearch-how-to-filter-for-documents-outside-a-range","title":"Elasicsearch: How to filter for documents outside a range?"}],"has_more":true,"quota_max":300,"quota_remaining":295}