{"items":[{"tags":["ios","swift"],"owner":{"account_id":4732913,"reputation":3781,"user_id":3828004,"user_type":"registered","accept_rate":82,"profile_image":"https://i.stack.imgur.com/kVmH9.jpg?s=256&g=1","display_name":"Michael Vescovo","link":"https://stackoverflow.com/users/3828004/michael-vescovo"},"is_answered":false,"view_count":51,"answer_count":0,"score":1,"last_activity_date":1647216383,"creation_date":1647215985,"last_edit_date":1647216383,"question_id":71461799,"content_license":"CC BY-SA 4.0","link":"https://stackoverflow.com/questions/71461799/why-can-datecomponentsformatter-produce-different-results-if-i-pass-a-timeinterv","title":"Why can DateComponentsFormatter produce different results if I pass a TimeInterval VS let it calculate the TimeInterval itself?"},{"tags":["rust"],"owner":{"account_id":2215264,"reputation":95,"user_id":1956056,"user_type":"registered","accept_rate":100,"profile_image":"https://www.gravatar.com/avatar/73333bc220efe2a8f43195ae83c3e9e4?s=256&d=identicon&r=PG","display_name":"DazKins","link":"https://stackoverflow.com/users/1956056/dazkins"},"is_answered":true,"view_count":406,"accepted_answer_id":71462026,"answer_count":1,"score":2,"last_activity_date":1647218767,"creation_date":1647215947,"last_edit_date":1647217453,"question_id":71461796,"content_license":"CC BY-SA 4.0","link":"https://stackoverflow.com/questions/71461796/convert-optionrefcellt-to-optiont","title":"Convert Option&lt;RefCell&lt;T&gt;&gt; to Option&lt;&amp;T&gt;"},{"tags":["html","node.js","angular"],"owner":{"account_id":24328062,"reputation":21,"user_id":18267339,"user_type":"registered","profile_image":"https://lh3.googleusercontent.com/a-/AOh14GhegAAie8-3LmWBqltFFER3L_FNha-XmwDovCjQuw=k-s256","display_name":"Calypso","link":"https://stackoverflow.com/users/18267339/calypso"},"is_answered":false,"view_count":121,"answer_count":1,"score":0,"last_activity_date":1647219671,"creation_date":1647215927,"question_id":71461794,"content_license":"CC BY-SA 4.0","link":"https://stackoverflow.com/questions/71461794/how-to-render-html-on-the-basis-of-if-conditions","title":"how to render html on the basis of if conditions"},{"tags":["java","audio","processing"],"owner":{"account_id":19080352,"reputation":9,"user_id":13932688,"user_type":"registered","profile_image":"https://lh3.googleusercontent.com/a-/AOh14GhxP6zeptbRbm9_f0Rg5nLE79bPIrqcvBG4PiyNOQ=k-s256","display_name":"lovebeensippin","link":"https://stackoverflow.com/users/13932688/lovebeensippin"},"is_answered":false,"view_count":344,"answer_count":1,"score":0,"last_activity_date":1647216999,"creation_date":1647215899,"question_id":71461791,"content_license":"CC BY-SA 4.0","link":"https://stackoverflow.com/questions/71461791/why-isnt-soundfile-play-not-working-processing-4","title":"Why isn&#39;t SoundFile.play not working processing 4"},{"tags":["scala","scala-macros","scala-2.12"],"owner":{"account_id":4253468,"reputation":11,"user_id":3479752,"user_type":"registered","profile_image":"https://graph.facebook.com/122600728/picture?type=large","display_name":"Pasha","link":"https://stackoverflow.com/users/3479752/pasha"},"is_answered":false,"view_count":84,"answer_count":0,"score":0,"last_activity_date":1647215895,"creation_date":1647215895,"question_id":71461790,"content_license":"CC BY-SA 4.0","link":"https://stackoverflow.com/questions/71461790/reifying-higher-kinded-type-in-a-scala-2-macro","title":"Reifying higher-kinded type in a scala 2 macro"},{"tags":["c++","uwp","windows-runtime","text-to-speech","windows-media-player"],"owner":{"account_id":23758251,"reputation":11,"user_id":17774066,"user_type":"registered","profile_image":"https://lh3.googleusercontent.com/a/AATXAJy9euLS6WU6BHk5m7EzhieNXRAnoHvThjE8RQo=k-s256","display_name":"Appolon Sharov","link":"https://stackoverflow.com/users/17774066/appolon-sharov"},"is_answered":false,"view_count":236,"answer_count":1,"score":1,"last_activity_date":1648895855,"creation_date":1647215893,"question_id":71461789,"content_license":"CC BY-SA 4.0","link":"https://stackoverflow.com/questions/71461789/c-winrt-playback-speechsynthesisstream-via-mediaplayerplay-requires-some-w","title":"C++ WinRT Playback SpeechSynthesisStream via MediaPlayer::Play() requires some waiting, doesn&#39;t it?"},{"tags":["android","ios","flutter","dart"],"owner":{"account_id":6212257,"reputation":2043,"user_id":4838216,"user_type":"registered","accept_rate":48,"profile_image":"https://www.gravatar.com/avatar/cd7c83fe2796b102bffa4729d0074956?s=256&d=identicon&r=PG&f=y&so-version=2","display_name":"whatwhatwhat","link":"https://stackoverflow.com/users/4838216/whatwhatwhat"},"is_answered":false,"view_count":76,"answer_count":1,"score":2,"last_activity_date":1647219213,"creation_date":1647215776,"question_id":71461788,"content_license":"CC BY-SA 4.0","link":"https://stackoverflow.com/questions/71461788/why-is-my-text-input-field-not-aligning-to-the-bottom-left-of-my-phone","title":"Why is my text input field not aligning to the bottom left of my phone?"},{"tags":["javascript","function","input","parameters","addeventlistener"],"owner":{"account_id":16143594,"reputation":11,"user_id":11653969,"user_type":"registered","profile_image":"https://i.stack.imgur.com/khXWw.jpg?s=256&g=1","display_name":"JellySword","link":"https://stackoverflow.com/users/11653969/jellysword"},"is_answered":false,"view_count":21,"closed_date":1647215803,"answer_count":0,"score":0,"last_activity_date":1647216377,"creation_date":1647215769,"last_edit_date":1647215861,"question_id":71461787,"link":"https://stackoverflow.com/questions/71461787/how-is-the-function-in-my-eventlistener-able-to-receive-an-event-without-using-f","closed_reason":"Duplicate","title":"How is the function in my eventlistener able to receive an event without using function parameters?"},{"tags":["node.js","mongodb","docker","next.js"],"owner":{"account_id":17094850,"reputation":763,"user_id":12370067,"user_type":"registered","profile_image":"https://i.stack.imgur.com/PtjHb.jpg?s=256&g=1","display_name":"Ben Bagley","link":"https://stackoverflow.com/users/12370067/ben-bagley"},"is_answered":true,"view_count":1355,"answer_count":1,"score":0,"last_activity_date":1647216017,"creation_date":1647215726,"question_id":71461784,"content_license":"CC BY-SA 4.0","link":"https://stackoverflow.com/questions/71461784/cannot-connect-mongodb-using-docker-connection-refused","title":"Cannot connect mongodb using docker, connection refused"},{"tags":["java","gradle","build.gradle","axelor","gradle-wrapper"],"owner":{"account_id":264878,"reputation":551,"user_id":551477,"user_type":"registered","accept_rate":73,"profile_image":"https://www.gravatar.com/avatar/4452bdb97d1209eee99369f441d2edaf?s=256&d=identicon&r=PG","display_name":"jechaviz","link":"https://stackoverflow.com/users/551477/jechaviz"},"is_answered":false,"view_count":1538,"answer_count":0,"score":0,"last_activity_date":1647216981,"creation_date":1647215724,"last_edit_date":1647216981,"question_id":71461783,"content_license":"CC BY-SA 4.0","link":"https://stackoverflow.com/questions/71461783/could-not-find-method-compile-on-object-of-type-org-gradle-api-internal-artifa","title":"Could not find method compile() on object of type org.gradle.api.internal.artifacts.dsl.dependencies.DefaultDependencyHandler"},{"tags":["mysql","mysql-workbench"],"owner":{"account_id":18051811,"reputation":21,"user_id":13121285,"user_type":"registered","profile_image":"https://lh3.googleusercontent.com/a-/AOh14GhrbVEJkksd-VYcdwA25262kAK38f_qzM2poyiAnQ=k-s256","display_name":"Hoopou","link":"https://stackoverflow.com/users/13121285/hoopou"},"is_answered":true,"view_count":95,"accepted_answer_id":71462075,"answer_count":1,"score":0,"last_activity_date":1647472722,"creation_date":1647215628,"last_edit_date":1647472722,"question_id":71461777,"content_license":"CC BY-SA 4.0","link":"https://stackoverflow.com/questions/71461777/mysql-slow-request-time","title":"MySql Slow Request Time"},{"tags":["javascript"],"owner":{"account_id":24548002,"reputation":3,"user_id":18457536,"user_type":"registered","profile_image":"https://i.stack.imgur.com/Af9zO.jpg?s=256&g=1","display_name":"MikeHawk5","link":"https://stackoverflow.com/users/18457536/mikehawk5"},"is_answered":true,"view_count":195,"closed_date":1647216450,"accepted_answer_id":71461838,"answer_count":1,"score":-1,"last_activity_date":1647216461,"creation_date":1647215612,"last_edit_date":1647215907,"question_id":71461776,"link":"https://stackoverflow.com/questions/71461776/i-am-trying-to-concatenate-the-second-parameter-to-the-first-in-js","closed_reason":"Not suitable for this site","title":"I am trying to concatenate the second parameter to the first in JS"},{"tags":["aws-lambda","amazon-iam"],"owner":{"account_id":10089936,"reputation":390,"user_id":7457239,"user_type":"registered","profile_image":"https://i.stack.imgur.com/FFqFd.png?s=256&g=1","display_name":"Julian Dm","link":"https://stackoverflow.com/users/7457239/julian-dm"},"is_answered":false,"view_count":604,"answer_count":1,"score":1,"last_activity_date":1668630730,"creation_date":1647215600,"last_edit_date":1647216110,"question_id":71461774,"content_license":"CC BY-SA 4.0","link":"https://stackoverflow.com/questions/71461774/dynamically-set-assumed-role-in-lambda-based-on-invokation","title":"Dynamically set assumed role in lambda based on invokation"},{"tags":["c++","qt"],"owner":{"account_id":23337950,"reputation":11,"user_id":17413275,"user_type":"registered","profile_image":"https://lh3.googleusercontent.com/a/AATXAJy6SZ1Dxoq-N7hxz_YwJBPtxkKON8MdZkShpsaB=k-s256","display_name":"Rasim test","link":"https://stackoverflow.com/users/17413275/rasim-test"},"is_answered":false,"view_count":67,"answer_count":2,"score":-1,"last_activity_date":1647270260,"creation_date":1647215489,"question_id":71461768,"content_license":"CC BY-SA 4.0","link":"https://stackoverflow.com/questions/71461768/how-to-do-qt-key-is-kept-down","title":"How to do Qt key is kept down"},{"tags":["reactjs","typescript","firebase","web-hosting","host"],"owner":{"account_id":14241220,"reputation":393,"user_id":10287480,"user_type":"registered","profile_image":"https://lh6.googleusercontent.com/-NdjzTEPHE7U/AAAAAAAAAAI/AAAAAAAAAFk/sVkfrrbInbo/photo.jpg?sz=256","display_name":"kyrolos magdy","link":"https://stackoverflow.com/users/10287480/kyrolos-magdy"},"is_answered":false,"view_count":81,"answer_count":0,"score":1,"last_activity_date":1647215468,"creation_date":1647215468,"question_id":71461765,"content_license":"CC BY-SA 4.0","link":"https://stackoverflow.com/questions/71461765/error-in-deploying-react-typescript-to-firebase","title":"Error in deploying React &amp; TypeScript to firebase"},{"tags":["git","github"],"owner":{"account_id":20418429,"reputation":113,"user_id":14980016,"user_type":"registered","profile_image":"https://lh6.googleusercontent.com/-E7GeJEqG4xQ/AAAAAAAAAAI/AAAAAAAAAAA/AMZuuclbEswQnblJnyztGQ8W69Cjhdt4cg/s96-c/photo.jpg?sz=256","display_name":"Mark","link":"https://stackoverflow.com/users/14980016/mark"},"is_answered":true,"view_count":1023,"answer_count":2,"score":1,"last_activity_date":1647250673,"creation_date":1647215338,"last_edit_date":1647215671,"question_id":71461753,"content_license":"CC BY-SA 4.0","link":"https://stackoverflow.com/questions/71461753/not-sure-if-i-lost-my-local-changes-how-to-get-it-back-and-push-to-a-specified","title":"Not sure if I lost my local changes, how to get it back and push to a specified remote branch"},{"tags":["json","routes","json-server"],"owner":{"account_id":18816635,"reputation":355,"user_id":13723603,"user_type":"registered","profile_image":"https://www.gravatar.com/avatar/671405f05b68413132e1b816bc8fd60b?s=256&d=identicon&r=PG&f=y&so-version=2","display_name":"Dev","link":"https://stackoverflow.com/users/13723603/dev"},"is_answered":true,"view_count":1478,"answer_count":1,"score":0,"last_activity_date":1647216002,"creation_date":1647215327,"question_id":71461751,"content_license":"CC BY-SA 4.0","link":"https://stackoverflow.com/questions/71461751/json-server-and-custom-routes","title":"JSON server and custom routes"},{"tags":["selenium","automation","css-selectors"],"owner":{"account_id":17239101,"reputation":1,"user_id":12677832,"user_type":"registered","profile_image":"https://lh3.googleusercontent.com/-Wya4-BWeLck/AAAAAAAAAAI/AAAAAAAAAAA/ACHi3rfnLVogVLDFef-oWOklOtC9zMhoMA/photo.jpg?sz=256","display_name":"arthurp36","link":"https://stackoverflow.com/users/12677832/arthurp36"},"is_answered":false,"view_count":19,"answer_count":1,"score":0,"last_activity_date":1647253526,"creation_date":1647215299,"question_id":71461748,"content_license":"CC BY-SA 4.0","link":"https://stackoverflow.com/questions/71461748/selenium-trouble-finding-button","title":"Selenium trouble finding button"},{"tags":["yarnpkg","yarn-workspaces"],"owner":{"account_id":3954286,"reputation":3372,"user_id":3263412,"user_type":"registered","profile_image":"https://www.gravatar.com/avatar/788d4b1d0d0fb4468e6e43a07f2aa298?s=256&d=identicon&r=PG","display_name":"marionebl","link":"https://stackoverflow.com/users/3263412/marionebl"},"is_answered":false,"view_count":22,"answer_count":0,"score":1,"last_activity_date":1647247252,"creation_date":1647215249,"last_edit_date":1647247252,"question_id":71461747,"content_license":"CC BY-SA 4.0","link":"https://stackoverflow.com/questions/71461747/always-install-existing-dependency-version-if-present","title":"Always install existing dependency version if present"},{"tags":["go","sendgrid","sendgrid-api-v3"],"owner":{"account_id":939344,"reputation":1845,"user_id":967710,"user_type":"registered","accept_rate":70,"profile_image":"https://www.gravatar.com/avatar/b2562c6cf2eeae92805d73647a43f5aa?s=256&d=identicon&r=PG","display_name":"user967710","link":"https://stackoverflow.com/users/967710/user967710"},"is_answered":true,"view_count":396,"accepted_answer_id":71461928,"answer_count":1,"score":0,"last_activity_date":1647217461,"creation_date":1647215243,"question_id":71461746,"content_license":"CC BY-SA 4.0","link":"https://stackoverflow.com/questions/71461746/unable-to-cancel-scheduled-sendgrid-email-with-batch-id","title":"Unable to cancel scheduled SendGrid email (with batch_id)"},{"tags":["python","pandas","dataframe","numpy"],"owner":{"account_id":23708471,"reputation":79,"user_id":17730651,"user_type":"registered","profile_image":"https://lh3.googleusercontent.com/a/AATXAJxeTrcMnLZaM3kCAN5jxPeYMMqqIe2mjh3MUT07=k-s256","display_name":"vizualizing123","link":"https://stackoverflow.com/users/17730651/vizualizing123"},"is_answered":true,"view_count":62,"accepted_answer_id":71461764,"answer_count":1,"score":-1,"last_activity_date":1686003593,"creation_date":1647215166,"question_id":71461742,"content_license":"CC BY-SA 4.0","link":"https://stackoverflow.com/questions/71461742/how-can-i-shuffle-values-between-2-columns","title":"How can I shuffle values between 2 columns?"},{"tags":[".net-6.0","hangfire","service-provider"],"owner":{"account_id":6177508,"reputation":190,"user_id":4813973,"user_type":"registered","profile_image":"https://www.gravatar.com/avatar/2cda0a66aaaba2511c62cc1dcabc65ea?s=256&d=identicon&r=PG&f=y&so-version=2","display_name":"ram dvash","link":"https://stackoverflow.com/users/4813973/ram-dvash"},"is_answered":true,"view_count":4646,"answer_count":2,"score":2,"last_activity_date":1690541164,"creation_date":1647215076,"last_edit_date":1647282899,"question_id":71461738,"content_license":"CC BY-SA 4.0","link":"https://stackoverflow.com/questions/71461738/iserviceprovider-instance-in-net-6","title":"IServiceProvider instance in .Net 6"},{"tags":["discord"],"owner":{"account_id":19972143,"reputation":31,"user_id":14637361,"user_type":"registered","profile_image":"https://www.gravatar.com/avatar/de7540e2f71ecf8f68f14e23ac37a89f?s=256&d=identicon&r=PG&f=y&so-version=2","display_name":"VGate","link":"https://stackoverflow.com/users/14637361/vgate"},"is_answered":true,"view_count":4198,"answer_count":3,"score":3,"last_activity_date":1673338115,"creation_date":1647215046,"last_edit_date":1672038827,"question_id":71461736,"content_license":"CC BY-SA 4.0","link":"https://stackoverflow.com/questions/71461736/why-there-is-no-reveal-token-when-i-making-discord-bot","title":"Why there is no reveal token when i making discord bot?"},{"tags":["javascript","swiper.js"],"owner":{"account_id":19422564,"reputation":11,"user_id":14204784,"user_type":"registered","profile_image":"https://www.gravatar.com/avatar/ef6d58cdd1d7bc81dfa949ea0821ef91?s=256&d=identicon&r=PG&f=y&so-version=2","display_name":"Talib","link":"https://stackoverflow.com/users/14204784/talib"},"is_answered":false,"view_count":2607,"answer_count":1,"score":1,"last_activity_date":1652221521,"creation_date":1647215039,"question_id":71461735,"content_license":"CC BY-SA 4.0","link":"https://stackoverflow.com/questions/71461735/swiper-js-slider-next-previous-buttons-arent-working-perfectly","title":"Swiper JS Slider next/previous buttons aren&#39;t working perfectly"},{"tags":["javascript","html","angular","angular-material"],"owner":{"account_id":18246293,"reputation":446,"user_id":13282329,"user_type":"registered","profile_image":"https://lh4.googleusercontent.com/-Vn2IxvibA2U/AAAAAAAAAAI/AAAAAAAAAAA/AAKWJJMwXBQzpWLXWZg2s2JjtE48yBrWUw/photo.jpg?sz=256","display_name":"Marcellin Khoury","link":"https://stackoverflow.com/users/13282329/marcellin-khoury"},"is_answered":false,"view_count":84,"answer_count":0,"score":0,"last_activity_date":1647298889,"creation_date":1647215008,"last_edit_date":1647298889,"question_id":71461731,"content_license":"CC BY-SA 4.0","link":"https://stackoverflow.com/questions/71461731/render-angular-material-component-in-server","title":"Render Angular Material Component in Server"},{"tags":["mysql"],"owner":{"account_id":23097836,"reputation":69,"user_id":17207667,"user_type":"registered","profile_image":"https://www.gravatar.com/avatar/5a47b5253f17c4d6137289e427722549?s=256&d=identicon&r=PG&f=y&so-version=2","display_name":"TrJoke","link":"https://stackoverflow.com/users/17207667/trjoke"},"is_answered":true,"view_count":93,"closed_date":1647316457,"answer_count":2,"score":0,"last_activity_date":1647310218,"creation_date":1647214964,"last_edit_date":1647310218,"question_id":71461724,"link":"https://stackoverflow.com/questions/71461724/i-am-using-mysql-as-database-and-i-have-1-table-containing-60-columns-is-it-goo","closed_reason":"Needs more focus","title":"i am using MySQL as database and i have 1 table containing 60 columns. Is it good to have a table with so many columns?"},{"tags":["java","filter","collections","java-stream"],"owner":{"account_id":18851138,"reputation":21,"user_id":13750249,"user_type":"registered","profile_image":"https://www.gravatar.com/avatar/2b7568713ab25a165f4df3c4f3a4db6f?s=256&d=identicon&r=PG&f=y&so-version=2","display_name":"Compadre77","link":"https://stackoverflow.com/users/13750249/compadre77"},"is_answered":true,"view_count":121,"accepted_answer_id":71461750,"answer_count":1,"score":0,"last_activity_date":1647216781,"creation_date":1647214878,"last_edit_date":1647216624,"question_id":71461719,"content_license":"CC BY-SA 4.0","link":"https://stackoverflow.com/questions/71461719/how-obtain-a-set-of-strings-from-a-map-of-objects-with-a-string-property","title":"How obtain a Set of Strings from a Map of objects with a string property"},{"tags":["ios","swift","timer"],"owner":{"account_id":6205573,"reputation":18180,"user_id":4833705,"user_type":"registered","accept_rate":86,"profile_image":"https://www.gravatar.com/avatar/e37b455f7443fdb1c95bb9276a6a145a?s=256&d=identicon&r=PG&f=y&so-version=2","display_name":"Lance Samaria","link":"https://stackoverflow.com/users/4833705/lance-samaria"},"is_answered":true,"view_count":193,"accepted_answer_id":71960876,"answer_count":1,"score":0,"last_activity_date":1650575206,"creation_date":1647214839,"question_id":71461716,"content_license":"CC BY-SA 4.0","link":"https://stackoverflow.com/questions/71461716/swift-re-add-time-back-into-timer","title":"Swift - Re-add time back into Timer"},{"tags":["java","sockets","socket.io","background","libgdx"],"owner":{"account_id":8322799,"reputation":31,"user_id":6253813,"user_type":"registered","profile_image":"https://www.gravatar.com/avatar/1269b4c9549c71da7411c27ba92d7524?s=256&d=identicon&r=PG&f=y&so-version=2","display_name":"gesse","link":"https://stackoverflow.com/users/6253813/gesse"},"is_answered":false,"view_count":128,"answer_count":2,"score":1,"last_activity_date":1681229302,"creation_date":1647214792,"last_edit_date":1647217595,"question_id":71461711,"content_license":"CC BY-SA 4.0","link":"https://stackoverflow.com/questions/71461711/basic-java-libgdx-program-runs-in-background-after-closing-because-of-socket-io","title":"basic java libgdx program runs in background after closing because of socket.io socket.connect"},{"tags":["python","multiprocessing","python-multithreading","pysimplegui"],"owner":{"account_id":24547684,"reputation":1,"user_id":18457267,"user_type":"registered","profile_image":"https://lh3.googleusercontent.com/a-/AOh14Gi7TNtZ8GjP1q9ZFP65WzJgfTG4FPiJbSp8eAl0=k-s256","display_name":"Kidein","link":"https://stackoverflow.com/users/18457267/kidein"},"is_answered":false,"view_count":591,"answer_count":1,"score":0,"last_activity_date":1647254549,"creation_date":1647214783,"last_edit_date":1647216973,"question_id":71461710,"content_license":"CC BY-SA 4.0","link":"https://stackoverflow.com/questions/71461710/pysimplegui-doesnt-reroute-cprint-of-mulitprocessing-to-its-multiline-element","title":"PySimpleGUI doesn&#39;t reroute cprint of mulitprocessing to its Multiline element"}],"has_more":true,"quota_max":300,"quota_remaining":183}