{"items":[{"tags":["python","reverse-engineering","buffer-overflow","ghidra","pwntools"],"owner":{"account_id":1185401,"reputation":699,"user_id":1159488,"user_type":"registered","accept_rate":40,"profile_image":"https://www.gravatar.com/avatar/51c5a97630b266dffadfa18d1a4ad3df?s=256&d=identicon&r=PG","display_name":"Julien","link":"https://stackoverflow.com/users/1159488/julien"},"is_answered":false,"view_count":1373,"answer_count":1,"score":0,"last_activity_date":1652159514,"creation_date":1651773593,"last_edit_date":1651823606,"question_id":72131714,"content_license":"CC BY-SA 4.0","link":"https://stackoverflow.com/questions/72131714/trying-to-run-a-buffer-overflow-with-python-pwntools","title":"Trying to run a buffer-overflow with Python/pwntools"},{"tags":["php","laravel"],"owner":{"account_id":22124120,"reputation":17,"user_id":16376810,"user_type":"registered","profile_image":"https://www.gravatar.com/avatar/3d240f072432809e67107c5459ae3ada?s=256&d=identicon&r=PG&f=y&so-version=2","display_name":"cannv","link":"https://stackoverflow.com/users/16376810/cannv"},"is_answered":true,"view_count":246,"accepted_answer_id":74471392,"answer_count":1,"score":1,"last_activity_date":1668668773,"creation_date":1651773593,"question_id":72131713,"content_license":"CC BY-SA 4.0","link":"https://stackoverflow.com/questions/72131713/laravel-dusk-how-to-click-select-option-dynamic","title":"Laravel dusk how to click select option dynamic"},{"tags":["c#","asp.net-core",".net-core","swagger","swashbuckle.aspnetcore"],"owner":{"account_id":2428767,"reputation":11,"user_id":2120166,"user_type":"registered","profile_image":"https://www.gravatar.com/avatar/b804af729a7c5e1af2d33cbea3904f6c?s=256&d=identicon&r=PG&f=y&so-version=2","display_name":"Arnaud M. Smadja","link":"https://stackoverflow.com/users/2120166/arnaud-m-smadja"},"is_answered":false,"view_count":2403,"answer_count":0,"score":1,"last_activity_date":1699161334,"creation_date":1651773557,"last_edit_date":1652034209,"question_id":72131706,"content_license":"CC BY-SA 4.0","link":"https://stackoverflow.com/questions/72131706/swashbuckle-aspnetcore-swaggergen-swaggergeneratorexception-the-same-schemaid-i","title":"Swashbuckle.AspNetCore.SwaggerGen.SwaggerGeneratorException: The same schemaId is already used for type &quot;X&quot;"},{"tags":["azure-devops","azure-functions","azure-pipelines-release-pipeline","azure-pipelines-yaml","build-pipeline"],"owner":{"account_id":9861791,"reputation":481,"user_id":7304502,"user_type":"registered","accept_rate":25,"profile_image":"https://www.gravatar.com/avatar/0def75a5889faa101480143abdd89576?s=256&d=identicon&r=PG&f=y&so-version=2","display_name":"delucaezequiel","link":"https://stackoverflow.com/users/7304502/delucaezequiel"},"is_answered":true,"view_count":1009,"accepted_answer_id":72135653,"answer_count":1,"score":1,"last_activity_date":1651805537,"creation_date":1651773547,"question_id":72131703,"content_license":"CC BY-SA 4.0","link":"https://stackoverflow.com/questions/72131703/azure-devops-publish-azure-function-not-working","title":"Azure DevOps Publish Azure Function not working"},{"tags":["python","formatting","alignment"],"owner":{"account_id":24841579,"reputation":47,"user_id":18719517,"user_type":"registered","profile_image":"https://www.gravatar.com/avatar/37d4a86b9e0f66cb4d8e51ba005d6a62?s=256&d=identicon&r=PG","display_name":"ReDedrik","link":"https://stackoverflow.com/users/18719517/rededrik"},"is_answered":true,"view_count":65,"accepted_answer_id":72131861,"answer_count":1,"score":0,"last_activity_date":1651776776,"creation_date":1651773540,"question_id":72131702,"content_license":"CC BY-SA 4.0","link":"https://stackoverflow.com/questions/72131702/how-to-formatalign-a-variable-amount-of-data","title":"How to format(align) a variable amount of data"},{"tags":["logging","spring-cloud-sleuth"],"owner":{"account_id":87230,"reputation":36886,"user_id":242042,"user_type":"registered","accept_rate":57,"profile_image":"https://www.gravatar.com/avatar/a798a3d661375ece15776f83fbb80c2c?s=256&d=identicon&r=PG","display_name":"Archimedes Trajano","link":"https://stackoverflow.com/users/242042/archimedes-trajano"},"is_answered":false,"view_count":279,"answer_count":1,"score":0,"last_activity_date":1652782375,"creation_date":1651773508,"question_id":72131696,"content_license":"CC BY-SA 4.0","link":"https://stackoverflow.com/questions/72131696/whats-are-the-fields-and-how-do-you-set-them-in-the-spring-cloud-sleuth-log","title":"What&#39;s are the fields and how do you set them in the Spring Cloud Sleuth log?"},{"tags":["c","gcc","ld","uefi"],"owner":{"account_id":16636406,"reputation":29,"user_id":12022969,"user_type":"registered","profile_image":"https://lh3.googleusercontent.com/-XbL3fYmb6JI/AAAAAAAAAAI/AAAAAAAAAAA/ACHi3rdxPiCnBzmWdAkKupmiJI_v4QtQjw/photo.jpg?sz=256","display_name":"Christopher Wrogg","link":"https://stackoverflow.com/users/12022969/christopher-wrogg"},"is_answered":false,"view_count":180,"answer_count":0,"score":0,"last_activity_date":1651773633,"creation_date":1651773507,"last_edit_date":1651773633,"question_id":72131695,"content_license":"CC BY-SA 4.0","link":"https://stackoverflow.com/questions/72131695/why-am-i-getting-undefined-reference-here","title":"Why Am I Getting Undefined Reference Here?"},{"tags":["c++","boost","boost-asio","googletest"],"owner":{"account_id":6736442,"reputation":3845,"user_id":5191073,"user_type":"registered","accept_rate":87,"profile_image":"https://www.gravatar.com/avatar/134953735e5ea1d5676388c08ca5d3cf?s=256&d=identicon&r=PG&f=y&so-version=2","display_name":"Christopher Pisz","link":"https://stackoverflow.com/users/5191073/christopher-pisz"},"is_answered":true,"view_count":389,"accepted_answer_id":72133797,"answer_count":2,"score":-1,"last_activity_date":1651868919,"creation_date":1651773499,"last_edit_date":1651786886,"question_id":72131693,"content_license":"CC BY-SA 4.0","link":"https://stackoverflow.com/questions/72131693/boostasioio-contextstop-segfalt-in-gtest-setup-and-teardown","title":"boost::asio::io_context::stop segfalt in gtest setup and teardown"},{"tags":["dataframe","scala","apache-spark","apache-spark-sql"],"owner":{"account_id":4267011,"reputation":591,"user_id":3489885,"user_type":"registered","accept_rate":26,"profile_image":"https://www.gravatar.com/avatar/ad9b31d0a0cda6b26174d1c3e2c72b99?s=256&d=identicon&r=PG&f=y&so-version=2","display_name":"Ashit_Kumar","link":"https://stackoverflow.com/users/3489885/ashit-kumar"},"is_answered":false,"view_count":148,"answer_count":0,"score":1,"last_activity_date":1651773481,"creation_date":1651773481,"question_id":72131690,"content_license":"CC BY-SA 4.0","link":"https://stackoverflow.com/questions/72131690/replace-special-character-in-nested-field-names-in-dataframe-dynamically-spar","title":"Replace Special character in nested field names in dataframe dynamically ---Spark Scala"},{"tags":["python","web-scraping","python-requests"],"owner":{"account_id":18336755,"reputation":87,"user_id":13354003,"user_type":"registered","profile_image":"https://www.gravatar.com/avatar/09ac88c819c0de4075559880526c8dee?s=256&d=identicon&r=PG&f=y&so-version=2","display_name":"SMTH","link":"https://stackoverflow.com/users/13354003/smth"},"is_answered":true,"view_count":156,"accepted_answer_id":72228091,"answer_count":2,"score":-4,"last_activity_date":1652437645,"creation_date":1651773451,"last_edit_date":1652128456,"question_id":72131682,"content_license":"CC BY-SA 4.0","link":"https://stackoverflow.com/questions/72131682/cant-grab-coordinates-from-arcgis-iframe-in-a-webpage-using-requests","title":"Can&#39;t grab coordinates from ArcGIS iframe in a webpage using requests"},{"tags":["python","pandas","datetime","path"],"owner":{"user_type":"does_not_exist","display_name":"user18499643"},"is_answered":true,"view_count":120,"accepted_answer_id":72132396,"answer_count":1,"score":0,"last_activity_date":1651777430,"creation_date":1651773379,"last_edit_date":1651775224,"question_id":72131668,"content_license":"CC BY-SA 4.0","link":"https://stackoverflow.com/questions/72131668/how-do-i-get-datetime-based-on-files-in-my-directory-that-starts-with-a-certain","title":"How do I get datetime based on files in my directory that starts with a certain name?"},{"tags":["java","loops","random"],"owner":{"account_id":24768436,"reputation":9,"user_id":18652191,"user_type":"registered","profile_image":"https://www.gravatar.com/avatar/ef76e900901174c249590f41d378d414?s=256&d=identicon&r=PG","display_name":"Don","link":"https://stackoverflow.com/users/18652191/don"},"is_answered":false,"view_count":42,"answer_count":1,"score":0,"last_activity_date":1651774625,"creation_date":1651773364,"question_id":72131664,"content_license":"CC BY-SA 4.0","link":"https://stackoverflow.com/questions/72131664/how-to-iterate-arraylist-five-times-but-not-the-same-numbers","title":"how to iterate arraylist five times but not the same numbers?"},{"tags":["javascript","reactjs"],"owner":{"account_id":25070069,"reputation":33,"user_id":18923981,"user_type":"registered","profile_image":"https://lh3.googleusercontent.com/a/AATXAJxDzPM3J8NkB9zxcS0Ur0AVF2tMRmdSwRjKJwyF=k-s256","display_name":"cazorna 77","link":"https://stackoverflow.com/users/18923981/cazorna-77"},"is_answered":true,"view_count":635,"accepted_answer_id":72131718,"answer_count":1,"score":0,"last_activity_date":1651773609,"creation_date":1651773364,"question_id":72131663,"content_license":"CC BY-SA 4.0","link":"https://stackoverflow.com/questions/72131663/how-to-fix-react-hook-useappcontext-cannot-be-called-in-a-class-component-erro","title":"How to fix React Hook &quot;useAppContext&quot; cannot be called in a class component Error?"},{"tags":["mysql","sql"],"owner":{"account_id":22736196,"reputation":23,"user_id":16898354,"user_type":"registered","profile_image":"https://www.gravatar.com/avatar/73025307022e3a6f6b7149c842088efb?s=256&d=identicon&r=PG&f=y&so-version=2","display_name":"Chris","link":"https://stackoverflow.com/users/16898354/chris"},"is_answered":true,"view_count":338,"answer_count":3,"score":1,"last_activity_date":1651913981,"creation_date":1651773362,"question_id":72131662,"content_license":"CC BY-SA 4.0","link":"https://stackoverflow.com/questions/72131662/mysql-select-query-between-dates","title":"MySQL Select query between dates"},{"tags":["c","scanf","buffering"],"owner":{"account_id":21524630,"reputation":131,"user_id":15865159,"user_type":"registered","profile_image":"https://lh3.googleusercontent.com/a/AATXAJxoIA7ofZnee0F7Q-87AxzQ0QBVESBkIE8dC_sR=k-s256","display_name":"y J.","link":"https://stackoverflow.com/users/15865159/y-j"},"is_answered":true,"view_count":376,"accepted_answer_id":72133518,"answer_count":2,"score":3,"last_activity_date":1651820857,"creation_date":1651773341,"question_id":72131658,"content_license":"CC BY-SA 4.0","link":"https://stackoverflow.com/questions/72131658/does-the-scanf-empty-the-buffer-after-reading-the-input-data-in-c","title":"Does the scanf empty the buffer after reading the input data (in C)?"},{"tags":["mysql","sql"],"owner":{"account_id":25207593,"reputation":1,"user_id":19045704,"user_type":"registered","profile_image":"https://www.gravatar.com/avatar/4ec3af92c8661f62717d76705bb979ce?s=256&d=identicon&r=PG","display_name":"Marc Romero","link":"https://stackoverflow.com/users/19045704/marc-romero"},"is_answered":false,"view_count":148,"answer_count":1,"score":0,"last_activity_date":1651782540,"creation_date":1651773331,"last_edit_date":1651773783,"question_id":72131656,"content_license":"CC BY-SA 4.0","link":"https://stackoverflow.com/questions/72131656/is-there-any-way-to-replace-whole-column-data-in-mysql","title":"Is there any way to replace whole column data in mysql?"},{"tags":["php","mysql"],"owner":{"account_id":1530503,"reputation":700,"user_id":1427805,"user_type":"registered","accept_rate":74,"profile_image":"https://www.gravatar.com/avatar/31838d9425611ead16cb481b3e2eff28?s=256&d=identicon&r=PG","display_name":"Adrian Tanase","link":"https://stackoverflow.com/users/1427805/adrian-tanase"},"is_answered":false,"view_count":25,"answer_count":2,"score":1,"last_activity_date":1651780959,"creation_date":1651773326,"question_id":72131653,"content_license":"CC BY-SA 4.0","link":"https://stackoverflow.com/questions/72131653/how-to-change-specific-element-in-mysql-datetime","title":"How to change specific element in MYSQL datetime?"},{"tags":["graphql","apollo","apollo-client","apollo-server"],"owner":{"account_id":19847387,"reputation":358,"user_id":14538687,"user_type":"registered","profile_image":"https://lh5.googleusercontent.com/-UoV12LqPrMw/AAAAAAAAAAI/AAAAAAAAAAA/AMZuuclJYRvnLezfWw60Vb5U8ufvV_rdzg/s96-c/photo.jpg?sz=256","display_name":"Ammar Ahmed","link":"https://stackoverflow.com/users/14538687/ammar-ahmed"},"is_answered":true,"view_count":519,"accepted_answer_id":73728359,"answer_count":1,"score":1,"last_activity_date":1663232535,"creation_date":1651773308,"question_id":72131651,"content_license":"CC BY-SA 4.0","link":"https://stackoverflow.com/questions/72131651/is-there-any-way-to-intentionally-slow-down-graphql-requests","title":"Is there any way to intentionally slow down GraphQL requests?"},{"tags":["javascript","node.js","asynchronous","module","backend"],"owner":{"account_id":24896426,"reputation":41,"user_id":18767624,"user_type":"registered","profile_image":"https://i.stack.imgur.com/eXfDX.png?s=256&g=1","display_name":"Nacho","link":"https://stackoverflow.com/users/18767624/nacho"},"is_answered":false,"view_count":118,"answer_count":1,"score":0,"last_activity_date":1651773667,"creation_date":1651773305,"question_id":72131650,"content_license":"CC BY-SA 4.0","link":"https://stackoverflow.com/questions/72131650/how-to-return-an-async-array-from-express-js","title":"How to return an async array from Express JS?"},{"tags":["python","logging"],"owner":{"account_id":205095,"reputation":20057,"user_id":453673,"user_type":"registered","accept_rate":91,"profile_image":"https://i.stack.imgur.com/QhMRI.png?s=256&g=1","display_name":"Nav","link":"https://stackoverflow.com/users/453673/nav"},"is_answered":true,"view_count":263,"accepted_answer_id":72132051,"answer_count":1,"score":1,"last_activity_date":1651775413,"creation_date":1651773293,"question_id":72131649,"content_license":"CC BY-SA 4.0","link":"https://stackoverflow.com/questions/72131649/python-logger-formatting-not-appearing-when-output-to-file","title":"Python logger formatting not appearing when output to file"},{"tags":["r","dplyr"],"owner":{"account_id":14556766,"reputation":391,"user_id":10514081,"user_type":"registered","profile_image":"https://www.gravatar.com/avatar/9b4d5709c91415d74c6f7c7019c99513?s=256&d=identicon&r=PG&f=y&so-version=2","display_name":"ljh2001","link":"https://stackoverflow.com/users/10514081/ljh2001"},"is_answered":true,"view_count":30,"accepted_answer_id":72131787,"answer_count":1,"score":0,"last_activity_date":1651774154,"creation_date":1651773251,"last_edit_date":1651774154,"question_id":72131640,"content_license":"CC BY-SA 4.0","link":"https://stackoverflow.com/questions/72131640/how-to-set-a-value-for-each-row-referenced-in-a-single-case-when-argument-in-r","title":"How to set a value for each row referenced in a single case_when argument in r?"},{"tags":["python","keras","imagedatagenerator"],"owner":{"account_id":115985,"reputation":53920,"user_id":304319,"user_type":"registered","accept_rate":77,"profile_image":"https://www.gravatar.com/avatar/804c038657431068bf5766f52132c0da?s=256&d=identicon&r=PG","display_name":"zs2020","link":"https://stackoverflow.com/users/304319/zs2020"},"is_answered":true,"view_count":994,"answer_count":2,"score":8,"last_activity_date":1652515633,"creation_date":1651773245,"last_edit_date":1652515633,"question_id":72131638,"content_license":"CC BY-SA 4.0","link":"https://stackoverflow.com/questions/72131638/how-to-split-folders-to-3-datasets-with-imagedatagenerator","title":"How to split folders to 3 datasets with ImageDataGenerator?"},{"tags":["matlab","curve-fitting","polynomials"],"owner":{"account_id":25172912,"reputation":3,"user_id":19015514,"user_type":"registered","profile_image":"https://lh3.googleusercontent.com/a-/AOh14GiCOg0uNNQyXdfogxArZcSSol75rs8TRCuQ3jx_=k-s256","display_name":"Radical Edward","link":"https://stackoverflow.com/users/19015514/radical-edward"},"is_answered":true,"view_count":31,"accepted_answer_id":72134405,"answer_count":1,"score":0,"last_activity_date":1651791239,"creation_date":1651773240,"last_edit_date":1651790621,"question_id":72131637,"content_license":"CC BY-SA 4.0","link":"https://stackoverflow.com/questions/72131637/i-can-not-figure-out-why-my-for-loop-is-not-being-taken-in-matlab","title":"I can not figure out why my for loop is not being taken in MATLAB"},{"tags":["amazon-web-services","frontend","nuxt.js","amazon-elastic-beanstalk","backend"],"owner":{"account_id":7007599,"reputation":5591,"user_id":5371505,"user_type":"registered","accept_rate":48,"profile_image":"https://lh3.googleusercontent.com/-bdjlTLtK0iA/AAAAAAAAAAI/AAAAAAAAACw/-JrM5TFzjhc/photo.jpg?sz=256","display_name":"PirateApp","link":"https://stackoverflow.com/users/5371505/pirateapp"},"is_answered":true,"view_count":949,"accepted_answer_id":72190856,"answer_count":2,"score":3,"last_activity_date":1652750981,"creation_date":1651773162,"last_edit_date":1651802732,"question_id":72131624,"content_license":"CC BY-SA 4.0","link":"https://stackoverflow.com/questions/72131624/how-to-deploy-nuxt-frontend-with-express-backend-on-aws","title":"How to deploy nuxt frontend with express backend on AWS?"},{"tags":["python","pandas","numpy"],"owner":{"account_id":6486059,"reputation":465,"user_id":10978122,"user_type":"registered","profile_image":"https://www.gravatar.com/avatar/2f8e493ec7cc8f8b68eec508d7ab8822?s=256&d=identicon&r=PG&f=y&so-version=2","display_name":"Stanislav Jir&#225;k","link":"https://stackoverflow.com/users/10978122/stanislav-jir%c3%a1k"},"is_answered":true,"view_count":125,"accepted_answer_id":72132069,"answer_count":1,"score":-1,"last_activity_date":1651778444,"creation_date":1651773140,"last_edit_date":1651774484,"question_id":72131622,"content_license":"CC BY-SA 4.0","link":"https://stackoverflow.com/questions/72131622/how-to-aggregate-data-within-a-time-window-to-a-specific-date-in-a-dataframe","title":"How to aggregate data within a time window to a specific date in a dataframe"},{"tags":["reactjs","react-multi-carousel"],"owner":{"account_id":17248586,"reputation":149,"user_id":12489234,"user_type":"registered","profile_image":"https://www.gravatar.com/avatar/b4e92ac73d637b23faa11f93acde80e5?s=256&d=identicon&r=PG&f=y&so-version=2","display_name":"Tom","link":"https://stackoverflow.com/users/12489234/tom"},"is_answered":false,"view_count":1658,"answer_count":0,"score":0,"last_activity_date":1651773131,"creation_date":1651773131,"question_id":72131621,"content_license":"CC BY-SA 4.0","link":"https://stackoverflow.com/questions/72131621/react-multi-carousel-center-mode-broken-when-adjusting-width","title":"React multi carousel center mode broken, when adjusting width"},{"tags":["reactjs","tailwind-css","tailwind-ui","headless-ui"],"owner":{"account_id":12599653,"reputation":343,"user_id":9162851,"user_type":"registered","profile_image":"https://www.gravatar.com/avatar/c41e289f75e4eee85ba3b8d09d8772e4?s=256&d=identicon&r=PG&f=y&so-version=2","display_name":"Jerome Marshall","link":"https://stackoverflow.com/users/9162851/jerome-marshall"},"is_answered":true,"view_count":6523,"answer_count":6,"score":9,"last_activity_date":1700638698,"creation_date":1651773130,"question_id":72131620,"content_license":"CC BY-SA 4.0","link":"https://stackoverflow.com/questions/72131620/group-disclosures-accordian-from-headless-ui","title":"Group Disclosures (Accordian) from Headless UI"},{"tags":["symfony","twig"],"owner":{"account_id":25197739,"reputation":1,"user_id":19037035,"user_type":"registered","profile_image":"https://lh3.googleusercontent.com/a/AATXAJzAO2vGQg5tT68lfBRCv59ZD_30Qix7Fb6hyt7P=k-s256","display_name":"J&#233;r&#233;my GABOURG","link":"https://stackoverflow.com/users/19037035/j%c3%a9r%c3%a9my-gabourg"},"is_answered":false,"view_count":58,"answer_count":0,"score":0,"last_activity_date":1651815332,"creation_date":1651773110,"last_edit_date":1651815332,"question_id":72131619,"content_license":"CC BY-SA 4.0","link":"https://stackoverflow.com/questions/72131619/how-can-i-unescape-slash-additionally-to-basic-function-autoescape-false","title":"How can i unescape &quot;slash&quot; additionally to basic function {% autoescape false %}?"},{"tags":["javascript","reactjs","next.js","vercel"],"owner":{"account_id":21958358,"reputation":49,"user_id":16236600,"user_type":"registered","profile_image":"https://lh3.googleusercontent.com/a-/AOh14GhRy7NFZlvyn_jNI286xD8hAZ8sKH0G20fZeQcFuQ=k-s256","display_name":"Maaas","link":"https://stackoverflow.com/users/16236600/maaas"},"is_answered":false,"view_count":1789,"answer_count":1,"score":0,"last_activity_date":1651774257,"creation_date":1651773106,"last_edit_date":1651773514,"question_id":72131618,"content_license":"CC BY-SA 4.0","link":"https://stackoverflow.com/questions/72131618/fonts-are-not-saved-on-deploying-on-vercel-next-js","title":"fonts are not saved on deploying on vercel next js"},{"tags":["php","laravel","docker"],"owner":{"account_id":25090372,"reputation":1,"user_id":18942080,"user_type":"registered","profile_image":"https://lh3.googleusercontent.com/a/AATXAJwPnGfZbn7DeI0wzJ643pVafTGyuhD1J30VTPxK=k-s256","display_name":"Ivan Ochoa","link":"https://stackoverflow.com/users/18942080/ivan-ochoa"},"is_answered":false,"view_count":165,"answer_count":1,"score":0,"last_activity_date":1651872803,"creation_date":1651773103,"last_edit_date":1651853040,"question_id":72131616,"content_license":"CC BY-SA 4.0","link":"https://stackoverflow.com/questions/72131616/laravel-docker-call-to-undefined-function-myactionfunction","title":"Laravel Docker Call to undefined function MyActionFunction"}],"has_more":true,"quota_max":300,"quota_remaining":208}