{"items":[{"tags":["javascript","vue.js","webpack","eslint","eslint-plugin-vue"],"owner":{"account_id":8185123,"reputation":271,"user_id":6161159,"user_type":"registered","profile_image":"https://www.gravatar.com/avatar/44a8b0264926bff8260d18cf3cb72ac8?s=256&d=identicon&r=PG&f=y&so-version=2","display_name":"Ilia Brykin","link":"https://stackoverflow.com/users/6161159/ilia-brykin"},"is_answered":true,"view_count":438,"accepted_answer_id":72076329,"answer_count":1,"score":1,"last_activity_date":1651405094,"creation_date":1651233582,"question_id":72057638,"content_license":"CC BY-SA 4.0","link":"https://stackoverflow.com/questions/72057638/linting-not-working-eslint-plugin-vue-for-vue-with-script-src-thealoha-js","title":"Linting not working eslint-plugin-vue for .vue with &lt;script src=&quot;./TheAloha.js&quot;&gt;"},{"tags":["r","dplyr","pipe","magrittr"],"owner":{"account_id":13041909,"reputation":813,"user_id":9434803,"user_type":"registered","profile_image":"https://i.stack.imgur.com/cCjg7.jpg?s=256&g=1","display_name":"P&#229;l Bjartan","link":"https://stackoverflow.com/users/9434803/p%c3%a5l-bjartan"},"is_answered":true,"view_count":121,"accepted_answer_id":72057986,"answer_count":3,"score":0,"last_activity_date":1651236670,"creation_date":1651233563,"question_id":72057636,"content_license":"CC BY-SA 4.0","link":"https://stackoverflow.com/questions/72057636/how-to-avoid-matrix-dataframe-being-piped-into-list-as-an-element-in-r","title":"How to avoid matrix/dataframe being piped (%&gt;%) into list as an element in R"},{"tags":["python","json","pandas","mongodb","bson"],"owner":{"account_id":24780614,"reputation":1,"user_id":18664060,"user_type":"registered","profile_image":"https://lh3.googleusercontent.com/a/AATXAJzSZuL_5N9oaWdSGbkG9b7nm_d6jE6nBvZMW7l8=k-s256","display_name":"ONE-WINGED","link":"https://stackoverflow.com/users/18664060/one-winged"},"is_answered":false,"view_count":101,"answer_count":1,"score":0,"last_activity_date":1651337884,"creation_date":1651233561,"last_edit_date":1651337884,"question_id":72057635,"content_license":"CC BY-SA 4.0","link":"https://stackoverflow.com/questions/72057635/cant-read-json-file-imported-from-mongodb-using-pandas","title":"Cant read JSON file imported from MongoDB using pandas"},{"tags":["unity-game-engine"],"owner":{"account_id":25037211,"reputation":11,"user_id":18894481,"user_type":"registered","profile_image":"https://i.stack.imgur.com/zsJDK.png?s=256&g=1","display_name":"Houn Kouskon","link":"https://stackoverflow.com/users/18894481/houn-kouskon"},"is_answered":false,"view_count":28,"answer_count":0,"score":0,"last_activity_date":1651233551,"creation_date":1651233551,"question_id":72057631,"content_license":"CC BY-SA 4.0","link":"https://stackoverflow.com/questions/72057631/automatic-pressing-of-the-key-on-the-keyboard-when-the-button-on-the-interface-i","title":"Automatic pressing of the key on the keyboard when the button on the interface is pressed"},{"tags":["akka","akka.net","akka-cluster","akka-remote-actor","akka-dispatcher"],"owner":{"account_id":22934753,"reputation":106,"user_id":17068390,"user_type":"registered","profile_image":"https://www.gravatar.com/avatar/c1e443697956e19470ae2e372bdab98a?s=256&d=identicon&r=PG&f=y&so-version=2","display_name":"Arun","link":"https://stackoverflow.com/users/17068390/arun"},"is_answered":true,"view_count":240,"accepted_answer_id":72060026,"answer_count":1,"score":0,"last_activity_date":1651244878,"creation_date":1651233531,"question_id":72057627,"content_license":"CC BY-SA 4.0","link":"https://stackoverflow.com/questions/72057627/how-to-handle-million-individual-actors-with-akka-cluster-setup","title":"How to handle million individual actors with AKKA Cluster setup?"},{"tags":["swift","objective-c","macos"],"owner":{"account_id":728392,"reputation":349,"user_id":669351,"user_type":"registered","accept_rate":0,"profile_image":"https://www.gravatar.com/avatar/97d0feb0a785ec2882543fe2c1556ded?s=256&d=identicon&r=PG","display_name":"Ajay","link":"https://stackoverflow.com/users/669351/ajay"},"is_answered":false,"view_count":36,"answer_count":0,"score":0,"last_activity_date":1651233522,"creation_date":1651233522,"question_id":72057626,"content_license":"CC BY-SA 4.0","link":"https://stackoverflow.com/questions/72057626/are-there-any-events-or-notifications-to-get-notified-when-the-macos-system-is-r","title":"Are there any Events or Notifications to get notified when the macOS system is rebooted or OS updated?"},{"tags":["sql","database","snowflake-cloud-data-platform","primary-key","composite-key"],"owner":{"account_id":12466160,"reputation":78,"user_id":9076031,"user_type":"registered","profile_image":"https://i.stack.imgur.com/5GA1n.png?s=256&g=1","display_name":"Ish Mahajan","link":"https://stackoverflow.com/users/9076031/ish-mahajan"},"is_answered":true,"view_count":718,"accepted_answer_id":72057756,"answer_count":1,"score":0,"last_activity_date":1651416064,"creation_date":1651233513,"last_edit_date":1651416064,"question_id":72057625,"content_license":"CC BY-SA 4.0","link":"https://stackoverflow.com/questions/72057625/why-empty-values-are-allowed-but-not-null-values-in-composite-primary-keys","title":"why empty values are allowed but not null values in composite primary keys"},{"tags":["flutter","dart","flutter-bloc"],"owner":{"account_id":7836978,"reputation":17,"user_id":5924642,"user_type":"registered","profile_image":"https://i.stack.imgur.com/WjhFL.jpg?s=256&g=1","display_name":"Yorokobii","link":"https://stackoverflow.com/users/5924642/yorokobii"},"is_answered":true,"view_count":2355,"accepted_answer_id":72058041,"answer_count":1,"score":0,"last_activity_date":1651239111,"creation_date":1651233494,"last_edit_date":1651239111,"question_id":72057623,"content_license":"CC BY-SA 4.0","link":"https://stackoverflow.com/questions/72057623/bloclistener-confusion","title":"BlocListener confusion"},{"tags":["postgresql","docker","cron"],"owner":{"account_id":12965183,"reputation":681,"user_id":9372996,"user_type":"registered","profile_image":"https://lh3.googleusercontent.com/-XdUIqdMkCWA/AAAAAAAAAAI/AAAAAAAAAAA/4252rscbv5M/photo.jpg?sz=256","display_name":"AK91","link":"https://stackoverflow.com/users/9372996/ak91"},"is_answered":false,"view_count":437,"answer_count":0,"score":0,"last_activity_date":1651242385,"creation_date":1651233449,"last_edit_date":1651242385,"question_id":72057619,"content_license":"CC BY-SA 4.0","link":"https://stackoverflow.com/questions/72057619/cron-access-to-postgresql-in-docker","title":"Cron access to PostgreSQL in Docker"},{"tags":["node.js","postgresql","node-postgres"],"owner":{"account_id":10990612,"reputation":117,"user_id":8074755,"user_type":"registered","profile_image":"https://i.stack.imgur.com/6yqiD.jpg?s=256&g=1","display_name":"raman077","link":"https://stackoverflow.com/users/8074755/raman077"},"is_answered":false,"view_count":5094,"answer_count":2,"score":9,"last_activity_date":1701838703,"creation_date":1651233439,"question_id":72057617,"content_license":"CC BY-SA 4.0","link":"https://stackoverflow.com/questions/72057617/node-postgres-error-timeout-exceeded-when-trying-to-connect","title":"Node-Postgres Error: timeout exceeded when trying to connect"},{"tags":["javascript","visual-studio-code","global-variables","intellisense","jsdoc"],"owner":{"account_id":18797693,"reputation":1,"user_id":13824542,"user_type":"registered","profile_image":"https://www.gravatar.com/avatar/fecb0670782b4c4ba2b01d190432d081?s=256&d=identicon&r=PG","display_name":"schockocraft","link":"https://stackoverflow.com/users/13824542/schockocraft"},"is_answered":false,"view_count":867,"answer_count":1,"score":0,"last_activity_date":1651234234,"creation_date":1651233437,"last_edit_date":1651234234,"question_id":72057615,"content_license":"CC BY-SA 4.0","link":"https://stackoverflow.com/questions/72057615/how-to-define-type-of-dynamically-added-global-variables-for-intellisense","title":"How to define Type of dynamically added global variables for Intellisense"},{"tags":["python","pandas","seaborn","mplcursors"],"owner":{"account_id":2724744,"reputation":3,"user_id":3460390,"user_type":"registered","profile_image":"https://www.gravatar.com/avatar/6160a5bc297c35162f6ea8ced1d71f39?s=256&d=identicon&r=PG","display_name":"pmassat","link":"https://stackoverflow.com/users/3460390/pmassat"},"is_answered":true,"view_count":291,"accepted_answer_id":72061688,"answer_count":1,"score":0,"last_activity_date":1651253281,"creation_date":1651233403,"question_id":72057610,"content_license":"CC BY-SA 4.0","link":"https://stackoverflow.com/questions/72057610/mplcursors-with-seaborn-and-multiple-dataframes","title":"mplcursors with seaborn and multiple dataframes"},{"tags":["python","php","cgi","moodle"],"owner":{"account_id":25125761,"reputation":11,"user_id":18973581,"user_type":"registered","profile_image":"https://lh3.googleusercontent.com/a/AATXAJwssHnmjo94pYIuRTwEnACCXroTlnmQm0QyI5sX=k-s256","display_name":"Станислав Швец","link":"https://stackoverflow.com/users/18973581/%d0%a1%d1%82%d0%b0%d0%bd%d0%b8%d1%81%d0%bb%d0%b0%d0%b2-%d0%a8%d0%b2%d0%b5%d1%86"},"is_answered":false,"view_count":203,"answer_count":0,"score":1,"last_activity_date":1651920372,"creation_date":1651233402,"last_edit_date":1651920372,"question_id":72057609,"content_license":"CC BY-SA 4.0","link":"https://stackoverflow.com/questions/72057609/sending-data-from-lms-moodle-php-to-python-cgi-script-and-get-it-back","title":"Sending data from LMS Moodle (php) to python CGI script and get it back"},{"tags":["javascript","html","node.js","reactjs","next.js"],"owner":{"account_id":11298700,"reputation":63,"user_id":8285395,"user_type":"registered","profile_image":"https://lh3.googleusercontent.com/-7kNa-qq1XUs/AAAAAAAAAAI/AAAAAAAAACM/zatoMa0mAXQ/photo.jpg?sz=256","display_name":"Wilm hill","link":"https://stackoverflow.com/users/8285395/wilm-hill"},"is_answered":false,"view_count":7869,"closed_date":1651274332,"answer_count":0,"score":3,"last_activity_date":1651253503,"creation_date":1651233373,"question_id":72057603,"link":"https://stackoverflow.com/questions/72057603/hydration-error-due-to-if-statement-in-next-js","closed_reason":"Duplicate","title":"Hydration error due to if statement in Next.js"},{"tags":["tensorflow","bert-language-model","named-entity-recognition","tensorflow-model-garden"],"owner":{"account_id":1906402,"reputation":665,"user_id":1721188,"user_type":"registered","accept_rate":53,"profile_image":"https://www.gravatar.com/avatar/bd3d13a8c1a281848fb0be645c0bb01b?s=256&d=identicon&r=PG&f=y&so-version=2","display_name":"Mani Rai","link":"https://stackoverflow.com/users/1721188/mani-rai"},"is_answered":false,"view_count":852,"answer_count":1,"score":2,"last_activity_date":1652942096,"creation_date":1651233372,"question_id":72057602,"content_license":"CC BY-SA 4.0","link":"https://stackoverflow.com/questions/72057602/how-to-mask-pad-and-sep-tokens-to-prevent-their-prediction-and-loss-calculat","title":"How to mask [PAD] and [SEP] tokens to prevent their prediction and loss calculation for NER task on BERT models?"},{"tags":["django","django-urls"],"owner":{"account_id":24326979,"reputation":91,"user_id":18940473,"user_type":"registered","profile_image":"https://lh3.googleusercontent.com/a-/AOh14GheKCY97LAajUfVrpgYguDiiL4_FrAm9NHuMGgL=k-s256","display_name":"muhammed hilal","link":"https://stackoverflow.com/users/18940473/muhammed-hilal"},"is_answered":true,"view_count":86,"accepted_answer_id":72057788,"answer_count":1,"score":0,"last_activity_date":1651234316,"creation_date":1651233369,"question_id":72057600,"content_license":"CC BY-SA 4.0","link":"https://stackoverflow.com/questions/72057600/how-to-edit-urls-py","title":"how to edit urls.py?"},{"tags":["python","pandas","plotly","data-visualization","plotly.graph-objects"],"owner":{"account_id":25142948,"reputation":11,"user_id":18989102,"user_type":"registered","profile_image":"https://www.gravatar.com/avatar/0f40026f80de726ceb7b5a47c8d80695?s=256&d=identicon&r=PG","display_name":"Lukas","link":"https://stackoverflow.com/users/18989102/lukas"},"is_answered":false,"view_count":115,"closed_date":1651343334,"answer_count":0,"score":1,"last_activity_date":1651343365,"creation_date":1651233362,"last_edit_date":1651233879,"question_id":72057598,"link":"https://stackoverflow.com/questions/72057598/is-there-a-way-to-turn-the-sorting-in-a-descending-way-on-the-y-axis-in-plotly","closed_reason":"Duplicate","title":"Is there a way to turn the sorting in a descending way on the y axis in Plotly?"},{"tags":["r","rstudio"],"owner":{"account_id":22424780,"reputation":2774,"user_id":16631565,"user_type":"registered","profile_image":"https://i.stack.imgur.com/g6qnJ.png?s=256&g=1","display_name":"Shawn Hemelstrand","link":"https://stackoverflow.com/users/16631565/shawn-hemelstrand"},"is_answered":true,"view_count":1183,"accepted_answer_id":72064809,"answer_count":1,"score":2,"last_activity_date":1651278242,"creation_date":1651233353,"question_id":72057595,"content_license":"CC BY-SA 4.0","link":"https://stackoverflow.com/questions/72057595/what-is-causing-my-r-script-text-to-disappear","title":"What is causing my R script text to disappear?"},{"tags":["emacs","org-mode"],"owner":{"account_id":349280,"reputation":1934,"user_id":5115219,"user_type":"registered","accept_rate":86,"profile_image":"https://www.gravatar.com/avatar/1e4daf0bfeb7f86112ad1ba5e32ca41b?s=256&d=identicon&r=PG","display_name":"Ugur","link":"https://stackoverflow.com/users/5115219/ugur"},"is_answered":true,"view_count":828,"answer_count":1,"score":0,"last_activity_date":1688647836,"creation_date":1651233333,"question_id":72057587,"content_license":"CC BY-SA 4.0","link":"https://stackoverflow.com/questions/72057587/emacs-org-mode-org-agenda-custom-commands-and-hiding-future-scheduled-tasks","title":"Emacs Org-mode: org-agenda-custom-commands and hiding future scheduled tasks"},{"tags":["git"],"owner":{"account_id":481175,"reputation":681,"user_id":894827,"user_type":"registered","profile_image":"https://www.gravatar.com/avatar/dcd2fc10704c1440deb408c24f7de3a6?s=256&d=identicon&r=PG","display_name":"learner","link":"https://stackoverflow.com/users/894827/learner"},"is_answered":true,"view_count":399,"accepted_answer_id":72057716,"answer_count":2,"score":2,"last_activity_date":1651243305,"creation_date":1651233325,"question_id":72057582,"content_license":"CC BY-SA 4.0","link":"https://stackoverflow.com/questions/72057582/trying-to-simulate-a-git-merge-conflict","title":"Trying to simulate a git merge conflict"},{"tags":["kubernetes","kubernetes-pod","kubernetes-networking"],"owner":{"account_id":1397488,"reputation":642,"user_id":1326985,"user_type":"registered","accept_rate":75,"profile_image":"https://www.gravatar.com/avatar/2fa7819580eceace41132acd54bbad51?s=256&d=identicon&r=PG","display_name":"johnnyb","link":"https://stackoverflow.com/users/1326985/johnnyb"},"is_answered":true,"view_count":365,"accepted_answer_id":72067371,"answer_count":1,"score":1,"last_activity_date":1651311943,"creation_date":1651233306,"question_id":72057578,"content_license":"CC BY-SA 4.0","link":"https://stackoverflow.com/questions/72057578/is-kubernetes-networking-smart-enough-to-route-clusterip-requests-to-local-pod","title":"Is Kubernetes Networking Smart Enough to Route ClusterIP Requests to Local Pod"},{"tags":["jpa"],"owner":{"account_id":13010317,"reputation":13,"user_id":9403597,"user_type":"registered","profile_image":"https://lh5.googleusercontent.com/-SDP3Zc31R9s/AAAAAAAAAAI/AAAAAAAAALA/cY8emfl9mqo/photo.jpg?sz=256","display_name":"Diogo Zucchi","link":"https://stackoverflow.com/users/9403597/diogo-zucchi"},"is_answered":true,"view_count":87,"accepted_answer_id":72057901,"answer_count":1,"score":0,"last_activity_date":1651234860,"creation_date":1651233295,"last_edit_date":1651234222,"question_id":72057575,"content_license":"CC BY-SA 4.0","link":"https://stackoverflow.com/questions/72057575/jpa-query-clause-in-invalid-relational-operator","title":"JPA Query clause IN / Invalid relational operator"},{"tags":["swift","swiftui","swiftui-navigationview","observedobject"],"owner":{"account_id":146702,"reputation":3258,"user_id":357320,"user_type":"registered","accept_rate":68,"profile_image":"https://i.stack.imgur.com/zySiI.jpg?s=256&g=1","display_name":"Karlth","link":"https://stackoverflow.com/users/357320/karlth"},"is_answered":true,"view_count":501,"accepted_answer_id":72068843,"answer_count":2,"score":1,"last_activity_date":1651324581,"creation_date":1651233214,"question_id":72057565,"content_license":"CC BY-SA 4.0","link":"https://stackoverflow.com/questions/72057565/swiftui-navigationview-popping-when-observed-object-changes","title":"SwiftUI NavigationView popping when observed object changes"},{"tags":["javascript","arrow-functions"],"owner":{"account_id":25136222,"reputation":37,"user_id":18982966,"user_type":"registered","profile_image":"https://lh3.googleusercontent.com/a-/AOh14GimLA3ERh0Mg3UMlrxiIBsNzp8GZIziJyf1UB3Q9w=k-s256","display_name":"Math&#233;o Perrot","link":"https://stackoverflow.com/users/18982966/math%c3%a9o-perrot"},"is_answered":true,"view_count":1061,"accepted_answer_id":72057576,"answer_count":4,"score":3,"last_activity_date":1651263814,"creation_date":1651233202,"last_edit_date":1651263814,"question_id":72057564,"content_license":"CC BY-SA 4.0","link":"https://stackoverflow.com/questions/72057564/how-to-add-if-statement-in-arrow-function","title":"How to add if statement in arrow function"},{"tags":["javascript","html","jquery"],"owner":{"account_id":22673655,"reputation":41,"user_id":16845058,"user_type":"registered","profile_image":"https://lh3.googleusercontent.com/a/AATXAJwJVegP5GhNEsY2yO0VSYZhxuq8fS7UmjT_U-78=k-s256","display_name":"Omer Butt","link":"https://stackoverflow.com/users/16845058/omer-butt"},"is_answered":false,"view_count":81,"answer_count":0,"score":1,"last_activity_date":1652133031,"creation_date":1651233184,"last_edit_date":1652133031,"question_id":72057558,"content_license":"CC BY-SA 4.0","link":"https://stackoverflow.com/questions/72057558/how-to-create-two-instances-of-the-simple-ajax-uploader-dropzone-in-one-project","title":"How to create two Instances of the Simple Ajax Uploader Dropzone in One Project but in different modals"},{"tags":["google-sheets"],"owner":{"account_id":19088069,"reputation":69,"user_id":13938888,"user_type":"registered","profile_image":"https://lh3.googleusercontent.com/a-/AOh14GgzadH9GG_xVMemk3GLOg8REFza8rmNPSkRLfPf=k-s256","display_name":"AYEBAZIBWE ISHMAEL","link":"https://stackoverflow.com/users/13938888/ayebazibwe-ishmael"},"is_answered":false,"view_count":104,"answer_count":1,"score":0,"last_activity_date":1651315153,"creation_date":1651233160,"question_id":72057556,"content_license":"CC BY-SA 4.0","link":"https://stackoverflow.com/questions/72057556/how-to-use-drop-down-to-lock-and-unlock-cells-according-to-values-selected-and-s","title":"How to use drop down to lock and unlock cells according to values selected and still matain drop downs in the unlocked cell"},{"tags":["java","json","jackson","mongo-jackson-mapper"],"owner":{"account_id":1905059,"reputation":1845,"user_id":1720101,"user_type":"registered","accept_rate":37,"profile_image":"https://www.gravatar.com/avatar/85ae256b19b6e9d19d06dd704d24f917?s=256&d=identicon&r=PG","display_name":"Shvalb","link":"https://stackoverflow.com/users/1720101/shvalb"},"is_answered":false,"view_count":892,"answer_count":2,"score":0,"last_activity_date":1651263041,"creation_date":1651233126,"last_edit_date":1651241345,"question_id":72057546,"content_license":"CC BY-SA 4.0","link":"https://stackoverflow.com/questions/72057546/how-to-deserialize-this-dynamic-keys-json-to-java-custom-pojo-using-jackson","title":"How to deserialize this dynamic keys JSON to Java custom Pojo using Jackson"},{"tags":["sql-server","sql-server-2017"],"owner":{"account_id":11651606,"reputation":29,"user_id":10098067,"user_type":"registered","profile_image":"https://i.stack.imgur.com/G2pSX.jpg?s=256&g=1","display_name":"Awsming","link":"https://stackoverflow.com/users/10098067/awsming"},"is_answered":false,"view_count":2148,"answer_count":1,"score":-1,"last_activity_date":1651577180,"creation_date":1651233105,"last_edit_date":1651235645,"question_id":72057543,"content_license":"CC BY-SA 4.0","link":"https://stackoverflow.com/questions/72057543/could-not-find-server-server-name-in-sys-servers-sql-server-2017-v14-0-3436","title":"Could not find server &#39;server name&#39; in sys.servers - sql server 2017 v14.0.3436.1"},{"tags":["matlab"],"owner":{"account_id":8132611,"reputation":69,"user_id":7270014,"user_type":"registered","profile_image":"https://i.stack.imgur.com/5gxHf.jpg?s=256&g=1","display_name":"lra","link":"https://stackoverflow.com/users/7270014/lra"},"is_answered":false,"view_count":243,"answer_count":0,"score":0,"last_activity_date":1651235064,"creation_date":1651233083,"last_edit_date":1651235064,"question_id":72057538,"content_license":"CC BY-SA 4.0","link":"https://stackoverflow.com/questions/72057538/function-handle-as-input-to-the-function-handle","title":"Function handle as input to the function handle"},{"tags":["apache-kafka-streams"],"owner":{"account_id":336332,"reputation":4386,"user_id":663929,"user_type":"registered","accept_rate":70,"profile_image":"https://i.stack.imgur.com/Pz1ls.jpg?s=256&g=1","display_name":"Andras Hatvani","link":"https://stackoverflow.com/users/663929/andras-hatvani"},"is_answered":false,"view_count":65,"answer_count":0,"score":1,"last_activity_date":1651233066,"creation_date":1651233066,"question_id":72057534,"content_license":"CC BY-SA 4.0","link":"https://stackoverflow.com/questions/72057534/determine-latest-end-max-offset-for-all-partitions-of-a-topic","title":"Determine latest/end/max offset for all partitions of a topic"}],"has_more":true,"quota_max":300,"quota_remaining":234}