{"items":[{"tags":["postgresql","pytest","psycopg2","importerror"],"owner":{"account_id":16560481,"reputation":99,"user_id":11966515,"user_type":"registered","profile_image":"https://www.gravatar.com/avatar/3e17700dde5da62d3d1673e1f01030b1?s=256&d=identicon&r=PG&f=y&so-version=2","display_name":"pretend I have a cool name","link":"https://stackoverflow.com/users/11966515/pretend-i-have-a-cool-name"},"is_answered":true,"view_count":2971,"accepted_answer_id":71311572,"answer_count":1,"score":2,"last_activity_date":1646203070,"creation_date":1646114363,"last_edit_date":1646203070,"question_id":71304312,"content_license":"CC BY-SA 4.0","link":"https://stackoverflow.com/questions/71304312/pytest-postgresql-example-raises-import-error-psycopg","title":"pytest_postgresql example raises import error psycopg"},{"tags":["reactjs","next.js","environment-variables"],"owner":{"account_id":13892020,"reputation":41,"user_id":10029749,"user_type":"registered","profile_image":"https://www.gravatar.com/avatar/a522d4767c48c7cef56410aa8f1acb8c?s=256&d=identicon&r=PG&f=y&so-version=2","display_name":"M H","link":"https://stackoverflow.com/users/10029749/m-h"},"is_answered":true,"view_count":1019,"answer_count":1,"score":3,"last_activity_date":1646117965,"creation_date":1646114276,"question_id":71304303,"content_license":"CC BY-SA 4.0","link":"https://stackoverflow.com/questions/71304303/is-next-public-similar-to-react-app","title":"Is NEXT_PUBLIC_.... similar to REACT_APP_....?"},{"tags":["python","tensorflow","keras","image-segmentation"],"owner":{"account_id":444297,"reputation":10790,"user_id":836026,"user_type":"registered","accept_rate":99,"profile_image":"https://www.gravatar.com/avatar/223fb6c30bd49f4df1ac419cd0747a42?s=256&d=identicon&r=PG","display_name":"user836026","link":"https://stackoverflow.com/users/836026/user836026"},"is_answered":true,"view_count":331,"answer_count":2,"score":0,"last_activity_date":1678997017,"creation_date":1646114207,"question_id":71304293,"content_license":"CC BY-SA 4.0","link":"https://stackoverflow.com/questions/71304293/using-datagen-flow-from-directory-with-image-segmination-and-number-of-classes","title":"Using datagen.flow_from_directory with image segmination and number of classes"},{"tags":["postgresql","function"],"owner":{"account_id":16668926,"reputation":71,"user_id":12046899,"user_type":"registered","profile_image":"https://www.gravatar.com/avatar/d224a09e8d1159f298521a5389dd789e?s=256&d=identicon&r=PG&f=y&so-version=2","display_name":"manikandan","link":"https://stackoverflow.com/users/12046899/manikandan"},"is_answered":true,"view_count":1338,"answer_count":2,"score":1,"last_activity_date":1646119188,"creation_date":1646114181,"last_edit_date":1646115282,"question_id":71304289,"content_license":"CC BY-SA 4.0","link":"https://stackoverflow.com/questions/71304289/how-to-pass-multiple-variables-to-same-parameter-when-calling-postgresql-functio","title":"how to pass multiple variables to same parameter when calling postgresql function"},{"tags":["python","numpy","scipy"],"owner":{"account_id":1188368,"reputation":413,"user_id":1161825,"user_type":"registered","accept_rate":82,"profile_image":"https://www.gravatar.com/avatar/28314aabdae6b276d871646e5f45f941?s=256&d=identicon&r=PG","display_name":"BillyRay","link":"https://stackoverflow.com/users/1161825/billyray"},"is_answered":true,"view_count":170,"accepted_answer_id":71304610,"answer_count":1,"score":0,"last_activity_date":1646116700,"creation_date":1646114179,"question_id":71304288,"content_license":"CC BY-SA 4.0","link":"https://stackoverflow.com/questions/71304288/how-to-downsample-a-1d-array-numpy-array-exponentially","title":"How to downsample a 1d array numpy array exponentially"},{"tags":["solidity","hardhat"],"owner":{"account_id":16276407,"reputation":345,"user_id":11753476,"user_type":"registered","profile_image":"https://i.stack.imgur.com/vgUwF.png?s=256&g=1","display_name":"Neeleshwar Kumar","link":"https://stackoverflow.com/users/11753476/neeleshwar-kumar"},"is_answered":true,"view_count":1589,"accepted_answer_id":71731571,"answer_count":2,"score":2,"last_activity_date":1656970413,"creation_date":1646114134,"question_id":71304283,"content_license":"CC BY-SA 4.0","link":"https://stackoverflow.com/questions/71304283/imports-via-https-not-working-in-hardhat-solidity","title":"imports via https not working in hardhat (solidity)"},{"tags":["php","yii","yii2","yii2-advanced-app"],"owner":{"account_id":12807279,"reputation":321,"user_id":9266565,"user_type":"registered","profile_image":"https://www.gravatar.com/avatar/24a6777bb42e65a67c4c4f8d1d175088?s=256&d=identicon&r=PG&f=y&so-version=2","display_name":"Ramisha Mukhtar","link":"https://stackoverflow.com/users/9266565/ramisha-mukhtar"},"is_answered":false,"view_count":259,"answer_count":1,"score":0,"last_activity_date":1646114083,"creation_date":1646114083,"question_id":71304275,"content_license":"CC BY-SA 4.0","link":"https://stackoverflow.com/questions/71304275/cache-flush-schema-command-for-specific-database-connection-in-yii2-advanced","title":"cache/flush-schema command for specific database connection in yii2-advanced"},{"tags":["java","image","bufferedimage","javax.imageio"],"owner":{"account_id":23316868,"reputation":9,"user_id":17395367,"user_type":"registered","profile_image":"https://lh3.googleusercontent.com/a/AATXAJzuB_svVo4JNmVbcMr0rDKE-Fu7j4-8Aq2Nr3y6=k-s256","display_name":"PRINCE KUMAR","link":"https://stackoverflow.com/users/17395367/prince-kumar"},"is_answered":true,"view_count":326,"answer_count":1,"score":0,"last_activity_date":1646136321,"creation_date":1646114066,"last_edit_date":1646136321,"question_id":71304272,"content_license":"CC BY-SA 4.0","link":"https://stackoverflow.com/questions/71304272/changing-icon-color-in-java","title":"Changing icon color in java"},{"tags":["ios","objective-c","uiview"],"owner":{"account_id":462386,"reputation":1696,"user_id":864663,"user_type":"registered","accept_rate":64,"profile_image":"https://www.gravatar.com/avatar/808ac96cb009ba241fe54a53246ad540?s=256&d=identicon&r=PG","display_name":"David","link":"https://stackoverflow.com/users/864663/david"},"is_answered":true,"view_count":152,"accepted_answer_id":71561804,"answer_count":1,"score":0,"last_activity_date":1647884209,"creation_date":1646114012,"last_edit_date":1646167115,"question_id":71304267,"content_license":"CC BY-SA 4.0","link":"https://stackoverflow.com/questions/71304267/how-do-i-hide-the-suggestion-bar-on-ios-15","title":"How do I hide the suggestion bar on iOS 15?"},{"tags":["java","for-loop","methods","return","calculator"],"owner":{"account_id":24413031,"reputation":1,"user_id":18340246,"user_type":"registered","profile_image":"https://www.gravatar.com/avatar/86d20bc33c31ed43f1afbeac5d019912?s=256&d=identicon&r=PG","display_name":"simaravz","link":"https://stackoverflow.com/users/18340246/simaravz"},"is_answered":false,"view_count":58,"answer_count":1,"score":0,"last_activity_date":1646132498,"creation_date":1646113958,"last_edit_date":1646132498,"question_id":71304263,"content_license":"CC BY-SA 4.0","link":"https://stackoverflow.com/questions/71304263/im-trying-to-calculate-and-return-the-user-change-and-i-dont-know-how","title":"I&#39;m trying to calculate and return the user change and I don&#39;t know how"},{"tags":["c++","object","integer","dynamic-memory-allocation","dynamic-arrays"],"owner":{"account_id":22613973,"reputation":17,"user_id":16793714,"user_type":"registered","profile_image":"https://www.gravatar.com/avatar/43ad40141448e7b77e8895525d19d69d?s=256&d=identicon&r=PG&f=y&so-version=2","display_name":"Mathews lee","link":"https://stackoverflow.com/users/16793714/mathews-lee"},"is_answered":true,"view_count":55,"accepted_answer_id":71304836,"answer_count":1,"score":-2,"last_activity_date":1646118293,"creation_date":1646113957,"question_id":71304262,"content_license":"CC BY-SA 4.0","link":"https://stackoverflow.com/questions/71304262/dynamic-allcocation-object-and-int-c","title":"dynamic allcocation object and int c++"},{"tags":["wso2-esb"],"owner":{"account_id":24413234,"reputation":1,"user_id":18340431,"user_type":"registered","profile_image":"https://www.gravatar.com/avatar/5edfc997739c9d1ae3ca1a924f2c593c?s=256&d=identicon&r=PG","display_name":"chetan1084","link":"https://stackoverflow.com/users/18340431/chetan1084"},"is_answered":false,"view_count":103,"answer_count":0,"score":0,"last_activity_date":1646114355,"creation_date":1646113929,"last_edit_date":1656601129,"question_id":71304261,"content_license":"CC BY-SA 4.0","link":"https://stackoverflow.com/questions/71304261/dynamic-datasource-configuration-in-dbreport-dblookup-mediator-in-wso2ei-esb-pro","title":"Dynamic DataSource Configuration in DBReport/DBlookup mediator in wso2ei Esb profile"},{"tags":["node.js",".net","macos",".net-core","apple-m1"],"owner":{"account_id":18832847,"reputation":27,"user_id":13736240,"user_type":"registered","profile_image":"https://www.gravatar.com/avatar/96a305d2c2f45a78ba61c2438dbf3c4e?s=256&d=identicon&r=PG&f=y&so-version=2","display_name":"puru","link":"https://stackoverflow.com/users/13736240/puru"},"is_answered":true,"view_count":1640,"answer_count":1,"score":0,"last_activity_date":1649755005,"creation_date":1646113918,"question_id":71304259,"content_license":"CC BY-SA 4.0","link":"https://stackoverflow.com/questions/71304259/problem-verifying-node-installation-in-m1-pro-mac-while-setting-up-visual-studio","title":"Problem verifying node installation in m1 pro mac while setting up Visual Studio"},{"tags":["scala"],"owner":{"account_id":1390059,"reputation":3723,"user_id":1321095,"user_type":"registered","accept_rate":63,"profile_image":"https://www.gravatar.com/avatar/2982b1804593cd3784dc0573eff29c46?s=256&d=identicon&r=PG","display_name":"userx","link":"https://stackoverflow.com/users/1321095/userx"},"is_answered":true,"view_count":43,"accepted_answer_id":71304519,"answer_count":1,"score":0,"last_activity_date":1646116024,"creation_date":1646113915,"question_id":71304256,"content_license":"CC BY-SA 4.0","link":"https://stackoverflow.com/questions/71304256/why-is-foldright-not-giving-correct-count","title":"Why is foldRight not giving correct count?"},{"tags":["javascript","recursion"],"owner":{"user_type":"does_not_exist","display_name":"user14925305"},"is_answered":false,"view_count":17,"closed_date":1646114061,"answer_count":0,"score":0,"last_activity_date":1646113914,"creation_date":1646113914,"question_id":71304255,"link":"https://stackoverflow.com/questions/71304255/the-return-statement-is-throwing-out-an-undefined-value-for-a-recursive-function","closed_reason":"Duplicate","title":"The return statement is throwing out an undefined value for a recursive function"},{"tags":["c#",".net","encryption","cryptography","maui"],"owner":{"account_id":2291930,"reputation":71,"user_id":2014465,"user_type":"registered","profile_image":"https://www.gravatar.com/avatar/ada8ccae08042b249ce6497677238c81?s=256&d=identicon&r=PG","display_name":"Vinod Shinde","link":"https://stackoverflow.com/users/2014465/vinod-shinde"},"is_answered":false,"view_count":226,"answer_count":1,"score":0,"last_activity_date":1646117330,"creation_date":1646113882,"question_id":71304251,"content_license":"CC BY-SA 4.0","link":"https://stackoverflow.com/questions/71304251/windows-security-cryptography-cryptographicbuffer-decodefrombase64string-replace","title":"Windows.Security.Cryptography.CryptographicBuffer.DecodeFromBase64String replacement in MAUI or .net standard"},{"tags":["c++","string"],"owner":{"account_id":22117604,"reputation":21,"user_id":16371420,"user_type":"registered","profile_image":"https://lh3.googleusercontent.com/a-/AOh14GjMVkNcogE--8KBSJHFsENilhJeWuAeOwWBcsiczw=k-s256","display_name":"Nerdy Live","link":"https://stackoverflow.com/users/16371420/nerdy-live"},"is_answered":false,"view_count":529,"answer_count":1,"score":-3,"last_activity_date":1646116057,"creation_date":1646113860,"last_edit_date":1646114053,"question_id":71304246,"content_license":"CC BY-SA 4.0","link":"https://stackoverflow.com/questions/71304246/how-to-filter-from-text-c","title":"How to filter from text c++"},{"tags":["c","matlab","mex"],"owner":{"account_id":17525864,"reputation":33,"user_id":12710966,"user_type":"registered","profile_image":"https://www.gravatar.com/avatar/b3ff64ff94182a98e02fbf1cebda68c1?s=256&d=identicon&r=PG&f=y&so-version=2","display_name":"Michael Hartmann","link":"https://stackoverflow.com/users/12710966/michael-hartmann"},"is_answered":true,"view_count":252,"accepted_answer_id":71316903,"answer_count":1,"score":0,"last_activity_date":1646189562,"creation_date":1646113788,"question_id":71304237,"content_license":"CC BY-SA 4.0","link":"https://stackoverflow.com/questions/71304237/is-matlab-runtime-compiler-sufficient-to-compile-mex-files","title":"Is Matlab Runtime Compiler sufficient to compile mex files?"},{"tags":["kubernetes","namespaces","containers","filebeat"],"owner":{"account_id":18494900,"reputation":29,"user_id":13473565,"user_type":"registered","profile_image":"https://lh3.googleusercontent.com/a-/AOh14GjwWX4HbGH_e_B9vh9EkVXxFKORiQv4hOnsO0WL=k-s256","display_name":"Shivanand Patil","link":"https://stackoverflow.com/users/13473565/shivanand-patil"},"is_answered":false,"view_count":2338,"answer_count":1,"score":0,"last_activity_date":1646125534,"creation_date":1646113743,"question_id":71304229,"content_license":"CC BY-SA 4.0","link":"https://stackoverflow.com/questions/71304229/how-to-filter-filebeat-logs-on-namespace","title":"How to filter filebeat logs on namespace"},{"tags":["vlc","mpeg2-ts"],"owner":{"account_id":20497339,"reputation":31,"user_id":15041950,"user_type":"registered","profile_image":"https://lh3.googleusercontent.com/a-/AOh14GhPDAGyXTuC__8IZhHcxzqHjREE5PzT4Fwe33ZE=k-s256","display_name":"Abdul Wazeed","link":"https://stackoverflow.com/users/15041950/abdul-wazeed"},"is_answered":true,"view_count":3190,"answer_count":1,"score":1,"last_activity_date":1646124953,"creation_date":1646113716,"question_id":71304226,"content_license":"CC BY-SA 4.0","link":"https://stackoverflow.com/questions/71304226/how-to-receive-mpegts-multicast-steam-on-vlc","title":"How to receive mpegts multicast steam on vlc"},{"tags":["java","opengl-es","webrtc"],"owner":{"account_id":24413277,"reputation":1,"user_id":18340468,"user_type":"registered","profile_image":"https://lh3.googleusercontent.com/a/AATXAJz7YZiF4wvnvwO4Erx0_RbTsFMncWl05OzHxxDA=k-s256","display_name":"Forcodes Ingenuity","link":"https://stackoverflow.com/users/18340468/forcodes-ingenuity"},"is_answered":false,"view_count":132,"answer_count":0,"score":0,"last_activity_date":1646144700,"creation_date":1646113715,"last_edit_date":1646144700,"question_id":71304225,"content_license":"CC BY-SA 4.0","link":"https://stackoverflow.com/questions/71304225/opengl-gles20-glviewport-change-shape-to-circle","title":"Opengl GLES20.glViewport() change shape to circle"},{"tags":["excel","excel-formula","cascadingdropdown"],"owner":{"account_id":11173959,"reputation":326,"user_id":8200133,"user_type":"registered","accept_rate":80,"profile_image":"https://www.gravatar.com/avatar/9c5de9b6b12e2421ae39c77b2617b394?s=256&d=identicon&r=PG&f=y&so-version=2","display_name":"Ravi","link":"https://stackoverflow.com/users/8200133/ravi"},"is_answered":false,"view_count":68,"answer_count":0,"score":0,"last_activity_date":1646132473,"creation_date":1646113701,"last_edit_date":1646132473,"question_id":71304222,"content_license":"CC BY-SA 4.0","link":"https://stackoverflow.com/questions/71304222/indirect-function-in-excel-gives-name","title":"INDIRECT function in excel gives #NAME?"},{"tags":["javascript","css"],"owner":{"account_id":19803195,"reputation":11,"user_id":14503676,"user_type":"registered","profile_image":"https://lh5.googleusercontent.com/-gexqEU14vnE/AAAAAAAAAAI/AAAAAAAAAAA/AMZuuclnC_jdG4-4p1W2gozzkXNmLyfCIg/s96-c/photo.jpg?sz=256","display_name":"Anthony","link":"https://stackoverflow.com/users/14503676/anthony"},"is_answered":true,"view_count":52,"answer_count":1,"score":1,"last_activity_date":1646250940,"creation_date":1646113684,"last_edit_date":1646249717,"question_id":71304221,"content_license":"CC BY-SA 4.0","link":"https://stackoverflow.com/questions/71304221/how-to-style-a-child-element-when-its-parent-element-is-hovered-on-js-styleshee","title":"How to style a child element when its parent element is hovered on (js stylesheet)"},{"tags":["encryption","redux","next.js","redux-toolkit","redux-persist"],"owner":{"account_id":17890211,"reputation":1329,"user_id":12996855,"user_type":"registered","profile_image":"https://www.gravatar.com/avatar/e5140720d7adfc739c0e17d256a14d1e?s=256&d=identicon&r=PG&f=y&so-version=2","display_name":"lala","link":"https://stackoverflow.com/users/12996855/lala"},"is_answered":false,"view_count":794,"answer_count":0,"score":1,"last_activity_date":1646113683,"creation_date":1646113683,"question_id":71304220,"content_license":"CC BY-SA 4.0","link":"https://stackoverflow.com/questions/71304220/redux-persist-transform-encrypt-basereducer-is-not-a-function","title":"Redux Persist Transform Encrypt: baseReducer is not a function"},{"tags":["node.js","reactjs","react-bootstrap","razzle"],"owner":{"account_id":19093108,"reputation":41,"user_id":16059284,"user_type":"registered","profile_image":"https://lh3.googleusercontent.com/a-/AOh14GgAxKLeSU609m_GFi91yjpoBoAZR8miaT74a3-JyQ=k-s256","display_name":"Ajay Nagotha","link":"https://stackoverflow.com/users/16059284/ajay-nagotha"},"is_answered":true,"view_count":10968,"answer_count":1,"score":3,"last_activity_date":1652988667,"creation_date":1646113584,"last_edit_date":1646122920,"question_id":71304211,"content_license":"CC BY-SA 4.0","link":"https://stackoverflow.com/questions/71304211/i-am-getting-the-error-cannot-use-import-statement-outside-a-module-when-i-run","title":"I am getting the error &quot;Cannot use import statement outside a module&quot; when I run my React Razzle app"},{"tags":["python","python-3.x"],"owner":{"account_id":24413201,"reputation":51,"user_id":18340406,"user_type":"registered","profile_image":"https://www.gravatar.com/avatar/ecdad73c01053f0108b1fee9bc8c0816?s=256&d=identicon&r=PG","display_name":"loadingbar","link":"https://stackoverflow.com/users/18340406/loadingbar"},"is_answered":true,"view_count":65,"answer_count":1,"score":0,"last_activity_date":1646113880,"creation_date":1646113518,"question_id":71304202,"content_license":"CC BY-SA 4.0","link":"https://stackoverflow.com/questions/71304202/functions-imported-from-another-file-cant-call-the-variables-from-main-file","title":"Functions imported from another file can&#39;t call the variables from main file"},{"tags":["javascript","web-component","svelte"],"owner":{"account_id":13534960,"reputation":4563,"user_id":9764412,"user_type":"registered","profile_image":"https://i.stack.imgur.com/wK67e.jpg?s=256&g=1","display_name":"Axel","link":"https://stackoverflow.com/users/9764412/axel"},"is_answered":true,"view_count":3138,"accepted_answer_id":71340187,"answer_count":1,"score":6,"last_activity_date":1646323542,"creation_date":1646113485,"question_id":71304201,"content_license":"CC BY-SA 4.0","link":"https://stackoverflow.com/questions/71304201/how-to-use-web-components-in-svelte","title":"How to use web components in Svelte?"},{"tags":["python","matrix","multidimensional-array","data-structures","nested-lists"],"owner":{"account_id":19359190,"reputation":2208,"user_id":14154784,"user_type":"registered","profile_image":"https://i.stack.imgur.com/0b13x.jpg?s=256&g=1","display_name":"BLimitless","link":"https://stackoverflow.com/users/14154784/blimitless"},"is_answered":false,"view_count":9,"closed_date":1646114358,"answer_count":0,"score":0,"last_activity_date":1646114399,"creation_date":1646113456,"last_edit_date":1646114399,"question_id":71304199,"link":"https://stackoverflow.com/questions/71304199/odd-nested-list-behavior-deep-copy-v-shallow-copy-problem-in-array-creation","closed_reason":"Duplicate","title":"Odd Nested List Behavior: Deep Copy v Shallow Copy Problem in Array Creation?"},{"tags":["linux","bash","amazon-web-services","aws-cli"],"owner":{"account_id":23829556,"reputation":55,"user_id":17836028,"user_type":"registered","profile_image":"https://www.gravatar.com/avatar/7c81d43e3c4492d0da26177d751936ed?s=256&d=identicon&r=PG","display_name":"YusufDoc","link":"https://stackoverflow.com/users/17836028/yusufdoc"},"is_answered":true,"view_count":168,"closed_date":1646122009,"accepted_answer_id":71304937,"answer_count":2,"score":-1,"last_activity_date":1646170919,"creation_date":1646113442,"last_edit_date":1646170919,"question_id":71304198,"link":"https://stackoverflow.com/questions/71304198/is-there-a-way-to-combine-columns-from-cli-output","closed_reason":"Not suitable for this site","title":"Is there a way to combine columns from cli output?"},{"tags":["python","http","http-status-code-404","httpserver"],"owner":{"account_id":23801499,"reputation":1,"user_id":17811631,"user_type":"registered","profile_image":"https://www.gravatar.com/avatar/afb858555149a071b2ce07bef1821e7c?s=256&d=identicon&r=PG","display_name":"asafH","link":"https://stackoverflow.com/users/17811631/asafh"},"is_answered":false,"view_count":1199,"answer_count":0,"score":0,"last_activity_date":1646113434,"creation_date":1646113434,"question_id":71304197,"content_license":"CC BY-SA 4.0","link":"https://stackoverflow.com/questions/71304197/http-server-in-python-problem-when-tring-to-response-404-not-found","title":"http server in python. problem when tring to response 404 not found"}],"has_more":true,"quota_max":300,"quota_remaining":234}