{"items":[{"tags":["mysql"],"owner":{"account_id":1909395,"reputation":1029,"user_id":1723615,"user_type":"registered","accept_rate":38,"profile_image":"https://www.gravatar.com/avatar/284d46ffdbe2479a1669cc8e300aa48a?s=256&d=identicon&r=PG","display_name":"Tom Stambaugh","link":"https://stackoverflow.com/users/1723615/tom-stambaugh"},"is_answered":true,"view_count":178,"accepted_answer_id":71630733,"answer_count":1,"score":2,"last_activity_date":1648320041,"creation_date":1648317555,"question_id":71630551,"content_license":"CC BY-SA 4.0","link":"https://stackoverflow.com/questions/71630551/how-is-decimalm-n-represented-in-a-64-bit-system","title":"How is DECIMAL(m, n) represented in a 64-bit system?"},{"tags":["java","android"],"owner":{"account_id":23797695,"reputation":9,"user_id":17808329,"user_type":"registered","profile_image":"https://lh3.googleusercontent.com/a-/AOh14GjQf1JzcR5JdNL6XKMaiKPJhvz69E3peWr7VMu2=k-s256","display_name":"Arab Ware","link":"https://stackoverflow.com/users/17808329/arab-ware"},"is_answered":false,"view_count":71,"answer_count":0,"score":0,"last_activity_date":1666626586,"creation_date":1648317525,"last_edit_date":1666626586,"question_id":71630547,"content_license":"CC BY-SA 4.0","link":"https://stackoverflow.com/questions/71630547/why-my-app-throws-no-static-method-while-it-exists","title":"Why My App Throws No Static Method While It exists"},{"tags":["javascript","typescript","generics","mapped-types","type-narrowing"],"owner":{"account_id":10732771,"reputation":21,"user_id":7898327,"user_type":"registered","profile_image":"https://www.gravatar.com/avatar/5510800e55230a620e1a9208a6cdfb2c?s=256&d=identicon&r=PG&f=y&so-version=2","display_name":"Senshi","link":"https://stackoverflow.com/users/7898327/senshi"},"is_answered":false,"view_count":135,"answer_count":0,"score":2,"last_activity_date":1648382118,"creation_date":1648317484,"last_edit_date":1648382118,"question_id":71630543,"content_license":"CC BY-SA 4.0","link":"https://stackoverflow.com/questions/71630543/typescript-how-to-narrow-generic-mapped-types-in-a-function","title":"Typescript - How to narrow generic mapped types in a function?"},{"tags":["python","bioinformatics","p-value","scipy.stats"],"owner":{"account_id":24379609,"reputation":21,"user_id":18311402,"user_type":"registered","profile_image":"https://lh3.googleusercontent.com/a/AATXAJwvB7aNbxuvAHcB2xn81r33vcu0Fcjveq5Dv5Do=k-s256","display_name":"Maria Cristina Alvarez","link":"https://stackoverflow.com/users/18311402/maria-cristina-alvarez"},"is_answered":false,"view_count":35,"answer_count":1,"score":1,"last_activity_date":1699371828,"creation_date":1648317480,"question_id":71630542,"content_license":"CC BY-SA 4.0","link":"https://stackoverflow.com/questions/71630542/ranksums-returns-repeated-pvalues","title":"Ranksums returns repeated pvalues"},{"tags":["python","input"],"owner":{"account_id":24698910,"reputation":37,"user_id":18590475,"user_type":"registered","profile_image":"https://www.gravatar.com/avatar/7b664fd84b3418c2014844b33ae5513c?s=256&d=identicon&r=PG","display_name":"kfsopdf","link":"https://stackoverflow.com/users/18590475/kfsopdf"},"is_answered":false,"view_count":41,"answer_count":1,"score":0,"last_activity_date":1648974070,"creation_date":1648317379,"last_edit_date":1648317627,"question_id":71630533,"content_license":"CC BY-SA 4.0","link":"https://stackoverflow.com/questions/71630533/why-is-the-first-line-of-output-printed-with-last-line-of-input-and-last-line-o","title":"Why is the first line of output printed with last line of input, and last line of input not printing as a result?"},{"tags":["python","pandas","dataframe"],"owner":{"account_id":19189989,"reputation":423,"user_id":14019928,"user_type":"registered","profile_image":"https://lh4.googleusercontent.com/-rgCjigbXOF0/AAAAAAAAAAI/AAAAAAAAAAA/AMZuuck6RWrGrb3XRb_0-DULeX4ZuC6rwA/photo.jpg?sz=256","display_name":"user_v27","link":"https://stackoverflow.com/users/14019928/user-v27"},"is_answered":true,"view_count":63,"accepted_answer_id":71630560,"answer_count":1,"score":0,"last_activity_date":1648319516,"creation_date":1648317349,"last_edit_date":1648319516,"question_id":71630531,"content_license":"CC BY-SA 4.0","link":"https://stackoverflow.com/questions/71630531/removing-special-character-from-dataframe","title":"Removing special character from dataframe"},{"tags":["r","list","dataframe","apply"],"owner":{"account_id":21696125,"reputation":63,"user_id":16010005,"user_type":"registered","profile_image":"https://lh3.googleusercontent.com/a-/AOh14Gi2qXw4GaGyo_txOn_F17ChAFhgWJ4vHefRneEO=k-s256","display_name":"Przemysław Ćwięk","link":"https://stackoverflow.com/users/16010005/przemys%c5%82aw-%c4%86wi%c4%99k"},"is_answered":true,"view_count":85,"accepted_answer_id":71630565,"answer_count":5,"score":2,"last_activity_date":1648321453,"creation_date":1648317267,"question_id":71630523,"content_license":"CC BY-SA 4.0","link":"https://stackoverflow.com/questions/71630523/convert-data-frame-to-a-list-with-function-from-apply-family","title":"Convert data frame to a list, with function from apply family"},{"tags":["mysql","database"],"owner":{"account_id":11555316,"reputation":447,"user_id":8466673,"user_type":"registered","profile_image":"https://graph.facebook.com/10207484333425531/picture?type=large","display_name":"KrassVerpeilt","link":"https://stackoverflow.com/users/8466673/krassverpeilt"},"is_answered":false,"view_count":54,"answer_count":1,"score":0,"last_activity_date":1648320051,"creation_date":1648317260,"question_id":71630519,"content_license":"CC BY-SA 4.0","link":"https://stackoverflow.com/questions/71630519/read-all-elements-from-a-database-table-that-are-within-a-radius-of-1000-meters","title":"Read all elements from a Database table that are within a radius of 1000 meters?"},{"tags":["javascript","events","event-handling","dom-events","local-storage"],"owner":{"account_id":23836343,"reputation":53,"user_id":17842033,"user_type":"registered","profile_image":"https://i.stack.imgur.com/sod9M.jpg?s=256&g=1","display_name":"Yevhen Zhemchuzhnykov","link":"https://stackoverflow.com/users/17842033/yevhen-zhemchuzhnykov"},"is_answered":false,"view_count":15,"answer_count":0,"score":1,"last_activity_date":1648317229,"creation_date":1648317229,"question_id":71630516,"content_license":"CC BY-SA 4.0","link":"https://stackoverflow.com/questions/71630516/how-to-emulate-the-work-of-the-event-storage-when-data-should-be-transferred-f","title":"How to emulate the work of the event &quot;storage&quot; when data should be transferred from a different HTML-file"},{"tags":["bash","shell"],"owner":{"account_id":23167235,"reputation":653,"user_id":17266973,"user_type":"registered","profile_image":"https://www.gravatar.com/avatar/9d58517bbc940d8a0915f7c5cb99bf88?s=256&d=identicon&r=PG","display_name":"Vicky","link":"https://stackoverflow.com/users/17266973/vicky"},"is_answered":true,"view_count":12473,"accepted_answer_id":71636187,"answer_count":1,"score":1,"last_activity_date":1648382952,"creation_date":1648317220,"question_id":71630515,"content_license":"CC BY-SA 4.0","link":"https://stackoverflow.com/questions/71630515/getting-permission-denied-while-creating-a-directory-and-how-to-add-suffix-to-e","title":"Getting permission denied while creating a directory and how to add suffix to .exe to each files in a directory"},{"tags":["javascript","python","monitoring","screen-scraping"],"owner":{"account_id":11214359,"reputation":83,"user_id":8227467,"user_type":"registered","profile_image":"https://www.gravatar.com/avatar/e180aa04c3319edb33fd5c7a694c20c7?s=256&d=identicon&r=PG&f=y&so-version=2","display_name":"Arparas","link":"https://stackoverflow.com/users/8227467/arparas"},"is_answered":false,"view_count":64,"answer_count":0,"score":1,"last_activity_date":1648317203,"creation_date":1648317203,"question_id":71630511,"content_license":"CC BY-SA 4.0","link":"https://stackoverflow.com/questions/71630511/scrape-website-and-return-value-every-time-text-on-webpage-updates","title":"Scrape website and return value every time text on webpage updates"},{"tags":["python","c","cython"],"owner":{"account_id":24540004,"reputation":69,"user_id":18450478,"user_type":"registered","profile_image":"https://www.gravatar.com/avatar/7439017b553c75c0a2fcef9006a51214?s=256&d=identicon&r=PG","display_name":"pefile","link":"https://stackoverflow.com/users/18450478/pefile"},"is_answered":true,"view_count":141,"accepted_answer_id":71630675,"answer_count":1,"score":0,"last_activity_date":1648318658,"creation_date":1648317182,"last_edit_date":1648318324,"question_id":71630504,"content_license":"CC BY-SA 4.0","link":"https://stackoverflow.com/questions/71630504/storing-unsafe-c-derivative-of-temporary-python-reference-cython","title":"Storing unsafe C derivative of temporary Python reference Cython"},{"tags":["python","qt","pyqt","pyqt5","qtgui"],"owner":{"account_id":4314812,"reputation":101,"user_id":15199047,"user_type":"registered","profile_image":"https://www.gravatar.com/avatar/406f0fe5c0890071000b6545894dac99?s=256&d=identicon&r=PG&f=y&so-version=2","display_name":"Dream59","link":"https://stackoverflow.com/users/15199047/dream59"},"is_answered":true,"view_count":716,"accepted_answer_id":71640885,"answer_count":1,"score":1,"last_activity_date":1648421558,"creation_date":1648317171,"last_edit_date":1648420051,"question_id":71630498,"content_license":"CC BY-SA 4.0","link":"https://stackoverflow.com/questions/71630498/qt-custom-checkbox-help-about-paintevent","title":"Qt Custom CheckBox, help about PaintEvent"},{"tags":["python","pytorch","lstm"],"owner":{"account_id":14328085,"reputation":353,"user_id":10349608,"user_type":"registered","profile_image":"https://lh5.googleusercontent.com/-BpSQgnupq1Y/AAAAAAAAAAI/AAAAAAAAAAA/APUIFaNNNCuL158TSIAChcyL6ghi3L_9hg/mo/photo.jpg?sz=256","display_name":"Mingming Qiu","link":"https://stackoverflow.com/users/10349608/mingming-qiu"},"is_answered":false,"view_count":1336,"answer_count":2,"score":0,"last_activity_date":1648496843,"creation_date":1648317111,"last_edit_date":1648389650,"question_id":71630493,"content_license":"CC BY-SA 4.0","link":"https://stackoverflow.com/questions/71630493/multi-lstm-layers-and-multi-lstm-in-pytorch","title":"Multi lstm layers and multi lstm in pytorch"},{"tags":["javascript","dom"],"owner":{"account_id":23237038,"reputation":137,"user_id":17326926,"user_type":"registered","profile_image":"https://www.gravatar.com/avatar/8058d3636ace5c1bbe900693f44240ba?s=256&d=identicon&r=PG","display_name":"ND_Coder","link":"https://stackoverflow.com/users/17326926/nd-coder"},"is_answered":false,"view_count":50,"answer_count":0,"score":0,"last_activity_date":1648317101,"creation_date":1648317101,"question_id":71630491,"content_license":"CC BY-SA 4.0","link":"https://stackoverflow.com/questions/71630491/why-does-javascript-only-work-on-direct-page-load","title":"why does Javascript only work on direct page load"},{"tags":["sql-server","excel","datetime"],"owner":{"account_id":4856396,"reputation":365,"user_id":3917215,"user_type":"registered","accept_rate":50,"profile_image":"https://www.gravatar.com/avatar/0c7054863bd3f5f6af1b6b9b05eb36b4?s=256&d=identicon&r=PG&f=y&so-version=2","display_name":"Osceria","link":"https://stackoverflow.com/users/3917215/osceria"},"is_answered":true,"view_count":148,"answer_count":1,"score":-2,"last_activity_date":1648322166,"creation_date":1648317082,"last_edit_date":1648322053,"question_id":71630489,"content_license":"CC BY-SA 4.0","link":"https://stackoverflow.com/questions/71630489/convert-regional-string-to-datetimeoffset","title":"Convert regional string to datetimeoffset"},{"tags":["python","pandas"],"owner":{"account_id":20924412,"reputation":23,"user_id":15372199,"user_type":"registered","profile_image":"https://lh5.googleusercontent.com/-FpTiWj95DG4/AAAAAAAAAAI/AAAAAAAAAAA/AMZuuclzLku2Q4HjbXNVziVZCYJ-9o5ziA/s96-c/photo.jpg?sz=256","display_name":"bl wi","link":"https://stackoverflow.com/users/15372199/bl-wi"},"is_answered":true,"view_count":55,"accepted_answer_id":71630612,"answer_count":1,"score":1,"last_activity_date":1648323294,"creation_date":1648317081,"last_edit_date":1648323294,"question_id":71630488,"content_license":"CC BY-SA 4.0","link":"https://stackoverflow.com/questions/71630488/transpose-data-based-on-multiple-tables-with-the-help-of-pandas","title":"transpose data based on multiple tables with the help of pandas"},{"tags":["swiftui","apple-watch"],"owner":{"account_id":17565191,"reputation":13,"user_id":18590369,"user_type":"registered","profile_image":"https://lh3.googleusercontent.com/a-/AAuE7mCVNCZUrtpjKeEvM7VYf-KngaGo1I8Rd6qcKQX2BA=k-s256","display_name":"Taymur Khumush","link":"https://stackoverflow.com/users/18590369/taymur-khumush"},"is_answered":true,"view_count":269,"accepted_answer_id":71630684,"answer_count":1,"score":1,"last_activity_date":1648318715,"creation_date":1648317078,"question_id":71630486,"content_license":"CC BY-SA 4.0","link":"https://stackoverflow.com/questions/71630486/appstorage-is-not-updating-based-on-my-picker-selection-swiftui-watchapp","title":"@Appstorage is not updating based on my picker selection - SwiftUI - WatchApp"},{"tags":["python","oop"],"owner":{"account_id":23504565,"reputation":37,"user_id":17554033,"user_type":"registered","profile_image":"https://www.gravatar.com/avatar/9c42d1f12f1583e431c059de6e913a77?s=256&d=identicon&r=PG","display_name":"trgtulas","link":"https://stackoverflow.com/users/17554033/trgtulas"},"is_answered":true,"view_count":37,"answer_count":1,"score":-1,"last_activity_date":1648323603,"creation_date":1648317073,"last_edit_date":1648323603,"question_id":71630485,"content_license":"CC BY-SA 4.0","link":"https://stackoverflow.com/questions/71630485/need-an-oop-method-for-share-variable-between-function","title":"Need an OOP method for share variable between function?"},{"tags":["sql-server","alter"],"owner":{"account_id":24698574,"reputation":23,"user_id":18590179,"user_type":"registered","profile_image":"https://lh3.googleusercontent.com/a/AATXAJxvDjm5xr7_5JAT_mMAEWTJTR7nj8ktZ3IIycFQ=k-s256","display_name":"Beginner","link":"https://stackoverflow.com/users/18590179/beginner"},"is_answered":true,"view_count":359,"accepted_answer_id":71630566,"answer_count":1,"score":-1,"last_activity_date":1648317788,"creation_date":1648317061,"last_edit_date":1648317788,"question_id":71630482,"content_license":"CC BY-SA 4.0","link":"https://stackoverflow.com/questions/71630482/cannot-add-column-in-sql-server-incorrect-syntax-near-string","title":"Cannot add column in SQL Server ( Incorrect syntax near &#39;string&#39;.)"},{"tags":["python","python-3.x","timeit"],"owner":{"account_id":23270259,"reputation":37,"user_id":17355205,"user_type":"registered","profile_image":"https://www.gravatar.com/avatar/db9855ae549f94978b2394aee72eb596?s=256&d=identicon&r=PG","display_name":"csstudent3423","link":"https://stackoverflow.com/users/17355205/csstudent3423"},"is_answered":true,"view_count":106,"accepted_answer_id":71630937,"answer_count":1,"score":1,"last_activity_date":1648333818,"creation_date":1648317054,"last_edit_date":1648333818,"question_id":71630480,"content_license":"CC BY-SA 4.0","link":"https://stackoverflow.com/questions/71630480/using-timeit-to-time-algorithms-without-timing-already-sorted-or-setup","title":"Using timeit to time algorithms without timing already sorted or setup"},{"tags":["python","function","dictionary"],"owner":{"account_id":24698856,"reputation":5,"user_id":18590431,"user_type":"registered","profile_image":"https://www.gravatar.com/avatar/4256e858e357a80b18bc2aedbac3c552?s=256&d=identicon&r=PG","display_name":"gerard","link":"https://stackoverflow.com/users/18590431/gerard"},"is_answered":true,"view_count":81,"answer_count":1,"score":-1,"last_activity_date":1648406531,"creation_date":1648317043,"question_id":71630479,"content_license":"CC BY-SA 4.0","link":"https://stackoverflow.com/questions/71630479/create-a-function-dictionary","title":"Create a function dictionary"},{"tags":["python"],"owner":{"account_id":24698784,"reputation":1,"user_id":18590364,"user_type":"registered","profile_image":"https://lh3.googleusercontent.com/a/AATXAJz1brW3Cp6tkE3EV_2ZgFj_yKJbzNXIfE7U4hZJ=k-s256","display_name":"user18590364","link":"https://stackoverflow.com/users/18590364/user18590364"},"is_answered":false,"view_count":143,"answer_count":1,"score":-3,"last_activity_date":1648317955,"creation_date":1648317003,"last_edit_date":1648317129,"question_id":71630476,"content_license":"CC BY-SA 4.0","link":"https://stackoverflow.com/questions/71630476/need-help-to-print-only-access-token-in-python","title":"need help to print only access_token in python"},{"tags":["ruby-on-rails","turbo","hotwire"],"owner":{"account_id":2391577,"reputation":1294,"user_id":2091331,"user_type":"registered","accept_rate":68,"profile_image":"https://www.gravatar.com/avatar/9ff378547e4b88acd5cd7b4f9b15b956?s=256&d=identicon&r=PG","display_name":"Jbur43","link":"https://stackoverflow.com/users/2091331/jbur43"},"is_answered":true,"view_count":2670,"answer_count":1,"score":4,"last_activity_date":1649864795,"creation_date":1648316942,"last_edit_date":1648332072,"question_id":71630471,"content_license":"CC BY-SA 4.0","link":"https://stackoverflow.com/questions/71630471/turbo-frame-not-loading-html-when-using-src-attribute","title":"Turbo frame not loading html when using src attribute"},{"tags":["oracle","plsql"],"owner":{"account_id":975141,"reputation":2185,"user_id":2968729,"user_type":"registered","accept_rate":72,"profile_image":"https://i.stack.imgur.com/H2sbO.jpg?s=256&g=1","display_name":"anat0lius","link":"https://stackoverflow.com/users/2968729/anat0lius"},"is_answered":false,"view_count":136,"answer_count":0,"score":0,"last_activity_date":1648468213,"creation_date":1648316930,"last_edit_date":1648468213,"question_id":71630470,"content_license":"CC BY-SA 4.0","link":"https://stackoverflow.com/questions/71630470/performant-copy-of-data-over-a-dblink","title":"Performant copy of data over a dblink"},{"tags":["c#"],"owner":{"user_type":"does_not_exist","display_name":"user17217634"},"is_answered":true,"view_count":1244,"accepted_answer_id":71632515,"answer_count":3,"score":3,"last_activity_date":1648338703,"creation_date":1648316924,"last_edit_date":1648318129,"question_id":71630469,"content_license":"CC BY-SA 4.0","link":"https://stackoverflow.com/questions/71630469/creating-a-generic-factory-in-c-with-a-parameter","title":"Creating a generic factory in c# with a parameter"},{"tags":["python","numpy"],"owner":{"account_id":7517965,"reputation":271,"user_id":5710793,"user_type":"registered","accept_rate":0,"profile_image":"https://www.gravatar.com/avatar/181f22e0674927fe5854bdf56a76ce78?s=256&d=identicon&r=PG&f=y&so-version=2","display_name":"dimitris lepipas","link":"https://stackoverflow.com/users/5710793/dimitris-lepipas"},"is_answered":true,"view_count":228,"answer_count":2,"score":1,"last_activity_date":1648369731,"creation_date":1648316909,"last_edit_date":1648316999,"question_id":71630466,"content_license":"CC BY-SA 4.0","link":"https://stackoverflow.com/questions/71630466/use-numpy-bincount-with-weights-for-2d-array","title":"Use numpy bincount with weights for 2d array"},{"tags":["pandas","dataframe","lookup"],"owner":{"account_id":19194020,"reputation":1,"user_id":18590374,"user_type":"registered","profile_image":"https://www.gravatar.com/avatar/28f7287ad0875c990f1ad5aac93f89e9?s=256&d=identicon&r=PG&f=y&so-version=2","display_name":"shubh","link":"https://stackoverflow.com/users/18590374/shubh"},"is_answered":true,"view_count":1934,"answer_count":1,"score":0,"last_activity_date":1648445299,"creation_date":1648316907,"question_id":71630465,"content_license":"CC BY-SA 4.0","link":"https://stackoverflow.com/questions/71630465/lookup-values-from-one-dataframe-with-another-dataframe-and-then-creating-a-new","title":"Lookup values from one Dataframe with another dataframe and then creating a new column in df1 based on if the condition is met"},{"tags":["java","mysql","spring","spring-boot"],"owner":{"account_id":13542573,"reputation":50,"user_id":9769888,"user_type":"registered","profile_image":"https://lh3.googleusercontent.com/-XdUIqdMkCWA/AAAAAAAAAAI/AAAAAAAAAAA/4252rscbv5M/photo.jpg?sz=256","display_name":"notFound","link":"https://stackoverflow.com/users/9769888/notfound"},"is_answered":true,"view_count":26,"answer_count":1,"score":0,"last_activity_date":1648317127,"creation_date":1648316852,"question_id":71630462,"content_license":"CC BY-SA 4.0","link":"https://stackoverflow.com/questions/71630462/how-to-represent-one-to-one-mapped-class-as-columns-in-another-class","title":"How to represent one to one mapped class as columns in another class"},{"tags":["python","gpu","z3","numba","z3py"],"owner":{"account_id":20880475,"reputation":89,"user_id":15338338,"user_type":"registered","profile_image":"https://www.gravatar.com/avatar/42c625f3f5ae47f3522beae35bdbc746?s=256&d=identicon&r=PG&f=y&so-version=2","display_name":"Majid Feyzi","link":"https://stackoverflow.com/users/15338338/majid-feyzi"},"is_answered":true,"view_count":261,"accepted_answer_id":71630581,"answer_count":2,"score":-2,"last_activity_date":1648472761,"creation_date":1648316846,"last_edit_date":1648472761,"question_id":71630461,"content_license":"CC BY-SA 4.0","link":"https://stackoverflow.com/questions/71630461/how-to-use-numba-to-run-z3py-solver-on-gpu","title":"how to use Numba to run z3py solver on GPU"}],"has_more":true,"quota_max":300,"quota_remaining":132}