{"items":[{"tags":["python","pyqt","drag-and-drop","pyqt5","label"],"owner":{"account_id":19395034,"reputation":13,"user_id":14182914,"user_type":"registered","profile_image":"https://lh3.googleusercontent.com/a-/AOh14Gg_7_RwLpOJTOaNfYsjHrjFFBBhOF_1jvmZzYvX=k-s256","display_name":"Unstoppable","link":"https://stackoverflow.com/users/14182914/unstoppable"},"is_answered":true,"view_count":289,"accepted_answer_id":70934746,"answer_count":1,"score":0,"last_activity_date":1643679343,"creation_date":1643673587,"question_id":70934243,"content_license":"CC BY-SA 4.0","link":"https://stackoverflow.com/questions/70934243/updating-label-text-in-pyqt-after-drag-drop-event","title":"Updating label text in PyQT after drag &amp; drop event"},{"tags":["typescript","dom","typescript-generics"],"owner":{"account_id":19181585,"reputation":35,"user_id":14013150,"user_type":"registered","profile_image":"https://i.stack.imgur.com/vci7V.jpg?s=256&g=1","display_name":"princemuel","link":"https://stackoverflow.com/users/14013150/princemuel"},"is_answered":true,"view_count":260,"accepted_answer_id":70937333,"answer_count":2,"score":0,"last_activity_date":1644346881,"creation_date":1643673560,"last_edit_date":1644346881,"question_id":70934241,"content_license":"CC BY-SA 4.0","link":"https://stackoverflow.com/questions/70934241/how-can-i-create-a-reusable-get-element-function-using-typescript-generics","title":"How can I create a reusable get element function using typescript generics?"},{"tags":["javascript","jquery","function"],"owner":{"account_id":11348649,"reputation":739,"user_id":8543505,"user_type":"registered","accept_rate":57,"profile_image":"https://www.gravatar.com/avatar/03c66fdf6c6772f1cb6e765b892352fb?s=256&d=identicon&r=PG&f=y&so-version=2","display_name":"Appleoddity","link":"https://stackoverflow.com/users/8543505/appleoddity"},"is_answered":false,"view_count":94,"answer_count":1,"score":0,"last_activity_date":1643679112,"creation_date":1643673542,"last_edit_date":1643674361,"question_id":70934237,"content_license":"CC BY-SA 4.0","link":"https://stackoverflow.com/questions/70934237/how-to-use-a-jquery-selector-in-an-html-element-recaptcha","title":"How to use a jQuery selector in an HTML element (reCaptcha)?"},{"tags":["java","android","android-studio"],"owner":{"account_id":23258032,"reputation":9,"user_id":17344766,"user_type":"registered","profile_image":"https://www.gravatar.com/avatar/38fe360b6e1c504e80901a00d474c90e?s=256&d=identicon&r=PG","display_name":"RG S","link":"https://stackoverflow.com/users/17344766/rg-s"},"is_answered":false,"view_count":27,"answer_count":0,"score":0,"last_activity_date":1643673414,"creation_date":1643673414,"question_id":70934229,"content_license":"CC BY-SA 4.0","link":"https://stackoverflow.com/questions/70934229/if-statement-to-start-second-activity-causing-flashing-screen-bug","title":"If statement to start second activity causing flashing screen bug"},{"tags":["c#","arrays","getter","setter"],"owner":{"account_id":23267253,"reputation":35,"user_id":17352598,"user_type":"registered","profile_image":"https://lh3.googleusercontent.com/a-/AOh14GhRoTM50waMKa4asZSt96eEU7sHAUxyH_lUoFT6=k-s256","display_name":"Vinny","link":"https://stackoverflow.com/users/17352598/vinny"},"is_answered":true,"view_count":512,"accepted_answer_id":70934333,"answer_count":2,"score":0,"last_activity_date":1643680457,"creation_date":1643673412,"last_edit_date":1643680457,"question_id":70934228,"content_license":"CC BY-SA 4.0","link":"https://stackoverflow.com/questions/70934228/how-to-wrap-around-values-using-mod-when-using-get-set-for-array-values","title":"How to wrap around values (using `mod`) when using get/set for array values?"},{"tags":["asp.net-core","swagger","token"],"owner":{"account_id":24115817,"reputation":13,"user_id":18085723,"user_type":"registered","profile_image":"https://www.gravatar.com/avatar/17aa52ae14f5246ec1952092f64f5b69?s=256&d=identicon&r=PG","display_name":"Bihar","link":"https://stackoverflow.com/users/18085723/bihar"},"is_answered":true,"view_count":952,"accepted_answer_id":70936818,"answer_count":1,"score":1,"last_activity_date":1643700838,"creation_date":1643673407,"question_id":70934225,"content_license":"CC BY-SA 4.0","link":"https://stackoverflow.com/questions/70934225/how-to-use-swagger-to-set-the-global-jwt-in-asp-net-core","title":"How to use swagger to set the global JWT in asp.net core？"},{"tags":["laravel","recaptcha","laravel-livewire","alpine.js"],"owner":{"account_id":11981348,"reputation":21,"user_id":8767151,"user_type":"registered","profile_image":"https://graph.facebook.com/10214556405693261/picture?type=large","display_name":"Nathan Watts","link":"https://stackoverflow.com/users/8767151/nathan-watts"},"is_answered":false,"view_count":319,"answer_count":0,"score":2,"last_activity_date":1644521401,"creation_date":1643673373,"last_edit_date":1644521401,"question_id":70934222,"content_license":"CC BY-SA 4.0","link":"https://stackoverflow.com/questions/70934222/sharing-recaptcha-token-between-alpine-and-livewire","title":"Sharing reCaptcha token between alpine and livewire"},{"tags":["javascript","html","reactjs","video.js"],"owner":{"account_id":21962716,"reputation":576,"user_id":16240395,"user_type":"registered","profile_image":"https://lh3.googleusercontent.com/a/AATXAJyOkjoaBujifRYfvBPcymgNbnFdzVTv_3QAe-1k=k-s256","display_name":"Bunny","link":"https://stackoverflow.com/users/16240395/bunny"},"is_answered":false,"view_count":1178,"answer_count":1,"score":0,"last_activity_date":1643722842,"creation_date":1643673363,"question_id":70934220,"content_license":"CC BY-SA 4.0","link":"https://stackoverflow.com/questions/70934220/how-can-i-create-a-custom-button-that-attach-with-video-js-in-this-react-custom","title":"How can I create a custom button that attach with Video.JS in this React custom hook?"},{"tags":["java","mono","reactive-programming","spring-webflux","webflux"],"owner":{"account_id":1723702,"reputation":8298,"user_id":1578872,"user_type":"registered","accept_rate":69,"profile_image":"https://www.gravatar.com/avatar/80b9c8f75d350cccb189ca77db412590?s=256&d=identicon&r=PG","display_name":"user1578872","link":"https://stackoverflow.com/users/1578872/user1578872"},"is_answered":true,"view_count":830,"answer_count":1,"score":0,"last_activity_date":1643707288,"creation_date":1643673324,"last_edit_date":1643702746,"question_id":70934217,"content_license":"CC BY-SA 4.0","link":"https://stackoverflow.com/questions/70934217/spring-webflux-not-running-reactive-call","title":"Spring webflux not running reactive call"},{"tags":["python","python-3.x","caesar-cipher"],"owner":{"account_id":23984362,"reputation":3,"user_id":17971355,"user_type":"registered","profile_image":"https://lh3.googleusercontent.com/a-/AOh14GiWxrJGVx2rRpBh7GDghXxqcxv79OXAPO0mwojpjg=k-s256","display_name":"ImaginedTrain8","link":"https://stackoverflow.com/users/17971355/imaginedtrain8"},"is_answered":true,"view_count":252,"accepted_answer_id":70934291,"answer_count":1,"score":0,"last_activity_date":1643674152,"creation_date":1643673310,"question_id":70934216,"content_license":"CC BY-SA 4.0","link":"https://stackoverflow.com/questions/70934216/using-a-text-based-dictionary-to-brute-force-crack-caesar-ciphers","title":"Using a text based dictionary to brute force crack Caesar Ciphers"},{"tags":["sql"],"owner":{"account_id":24115704,"reputation":11,"user_id":18085626,"user_type":"registered","profile_image":"https://www.gravatar.com/avatar/43478a4d96d43479a079e87b281afd66?s=256&d=identicon&r=PG","display_name":"fabianemarinho","link":"https://stackoverflow.com/users/18085626/fabianemarinho"},"is_answered":true,"view_count":442,"answer_count":1,"score":1,"last_activity_date":1643691586,"creation_date":1643673288,"last_edit_date":1643691586,"question_id":70934215,"content_license":"CC BY-SA 4.0","link":"https://stackoverflow.com/questions/70934215/how-can-i-fix-this-error-there-is-no-unique-constraint-matching-given-keys-for","title":"How can I fix this error? there is no unique constraint matching given keys for referenced table &quot;products&quot;"},{"tags":["palantir-foundry","foundry-code-repositories"],"owner":{"account_id":17229609,"reputation":1517,"user_id":14945939,"user_type":"registered","profile_image":"https://i.stack.imgur.com/oAtMY.jpg?s=256&g=1","display_name":"vanhooser","link":"https://stackoverflow.com/users/14945939/vanhooser"},"is_answered":false,"view_count":144,"answer_count":1,"score":0,"last_activity_date":1643673194,"creation_date":1643673194,"question_id":70934205,"content_license":"CC BY-SA 4.0","link":"https://stackoverflow.com/questions/70934205/how-do-i-know-if-my-foundry-job-is-using-incremental-computation","title":"How do I know if my Foundry job is using incremental computation?"},{"tags":["python","django","sqlite"],"owner":{"account_id":18290280,"reputation":31,"user_id":15516121,"user_type":"registered","profile_image":"https://www.gravatar.com/avatar/d6ee323df16e8ea9c842c1fbff0e680a?s=256&d=identicon&r=PG&f=y&so-version=2","display_name":"NewCoder","link":"https://stackoverflow.com/users/15516121/newcoder"},"is_answered":true,"view_count":627,"accepted_answer_id":70934276,"answer_count":1,"score":1,"last_activity_date":1643675896,"creation_date":1643673191,"question_id":70934203,"content_license":"CC BY-SA 4.0","link":"https://stackoverflow.com/questions/70934203/no-such-column-student-student-course-id","title":"no such column: student_student.course_id"},{"tags":["delphi","networking","indy"],"owner":{"account_id":24115781,"reputation":1,"user_id":18085689,"user_type":"registered","profile_image":"https://lh3.googleusercontent.com/a/AATXAJyWoqFOztNUk6K_oCTgMPbNURZCgjww9LVxUQPK=k-s256","display_name":"Serdor","link":"https://stackoverflow.com/users/18085689/serdor"},"is_answered":false,"view_count":91,"answer_count":0,"score":0,"last_activity_date":1643678754,"creation_date":1643673184,"last_edit_date":1643678754,"question_id":70934202,"content_license":"CC BY-SA 4.0","link":"https://stackoverflow.com/questions/70934202/correct-way-to-check-if-my-tidudpserver-is-accessible-from-internet","title":"Correct way to check if my TIdUDPServer is accessible from Internet?"},{"tags":["java","arrays","for-loop"],"owner":{"account_id":15117209,"reputation":11,"user_id":10909137,"user_type":"registered","profile_image":"https://www.gravatar.com/avatar/bdf84f85b0872f29014243ebec999e66?s=256&d=identicon&r=PG&f=y&so-version=2","display_name":"Newbie","link":"https://stackoverflow.com/users/10909137/newbie"},"is_answered":true,"view_count":33,"accepted_answer_id":70934267,"answer_count":1,"score":0,"last_activity_date":1643673812,"creation_date":1643673180,"question_id":70934200,"content_license":"CC BY-SA 4.0","link":"https://stackoverflow.com/questions/70934200/how-to-add-comms-after-every-number-from-array-using-for-loop-in-java","title":"How to add comms after every number from array using for loop in Java"},{"tags":["python","tkinter","tkinter-canvas"],"owner":{"user_type":"does_not_exist","display_name":"user18085718"},"is_answered":true,"view_count":177,"accepted_answer_id":70934303,"answer_count":1,"score":0,"last_activity_date":1643675996,"creation_date":1643673173,"question_id":70934197,"content_license":"CC BY-SA 4.0","link":"https://stackoverflow.com/questions/70934197/getting-an-invalid-syntax-error-using-tkinter-in-python-idle-shell","title":"Getting an Invalid Syntax error using tkinter in python IDLE Shell"},{"tags":["python","json","django","heroku"],"owner":{"account_id":20681805,"reputation":219,"user_id":15185208,"user_type":"registered","profile_image":"https://lh3.googleusercontent.com/-ua9v5WOZxr0/AAAAAAAAAAI/AAAAAAAAAAA/AMZuuckF8GwRIrGTTvaOHDZ73J3EBfHvSQ/s96-c/photo.jpg?sz=256","display_name":"Ryan","link":"https://stackoverflow.com/users/15185208/ryan"},"is_answered":true,"view_count":343,"accepted_answer_id":70934405,"answer_count":1,"score":0,"last_activity_date":1643675300,"creation_date":1643673139,"question_id":70934195,"content_license":"CC BY-SA 4.0","link":"https://stackoverflow.com/questions/70934195/why-cant-django-find-secrets-json-file","title":"Why can&#39;t Django find secrets.json file?"},{"tags":["vb.net","datagridview"],"owner":{"account_id":1364396,"reputation":3126,"user_id":2475470,"user_type":"registered","accept_rate":40,"profile_image":"https://i.stack.imgur.com/1tcOU.png?s=256&g=1","display_name":"Vector","link":"https://stackoverflow.com/users/2475470/vector"},"is_answered":true,"view_count":82,"accepted_answer_id":70949120,"answer_count":1,"score":1,"last_activity_date":1643759937,"creation_date":1643673081,"last_edit_date":1643758222,"question_id":70934194,"content_license":"CC BY-SA 4.0","link":"https://stackoverflow.com/questions/70934194/datagridview-moves-rows-to-bottom-when-cell-is-updated-with-unbound-data","title":"DataGridView moves rows to bottom when cell is updated with Unbound data"},{"tags":["c++","compiler-errors","namespaces"],"owner":{"account_id":23792902,"reputation":1,"user_id":17804153,"user_type":"registered","profile_image":"https://lh3.googleusercontent.com/a-/AOh14GitsBlwhpLrWMSiNWnozmG5VecIBKW6rhycimQ=k-s256","display_name":"Luca Studwell","link":"https://stackoverflow.com/users/17804153/luca-studwell"},"is_answered":false,"view_count":151,"answer_count":0,"score":0,"last_activity_date":1643673524,"creation_date":1643673037,"last_edit_date":1643673524,"question_id":70934187,"content_license":"CC BY-SA 4.0","link":"https://stackoverflow.com/questions/70934187/x-is-not-a-class-or-namespace-name-when-trying-to-use-functions-between-namesp","title":"&quot;x is not a class or namespace name&quot; when trying to use functions between namespaces"},{"tags":["dll","localization","mfc"],"owner":{"account_id":1028609,"reputation":535,"user_id":1037360,"user_type":"registered","profile_image":"https://i.stack.imgur.com/YxXZC.jpg?s=256&g=1","display_name":"dog44wgm","link":"https://stackoverflow.com/users/1037360/dog44wgm"},"is_answered":true,"view_count":96,"accepted_answer_id":70945091,"answer_count":1,"score":2,"last_activity_date":1643737228,"creation_date":1643673023,"last_edit_date":1643698314,"question_id":70934186,"content_license":"CC BY-SA 4.0","link":"https://stackoverflow.com/questions/70934186/how-do-i-localize-cmfcwindowsmanagerdialog-in-portuguese","title":"How do I localize CMFCWindowsManagerDialog in Portuguese?"},{"tags":["c#"],"owner":{"account_id":14031568,"reputation":55,"user_id":10135313,"user_type":"registered","profile_image":"https://lh3.googleusercontent.com/-FJFbMyve-E4/AAAAAAAAAAI/AAAAAAAAHKc/toZfJBM_w98/photo.jpg?sz=256","display_name":"Samuel Dague","link":"https://stackoverflow.com/users/10135313/samuel-dague"},"is_answered":true,"view_count":376,"accepted_answer_id":70961111,"answer_count":1,"score":-1,"last_activity_date":1643827498,"creation_date":1643673003,"last_edit_date":1643675636,"question_id":70934185,"content_license":"CC BY-SA 4.0","link":"https://stackoverflow.com/questions/70934185/keep-special-characters-in-file-when-i-save-it","title":"Keep special characters in File When i save it"},{"tags":["mysql","sql","duplicates"],"owner":{"account_id":12463437,"reputation":1,"user_id":9074285,"user_type":"registered","profile_image":"https://www.gravatar.com/avatar/c58ab48079837de5088597c235d8a12f?s=256&d=identicon&r=PG&f=y&so-version=2","display_name":"dongalino","link":"https://stackoverflow.com/users/9074285/dongalino"},"is_answered":false,"view_count":169,"answer_count":2,"score":0,"last_activity_date":1644117578,"creation_date":1643672980,"last_edit_date":1643674945,"question_id":70934182,"content_license":"CC BY-SA 4.0","link":"https://stackoverflow.com/questions/70934182/looking-for-duplicate-values-within-multiple-columns-mysql","title":"looking for duplicate values within multiple columns mysql"},{"tags":["html","css","drop-down-menu","media-queries","css-transitions"],"owner":{"account_id":5130428,"reputation":1499,"user_id":4110826,"user_type":"registered","accept_rate":25,"profile_image":"https://www.gravatar.com/avatar/f5d63d22bee6d377238ef711652dce7a?s=256&d=identicon&r=PG&f=y&so-version=2","display_name":"Nick","link":"https://stackoverflow.com/users/4110826/nick"},"is_answered":true,"view_count":13,"accepted_answer_id":70934305,"answer_count":1,"score":0,"last_activity_date":1643674348,"creation_date":1643672972,"question_id":70934181,"content_license":"CC BY-SA 4.0","link":"https://stackoverflow.com/questions/70934181/my-vertical-menu-is-automatically-closed-when-i-pass-from-a-media-query-to-anoth","title":"My vertical menu is automatically closed when I pass from a media query to another. Instead I would don&#39;t show completely it"},{"tags":["reactjs","api","axios"],"owner":{"account_id":23409353,"reputation":15,"user_id":17471297,"user_type":"registered","profile_image":"https://www.gravatar.com/avatar/4b4e456d3d801eaf5c53e51633679102?s=256&d=identicon&r=PG","display_name":"ameyalambat128","link":"https://stackoverflow.com/users/17471297/ameyalambat128"},"is_answered":true,"view_count":6304,"accepted_answer_id":70934489,"answer_count":3,"score":1,"last_activity_date":1643684135,"creation_date":1643672927,"last_edit_date":1643673285,"question_id":70934178,"content_license":"CC BY-SA 4.0","link":"https://stackoverflow.com/questions/70934178/how-to-call-an-api-every-5-minutes-using-react","title":"How to call an API every 5 minutes using React?"},{"tags":["linux","bluetooth","dbus","bluez"],"owner":{"account_id":872297,"reputation":435,"user_id":922871,"user_type":"registered","accept_rate":36,"profile_image":"https://www.gravatar.com/avatar/23e63c8dee509dc1a324855ed0671352?s=256&d=identicon&r=PG","display_name":"user922871","link":"https://stackoverflow.com/users/922871/user922871"},"is_answered":false,"view_count":225,"answer_count":1,"score":3,"last_activity_date":1644179614,"creation_date":1643672882,"last_edit_date":1643725545,"question_id":70934170,"content_license":"CC BY-SA 4.0","link":"https://stackoverflow.com/questions/70934170/bluez-5-migration-discoverservices-does-not-exist","title":"Bluez 5 migration. DiscoverServices does not exist"},{"tags":["python","html","parsing","web-scraping","python-requests"],"owner":{"account_id":14406498,"reputation":3,"user_id":10758813,"user_type":"registered","profile_image":"https://www.gravatar.com/avatar/411139df39394cd81022f8625e0d1dce?s=256&d=identicon&r=PG&f=y&so-version=2","display_name":"XenoProxy","link":"https://stackoverflow.com/users/10758813/xenoproxy"},"is_answered":true,"view_count":775,"accepted_answer_id":70934300,"answer_count":1,"score":0,"last_activity_date":1643674269,"creation_date":1643672871,"question_id":70934169,"content_license":"CC BY-SA 4.0","link":"https://stackoverflow.com/questions/70934169/redirecting-to-the-request-rejected-page-instead-of-getting-requiring-site-htm","title":"Redirecting to the &quot;Request Rejected&quot; page instead of getting requiring site html"},{"tags":["python","selenium","selenium-chromedriver"],"owner":{"account_id":23669717,"reputation":35,"user_id":17696660,"user_type":"registered","profile_image":"https://i.stack.imgur.com/8YSc2.jpg?s=256&g=1","display_name":"Pratik Gokhale","link":"https://stackoverflow.com/users/17696660/pratik-gokhale"},"is_answered":false,"view_count":34,"answer_count":1,"score":0,"last_activity_date":1643692620,"creation_date":1643672854,"last_edit_date":1643675924,"question_id":70934167,"content_license":"CC BY-SA 4.0","link":"https://stackoverflow.com/questions/70934167/not-able-to-scrape-second-sound-file-from-website","title":"Not able to scrape second sound file from website"},{"tags":["lua","roblox"],"owner":{"account_id":24115786,"reputation":3,"user_id":18085693,"user_type":"registered","profile_image":"https://lh3.googleusercontent.com/a-/AOh14GhcH7wzjWpvjxDZLzQY3LlLcUj9Qyt9EFeNzH241g=k-s256","display_name":"Sebasti&#225;n Romero Tenorio","link":"https://stackoverflow.com/users/18085693/sebasti%c3%a1n-romero-tenorio"},"is_answered":true,"view_count":241,"accepted_answer_id":70937182,"answer_count":1,"score":-2,"last_activity_date":1643707275,"creation_date":1643672845,"question_id":70934165,"content_license":"CC BY-SA 4.0","link":"https://stackoverflow.com/questions/70934165/how-do-i-fix-attemp-to-index-nil-with-function-in-roblox","title":"How do i fix attemp to index nil with function in roblox?"},{"tags":["powershell","encryption","windows-10","registry","add-type"],"owner":{"account_id":151325,"reputation":1965,"user_id":365107,"user_type":"registered","accept_rate":41,"profile_image":"https://www.gravatar.com/avatar/0d7891acb29d9ae38e34edb324bb3514?s=256&d=identicon&r=PG","display_name":"Vicky Dev","link":"https://stackoverflow.com/users/365107/vicky-dev"},"is_answered":true,"view_count":1648,"accepted_answer_id":71012545,"answer_count":1,"score":0,"last_activity_date":1644196909,"creation_date":1643672819,"question_id":70934162,"content_license":"CC BY-SA 4.0","link":"https://stackoverflow.com/questions/70934162/not-getting-the-decrypted-openvpn-username-from-the-registry-the-same-way-that-w","title":"Not getting the decrypted OpenVPN Username from the Registry the same way that works for getting the decrypted Password"},{"tags":["elixir","phoenix-framework","custom-error-pages","plug"],"owner":{"account_id":17792421,"reputation":432,"user_id":12921091,"user_type":"registered","profile_image":"https://www.gravatar.com/avatar/29efa40a17f090b6818ae76c26079c6e?s=256&d=identicon&r=PG&f=y&so-version=2","display_name":"tblev","link":"https://stackoverflow.com/users/12921091/tblev"},"is_answered":false,"view_count":428,"answer_count":0,"score":2,"last_activity_date":1643779850,"creation_date":1643672802,"last_edit_date":1643779850,"question_id":70934160,"content_license":"CC BY-SA 4.0","link":"https://stackoverflow.com/questions/70934160/phoenix-custom-error-view-doesnt-send-in-assigns","title":"Phoenix custom error view doesn&#39;t send in assigns?"}],"has_more":true,"quota_max":300,"quota_remaining":176}