{"items":[{"tags":["python","string","performance","caching","data-structures"],"owner":{"account_id":10526569,"reputation":1677,"user_id":7757415,"user_type":"registered","profile_image":"https://i.stack.imgur.com/867oQ.jpg?s=256&g=1","display_name":"Ali Yılmaz","link":"https://stackoverflow.com/users/7757415/ali-y%c4%b1lmaz"},"is_answered":false,"view_count":53,"answer_count":0,"score":0,"last_activity_date":1642227365,"creation_date":1642226264,"last_edit_date":1642227365,"question_id":70719220,"content_license":"CC BY-SA 4.0","link":"https://stackoverflow.com/questions/70719220/python-is-it-more-efficient-to-convert-str-to-list-before-iteration","title":"Python: Is it more efficient to convert str to list before iteration?"},{"tags":["python","pandas","list","dataframe","drop-duplicates"],"owner":{"account_id":20361422,"reputation":561,"user_id":14935649,"user_type":"registered","profile_image":"https://i.stack.imgur.com/Kx1bQ.png?s=256&g=1","display_name":"Agnij","link":"https://stackoverflow.com/users/14935649/agnij"},"is_answered":true,"view_count":970,"accepted_answer_id":70719249,"answer_count":2,"score":1,"last_activity_date":1642227052,"creation_date":1642226200,"question_id":70719215,"content_license":"CC BY-SA 4.0","link":"https://stackoverflow.com/questions/70719215/python-pandas-drop-duplicates-function-unusual-behaviour","title":"Python Pandas : Drop Duplicates Function - Unusual Behaviour"},{"tags":["sharepoint","replace","sharepoint-online","root","swap"],"owner":{"account_id":23946187,"reputation":127,"user_id":17938497,"user_type":"registered","profile_image":"https://www.gravatar.com/avatar/4a0ba3ed5de50b6aeb94568f8d8917c1?s=256&d=identicon&r=PG","display_name":"thedeepponkiya","link":"https://stackoverflow.com/users/17938497/thedeepponkiya"},"is_answered":true,"view_count":3186,"accepted_answer_id":70752380,"answer_count":1,"score":0,"last_activity_date":1642494387,"creation_date":1642226182,"last_edit_date":1642227548,"question_id":70719214,"content_license":"CC BY-SA 4.0","link":"https://stackoverflow.com/questions/70719214/this-site-is-on-hold-when-attempting-to-replace-root-site","title":"&quot;This site is on hold&quot; when attempting to replace root site"},{"tags":["vb.net","datagridviewcolumn"],"owner":{"account_id":23747217,"reputation":9,"user_id":17764442,"user_type":"registered","profile_image":"https://graph.facebook.com/2407635609371498/picture?type=large","display_name":"Marco Paulo Sabangan","link":"https://stackoverflow.com/users/17764442/marco-paulo-sabangan"},"is_answered":false,"view_count":116,"answer_count":1,"score":0,"last_activity_date":1642427226,"creation_date":1642226181,"last_edit_date":1642427226,"question_id":70719213,"content_license":"CC BY-SA 4.0","link":"https://stackoverflow.com/questions/70719213/what-event-and-code-in-visual-basic-when-the-header-in-datagridview-is-clicked-t","title":"What event and code in visual basic when the header in datagridview is clicked then all cell in that column will highlighted?"},{"tags":["python","pandas","matplotlib"],"owner":{"account_id":20343708,"reputation":101,"user_id":14922249,"user_type":"registered","profile_image":"https://i.stack.imgur.com/cPI2K.png?s=256&g=1","display_name":"Henry Davis","link":"https://stackoverflow.com/users/14922249/henry-davis"},"is_answered":true,"view_count":713,"accepted_answer_id":70719287,"answer_count":2,"score":0,"last_activity_date":1642748290,"creation_date":1642226178,"last_edit_date":1642748290,"question_id":70719212,"content_license":"CC BY-SA 4.0","link":"https://stackoverflow.com/questions/70719212/barplot-of-two-columns-based-on-specific-condition","title":"Barplot of two columns based on specific condition"},{"tags":["php","html","fonts"],"owner":{"account_id":1730878,"reputation":621,"user_id":1584520,"user_type":"registered","accept_rate":33,"profile_image":"https://www.gravatar.com/avatar/97442cf5df0bc37be9b623f95ddc89e6?s=256&d=identicon&r=PG","display_name":"mark","link":"https://stackoverflow.com/users/1584520/mark"},"is_answered":false,"view_count":56,"answer_count":0,"score":0,"last_activity_date":1642269348,"creation_date":1642226168,"last_edit_date":1642269348,"question_id":70719209,"content_license":"CC BY-SA 4.0","link":"https://stackoverflow.com/questions/70719209/print-in-middle-of-page-with-font-auto-adjusted-to-max-in-html","title":"print in middle of page with font auto adjusted to max in html"},{"tags":["unicode","comments","newline","raku","rakudo"],"owner":{"account_id":14082289,"reputation":9380,"user_id":10173009,"user_type":"registered","profile_image":"https://i.stack.imgur.com/VGJ2F.png?s=256&g=1","display_name":"codesections","link":"https://stackoverflow.com/users/10173009/codesections"},"is_answered":true,"view_count":122,"accepted_answer_id":70722610,"answer_count":1,"score":6,"last_activity_date":1642259052,"creation_date":1642226116,"last_edit_date":1642242095,"question_id":70719204,"content_license":"CC BY-SA 4.0","link":"https://stackoverflow.com/questions/70719204/what-counts-as-a-newline-for-raku-source-files","title":"What counts as a newline for Raku *source* files?"},{"tags":["javascript","reactjs"],"owner":{"account_id":19160890,"reputation":119,"user_id":13996686,"user_type":"registered","profile_image":"https://lh3.googleusercontent.com/a-/AOh14GjhwYvh-a8uGc1C9xTqUWPIEElJIknKz3wjBBwG=k-s256","display_name":"Yan Skywalker","link":"https://stackoverflow.com/users/13996686/yan-skywalker"},"is_answered":false,"view_count":231,"answer_count":2,"score":0,"last_activity_date":1642230273,"creation_date":1642226052,"last_edit_date":1642227262,"question_id":70719200,"content_license":"CC BY-SA 4.0","link":"https://stackoverflow.com/questions/70719200/browserrouter-redirect","title":"Browserrouter redirect"},{"tags":["nestjs","typeorm"],"owner":{"account_id":3510611,"reputation":3027,"user_id":2935014,"user_type":"registered","accept_rate":50,"profile_image":"https://i.stack.imgur.com/z3Pta.png?s=256&g=1","display_name":"Brotzka","link":"https://stackoverflow.com/users/2935014/brotzka"},"is_answered":true,"view_count":1685,"accepted_answer_id":70719229,"answer_count":1,"score":0,"last_activity_date":1676641287,"creation_date":1642225918,"last_edit_date":1676641287,"question_id":70719192,"content_license":"CC BY-SA 4.0","link":"https://stackoverflow.com/questions/70719192/nestejs-with-typeorm-hooks-and-listeners-not-working","title":"NesteJS with TypeORM - hooks and listeners not working"},{"tags":["flutter","dart","spotify"],"owner":{"account_id":23014065,"reputation":11,"user_id":17136144,"user_type":"registered","profile_image":"https://www.gravatar.com/avatar/033a2fc540181ca1300a3c3ba04798d6?s=256&d=identicon&r=PG","display_name":"Ashik","link":"https://stackoverflow.com/users/17136144/ashik"},"is_answered":false,"view_count":502,"answer_count":3,"score":1,"last_activity_date":1644911062,"creation_date":1642225914,"question_id":70719191,"content_license":"CC BY-SA 4.0","link":"https://stackoverflow.com/questions/70719191/flutter-spotfy-sdk-authentication-issue-in-release-builds","title":"Flutter Spotfy sdk authentication issue in release builds"},{"tags":["c","linear-regression"],"owner":{"account_id":18767181,"reputation":41,"user_id":13684785,"user_type":"registered","profile_image":"https://lh3.googleusercontent.com/a-/AOh14GiVVpWjZRHfLpVX3MfPVdaHub0aCYRSN8l2totK=k-s256","display_name":"SAUMYA BHANDARY","link":"https://stackoverflow.com/users/13684785/saumya-bhandary"},"is_answered":true,"view_count":152,"accepted_answer_id":70719267,"answer_count":6,"score":0,"last_activity_date":1652249092,"creation_date":1642225880,"question_id":70719184,"content_license":"CC BY-SA 4.0","link":"https://stackoverflow.com/questions/70719184/two-different-answers-for-same-expression-in-c","title":"Two different answers for same expression in C"},{"tags":["flutter","dart","animation","appbar"],"owner":{"account_id":7051904,"reputation":423,"user_id":5400674,"user_type":"registered","profile_image":"https://lh4.googleusercontent.com/-tVOqGZbIEEY/AAAAAAAAAAI/AAAAAAAADXI/_bAJHNi5deM/photo.jpg?sz=256","display_name":"Pixxu Waku","link":"https://stackoverflow.com/users/5400674/pixxu-waku"},"is_answered":true,"view_count":2164,"accepted_answer_id":70722851,"answer_count":1,"score":0,"last_activity_date":1642261309,"creation_date":1642225875,"question_id":70719183,"content_license":"CC BY-SA 4.0","link":"https://stackoverflow.com/questions/70719183/animate-inside-a-custom-search-bar-in-flutter-appbar","title":"Animate inside a custom search bar in flutter AppBar"},{"tags":["python-3.x"],"owner":{"account_id":23946159,"reputation":1,"user_id":17938475,"user_type":"registered","profile_image":"https://lh3.googleusercontent.com/a/AATXAJxg0pYi6NqeP_XZ9S3OPEIZ5j3g98nOjnrwvbda=k-s256","display_name":"coding_start test","link":"https://stackoverflow.com/users/17938475/coding-start-test"},"is_answered":false,"view_count":29,"answer_count":2,"score":0,"last_activity_date":1642246524,"creation_date":1642225873,"question_id":70719182,"content_license":"CC BY-SA 4.0","link":"https://stackoverflow.com/questions/70719182/how-to-search-for-the-index-of-the-number-from-the-last-of-list-to-first","title":"How to search for the index of the number from the last of list to first?"},{"tags":["testing","methods","specifications"],"owner":{"account_id":10784970,"reputation":21,"user_id":7934267,"user_type":"registered","profile_image":"https://lh3.googleusercontent.com/-XdUIqdMkCWA/AAAAAAAAAAI/AAAAAAAAAAA/4252rscbv5M/photo.jpg?sz=256","display_name":"Matthew","link":"https://stackoverflow.com/users/7934267/matthew"},"is_answered":false,"view_count":76,"answer_count":0,"score":1,"last_activity_date":1642225872,"creation_date":1642225872,"question_id":70719181,"content_license":"CC BY-SA 4.0","link":"https://stackoverflow.com/questions/70719181/is-formal-methods-just-writing-the-same-code-twice","title":"Is formal methods just writing the same code twice?"},{"tags":["c++","tensorflow","keras","conv-neural-network"],"owner":{"account_id":21265528,"reputation":79,"user_id":15645807,"user_type":"registered","profile_image":"https://i.stack.imgur.com/S5eER.jpg?s=256&g=1","display_name":"Dylan","link":"https://stackoverflow.com/users/15645807/dylan"},"is_answered":false,"view_count":124,"answer_count":0,"score":0,"last_activity_date":1642225855,"creation_date":1642225855,"question_id":70719178,"content_license":"CC BY-SA 4.0","link":"https://stackoverflow.com/questions/70719178/how-to-load-kernels-weights-of-each-cnn-layer-trained-using-keras-into-vectors","title":"How to load kernels/weights of each CNN layer (trained using Keras) into vectors (C++)?"},{"tags":["html","css"],"owner":{"account_id":3986358,"reputation":700,"user_id":3286806,"user_type":"registered","accept_rate":50,"profile_image":"https://www.gravatar.com/avatar/2fc17028769f68a5ff8ddba4f9f323eb?s=256&d=identicon&r=PG&f=y&so-version=2","display_name":"Robbie","link":"https://stackoverflow.com/users/3286806/robbie"},"is_answered":false,"view_count":21,"closed_date":1642233239,"answer_count":1,"score":0,"last_activity_date":1642226216,"creation_date":1642225843,"question_id":70719177,"link":"https://stackoverflow.com/questions/70719177/how-to-use-flex-inside-fieldset-without-breaking-100-width","closed_reason":"Duplicate","title":"How to use flex inside fieldset without breaking 100% width"},{"tags":["react-native"],"owner":{"account_id":1482595,"reputation":806,"user_id":1391595,"user_type":"registered","accept_rate":11,"profile_image":"https://i.stack.imgur.com/peDdY.png?s=256&g=1","display_name":"Noble Polygon","link":"https://stackoverflow.com/users/1391595/noble-polygon"},"is_answered":true,"view_count":1711,"accepted_answer_id":70728429,"answer_count":1,"score":0,"last_activity_date":1642321479,"creation_date":1642225820,"question_id":70719175,"content_license":"CC BY-SA 4.0","link":"https://stackoverflow.com/questions/70719175/embed-a-time-picker-in-a-bottomsheet","title":"Embed a time picker in a bottomsheet"},{"tags":["python","python-3.x","pandas","dataframe"],"owner":{"account_id":5324244,"reputation":2989,"user_id":4246716,"user_type":"registered","accept_rate":74,"profile_image":"https://www.gravatar.com/avatar/0053041b8f4386f84590f6b72d8af431?s=256&d=identicon&r=PG&f=y&so-version=2","display_name":"Apricot","link":"https://stackoverflow.com/users/4246716/apricot"},"is_answered":true,"view_count":66,"accepted_answer_id":70719515,"answer_count":2,"score":1,"last_activity_date":1642234036,"creation_date":1642225816,"last_edit_date":1642234036,"question_id":70719174,"content_license":"CC BY-SA 4.0","link":"https://stackoverflow.com/questions/70719174/how-to-get-last-value-of-column-from-a-data-frame","title":"How to get last value of column from a data frame"},{"tags":["c++","singleton"],"owner":{"account_id":4885942,"reputation":2269,"user_id":3938402,"user_type":"registered","accept_rate":62,"profile_image":"https://www.gravatar.com/avatar/bff934581b2d68b586a4798031fcdaad?s=256&d=identicon&r=PG&f=y&so-version=2","display_name":"Harry","link":"https://stackoverflow.com/users/3938402/harry"},"is_answered":false,"view_count":28,"closed_date":1642228906,"answer_count":0,"score":1,"last_activity_date":1642229122,"creation_date":1642225757,"last_edit_date":1642229122,"question_id":70719170,"link":"https://stackoverflow.com/questions/70719170/how-to-create-a-singleton-object-using-stdunique-ptr-of-a-class-with-private-d","closed_reason":"Duplicate","title":"How to create a singleton object using std::unique_ptr of a class with private destructor?"},{"tags":["php","laravel","phpunit"],"owner":{"account_id":22243081,"reputation":13,"user_id":16477210,"user_type":"registered","profile_image":"https://i.stack.imgur.com/uQnac.jpg?s=256&g=1","display_name":"Vid Luther","link":"https://stackoverflow.com/users/16477210/vid-luther"},"is_answered":true,"view_count":80,"answer_count":1,"score":1,"last_activity_date":1642238363,"creation_date":1642225745,"question_id":70719169,"content_license":"CC BY-SA 4.0","link":"https://stackoverflow.com/questions/70719169/should-something-this-be-a-unit-test-or-something-else-using-laravel-8","title":"Should something this be a unit test or something else? Using Laravel 8"},{"tags":["c++","overload-resolution"],"owner":{"account_id":7247838,"reputation":8934,"user_id":5529197,"user_type":"registered","accept_rate":80,"profile_image":"https://www.gravatar.com/avatar/40e52526aea6a11c9b399b1ddc327ace?s=256&d=identicon&r=PG&f=y&so-version=2","display_name":"Afshin","link":"https://stackoverflow.com/users/5529197/afshin"},"is_answered":true,"view_count":69,"accepted_answer_id":70719201,"answer_count":2,"score":2,"last_activity_date":1642256936,"creation_date":1642225740,"last_edit_date":1642256936,"question_id":70719167,"content_license":"CC BY-SA 4.0","link":"https://stackoverflow.com/questions/70719167/selecting-ambiguous-constructor-manually","title":"Selecting ambiguous constructor manually"},{"tags":["ruby","oop"],"owner":{"account_id":6064119,"reputation":1819,"user_id":4735043,"user_type":"registered","profile_image":"https://graph.facebook.com/10202662208396810/picture?type=large","display_name":"Jin Lim","link":"https://stackoverflow.com/users/4735043/jin-lim"},"is_answered":true,"view_count":68,"closed_date":1642231438,"answer_count":1,"score":-1,"last_activity_date":1642476437,"creation_date":1642225634,"last_edit_date":1642476437,"question_id":70719159,"link":"https://stackoverflow.com/questions/70719159/why-ruby-attr-accessor-doesnt-work-in-this-case","closed_reason":"Duplicate","title":"Why ruby attr_accessor doesn&#39;t work in this case?"},{"tags":["python","pandas","dataframe","csv"],"owner":{"account_id":17891173,"reputation":27,"user_id":12997595,"user_type":"registered","profile_image":"https://lh3.googleusercontent.com/a-/AOh14Gi8K61lIRLzkjNonH476AjpUZvaQzh6eCqfBoW4mg=k-s256","display_name":"Phani Kumar","link":"https://stackoverflow.com/users/12997595/phani-kumar"},"is_answered":true,"view_count":3841,"accepted_answer_id":70719352,"answer_count":2,"score":2,"last_activity_date":1662018854,"creation_date":1642225413,"last_edit_date":1660042692,"question_id":70719146,"content_license":"CC BY-SA 4.0","link":"https://stackoverflow.com/questions/70719146/how-to-process-a-dataframe-with-millions-of-records-using-python-pandas","title":"How to process a DataFrame with millions of records using Python Pandas?"},{"tags":["excel","vba","autofilter"],"owner":{"account_id":10360179,"reputation":173,"user_id":7640923,"user_type":"registered","profile_image":"https://www.gravatar.com/avatar/696d04e9ebd55f19640c181d1c71ee21?s=256&d=identicon&r=PG&f=y&so-version=2","display_name":"rohi","link":"https://stackoverflow.com/users/7640923/rohi"},"is_answered":true,"view_count":1226,"accepted_answer_id":70720365,"answer_count":1,"score":0,"last_activity_date":1642240158,"creation_date":1642225383,"last_edit_date":1642225412,"question_id":70719142,"content_license":"CC BY-SA 4.0","link":"https://stackoverflow.com/questions/70719142/autofilter-to-include-headers","title":"Autofilter to include Headers"},{"tags":["node.js","slack-api"],"owner":{"account_id":11423239,"reputation":301,"user_id":11459672,"user_type":"registered","profile_image":"https://www.gravatar.com/avatar/e5ef037b4f2421ee53e434682550900c?s=256&d=identicon&r=PG&f=y&so-version=2","display_name":"Sunny G","link":"https://stackoverflow.com/users/11459672/sunny-g"},"is_answered":true,"view_count":470,"accepted_answer_id":70748114,"answer_count":2,"score":4,"last_activity_date":1642457528,"creation_date":1642225351,"question_id":70719141,"content_license":"CC BY-SA 4.0","link":"https://stackoverflow.com/questions/70719141/slack-get-message-sender-name-for-messages-return-from-conversation-history-api","title":"slack get message sender name for messages return from conversation.history api"},{"tags":["react-native","hook"],"owner":{"account_id":18048264,"reputation":174,"user_id":13118639,"user_type":"registered","profile_image":"https://graph.facebook.com/2875940575973243/picture?type=large","display_name":"Michel Gisena&#235;l","link":"https://stackoverflow.com/users/13118639/michel-gisena%c3%abl"},"is_answered":false,"view_count":33,"answer_count":2,"score":0,"last_activity_date":1642226377,"creation_date":1642225345,"question_id":70719139,"content_license":"CC BY-SA 4.0","link":"https://stackoverflow.com/questions/70719139/invalide-hook-call-hooks-can-only-be-calle-inside-of-the-body-of-a-function-com","title":"Invalide hook call, Hooks can only be calle inside of the body of a function component"},{"tags":["java","queue","java.util.concurrent","blockingqueue"],"owner":{"account_id":269513,"reputation":14298,"user_id":558892,"user_type":"registered","accept_rate":79,"profile_image":"https://www.gravatar.com/avatar/7889628f70248130adcbf4802e00c8d8?s=256&d=identicon&r=PG","display_name":"Deqing","link":"https://stackoverflow.com/users/558892/deqing"},"is_answered":false,"view_count":133,"answer_count":1,"score":-1,"last_activity_date":1642245985,"creation_date":1642225297,"question_id":70719134,"content_license":"CC BY-SA 4.0","link":"https://stackoverflow.com/questions/70719134/when-to-use-blockingqueue-over-transferqueue","title":"When to use BlockingQueue over TransferQueue?"},{"tags":["android","flutter"],"owner":{"account_id":9047907,"reputation":3,"user_id":6739354,"user_type":"registered","profile_image":"https://www.gravatar.com/avatar/f2498f4277049d2827126915ee6589ea?s=256&d=identicon&r=PG&f=y&so-version=2","display_name":"CarlHaberfeld","link":"https://stackoverflow.com/users/6739354/carlhaberfeld"},"is_answered":true,"view_count":612,"accepted_answer_id":70773962,"answer_count":1,"score":0,"last_activity_date":1642608521,"creation_date":1642225295,"question_id":70719133,"content_license":"CC BY-SA 4.0","link":"https://stackoverflow.com/questions/70719133/flutter-image-picker-method-for-camera-works-ok-in-debug-version-of-app-on-dev","title":"Flutter: Image Picker method for camera works ok in debug version of app (on device), but then crashes when release version run (from Google Play)"},{"tags":["3d","rotation","trigonometry","basic"],"owner":{"account_id":23923167,"reputation":11,"user_id":17918664,"user_type":"registered","profile_image":"https://lh3.googleusercontent.com/a-/AOh14GiDkr4G2Y_gI3VG_eheYuRp19DU1HNHDv5f2CC5=k-s256","display_name":"Mlvluu","link":"https://stackoverflow.com/users/17918664/mlvluu"},"is_answered":false,"view_count":42,"answer_count":1,"score":1,"last_activity_date":1642972861,"creation_date":1642225055,"question_id":70719118,"content_license":"CC BY-SA 4.0","link":"https://stackoverflow.com/questions/70719118/why-does-my-basic-rotation-function-not-work","title":"Why does my BASIC rotation function not work?"},{"tags":["postgresql","spring-data-jpa","spring-batch","locked","pessimistic-locking"],"owner":{"account_id":9867873,"reputation":161,"user_id":7308687,"user_type":"registered","profile_image":"https://lh4.googleusercontent.com/-MlyFfm5yW7U/AAAAAAAAAAI/AAAAAAAADIk/FPp3WikkHGU/photo.jpg?sz=256","display_name":"patrick BAK","link":"https://stackoverflow.com/users/7308687/patrick-bak"},"is_answered":false,"view_count":337,"answer_count":1,"score":0,"last_activity_date":1642507309,"creation_date":1642225044,"question_id":70719117,"content_license":"CC BY-SA 4.0","link":"https://stackoverflow.com/questions/70719117/jdbcpagingitemreader-with-select-for-udate-and-skip-locked","title":"JdbcPagingItemReader with SELECT FOR UDATE and SKIP LOCKED"}],"has_more":true,"quota_max":300,"quota_remaining":242}