{"items":[{"tags":["java","lombok","jdbi"],"owner":{"account_id":7033534,"reputation":587,"user_id":5388450,"user_type":"registered","accept_rate":100,"profile_image":"https://lh5.googleusercontent.com/-qLG4_TrbSJg/AAAAAAAAAAI/AAAAAAAAAj4/SKl5L6G8Z38/photo.jpg?sz=256","display_name":"Александр Меньшиков","link":"https://stackoverflow.com/users/5388450/%d0%90%d0%bb%d0%b5%d0%ba%d1%81%d0%b0%d0%bd%d0%b4%d1%80-%d0%9c%d0%b5%d0%bd%d1%8c%d1%88%d0%b8%d0%ba%d0%be%d0%b2"},"is_answered":true,"view_count":636,"accepted_answer_id":70652315,"answer_count":1,"score":1,"last_activity_date":1641817272,"creation_date":1641815952,"last_edit_date":1641816914,"question_id":70652049,"content_license":"CC BY-SA 4.0","link":"https://stackoverflow.com/questions/70652049/nosuchmethodexception-in-jdbi-while-using-it-with-lombok","title":"NoSuchMethodException in JDBI while using it with Lombok"},{"tags":["python","graph","nodes","networkx","directed-acyclic-graphs"],"owner":{"account_id":21440087,"reputation":37,"user_id":15794833,"user_type":"registered","profile_image":"https://www.gravatar.com/avatar/92e753e000aa85821ee4967ea3052713?s=256&d=identicon&r=PG&f=y&so-version=2","display_name":"aitor","link":"https://stackoverflow.com/users/15794833/aitor"},"is_answered":true,"view_count":309,"accepted_answer_id":70655192,"answer_count":1,"score":0,"last_activity_date":1641889856,"creation_date":1641815947,"last_edit_date":1641889856,"question_id":70652048,"content_license":"CC BY-SA 4.0","link":"https://stackoverflow.com/questions/70652048/how-can-i-limit-the-number-of-nodes-when-calculating-node-longest-path","title":"How can I limit the number of nodes when calculating node longest path?"},{"tags":["github"],"owner":{"account_id":15067709,"reputation":1849,"user_id":11094437,"user_type":"registered","profile_image":"https://www.gravatar.com/avatar/b80c5b51069a9d98fdfc8bcd8564d21c?s=256&d=identicon&r=PG&f=y&so-version=2","display_name":"Petro Gromovo","link":"https://stackoverflow.com/users/11094437/petro-gromovo"},"is_answered":false,"view_count":126,"answer_count":0,"score":0,"last_activity_date":1641872971,"creation_date":1641815945,"last_edit_date":1641872971,"question_id":70652047,"content_license":"CC BY-SA 4.0","link":"https://stackoverflow.com/questions/70652047/why-i-got-error-403-pushing-on-github-and-how-to-fix-it","title":"Why I got error 403 pushing on github and how to fix it?"},{"tags":["angular","typescript","date"],"owner":{"account_id":16328475,"reputation":67,"user_id":11792478,"user_type":"registered","profile_image":"https://www.gravatar.com/avatar/25d81c0bfeb5f1aeb49ff47365940fb6?s=256&d=identicon&r=PG&f=y&so-version=2","display_name":"NobiliChili","link":"https://stackoverflow.com/users/11792478/nobilichili"},"is_answered":true,"view_count":1974,"answer_count":1,"score":0,"last_activity_date":1641817832,"creation_date":1641815938,"question_id":70652045,"content_license":"CC BY-SA 4.0","link":"https://stackoverflow.com/questions/70652045/change-dateformat-for-an-entire-angular-project","title":"Change DateFormat for an entire Angular Project"},{"tags":["mysql","sql"],"owner":{"account_id":20919166,"reputation":57,"user_id":15368200,"user_type":"registered","profile_image":"https://www.gravatar.com/avatar/459df43f5e250634ba07db0551b21b78?s=256&d=identicon&r=PG&f=y&so-version=2","display_name":"user15368200","link":"https://stackoverflow.com/users/15368200/user15368200"},"is_answered":true,"view_count":64,"accepted_answer_id":70652198,"answer_count":1,"score":0,"last_activity_date":1641816746,"creation_date":1641815935,"question_id":70652043,"content_license":"CC BY-SA 4.0","link":"https://stackoverflow.com/questions/70652043/using-lag-when-a-partition-is-missing","title":"Using Lag() when a partition is missing"},{"tags":["c++","linux","windows","visual-studio","cross-compiling"],"owner":{"account_id":22701566,"reputation":1,"user_id":16869401,"user_type":"registered","profile_image":"https://lh3.googleusercontent.com/a/AATXAJz6KorY_W-So51R6FGG7GcgKY0YP8S7nvKhOuUS=k-s256","display_name":"dfaa241b 1b18","link":"https://stackoverflow.com/users/16869401/dfaa241b-1b18"},"is_answered":false,"view_count":126,"answer_count":0,"score":0,"last_activity_date":1641815922,"creation_date":1641815922,"question_id":70652041,"content_license":"CC BY-SA 4.0","link":"https://stackoverflow.com/questions/70652041/unite-linux-project-and-windows-project-features-all-in-one","title":"Unite Linux-project and Windows-project features all-in-one"},{"tags":["javascript","reactjs"],"owner":{"account_id":23120518,"reputation":576,"user_id":17227120,"user_type":"registered","profile_image":"https://lh3.googleusercontent.com/a/AATXAJzQm9UWFnrVFskiMn588a9-06Xa9gaPD1kQVHk1=k-s256","display_name":"Sougata Mukherjee","link":"https://stackoverflow.com/users/17227120/sougata-mukherjee"},"is_answered":true,"view_count":754,"accepted_answer_id":70652654,"answer_count":1,"score":0,"last_activity_date":1641818755,"creation_date":1641815906,"last_edit_date":1641818557,"question_id":70652040,"content_license":"CC BY-SA 4.0","link":"https://stackoverflow.com/questions/70652040/string-containing-white-space-or-not-in-react","title":"string containing white space or not in react"},{"tags":["python","arrays","numpy"],"owner":{"account_id":23892069,"reputation":11,"user_id":17891579,"user_type":"registered","profile_image":"https://lh3.googleusercontent.com/a/AATXAJzTHFwgvahzEtrk_kjpbIj1GeWsQsRPYpUDitPX=k-s256","display_name":"Igor Dudko","link":"https://stackoverflow.com/users/17891579/igor-dudko"},"is_answered":false,"view_count":223,"answer_count":0,"score":0,"last_activity_date":1641815899,"creation_date":1641815899,"question_id":70652038,"content_license":"CC BY-SA 4.0","link":"https://stackoverflow.com/questions/70652038/the-float-value-becomes-integer-after-assignment-into-np-array-which-is-copy-dee","title":"The float value becomes integer after assignment into np.array which is copy.deepcopy of another one in Pyhton"},{"tags":["flutter","dart","e-commerce"],"owner":{"account_id":23892633,"reputation":11,"user_id":17892068,"user_type":"registered","profile_image":"https://lh3.googleusercontent.com/a-/AOh14GgT7nuyvUSiPyIURbrobFJKQZ9tN-w68-lHowtrOw=k-s256","display_name":"John Benedict Sabando","link":"https://stackoverflow.com/users/17892068/john-benedict-sabando"},"is_answered":true,"view_count":818,"answer_count":1,"score":1,"last_activity_date":1641819609,"creation_date":1641815890,"last_edit_date":1641819002,"question_id":70652036,"content_license":"CC BY-SA 4.0","link":"https://stackoverflow.com/questions/70652036/textselectioncolor-is-deprecated-and-shouldnt-be-used","title":"&#39;textSelectionColor&#39; is deprecated and shouldn&#39;t be used"},{"tags":["excel","vba","event-handling","worksheet-function"],"owner":{"account_id":16307506,"reputation":145,"user_id":11777096,"user_type":"registered","profile_image":"https://lh4.googleusercontent.com/-34smpagv63c/AAAAAAAAAAI/AAAAAAAAAAA/ACHi3re_BTh2uV8oUPCS1qZsDqCQWI_6pg/photo.jpg?sz=256","display_name":"NASSIM ADRAO","link":"https://stackoverflow.com/users/11777096/nassim-adrao"},"is_answered":true,"view_count":333,"accepted_answer_id":70652205,"answer_count":1,"score":1,"last_activity_date":1641816784,"creation_date":1641815836,"question_id":70652028,"content_license":"CC BY-SA 4.0","link":"https://stackoverflow.com/questions/70652028/how-to-distinguish-between-manual-cell-change-and-automatic-cell-change-on-excel","title":"how to distinguish between manual cell change and automatic cell change on excel vba"},{"tags":["swift","combine"],"owner":{"account_id":329465,"reputation":1742,"user_id":653003,"user_type":"registered","accept_rate":83,"profile_image":"https://www.gravatar.com/avatar/5042c078744189995837a1edaa0710db?s=256&d=identicon&r=PG","display_name":"JRV","link":"https://stackoverflow.com/users/653003/jrv"},"is_answered":true,"view_count":1919,"accepted_answer_id":70652184,"answer_count":1,"score":1,"last_activity_date":1641816660,"creation_date":1641815833,"question_id":70652026,"content_license":"CC BY-SA 4.0","link":"https://stackoverflow.com/questions/70652026/sending-published-variable-as-both-value-and-publisher","title":"Sending @Published variable as both value and Publisher"},{"tags":["node.js","selenium","webdriver-io"],"owner":{"account_id":22444532,"reputation":11,"user_id":16648618,"user_type":"registered","profile_image":"https://lh3.googleusercontent.com/a/AATXAJzh5mpf7WQdv-UfNIaJv4C5FXHyQciownvg7VOm=k-s256","display_name":"Muhammad Waleed","link":"https://stackoverflow.com/users/16648618/muhammad-waleed"},"is_answered":false,"view_count":951,"closed_date":1648635842,"answer_count":1,"score":1,"last_activity_date":1648618037,"creation_date":1641815801,"last_edit_date":1641816013,"question_id":70652020,"link":"https://stackoverflow.com/questions/70652020/why-selenium-standalone-service-takes-a-lot-more-time-to-launch-browser-than-chr","closed_reason":"Needs more focus","title":"Why Selenium-Standalone service takes a lot more time to launch browser than chrromedriver with webdriverIO"},{"tags":["python","pandas"],"owner":{"account_id":18959351,"reputation":49,"user_id":13835248,"user_type":"registered","profile_image":"https://i.stack.imgur.com/79YBt.jpg?s=256&g=1","display_name":"fudgey","link":"https://stackoverflow.com/users/13835248/fudgey"},"is_answered":false,"view_count":301,"answer_count":2,"score":0,"last_activity_date":1641898628,"creation_date":1641815769,"last_edit_date":1641897842,"question_id":70652018,"content_license":"CC BY-SA 4.0","link":"https://stackoverflow.com/questions/70652018/how-to-get-average-of-a-column-per-block-of-data-in-python","title":"How to get average of a column per block of data in python"},{"tags":["laravel"],"owner":{"account_id":11442181,"reputation":57,"user_id":8387376,"user_type":"registered","profile_image":"https://www.gravatar.com/avatar/9cf8c1466701f087fe4f389c79e077e9?s=256&d=identicon&r=PG&f=y&so-version=2","display_name":"youss","link":"https://stackoverflow.com/users/8387376/youss"},"is_answered":false,"view_count":40,"answer_count":1,"score":0,"last_activity_date":1641837356,"creation_date":1641815769,"last_edit_date":1641837356,"question_id":70652017,"content_license":"CC BY-SA 4.0","link":"https://stackoverflow.com/questions/70652017/is-there-a-method-to-distribute-new-registered-customers-to-existing-employees-i","title":"Is there a method to distribute new registered customers to existing employees in the database by order in Laravel?"},{"tags":["python","list","min"],"owner":{"account_id":23868793,"reputation":15,"user_id":17870783,"user_type":"registered","profile_image":"https://www.gravatar.com/avatar/eb12e5fb453b1e93ad02a59506d2d8a4?s=256&d=identicon&r=PG","display_name":"Ceedee Lamb","link":"https://stackoverflow.com/users/17870783/ceedee-lamb"},"is_answered":true,"view_count":665,"accepted_answer_id":70652259,"answer_count":3,"score":-1,"last_activity_date":1641861076,"creation_date":1641815745,"last_edit_date":1641861076,"question_id":70652012,"content_license":"CC BY-SA 4.0","link":"https://stackoverflow.com/questions/70652012/finding-the-minimum-of-a-nested-list-that-has-a-constant-in-element1","title":"Finding the minimum of a nested list that has a constant in element[1]"},{"tags":["haskell","set"],"owner":{"user_type":"does_not_exist","display_name":"user17771528"},"is_answered":true,"view_count":366,"accepted_answer_id":70652703,"answer_count":1,"score":1,"last_activity_date":1641818974,"creation_date":1641815745,"last_edit_date":1641817681,"question_id":70652011,"content_license":"CC BY-SA 4.0","link":"https://stackoverflow.com/questions/70652011/intersection-and-difference-function-on-sets-using-bst-in-haskell","title":"Intersection and difference function on sets using BST in haskell"},{"tags":["python","elasticsearch","boto3"],"owner":{"account_id":5985280,"reputation":11,"user_id":4703025,"user_type":"registered","profile_image":"https://www.gravatar.com/avatar/5585a6b2f6e88bfb75d84d9044cb7e12?s=256&d=identicon&r=PG&f=y&so-version=2","display_name":"GazzaB","link":"https://stackoverflow.com/users/4703025/gazzab"},"is_answered":false,"view_count":165,"answer_count":0,"score":1,"last_activity_date":1641864269,"creation_date":1641815733,"last_edit_date":1641864269,"question_id":70652009,"content_license":"CC BY-SA 4.0","link":"https://stackoverflow.com/questions/70652009/boto3-using-list-tags-for-an-elasticsearch-resource-with-a-valid-arn-causes-va","title":"boto3 - using list_tags for an ElasticSearch resource with a valid arn causes ValidationException to be raised"},{"tags":["batch-file","github-actions"],"owner":{"account_id":4915646,"reputation":168,"user_id":6494876,"user_type":"registered","profile_image":"https://lh6.googleusercontent.com/-GeuU7zYPb2E/AAAAAAAAAAI/AAAAAAAAACY/Llkxjpg3bck/photo.jpg?sz=256","display_name":"Sai krishna","link":"https://stackoverflow.com/users/6494876/sai-krishna"},"is_answered":false,"view_count":1586,"answer_count":2,"score":2,"last_activity_date":1669331365,"creation_date":1641815718,"last_edit_date":1641901005,"question_id":70652006,"content_license":"CC BY-SA 4.0","link":"https://stackoverflow.com/questions/70652006/how-to-capture-the-batch-script-error-during-a-run-in-github-actions-workflow","title":"How to capture the Batch script error during a run in Github Actions workflow"},{"tags":["php","json","api","request"],"owner":{"account_id":23892519,"reputation":1,"user_id":17891975,"user_type":"registered","profile_image":"https://lh3.googleusercontent.com/a-/AOh14GhQpK-8bX4nDJPy3d3vc1tw4mQSQtd9WJzklllnPA=k-s256","display_name":"Antonis","link":"https://stackoverflow.com/users/17891975/antonis"},"is_answered":false,"view_count":317,"closed_date":1643588488,"answer_count":1,"score":-2,"last_activity_date":1641816329,"creation_date":1641815711,"question_id":70652004,"link":"https://stackoverflow.com/questions/70652004/php-api-request-and-accessing-json-data","closed_reason":"Duplicate","title":"PHP API request and accessing JSON data"},{"tags":["pandas","numpy","csv"],"owner":{"account_id":3012854,"reputation":131,"user_id":2555874,"user_type":"registered","profile_image":"https://www.gravatar.com/avatar/476793bb17f487cfdcd183f3e0901779?s=256&d=identicon&r=PG","display_name":"Gomathi","link":"https://stackoverflow.com/users/2555874/gomathi"},"is_answered":true,"view_count":439,"answer_count":1,"score":0,"last_activity_date":1641820667,"creation_date":1641815703,"last_edit_date":1641820667,"question_id":70652001,"content_license":"CC BY-SA 4.0","link":"https://stackoverflow.com/questions/70652001/compare-two-files-and-find-the-difference","title":"Compare two files and find the difference"},{"tags":["python","pyqt5"],"owner":{"account_id":22826430,"reputation":83,"user_id":16975632,"user_type":"registered","profile_image":"https://lh3.googleusercontent.com/a/AATXAJxyF79j7hGGfqCelhmY1QfC5gF4DmzfBbFZWcsm=k-s256","display_name":"daniel ajj","link":"https://stackoverflow.com/users/16975632/daniel-ajj"},"is_answered":true,"view_count":121,"accepted_answer_id":70653488,"answer_count":1,"score":0,"last_activity_date":1641824909,"creation_date":1641815702,"question_id":70652000,"content_license":"CC BY-SA 4.0","link":"https://stackoverflow.com/questions/70652000/event-filter-keeps-getting-triggered-randomly","title":"Event Filter keeps getting triggered randomly"},{"tags":["php","wordpress","woocommerce"],"owner":{"account_id":16222351,"reputation":1,"user_id":11713614,"user_type":"registered","profile_image":"https://www.gravatar.com/avatar/b7b4c1bea1acc46eec8ef25083cf1239?s=256&d=identicon&r=PG&f=y&so-version=2","display_name":"AdrianWera","link":"https://stackoverflow.com/users/11713614/adrianwera"},"is_answered":false,"view_count":123,"answer_count":1,"score":-1,"last_activity_date":1641828651,"creation_date":1641815668,"question_id":70651995,"content_license":"CC BY-SA 4.0","link":"https://stackoverflow.com/questions/70651995/woocommerce-get-product-variation-sku-in-loop","title":"WooCommerce - Get product variation SKU in loop"},{"tags":["html","reactjs"],"owner":{"account_id":23695683,"reputation":63,"user_id":17719422,"user_type":"registered","profile_image":"https://www.gravatar.com/avatar/87d3b8eefb88f2b8dad940ad9809238d?s=256&d=identicon&r=PG","display_name":"Mike","link":"https://stackoverflow.com/users/17719422/mike"},"is_answered":true,"view_count":2815,"answer_count":2,"score":0,"last_activity_date":1641816532,"creation_date":1641815666,"question_id":70651993,"content_license":"CC BY-SA 4.0","link":"https://stackoverflow.com/questions/70651993/how-can-i-put-a-image-using-a-div-with-react","title":"How can I put a image using a div with React?"},{"tags":["python","pandas","dataframe","numpy","merge"],"owner":{"account_id":15001531,"reputation":7339,"user_id":10829044,"user_type":"registered","profile_image":"https://lh3.googleusercontent.com/-XkVFAldxdns/AAAAAAAAAAI/AAAAAAAAAAA/AKxrwcYw7mFQ9BqeKrYJYmarsmObRK9Lsw/mo/photo.jpg?sz=256","display_name":"The Great","link":"https://stackoverflow.com/users/10829044/the-great"},"is_answered":true,"view_count":182,"answer_count":1,"score":1,"last_activity_date":1641821985,"creation_date":1641815643,"question_id":70651990,"content_license":"CC BY-SA 4.0","link":"https://stackoverflow.com/questions/70651990/pandas-merge-using-date-interval-and-compute-sum","title":"Pandas merge using date interval and compute sum"},{"tags":["asp.net-mvc","asp.net-core","razor","model-binding"],"owner":{"account_id":8654693,"reputation":87,"user_id":6479326,"user_type":"registered","profile_image":"https://www.gravatar.com/avatar/88e68cf1dc199b64ffaee03920beda23?s=256&d=identicon&r=PG&f=y&so-version=2","display_name":"FFB","link":"https://stackoverflow.com/users/6479326/ffb"},"is_answered":false,"view_count":182,"answer_count":1,"score":0,"last_activity_date":1641993382,"creation_date":1641815641,"last_edit_date":1641816699,"question_id":70651989,"content_license":"CC BY-SA 4.0","link":"https://stackoverflow.com/questions/70651989/how-to-post-a-collection-of-models-with-its-parent-model-in-asp-net","title":"How to post a collection of models with its parent model in ASP.Net?"},{"tags":[".net","f#"],"owner":{"account_id":23892435,"reputation":11,"user_id":17891904,"user_type":"registered","profile_image":"https://lh3.googleusercontent.com/a/AATXAJxsIK4Ym_YmOycCJUmh2f7k5enHIfix7IkEH08c=k-s256","display_name":"normal ppl","link":"https://stackoverflow.com/users/17891904/normal-ppl"},"is_answered":true,"view_count":151,"answer_count":1,"score":1,"last_activity_date":1641843375,"creation_date":1641815640,"question_id":70651988,"content_license":"CC BY-SA 4.0","link":"https://stackoverflow.com/questions/70651988/getting-into-safe-stack-got-a-dotnet-tool-restore-error","title":"getting into Safe Stack got a dotnet tool restore Error"},{"tags":["python","python-3.x","dataframe","apache-spark","pyspark"],"owner":{"user_type":"does_not_exist","display_name":"user16485802"},"is_answered":true,"view_count":865,"accepted_answer_id":70940243,"answer_count":2,"score":0,"last_activity_date":1643716928,"creation_date":1641815607,"question_id":70651983,"content_license":"CC BY-SA 4.0","link":"https://stackoverflow.com/questions/70651983/optimising-groupby-in-pyspark","title":"Optimising GroupBy in PySpark"},{"tags":["r","classification","r-caret","training-data","predict"],"owner":{"account_id":23892471,"reputation":19,"user_id":17891935,"user_type":"registered","profile_image":"https://lh3.googleusercontent.com/a/AATXAJzJKc-Uw7uCU4_j2wBox_VuAlrgD5kVa-TMRlWP=k-s256","display_name":"Manuel Soengas N&#250;&#241;ez","link":"https://stackoverflow.com/users/17891935/manuel-soengas-n%c3%ba%c3%b1ez"},"is_answered":true,"view_count":64,"answer_count":2,"score":1,"last_activity_date":1641818002,"creation_date":1641815587,"question_id":70651980,"content_license":"CC BY-SA 4.0","link":"https://stackoverflow.com/questions/70651980/where-in-the-script-in-r-should-the-seed-be-attached-one-or-more-time","title":"Where in the script in R should the seed be attached? One or more time?"},{"tags":["java","maven","openapi","openapi-generator-maven-plugin"],"owner":{"account_id":2897923,"reputation":868,"user_id":2485275,"user_type":"registered","profile_image":"https://i.stack.imgur.com/LuuA6.jpg?s=256&g=1","display_name":"iskramac","link":"https://stackoverflow.com/users/2485275/iskramac"},"is_answered":true,"view_count":6972,"accepted_answer_id":70653624,"answer_count":1,"score":3,"last_activity_date":1657874157,"creation_date":1641815585,"question_id":70651979,"content_license":"CC BY-SA 4.0","link":"https://stackoverflow.com/questions/70651979/openapi-generator-maven-plugin-upgrade-openapi-spec-to-3-1-0","title":"openapi-generator-maven-plugin upgrade openapi spec to 3.1.0"},{"tags":["amazon-web-services","nginx","etherpad"],"owner":{"account_id":56841,"reputation":4405,"user_id":170243,"user_type":"registered","accept_rate":64,"profile_image":"https://i.stack.imgur.com/egGWn.png?s=256&g=1","display_name":"Joe","link":"https://stackoverflow.com/users/170243/joe"},"is_answered":true,"view_count":441,"accepted_answer_id":70778444,"answer_count":2,"score":0,"last_activity_date":1642702866,"creation_date":1641815574,"question_id":70651975,"content_license":"CC BY-SA 4.0","link":"https://stackoverflow.com/questions/70651975/nginx-with-etherpad-in-a-subdirectory","title":"nginx with Etherpad in a subdirectory"}],"has_more":true,"quota_max":300,"quota_remaining":261}