{"items":[{"tags":["angular","auth-guard","canactivate"],"owner":{"account_id":24196117,"reputation":37,"user_id":18154640,"user_type":"registered","profile_image":"https://www.gravatar.com/avatar/feeb5563ea0178194d64cf7674f256e1?s=256&d=identicon&r=PG&f=y&so-version=2","display_name":"GreekSwiss","link":"https://stackoverflow.com/users/18154640/greekswiss"},"is_answered":false,"view_count":794,"answer_count":1,"score":0,"last_activity_date":1645099617,"creation_date":1645099196,"question_id":71157754,"content_license":"CC BY-SA 4.0","link":"https://stackoverflow.com/questions/71157754/angular-route-protection-with-authguard-use-only-one-time","title":"Angular route protection with AuthGuard use only one time"},{"tags":["visual-studio-code","vuejs3","vite"],"owner":{"account_id":16257913,"reputation":224,"user_id":11740131,"user_type":"registered","profile_image":"https://i.stack.imgur.com/5gLir.jpg?s=256&g=1","display_name":"imvenx","link":"https://stackoverflow.com/users/11740131/imvenx"},"is_answered":true,"view_count":326,"answer_count":1,"score":0,"last_activity_date":1645106422,"creation_date":1645099195,"last_edit_date":1645106422,"question_id":71157752,"content_license":"CC BY-SA 4.0","link":"https://stackoverflow.com/questions/71157752/how-to-change-default-action-on-debug-visual-studio-code","title":"How to change default action on debug visual studio code"},{"tags":["tabulator"],"owner":{"account_id":24287794,"reputation":1,"user_id":18233314,"user_type":"registered","profile_image":"https://www.gravatar.com/avatar/4bba2c00cc9dcc2f5a15b289047c34a9?s=256&d=identicon&r=PG","display_name":"Alw","link":"https://stackoverflow.com/users/18233314/alw"},"is_answered":true,"view_count":307,"answer_count":1,"score":0,"last_activity_date":1645130675,"creation_date":1645099187,"question_id":71157750,"content_license":"CC BY-SA 4.0","link":"https://stackoverflow.com/questions/71157750/is-there-a-way-to-let-users-choose-which-columns-to-hide-show-in-the-table-of-th","title":"Is there a way to let users choose which columns to hide/show in the table of the tabulator 5.1 version?"},{"tags":["hlsl","memory-barriers"],"owner":{"account_id":24037547,"reputation":58,"user_id":18017649,"user_type":"registered","profile_image":"https://www.gravatar.com/avatar/6018cd30ccfcd1f3c8e4ecc07a1ebfaf?s=256&d=identicon&r=PG","display_name":"Alexander Stewart","link":"https://stackoverflow.com/users/18017649/alexander-stewart"},"is_answered":false,"view_count":299,"answer_count":1,"score":0,"last_activity_date":1645535161,"creation_date":1645099179,"question_id":71157748,"content_license":"CC BY-SA 4.0","link":"https://stackoverflow.com/questions/71157748/interlockedsubtract-workaround-memory-barriers","title":"InterlockedSubtract workaround - memory barriers"},{"tags":["c++","cmake"],"owner":{"account_id":19147508,"reputation":1,"user_id":13986142,"user_type":"registered","profile_image":"https://www.gravatar.com/avatar/b2874c858e44da1ffdf0e47edcfe9fac?s=256&d=identicon&r=PG&f=y&so-version=2","display_name":"Dooly","link":"https://stackoverflow.com/users/13986142/dooly"},"is_answered":false,"view_count":108,"answer_count":0,"score":0,"last_activity_date":1645100663,"creation_date":1645099173,"last_edit_date":1645100663,"question_id":71157746,"content_license":"CC BY-SA 4.0","link":"https://stackoverflow.com/questions/71157746/cmake-subdirectory-preprocesser-include-error","title":"cmake subdirectory preprocesser include error"},{"tags":["php","sql-server","laravel","pdo","lumen"],"owner":{"account_id":194156,"reputation":1128,"user_id":436315,"user_type":"registered","accept_rate":54,"profile_image":"https://www.gravatar.com/avatar/e9904c972d63e5323131a2c50e757975?s=256&d=identicon&r=PG","display_name":"Jim Grant","link":"https://stackoverflow.com/users/436315/jim-grant"},"is_answered":false,"view_count":83,"answer_count":1,"score":0,"last_activity_date":1645116426,"creation_date":1645099170,"last_edit_date":1645112747,"question_id":71157745,"content_license":"CC BY-SA 4.0","link":"https://stackoverflow.com/questions/71157745/php-pdo-returning-no-records-but-ssms-does-for-the-same-sql-query","title":"PHP PDO returning no records but SSMS does for the same SQL query"},{"tags":["ios","swift","timer","background-process","xcode13"],"owner":{"account_id":6489373,"reputation":328,"user_id":5023915,"user_type":"registered","accept_rate":45,"profile_image":"https://lh4.googleusercontent.com/-Ly0F44qZ0eM/AAAAAAAAAAI/AAAAAAAAAIM/xdWV4-ygKmU/photo.jpg?sz=256","display_name":"jayant rawat","link":"https://stackoverflow.com/users/5023915/jayant-rawat"},"is_answered":false,"view_count":387,"answer_count":0,"score":0,"last_activity_date":1645108109,"creation_date":1645099166,"last_edit_date":1645108109,"question_id":71157742,"content_license":"CC BY-SA 4.0","link":"https://stackoverflow.com/questions/71157742/how-to-keep-track-of-time-from-foreground-to-background-mode","title":"How to keep track of time from foreground to background mode"},{"tags":["reactjs","shell","dotenv"],"owner":{"account_id":24121321,"reputation":29,"user_id":18090455,"user_type":"registered","profile_image":"https://www.gravatar.com/avatar/a0596229df0c8b1c1b36b12ea76bc2e9?s=256&d=identicon&r=PG","display_name":"DirkReuter","link":"https://stackoverflow.com/users/18090455/dirkreuter"},"is_answered":false,"view_count":493,"answer_count":0,"score":1,"last_activity_date":1645105885,"creation_date":1645099158,"last_edit_date":1645105885,"question_id":71157741,"content_license":"CC BY-SA 4.0","link":"https://stackoverflow.com/questions/71157741/react-env-strings-with-spaces-get-cut-off","title":"React env - Strings with spaces get cut off"},{"tags":["python","tensorflow","object-detection"],"owner":{"account_id":20124563,"reputation":1,"user_id":18233332,"user_type":"registered","profile_image":"https://www.gravatar.com/avatar/50912dc8353f94875367783df37f2630?s=256&d=identicon&r=PG&f=y&so-version=2","display_name":"Lata Chris Randhall Warren","link":"https://stackoverflow.com/users/18233332/lata-chris-randhall-warren"},"is_answered":false,"view_count":99,"answer_count":1,"score":0,"last_activity_date":1656233861,"creation_date":1645099150,"last_edit_date":1645103589,"question_id":71157737,"content_license":"CC BY-SA 4.0","link":"https://stackoverflow.com/questions/71157737/object-detection-evaluation-model-main-error","title":"Object detection evaluation model main error"},{"tags":["spring","database","terraform","vault"],"owner":{"account_id":12221279,"reputation":11,"user_id":8920293,"user_type":"registered","profile_image":"https://www.gravatar.com/avatar/aa56352836c926ec866645c279c137b9?s=256&d=identicon&r=PG&f=y&so-version=2","display_name":"Micha","link":"https://stackoverflow.com/users/8920293/micha"},"is_answered":false,"view_count":695,"answer_count":0,"score":0,"last_activity_date":1645099142,"creation_date":1645099142,"question_id":71157736,"content_license":"CC BY-SA 4.0","link":"https://stackoverflow.com/questions/71157736/spring-vault-secret-engine-database-connection","title":"Spring + Vault Secret Engine Database Connection"},{"tags":["aws-cloudformation","aws-cloudformation-custom-resource"],"owner":{"account_id":22981718,"reputation":21,"user_id":17175458,"user_type":"registered","profile_image":"https://lh3.googleusercontent.com/a/AATXAJxSIiZ8lT2er-V6q0H6cD2wSjQtjI3ghcLJpfsU=k-s256","display_name":"phil J","link":"https://stackoverflow.com/users/17175458/phil-j"},"is_answered":false,"view_count":178,"answer_count":0,"score":2,"last_activity_date":1645099128,"creation_date":1645099128,"question_id":71157733,"content_license":"CC BY-SA 4.0","link":"https://stackoverflow.com/questions/71157733/how-to-disable-rollback-for-stackset-in-cloudformation","title":"How to disable rollback for stackset in cloudformation"},{"tags":["javascript","html","jquery"],"owner":{"account_id":22809487,"reputation":33,"user_id":16961049,"user_type":"registered","profile_image":"https://lh3.googleusercontent.com/a-/AOh14GgLnUEkHYkLPGpgd_MvAXHhO71dfvSPXFi6vV0Jbw=k-s256","display_name":"Gianni Lombardo","link":"https://stackoverflow.com/users/16961049/gianni-lombardo"},"is_answered":true,"view_count":64,"accepted_answer_id":71165920,"answer_count":1,"score":2,"last_activity_date":1645135309,"creation_date":1645099115,"last_edit_date":1645099256,"question_id":71157728,"content_license":"CC BY-SA 4.0","link":"https://stackoverflow.com/questions/71157728/how-can-i-replace-a-variable-in-one-method-from-another-method","title":"How can I replace a variable in one method from another method"},{"tags":["python-3.x","dataframe"],"owner":{"account_id":22090548,"reputation":399,"user_id":16348663,"user_type":"registered","profile_image":"https://www.gravatar.com/avatar/952a20a52fbaba30d0fcdb2034608b15?s=256&d=identicon&r=PG&f=y&so-version=2","display_name":"pouchewar","link":"https://stackoverflow.com/users/16348663/pouchewar"},"is_answered":false,"view_count":17,"answer_count":1,"score":0,"last_activity_date":1645101236,"creation_date":1645099103,"question_id":71157727,"content_license":"CC BY-SA 4.0","link":"https://stackoverflow.com/questions/71157727/transposing-string-and-counting-frequencies-for-multilabel-dataset","title":"Transposing string and counting frequencies for multilabel dataset"},{"tags":["html","css","angular"],"owner":{"account_id":22272547,"reputation":147,"user_id":16502277,"user_type":"registered","profile_image":"https://lh3.googleusercontent.com/a/AATXAJy8dYdk9VtbBxu1iT9kGv5NpddVdBxovnJTyLr9=k-s256","display_name":"DZF","link":"https://stackoverflow.com/users/16502277/dzf"},"is_answered":false,"view_count":97,"answer_count":0,"score":0,"last_activity_date":1645099089,"creation_date":1645099089,"question_id":71157723,"content_license":"CC BY-SA 4.0","link":"https://stackoverflow.com/questions/71157723/html-input-field-create-rows-within-the-field","title":"HTML Input field - create rows within the field"},{"tags":["python","web-scraping","beautifulsoup"],"owner":{"account_id":11922693,"reputation":54,"user_id":8724788,"user_type":"registered","profile_image":"https://www.gravatar.com/avatar/1874937f6199f9a857eaa7a4c289081d?s=256&d=identicon&r=PG&f=y&so-version=2","display_name":"psmadness","link":"https://stackoverflow.com/users/8724788/psmadness"},"is_answered":true,"view_count":243,"accepted_answer_id":71157954,"answer_count":2,"score":0,"last_activity_date":1645100178,"creation_date":1645099089,"question_id":71157722,"content_license":"CC BY-SA 4.0","link":"https://stackoverflow.com/questions/71157722/scraping-multiple-anchor-tags-which-are-under-the-same-header-class","title":"Scraping multiple anchor tags which are under the same header/class"},{"tags":["git","recursion","git-submodules"],"owner":{"account_id":10263153,"reputation":135,"user_id":7573878,"user_type":"registered","profile_image":"https://www.gravatar.com/avatar/abde567a96f3e7a007a9ae440bbb80ae?s=256&d=identicon&r=PG&f=y&so-version=2","display_name":"David Peng","link":"https://stackoverflow.com/users/7573878/david-peng"},"is_answered":true,"view_count":569,"answer_count":2,"score":1,"last_activity_date":1687547506,"creation_date":1645099039,"question_id":71157716,"content_license":"CC BY-SA 4.0","link":"https://stackoverflow.com/questions/71157716/git-push-recurse-submodules-does-not-work","title":"git push recurse-submodules does not work"},{"tags":["c#","arrays","class","project"],"owner":{"account_id":24287731,"reputation":21,"user_id":18233262,"user_type":"registered","profile_image":"https://lh3.googleusercontent.com/a/AATXAJz9qv6MpbBSZTJTJG8JgqxM5sbAVd1pw3N_ka0m=k-s256","display_name":"Carl W&#229;nsander","link":"https://stackoverflow.com/users/18233262/carl-w%c3%a5nsander"},"is_answered":true,"view_count":57,"closed_date":1645102424,"accepted_answer_id":71157789,"answer_count":1,"score":-1,"last_activity_date":1645099332,"creation_date":1645099035,"last_edit_date":1645099194,"question_id":71157714,"link":"https://stackoverflow.com/questions/71157714/a-noob-programmer-with-problems-regarding-classes-and-arrays","closed_reason":"Duplicate","title":"A noob programmer with problems regarding classes and arrays"},{"tags":["c#","json","asp.net-mvc","asp.net-core"],"owner":{"account_id":16716252,"reputation":31,"user_id":12082244,"user_type":"registered","profile_image":"https://lh3.googleusercontent.com/a-/AAuE7mAldY9UUSGV-eRs5h0gu_HdytHFeZ5DpREj15GS=k-s256","display_name":"Hemant Rai","link":"https://stackoverflow.com/users/12082244/hemant-rai"},"is_answered":true,"view_count":67,"answer_count":2,"score":1,"last_activity_date":1645099337,"creation_date":1645099028,"question_id":71157711,"content_license":"CC BY-SA 4.0","link":"https://stackoverflow.com/questions/71157711/deserialization-of-a-json-string-gives-null-value","title":"Deserialization of a json string gives null value"},{"tags":["python","pandas","dataframe"],"owner":{"account_id":15101971,"reputation":317,"user_id":10898699,"user_type":"registered","profile_image":"https://lh6.googleusercontent.com/-9ug3FWClqTA/AAAAAAAAAAI/AAAAAAAAAAA/AKxrwcYr9FZUlcFuecGpuvEpT9oBMmP6cw/mo/photo.jpg?sz=256","display_name":"r_user","link":"https://stackoverflow.com/users/10898699/r-user"},"is_answered":true,"view_count":3786,"accepted_answer_id":71157719,"answer_count":1,"score":1,"last_activity_date":1645099868,"creation_date":1645099002,"last_edit_date":1645099828,"question_id":71157707,"content_license":"CC BY-SA 4.0","link":"https://stackoverflow.com/questions/71157707/pandas-groupby-sum-for-all-columns","title":"Pandas groupby.sum for all columns"},{"tags":["docker","dockerfile"],"owner":{"account_id":6378595,"reputation":1966,"user_id":4948798,"user_type":"registered","accept_rate":75,"profile_image":"https://www.gravatar.com/avatar/22d4136f53e83a7f48424ac3354def47?s=256&d=identicon&r=PG&f=y&so-version=2","display_name":"user4948798","link":"https://stackoverflow.com/users/4948798/user4948798"},"is_answered":true,"view_count":1263,"answer_count":1,"score":-1,"last_activity_date":1645100491,"creation_date":1645098991,"last_edit_date":1645099803,"question_id":71157703,"content_license":"CC BY-SA 4.0","link":"https://stackoverflow.com/questions/71157703/dockerfile-to-answer-y-n-for-single-command","title":"Dockerfile to answer Y &amp; N for single command"},{"tags":["javascript","json","fetch"],"owner":{"account_id":22903431,"reputation":23,"user_id":17041818,"user_type":"registered","profile_image":"https://i.stack.imgur.com/wtsF7.jpg?s=256&g=1","display_name":"Znatok","link":"https://stackoverflow.com/users/17041818/znatok"},"is_answered":true,"view_count":1277,"accepted_answer_id":71157893,"answer_count":3,"score":0,"last_activity_date":1645107177,"creation_date":1645098960,"last_edit_date":1645107177,"question_id":71157694,"content_license":"CC BY-SA 4.0","link":"https://stackoverflow.com/questions/71157694/displaying-data-results-from-fetch-to-html","title":"Displaying data results from fetch to HTML"},{"tags":["javascript","arrays"],"owner":{"account_id":24287488,"reputation":13,"user_id":18233054,"user_type":"registered","profile_image":"https://www.gravatar.com/avatar/774811207d6f2c1f5bea4376d31c7cf9?s=256&d=identicon&r=PG","display_name":"L_Monde","link":"https://stackoverflow.com/users/18233054/l-monde"},"is_answered":true,"view_count":132,"accepted_answer_id":71157869,"answer_count":2,"score":1,"last_activity_date":1645100101,"creation_date":1645098956,"question_id":71157693,"content_license":"CC BY-SA 4.0","link":"https://stackoverflow.com/questions/71157693/how-to-make-a-function-change-only-the-first-array-element","title":"How to make a function change only the first array element"},{"tags":["sql-server","vba","ms-access"],"owner":{"account_id":18207591,"reputation":3,"user_id":13250730,"user_type":"registered","profile_image":"https://lh6.googleusercontent.com/-5LyfJ3EYdKE/AAAAAAAAAAI/AAAAAAAAAAA/AAKWJJMe3QqfYy3ISnt_rkVSNa1k-fGpjg/photo.jpg?sz=256","display_name":"Carlos Sousa","link":"https://stackoverflow.com/users/13250730/carlos-sousa"},"is_answered":true,"view_count":50,"answer_count":1,"score":0,"last_activity_date":1645326027,"creation_date":1645098933,"last_edit_date":1645326027,"question_id":71157690,"content_license":"CC BY-SA 4.0","link":"https://stackoverflow.com/questions/71157690/i-get-access-update-error-3464-data-type-mismatch","title":"I get Access Update error 3464 Data Type Mismatch"},{"tags":["angular","spring","spring-boot"],"owner":{"account_id":6358536,"reputation":710,"user_id":4934876,"user_type":"registered","profile_image":"https://i.stack.imgur.com/8OqLn.jpg?s=256&g=1","display_name":"M4R1KU","link":"https://stackoverflow.com/users/4934876/m4r1ku"},"is_answered":true,"view_count":1756,"accepted_answer_id":71262067,"answer_count":4,"score":7,"last_activity_date":1695320942,"creation_date":1645098924,"last_edit_date":1646152639,"question_id":71157689,"content_license":"CC BY-SA 4.0","link":"https://stackoverflow.com/questions/71157689/spring-boot-2-6-and-angular-in-static-resources","title":"Spring Boot 2.6 and Angular in static Resources"},{"tags":["android","alias","keystore","android-keystore"],"owner":{"account_id":23720011,"reputation":21,"user_id":17740690,"user_type":"registered","profile_image":"https://lh3.googleusercontent.com/a-/AOh14Gi2roqYWDfp93hKeGtbhKR17wMCggItdjW2QgcvXQ=k-s256","display_name":"Luis Henrique","link":"https://stackoverflow.com/users/17740690/luis-henrique"},"is_answered":true,"view_count":430,"answer_count":1,"score":2,"last_activity_date":1645107069,"creation_date":1645098913,"question_id":71157687,"content_license":"CC BY-SA 4.0","link":"https://stackoverflow.com/questions/71157687/keystore-alias-lost-google-developer","title":"Keystore Alias lost Google Developer"},{"tags":["c++","pointers","copy-constructor"],"owner":{"account_id":11101687,"reputation":854,"user_id":8150186,"user_type":"registered","accept_rate":67,"profile_image":"https://i.stack.imgur.com/ly4FT.jpg?s=256&g=1","display_name":"Paul","link":"https://stackoverflow.com/users/8150186/paul"},"is_answered":true,"view_count":60,"accepted_answer_id":71157971,"answer_count":1,"score":2,"last_activity_date":1645100133,"creation_date":1645098910,"question_id":71157686,"content_license":"CC BY-SA 4.0","link":"https://stackoverflow.com/questions/71157686/copy-constructors-of-classes-instantiating-derived-classes","title":"Copy Constructors of classes instantiating derived classes"},{"tags":["bash","streaming","gstreamer","rtp"],"owner":{"account_id":23977399,"reputation":1043,"user_id":17965313,"user_type":"registered","profile_image":"https://i.stack.imgur.com/J5fRf.png?s=256&g=1","display_name":"vinalti","link":"https://stackoverflow.com/users/17965313/vinalti"},"is_answered":true,"view_count":515,"accepted_answer_id":71164338,"answer_count":1,"score":0,"last_activity_date":1645194282,"creation_date":1645098889,"last_edit_date":1645194282,"question_id":71157683,"content_license":"CC BY-SA 4.0","link":"https://stackoverflow.com/questions/71157683/gstreamer-open-active-stream-playing","title":"GStreamer open active stream (playing)"},{"tags":["javascript","html","jquery"],"owner":{"account_id":24162924,"reputation":43,"user_id":18126189,"user_type":"registered","profile_image":"https://lh3.googleusercontent.com/a/AATXAJyLLP1j49Sfc9kOhLQXt--oVqNNXsKUw_hCzDgJ=k-s256","display_name":"Jan Kowalski","link":"https://stackoverflow.com/users/18126189/jan-kowalski"},"is_answered":false,"view_count":20,"answer_count":0,"score":0,"last_activity_date":1645098869,"creation_date":1645098869,"question_id":71157677,"content_license":"CC BY-SA 4.0","link":"https://stackoverflow.com/questions/71157677/javascript-input-form-display-creating-and-refresh-page","title":"Javascript input form | display &quot;creating... &quot; and refresh page"},{"tags":["javascript","vue.js","html5-canvas","fabricjs","vuejs3"],"owner":{"account_id":6188942,"reputation":307,"user_id":4822193,"user_type":"registered","profile_image":"https://lh3.googleusercontent.com/-izBOE5NWv5g/AAAAAAAAAAI/AAAAAAAAAB4/jZpWKDDWPX8/photo.jpg?sz=256","display_name":"Apoorv Pal","link":"https://stackoverflow.com/users/4822193/apoorv-pal"},"is_answered":false,"view_count":481,"answer_count":2,"score":0,"last_activity_date":1685041038,"creation_date":1645098864,"last_edit_date":1645115935,"question_id":71157676,"content_license":"CC BY-SA 4.0","link":"https://stackoverflow.com/questions/71157676/fabric-js-canvas-loses-editability-and-resizability-when-assigned-to-vue-data-at","title":"Fabric JS Canvas loses editability and resizability when assigned to Vue data attribute"},{"tags":["here-api"],"owner":{"account_id":4180523,"reputation":320,"user_id":14740568,"user_type":"registered","profile_image":"https://www.gravatar.com/avatar/99a5aa5f512ab42ec06a0dced7def60c?s=256&d=identicon&r=PG&f=y&so-version=2","display_name":"marielle","link":"https://stackoverflow.com/users/14740568/marielle"},"is_answered":true,"view_count":153,"accepted_answer_id":71170597,"answer_count":1,"score":0,"last_activity_date":1645173834,"creation_date":1645098861,"question_id":71157675,"content_license":"CC BY-SA 4.0","link":"https://stackoverflow.com/questions/71157675/here-sdk-for-flutter-exit-information-in-maneuvers","title":"HERE SDK for Flutter: exit information in maneuvers"}],"has_more":true,"quota_max":300,"quota_remaining":281}