{"items":[{"tags":["python-3.x","dataframe","duplicates"],"owner":{"account_id":24569008,"reputation":3,"user_id":18475749,"user_type":"registered","profile_image":"https://www.gravatar.com/avatar/2e4fda89156e76ba7dce4d3218a6daf9?s=256&d=identicon&r=PG","display_name":"Mohamed","link":"https://stackoverflow.com/users/18475749/mohamed"},"is_answered":true,"view_count":47,"accepted_answer_id":71732743,"answer_count":1,"score":0,"last_activity_date":1649053982,"creation_date":1649051987,"last_edit_date":1649052681,"question_id":71732645,"content_license":"CC BY-SA 4.0","link":"https://stackoverflow.com/questions/71732645/how-to-change-the-boolean-between-two-similar-booleans-in-a-column-in-dataframe","title":"How to change the Boolean between two similar Booleans in a column in dataframe"},{"tags":["java","spring","groovy","spring-groovy-config"],"owner":{"account_id":7629305,"reputation":143,"user_id":5784880,"user_type":"registered","profile_image":"https://www.gravatar.com/avatar/e0865906c0a170b566b1b0023e2fc60c?s=256&d=identicon&r=PG&f=y&so-version=2","display_name":"dSH","link":"https://stackoverflow.com/users/5784880/dsh"},"is_answered":false,"view_count":55,"answer_count":1,"score":0,"last_activity_date":1649595643,"creation_date":1649051972,"question_id":71732643,"content_license":"CC BY-SA 4.0","link":"https://stackoverflow.com/questions/71732643/groovy-spring-configuration-with-lookup-method","title":"Groovy Spring configuration with lookup method"},{"tags":["python","numpy","path-finding"],"owner":{"account_id":3366285,"reputation":433,"user_id":2826801,"user_type":"registered","accept_rate":40,"profile_image":"https://i.stack.imgur.com/ckLHL.jpg?s=256&g=1","display_name":"Malcolm Who","link":"https://stackoverflow.com/users/2826801/malcolm-who"},"is_answered":true,"view_count":131,"accepted_answer_id":71733340,"answer_count":3,"score":1,"last_activity_date":1649065894,"creation_date":1649051965,"last_edit_date":1649058975,"question_id":71732641,"content_license":"CC BY-SA 4.0","link":"https://stackoverflow.com/questions/71732641/python-numpy-replacing-values-that-are-in-certain-pattern","title":"Python numpy replacing values that are in certain pattern"},{"tags":["laravel","sql-order-by","laravel-relations","laravel-models"],"owner":{"account_id":23965171,"reputation":167,"user_id":17954772,"user_type":"registered","profile_image":"https://www.gravatar.com/avatar/eeabdd102bac76138aa22fff71eb92e8?s=256&d=identicon&r=PG","display_name":"usersuser","link":"https://stackoverflow.com/users/17954772/usersuser"},"is_answered":false,"view_count":531,"answer_count":1,"score":1,"last_activity_date":1649069077,"creation_date":1649051855,"last_edit_date":1649069077,"question_id":71732627,"content_license":"CC BY-SA 4.0","link":"https://stackoverflow.com/questions/71732627/how-to-resolve-not-unique-table-alias-error-in-laravel","title":"How to resolve Not unique table/alias error in laravel?"},{"tags":["jenkins","curl"],"owner":{"account_id":23607878,"reputation":125,"user_id":17643327,"user_type":"registered","profile_image":"https://www.gravatar.com/avatar/1889c257bf07ae741034785c04221bf1?s=256&d=identicon&r=PG","display_name":"shawlin","link":"https://stackoverflow.com/users/17643327/shawlin"},"is_answered":false,"view_count":961,"answer_count":1,"score":0,"last_activity_date":1649062294,"creation_date":1649051827,"last_edit_date":1649062294,"question_id":71732621,"content_license":"CC BY-SA 4.0","link":"https://stackoverflow.com/questions/71732621/jenkins-pipeline-check-url-exists-or-does-not-exists","title":"Jenkins pipeline check URL exists or does not exists"},{"tags":["vba","catia"],"owner":{"account_id":15216597,"reputation":3,"user_id":10979813,"user_type":"registered","profile_image":"https://lh3.googleusercontent.com/-5izrWdtIKBM/AAAAAAAAAAI/AAAAAAAAASI/g5xp22olEhg/photo.jpg?sz=256","display_name":"Alex Vilciuc","link":"https://stackoverflow.com/users/10979813/alex-vilciuc"},"is_answered":true,"view_count":878,"accepted_answer_id":73657620,"answer_count":1,"score":0,"last_activity_date":1662700853,"creation_date":1649051778,"last_edit_date":1649052078,"question_id":71732617,"content_license":"CC BY-SA 4.0","link":"https://stackoverflow.com/questions/71732617/catia-visual-basic-macro-change-external-reference-link","title":"Catia Visual Basic Macro - change external reference link"},{"tags":["sql","sql-server","sql-like","sql-server-2019"],"owner":{"account_id":24817212,"reputation":3,"user_id":18697924,"user_type":"registered","profile_image":"https://lh3.googleusercontent.com/a-/AOh14Gg-pbcDyE1Fv6LMCPRivP-U-Art-l4q-mUDvkTg=k-s256","display_name":"Jeremy","link":"https://stackoverflow.com/users/18697924/jeremy"},"is_answered":true,"view_count":450,"closed_date":1649063320,"accepted_answer_id":71733690,"answer_count":1,"score":0,"last_activity_date":1649063337,"creation_date":1649051777,"last_edit_date":1649060012,"question_id":71732616,"link":"https://stackoverflow.com/questions/71732616/why-doesnt-select-using-like-query-in-json-string","closed_reason":"Duplicate","title":"Why doesn&#39;t select using like query in json string?"},{"tags":["reactjs","react-data-table-component"],"owner":{"account_id":7312282,"reputation":161,"user_id":5571041,"user_type":"registered","accept_rate":0,"profile_image":"https://lh4.googleusercontent.com/-NlbyinPrcXY/AAAAAAAAAAI/AAAAAAAAHls/3OsY22jWzUY/photo.jpg?sz=256","display_name":"Juhyun Park","link":"https://stackoverflow.com/users/5571041/juhyun-park"},"is_answered":false,"view_count":2835,"answer_count":2,"score":1,"last_activity_date":1649068532,"creation_date":1649051764,"question_id":71732615,"content_license":"CC BY-SA 4.0","link":"https://stackoverflow.com/questions/71732615/react-data-table-component-getting-warning-each-child-in-a-list-should-have-a","title":"React Data Table Component - getting Warning: Each child in a list should have a unique &quot;key&quot; prop"},{"tags":["java","arrays","string"],"owner":{"account_id":24657189,"reputation":15,"user_id":18553765,"user_type":"registered","profile_image":"https://lh3.googleusercontent.com/a/AATXAJzfJfYv0PK8HOnA9ZOK59kKAVzLla1nUuDkHKur=k-s256","display_name":"nia a","link":"https://stackoverflow.com/users/18553765/nia-a"},"is_answered":true,"view_count":90,"answer_count":1,"score":2,"last_activity_date":1649189313,"creation_date":1649051761,"last_edit_date":1649052743,"question_id":71732614,"content_license":"CC BY-SA 4.0","link":"https://stackoverflow.com/questions/71732614/how-to-check-that-2-strings-are-actually-equal-and-have-same-characters-even-wi","title":"How to check that 2 strings are actually equal and have same characters? Even with spacing or lowercase"},{"tags":["types","racket","declaration"],"owner":{"account_id":7252704,"reputation":21,"user_id":5532385,"user_type":"registered","profile_image":"https://www.gravatar.com/avatar/af82d02772c86b2137b78d3df67d9614?s=256&d=identicon&r=PG&f=y&so-version=2","display_name":"Max","link":"https://stackoverflow.com/users/5532385/max"},"is_answered":false,"view_count":265,"answer_count":1,"score":0,"last_activity_date":1649400550,"creation_date":1649051697,"question_id":71732604,"content_license":"CC BY-SA 4.0","link":"https://stackoverflow.com/questions/71732604/how-do-you-write-a-declaration-in-racket-that-returns-either-a-string-or-f-fal","title":"How do you write a declaration in racket that returns either a string or #f (false)?"},{"tags":["android","kotlin","calling-convention","vonage"],"owner":{"account_id":24375473,"reputation":23,"user_id":18307873,"user_type":"registered","profile_image":"https://lh3.googleusercontent.com/a/AATXAJwdHYdeWRn6CXeppMNuGF-myw73xEOFBhRA32M0=k-s256","display_name":"himani patel","link":"https://stackoverflow.com/users/18307873/himani-patel"},"is_answered":false,"view_count":138,"answer_count":1,"score":0,"last_activity_date":1649073820,"creation_date":1649051688,"question_id":71732602,"content_license":"CC BY-SA 4.0","link":"https://stackoverflow.com/questions/71732602/opentalkvonage-api-set-callertune-for-detect-phone-call-ringing","title":"Opentalk(Vonage) API set callertune for detect phone call ringing"},{"tags":["python","curve-fitting","curve"],"owner":{"account_id":24817244,"reputation":19,"user_id":18697955,"user_type":"registered","profile_image":"https://www.gravatar.com/avatar/a787b9639112c035d2ec5cfd625b928c?s=256&d=identicon&r=PG","display_name":"Cormorants","link":"https://stackoverflow.com/users/18697955/cormorants"},"is_answered":true,"view_count":670,"accepted_answer_id":71744670,"answer_count":2,"score":0,"last_activity_date":1649132585,"creation_date":1649051687,"last_edit_date":1649064730,"question_id":71732601,"content_license":"CC BY-SA 4.0","link":"https://stackoverflow.com/questions/71732601/creating-an-s-curve-based-on-data-points","title":"Creating an s-curve based on data points"},{"tags":["ios","powerapps","powerapps-canvas"],"owner":{"account_id":13664897,"reputation":111,"user_id":9859042,"user_type":"registered","profile_image":"https://www.gravatar.com/avatar/b48dda925a07053b7cfec1595afa82c9?s=256&d=identicon&r=PG","display_name":"parthraj panchal","link":"https://stackoverflow.com/users/9859042/parthraj-panchal"},"is_answered":false,"view_count":156,"answer_count":0,"score":0,"last_activity_date":1649051649,"creation_date":1649051649,"question_id":71732598,"content_license":"CC BY-SA 4.0","link":"https://stackoverflow.com/questions/71732598/how-to-open-third-party-application-from-powerapps","title":"How to open third party application from PowerApps?"},{"tags":["python","python-imaging-library"],"owner":{"account_id":24816905,"reputation":27,"user_id":18697653,"user_type":"registered","profile_image":"https://www.gravatar.com/avatar/0231e76a698e8829ac706c0b4de01aca?s=256&d=identicon&r=PG","display_name":"peter21","link":"https://stackoverflow.com/users/18697653/peter21"},"is_answered":false,"view_count":408,"answer_count":0,"score":2,"last_activity_date":1649157073,"creation_date":1649051630,"question_id":71732595,"content_license":"CC BY-SA 4.0","link":"https://stackoverflow.com/questions/71732595/getting-os-error-on-notocoloremoji-font-using-python-pillow","title":"Getting OS error on NotoColorEmoji font using Python Pillow"},{"tags":["python","decorator","moviepy"],"owner":{"account_id":19348285,"reputation":17,"user_id":14146302,"user_type":"registered","profile_image":"https://www.gravatar.com/avatar/2317e04537b6821a995dd085a8099b2f?s=256&d=identicon&r=PG&f=y&so-version=2","display_name":"jbae42","link":"https://stackoverflow.com/users/14146302/jbae42"},"is_answered":false,"view_count":788,"answer_count":0,"score":0,"last_activity_date":1649051604,"creation_date":1649051604,"question_id":71732588,"content_license":"CC BY-SA 4.0","link":"https://stackoverflow.com/questions/71732588/modulenotfounderror-no-module-named-decorator-when-using-moviepy","title":"ModuleNotFoundError: No module named &#39;decorator&#39; when using moviepy"},{"tags":["python","command-line-interface","python-click"],"owner":{"account_id":21382001,"reputation":3155,"user_id":15747757,"user_type":"registered","profile_image":"https://www.gravatar.com/avatar/969b547fe964132ebf48dd494ef970a8?s=256&d=identicon&r=PG&f=y&so-version=2","display_name":"Rohith Nambiar","link":"https://stackoverflow.com/users/15747757/rohith-nambiar"},"is_answered":true,"view_count":1152,"accepted_answer_id":71739220,"answer_count":1,"score":-1,"last_activity_date":1649083432,"creation_date":1649051550,"last_edit_date":1649068904,"question_id":71732581,"content_license":"CC BY-SA 4.0","link":"https://stackoverflow.com/questions/71732581/join-argument-must-be-str-bytes-or-os-pathlike-object-not-nonetype","title":"join() argument must be str, bytes, or os.PathLike object, not &#39;NoneType&#39;"},{"tags":["flutter","firebase-realtime-database","google-cloud-firestore"],"owner":{"account_id":19685914,"reputation":21,"user_id":14411852,"user_type":"registered","profile_image":"https://www.gravatar.com/avatar/9cfea7816cb893a42e35acb3ed0a869b?s=256&d=identicon&r=PG&f=y&so-version=2","display_name":"Davd","link":"https://stackoverflow.com/users/14411852/davd"},"is_answered":false,"view_count":433,"answer_count":2,"score":0,"last_activity_date":1649072698,"creation_date":1649051541,"question_id":71732580,"content_license":"CC BY-SA 4.0","link":"https://stackoverflow.com/questions/71732580/flutter-search-for-info-from-firestore-like-creating-email-id-check-while-sign","title":"Flutter - Search for info from Firestore like creating email ID check while signing up a Google email"},{"tags":["julia","julia-dataframe"],"owner":{"account_id":16889940,"reputation":774,"user_id":12213858,"user_type":"registered","profile_image":"https://www.gravatar.com/avatar/402c5a622e4df44e6884c53623a4816d?s=256&d=identicon&r=PG&f=y&so-version=2","display_name":"merchmallow","link":"https://stackoverflow.com/users/12213858/merchmallow"},"is_answered":true,"view_count":304,"answer_count":1,"score":1,"last_activity_date":1649059690,"creation_date":1649051537,"question_id":71732579,"content_license":"CC BY-SA 4.0","link":"https://stackoverflow.com/questions/71732579/applying-replace-over-a-list-of-certain-columns-of-a-dataframe","title":"Applying replace over a list of certain columns of a dataframe"},{"tags":["python","numpy","root","nonlinear-equation"],"owner":{"account_id":23877542,"reputation":1,"user_id":17878574,"user_type":"registered","profile_image":"https://www.gravatar.com/avatar/e5973050b5e9d5119c5ee1d1e04b9e56?s=256&d=identicon&r=PG","display_name":"peenin--","link":"https://stackoverflow.com/users/17878574/peenin"},"is_answered":true,"view_count":112,"answer_count":1,"score":0,"last_activity_date":1649055990,"creation_date":1649051489,"last_edit_date":1649054476,"question_id":71732575,"content_license":"CC BY-SA 4.0","link":"https://stackoverflow.com/questions/71732575/how-to-solve-this-complicated-non-linear-function","title":"How to solve this complicated non-linear function?"},{"tags":["c#",".net","visual-studio"],"owner":{"account_id":24014595,"reputation":1,"user_id":17997717,"user_type":"registered","profile_image":"https://lh3.googleusercontent.com/a/AATXAJwU5sMNVbOOhfdJQOZdDzzoVYcSIsLnwXgCKWoj=k-s256","display_name":"Yarin M","link":"https://stackoverflow.com/users/17997717/yarin-m"},"is_answered":true,"view_count":59,"answer_count":1,"score":0,"last_activity_date":1649054911,"creation_date":1649051487,"question_id":71732574,"content_license":"CC BY-SA 4.0","link":"https://stackoverflow.com/questions/71732574/i-want-to-ask-in-the-if-statement-if-the-cake-is-baked-how-do-i-do-that-in-singl","title":"I want to ask in the if statement if the cake is baked how do I do that in single-dimensional array? I&#39;m stuck"},{"tags":["angular","websocket","service","rxjs","observable"],"owner":{"account_id":3297575,"reputation":3378,"user_id":2774480,"user_type":"registered","accept_rate":16,"profile_image":"https://i.stack.imgur.com/LSguz.jpg?s=256&g=1","display_name":"MMMM","link":"https://stackoverflow.com/users/2774480/mmmm"},"is_answered":true,"view_count":1895,"accepted_answer_id":71734271,"answer_count":2,"score":2,"last_activity_date":1649062206,"creation_date":1649051469,"last_edit_date":1649051747,"question_id":71732569,"content_license":"CC BY-SA 4.0","link":"https://stackoverflow.com/questions/71732569/angular-how-to-use-websocket-inside-a-service","title":"Angular how to use Websocket inside a service?"},{"tags":["apache-spark","pyspark","apache-spark-sql"],"owner":{"account_id":24817441,"reputation":1,"user_id":18698138,"user_type":"registered","profile_image":"https://www.gravatar.com/avatar/01c4b7f383815630d4fb4ffe3d8af84c?s=256&d=identicon&r=PG","display_name":"Fahed khutaba","link":"https://stackoverflow.com/users/18698138/fahed-khutaba"},"is_answered":false,"view_count":126,"answer_count":0,"score":0,"last_activity_date":1649051461,"creation_date":1649051461,"question_id":71732568,"content_license":"CC BY-SA 4.0","link":"https://stackoverflow.com/questions/71732568/error-with-adding-new-list-typed-column-using-pyspark-sql-functions-arry","title":"error with adding new list typed column using pyspark.sql.functions.arry"},{"tags":["c#","exception","unmanaged"],"owner":{"account_id":24816631,"reputation":21,"user_id":18697400,"user_type":"registered","profile_image":"https://lh3.googleusercontent.com/a/AATXAJwnsQrvz08J9HKbGYIviQPcb8W6M9Lk29fomA3o=k-s256","display_name":"Aswini Y","link":"https://stackoverflow.com/users/18697400/aswini-y"},"is_answered":false,"view_count":334,"answer_count":0,"score":2,"last_activity_date":1649062323,"creation_date":1649051447,"last_edit_date":1649062323,"question_id":71732567,"content_license":"CC BY-SA 4.0","link":"https://stackoverflow.com/questions/71732567/unable-to-handle-exception-thrown-from-unmanaged-native-code-in-managed-codec","title":"Unable to handle exception thrown from unmanaged/native code in managed code(c# wpf) such as out of memory exceptions globally"},{"tags":["amazon-web-services","aws-lambda","distributed-computing"],"owner":{"account_id":3934931,"reputation":2373,"user_id":3251645,"user_type":"registered","accept_rate":68,"profile_image":"https://www.gravatar.com/avatar/7f99e28f019cef393eac2ca6e1f47d59?s=256&d=identicon&r=PG&f=y&so-version=2","display_name":"Amol Borkar","link":"https://stackoverflow.com/users/3251645/amol-borkar"},"is_answered":false,"view_count":47,"answer_count":1,"score":0,"last_activity_date":1649056110,"creation_date":1649051445,"last_edit_date":1649056110,"question_id":71732565,"content_license":"CC BY-SA 4.0","link":"https://stackoverflow.com/questions/71732565/how-to-monitorreport-failures-of-async-invoked-concurrent-lambdas","title":"How to monitor+report failures of async invoked concurrent lambdas?"},{"tags":["svelte","react-proptypes","sveltekit","sapper"],"owner":{"account_id":22579057,"reputation":189,"user_id":16763983,"user_type":"registered","profile_image":"https://i.stack.imgur.com/wnvPg.png?s=256&g=1","display_name":"Sherlock","link":"https://stackoverflow.com/users/16763983/sherlock"},"is_answered":true,"view_count":228,"answer_count":1,"score":0,"last_activity_date":1672028560,"creation_date":1649051387,"last_edit_date":1672028560,"question_id":71732557,"content_license":"CC BY-SA 4.0","link":"https://stackoverflow.com/questions/71732557/checkproptypes-is-not-a-function-error-while-using-with-sveltekit","title":"checkPropTypes is not a function error while using with sveltekit"},{"tags":["python","pandas","group-by","count","pandas-groupby"],"owner":{"account_id":24671877,"reputation":35,"user_id":18570308,"user_type":"registered","profile_image":"https://lh3.googleusercontent.com/a/AATXAJz1cyk6H1lOIPYljOFF2ZofWeGOQAk3pAE4X3DE=k-s256","display_name":"Levi Ben Ami","link":"https://stackoverflow.com/users/18570308/levi-ben-ami"},"is_answered":true,"view_count":343,"accepted_answer_id":71732605,"answer_count":1,"score":1,"last_activity_date":1649051697,"creation_date":1649051385,"question_id":71732556,"content_license":"CC BY-SA 4.0","link":"https://stackoverflow.com/questions/71732556/pandas-count-how-many-users-connected-to-each-computer","title":"Pandas count how many users connected to each computer"},{"tags":["wpf","uwp","wns","xaml-islands"],"owner":{"account_id":8847329,"reputation":737,"user_id":6607702,"user_type":"registered","accept_rate":50,"profile_image":"https://i.stack.imgur.com/qpAnv.jpg?s=256&g=1","display_name":"Attila Sz&#225;sz","link":"https://stackoverflow.com/users/6607702/attila-sz%c3%a1sz"},"is_answered":true,"view_count":266,"accepted_answer_id":71841042,"answer_count":1,"score":1,"last_activity_date":1649759275,"creation_date":1649051383,"question_id":71732555,"content_license":"CC BY-SA 4.0","link":"https://stackoverflow.com/questions/71732555/is-it-possible-to-receive-push-notifications-from-wns-in-a-wpf-app-which-uses-x","title":"Is it possible to receive push notifications from WNS in a WPF app, which uses Xaml Islands?"},{"tags":["node.js","active-directory"],"owner":{"account_id":10142806,"reputation":587,"user_id":7491982,"user_type":"registered","accept_rate":83,"profile_image":"https://www.gravatar.com/avatar/92c6af6aca332ceabc6bb9b840f77e83?s=256&d=identicon&r=PG&f=y&so-version=2","display_name":"helen","link":"https://stackoverflow.com/users/7491982/helen"},"is_answered":false,"view_count":553,"answer_count":0,"score":0,"last_activity_date":1649052708,"creation_date":1649051276,"last_edit_date":1649052708,"question_id":71732548,"content_license":"CC BY-SA 4.0","link":"https://stackoverflow.com/questions/71732548/extract-all-active-directory-users","title":"Extract all Active Directory users"},{"tags":["android","gradle"],"owner":{"account_id":3030715,"reputation":11461,"user_id":2569793,"user_type":"registered","accept_rate":58,"profile_image":"https://www.gravatar.com/avatar/2ab1e840d1555488bcae47ae7f3c8a51?s=256&d=identicon&r=PG","display_name":"WISHY","link":"https://stackoverflow.com/users/2569793/wishy"},"is_answered":true,"view_count":1633,"accepted_answer_id":71732751,"answer_count":1,"score":1,"last_activity_date":1649083707,"creation_date":1649051273,"last_edit_date":1649083707,"question_id":71732547,"content_license":"CC BY-SA 4.0","link":"https://stackoverflow.com/questions/71732547/duplicate-class-error-while-building-project-android","title":"Duplicate class error while building project android"},{"tags":["javascript","java","node.js"],"owner":{"account_id":14424776,"reputation":199,"user_id":10419901,"user_type":"registered","profile_image":"https://www.gravatar.com/avatar/3adce36bdd2110952850a9f6c067b703?s=256&d=identicon&r=PG&f=y&so-version=2","display_name":"Renee","link":"https://stackoverflow.com/users/10419901/renee"},"is_answered":true,"view_count":966,"accepted_answer_id":71735642,"answer_count":1,"score":0,"last_activity_date":1649072106,"creation_date":1649051237,"last_edit_date":1649072106,"question_id":71732542,"content_license":"CC BY-SA 4.0","link":"https://stackoverflow.com/questions/71732542/what-is-jsonproperty-equivalent-in-node-js-or-javascript","title":"What is @JsonProperty equivalent in Node.js (or JavaScript)?"}],"has_more":true,"quota_max":300,"quota_remaining":98}