{"items":[{"tags":["python","pandas","group-by"],"owner":{"account_id":23513088,"reputation":561,"user_id":17561414,"user_type":"registered","profile_image":"https://www.gravatar.com/avatar/457a721d6d8bd0aa09becf9fdeba208a?s=256&d=identicon&r=PG","display_name":"Greencolor","link":"https://stackoverflow.com/users/17561414/greencolor"},"is_answered":true,"view_count":165,"accepted_answer_id":71751891,"answer_count":1,"score":0,"last_activity_date":1649162131,"creation_date":1649159990,"last_edit_date":1649161752,"question_id":71751385,"content_license":"CC BY-SA 4.0","link":"https://stackoverflow.com/questions/71751385/keep-columns-while-groupbyperiodindex-df-in-pandas","title":"Keep columns while groupby(periodindex) df in pandas"},{"tags":["rust"],"owner":{"account_id":406773,"reputation":18993,"user_id":776476,"user_type":"registered","accept_rate":95,"profile_image":"https://i.stack.imgur.com/RBfCb.png?s=256&g=1","display_name":"biofractal","link":"https://stackoverflow.com/users/776476/biofractal"},"is_answered":true,"view_count":488,"accepted_answer_id":71752804,"answer_count":1,"score":1,"last_activity_date":1649183405,"creation_date":1649159983,"last_edit_date":1649183405,"question_id":71751384,"content_license":"CC BY-SA 4.0","link":"https://stackoverflow.com/questions/71751384/how-do-i-idiomatically-compare-each-item-in-a-list-to-every-other-item","title":"How do I idiomatically compare each item in a list to every other item?"},{"tags":["javascript","greasemonkey","userscripts"],"owner":{"account_id":6505058,"reputation":1,"user_id":6598612,"user_type":"registered","profile_image":"https://lh3.googleusercontent.com/-zpJsjXgNnDE/AAAAAAAAAAI/AAAAAAAAAAA/S4OA8h2CM7I/photo.jpg?sz=256","display_name":"Ivan","link":"https://stackoverflow.com/users/6598612/ivan"},"is_answered":false,"view_count":701,"answer_count":1,"score":0,"last_activity_date":1649160298,"creation_date":1649159977,"question_id":71751382,"content_license":"CC BY-SA 4.0","link":"https://stackoverflow.com/questions/71751382/prevent-opening-links-in-a-new-window-stay-in-current","title":"Prevent opening links in a new window (stay in current)"},{"tags":["c#"],"owner":{"account_id":15374713,"reputation":101,"user_id":11091778,"user_type":"registered","profile_image":"https://lh5.googleusercontent.com/-tyExrOeW25A/AAAAAAAAAAI/AAAAAAAAEmc/v8R1qjOHdMM/photo.jpg?sz=256","display_name":"Jeremy","link":"https://stackoverflow.com/users/11091778/jeremy"},"is_answered":false,"view_count":37,"closed_date":1649160989,"answer_count":0,"score":1,"last_activity_date":1649160082,"creation_date":1649159928,"last_edit_date":1649160082,"question_id":71751372,"link":"https://stackoverflow.com/questions/71751372/find-the-size-of-a-type-in-an-array","closed_reason":"Duplicate","title":"Find the size of a type in an array"},{"tags":["pandas","group-by"],"owner":{"account_id":14097874,"reputation":145,"user_id":10184040,"user_type":"registered","profile_image":"https://www.gravatar.com/avatar/a638aa8c20a45714ffc2c734cd2aa179?s=256&d=identicon&r=PG&f=y&so-version=2","display_name":"little_stone_05","link":"https://stackoverflow.com/users/10184040/little-stone-05"},"is_answered":true,"view_count":69,"answer_count":1,"score":0,"last_activity_date":1649160067,"creation_date":1649159924,"question_id":71751369,"content_license":"CC BY-SA 4.0","link":"https://stackoverflow.com/questions/71751369/pandas-new-column-where-value-is-based-on-a-specific-value-within-subgroup","title":"Pandas: new column where value is based on a specific value within subgroup"},{"tags":["android","visual-studio","xamarin","xamarin.forms","xamarin.android"],"owner":{"account_id":24625865,"reputation":28,"user_id":18525574,"user_type":"registered","profile_image":"https://lh3.googleusercontent.com/a-/AOh14GjRlRiTFhCPPYgJXhJu1YNcV5KIFLbzDJw1DT1Q=k-s256","display_name":"OllieOllieOllie","link":"https://stackoverflow.com/users/18525574/ollieollieollie"},"is_answered":false,"view_count":347,"answer_count":0,"score":1,"last_activity_date":1649209041,"creation_date":1649159913,"last_edit_date":1649199766,"question_id":71751365,"content_license":"CC BY-SA 4.0","link":"https://stackoverflow.com/questions/71751365/error-msb6006-java-exited-with-code-2-on-xamarin-android","title":"error MSB6006: &quot;java&quot; exited with code 2 on Xamarin (Android)"},{"tags":["javascript","reactjs","charts","recharts"],"owner":{"account_id":19052465,"reputation":43,"user_id":13910332,"user_type":"registered","profile_image":"https://lh4.googleusercontent.com/-5dX2DpaqfFM/AAAAAAAAAAI/AAAAAAAAAAA/AMZuuclam-uAscT4DxZwlYJmP-fRzAcAnQ/photo.jpg?sz=256","display_name":"RVK","link":"https://stackoverflow.com/users/13910332/rvk"},"is_answered":false,"view_count":30,"answer_count":0,"score":1,"last_activity_date":1649159847,"creation_date":1649159847,"question_id":71751359,"content_license":"CC BY-SA 4.0","link":"https://stackoverflow.com/questions/71751359/how-to-remove-the-yaxis-values-in-rechartjs-without-removing-the-catesian-grid-o","title":"How to remove the Yaxis values in Rechartjs without removing the catesian grid of Yaxis?"},{"tags":["javascript","api","async-await","constructor"],"owner":{"account_id":21966764,"reputation":147,"user_id":16243884,"user_type":"registered","profile_image":"https://www.gravatar.com/avatar/fb8d56dd4d46ab352729f0ec893cf8b7?s=256&d=identicon&r=PG&f=y&so-version=2","display_name":"Wanz","link":"https://stackoverflow.com/users/16243884/wanz"},"is_answered":true,"view_count":601,"answer_count":2,"score":1,"last_activity_date":1649230539,"creation_date":1649159831,"last_edit_date":1649160853,"question_id":71751356,"content_license":"CC BY-SA 4.0","link":"https://stackoverflow.com/questions/71751356/mapping-items-fetched-from-api-javascript","title":"Mapping items fetched from API javascript"},{"tags":["reactjs","react-hooks"],"owner":{"account_id":5680619,"reputation":1,"user_id":4491967,"user_type":"registered","profile_image":"https://www.gravatar.com/avatar/e1297249e9e1df844660e484a034b529?s=256&d=identicon&r=PG&f=y&so-version=2","display_name":"bl4ck0ut","link":"https://stackoverflow.com/users/4491967/bl4ck0ut"},"is_answered":false,"view_count":223,"answer_count":0,"score":0,"last_activity_date":1649159830,"creation_date":1649159830,"question_id":71751354,"content_license":"CC BY-SA 4.0","link":"https://stackoverflow.com/questions/71751354/return-of-child-component-within-useeffect-and-fetch-not-working","title":"Return of Child Component within useEffect and Fetch not working"},{"tags":["firebase","flutter","dart","firebase-authentication","one-time-password"],"owner":{"account_id":6267236,"reputation":185,"user_id":4872547,"user_type":"registered","profile_image":"https://graph.facebook.com/837813922921210/picture?type=large","display_name":"Mahmoud Eidarous","link":"https://stackoverflow.com/users/4872547/mahmoud-eidarous"},"is_answered":false,"view_count":548,"answer_count":0,"score":1,"last_activity_date":1649160278,"creation_date":1649159829,"last_edit_date":1649160278,"question_id":71751353,"content_license":"CC BY-SA 4.0","link":"https://stackoverflow.com/questions/71751353/how-can-i-make-the-firebase-otp-return-the-sms-codesent-so-that-i-use-it-for-ver","title":"How can I make the Firebase OTP return the Sms CodeSent so that I use it for verification other than Sign in?"},{"tags":["css","blazor-server-side",".net-6.0","mudblazor"],"owner":{"account_id":33204,"reputation":3891,"user_id":92760,"user_type":"registered","accept_rate":94,"profile_image":"https://i.stack.imgur.com/eRyAg.jpg?s=256&g=1","display_name":"Halvard","link":"https://stackoverflow.com/users/92760/halvard"},"is_answered":true,"view_count":2952,"accepted_answer_id":71877255,"answer_count":1,"score":2,"last_activity_date":1649967859,"creation_date":1649159819,"question_id":71751350,"content_license":"CC BY-SA 4.0","link":"https://stackoverflow.com/questions/71751350/for-mudblazor-component-mudselect-how-do-i-get-selected-value-to-align-in-the-c","title":"For MudBlazor component MudSelect, how do I get selected value to align in the center?"},{"tags":["javascript","node.js","function","conditional-statements","short-circuiting"],"owner":{"account_id":18005791,"reputation":37,"user_id":13086603,"user_type":"registered","profile_image":"https://www.gravatar.com/avatar/4347c8e98a7520a9827abbe421c1aeea?s=256&d=identicon&r=PG&f=y&so-version=2","display_name":"Carlos Figueroa","link":"https://stackoverflow.com/users/13086603/carlos-figueroa"},"is_answered":false,"view_count":34,"answer_count":0,"score":1,"last_activity_date":1649159780,"creation_date":1649159780,"question_id":71751346,"content_license":"CC BY-SA 4.0","link":"https://stackoverflow.com/questions/71751346/what-is-the-reason-benefit-for-writing-short-circuit-conditional","title":"What is the reason/benefit for writing short circuit conditional?"},{"tags":["javascript","service-worker","indexeddb"],"owner":{"account_id":17286532,"reputation":45,"user_id":12519020,"user_type":"registered","profile_image":"https://lh4.googleusercontent.com/-EQuqlvmhWdk/AAAAAAAAAAI/AAAAAAAAAAA/ACHi3rdsZjSZtj3py3sO99SkiOaj-29buQ/photo.jpg?sz=256","display_name":"brezz0r","link":"https://stackoverflow.com/users/12519020/brezz0r"},"is_answered":true,"view_count":422,"accepted_answer_id":71756397,"answer_count":1,"score":2,"last_activity_date":1649181589,"creation_date":1649159768,"question_id":71751344,"content_license":"CC BY-SA 4.0","link":"https://stackoverflow.com/questions/71751344/does-indexeddb-persist-with-a-new-service-worker","title":"Does IndexedDB persist with a new service-worker?"},{"tags":["nlp","ontology","semantic-analysis"],"owner":{"account_id":22615475,"reputation":41,"user_id":16795039,"user_type":"registered","profile_image":"https://www.gravatar.com/avatar/a05bd7168700e70de5dea53e8fdf9ce4?s=256&d=identicon&r=PG&f=y&so-version=2","display_name":"Japy","link":"https://stackoverflow.com/users/16795039/japy"},"is_answered":false,"view_count":32,"answer_count":0,"score":0,"last_activity_date":1649159764,"creation_date":1649159764,"question_id":71751343,"content_license":"CC BY-SA 4.0","link":"https://stackoverflow.com/questions/71751343/issue-regarding-the-use-of-ontology-in-python-code","title":"Issue regarding the use of Ontology in python code"},{"tags":["python-3.x","django","django-models"],"owner":{"account_id":12369497,"reputation":1230,"user_id":9020273,"user_type":"registered","profile_image":"https://www.gravatar.com/avatar/ba72bed9ebf9ee1f5d3b02b3ea2adf2f?s=256&d=identicon&r=PG&f=y&so-version=2","display_name":"Jamie J","link":"https://stackoverflow.com/users/9020273/jamie-j"},"is_answered":true,"view_count":32,"accepted_answer_id":71752505,"answer_count":1,"score":1,"last_activity_date":1649166984,"creation_date":1649159737,"last_edit_date":1649166984,"question_id":71751337,"content_license":"CC BY-SA 4.0","link":"https://stackoverflow.com/questions/71751337/can-you-make-sure-only-one-object-related-to-another-object-has-a-certain-field","title":"Can you make sure only one object related to another object has a certain field set?"},{"tags":["java","for-loop","collections","set"],"owner":{"account_id":3892995,"reputation":242,"user_id":3222718,"user_type":"registered","accept_rate":85,"profile_image":"https://www.gravatar.com/avatar/bb9d1c1fec8c2a0f383c5a0b06174c76?s=256&d=identicon&r=PG&f=y&so-version=2","display_name":"user3222718","link":"https://stackoverflow.com/users/3222718/user3222718"},"is_answered":true,"view_count":195,"accepted_answer_id":71751387,"answer_count":1,"score":0,"last_activity_date":1649165026,"creation_date":1649159733,"last_edit_date":1649165026,"question_id":71751336,"content_license":"CC BY-SA 4.0","link":"https://stackoverflow.com/questions/71751336/add-response-to-a-setstring","title":"Add response to a Set&lt;String&gt;"},{"tags":["backup","wget"],"owner":{"account_id":2780949,"reputation":101,"user_id":6682677,"user_type":"registered","profile_image":"https://www.gravatar.com/avatar/036a0ef45b95090d0bef7918264fbc3f?s=256&d=identicon&r=PG","display_name":"R B","link":"https://stackoverflow.com/users/6682677/r-b"},"is_answered":false,"view_count":32,"answer_count":1,"score":0,"last_activity_date":1649170054,"creation_date":1649159681,"question_id":71751322,"content_license":"CC BY-SA 4.0","link":"https://stackoverflow.com/questions/71751322/what-is-the-purpose-of-the-wget-startup-file-option-add-hostdir","title":"What is the purpose of the wget startup file option &quot;add-hostdir&quot;?"},{"tags":["mysql","node.js","docker","docker-swarm"],"owner":{"account_id":13545,"reputation":32669,"user_id":27305,"user_type":"registered","accept_rate":88,"profile_image":"https://www.gravatar.com/avatar/174ac998689321daaa7cfecf910522e4?s=256&d=identicon&r=PG","display_name":"John","link":"https://stackoverflow.com/users/27305/john"},"is_answered":false,"view_count":936,"answer_count":1,"score":0,"last_activity_date":1649713774,"creation_date":1649159675,"last_edit_date":1649713774,"question_id":71751321,"content_license":"CC BY-SA 4.0","link":"https://stackoverflow.com/questions/71751321/nodejs-mysql-docker-econnreset-if-idle-for-16-minutes","title":"nodejs mysql docker ECONNRESET if idle for 16 minutes"},{"tags":["c#",".net-core"],"owner":{"account_id":299749,"reputation":14666,"user_id":606521,"user_type":"registered","accept_rate":61,"profile_image":"https://www.gravatar.com/avatar/404cac89fd136db453824b07452899ca?s=256&d=identicon&r=PG","display_name":"user606521","link":"https://stackoverflow.com/users/606521/user606521"},"is_answered":true,"view_count":502,"answer_count":1,"score":1,"last_activity_date":1657644451,"creation_date":1649159669,"last_edit_date":1657644451,"question_id":71751320,"content_license":"CC BY-SA 4.0","link":"https://stackoverflow.com/questions/71751320/mock-jwtbeareroptions-backendchannel-for-integration-tests","title":"Mock JwtBearerOptions BackendChannel for integration tests"},{"tags":["c#","asp.net","datatable"],"owner":{"account_id":24833774,"reputation":5,"user_id":18712662,"user_type":"registered","profile_image":"https://lh3.googleusercontent.com/a-/AOh14Gh7hP5htKRws2FoyzLijwnCO1uC3IRa6FZRkAHstQ=k-s256","display_name":"Jonathan L","link":"https://stackoverflow.com/users/18712662/jonathan-l"},"is_answered":true,"view_count":150,"accepted_answer_id":71752390,"answer_count":1,"score":0,"last_activity_date":1649164187,"creation_date":1649159634,"question_id":71751313,"content_license":"CC BY-SA 4.0","link":"https://stackoverflow.com/questions/71751313/removing-primary-key-and-joining-rows-in-datatable","title":"Removing Primary Key and Joining Rows in Datatable"},{"tags":["shell","asdf-vm","direnv"],"owner":{"account_id":63058,"reputation":2039,"user_id":186904,"user_type":"registered","accept_rate":87,"profile_image":"https://www.gravatar.com/avatar/9a2da93dc03725c340cb5adcdb50fae1?s=256&d=identicon&r=PG","display_name":"hpy","link":"https://stackoverflow.com/users/186904/hpy"},"is_answered":true,"view_count":449,"answer_count":1,"score":1,"last_activity_date":1650914735,"creation_date":1649159631,"last_edit_date":1650914735,"question_id":71751312,"content_license":"CC BY-SA 4.0","link":"https://stackoverflow.com/questions/71751312/asdf-errors-when-starting-linux-shell","title":"asdf errors when starting Linux shell"},{"tags":["entity-framework-core","domain-driven-design","owned-types"],"owner":{"account_id":116646,"reputation":4095,"user_id":305813,"user_type":"registered","accept_rate":84,"profile_image":"https://www.gravatar.com/avatar/2161ac8f75c27a267ea5e72817ad3482?s=256&d=identicon&r=PG","display_name":"Luka","link":"https://stackoverflow.com/users/305813/luka"},"is_answered":true,"view_count":1133,"accepted_answer_id":72478002,"answer_count":2,"score":2,"last_activity_date":1654683133,"creation_date":1649159625,"last_edit_date":1654519998,"question_id":71751310,"content_license":"CC BY-SA 4.0","link":"https://stackoverflow.com/questions/71751310/how-to-modify-delete-owned-object-from-entity-in-ef-core-6","title":"How to modify / delete owned object from entity in EF core 6"},{"tags":["amazon-web-services","amazon-s3","amazon-ec2","amazon-iam","aws-security-group"],"owner":{"account_id":14741140,"reputation":151,"user_id":10645945,"user_type":"registered","profile_image":"https://lh6.googleusercontent.com/-Ri20PZhIxIs/AAAAAAAAAAI/AAAAAAAAGSo/72Jknh8-lSc/photo.jpg?sz=256","display_name":"Adriel Kirch","link":"https://stackoverflow.com/users/10645945/adriel-kirch"},"is_answered":true,"view_count":556,"answer_count":1,"score":1,"last_activity_date":1649164076,"creation_date":1649159619,"question_id":71751309,"content_license":"CC BY-SA 4.0","link":"https://stackoverflow.com/questions/71751309/aws-ec2-cant-access-my-ec2-public-domain-tried-many-web-solutions-none-worked","title":"AWS EC2 can&#39;t access my ec2 public domain, tried many web solutions none worked"},{"tags":["javascript","vue.js","ecmascript-6","html-table"],"owner":{"account_id":6475973,"reputation":553,"user_id":5014559,"user_type":"registered","accept_rate":70,"profile_image":"https://www.gravatar.com/avatar/c1b09a81864dca754c3339650c3eeeef?s=256&d=identicon&r=PG&f=y&so-version=2","display_name":"Can","link":"https://stackoverflow.com/users/5014559/can"},"is_answered":true,"view_count":313,"accepted_answer_id":71751477,"answer_count":2,"score":1,"last_activity_date":1649160361,"creation_date":1649159615,"last_edit_date":1649159996,"question_id":71751308,"content_license":"CC BY-SA 4.0","link":"https://stackoverflow.com/questions/71751308/how-to-filter-and-sort-an-object-based-on-defined-properties","title":"How to filter and sort an object based on defined properties?"},{"tags":["heroku","google-chrome-extension","cors","fetch","fastapi"],"owner":{"account_id":6124380,"reputation":367,"user_id":4776878,"user_type":"registered","profile_image":"https://lh3.googleusercontent.com/-imHx4WQ9TZs/AAAAAAAAAAI/AAAAAAAAAIc/XPiaLzewXIU/photo.jpg?sz=256","display_name":"Shuvam Shah","link":"https://stackoverflow.com/users/4776878/shuvam-shah"},"is_answered":false,"view_count":584,"answer_count":1,"score":0,"last_activity_date":1650708324,"creation_date":1649159604,"last_edit_date":1649186235,"question_id":71751302,"content_license":"CC BY-SA 4.0","link":"https://stackoverflow.com/questions/71751302/intermittent-cors-issue-with-fastapi-deployed-on-heroku","title":"Intermittent CORS issue with FastAPI deployed on Heroku"},{"tags":["gitlab","gitlab-ci","pipeline","cicd"],"owner":{"account_id":394756,"reputation":709,"user_id":757369,"user_type":"registered","accept_rate":57,"profile_image":"https://i.stack.imgur.com/ZzPt2.png?s=256&g=1","display_name":"realnsleo","link":"https://stackoverflow.com/users/757369/realnsleo"},"is_answered":false,"view_count":585,"answer_count":0,"score":0,"last_activity_date":1649159601,"creation_date":1649159601,"question_id":71751300,"content_license":"CC BY-SA 4.0","link":"https://stackoverflow.com/questions/71751300/cannot-trigger-pipeline-for-my-default-main-branch","title":"Cannot trigger pipeline for my default (main) branch"},{"tags":["c++","sorting"],"owner":{"account_id":5812853,"reputation":13,"user_id":4583367,"user_type":"registered","accept_rate":40,"profile_image":"https://www.gravatar.com/avatar/1b316e6f58d373001feac0d82ab5590d?s=256&d=identicon&r=PG&f=y&so-version=2","display_name":"Anna","link":"https://stackoverflow.com/users/4583367/anna"},"is_answered":true,"view_count":64,"closed_date":1649159966,"accepted_answer_id":71751420,"answer_count":1,"score":0,"last_activity_date":1649160846,"creation_date":1649159594,"question_id":71751299,"link":"https://stackoverflow.com/questions/71751299/efficient-sorting-of-multiple-vectors-with-respect-to-one-vector","closed_reason":"Duplicate","title":"Efficient sorting of multiple vectors with respect to one vector?"},{"tags":["sql","sql-server"],"owner":{"account_id":24833784,"reputation":1,"user_id":18712672,"user_type":"registered","profile_image":"https://i.stack.imgur.com/uhpN7.jpg?s=256&g=1","display_name":"Vi Dinh","link":"https://stackoverflow.com/users/18712672/vi-dinh"},"is_answered":false,"view_count":378,"answer_count":1,"score":-1,"last_activity_date":1649160817,"creation_date":1649159591,"last_edit_date":1649159651,"question_id":71751298,"content_license":"CC BY-SA 4.0","link":"https://stackoverflow.com/questions/71751298/eomonth-function-in-microsoft-sql-did-not-return-records-in-december-31","title":"EOMONTH function in Microsoft SQL did not return records in December 31"},{"tags":["azure-active-directory","microsoft-teams","azure-bot-service","teams-toolkit"],"owner":{"account_id":4438529,"reputation":11,"user_id":3613685,"user_type":"registered","profile_image":"https://www.gravatar.com/avatar/98cce5913e41fb2435207ee01462f83f?s=256&d=identicon&r=PG&f=y&so-version=2","display_name":"matiszs","link":"https://stackoverflow.com/users/3613685/matiszs"},"is_answered":true,"view_count":82,"answer_count":1,"score":0,"last_activity_date":1649300173,"creation_date":1649159586,"question_id":71751297,"content_license":"CC BY-SA 4.0","link":"https://stackoverflow.com/questions/71751297/is-it-possible-to-use-already-build-azure-resources-in-teams-toolkit","title":"Is it possible to use already build Azure resources in Teams toolkit"},{"tags":["java","return","expression","java-14","switch-expression"],"owner":{"account_id":24833754,"reputation":43,"user_id":18712642,"user_type":"registered","profile_image":"https://www.gravatar.com/avatar/200fb8ff5d2c466e92645e1d51542539?s=256&d=identicon&r=PG","display_name":"yongc","link":"https://stackoverflow.com/users/18712642/yongc"},"is_answered":true,"view_count":907,"accepted_answer_id":71752084,"answer_count":1,"score":4,"last_activity_date":1649164413,"creation_date":1649159576,"last_edit_date":1649164413,"question_id":71751296,"content_license":"CC BY-SA 4.0","link":"https://stackoverflow.com/questions/71751296/why-cant-return-be-expressed-in-one-line-when-using-a-switch-expression","title":"Why can&#39;t return be expressed in one line when using a Switch Expression?"}],"has_more":true,"quota_max":300,"quota_remaining":93}