{"items":[{"tags":["postgresql"],"owner":{"account_id":356157,"reputation":11249,"user_id":695498,"user_type":"registered","accept_rate":53,"profile_image":"https://www.gravatar.com/avatar/ee7dba0113ba15076c79d0e9043d7718?s=256&d=identicon&r=PG","display_name":"Thomas","link":"https://stackoverflow.com/users/695498/thomas"},"is_answered":false,"view_count":54,"answer_count":0,"score":2,"last_activity_date":1647526813,"creation_date":1647475090,"last_edit_date":1647526813,"question_id":71505572,"content_license":"CC BY-SA 4.0","link":"https://stackoverflow.com/questions/71505572/explain-the-performance-difference-between-these-two-queries","title":"explain the performance difference between these two queries"},{"tags":["django","authentication","permissions","migration","admin"],"owner":{"account_id":22364243,"reputation":11,"user_id":16580322,"user_type":"registered","profile_image":"https://www.gravatar.com/avatar/617dd33e71ca185d38d590ddbfb314af?s=256&d=identicon&r=PG&f=y&so-version=2","display_name":"iiDeSTRoYeR","link":"https://stackoverflow.com/users/16580322/iidestroyer"},"is_answered":false,"view_count":14,"closed_date":1647528673,"answer_count":0,"score":0,"last_activity_date":1647475013,"creation_date":1647475013,"question_id":71505562,"link":"https://stackoverflow.com/questions/71505562/django-transfer-group-permissions-from-one-database-to-another","closed_reason":"Duplicate","title":"Django: Transfer group permissions from one database to another"},{"tags":["regex","charles-proxy"],"owner":{"account_id":24582801,"reputation":11,"user_id":18487664,"user_type":"registered","profile_image":"https://lh3.googleusercontent.com/a-/AOh14GigGEMQEtMJMnUOXpcNaq6lr54GmQzCOMqR11kGug=k-s256","display_name":"Fyatre","link":"https://stackoverflow.com/users/18487664/fyatre"},"is_answered":false,"view_count":656,"answer_count":1,"score":1,"last_activity_date":1666943361,"creation_date":1647475003,"last_edit_date":1647539115,"question_id":71505561,"content_license":"CC BY-SA 4.0","link":"https://stackoverflow.com/questions/71505561/how-to-modify-single-key-value-pair-with-charles-proxy-rewrite","title":"How to modify single key value pair with Charles proxy rewrite"},{"tags":["go","generics","comparable","type-constraints"],"owner":{"account_id":203260,"reputation":1073,"user_id":450820,"user_type":"registered","accept_rate":83,"profile_image":"https://www.gravatar.com/avatar/151c18cc6cc3bd1bb7a0528c6ef88c77?s=256&d=identicon&r=PG","display_name":"Mike Stay","link":"https://stackoverflow.com/users/450820/mike-stay"},"is_answered":true,"view_count":6451,"accepted_answer_id":71508007,"answer_count":1,"score":4,"last_activity_date":1670494493,"creation_date":1647474958,"last_edit_date":1670494493,"question_id":71505556,"content_license":"CC BY-SA 4.0","link":"https://stackoverflow.com/questions/71505556/go-generics-type-constraint-for-map-keys","title":"Go generics: type constraint for map keys?"},{"tags":["google-kubernetes-engine","google-cloud-sql","hasura"],"owner":{"account_id":483657,"reputation":145,"user_id":898859,"user_type":"registered","accept_rate":60,"profile_image":"https://www.gravatar.com/avatar/e8627cdb8243317d300c803f6566c411?s=256&d=identicon&r=PG","display_name":"Tom K","link":"https://stackoverflow.com/users/898859/tom-k"},"is_answered":true,"view_count":257,"accepted_answer_id":71519934,"answer_count":2,"score":2,"last_activity_date":1647557317,"creation_date":1647474954,"question_id":71505555,"content_license":"CC BY-SA 4.0","link":"https://stackoverflow.com/questions/71505555/gcp-cloudsql-iam-and-hasura","title":"GCP CloudSQL, IAM and Hasura"},{"tags":["python","python-3.x"],"owner":{"account_id":215148,"reputation":560,"user_id":469583,"user_type":"registered","accept_rate":42,"profile_image":"https://www.gravatar.com/avatar/716288e426855d26896e14d6465396e6?s=256&d=identicon&r=PG","display_name":"skcrpk","link":"https://stackoverflow.com/users/469583/skcrpk"},"is_answered":true,"view_count":215,"accepted_answer_id":71537713,"answer_count":2,"score":2,"last_activity_date":1647688944,"creation_date":1647474934,"question_id":71505553,"content_license":"CC BY-SA 4.0","link":"https://stackoverflow.com/questions/71505553/sanitize-unicode-from-json","title":"sanitize unicode from json"},{"tags":["reactjs","react-native","apollo-client","react-apollo","graphql-js"],"owner":{"account_id":5220256,"reputation":2109,"user_id":4173945,"user_type":"registered","profile_image":"https://www.gravatar.com/avatar/6232283c32fc5ea9d38361cc18b14a28?s=256&d=identicon&r=PG&f=y&so-version=2","display_name":"Jakub Michalko","link":"https://stackoverflow.com/users/4173945/jakub-michalko"},"is_answered":false,"view_count":304,"answer_count":0,"score":1,"last_activity_date":1647522454,"creation_date":1647474929,"last_edit_date":1647522454,"question_id":71505551,"content_license":"CC BY-SA 4.0","link":"https://stackoverflow.com/questions/71505551/react-native-apollo-client-and-partial-fetch-in-multiple-queries","title":"React Native - Apollo client and partial fetch in multiple queries"},{"tags":["microsoft-teams"],"owner":{"account_id":16081703,"reputation":150,"user_id":11977925,"user_type":"registered","profile_image":"https://lh3.googleusercontent.com/-PEc8TJh8vco/AAAAAAAAAAI/AAAAAAAAAAA/ACHi3reyrcbDaW5DlhItVmnZhDNbCQkvpw/mo/photo.jpg?sz=256","display_name":"Ben Watson","link":"https://stackoverflow.com/users/11977925/ben-watson"},"is_answered":false,"view_count":2945,"answer_count":0,"score":1,"last_activity_date":1647554190,"creation_date":1647474917,"last_edit_date":1647554190,"question_id":71505550,"content_license":"CC BY-SA 4.0","link":"https://stackoverflow.com/questions/71505550/python-to-publish-to-microsoft-teams-chat","title":"Python to publish to Microsoft Teams Chat"},{"tags":["javascript","recursion"],"owner":{"account_id":3763056,"reputation":121,"user_id":3127399,"user_type":"registered","accept_rate":100,"profile_image":"https://www.gravatar.com/avatar/7bdb7a356aaa747a26a0be2b72e3d5ae?s=256&d=identicon&r=PG&f=y&so-version=2","display_name":"user3127399","link":"https://stackoverflow.com/users/3127399/user3127399"},"is_answered":true,"view_count":83,"accepted_answer_id":71517890,"answer_count":2,"score":0,"last_activity_date":1647544648,"creation_date":1647474915,"question_id":71505549,"content_license":"CC BY-SA 4.0","link":"https://stackoverflow.com/questions/71505549/calculating-on-objects-in-recursive-function","title":"Calculating on objects in recursive function"},{"tags":["php","wordpress"],"owner":{"account_id":1667611,"reputation":323,"user_id":1534712,"user_type":"registered","accept_rate":60,"profile_image":"https://i.stack.imgur.com/5m1zD.jpg?s=256&g=1","display_name":"Jonathan Bird","link":"https://stackoverflow.com/users/1534712/jonathan-bird"},"is_answered":false,"view_count":251,"answer_count":1,"score":0,"last_activity_date":1648195468,"creation_date":1647474899,"last_edit_date":1648195468,"question_id":71505547,"content_license":"CC BY-SA 4.0","link":"https://stackoverflow.com/questions/71505547/questions-funnel-based-on-previous-questions-answers","title":"Questions &#39;funnel&#39; based on previous question&#39;s answers"},{"tags":["python","numpy","numba"],"owner":{"account_id":17971362,"reputation":11,"user_id":14371012,"user_type":"registered","profile_image":"https://lh4.googleusercontent.com/-FPaZ109K33E/AAAAAAAAAAI/AAAAAAAAAAA/AKF05nCvHa4MOHoxhcclyDDkZCUy3dHOtQ/photo.jpg?sz=256","display_name":"Lluvio Liu","link":"https://stackoverflow.com/users/14371012/lluvio-liu"},"is_answered":false,"view_count":420,"answer_count":1,"score":0,"last_activity_date":1647548080,"creation_date":1647474875,"last_edit_date":1647474922,"question_id":71505543,"content_license":"CC BY-SA 4.0","link":"https://stackoverflow.com/questions/71505543/can-i-initialize-an-empty-numpy-array-as-class-attribute-when-using-numba-jitcla","title":"Can I initialize an empty numpy array as class attribute when using numba jitclass"},{"tags":["node.js","express","pm2"],"owner":{"account_id":3051203,"reputation":3,"user_id":2585704,"user_type":"registered","profile_image":"https://www.gravatar.com/avatar/00d3e543d8f5405f0e23b12120090ff2?s=256&d=identicon&r=PG&f=y&so-version=2","display_name":"digitalml","link":"https://stackoverflow.com/users/2585704/digitalml"},"is_answered":false,"view_count":1027,"answer_count":3,"score":0,"last_activity_date":1680518964,"creation_date":1647474841,"last_edit_date":1647475347,"question_id":71505540,"content_license":"CC BY-SA 4.0","link":"https://stackoverflow.com/questions/71505540/why-does-my-node-express-pm2-primary-process-in-cluster-mode-never-handle-incomi","title":"Why does my Node express pm2 primary process in cluster mode never handle incoming requests?"},{"tags":["stata","data-analysis","data-management"],"owner":{"account_id":22344218,"reputation":5,"user_id":16563524,"user_type":"registered","profile_image":"https://lh3.googleusercontent.com/a/AATXAJwgNUYAP8Sbf10FIWv_DbGXE-chy8X6VIOa4nk=k-s256","display_name":"Adi Jahic","link":"https://stackoverflow.com/users/16563524/adi-jahic"},"is_answered":true,"view_count":58,"accepted_answer_id":71505683,"answer_count":1,"score":0,"last_activity_date":1647478433,"creation_date":1647474815,"last_edit_date":1647478433,"question_id":71505539,"content_license":"CC BY-SA 4.0","link":"https://stackoverflow.com/questions/71505539/changing-organization-of-data-so-that-each-observation-represents-a-new-variable","title":"Changing organization of data so that each observation represents a new variable (I tried)"},{"tags":["python","json","string","list","append"],"owner":{"account_id":24582904,"reputation":11,"user_id":18487757,"user_type":"registered","profile_image":"https://lh3.googleusercontent.com/a-/AOh14GjTszWs181Av23ZFp36yYuOU5xJbc6vm1DwNN0y6A=k-s256","display_name":"Luigi Remor","link":"https://stackoverflow.com/users/18487757/luigi-remor"},"is_answered":false,"view_count":521,"answer_count":1,"score":0,"last_activity_date":1647475164,"creation_date":1647474799,"last_edit_date":1647475164,"question_id":71505538,"content_license":"CC BY-SA 4.0","link":"https://stackoverflow.com/questions/71505538/how-to-append-data-to-json-file-in-python","title":"How to append data to json file in python?"},{"tags":["java","java.util.scanner","chatbot","mirroring"],"owner":{"account_id":24226925,"reputation":5,"user_id":18181275,"user_type":"registered","profile_image":"https://i.stack.imgur.com/OBr7g.jpg?s=256&g=1","display_name":"cool cat","link":"https://stackoverflow.com/users/18181275/cool-cat"},"is_answered":true,"view_count":306,"accepted_answer_id":71506670,"answer_count":2,"score":0,"last_activity_date":1647486883,"creation_date":1647474799,"last_edit_date":1647483820,"question_id":71505537,"content_license":"CC BY-SA 4.0","link":"https://stackoverflow.com/questions/71505537/java-chatbot-mirroring-and-canned-responses","title":"Java chatbot mirroring and canned responses"},{"tags":["java","tomcat","logback","tomcat9"],"owner":{"account_id":136322,"reputation":18453,"user_id":339736,"user_type":"registered","accept_rate":83,"profile_image":"https://www.gravatar.com/avatar/6c4a229e9efef764f07c7a4c2beb28b9?s=256&d=identicon&r=PG","display_name":"Russ Bateman","link":"https://stackoverflow.com/users/339736/russ-bateman"},"is_answered":true,"view_count":1409,"accepted_answer_id":71610283,"answer_count":1,"score":0,"last_activity_date":1648161753,"creation_date":1647474779,"last_edit_date":1647548121,"question_id":71505535,"content_license":"CC BY-SA 4.0","link":"https://stackoverflow.com/questions/71505535/using-logback-to-catalina-out","title":"Using Logback to catalina.out"},{"tags":["javascript","three.js"],"owner":{"account_id":22251915,"reputation":105,"user_id":16484677,"user_type":"registered","profile_image":"https://www.gravatar.com/avatar/d88d3e1311043293fd1c0fb2dec7a214?s=256&d=identicon&r=PG&f=y&so-version=2","display_name":"user16484677","link":"https://stackoverflow.com/users/16484677/user16484677"},"is_answered":false,"view_count":337,"answer_count":1,"score":0,"last_activity_date":1647567849,"creation_date":1647474761,"last_edit_date":1647567849,"question_id":71505532,"content_license":"CC BY-SA 4.0","link":"https://stackoverflow.com/questions/71505532/move-orbitcontrol-camera-on-circular-path-around-object","title":"Move orbitcontrol camera on circular path around object"},{"tags":["python"],"owner":{"account_id":24582948,"reputation":3,"user_id":18487798,"user_type":"registered","profile_image":"https://lh3.googleusercontent.com/a-/AOh14GjLuVccjdr9A_I5xO1Jcxy0rDniWSv0bP0nviEO8w=k-s256","display_name":"Prictic_","link":"https://stackoverflow.com/users/18487798/prictic"},"is_answered":true,"view_count":59,"accepted_answer_id":71505544,"answer_count":1,"score":0,"last_activity_date":1647474876,"creation_date":1647474667,"question_id":71505526,"content_license":"CC BY-SA 4.0","link":"https://stackoverflow.com/questions/71505526/i-am-making-a-calculator-the-issue-is-on-line-42-typeerror-unsupported-operand","title":"I am making a calculator the issue is on line 42 TypeError: unsupported operand type(s) for ** or pow(): &#39;str&#39; and &#39;int&#39;"},{"tags":["python-3.x","python-2.7","lambda"],"owner":{"account_id":16527823,"reputation":645,"user_id":11941998,"user_type":"registered","profile_image":"https://lh6.googleusercontent.com/-csc_BTis3uI/AAAAAAAAAAI/AAAAAAAAAAA/ACHi3rddgKuufYpScd5APQRGLuZUahaoJA/photo.jpg?sz=256","display_name":"Lagot","link":"https://stackoverflow.com/users/11941998/lagot"},"is_answered":false,"view_count":319,"answer_count":1,"score":0,"last_activity_date":1647493836,"creation_date":1647474611,"question_id":71505521,"content_license":"CC BY-SA 4.0","link":"https://stackoverflow.com/questions/71505521/lambda-python3-8-urllib2","title":"Lambda Python3.8 urllib2"},{"tags":["swiftui","swiftui-tabview"],"owner":{"account_id":19927334,"reputation":1107,"user_id":14601731,"user_type":"registered","profile_image":"https://i.stack.imgur.com/xZzEG.jpg?s=256&g=1","display_name":"cole","link":"https://stackoverflow.com/users/14601731/cole"},"is_answered":true,"view_count":1398,"accepted_answer_id":71506379,"answer_count":2,"score":1,"last_activity_date":1647483881,"creation_date":1647474576,"question_id":71505518,"content_license":"CC BY-SA 4.0","link":"https://stackoverflow.com/questions/71505518/tabview-keeping-state-on-tab-changes-swiftui","title":"TabView keeping state on tab changes SwiftUI"},{"tags":["django","django-models"],"owner":{"account_id":14517017,"reputation":153,"user_id":10485812,"user_type":"registered","profile_image":"https://i.stack.imgur.com/s64N1.jpg?s=256&g=1","display_name":"The Ultraempoleon","link":"https://stackoverflow.com/users/10485812/the-ultraempoleon"},"is_answered":true,"view_count":116,"accepted_answer_id":71505573,"answer_count":1,"score":0,"last_activity_date":1647475103,"creation_date":1647474560,"question_id":71505514,"content_license":"CC BY-SA 4.0","link":"https://stackoverflow.com/questions/71505514/django-aggregate-sum-of-manytomany-is-adding-up-everything-in-its-field-instead","title":"Django aggregate sum of manytomany is adding up everything in its field instead of the ones selected"},{"tags":["python","pandas","matplotlib"],"owner":{"account_id":2728367,"reputation":3781,"user_id":3084842,"user_type":"registered","accept_rate":78,"profile_image":"https://i.stack.imgur.com/wuYvF.jpg?s=256&g=1","display_name":"Medulla Oblongata","link":"https://stackoverflow.com/users/3084842/medulla-oblongata"},"is_answered":true,"view_count":394,"accepted_answer_id":71509375,"answer_count":1,"score":0,"last_activity_date":1647506806,"creation_date":1647474556,"last_edit_date":1647475614,"question_id":71505513,"content_license":"CC BY-SA 4.0","link":"https://stackoverflow.com/questions/71505513/plotting-two-weeks-of-pandas-time-series-data-on-single-axis-in-matplotlib","title":"Plotting two weeks of pandas time series data on single axis in matplotlib"},{"tags":["user-interface","vuetify.js","tailwind-css"],"owner":{"account_id":10252918,"reputation":1,"user_id":7566552,"user_type":"registered","profile_image":"https://www.gravatar.com/avatar/407ab1ab4a23e1d1e4fce43a41fe092f?s=256&d=identicon&r=PG&f=y&so-version=2","display_name":"DigitallyDoused","link":"https://stackoverflow.com/users/7566552/digitallydoused"},"is_answered":false,"view_count":1665,"answer_count":0,"score":0,"last_activity_date":1647474553,"creation_date":1647474553,"question_id":71505512,"content_license":"CC BY-SA 4.0","link":"https://stackoverflow.com/questions/71505512/is-there-a-point-using-vuetify-or-should-i-just-be-using-tailwindcss-or-another","title":"Is there a point using Vuetify or should I just be using TailwindCSS or another library?"},{"tags":["javascript","typescript","lodash"],"owner":{"account_id":10347951,"reputation":451,"user_id":7632266,"user_type":"registered","profile_image":"https://www.gravatar.com/avatar/08d5b400a0ab43929825112357feb9fc?s=256&d=identicon&r=PG&f=y&so-version=2","display_name":"Vlad","link":"https://stackoverflow.com/users/7632266/vlad"},"is_answered":true,"view_count":17780,"accepted_answer_id":77485458,"answer_count":7,"score":0,"last_activity_date":1700026202,"creation_date":1647474515,"last_edit_date":1685873887,"question_id":71505507,"content_license":"CC BY-SA 4.0","link":"https://stackoverflow.com/questions/71505507/how-to-group-array-of-objects-by-certain-property-values","title":"How to group array of objects by certain property values"},{"tags":["java"],"owner":{"account_id":23402077,"reputation":3,"user_id":17465101,"user_type":"registered","profile_image":"https://lh3.googleusercontent.com/a/AATXAJwMOfqWs6zMM5hXk2uppCHZeJPHQUYW8XuIvXjL=k-s256","display_name":"Nimai Bhat","link":"https://stackoverflow.com/users/17465101/nimai-bhat"},"is_answered":true,"view_count":74,"accepted_answer_id":71505570,"answer_count":3,"score":0,"last_activity_date":1647477942,"creation_date":1647474502,"question_id":71505505,"content_license":"CC BY-SA 4.0","link":"https://stackoverflow.com/questions/71505505/how-to-create-new-array-without-elements-in-certain-range","title":"How to create new array without elements in certain range?"},{"tags":["acumatica"],"owner":{"account_id":406639,"reputation":730,"user_id":776271,"user_type":"registered","accept_rate":34,"profile_image":"https://www.gravatar.com/avatar/16a27e49c86383eedf7ed250be9f19c0?s=256&d=identicon&r=PG","display_name":"Adriaan Davel","link":"https://stackoverflow.com/users/776271/adriaan-davel"},"is_answered":true,"view_count":97,"accepted_answer_id":71828427,"answer_count":2,"score":0,"last_activity_date":1649682514,"creation_date":1647474498,"question_id":71505504,"content_license":"CC BY-SA 4.0","link":"https://stackoverflow.com/questions/71505504/create-missing-data-on-rowselected","title":"Create missing data on RowSelected"},{"tags":["angular","angular-module","webpack-module-federation","angular-module-federation"],"owner":{"account_id":8433212,"reputation":3297,"user_id":6328161,"user_type":"registered","accept_rate":29,"profile_image":"https://i.stack.imgur.com/Cfz1B.jpg?s=256&g=1","display_name":"Wayne Kaskie","link":"https://stackoverflow.com/users/6328161/wayne-kaskie"},"is_answered":true,"view_count":841,"accepted_answer_id":74658587,"answer_count":1,"score":3,"last_activity_date":1669999983,"creation_date":1647474496,"question_id":71505503,"content_license":"CC BY-SA 4.0","link":"https://stackoverflow.com/questions/71505503/how-to-use-angular-module-federation-to-import-an-entire-app","title":"How to use Angular Module Federation to import an entire app"},{"tags":["android","facebook-audience-network","applovin"],"owner":{"account_id":14871848,"reputation":159,"user_id":12816936,"user_type":"registered","profile_image":"https://i.stack.imgur.com/ok99w.png?s=256&g=1","display_name":"agega","link":"https://stackoverflow.com/users/12816936/agega"},"is_answered":true,"view_count":5720,"accepted_answer_id":71513954,"answer_count":1,"score":1,"last_activity_date":1647526913,"creation_date":1647474426,"question_id":71505497,"content_license":"CC BY-SA 4.0","link":"https://stackoverflow.com/questions/71505497/applovin-quality-service-gradle-plugin","title":"AppLovin Quality Service Gradle Plugin"},{"tags":["imagemagick","mogrify"],"owner":{"account_id":4783457,"reputation":406,"user_id":5085934,"user_type":"registered","accept_rate":50,"profile_image":"https://www.gravatar.com/avatar/690fe83da2d25732fd5660c6ee151b18?s=256&d=identicon&r=PG&f=y&so-version=2","display_name":"Joshua Schroijen","link":"https://stackoverflow.com/users/5085934/joshua-schroijen"},"is_answered":false,"view_count":423,"answer_count":0,"score":1,"last_activity_date":1647474395,"creation_date":1647474395,"question_id":71505492,"content_license":"CC BY-SA 4.0","link":"https://stackoverflow.com/questions/71505492/changing-jpegs-colorspace-from-srgb-to-ycbcr","title":"Changing JPEG&#39;s colorspace from sRGB to YCbCr"},{"tags":["python"],"owner":{"account_id":9489951,"reputation":223,"user_id":10558269,"user_type":"registered","profile_image":"https://i.stack.imgur.com/Kc4AP.png?s=256&g=1","display_name":"Shyrokoa","link":"https://stackoverflow.com/users/10558269/shyrokoa"},"is_answered":false,"view_count":56,"answer_count":0,"score":0,"last_activity_date":1647474350,"creation_date":1647474350,"question_id":71505490,"content_license":"CC BY-SA 4.0","link":"https://stackoverflow.com/questions/71505490/how-to-round-in-python-when-the-ndigit1th-digit-is-5","title":"How to round in python when the (ndigit+1)th digit is =5?"}],"has_more":true,"quota_max":300,"quota_remaining":171}