{"items":[{"tags":["lua","roblox"],"owner":{"account_id":24596226,"reputation":3,"user_id":18499567,"user_type":"registered","profile_image":"https://lh3.googleusercontent.com/a-/AOh14GgNTxfNt95oNqdPBydqXTYoUV7zWX9JWkjEWfzgug=k-s256","display_name":"Tropics","link":"https://stackoverflow.com/users/18499567/tropics"},"is_answered":false,"view_count":663,"answer_count":1,"score":0,"last_activity_date":1659727835,"creation_date":1649635138,"last_edit_date":1649695327,"question_id":71821457,"content_license":"CC BY-SA 4.0","link":"https://stackoverflow.com/questions/71821457/how-do-i-anchor-a-part-in-roblox-studio-without-anchoring-it","title":"How do I anchor a part in Roblox Studio without anchoring it?"},{"tags":["algorithm"],"owner":{"account_id":16138536,"reputation":491,"user_id":11650363,"user_type":"registered","profile_image":"https://www.gravatar.com/avatar/ec3c277bdd1da3f21080ab5b39fda52e?s=256&d=identicon&r=PG&f=y&so-version=2","display_name":"Hongli Bu","link":"https://stackoverflow.com/users/11650363/hongli-bu"},"is_answered":true,"view_count":75,"accepted_answer_id":71823315,"answer_count":1,"score":1,"last_activity_date":1649658048,"creation_date":1649635136,"last_edit_date":1649658048,"question_id":71821456,"content_license":"CC BY-SA 4.0","link":"https://stackoverflow.com/questions/71821456/combine-to-get-smallest-num-that-larger-than-a-target","title":"Combine to get smallest num that larger than a target"},{"tags":["java","intellij-idea","syntax-highlighting"],"owner":{"account_id":20506260,"reputation":417,"user_id":15048981,"user_type":"registered","profile_image":"https://i.stack.imgur.com/zPIHQ.png?s=256&g=1","display_name":"Amodh","link":"https://stackoverflow.com/users/15048981/amodh"},"is_answered":true,"view_count":1591,"accepted_answer_id":71821530,"answer_count":2,"score":1,"last_activity_date":1698643890,"creation_date":1649635079,"last_edit_date":1698643890,"question_id":71821451,"content_license":"CC BY-SA 4.0","link":"https://stackoverflow.com/questions/71821451/java-syntax-highlighting-issue-for-intellij-ultimate","title":"Java Syntax Highlighting Issue for IntelliJ Ultimate"},{"tags":["javascript","html"],"owner":{"account_id":10329386,"reputation":13414,"user_id":7619808,"user_type":"registered","profile_image":"https://i.stack.imgur.com/87JqF.jpg?s=256&g=1","display_name":"logankilpatrick","link":"https://stackoverflow.com/users/7619808/logankilpatrick"},"is_answered":true,"view_count":327,"answer_count":1,"score":1,"last_activity_date":1649640349,"creation_date":1649635079,"question_id":71821450,"content_license":"CC BY-SA 4.0","link":"https://stackoverflow.com/questions/71821450/how-to-have-a-link-trigger-both-a-file-download-and-take-me-to-a-new-page","title":"How to have a link trigger both a file download and take me to a new page?"},{"tags":["laravel","where-clause"],"owner":{"account_id":9958228,"reputation":55,"user_id":7368356,"user_type":"registered","profile_image":"https://www.gravatar.com/avatar/0e6a749aa5f3adfc8c1329c57cdcc0df?s=256&d=identicon&r=PG&f=y&so-version=2","display_name":"pandorabacchus","link":"https://stackoverflow.com/users/7368356/pandorabacchus"},"is_answered":true,"view_count":82,"answer_count":2,"score":0,"last_activity_date":1649684205,"creation_date":1649635023,"last_edit_date":1649638811,"question_id":71821445,"content_license":"CC BY-SA 4.0","link":"https://stackoverflow.com/questions/71821445/query-that-returns-only-teams-where-no-user-has-logged-in-within-last-30-days","title":"Query that returns only Teams where no User has logged in within last 30 Days"},{"tags":["vue.js","vuejs2"],"owner":{"account_id":10019924,"reputation":199,"user_id":7412465,"user_type":"registered","profile_image":"https://i.stack.imgur.com/PTTnC.jpg?s=256&g=1","display_name":"Diego Vieira","link":"https://stackoverflow.com/users/7412465/diego-vieira"},"is_answered":false,"view_count":1502,"answer_count":1,"score":-1,"last_activity_date":1649635884,"creation_date":1649635008,"question_id":71821443,"content_license":"CC BY-SA 4.0","link":"https://stackoverflow.com/questions/71821443/how-make-axios-finally-waiting-until-then-is-finished","title":"How make Axios &quot;finally&quot; waiting until &quot;then&quot; is finished?"},{"tags":["javascript","discord.js"],"owner":{"account_id":24553919,"reputation":1,"user_id":18462773,"user_type":"registered","profile_image":"https://www.gravatar.com/avatar/485ddc95670aa9e6d3cb08c99a584ea3?s=256&d=identicon&r=PG","display_name":"esatat","link":"https://stackoverflow.com/users/18462773/esatat"},"is_answered":false,"view_count":115,"answer_count":1,"score":0,"last_activity_date":1649699170,"creation_date":1649634986,"question_id":71821441,"content_license":"CC BY-SA 4.0","link":"https://stackoverflow.com/questions/71821441/messagereactionadd-isnt-firing-despite-proper-setup-discord-js","title":"messageReactionAdd isn&#39;t firing despite proper setup Discord.js"},{"tags":["node.js","express","sequelize.js"],"owner":{"account_id":16122877,"reputation":148,"user_id":14695255,"user_type":"registered","profile_image":"https://i.stack.imgur.com/r6Ivk.jpg?s=256&g=1","display_name":"Maxim","link":"https://stackoverflow.com/users/14695255/maxim"},"is_answered":true,"view_count":899,"accepted_answer_id":71944036,"answer_count":2,"score":1,"last_activity_date":1658897701,"creation_date":1649634978,"last_edit_date":1650476753,"question_id":71821440,"content_license":"CC BY-SA 4.0","link":"https://stackoverflow.com/questions/71821440/sequelize-find-all-posts-and-add-column-isliked-from-table-likes-with-boole","title":"sequelize. Find all posts and add column &quot;isLiked&quot; from table &quot;likes&quot; with boolean value if current user marked this post with &#39;like&#39;"},{"tags":["java","interface","static"],"owner":{"account_id":886614,"reputation":29581,"user_id":925913,"user_type":"registered","accept_rate":82,"profile_image":"https://www.gravatar.com/avatar/3ba33ffce11c62117bcb57be4ac30951?s=256&d=identicon&r=PG&f=y&so-version=2","display_name":"Andrew Cheong","link":"https://stackoverflow.com/users/925913/andrew-cheong"},"is_answered":true,"view_count":128,"closed_date":1649729295,"accepted_answer_id":71821760,"answer_count":1,"score":1,"last_activity_date":1649640354,"creation_date":1649634935,"last_edit_date":1649635860,"question_id":71821435,"link":"https://stackoverflow.com/questions/71821435/how-is-this-static-method-being-passed-in-lieu-of-a-class-that-implements-an-int","closed_reason":"Duplicate","title":"How is this static method being passed in lieu of a class that implements an interface?"},{"tags":["arrays","google-sheets","split","sum","google-query-language"],"owner":{"account_id":22810464,"reputation":49,"user_id":17398976,"user_type":"registered","profile_image":"https://www.gravatar.com/avatar/eea514108ba0333ff0ce2d79e491b6f0?s=256&d=identicon&r=PG&f=y&so-version=2","display_name":"UmaLPZ","link":"https://stackoverflow.com/users/17398976/umalpz"},"is_answered":true,"view_count":151,"accepted_answer_id":71821474,"answer_count":1,"score":1,"last_activity_date":1650938630,"creation_date":1649634801,"last_edit_date":1650938630,"question_id":71821428,"content_license":"CC BY-SA 4.0","link":"https://stackoverflow.com/questions/71821428/google-sheets-split-function-with-array","title":"Google Sheets Split function with Array"},{"tags":["python","bluetooth","bluetooth-lowenergy","esp32","micropython"],"owner":{"account_id":16344893,"reputation":614,"user_id":11804921,"user_type":"registered","profile_image":"https://www.gravatar.com/avatar/97aee1974ddc5eb75173855c03ed73e9?s=256&d=identicon&r=PG&f=y&so-version=2","display_name":"harrolee","link":"https://stackoverflow.com/users/11804921/harrolee"},"is_answered":true,"view_count":2190,"accepted_answer_id":71847137,"answer_count":1,"score":1,"last_activity_date":1649785813,"creation_date":1649634752,"last_edit_date":1649727250,"question_id":71821424,"content_license":"CC BY-SA 4.0","link":"https://stackoverflow.com/questions/71821424/micropython-esp32-bluetooth-vs-ubluetooth","title":"Micropython ESP32: bluetooth vs ubluetooth"},{"tags":["javascript","fabricjs"],"owner":{"account_id":10416702,"reputation":23,"user_id":7680561,"user_type":"registered","profile_image":"https://www.gravatar.com/avatar/8bfdc0352e439e7dbb613897f7fd1ca3?s=256&d=identicon&r=PG&f=y&so-version=2","display_name":"TapeGun007","link":"https://stackoverflow.com/users/7680561/tapegun007"},"is_answered":true,"view_count":86,"accepted_answer_id":71825182,"answer_count":1,"score":0,"last_activity_date":1649752341,"creation_date":1649634724,"last_edit_date":1649752341,"question_id":71821422,"content_license":"CC BY-SA 4.0","link":"https://stackoverflow.com/questions/71821422/javascript-fabric-js-function-properties-of-a-line","title":"Javascript fabric.js function properties of a line"},{"tags":["blockchain","solidity","cryptocurrency","binance-smart-chain","pancakeswap"],"owner":{"account_id":21173603,"reputation":11,"user_id":16028016,"user_type":"registered","profile_image":"https://www.gravatar.com/avatar/dba2d432a4492e50fe9a2d343ae9628e?s=256&d=identicon&r=PG&f=y&so-version=2","display_name":"coderpr0grammer","link":"https://stackoverflow.com/users/16028016/coderpr0grammer"},"is_answered":false,"view_count":459,"answer_count":1,"score":1,"last_activity_date":1680958267,"creation_date":1649634675,"question_id":71821416,"content_license":"CC BY-SA 4.0","link":"https://stackoverflow.com/questions/71821416/problem-with-bsc-token-pricing-on-pancakeswap","title":"Problem with BSC Token pricing on Pancakeswap"},{"tags":["node.js","express","axios","heroku-postgres"],"owner":{"account_id":23132596,"reputation":60,"user_id":17237294,"user_type":"registered","profile_image":"https://www.gravatar.com/avatar/898417cdc2b4235a7ef3a956746c083b?s=256&d=identicon&r=PG","display_name":"Tyreeck M","link":"https://stackoverflow.com/users/17237294/tyreeck-m"},"is_answered":true,"view_count":20917,"accepted_answer_id":71825221,"answer_count":1,"score":2,"last_activity_date":1649668025,"creation_date":1649634671,"question_id":71821415,"content_license":"CC BY-SA 4.0","link":"https://stackoverflow.com/questions/71821415/error-connect-econnrefused-127-0-0-15432","title":"Error: connect ECONNREFUSED 127.0.0.1:5432"},{"tags":["json","laravel"],"owner":{"account_id":13957691,"reputation":41,"user_id":10079588,"user_type":"registered","profile_image":"https://lh4.googleusercontent.com/-ui_1PqCCfLk/AAAAAAAAAAI/AAAAAAAAABI/HZLj8kk-V9o/photo.jpg?sz=256","display_name":"Maged ahmed","link":"https://stackoverflow.com/users/10079588/maged-ahmed"},"is_answered":false,"view_count":72,"answer_count":1,"score":0,"last_activity_date":1649636937,"creation_date":1649634637,"question_id":71821411,"content_license":"CC BY-SA 4.0","link":"https://stackoverflow.com/questions/71821411/app-helper-return-different-structure-on-server","title":"app() helper return different structure on server"},{"tags":["android","material-design","material-components-android"],"owner":{"account_id":24894553,"reputation":5,"user_id":18765983,"user_type":"registered","profile_image":"https://www.gravatar.com/avatar/7bfbebe9fb092f87f2049876c98528e7?s=256&d=identicon&r=PG","display_name":"anonymo1223","link":"https://stackoverflow.com/users/18765983/anonymo1223"},"is_answered":true,"view_count":454,"accepted_answer_id":71822853,"answer_count":1,"score":0,"last_activity_date":1649653005,"creation_date":1649634605,"question_id":71821407,"content_license":"CC BY-SA 4.0","link":"https://stackoverflow.com/questions/71821407/android-autocompletetextview-with-style-exposeddropdownmenu","title":"Android AutoCompleteTextView with Style ExposedDropDownMenu"},{"tags":["html","css"],"owner":{"account_id":14668618,"reputation":65,"user_id":14039675,"user_type":"registered","profile_image":"https://i.stack.imgur.com/re6p5.jpg?s=256&g=1","display_name":"mferraro","link":"https://stackoverflow.com/users/14039675/mferraro"},"is_answered":true,"view_count":936,"accepted_answer_id":71821519,"answer_count":3,"score":4,"last_activity_date":1650047681,"creation_date":1649634586,"last_edit_date":1649636490,"question_id":71821406,"content_license":"CC BY-SA 4.0","link":"https://stackoverflow.com/questions/71821406/css-position-sticky-stops-being-sticky-at-the-start-of-another-div","title":"CSS position: sticky; stops being sticky at the start of another div"},{"tags":["java","android","arraylist","android-listview","android-arrayadapter"],"owner":{"account_id":24493596,"reputation":25,"user_id":18410262,"user_type":"registered","profile_image":"https://lh3.googleusercontent.com/a/AATXAJxhFtE8-WLU89auylIlHXGqgEHarEO39uWM6FQM=k-s256","display_name":"MMS","link":"https://stackoverflow.com/users/18410262/mms"},"is_answered":false,"view_count":493,"answer_count":0,"score":0,"last_activity_date":1649634575,"creation_date":1649634575,"question_id":71821404,"content_license":"CC BY-SA 4.0","link":"https://stackoverflow.com/questions/71821404/using-list-view-and-array-adapter-in-android-studio","title":"Using list view and array adapter in android studio"},{"tags":["html","css","forms","input","placeholder"],"owner":{"account_id":24508923,"reputation":11,"user_id":18423532,"user_type":"registered","profile_image":"https://lh3.googleusercontent.com/a-/AOh14Gh4Q1_dIVMJ67z99dsFS8l5Enmd-exT9uiNwByw3Q=k-s256","display_name":"Bello Azeez","link":"https://stackoverflow.com/users/18423532/bello-azeez"},"is_answered":true,"view_count":100,"answer_count":1,"score":1,"last_activity_date":1649638309,"creation_date":1649634572,"last_edit_date":1649634685,"question_id":71821403,"content_license":"CC BY-SA 4.0","link":"https://stackoverflow.com/questions/71821403/how-can-i-include-an-image-or-icon-a-placeholder-alongside-with-text-on-a-input","title":"how can I include an image or icon a placeholder alongside with text on a input form"},{"tags":["python"],"owner":{"account_id":24894629,"reputation":1,"user_id":18766049,"user_type":"registered","profile_image":"https://lh3.googleusercontent.com/a-/AOh14GhH8IQLBi317ex4zxJ6jnC8ydXUxXRVYv4iDVPtAw=k-s256","display_name":"Midnight","link":"https://stackoverflow.com/users/18766049/midnight"},"is_answered":false,"view_count":92,"answer_count":2,"score":-1,"last_activity_date":1650039428,"creation_date":1649634530,"last_edit_date":1649645174,"question_id":71821401,"content_license":"CC BY-SA 4.0","link":"https://stackoverflow.com/questions/71821401/why-isnt-pyautogui-tracking-the-coordinates-of-my-mouse","title":"Why isn&#39;t pyautogui tracking the coordinates of my mouse?"},{"tags":["javascript","css"],"owner":{"account_id":24757062,"reputation":1,"user_id":18766056,"user_type":"registered","profile_image":"https://lh3.googleusercontent.com/a/AATXAJzmhw4ft-b6VelrQgWw1oejSb2y8Gt1tcXYmbpr=k-s256","display_name":"Elle","link":"https://stackoverflow.com/users/18766056/elle"},"is_answered":false,"view_count":88,"answer_count":1,"score":0,"last_activity_date":1649637792,"creation_date":1649634443,"question_id":71821395,"content_license":"CC BY-SA 4.0","link":"https://stackoverflow.com/questions/71821395/getting-modal-to-fade-in-and-out","title":"Getting modal to fade in and out"},{"tags":["python","loops","for-loop","nested"],"owner":{"user_type":"does_not_exist","display_name":"user16440950"},"is_answered":true,"view_count":48,"answer_count":1,"score":0,"last_activity_date":1649635513,"creation_date":1649634411,"question_id":71821392,"content_license":"CC BY-SA 4.0","link":"https://stackoverflow.com/questions/71821392/python-nested-for-loop-issues","title":"Python nested for loop issues"},{"tags":["excel","vba"],"owner":{"account_id":16232893,"reputation":181,"user_id":11721358,"user_type":"registered","profile_image":"https://i.stack.imgur.com/QuzBu.jpg?s=256&g=1","display_name":"Daniel","link":"https://stackoverflow.com/users/11721358/daniel"},"is_answered":true,"view_count":776,"accepted_answer_id":71821836,"answer_count":1,"score":-1,"last_activity_date":1662637832,"creation_date":1649634376,"last_edit_date":1662637832,"question_id":71821389,"content_license":"CC BY-SA 4.0","link":"https://stackoverflow.com/questions/71821389/worksheet-function-filter-get-data","title":"Worksheet Function &quot;Filter&quot; get data"},{"tags":["node.js","discord.js","bots"],"owner":{"account_id":22349287,"reputation":75,"user_id":16567750,"user_type":"registered","profile_image":"https://i.stack.imgur.com/V6ztt.png?s=256&g=1","display_name":"ReinerPing","link":"https://stackoverflow.com/users/16567750/reinerping"},"is_answered":true,"view_count":7206,"answer_count":2,"score":6,"last_activity_date":1668800990,"creation_date":1649634323,"question_id":71821385,"content_license":"CC BY-SA 4.0","link":"https://stackoverflow.com/questions/71821385/discord-bot-use-slash-command","title":"Discord Bot use slash command"},{"tags":["php","paypal"],"owner":{"account_id":14671834,"reputation":65,"user_id":10596102,"user_type":"registered","profile_image":"https://www.gravatar.com/avatar/435f97ea77266c102a88fde82e1967be?s=256&d=identicon&r=PG&f=y&so-version=2","display_name":"Ali Mammadov","link":"https://stackoverflow.com/users/10596102/ali-mammadov"},"is_answered":true,"view_count":87,"accepted_answer_id":71821437,"answer_count":1,"score":0,"last_activity_date":1649671272,"creation_date":1649634252,"last_edit_date":1649671272,"question_id":71821377,"content_license":"CC BY-SA 4.0","link":"https://stackoverflow.com/questions/71821377/capturing-paypal-authorizations-in-batch-from-cron","title":"Capturing PayPal authorizations in batch from cron"},{"tags":["json","jq"],"owner":{"account_id":6107675,"reputation":3,"user_id":5403469,"user_type":"registered","profile_image":"https://www.gravatar.com/avatar/bf31e84bb24db9c07d8fc93a37fa177a?s=256&d=identicon&r=PG&f=y&so-version=2","display_name":"Justin Lim","link":"https://stackoverflow.com/users/5403469/justin-lim"},"is_answered":true,"view_count":61,"accepted_answer_id":71822129,"answer_count":1,"score":0,"last_activity_date":1649644229,"creation_date":1649634231,"last_edit_date":1649638773,"question_id":71821374,"content_license":"CC BY-SA 4.0","link":"https://stackoverflow.com/questions/71821374/iterate-on-key-to-get-the-contents-of-the-key","title":"iterate on key to get the contents of the key"},{"tags":["visual-studio-code","vscode-remote","fedora-silverblue","remote-containers"],"owner":{"account_id":20683611,"reputation":1207,"user_id":15186569,"user_type":"registered","profile_image":"https://www.gravatar.com/avatar/86f746c13abc3343961b9f97572487ef?s=256&d=identicon&r=PG&f=y&so-version=2","display_name":"ThrowsError","link":"https://stackoverflow.com/users/15186569/throwserror"},"is_answered":true,"view_count":1468,"accepted_answer_id":72055936,"answer_count":1,"score":7,"last_activity_date":1651226998,"creation_date":1649634201,"last_edit_date":1649851566,"question_id":71821372,"content_license":"CC BY-SA 4.0","link":"https://stackoverflow.com/questions/71821372/fedora-silverblue-vs-codes-remote-container-extension-empty-folder","title":"Fedora Silverblue : VS code&#39;s remote container extension : empty folder"},{"tags":["google-sheets","syntax","google-sheets-formula","formula","google-query-language"],"owner":{"account_id":8143899,"reputation":971,"user_id":6133106,"user_type":"registered","profile_image":"https://www.gravatar.com/avatar/077268f97662d3df4294ed70566ea1d6?s=256&d=identicon&r=PG&f=y&so-version=2","display_name":"Chris","link":"https://stackoverflow.com/users/6133106/chris"},"is_answered":true,"view_count":2354,"accepted_answer_id":71821387,"answer_count":2,"score":2,"last_activity_date":1658372903,"creation_date":1649634182,"last_edit_date":1649638455,"question_id":71821370,"content_license":"CC BY-SA 4.0","link":"https://stackoverflow.com/questions/71821370/how-to-select-specific-columns-from-array-in-google-sheets-query","title":"How to select specific columns from array in Google Sheets query?"},{"tags":["r"],"owner":{"account_id":22421448,"reputation":153,"user_id":16628664,"user_type":"registered","profile_image":"https://www.gravatar.com/avatar/68dc6490829825e31f6b970dc90c43af?s=256&d=identicon&r=PG&f=y&so-version=2","display_name":"Santiago99","link":"https://stackoverflow.com/users/16628664/santiago99"},"is_answered":true,"view_count":408,"accepted_answer_id":71821496,"answer_count":1,"score":2,"last_activity_date":1649635723,"creation_date":1649634150,"question_id":71821365,"content_license":"CC BY-SA 4.0","link":"https://stackoverflow.com/questions/71821365/is-it-possible-to-change-the-label-model-for-plot-coefficients-when-using-plot","title":"Is it possible to change the label &quot;model&quot; for plot coefficients when using plot_summs in r?"},{"tags":["javascript","arrays","reactjs","react-native","javascript-objects"],"owner":{"account_id":20517856,"reputation":191,"user_id":15058094,"user_type":"registered","profile_image":"https://lh3.googleusercontent.com/-Ctcf9_nklpg/AAAAAAAAAAI/AAAAAAAAAAA/AMZuuckMByY99O-g5o8Wd0eEqql05ZWmog/s96-c/photo.jpg?sz=256","display_name":"houcin olmostaf","link":"https://stackoverflow.com/users/15058094/houcin-olmostaf"},"is_answered":true,"view_count":1354,"closed_date":1649634644,"answer_count":1,"score":-3,"last_activity_date":1649701022,"creation_date":1649634134,"last_edit_date":1649701022,"question_id":71821364,"link":"https://stackoverflow.com/questions/71821364/how-can-i-access-nested-array-and-loop-through-the-elements","closed_reason":"Duplicate","title":"how can I access nested array and loop through the elements"}],"has_more":true,"quota_max":300,"quota_remaining":72}