{"items":[{"tags":["c","switch-statement","statements"],"owner":{"account_id":24107135,"reputation":1,"user_id":18078183,"user_type":"registered","profile_image":"https://lh3.googleusercontent.com/a-/AOh14GjRerhkfIb96dBGnezVzUlvkCRRkx3emKcladzX=k-s256","display_name":"random","link":"https://stackoverflow.com/users/18078183/random"},"is_answered":true,"view_count":70,"answer_count":3,"score":0,"last_activity_date":1643786431,"creation_date":1643608797,"last_edit_date":1643786431,"question_id":70921809,"content_license":"CC BY-SA 4.0","link":"https://stackoverflow.com/questions/70921809/how-to-use-switch-statement-in-c","title":"How to use switch statement in c"},{"tags":["google-bigquery"],"owner":{"account_id":2184879,"reputation":19,"user_id":1933498,"user_type":"registered","profile_image":"https://www.gravatar.com/avatar/46cffd1dcbe3393848eb4d60bf706da9?s=256&d=identicon&r=PG","display_name":"kitichai","link":"https://stackoverflow.com/users/1933498/kitichai"},"is_answered":true,"view_count":95,"answer_count":1,"score":1,"last_activity_date":1643962287,"creation_date":1643608746,"last_edit_date":1643610286,"question_id":70921805,"content_license":"CC BY-SA 4.0","link":"https://stackoverflow.com/questions/70921805/google-bigquery-with-google-drive-source-error","title":"Google BigQuery with Google Drive source error"},{"tags":["python","string","list","integer","map-function"],"owner":{"account_id":11340308,"reputation":1972,"user_id":8314628,"user_type":"registered","accept_rate":88,"profile_image":"https://www.gravatar.com/avatar/5dfca793a454b8d718bb5eadef24d0d9?s=256&d=identicon&r=PG&f=y&so-version=2","display_name":"user8314628","link":"https://stackoverflow.com/users/8314628/user8314628"},"is_answered":true,"view_count":1395,"answer_count":4,"score":-2,"last_activity_date":1643609331,"creation_date":1643608709,"last_edit_date":1643609331,"question_id":70921803,"content_license":"CC BY-SA 4.0","link":"https://stackoverflow.com/questions/70921803/python-how-to-apply-map-function-on-elements-of-list-if-possible","title":"Python how to apply map function on elements of list if possible?"},{"tags":["html","css","image","grid"],"owner":{"account_id":24107079,"reputation":11,"user_id":18078131,"user_type":"registered","profile_image":"https://www.gravatar.com/avatar/26d3dca3e3cb3672962e9678be61a995?s=256&d=identicon&r=PG","display_name":"nangala ","link":"https://stackoverflow.com/users/18078131/nangala"},"is_answered":false,"view_count":34,"answer_count":0,"score":1,"last_activity_date":1643638906,"creation_date":1643608693,"last_edit_date":1643638906,"question_id":70921802,"content_license":"CC BY-SA 4.0","link":"https://stackoverflow.com/questions/70921802/images-point-through-bottom-of-grid-column","title":"Images point through bottom of grid column"},{"tags":["flutter","dart"],"owner":{"account_id":266430,"reputation":41,"user_id":2761446,"user_type":"registered","profile_image":"https://www.gravatar.com/avatar/7e296bc11c5b3783f842bdd31c05f031?s=256&d=identicon&r=PG","display_name":"zloy.strelok","link":"https://stackoverflow.com/users/2761446/zloy-strelok"},"is_answered":false,"view_count":46,"answer_count":1,"score":0,"last_activity_date":1643614661,"creation_date":1643608612,"last_edit_date":1643614661,"question_id":70921798,"content_license":"CC BY-SA 4.0","link":"https://stackoverflow.com/questions/70921798/old-flutter-code-1-5-4-with-access-to-map-does-not-work-in-flutter-2-8-1","title":"Old Flutter code (1.5.4) with access to Map does not work in Flutter 2.8.1"},{"tags":["spring-boot","jsp","thymeleaf","birt"],"owner":{"account_id":7348552,"reputation":9,"user_id":5595542,"user_type":"registered","profile_image":"https://www.gravatar.com/avatar/62f2ab19eadd198ea9d7f3f8c686c6d0?s=256&d=identicon&r=PG&f=y&so-version=2","display_name":"Kamalk","link":"https://stackoverflow.com/users/5595542/kamalk"},"is_answered":false,"view_count":228,"answer_count":1,"score":-1,"last_activity_date":1643929919,"creation_date":1643608602,"last_edit_date":1643611713,"question_id":70921797,"content_license":"CC BY-SA 4.0","link":"https://stackoverflow.com/questions/70921797/how-to-invoke-birt-viewer-based-report-display-in-thymeleaf-springboot","title":"How to invoke BIRT viewer based report display in thymeleaf springboot?"},{"tags":["python","button","binding","kivy"],"owner":{"account_id":5132925,"reputation":288,"user_id":4112504,"user_type":"registered","accept_rate":86,"profile_image":"https://lh6.googleusercontent.com/-2tIHbQSzJGQ/AAAAAAAAAAI/AAAAAAAAAKw/tYiZhM5-r-8/photo.jpg?sz=256","display_name":"Jilong Yin","link":"https://stackoverflow.com/users/4112504/jilong-yin"},"is_answered":true,"view_count":143,"accepted_answer_id":70922566,"answer_count":1,"score":0,"last_activity_date":1643614759,"creation_date":1643608521,"last_edit_date":1643613379,"question_id":70921792,"content_license":"CC BY-SA 4.0","link":"https://stackoverflow.com/questions/70921792/the-binding-on-button-is-confusing-in-kivy","title":"The binding on button is confusing in Kivy"},{"tags":["android-studio","android-emulator","avd-manager"],"owner":{"account_id":10273983,"reputation":81,"user_id":14911814,"user_type":"registered","profile_image":"https://graph.facebook.com/1232793043503918/picture?type=large","display_name":"ArShia Js","link":"https://stackoverflow.com/users/14911814/arshia-js"},"is_answered":true,"view_count":9971,"answer_count":6,"score":8,"last_activity_date":1675178681,"creation_date":1643608502,"question_id":70921789,"content_license":"CC BY-SA 4.0","link":"https://stackoverflow.com/questions/70921789/device-manager-does-not-work-open-after-updating-android-studio-to-2021-1-1","title":"Device manager does not work (open) after updating Android Studio to 2021.1.1"},{"tags":["dart"],"owner":{"account_id":24107102,"reputation":1,"user_id":18078153,"user_type":"registered","profile_image":"https://www.gravatar.com/avatar/0c7a536ae8cbf4e0b9eb9f2ecd2994c2?s=256&d=identicon&r=PG","display_name":"fgh","link":"https://stackoverflow.com/users/18078153/fgh"},"is_answered":false,"view_count":72,"answer_count":1,"score":-1,"last_activity_date":1643617341,"creation_date":1643608480,"question_id":70921786,"content_license":"CC BY-SA 4.0","link":"https://stackoverflow.com/questions/70921786/i-cant-switch-themes-with-these-method-can-you-solve-it","title":"i cant switch themes with these method can you solve it?"},{"tags":["php"],"owner":{"account_id":23947449,"reputation":17,"user_id":17939597,"user_type":"registered","profile_image":"https://lh3.googleusercontent.com/a/AATXAJx55sGYbu-CFTOWV5RmGWdHsBFkl8Vg-sGuwSz2=k-s256","display_name":"Presner Pontillas","link":"https://stackoverflow.com/users/17939597/presner-pontillas"},"is_answered":true,"view_count":113,"answer_count":2,"score":-3,"last_activity_date":1643629373,"creation_date":1643608441,"question_id":70921782,"content_license":"CC BY-SA 4.0","link":"https://stackoverflow.com/questions/70921782/post-inside-htmlentities-inside-isset","title":"$_POST INSIDE htmlentities INSIDE isset"},{"tags":["python","json","pandas"],"owner":{"account_id":17788486,"reputation":355,"user_id":12918044,"user_type":"registered","profile_image":"https://lh3.googleusercontent.com/a-/AAuE7mCgUW1N-dMCTSPD3aMJsGp8fR_9fe-s-wEowrGL6A=k-s256","display_name":"prathik vijaykumar","link":"https://stackoverflow.com/users/12918044/prathik-vijaykumar"},"is_answered":true,"view_count":116,"answer_count":1,"score":0,"last_activity_date":1643610560,"creation_date":1643608427,"question_id":70921780,"content_license":"CC BY-SA 4.0","link":"https://stackoverflow.com/questions/70921780/make-a-column-of-json-list-to-separate-columns-of-values","title":"Make a column of json list to separate columns of values"},{"tags":["c++","templates","stl","stdvector","stdarray"],"owner":{"account_id":2124614,"reputation":5010,"user_id":1887118,"user_type":"registered","accept_rate":89,"profile_image":"https://www.gravatar.com/avatar/a850635ea6017cb2b33c5b3b620119cd?s=256&d=identicon&r=PG","display_name":"nalyd88","link":"https://stackoverflow.com/users/1887118/nalyd88"},"is_answered":true,"view_count":561,"accepted_answer_id":70921836,"answer_count":2,"score":2,"last_activity_date":1643930924,"creation_date":1643608426,"question_id":70921779,"content_license":"CC BY-SA 4.0","link":"https://stackoverflow.com/questions/70921779/c-template-function-to-concatenate-both-stdvector-and-stdarray-types","title":"C++ template function to concatenate both std::vector and std::array types"},{"tags":["ip-address","router"],"owner":{"account_id":14363472,"reputation":443,"user_id":10375208,"user_type":"registered","profile_image":"https://i.stack.imgur.com/cnsvL.jpg?s=256&g=1","display_name":"T H","link":"https://stackoverflow.com/users/10375208/t-h"},"is_answered":true,"view_count":823,"answer_count":1,"score":0,"last_activity_date":1643615532,"creation_date":1643608420,"question_id":70921777,"content_license":"CC BY-SA 4.0","link":"https://stackoverflow.com/questions/70921777/is-the-ip-address-of-a-device-the-ip-address-of-the-router","title":"Is the IP address of a device the IP address of the router?"},{"tags":["arrays","json","angular"],"owner":{"account_id":16771871,"reputation":395,"user_id":12124111,"user_type":"registered","profile_image":"https://lh6.googleusercontent.com/-IcxhFf3fXQU/AAAAAAAAAAI/AAAAAAAAAAA/ACHi3rdniiP91vFWwz-fb7Af6sKwAeMUew/photo.jpg?sz=256","display_name":"Fatih mzm","link":"https://stackoverflow.com/users/12124111/fatih-mzm"},"is_answered":true,"view_count":579,"accepted_answer_id":70921865,"answer_count":1,"score":0,"last_activity_date":1643613073,"creation_date":1643608404,"last_edit_date":1643613073,"question_id":70921774,"content_license":"CC BY-SA 4.0","link":"https://stackoverflow.com/questions/70921774/angular-json-data-to-model","title":"angular - json data to model"},{"tags":["dataframe","apache-spark","pyspark","apache-spark-sql"],"owner":{"account_id":13296695,"reputation":67,"user_id":9599466,"user_type":"registered","profile_image":"https://www.gravatar.com/avatar/bf96b79401077cea4ac802bd6fff974c?s=256&d=identicon&r=PG&f=y&so-version=2","display_name":"dahuin","link":"https://stackoverflow.com/users/9599466/dahuin"},"is_answered":true,"view_count":559,"accepted_answer_id":70923184,"answer_count":1,"score":2,"last_activity_date":1643618640,"creation_date":1643608377,"last_edit_date":1643618640,"question_id":70921770,"content_license":"CC BY-SA 4.0","link":"https://stackoverflow.com/questions/70921770/decimaltype20-0-does-not-hold-7-digit-integer-in-spark","title":"DecimalType(20, 0) does not hold 7 digit integer in spark"},{"tags":["android","firebase","flutter"],"owner":{"account_id":15337523,"reputation":51,"user_id":11065423,"user_type":"registered","profile_image":"https://lh3.googleusercontent.com/-2Qlgm8p9Ybg/AAAAAAAAAAI/AAAAAAAAB6Q/IljmdWJnQAg/photo.jpg?sz=256","display_name":"Yeremia Yeri","link":"https://stackoverflow.com/users/11065423/yeremia-yeri"},"is_answered":true,"view_count":11542,"accepted_answer_id":70921819,"answer_count":3,"score":4,"last_activity_date":1667992641,"creation_date":1643608347,"last_edit_date":1643709532,"question_id":70921767,"content_license":"CC BY-SA 4.0","link":"https://stackoverflow.com/questions/70921767/notification-show-twice-on-flutter","title":"Notification show twice on flutter"},{"tags":["python","datetime","pyspark","apache-spark-sql","timestamp"],"owner":{"account_id":11867876,"reputation":29,"user_id":8684900,"user_type":"registered","profile_image":"https://www.gravatar.com/avatar/20fca1f305e7570db013ed64f31248d6?s=256&d=identicon&r=PG&f=y&so-version=2","display_name":"Shankar","link":"https://stackoverflow.com/users/8684900/shankar"},"is_answered":true,"view_count":4257,"answer_count":1,"score":0,"last_activity_date":1691693472,"creation_date":1643608264,"last_edit_date":1643812678,"question_id":70921761,"content_license":"CC BY-SA 4.0","link":"https://stackoverflow.com/questions/70921761/how-to-convert-date-string-to-timestamp-format-in-pyspark","title":"How to convert date string to timestamp format in pyspark"},{"tags":["flutter","webview","flutterwebviewplugin"],"owner":{"account_id":23736379,"reputation":327,"user_id":17755010,"user_type":"registered","profile_image":"https://lh3.googleusercontent.com/a-/AOh14GiMB3QrQq1xPOqH9ZNQcXyhmmMkcv8YAthwY4dG_g=k-s256","display_name":"Asarudin A","link":"https://stackoverflow.com/users/17755010/asarudin-a"},"is_answered":true,"view_count":1586,"accepted_answer_id":70922062,"answer_count":1,"score":1,"last_activity_date":1643617109,"creation_date":1643608248,"question_id":70921760,"content_license":"CC BY-SA 4.0","link":"https://stackoverflow.com/questions/70921760/flutter-webview-alternate-screen-for-inital-url-not-loaded","title":"Flutter Webview : Alternate screen for inital url not loaded"},{"tags":["google-sheets"],"owner":{"account_id":21242983,"reputation":39,"user_id":15626120,"user_type":"registered","profile_image":"https://lh3.googleusercontent.com/a-/AOh14GikwzgpQerV46q6cCaRdS_f7cDL9Dd6m8PhQsgRSQ=k-s256","display_name":"abbas alyasere","link":"https://stackoverflow.com/users/15626120/abbas-alyasere"},"is_answered":true,"view_count":265,"answer_count":1,"score":1,"last_activity_date":1643730433,"creation_date":1643608223,"last_edit_date":1643645549,"question_id":70921756,"content_license":"CC BY-SA 4.0","link":"https://stackoverflow.com/questions/70921756/how-to-transfer-comments-when-transferring-data-from-one-table-to-another-in-goo","title":"How to transfer comments when transferring data from one table to another in Google Sheet with the QUERY+IMPORTRANGE function"},{"tags":["javascript","html","css","angular"],"owner":{"account_id":11181063,"reputation":27,"user_id":8205117,"user_type":"registered","profile_image":"https://lh6.googleusercontent.com/-rrORMtfxjsw/AAAAAAAAAAI/AAAAAAAADbU/QIN9V6qa-zU/photo.jpg?sz=256","display_name":"Bastin Vivek","link":"https://stackoverflow.com/users/8205117/bastin-vivek"},"is_answered":true,"view_count":551,"accepted_answer_id":70922104,"answer_count":1,"score":0,"last_activity_date":1643615733,"creation_date":1643608220,"question_id":70921755,"content_license":"CC BY-SA 4.0","link":"https://stackoverflow.com/questions/70921755/move-a-page-up-based-on-input-click-event-in-angular","title":"Move a page up based on input Click Event in Angular"},{"tags":["excel","vba","basic"],"owner":{"account_id":19029413,"reputation":41,"user_id":13891838,"user_type":"registered","profile_image":"https://lh5.googleusercontent.com/-8x6KgAh9UWU/AAAAAAAAAAI/AAAAAAAAAAA/AMZuucmMuG-ZAEAU2bHN5p5ZESyxwhPiPQ/photo.jpg?sz=256","display_name":"SATVIKI SHARMA","link":"https://stackoverflow.com/users/13891838/satviki-sharma"},"is_answered":false,"view_count":49,"answer_count":0,"score":1,"last_activity_date":1643611636,"creation_date":1643608210,"question_id":70921754,"content_license":"CC BY-SA 4.0","link":"https://stackoverflow.com/questions/70921754/insert-table-from-excel-to-a-particular-page-and-paragraph-on-excel-using-vba","title":"Insert table from excel to a particular page and paragraph on excel using VBA"},{"tags":["logstash","logstash-grok","logstash-configuration"],"owner":{"account_id":15110163,"reputation":41,"user_id":10904536,"user_type":"registered","profile_image":"https://i.stack.imgur.com/ZzqZG.jpg?s=256&g=1","display_name":"mamed","link":"https://stackoverflow.com/users/10904536/mamed"},"is_answered":true,"view_count":483,"answer_count":1,"score":1,"last_activity_date":1643804903,"creation_date":1643608202,"last_edit_date":1643669288,"question_id":70921752,"content_license":"CC BY-SA 4.0","link":"https://stackoverflow.com/questions/70921752/parsing-json-to-kibana-using-grok-filter","title":"Parsing JSON to Kibana using Grok Filter"},{"tags":["linux","archlinux","kde-plasma","arch"],"owner":{"account_id":21130265,"reputation":33,"user_id":15534784,"user_type":"registered","profile_image":"https://lh4.googleusercontent.com/-ETW8xtOaEm4/AAAAAAAAAAI/AAAAAAAAAAA/AMZuucnTaTAKdxN4p3zQrA1lEtv2OsxFjw/s96-c/photo.jpg?sz=256","display_name":"Trevor Seibert","link":"https://stackoverflow.com/users/15534784/trevor-seibert"},"is_answered":false,"view_count":487,"answer_count":0,"score":0,"last_activity_date":1643608187,"creation_date":1643608187,"question_id":70921750,"content_license":"CC BY-SA 4.0","link":"https://stackoverflow.com/questions/70921750/how-do-i-fix-failed-to-retrieve-mirrorlist-data-loop-in-arch-kde","title":"How do I fix failed to retrieve mirrorlist data loop in arch kde?"},{"tags":["javascript","node.js","mongodb","mongoose"],"owner":{"account_id":24107038,"reputation":1,"user_id":18078093,"user_type":"registered","profile_image":"https://lh3.googleusercontent.com/a-/AOh14Gg1I_h2hFHFTetUxlsXc7-Q7sPc2HNFPefVPMxEQQ=k-s256","display_name":"Arbi Dwi Wijaya","link":"https://stackoverflow.com/users/18078093/arbi-dwi-wijaya"},"is_answered":true,"view_count":506,"answer_count":1,"score":0,"last_activity_date":1643728533,"creation_date":1643608167,"last_edit_date":1643728533,"question_id":70921749,"content_license":"CC BY-SA 4.0","link":"https://stackoverflow.com/questions/70921749/mongoservererror-limit-value-must-be-non-negative","title":"MongoServerError: Limit value must be non-negative"},{"tags":["flutter","flutter-layout","flutter-dependencies"],"owner":{"account_id":8674841,"reputation":813,"user_id":9451058,"user_type":"registered","profile_image":"https://www.gravatar.com/avatar/4b15c35189ba1662759b232a9dfa63f4?s=256&d=identicon&r=PG&f=y&so-version=2","display_name":"L.Goyal","link":"https://stackoverflow.com/users/9451058/l-goyal"},"is_answered":false,"view_count":1264,"answer_count":1,"score":1,"last_activity_date":1643609986,"creation_date":1643608144,"last_edit_date":1643608180,"question_id":70921746,"content_license":"CC BY-SA 4.0","link":"https://stackoverflow.com/questions/70921746/card-with-gradient-image-text","title":"Card with gradient, image &amp; Text"},{"tags":["wordpress","woocommerce"],"owner":{"account_id":945242,"reputation":881,"user_id":972604,"user_type":"registered","accept_rate":33,"profile_image":"https://i.stack.imgur.com/1FTRz.jpg?s=256&g=1","display_name":"JulienVan","link":"https://stackoverflow.com/users/972604/julienvan"},"is_answered":true,"view_count":550,"answer_count":1,"score":-2,"last_activity_date":1643629210,"creation_date":1643608017,"question_id":70921736,"content_license":"CC BY-SA 4.0","link":"https://stackoverflow.com/questions/70921736/adding-parameter-to-woocommerce-category-page-url","title":"Adding parameter to WooCommerce category page url"},{"tags":["python","python-sphinx","autodoc","sphinx-napoleon"],"owner":{"account_id":10388335,"reputation":21,"user_id":7660535,"user_type":"registered","profile_image":"https://www.gravatar.com/avatar/70a72f8f2d24c792903fdcd9107649cb?s=256&d=identicon&r=PG&f=y&so-version=2","display_name":"Katie","link":"https://stackoverflow.com/users/7660535/katie"},"is_answered":true,"view_count":576,"accepted_answer_id":70923097,"answer_count":1,"score":0,"last_activity_date":1643618128,"creation_date":1643607980,"last_edit_date":1643616486,"question_id":70921733,"content_license":"CC BY-SA 4.0","link":"https://stackoverflow.com/questions/70921733/sphinx-autodoc-napoleon-doesnt-generate-docstrings","title":"Sphinx autodoc/napoleon doesn&#39;t generate docstrings"},{"tags":["server","udp","client","dtls"],"owner":{"account_id":24107014,"reputation":1,"user_id":18078074,"user_type":"registered","profile_image":"https://lh3.googleusercontent.com/a/AATXAJwsTPbNgv61-2h2SIwHVfDX4xUYthrDsgUCZm6N=k-s256","display_name":"Priti Kumari","link":"https://stackoverflow.com/users/18078074/priti-kumari"},"is_answered":false,"view_count":18,"closed_date":1643716299,"answer_count":0,"score":0,"last_activity_date":1643607975,"creation_date":1643607975,"question_id":70921731,"link":"https://stackoverflow.com/questions/70921731/can-someone-share-me-sample-code-for-securing-udp-connection-by-using-dtls-proto","closed_reason":"Duplicate","title":"Can someone share me sample code for securing UDP connection by using DTLS protocol?"},{"tags":["jupyter"],"owner":{"account_id":22024008,"reputation":13,"user_id":16292326,"user_type":"registered","profile_image":"https://graph.facebook.com/3008067282803087/picture?type=large","display_name":"Sam Mend","link":"https://stackoverflow.com/users/16292326/sam-mend"},"is_answered":true,"view_count":141,"accepted_answer_id":70922267,"answer_count":2,"score":1,"last_activity_date":1643973692,"creation_date":1643607945,"last_edit_date":1643973692,"question_id":70921728,"content_license":"CC BY-SA 4.0","link":"https://stackoverflow.com/questions/70921728/matplotlib-graph-plotting","title":"matplotlib graph plotting"},{"tags":["android","flutter","app-bundle"],"owner":{"account_id":7774712,"reputation":33,"user_id":11293742,"user_type":"registered","profile_image":"https://lh4.googleusercontent.com/-2K9Sfbwx2Oc/AAAAAAAAAAI/AAAAAAAAFbw/b7JQz2NHi8E/photo.jpg?sz=256","display_name":"jyashi","link":"https://stackoverflow.com/users/11293742/jyashi"},"is_answered":true,"view_count":376,"answer_count":2,"score":0,"last_activity_date":1643679233,"creation_date":1643607938,"last_edit_date":1643679233,"question_id":70921727,"content_license":"CC BY-SA 4.0","link":"https://stackoverflow.com/questions/70921727/can-you-sign-app-bundle-from-different-pc-keystore","title":"Can you sign app bundle from different PC / keystore"}],"has_more":true,"quota_max":300,"quota_remaining":179}