{"items":[{"tags":["r","tidyverse"],"owner":{"account_id":25180742,"reputation":1,"user_id":19022275,"user_type":"registered","profile_image":"https://www.gravatar.com/avatar/aa7c408270027bb582e3a1c356c9e1d4?s=256&d=identicon&r=PG&f=y&so-version=2","display_name":"c0nfusedc0der","link":"https://stackoverflow.com/users/19022275/c0nfusedc0der"},"is_answered":false,"view_count":47,"answer_count":1,"score":0,"last_activity_date":1651628570,"creation_date":1651622392,"last_edit_date":1651623078,"question_id":72106610,"content_license":"CC BY-SA 4.0","link":"https://stackoverflow.com/questions/72106610/r-convert-1-column-into-several-columns","title":"R convert 1 column into several columns"},{"tags":["c#","azure-devops","azure-devops-rest-api"],"owner":{"account_id":10112615,"reputation":1,"user_id":7472332,"user_type":"registered","profile_image":"https://www.gravatar.com/avatar/bb1f112679b4a83ead7ff4b246441b47?s=256&d=identicon&r=PG&f=y&so-version=2","display_name":"Aashutosh Mallik","link":"https://stackoverflow.com/users/7472332/aashutosh-mallik"},"is_answered":false,"view_count":222,"answer_count":1,"score":0,"last_activity_date":1651646613,"creation_date":1651622374,"last_edit_date":1651623614,"question_id":72106609,"content_license":"CC BY-SA 4.0","link":"https://stackoverflow.com/questions/72106609/azure-devops-group-permission-over-a-repository-and-builds-related-to-that-rep","title":"Azure DevOps - Group permission over a repository and builds related to that repository"},{"tags":["c++","visual-studio"],"owner":{"account_id":25187238,"reputation":13,"user_id":19027938,"user_type":"registered","profile_image":"https://i.stack.imgur.com/3uku1.jpg?s=256&g=1","display_name":"Karmawillgetchew","link":"https://stackoverflow.com/users/19027938/karmawillgetchew"},"is_answered":true,"view_count":98,"accepted_answer_id":72106698,"answer_count":1,"score":1,"last_activity_date":1651628737,"creation_date":1651622365,"last_edit_date":1651623105,"question_id":72106607,"content_license":"CC BY-SA 4.0","link":"https://stackoverflow.com/questions/72106607/c-how-do-i-fix-my-no-instance-error-on-my-setmaterial-piece-of-code","title":"c++ How do I fix my no instance error on my setMaterial piece of code"},{"tags":["python-3.x","imagemagick","homebrew","wand","magickwand"],"owner":{"account_id":25187776,"reputation":21,"user_id":19028397,"user_type":"registered","profile_image":"https://www.gravatar.com/avatar/7e6a31a321172f60a82b5b1a5ea19b36?s=256&d=identicon&r=PG","display_name":"Moe","link":"https://stackoverflow.com/users/19028397/moe"},"is_answered":true,"view_count":893,"answer_count":2,"score":2,"last_activity_date":1681391591,"creation_date":1651622284,"question_id":72106604,"content_license":"CC BY-SA 4.0","link":"https://stackoverflow.com/questions/72106604/wand-image-import-error-shared-library-not-found-you-probably-had-not-installe","title":"wand.image Import Error: shared library not found. You probably had not installed ImageMagick library"},{"tags":["python","io"],"owner":{"account_id":15506044,"reputation":11,"user_id":11186189,"user_type":"registered","profile_image":"https://www.gravatar.com/avatar/bf2919dba1c7a8f4b7bdcdf8849f8ced?s=256&d=identicon&r=PG&f=y&so-version=2","display_name":"szofar","link":"https://stackoverflow.com/users/11186189/szofar"},"is_answered":true,"view_count":375,"accepted_answer_id":72106706,"answer_count":1,"score":1,"last_activity_date":1651624309,"creation_date":1651622254,"question_id":72106603,"content_license":"CC BY-SA 4.0","link":"https://stackoverflow.com/questions/72106603/is-it-possible-to-fully-delete-a-textiowrapper","title":"Is it possible to fully delete a TextIOWrapper?"},{"tags":["c#"],"owner":{"account_id":19624180,"reputation":37,"user_id":14363970,"user_type":"registered","profile_image":"https://www.gravatar.com/avatar/8255ecdd655119fab8d337f720c988fa?s=256&d=identicon&r=PG&f=y&so-version=2","display_name":"Ibrahim","link":"https://stackoverflow.com/users/14363970/ibrahim"},"is_answered":false,"view_count":38,"answer_count":1,"score":-1,"last_activity_date":1651629411,"creation_date":1651622232,"question_id":72106601,"content_license":"CC BY-SA 4.0","link":"https://stackoverflow.com/questions/72106601/passing-values-from-form-to-function-in-other-class-then-call-function-in-form","title":"Passing values from form to function in other class then call function in form"},{"tags":["python","pip"],"owner":{"account_id":4120352,"reputation":1890,"user_id":3380902,"user_type":"registered","accept_rate":40,"profile_image":"https://www.gravatar.com/avatar/842398b7ba1330fb012c5d06a787d677?s=256&d=identicon&r=PG&f=y&so-version=2","display_name":"kms","link":"https://stackoverflow.com/users/3380902/kms"},"is_answered":false,"view_count":59,"answer_count":0,"score":0,"last_activity_date":1651622231,"creation_date":1651622231,"question_id":72106600,"content_license":"CC BY-SA 4.0","link":"https://stackoverflow.com/questions/72106600/attempting-to-run-pip-list-from-home-directory","title":"Attempting to run pip list from home directory"},{"tags":["pine-script","pine-script-v5"],"owner":{"account_id":2221753,"reputation":907,"user_id":2229856,"user_type":"registered","profile_image":"https://www.gravatar.com/avatar/5f7a487493a7fec976670c17401bcd23?s=256&d=identicon&r=PG","display_name":"Vendrel","link":"https://stackoverflow.com/users/2229856/vendrel"},"is_answered":true,"view_count":1850,"accepted_answer_id":72115146,"answer_count":1,"score":0,"last_activity_date":1651676172,"creation_date":1651622023,"last_edit_date":1651664102,"question_id":72106589,"content_license":"CC BY-SA 4.0","link":"https://stackoverflow.com/questions/72106589/how-to-specify-leverage-and-portion-of-account-balance-in-strategy","title":"How to specify leverage and portion-of-account-balance in strategy?"},{"tags":["r","tree","regression","metrics"],"owner":{"account_id":11693538,"reputation":259,"user_id":12848857,"user_type":"registered","profile_image":"https://i.stack.imgur.com/upy2S.png?s=256&g=1","display_name":"Sof&#237;a Contreras","link":"https://stackoverflow.com/users/12848857/sof%c3%ada-contreras"},"is_answered":false,"view_count":72,"answer_count":0,"score":2,"last_activity_date":1651621999,"creation_date":1651621999,"question_id":72106586,"content_license":"CC BY-SA 4.0","link":"https://stackoverflow.com/questions/72106586/using-mae-and-mape-metric-in-selecting-the-best-regression-tree-in-r","title":"Using &quot;mae&quot; and &quot;mape&quot; metric in selecting the best regression tree in R"},{"tags":["plotly-dash"],"owner":{"account_id":25187840,"reputation":1,"user_id":19028452,"user_type":"registered","profile_image":"https://www.gravatar.com/avatar/f446e70dee88ec412f1b96345d0cf47b?s=256&d=identicon&r=PG","display_name":"Maverick ","link":"https://stackoverflow.com/users/19028452/maverick"},"is_answered":true,"view_count":1570,"answer_count":1,"score":0,"last_activity_date":1675097828,"creation_date":1651621973,"question_id":72106584,"content_license":"CC BY-SA 4.0","link":"https://stackoverflow.com/questions/72106584/valueerror-cannot-accept-list-of-column-references-or-list-of-columns-for-both","title":"ValueError: Cannot accept list of column references or list of columns for both `x` and `y`"},{"tags":["android","gradle","build"],"owner":{"account_id":9221994,"reputation":941,"user_id":6851045,"user_type":"registered","accept_rate":100,"profile_image":"https://lh4.googleusercontent.com/-oFEoqQMCoqY/AAAAAAAAAAI/AAAAAAAAANs/FpQzuPm1Ons/photo.jpg?sz=256","display_name":"Daniel Corona","link":"https://stackoverflow.com/users/6851045/daniel-corona"},"is_answered":false,"view_count":62,"answer_count":0,"score":1,"last_activity_date":1651621893,"creation_date":1651621893,"question_id":72106580,"content_license":"CC BY-SA 4.0","link":"https://stackoverflow.com/questions/72106580/android-resource-linking-failure-when-building-signed-bundle","title":"Android resource linking failure when building signed bundle"},{"tags":["python","visual-studio-code","pip"],"owner":{"account_id":25187898,"reputation":1,"user_id":19028503,"user_type":"registered","profile_image":"https://lh3.googleusercontent.com/a/AATXAJyqv9GkVdooEhAW0hO_teVOQItu7yzA6SdeLKey=k-s256","display_name":"Tye Spizziri","link":"https://stackoverflow.com/users/19028503/tye-spizziri"},"is_answered":false,"view_count":2449,"answer_count":1,"score":-3,"last_activity_date":1651637693,"creation_date":1651621869,"question_id":72106578,"content_license":"CC BY-SA 4.0","link":"https://stackoverflow.com/questions/72106578/pip-install-for-python-in-visual-studio-code-does-not-work-properly","title":"pip install for python in visual studio code does not work properly"},{"tags":["r"],"owner":{"account_id":19059666,"reputation":1403,"user_id":13916049,"user_type":"registered","profile_image":"https://www.gravatar.com/avatar/c9c28949cf1d6b57247c4758c8412591?s=256&d=identicon&r=PG&f=y&so-version=2","display_name":"Anon","link":"https://stackoverflow.com/users/13916049/anon"},"is_answered":false,"view_count":229,"answer_count":1,"score":1,"last_activity_date":1660134634,"creation_date":1651621854,"question_id":72106574,"content_license":"CC BY-SA 4.0","link":"https://stackoverflow.com/questions/72106574/error-in-is-single-stringobject-argument-object-is-missing-with-no-defaul","title":"Error in is.single.string(object) : argument &quot;object&quot; is missing, with no default"},{"tags":["c++","c++17","shared-ptr","stdany"],"owner":{"account_id":1452695,"reputation":6517,"user_id":1369136,"user_type":"registered","accept_rate":78,"profile_image":"https://www.gravatar.com/avatar/2b6b7bf248c0afdabeec79aa9c624cd9?s=256&d=identicon&r=PG","display_name":"Jinsong Li","link":"https://stackoverflow.com/users/1369136/jinsong-li"},"is_answered":false,"view_count":133,"answer_count":0,"score":1,"last_activity_date":1651621854,"creation_date":1651621854,"question_id":72106573,"content_license":"CC BY-SA 4.0","link":"https://stackoverflow.com/questions/72106573/shared-ptr-of-casted-object-becomes-empty-after-casting","title":"Shared_ptr of casted object becomes empty after casting"},{"tags":["python","pandas"],"owner":{"account_id":25187811,"reputation":1,"user_id":19028426,"user_type":"registered","profile_image":"https://lh3.googleusercontent.com/a/AATXAJxgtto9SVocQrMrjxqBYEhoWbJQ9DO7BUeBL5uz=k-s256","display_name":"SonicName","link":"https://stackoverflow.com/users/19028426/sonicname"},"is_answered":false,"view_count":90,"answer_count":1,"score":0,"last_activity_date":1651643666,"creation_date":1651621839,"question_id":72106570,"content_license":"CC BY-SA 4.0","link":"https://stackoverflow.com/questions/72106570/part-of-data-become-nan-after-merging","title":"part of data become nan after merging"},{"tags":["openssl","rsa"],"owner":{"account_id":333191,"reputation":921,"user_id":658913,"user_type":"registered","accept_rate":25,"profile_image":"https://www.gravatar.com/avatar/0a47d852e629919d780d8da8ef7db477?s=256&d=identicon&r=PG&f=y&so-version=2","display_name":"CR Sardar","link":"https://stackoverflow.com/users/658913/cr-sardar"},"is_answered":true,"view_count":2416,"accepted_answer_id":72141724,"answer_count":1,"score":0,"last_activity_date":1651994826,"creation_date":1651621813,"last_edit_date":1651994826,"question_id":72106568,"content_license":"CC BY-SA 4.0","link":"https://stackoverflow.com/questions/72106568/convert-rsa-public-pem-file-to-pkcs8","title":"Convert RSA Public .pem file to pkcs8"},{"tags":["python-3.x","fibonacci","ti-basic"],"owner":{"account_id":20110161,"reputation":28,"user_id":14746719,"user_type":"registered","profile_image":"https://lh3.googleusercontent.com/a-/AOh14Gj2rSU_SaQRrVKr-muCgV6vZhwu14eLti0doVc=k-s256","display_name":"Sub 01","link":"https://stackoverflow.com/users/14746719/sub-01"},"is_answered":true,"view_count":41,"accepted_answer_id":72119342,"answer_count":1,"score":1,"last_activity_date":1651697474,"creation_date":1651621812,"question_id":72106567,"content_license":"CC BY-SA 4.0","link":"https://stackoverflow.com/questions/72106567/python3-translating-to-ti-basic-store-function-in-for-loop-being-weird-fibonacc","title":"Python3 translating to TI Basic Store function in for loop being weird (Fibonacci&#39;s sequence)"},{"tags":["xamarin","xamarin.forms","xamarin.android","xamarin.ios","xamarin.uwp"],"owner":{"account_id":9819677,"reputation":1248,"user_id":7274936,"user_type":"registered","accept_rate":67,"profile_image":"https://www.gravatar.com/avatar/f671d7577f2e6e94be5a0825d5328ad4?s=256&d=identicon&r=PG&f=y&so-version=2","display_name":"Kikanye","link":"https://stackoverflow.com/users/7274936/kikanye"},"is_answered":true,"view_count":268,"accepted_answer_id":72108436,"answer_count":1,"score":-1,"last_activity_date":1651643239,"creation_date":1651621797,"question_id":72106566,"content_license":"CC BY-SA 4.0","link":"https://stackoverflow.com/questions/72106566/best-way-to-determine-the-amount-of-space-available-for-storing-app-files-with-x","title":"Best way to determine the amount of space available for storing app files with Xamarin forms?"},{"tags":["python","visual-studio-code"],"owner":{"account_id":25187890,"reputation":1,"user_id":19028496,"user_type":"registered","profile_image":"https://www.gravatar.com/avatar/3ec4f523fbe39240093f774449683090?s=256&d=identicon&r=PG","display_name":"HelpTheWorld","link":"https://stackoverflow.com/users/19028496/helptheworld"},"is_answered":false,"view_count":723,"answer_count":2,"score":-2,"last_activity_date":1651642478,"creation_date":1651621771,"last_edit_date":1651623716,"question_id":72106563,"content_license":"CC BY-SA 4.0","link":"https://stackoverflow.com/questions/72106563/cant-use-wget-in-vscode-due-to-invalid-syntax-error-message","title":"Can&#39;t use Wget in VSCode due to Invalid Syntax Error Message"},{"tags":["python","django","heroku","django-forms"],"owner":{"user_type":"does_not_exist","display_name":"user18442703"},"is_answered":false,"view_count":439,"closed_date":1651663906,"answer_count":0,"score":0,"last_activity_date":1651663997,"creation_date":1651621636,"last_edit_date":1651628238,"question_id":72106553,"link":"https://stackoverflow.com/questions/72106553/python-django-project-working-correctly-on-a-local-host-server-but-not-working-o","closed_reason":"Duplicate","title":"Python/Django project working correctly on a local host server but not working on a heroku server"},{"tags":["swiftui"],"owner":{"account_id":4055555,"reputation":53,"user_id":3433381,"user_type":"registered","profile_image":"https://www.gravatar.com/avatar/e1460ac0f93e93852c803e42488e20a2?s=256&d=identicon&r=PG&f=y&so-version=2","display_name":"jostell13","link":"https://stackoverflow.com/users/3433381/jostell13"},"is_answered":true,"view_count":702,"accepted_answer_id":76176495,"answer_count":3,"score":1,"last_activity_date":1683229364,"creation_date":1651621578,"last_edit_date":1651771275,"question_id":72106551,"content_license":"CC BY-SA 4.0","link":"https://stackoverflow.com/questions/72106551/ios-location-updates-stop-after-15-30-minutes","title":"iOS Location updates stop after 15-30 minutes"},{"tags":["r","ggplot2"],"owner":{"account_id":9174053,"reputation":2399,"user_id":6820344,"user_type":"registered","accept_rate":72,"profile_image":"https://www.gravatar.com/avatar/58a12efc45254bd94d8ecdb96ef59fa0?s=256&d=identicon&r=PG&f=y&so-version=2","display_name":"Rspacer","link":"https://stackoverflow.com/users/6820344/rspacer"},"is_answered":false,"view_count":120,"answer_count":0,"score":0,"last_activity_date":1651621441,"creation_date":1651621441,"question_id":72106543,"content_license":"CC BY-SA 4.0","link":"https://stackoverflow.com/questions/72106543/overlaying-line-graph-to-a-points-chart-in-ggplot2","title":"Overlaying line graph to a points chart in ggplot2"},{"tags":["python","numpy"],"owner":{"account_id":7536150,"reputation":7766,"user_id":5722359,"user_type":"registered","accept_rate":89,"profile_image":"https://www.gravatar.com/avatar/f5596d45503bcb993b4ba5c50f90b661?s=256&d=identicon&r=PG&f=y&so-version=2","display_name":"Sun Bear","link":"https://stackoverflow.com/users/5722359/sun-bear"},"is_answered":true,"view_count":133,"accepted_answer_id":72106557,"answer_count":2,"score":-1,"last_activity_date":1653932884,"creation_date":1651621435,"question_id":72106542,"content_license":"CC BY-SA 4.0","link":"https://stackoverflow.com/questions/72106542/how-to-pad-the-i-j-axes-of-a-3d-np-array-without-padding-its-k-axis","title":"How to pad the i, j axes of a 3D np.array without padding its k axis?"},{"tags":["rust"],"owner":{"account_id":12723874,"reputation":173,"user_id":9243224,"user_type":"registered","profile_image":"https://lh5.googleusercontent.com/-g6g8B6h-ydY/AAAAAAAAAAI/AAAAAAAAACk/QA54dBnFikw/photo.jpg?sz=256","display_name":"Nikita Glukhov","link":"https://stackoverflow.com/users/9243224/nikita-glukhov"},"is_answered":false,"view_count":58,"closed_date":1651630256,"answer_count":0,"score":0,"last_activity_date":1651621419,"creation_date":1651621419,"question_id":72106541,"link":"https://stackoverflow.com/questions/72106541/rust-behavior-after-move","closed_reason":"Duplicate","title":"Rust behavior after move"},{"tags":["typescript","nestjs"],"owner":{"account_id":23576748,"reputation":105,"user_id":17616329,"user_type":"registered","profile_image":"https://lh3.googleusercontent.com/a/AATXAJzLDA7pUtMK6yNBpqVzBiVY_7pz7QUHzveDcv6P=k-s256","display_name":"dickensaround","link":"https://stackoverflow.com/users/17616329/dickensaround"},"is_answered":true,"view_count":8154,"accepted_answer_id":72106587,"answer_count":1,"score":2,"last_activity_date":1651622013,"creation_date":1651621345,"question_id":72106539,"content_license":"CC BY-SA 4.0","link":"https://stackoverflow.com/questions/72106539/typeerror-cannot-read-properties-of-undefined-on-nestjs-dependency-injection","title":"TypeError: Cannot read properties of undefined on NestJS Dependency Injection"},{"tags":["javascript","logic","shopify"],"owner":{"account_id":24231032,"reputation":111,"user_id":18184792,"user_type":"registered","profile_image":"https://www.gravatar.com/avatar/bfb98e1ef7d542f322040fa6a4b67aea?s=256&d=identicon&r=PG","display_name":"ByGio1","link":"https://stackoverflow.com/users/18184792/bygio1"},"is_answered":false,"view_count":66,"answer_count":0,"score":0,"last_activity_date":1651621879,"creation_date":1651621305,"last_edit_date":1651621879,"question_id":72106536,"content_license":"CC BY-SA 4.0","link":"https://stackoverflow.com/questions/72106536/changetab-function-with-jquery","title":"changeTab Function with jquery"},{"tags":["javascript","reactjs","react-hooks","axios","axios-mock-adapter"],"owner":{"account_id":2896729,"reputation":3368,"user_id":5711656,"user_type":"registered","accept_rate":69,"profile_image":"https://www.gravatar.com/avatar/566c7b95bd28764b7d7a0ae23126321e?s=256&d=identicon&r=PG&f=y&so-version=2","display_name":"user5711656","link":"https://stackoverflow.com/users/5711656/user5711656"},"is_answered":true,"view_count":2603,"accepted_answer_id":72106739,"answer_count":1,"score":0,"last_activity_date":1651624489,"creation_date":1651621254,"last_edit_date":1651623120,"question_id":72106534,"content_license":"CC BY-SA 4.0","link":"https://stackoverflow.com/questions/72106534/how-to-fetch-data-from-mock-api-in-react","title":"how to fetch data from mock api in react?"},{"tags":["angular","angular-cdk-drag-drop"],"owner":{"account_id":6365399,"reputation":6487,"user_id":4939530,"user_type":"registered","accept_rate":73,"profile_image":"https://i.stack.imgur.com/i5lXg.jpg?s=256&g=1","display_name":"cup_of","link":"https://stackoverflow.com/users/4939530/cup-of"},"is_answered":false,"view_count":915,"answer_count":0,"score":0,"last_activity_date":1652735998,"creation_date":1651621230,"last_edit_date":1652735998,"question_id":72106533,"content_license":"CC BY-SA 4.0","link":"https://stackoverflow.com/questions/72106533/dynamically-look-for-connected-drop-lists-with-angular-cdk-drag-and-drop","title":"Dynamically look for connected drop lists with Angular CDK drag and drop"},{"tags":["css","reactjs","css-import"],"owner":{"account_id":21950141,"reputation":49,"user_id":16229424,"user_type":"registered","profile_image":"https://lh3.googleusercontent.com/a-/AOh14GjYu3FAefY742cOCxEj4CW1R2JR0GKQ94JJlG-XbA=k-s256","display_name":"Thi Nguyen","link":"https://stackoverflow.com/users/16229424/thi-nguyen"},"is_answered":false,"view_count":1190,"answer_count":1,"score":1,"last_activity_date":1651621744,"creation_date":1651621191,"question_id":72106531,"content_license":"CC BY-SA 4.0","link":"https://stackoverflow.com/questions/72106531/stylings-work-even-without-importing-css-file-in-js-files","title":"stylings work even without importing css file in JS files"},{"tags":["php","magento2","development-environment"],"owner":{"account_id":25041726,"reputation":1,"user_id":18898530,"user_type":"registered","profile_image":"https://www.gravatar.com/avatar/5baf5fc041a1163107a1ef60058bec8a?s=256&d=identicon&r=PG","display_name":"PaulM","link":"https://stackoverflow.com/users/18898530/paulm"},"is_answered":true,"view_count":276,"accepted_answer_id":72116620,"answer_count":1,"score":0,"last_activity_date":1651682761,"creation_date":1651621157,"last_edit_date":1651621622,"question_id":72106527,"content_license":"CC BY-SA 4.0","link":"https://stackoverflow.com/questions/72106527/php-changes-not-showing-up-until-composer-update","title":"PHP changes not showing up until Composer Update"}],"has_more":true,"quota_max":300,"quota_remaining":215}