{"items":[{"tags":["flutter","dart"],"owner":{"account_id":20462689,"reputation":241,"user_id":15014953,"user_type":"registered","profile_image":"https://lh5.googleusercontent.com/-dyZtrmkpyWc/AAAAAAAAAAI/AAAAAAAAAAA/AMZuucm9_T1SWJWfoG9CKBPuzHA785bmBw/s96-c/photo.jpg?sz=256","display_name":"le Minh Nguyen","link":"https://stackoverflow.com/users/15014953/le-minh-nguyen"},"is_answered":true,"view_count":789,"accepted_answer_id":71141509,"answer_count":3,"score":0,"last_activity_date":1645160224,"creation_date":1645012792,"question_id":71141467,"content_license":"CC BY-SA 4.0","link":"https://stackoverflow.com/questions/71141467/flutter-change-state-name","title":"flutter change State name"},{"tags":["apache",".htaccess","mod-rewrite"],"owner":{"account_id":4091376,"reputation":11,"user_id":4243334,"user_type":"registered","profile_image":"https://graph.facebook.com/100001075345478/picture?type=large","display_name":"Pratik Bhoir","link":"https://stackoverflow.com/users/4243334/pratik-bhoir"},"is_answered":true,"view_count":38,"closed_date":1645038077,"answer_count":1,"score":0,"last_activity_date":1645037658,"creation_date":1645012769,"last_edit_date":1645037658,"question_id":71141465,"link":"https://stackoverflow.com/questions/71141465/page-not-found-after-implementing-pretty-url-using-htaccess","closed_reason":"Needs details or clarity","title":"Page not found after implementing &quot;pretty URL&quot; using htaccess"},{"tags":["flutter"],"owner":{"account_id":24212342,"reputation":51,"user_id":18168694,"user_type":"registered","profile_image":"https://www.gravatar.com/avatar/3c1b660bb07b4235d20dba697cb47b49?s=256&d=identicon&r=PG","display_name":"smile675","link":"https://stackoverflow.com/users/18168694/smile675"},"is_answered":false,"view_count":63,"answer_count":3,"score":0,"last_activity_date":1645014653,"creation_date":1645012727,"question_id":71141459,"content_license":"CC BY-SA 4.0","link":"https://stackoverflow.com/questions/71141459/getting-sum-of-amounts-from-firestore","title":"Getting sum of amounts from firestore"},{"tags":["docker","testcontainers","testcontainers-junit5"],"owner":{"account_id":6421305,"reputation":119,"user_id":7614704,"user_type":"registered","profile_image":"https://www.gravatar.com/avatar/dfcbdc490d045f44a4bf34ded25d5359?s=256&d=identicon&r=PG&f=y&so-version=2","display_name":"pankaj kumar","link":"https://stackoverflow.com/users/7614704/pankaj-kumar"},"is_answered":true,"view_count":12572,"answer_count":3,"score":5,"last_activity_date":1682347294,"creation_date":1645012681,"last_edit_date":1645085936,"question_id":71141448,"content_license":"CC BY-SA 4.0","link":"https://stackoverflow.com/questions/71141448/testcontainers-docker-machine-executable-was-not-found-on-path","title":"Testcontainers: docker-machine executable was not found on PATH"},{"tags":["python","postgresql","psycopg2"],"owner":{"account_id":24275700,"reputation":39,"user_id":18223028,"user_type":"registered","profile_image":"https://www.gravatar.com/avatar/c9fb36ab73f3510dbd85bfe8c189875e?s=256&d=identicon&r=PG","display_name":"ambuj151","link":"https://stackoverflow.com/users/18223028/ambuj151"},"is_answered":false,"view_count":53,"answer_count":1,"score":0,"last_activity_date":1645016682,"creation_date":1645012670,"last_edit_date":1645013141,"question_id":71141445,"content_license":"CC BY-SA 4.0","link":"https://stackoverflow.com/questions/71141445/how-to-replce-dataframe-in-postgresql-table","title":"How to replce dataframe in postgresql table?"},{"tags":["android","kotlin","android-keystore","3des"],"owner":{"account_id":18535680,"reputation":15,"user_id":13505415,"user_type":"registered","profile_image":"https://lh5.googleusercontent.com/-DaDfQUgEJys/AAAAAAAAAAI/AAAAAAAAAAA/AAKWJJME1vHcNKZirISvV-3xUJ57dJeUKg/photo.jpg?sz=256","display_name":"mbb","link":"https://stackoverflow.com/users/13505415/mbb"},"is_answered":false,"view_count":398,"answer_count":0,"score":0,"last_activity_date":1645012661,"creation_date":1645012661,"question_id":71141442,"content_license":"CC BY-SA 4.0","link":"https://stackoverflow.com/questions/71141442/android-keystore-with-3des","title":"Android KeyStore with 3DES"},{"tags":["python","json"],"owner":{"account_id":24192144,"reputation":21,"user_id":18151221,"user_type":"registered","profile_image":"https://www.gravatar.com/avatar/fe5fdc4730ad34b294defcc36edba198?s=256&d=identicon&r=PG","display_name":"ElectAI","link":"https://stackoverflow.com/users/18151221/electai"},"is_answered":false,"view_count":1048,"answer_count":1,"score":1,"last_activity_date":1668587612,"creation_date":1645012656,"question_id":71141440,"content_license":"CC BY-SA 4.0","link":"https://stackoverflow.com/questions/71141440/format-conversion-from-coco-json-to-vgg-image-annotator","title":"Format Conversion from COCO JSON to VGG Image Annotator"},{"tags":["html","email","gmail","background-color"],"owner":{"account_id":24275685,"reputation":13,"user_id":18223013,"user_type":"registered","profile_image":"https://www.gravatar.com/avatar/1a5fa5ac98fa641cd62dcc262d97f087?s=256&d=identicon&r=PG","display_name":"scottm95","link":"https://stackoverflow.com/users/18223013/scottm95"},"is_answered":false,"view_count":1382,"answer_count":1,"score":0,"last_activity_date":1701903932,"creation_date":1645012654,"question_id":71141439,"content_license":"CC BY-SA 4.0","link":"https://stackoverflow.com/questions/71141439/html-email-background-color-not-working-on-mobile-but-works-on-desktop","title":"HTML email background-color not working on mobile but works on desktop"},{"tags":["javascript","reactjs","jsx"],"owner":{"account_id":22222482,"reputation":21,"user_id":16459896,"user_type":"registered","profile_image":"https://www.gravatar.com/avatar/8a560a9123d0abe5a18f64d05092fbee?s=256&d=identicon&r=PG&f=y&so-version=2","display_name":"Tushar","link":"https://stackoverflow.com/users/16459896/tushar"},"is_answered":false,"view_count":28,"answer_count":1,"score":2,"last_activity_date":1645013307,"creation_date":1645012646,"last_edit_date":1645012747,"question_id":71141437,"content_license":"CC BY-SA 4.0","link":"https://stackoverflow.com/questions/71141437/how-to-use-condition-for-adding-or-removing-closing-tags-containing-htms-in-jsx","title":"How to use condition for adding or removing closing tags containing htms in JSX?"},{"tags":["python","class","module","global-variables","settings"],"owner":{"account_id":24275635,"reputation":1,"user_id":18222970,"user_type":"registered","profile_image":"https://www.gravatar.com/avatar/ad4fc2abe49594090657b9cefe48bfa6?s=256&d=identicon&r=PG","display_name":"NettoNunes","link":"https://stackoverflow.com/users/18222970/nettonunes"},"is_answered":false,"view_count":45,"answer_count":0,"score":0,"last_activity_date":1645012608,"creation_date":1645012608,"question_id":71141430,"content_license":"CC BY-SA 4.0","link":"https://stackoverflow.com/questions/71141430/how-to-create-a-object-with-user-persistent-settings","title":"How to create a object with user persistent settings?"},{"tags":["html","mysql","angular","contenteditable"],"owner":{"account_id":268425,"reputation":700,"user_id":557176,"user_type":"registered","accept_rate":89,"profile_image":"https://www.gravatar.com/avatar/ac1d9c0c4d87c841bde4348b13a3917b?s=256&d=identicon&r=PG","display_name":"Justin Erswell","link":"https://stackoverflow.com/users/557176/justin-erswell"},"is_answered":false,"view_count":233,"answer_count":1,"score":0,"last_activity_date":1660837741,"creation_date":1645012597,"last_edit_date":1660837741,"question_id":71141428,"content_license":"CC BY-SA 4.0","link":"https://stackoverflow.com/questions/71141428/odd-behaviour-with-contenteditable-content","title":"Odd Behaviour with ContentEditable content"},{"tags":["laravel"],"owner":{"account_id":24274789,"reputation":1,"user_id":18222238,"user_type":"registered","profile_image":"https://lh3.googleusercontent.com/a/AATXAJxJ2DcGX1rPgaX2p5KsJa67uyPG7YD4iqYcHEdqJA=k-s256","display_name":"Esin Oru&#231;","link":"https://stackoverflow.com/users/18222238/esin-oru%c3%a7"},"is_answered":false,"view_count":24,"answer_count":1,"score":0,"last_activity_date":1645012900,"creation_date":1645012593,"question_id":71141426,"content_license":"CC BY-SA 4.0","link":"https://stackoverflow.com/questions/71141426/how-can-i-show-the-ready-path-given-with-jetstream","title":"How can I show the ready path given with Jetstream?"},{"tags":["bash","csv","awk","sed"],"owner":{"account_id":4589687,"reputation":55,"user_id":3723380,"user_type":"registered","profile_image":"https://www.gravatar.com/avatar/079c4b3ceca9a532c7a5b83f1e7dfb94?s=256&d=identicon&r=PG&f=y&so-version=2","display_name":"user3723380","link":"https://stackoverflow.com/users/3723380/user3723380"},"is_answered":true,"view_count":237,"accepted_answer_id":71142141,"answer_count":4,"score":2,"last_activity_date":1645019656,"creation_date":1645012586,"question_id":71141424,"content_license":"CC BY-SA 4.0","link":"https://stackoverflow.com/questions/71141424/how-to-remove-spaces-between-tags-in-a-delimited-file","title":"How to remove spaces between tags in a delimited file?"},{"tags":["python","json","dictionary"],"owner":{"account_id":17710704,"reputation":59,"user_id":15196406,"user_type":"registered","profile_image":"https://www.gravatar.com/avatar/c3ec0bc2d27da1c4fec847022e933369?s=256&d=identicon&r=PG&f=y&so-version=2","display_name":"gnarm","link":"https://stackoverflow.com/users/15196406/gnarm"},"is_answered":true,"view_count":43,"answer_count":1,"score":0,"last_activity_date":1645015660,"creation_date":1645012556,"last_edit_date":1645014075,"question_id":71141417,"content_license":"CC BY-SA 4.0","link":"https://stackoverflow.com/questions/71141417/creating-a-json-using-a-nested-dictionary","title":"Creating a JSON using a nested dictionary"},{"tags":["python","pandas","dataframe","dictionary","mapping"],"owner":{"account_id":5612565,"reputation":465,"user_id":4444871,"user_type":"registered","profile_image":"https://www.gravatar.com/avatar/7c8b0a5706eb83e39b4aaf1861458fee?s=256&d=identicon&r=PG&f=y&so-version=2","display_name":"Jazz","link":"https://stackoverflow.com/users/4444871/jazz"},"is_answered":true,"view_count":365,"accepted_answer_id":71141441,"answer_count":1,"score":0,"last_activity_date":1645015117,"creation_date":1645012545,"last_edit_date":1645012653,"question_id":71141415,"content_license":"CC BY-SA 4.0","link":"https://stackoverflow.com/questions/71141415/map-df-array-column-with-dict","title":"Map df array column with dict"},{"tags":["reactjs","font-awesome"],"owner":{"account_id":7531034,"reputation":1,"user_id":5719229,"user_type":"registered","profile_image":"https://www.gravatar.com/avatar/6ce9838b80ca63bca34363ae64e500a1?s=256&d=identicon&r=PG","display_name":"S.N","link":"https://stackoverflow.com/users/5719229/s-n"},"is_answered":true,"view_count":182,"accepted_answer_id":71887481,"answer_count":1,"score":2,"last_activity_date":1650046397,"creation_date":1645012533,"last_edit_date":1645097029,"question_id":71141413,"content_license":"CC BY-SA 4.0","link":"https://stackoverflow.com/questions/71141413/cannot-show-toggle-icon-of-fontawesomeicon-in-react","title":"Cannot show toggle icon of FontAwesomeIcon in React"},{"tags":["python","pytest","decorator"],"owner":{"account_id":2676777,"reputation":2337,"user_id":2313004,"user_type":"registered","profile_image":"https://www.gravatar.com/avatar/b8bce553345a6440ab9cc143fd8af074?s=256&d=identicon&r=PG","display_name":"grreeenn","link":"https://stackoverflow.com/users/2313004/grreeenn"},"is_answered":true,"view_count":102,"accepted_answer_id":71141536,"answer_count":1,"score":1,"last_activity_date":1645013409,"creation_date":1645012522,"question_id":71141411,"content_license":"CC BY-SA 4.0","link":"https://stackoverflow.com/questions/71141411/python-use-same-function-with-different-sets-of-decorators","title":"Python - use same function with different sets of decorators"},{"tags":["php","class","object","exception"],"owner":{"user_type":"does_not_exist","display_name":"user18221684"},"is_answered":false,"view_count":63,"answer_count":0,"score":0,"last_activity_date":1645031653,"creation_date":1645012513,"last_edit_date":1645031653,"question_id":71141410,"content_license":"CC BY-SA 4.0","link":"https://stackoverflow.com/questions/71141410/error-class-quotilluminate-http-requests-visit-regularexpressionrulequot-no","title":"Error: Class &amp;quot;Illuminate\\Http\\Requests\\Visit\\RegularExpressionRule&amp;quot; not found in file"},{"tags":["python","flutter"],"owner":{"account_id":23952805,"reputation":203,"user_id":17944121,"user_type":"registered","profile_image":"https://lh3.googleusercontent.com/a/AATXAJyBPdbIB77WIbeC250EsTSn7NNvxRKyQgGOn0E3=k-s256","display_name":"Abo_nosa","link":"https://stackoverflow.com/users/17944121/abo-nosa"},"is_answered":true,"view_count":1072,"accepted_answer_id":71141519,"answer_count":1,"score":-1,"last_activity_date":1645013024,"creation_date":1645012449,"question_id":71141398,"content_license":"CC BY-SA 4.0","link":"https://stackoverflow.com/questions/71141398/the-argument-type-cant-be-assigned-to-the-parameter-type-listint","title":"The argument type can&#39;t be assigned to the parameter type &#39;List&lt;int&gt;&#39;"},{"tags":["python","pandas","csv","beautifulsoup","utf-8"],"owner":{"account_id":14943875,"reputation":689,"user_id":10789707,"user_type":"registered","profile_image":"https://i.stack.imgur.com/jgAIG.jpg?s=256&g=1","display_name":"Lod","link":"https://stackoverflow.com/users/10789707/lod"},"is_answered":true,"view_count":434,"answer_count":1,"score":0,"last_activity_date":1645012766,"creation_date":1645012434,"question_id":71141395,"content_license":"CC BY-SA 4.0","link":"https://stackoverflow.com/questions/71141395/why-keyerror-url-occur-while-reading-urls-list-from-a-csv-file-with-python","title":"Why KeyError: &#39;url&#39; occur while reading urls list from a csv file with python?"},{"tags":["delphi","winapi","delphi-11-alexandria"],"owner":{"account_id":1725588,"reputation":5811,"user_id":1580348,"user_type":"registered","accept_rate":72,"profile_image":"https://www.gravatar.com/avatar/4a4e7f0f8d3461cad7f8d62c5b51708f?s=256&d=identicon&r=PG","display_name":"user1580348","link":"https://stackoverflow.com/users/1580348/user1580348"},"is_answered":false,"view_count":159,"answer_count":0,"score":0,"last_activity_date":1645069247,"creation_date":1645012418,"last_edit_date":1645069247,"question_id":71141389,"content_license":"CC BY-SA 4.0","link":"https://stackoverflow.com/questions/71141389/how-to-show-the-windows-properties-dialog-in-stay-on-top-mode","title":"How to show the Windows Properties dialog in stay-on-top mode?"},{"tags":["guice"],"owner":{"account_id":24275764,"reputation":37,"user_id":18223086,"user_type":"registered","profile_image":"https://lh3.googleusercontent.com/a/AATXAJwJLKom2P0KTaNzDH9FTvg9YMoZA9XGWFivOJAv=k-s256","display_name":"Viks","link":"https://stackoverflow.com/users/18223086/viks"},"is_answered":true,"view_count":33,"accepted_answer_id":71141658,"answer_count":1,"score":1,"last_activity_date":1645013579,"creation_date":1645012406,"question_id":71141387,"content_license":"CC BY-SA 4.0","link":"https://stackoverflow.com/questions/71141387/guice-inject-resolution-with-multiple-implementation-to-type","title":"Guice inject resolution with multiple implementation to type"},{"tags":["flutter","integration-testing"],"owner":{"account_id":15863106,"reputation":1108,"user_id":11445727,"user_type":"registered","profile_image":"https://i.stack.imgur.com/iNncL.jpg?s=256&g=1","display_name":"Fahmida","link":"https://stackoverflow.com/users/11445727/fahmida"},"is_answered":false,"view_count":299,"answer_count":0,"score":0,"last_activity_date":1645073993,"creation_date":1645012396,"last_edit_date":1645073993,"question_id":71141386,"content_license":"CC BY-SA 4.0","link":"https://stackoverflow.com/questions/71141386/command-for-running-integration-test-in-flavored-app","title":"Command for running integration test in flavored app"},{"tags":["google-sheets"],"owner":{"account_id":1407644,"reputation":209,"user_id":1334924,"user_type":"registered","accept_rate":58,"profile_image":"https://www.gravatar.com/avatar/40cbfb4e298088086272bad33e94b7ff?s=256&d=identicon&r=PG","display_name":"bastien","link":"https://stackoverflow.com/users/1334924/bastien"},"is_answered":true,"view_count":31,"accepted_answer_id":71141475,"answer_count":1,"score":0,"last_activity_date":1645019975,"creation_date":1645012370,"question_id":71141380,"content_license":"CC BY-SA 4.0","link":"https://stackoverflow.com/questions/71141380/google-sheet-how-to-format-line-by-line-with-a-rule-based-on-highest-value-on","title":"Google Sheet : How to format line by line with a rule based on highest value on the line?"},{"tags":["python","pandas","dataframe","pandas-groupby","aggregation"],"owner":{"account_id":12836712,"reputation":69,"user_id":9288498,"user_type":"registered","profile_image":"https://www.gravatar.com/avatar/9289aebff666fc1d49c76d4462799b75?s=256&d=identicon&r=PG&f=y&so-version=2","display_name":"Monta","link":"https://stackoverflow.com/users/9288498/monta"},"is_answered":true,"view_count":44,"accepted_answer_id":71144209,"answer_count":2,"score":1,"last_activity_date":1645023609,"creation_date":1645012360,"last_edit_date":1645012637,"question_id":71141377,"content_license":"CC BY-SA 4.0","link":"https://stackoverflow.com/questions/71141377/i-am-having-a-problem-in-pandas-python-which-i-think-might-be-due-to-wrong-use-o","title":"I am having a problem in pandas python which i think might be due to wrong use of groupby"},{"tags":["github","visual-studio-code","vscode-remote-ssh"],"owner":{"account_id":14879897,"reputation":357,"user_id":10744878,"user_type":"registered","profile_image":"https://i.stack.imgur.com/yOvcG.png?s=256&g=1","display_name":"Visovan Mihai","link":"https://stackoverflow.com/users/10744878/visovan-mihai"},"is_answered":false,"view_count":941,"answer_count":0,"score":2,"last_activity_date":1645012356,"creation_date":1645012356,"question_id":71141375,"content_license":"CC BY-SA 4.0","link":"https://stackoverflow.com/questions/71141375/cant-push-or-pull-from-vs-code-on-remote-ssh","title":"Can&#39;t push or pull from VS Code on remote SSH"},{"tags":["reactjs","redux","react-redux","react-router","react-router-dom"],"owner":{"account_id":12286030,"reputation":1753,"user_id":8965420,"user_type":"registered","profile_image":"https://i.stack.imgur.com/gKfR5.gif?s=256&g=1","display_name":"AG_HIHI","link":"https://stackoverflow.com/users/8965420/ag-hihi"},"is_answered":true,"view_count":135,"accepted_answer_id":71141814,"answer_count":2,"score":0,"last_activity_date":1645014207,"creation_date":1645012353,"question_id":71141373,"content_license":"CC BY-SA 4.0","link":"https://stackoverflow.com/questions/71141373/reactjs-component-does-not-receive-props-from-the-store","title":"ReactJs: Component does not receive props from the store"},{"tags":["python","python-3.x","pandas","dataframe"],"owner":{"account_id":24000929,"reputation":45,"user_id":17985858,"user_type":"registered","profile_image":"https://www.gravatar.com/avatar/2715dd10cf54ede759766389fe45ad66?s=256&d=identicon&r=PG","display_name":"Idkwhatnomeis","link":"https://stackoverflow.com/users/17985858/idkwhatnomeis"},"is_answered":false,"view_count":85,"answer_count":2,"score":0,"last_activity_date":1645018610,"creation_date":1645012332,"last_edit_date":1645013072,"question_id":71141369,"content_license":"CC BY-SA 4.0","link":"https://stackoverflow.com/questions/71141369/pandas-add-column-with-the-total-after-groupby","title":"Pandas add column with the total after groupby"},{"tags":["css"],"owner":{"account_id":24275662,"reputation":1,"user_id":18222995,"user_type":"registered","profile_image":"https://lh3.googleusercontent.com/a-/AOh14GggUMtuEU70enUCFjl5gd185vO-bFIhkYrSljoV=k-s256","display_name":"Joey Ovey","link":"https://stackoverflow.com/users/18222995/joey-ovey"},"is_answered":false,"view_count":37,"answer_count":1,"score":0,"last_activity_date":1645017165,"creation_date":1645012331,"question_id":71141367,"content_license":"CC BY-SA 4.0","link":"https://stackoverflow.com/questions/71141367/how-can-i-use-css-code-on-hover-an-object-move-to-the-right-and-on-hover-to-rig","title":"How can I use CSS code on hover an object (move to the right and on hover to right, move it to the left)?"},{"tags":["angular","accessibility"],"owner":{"account_id":2923645,"reputation":729,"user_id":2505427,"user_type":"registered","accept_rate":67,"profile_image":"https://www.gravatar.com/avatar/c0db0f159b417295febfd392e42914d8?s=256&d=identicon&r=PG&f=y&so-version=2","display_name":"Ty Kayn","link":"https://stackoverflow.com/users/2505427/ty-kayn"},"is_answered":true,"view_count":711,"answer_count":1,"score":1,"last_activity_date":1645065533,"creation_date":1645012325,"last_edit_date":1645029613,"question_id":71141365,"content_license":"CC BY-SA 4.0","link":"https://stackoverflow.com/questions/71141365/how-to-disable-angular-routerlink-tabindex-additions","title":"How to disable Angular routerlink tabindex additions"}],"has_more":true,"quota_max":300,"quota_remaining":285}