{"items":[{"tags":["javascript","php","jquery","ajax"],"owner":{"account_id":23633836,"reputation":1,"user_id":17665199,"user_type":"registered","profile_image":"https://www.gravatar.com/avatar/f27efaef1ddf81e277209259ce3411f4?s=256&d=identicon&r=PG","display_name":"AmonRatSO","link":"https://stackoverflow.com/users/17665199/amonratso"},"is_answered":true,"view_count":164,"answer_count":2,"score":0,"last_activity_date":1643278091,"creation_date":1643241554,"last_edit_date":1643278091,"question_id":70871735,"content_license":"CC BY-SA 4.0","link":"https://stackoverflow.com/questions/70871735/how-do-i-call-php-code-from-another-file-with-jquery-ajax","title":"How do I call PHP code from another file with jQuery ajax?"},{"tags":["c++","while-loop","char"],"owner":{"account_id":24066032,"reputation":23,"user_id":18042586,"user_type":"registered","profile_image":"https://lh3.googleusercontent.com/a-/AOh14Gjdio1HjlRsgS9JTE72Xtq8BOcfXULhhxmeGFBh=k-s256","display_name":"Lywo","link":"https://stackoverflow.com/users/18042586/lywo"},"is_answered":true,"view_count":88,"accepted_answer_id":70871784,"answer_count":2,"score":1,"last_activity_date":1643310542,"creation_date":1643241527,"question_id":70871732,"content_license":"CC BY-SA 4.0","link":"https://stackoverflow.com/questions/70871732/how-to-use-commas-to-split-chars-in-a-loop","title":"How to use commas to split chars in a loop?"},{"tags":["php","arrays","sum","multiplication"],"owner":{"account_id":15720066,"reputation":5,"user_id":15758632,"user_type":"registered","profile_image":"https://www.gravatar.com/avatar/cb0fd912b9f8384029d3bf56e4cbf089?s=256&d=identicon&r=PG&f=y&so-version=2","display_name":"Rachid aa","link":"https://stackoverflow.com/users/15758632/rachid-aa"},"is_answered":true,"view_count":107,"accepted_answer_id":70871853,"answer_count":2,"score":0,"last_activity_date":1643318838,"creation_date":1643241523,"question_id":70871731,"content_license":"CC BY-SA 4.0","link":"https://stackoverflow.com/questions/70871731/php-calculating-two-arrays-and-then-add-their-sum","title":"PHP calculating two arrays and then add their sum"},{"tags":["python","python-3.x","selenium","selenium-chromedriver"],"owner":{"account_id":8986115,"reputation":31,"user_id":6699644,"user_type":"registered","profile_image":"https://i.stack.imgur.com/Fy7ud.jpg?s=256&g=1","display_name":"Kernel_Pilgrim","link":"https://stackoverflow.com/users/6699644/kernel-pilgrim"},"is_answered":false,"view_count":204,"answer_count":1,"score":0,"last_activity_date":1643376453,"creation_date":1643241493,"question_id":70871726,"content_license":"CC BY-SA 4.0","link":"https://stackoverflow.com/questions/70871726/selenium-chrome-driver-clicks-and-scrolls-do-not-work-when-window-is-in-backgr","title":"Selenium Chrome Driver - Clicks and scrolls do not work when window is in background"},{"tags":["html","css","padding"],"owner":{"account_id":1522906,"reputation":42465,"user_id":1422096,"user_type":"registered","accept_rate":63,"profile_image":"https://www.gravatar.com/avatar/da3871bf5450fa726f20557fa3f18f51?s=256&d=identicon&r=PG","display_name":"Basj","link":"https://stackoverflow.com/users/1422096/basj"},"is_answered":true,"view_count":68,"accepted_answer_id":70871880,"answer_count":2,"score":1,"last_activity_date":1643246958,"creation_date":1643241459,"question_id":70871722,"content_license":"CC BY-SA 4.0","link":"https://stackoverflow.com/questions/70871722/how-to-have-a-balanced-padding-when-a-line-is-broken-into-2-parts","title":"How to have a balanced padding when a line is broken into 2 parts?"},{"tags":["python","docker","docker-compose","pip"],"owner":{"account_id":262002,"reputation":554,"user_id":546575,"user_type":"registered","accept_rate":100,"profile_image":"https://www.gravatar.com/avatar/811e8939ef03c018d4c5ff29a948c9c2?s=256&d=identicon&r=PG","display_name":"pri0ritize","link":"https://stackoverflow.com/users/546575/pri0ritize"},"is_answered":false,"view_count":162,"answer_count":0,"score":0,"last_activity_date":1643241450,"creation_date":1643241450,"question_id":70871721,"content_license":"CC BY-SA 4.0","link":"https://stackoverflow.com/questions/70871721/docker-build-process-and-persistence-of-files-to-final-image-for-use-in-containe","title":"Docker build process and persistence of files to final image for use in container"},{"tags":["python","python-3.x","sorting","dictionary"],"owner":{"account_id":3802058,"reputation":423,"user_id":3155415,"user_type":"registered","accept_rate":80,"profile_image":"https://www.gravatar.com/avatar/61e48e9d51037f510e37d10e98975573?s=256&d=identicon&r=PG&f=y&so-version=2","display_name":"DivideByZero","link":"https://stackoverflow.com/users/3155415/dividebyzero"},"is_answered":true,"view_count":3682,"answer_count":3,"score":-1,"last_activity_date":1685344688,"creation_date":1643241433,"last_edit_date":1643306947,"question_id":70871719,"content_license":"CC BY-SA 4.0","link":"https://stackoverflow.com/questions/70871719/how-do-i-sort-a-dictionary-by-value-with-the-key-as-a-tie-breaker","title":"How do I sort a dictionary by value with the key as a tie-breaker?"},{"tags":["amazon-web-services","terraform","terraform-provider-aws","terraform0.12+"],"owner":{"account_id":24066089,"reputation":35,"user_id":18042631,"user_type":"registered","profile_image":"https://lh3.googleusercontent.com/a-/AOh14GjNJ8R1A2pqLNweejXXA6_V8BjM1bQ3a4eH9iykgg=k-s256","display_name":"Bo Bhayani","link":"https://stackoverflow.com/users/18042631/bo-bhayani"},"is_answered":true,"view_count":126,"accepted_answer_id":70871745,"answer_count":1,"score":0,"last_activity_date":1643242092,"creation_date":1643241422,"last_edit_date":1643242092,"question_id":70871717,"content_license":"CC BY-SA 4.0","link":"https://stackoverflow.com/questions/70871717/terraform-multiple-instance-creation-error","title":"Terraform Multiple instance creation error"},{"tags":["javascript","xmlhttprequest"],"owner":{"account_id":21763615,"reputation":25,"user_id":16067830,"user_type":"registered","profile_image":"https://lh3.googleusercontent.com/a/AATXAJyMcwXc9PmcZjNf6WBIn9quJCZNtuqf8NWG3ps4=k-s256","display_name":"Bradley","link":"https://stackoverflow.com/users/16067830/bradley"},"is_answered":true,"view_count":43,"accepted_answer_id":70871970,"answer_count":2,"score":0,"last_activity_date":1643245520,"creation_date":1643241394,"question_id":70871711,"content_license":"CC BY-SA 4.0","link":"https://stackoverflow.com/questions/70871711/what-type-of-function-is-this","title":"What type of function is this?"},{"tags":["c#",".net","data-binding"],"owner":{"account_id":10726647,"reputation":4413,"user_id":7893951,"user_type":"registered","accept_rate":100,"profile_image":"https://i.stack.imgur.com/5eWm1.jpg?s=256&g=1","display_name":"Akira","link":"https://stackoverflow.com/users/7893951/akira"},"is_answered":false,"view_count":123,"answer_count":0,"score":0,"last_activity_date":1643241344,"creation_date":1643241344,"question_id":70871705,"content_license":"CC BY-SA 4.0","link":"https://stackoverflow.com/questions/70871705/how-to-create-a-property-binding-in-c","title":"How to create a property binding in C#?"},{"tags":["swift","firebase","firebase-realtime-database"],"owner":{"account_id":17740367,"reputation":495,"user_id":12880871,"user_type":"registered","profile_image":"https://www.gravatar.com/avatar/48ffde3b8d9d039e90d8e4d3cf209552?s=256&d=identicon&r=PG&f=y&so-version=2","display_name":"ursan526","link":"https://stackoverflow.com/users/12880871/ursan526"},"is_answered":false,"view_count":456,"answer_count":1,"score":3,"last_activity_date":1643246871,"creation_date":1643241293,"last_edit_date":1643244128,"question_id":70871700,"content_license":"CC BY-SA 4.0","link":"https://stackoverflow.com/questions/70871700/how-to-detect-and-handle-firebase-permission-denied-error-code-with-swift","title":"How to detect and handle firebase Permission Denied error code with swift"},{"tags":["r"],"owner":{"account_id":24065908,"reputation":1,"user_id":18042489,"user_type":"registered","profile_image":"https://www.gravatar.com/avatar/707b2ef29ef9a25dccbe2fd15c219d57?s=256&d=identicon&r=PG","display_name":"SophieK","link":"https://stackoverflow.com/users/18042489/sophiek"},"is_answered":true,"view_count":105,"accepted_answer_id":70878622,"answer_count":1,"score":0,"last_activity_date":1643286789,"creation_date":1643241288,"last_edit_date":1643282060,"question_id":70871697,"content_license":"CC BY-SA 4.0","link":"https://stackoverflow.com/questions/70871697/creating-functions-with-evalparse-containing-numeric-vectors","title":"Creating functions with eval(parse()) containing numeric vectors"},{"tags":["loops","lean"],"owner":{"account_id":14466459,"reputation":426,"user_id":10449676,"user_type":"registered","profile_image":"https://www.gravatar.com/avatar/d01efe3e65b50c64e2f93b28c668b6cc?s=256&d=identicon&r=PG&f=y&so-version=2","display_name":"FelipeCruzV10","link":"https://stackoverflow.com/users/10449676/felipecruzv10"},"is_answered":true,"view_count":720,"accepted_answer_id":70871764,"answer_count":1,"score":2,"last_activity_date":1643242550,"creation_date":1643241222,"question_id":70871694,"content_license":"CC BY-SA 4.0","link":"https://stackoverflow.com/questions/70871694/loops-in-lean-programming-language","title":"Loops in Lean programming language"},{"tags":["c#","api","asp.net-core"],"owner":{"account_id":4776974,"reputation":13,"user_id":3859806,"user_type":"registered","profile_image":"https://www.gravatar.com/avatar/56d36a6e0eb25660ad767ba059687f12?s=256&d=identicon&r=PG&f=y&so-version=2","display_name":"Cristian Pomales","link":"https://stackoverflow.com/users/3859806/cristian-pomales"},"is_answered":false,"view_count":69,"answer_count":0,"score":0,"last_activity_date":1643241197,"creation_date":1643241197,"question_id":70871692,"content_license":"CC BY-SA 4.0","link":"https://stackoverflow.com/questions/70871692/calling-database-many-times-for-validating-every-id-on-database","title":"Calling database many times for validating every id on database"},{"tags":["javascript","reactjs","visual-studio-code"],"owner":{"account_id":24066045,"reputation":13,"user_id":18042598,"user_type":"registered","profile_image":"https://lh3.googleusercontent.com/a-/AOh14Gi824li-I700kzb8jURZoVjZVM8xCkKXlaNg5jj=k-s256","display_name":"Ralic","link":"https://stackoverflow.com/users/18042598/ralic"},"is_answered":false,"view_count":390,"answer_count":0,"score":0,"last_activity_date":1643241194,"creation_date":1643241194,"question_id":70871691,"content_license":"CC BY-SA 4.0","link":"https://stackoverflow.com/questions/70871691/import-export-in-vscode-javascript-for-react","title":"Import/Export in VSCode Javascript for React"},{"tags":["javascript","reactjs","react-native","expo"],"owner":{"account_id":19380437,"reputation":533,"user_id":14171827,"user_type":"registered","profile_image":"https://lh3.googleusercontent.com/-3birOdrMOQY/AAAAAAAAAAI/AAAAAAAAAAA/AMZuucmRAqGfkKqOYFZo0Bu1uwXMR2N2Uw/photo.jpg?sz=256","display_name":"Aakash Rathee","link":"https://stackoverflow.com/users/14171827/aakash-rathee"},"is_answered":false,"view_count":605,"answer_count":1,"score":1,"last_activity_date":1643243467,"creation_date":1643241186,"question_id":70871690,"content_license":"CC BY-SA 4.0","link":"https://stackoverflow.com/questions/70871690/cant-write-more-than-one-letter-in-textinput","title":"Cant write more than one letter in TextInput"},{"tags":["go","goroutine"],"owner":{"account_id":1176723,"reputation":8864,"user_id":1152549,"user_type":"registered","accept_rate":68,"profile_image":"https://i.stack.imgur.com/u0RxU.jpg?s=256&g=1","display_name":"Ali Behzadian Nejad","link":"https://stackoverflow.com/users/1152549/ali-behzadian-nejad"},"is_answered":true,"view_count":613,"accepted_answer_id":70871800,"answer_count":2,"score":1,"last_activity_date":1643252218,"creation_date":1643241153,"question_id":70871684,"content_license":"CC BY-SA 4.0","link":"https://stackoverflow.com/questions/70871684/go-using-one-channels-to-receive-results-from-multiple-goroutines","title":"Go: using one channels to receive results from multiple goroutines"},{"tags":["go"],"owner":{"account_id":5917166,"reputation":55,"user_id":4655608,"user_type":"registered","profile_image":"https://www.gravatar.com/avatar/7ed1863e7e2e0e010d63e111bc40847c?s=256&d=identicon&r=PG&f=y&so-version=2","display_name":"Grant Goodyear","link":"https://stackoverflow.com/users/4655608/grant-goodyear"},"is_answered":true,"view_count":147,"accepted_answer_id":70872145,"answer_count":1,"score":2,"last_activity_date":1643396442,"creation_date":1643241148,"last_edit_date":1643396442,"question_id":70871683,"content_license":"CC BY-SA 4.0","link":"https://stackoverflow.com/questions/70871683/go-line-by-line-processing-taking-way-too-long","title":"Go line-by-line processing taking way too long"},{"tags":["python","list","replace","single-quotes"],"owner":{"account_id":12650715,"reputation":978,"user_id":9194965,"user_type":"registered","profile_image":"https://www.gravatar.com/avatar/0a5898afcc621e0bc1cce220e3ab384c?s=256&d=identicon&r=PG&f=y&so-version=2","display_name":"veg2020","link":"https://stackoverflow.com/users/9194965/veg2020"},"is_answered":true,"view_count":1215,"accepted_answer_id":70871882,"answer_count":2,"score":0,"last_activity_date":1643243018,"creation_date":1643241139,"question_id":70871682,"content_license":"CC BY-SA 4.0","link":"https://stackoverflow.com/questions/70871682/generate-a-list-of-string-elements-without-the-quotation-mark","title":"generate a list of string elements without the quotation mark"},{"tags":["python","pandas","dataframe","linear-algebra"],"owner":{"account_id":410225,"reputation":5401,"user_id":781938,"user_type":"registered","accept_rate":100,"profile_image":"https://www.gravatar.com/avatar/189e7e1ecd0a7516152f0e2d2d5d6130?s=256&d=identicon&r=PG","display_name":"william_grisaitis","link":"https://stackoverflow.com/users/781938/william-grisaitis"},"is_answered":true,"view_count":185,"accepted_answer_id":70871779,"answer_count":1,"score":1,"last_activity_date":1643242094,"creation_date":1643241130,"last_edit_date":1643242094,"question_id":70871679,"content_license":"CC BY-SA 4.0","link":"https://stackoverflow.com/questions/70871679/matrix-multiplication-of-two-dataframes-by-column-name","title":"Matrix multiplication of two DataFrames by column name?"},{"tags":["ios","swift","xcode"],"owner":{"account_id":17713712,"reputation":1,"user_id":12860639,"user_type":"registered","profile_image":"https://www.gravatar.com/avatar/a266cd76ace6fc51c676026bb6cb4824?s=256&d=identicon&r=PG&f=y&so-version=2","display_name":"Noobius Maximus","link":"https://stackoverflow.com/users/12860639/noobius-maximus"},"is_answered":false,"view_count":702,"answer_count":3,"score":0,"last_activity_date":1643329703,"creation_date":1643241083,"last_edit_date":1643329703,"question_id":70871677,"content_license":"CC BY-SA 4.0","link":"https://stackoverflow.com/questions/70871677/xcode-files-in-red-but-file-still-there","title":"Xcode files in Red - but file still there"},{"tags":["python","numpy"],"owner":{"account_id":393857,"reputation":5221,"user_id":755934,"user_type":"registered","accept_rate":73,"profile_image":"https://www.gravatar.com/avatar/78206ae90608eeec3892338bc3f1d1b4?s=256&d=identicon&r=PG","display_name":"Daniel Kats","link":"https://stackoverflow.com/users/755934/daniel-kats"},"is_answered":true,"view_count":255,"accepted_answer_id":70872155,"answer_count":1,"score":3,"last_activity_date":1643249237,"creation_date":1643240961,"question_id":70871669,"content_license":"CC BY-SA 4.0","link":"https://stackoverflow.com/questions/70871669/interpretation-of-counts-for-numpy-unique-when-applied-on-a-matrix","title":"Interpretation of counts for `numpy.unique` when applied on a matrix"},{"tags":["azure","azure-web-app-service","load-balancing","azure-application-gateway"],"owner":{"account_id":16200016,"reputation":17,"user_id":12158914,"user_type":"registered","profile_image":"https://www.gravatar.com/avatar/370b09d604e9955939bdcdd6f8bbcb20?s=256&d=identicon&r=PG&f=y&so-version=2","display_name":"Daniel","link":"https://stackoverflow.com/users/12158914/daniel"},"is_answered":false,"view_count":912,"answer_count":0,"score":0,"last_activity_date":1643267277,"creation_date":1643240819,"last_edit_date":1643267277,"question_id":70871653,"content_license":"CC BY-SA 4.0","link":"https://stackoverflow.com/questions/70871653/network-interface-provisioning-state-is-failed-when-editing-backend-pool","title":"Network interface provisioning state is failed when editing backend pool"},{"tags":["python","python-3.x","python-requests","http-headers"],"owner":{"account_id":10531711,"reputation":1,"user_id":7760836,"user_type":"registered","profile_image":"https://www.gravatar.com/avatar/5071bdd16c07590bcda24f022f801b52?s=256&d=identicon&r=PG&f=y&so-version=2","display_name":"Aaron","link":"https://stackoverflow.com/users/7760836/aaron"},"is_answered":false,"view_count":255,"answer_count":0,"score":0,"last_activity_date":1643303572,"creation_date":1643240814,"last_edit_date":1643303572,"question_id":70871652,"content_license":"CC BY-SA 4.0","link":"https://stackoverflow.com/questions/70871652/python-requests-library-corrupt-image-download","title":"Python requests library corrupt image download"},{"tags":["android","json","kotlin","parsing","android-room"],"owner":{"account_id":18463171,"reputation":15,"user_id":13450100,"user_type":"registered","profile_image":"https://lh3.googleusercontent.com/a-/AOh14GjJXTx31svCIyEKtGyG_qd1KhCmUVQXZoLwJPF5DA=k-s256","display_name":"Tam&#225;s T&#233;nyi","link":"https://stackoverflow.com/users/13450100/tam%c3%a1s-t%c3%a9nyi"},"is_answered":true,"view_count":729,"accepted_answer_id":70872755,"answer_count":1,"score":0,"last_activity_date":1643298992,"creation_date":1643240774,"last_edit_date":1643284121,"question_id":70871647,"content_license":"CC BY-SA 4.0","link":"https://stackoverflow.com/questions/70871647/how-to-parse-objects-that-has-a-sealed-class-param-in-kotlin-android-development","title":"How to parse objects that has a sealed class param in kotlin android development using Room?"},{"tags":["git","git-merge"],"owner":{"account_id":21687929,"reputation":1,"user_id":16003053,"user_type":"registered","profile_image":"https://i.stack.imgur.com/mOKOE.jpg?s=256&g=1","display_name":"HappyCoco","link":"https://stackoverflow.com/users/16003053/happycoco"},"is_answered":false,"view_count":222,"answer_count":1,"score":0,"last_activity_date":1643245418,"creation_date":1643240772,"question_id":70871646,"content_license":"CC BY-SA 4.0","link":"https://stackoverflow.com/questions/70871646/how-to-deal-with-the-situation-that-the-parent-branch-was-merged-to-develop-befo","title":"How to deal with the situation that the parent branch was merged to develop before a child branch?"},{"tags":["python","numpy"],"owner":{"account_id":4374362,"reputation":145,"user_id":3567761,"user_type":"registered","profile_image":"https://www.gravatar.com/avatar/c4d3694e2b76bd9fd654295f8e4bc7fd?s=256&d=identicon&r=PG&f=y&so-version=2","display_name":"user3567761","link":"https://stackoverflow.com/users/3567761/user3567761"},"is_answered":false,"view_count":36,"answer_count":0,"score":1,"last_activity_date":1643240764,"creation_date":1643240764,"question_id":70871645,"content_license":"CC BY-SA 4.0","link":"https://stackoverflow.com/questions/70871645/strange-happenings-with-numpy","title":"Strange happenings with numpy"},{"tags":["flutter","dart"],"owner":{"account_id":24065696,"reputation":1,"user_id":18042301,"user_type":"registered","profile_image":"https://lh3.googleusercontent.com/a/AATXAJy8QxWpDza4FZ9uJzklVXNQBc3CqQbX8XEyhezo=k-s256","display_name":"R-S-W","link":"https://stackoverflow.com/users/18042301/r-s-w"},"is_answered":false,"view_count":651,"answer_count":1,"score":0,"last_activity_date":1643304453,"creation_date":1643240759,"last_edit_date":1643260330,"question_id":70871643,"content_license":"CC BY-SA 4.0","link":"https://stackoverflow.com/questions/70871643/flutter-textfield-will-not-scroll-down-when-new-lines-are-added","title":"Flutter: TextField will not scroll down when new lines are added"},{"tags":["sql","sql-server","t-sql"],"owner":{"account_id":4115738,"reputation":3115,"user_id":3377344,"user_type":"registered","accept_rate":88,"profile_image":"https://i.stack.imgur.com/7deCJ.jpg?s=256&g=1","display_name":"psj01","link":"https://stackoverflow.com/users/3377344/psj01"},"is_answered":true,"view_count":35,"closed_date":1643241127,"accepted_answer_id":70871685,"answer_count":1,"score":0,"last_activity_date":1643593640,"creation_date":1643240700,"last_edit_date":1643593640,"question_id":70871639,"link":"https://stackoverflow.com/questions/70871639/how-can-i-write-a-query-that-shows-the-percentage-of-records-in-my-table-that-ha","closed_reason":"Duplicate","title":"How can I write a query that shows the percentage of records in my table that has name that contains len == 1?"},{"tags":["encryption","encoding","aes","etl","teradata"],"owner":{"account_id":24065834,"reputation":11,"user_id":18042425,"user_type":"registered","profile_image":"https://www.gravatar.com/avatar/87438f3d27b1d219808a5965ab933fd6?s=256&d=identicon&r=PG","display_name":"GetLost007","link":"https://stackoverflow.com/users/18042425/getlost007"},"is_answered":true,"view_count":246,"answer_count":1,"score":1,"last_activity_date":1643302160,"creation_date":1643240696,"question_id":70871637,"content_license":"CC BY-SA 4.0","link":"https://stackoverflow.com/questions/70871637/file-delimiters-on-aes-256-encrypted-fields","title":"File Delimiters on AES 256 Encrypted fields"}],"has_more":true,"quota_max":300,"quota_remaining":195}