{"items":[{"tags":["r","datetime","lubridate","posixct"],"owner":{"account_id":10443769,"reputation":87,"user_id":10721709,"user_type":"registered","profile_image":"https://i.stack.imgur.com/SttQT.png?s=256&g=1","display_name":"vinceroni","link":"https://stackoverflow.com/users/10721709/vinceroni"},"is_answered":false,"view_count":176,"answer_count":0,"score":1,"last_activity_date":1647867697,"creation_date":1647863978,"question_id":71557280,"content_license":"CC BY-SA 4.0","link":"https://stackoverflow.com/questions/71557280/how-does-as-posixct-tryformats-work-with-multiple-input-types","title":"How does as.POSIXct &quot;tryFormats&quot; work with multiple input types?"},{"tags":["java","data-structures","collections"],"owner":{"account_id":7454179,"reputation":660,"user_id":5667911,"user_type":"registered","accept_rate":45,"profile_image":"https://www.gravatar.com/avatar/fa87b6f292a257ea4983e38a493bbad5?s=256&d=identicon&r=PG&f=y&so-version=2","display_name":"Abhishek","link":"https://stackoverflow.com/users/5667911/abhishek"},"is_answered":false,"view_count":33,"answer_count":1,"score":0,"last_activity_date":1647865115,"creation_date":1647863949,"question_id":71557276,"content_license":"CC BY-SA 4.0","link":"https://stackoverflow.com/questions/71557276/store-each-character-occurence","title":"Store each character occurence"},{"tags":["python","deep-learning","huggingface-transformers"],"owner":{"account_id":24629589,"reputation":41,"user_id":18528975,"user_type":"registered","profile_image":"https://www.gravatar.com/avatar/3914c3f07ed6b54c1ababa0c7ca8dcf5?s=256&d=identicon&r=PG&f=y&so-version=2","display_name":"Yosr Dhaoui","link":"https://stackoverflow.com/users/18528975/yosr-dhaoui"},"is_answered":true,"view_count":979,"accepted_answer_id":71558260,"answer_count":2,"score":1,"last_activity_date":1665768920,"creation_date":1647863942,"last_edit_date":1647864086,"question_id":71557275,"content_license":"CC BY-SA 4.0","link":"https://stackoverflow.com/questions/71557275/emotion-detection-in-text-using-emoroberta","title":"Emotion detection in text using EmoRoberta"},{"tags":["google-app-engine","terraform","artifactory","google-cloud-build"],"owner":{"account_id":2403580,"reputation":3133,"user_id":2100693,"user_type":"registered","accept_rate":100,"profile_image":"https://i.stack.imgur.com/eOX87.jpg?s=256&g=1","display_name":"Sertage","link":"https://stackoverflow.com/users/2100693/sertage"},"is_answered":true,"view_count":831,"accepted_answer_id":71572009,"answer_count":1,"score":2,"last_activity_date":1665520705,"creation_date":1647863911,"last_edit_date":1665520694,"question_id":71557267,"content_license":"CC BY-SA 4.0","link":"https://stackoverflow.com/questions/71557267/how-to-use-a-docker-image-from-artifactory-on-google-app-engine","title":"How to use a docker image from Artifactory on Google App Engine?"},{"tags":["android","react-native","firebase-realtime-database","react-native-firebase"],"owner":{"account_id":24628020,"reputation":1,"user_id":18527547,"user_type":"registered","profile_image":"https://www.gravatar.com/avatar/f33937f867c3ef77c10881b587ead037?s=256&d=identicon&r=PG&f=y&so-version=2","display_name":"S_C","link":"https://stackoverflow.com/users/18527547/s-c"},"is_answered":true,"view_count":393,"accepted_answer_id":71575502,"answer_count":2,"score":0,"last_activity_date":1647966107,"creation_date":1647863897,"question_id":71557265,"content_license":"CC BY-SA 4.0","link":"https://stackoverflow.com/questions/71557265/react-native-realtime-database-build-error","title":"React Native realtime database build error"},{"tags":["c#","azure-active-directory","microsoft-graph-api","access-token"],"owner":{"account_id":24285289,"reputation":63,"user_id":18231160,"user_type":"registered","profile_image":"https://lh3.googleusercontent.com/a/AATXAJyBRSbS3ep75Qeg4DXYsR3MBvPeVHJz2cYKIpAo=k-s256","display_name":"Tobias","link":"https://stackoverflow.com/users/18231160/tobias"},"is_answered":true,"view_count":2508,"answer_count":1,"score":2,"last_activity_date":1648197946,"creation_date":1647863893,"question_id":71557264,"content_license":"CC BY-SA 4.0","link":"https://stackoverflow.com/questions/71557264/how-to-acquire-token-for-delegated-permissions-microsoft-graph","title":"How to acquire token for delegated permissions (microsoft graph)"},{"tags":["mysql","json"],"owner":{"account_id":227994,"reputation":4673,"user_id":2090106,"user_type":"registered","accept_rate":35,"profile_image":"https://www.gravatar.com/avatar/b446e5c6738be26be91900cfc160094b?s=256&d=identicon&r=PG","display_name":"Sebastian","link":"https://stackoverflow.com/users/2090106/sebastian"},"is_answered":true,"view_count":44,"answer_count":1,"score":0,"last_activity_date":1647865072,"creation_date":1647863853,"question_id":71557259,"content_license":"CC BY-SA 4.0","link":"https://stackoverflow.com/questions/71557259/mysql-update-json-int-array-column","title":"Mysql Update JSON Int Array Column"},{"tags":["c#","asp.net-core","asp.net-core-3.1",".net-6.0"],"owner":{"account_id":6857044,"reputation":1000,"user_id":5272292,"user_type":"registered","profile_image":"https://www.gravatar.com/avatar/15dcbf50aabd51329be23a16b16f4b2c?s=256&d=identicon&r=PG&f=y&so-version=2","display_name":"SJP","link":"https://stackoverflow.com/users/5272292/sjp"},"is_answered":true,"view_count":686,"accepted_answer_id":71557569,"answer_count":1,"score":0,"last_activity_date":1647865703,"creation_date":1647863821,"last_edit_date":1647864341,"question_id":71557253,"content_license":"CC BY-SA 4.0","link":"https://stackoverflow.com/questions/71557253/array-creates-validation-error-in-asp-net-6","title":"Array creates validation error in ASP.NET 6"},{"tags":["html","asp.net-mvc","asp.net-core"],"owner":{"account_id":24628189,"reputation":97,"user_id":18527698,"user_type":"registered","profile_image":"https://graph.facebook.com/4914571978658764/picture?type=large","display_name":"Alexandre Louren&#231;o","link":"https://stackoverflow.com/users/18527698/alexandre-louren%c3%a7o"},"is_answered":true,"view_count":102,"accepted_answer_id":71568105,"answer_count":1,"score":1,"last_activity_date":1647935164,"creation_date":1647863801,"last_edit_date":1647935164,"question_id":71557248,"content_license":"CC BY-SA 4.0","link":"https://stackoverflow.com/questions/71557248/i-have-my-data-inside-a-sqldatareader-and-i-passed-it-to-the-html-view-how-can","title":"I have my data inside a SqlDataReader and i passed it to the html View, how can i work with that info inside the view, and display it into a table?"},{"tags":["c#","opencv","emgucv"],"owner":{"account_id":23636224,"reputation":160,"user_id":17667233,"user_type":"registered","profile_image":"https://www.gravatar.com/avatar/16acab9231840cf4326febfed8ecc5ce?s=256&d=identicon&r=PG","display_name":"erik7854","link":"https://stackoverflow.com/users/17667233/erik7854"},"is_answered":false,"view_count":428,"answer_count":0,"score":0,"last_activity_date":1647863789,"creation_date":1647863789,"question_id":71557246,"content_license":"CC BY-SA 4.0","link":"https://stackoverflow.com/questions/71557246/emgucv-what-is-the-right-variable-to-use-for-detector-descriptors-erroropenc","title":"EmguCV: What is the right variable to use for detector descriptors? Error:&quot;OpenCV: &gt; type=0&quot;"},{"tags":["python","json","blockchain"],"owner":{"account_id":24224961,"reputation":31,"user_id":18179607,"user_type":"registered","profile_image":"https://www.gravatar.com/avatar/78556ca8fc7987f671cae09cc0734130?s=256&d=identicon&r=PG","display_name":"Platon","link":"https://stackoverflow.com/users/18179607/platon"},"is_answered":false,"view_count":66,"answer_count":1,"score":-2,"last_activity_date":1647869286,"creation_date":1647863772,"last_edit_date":1647864616,"question_id":71557243,"content_license":"CC BY-SA 4.0","link":"https://stackoverflow.com/questions/71557243/jsondecodeerrror-while-trying-to-decide-json-from-file","title":"JSONDecodeErrror while trying to decide JSON from file"},{"tags":["javascript"],"owner":{"account_id":24629497,"reputation":29,"user_id":18528891,"user_type":"registered","profile_image":"https://www.gravatar.com/avatar/2e2303f4c9c2662d5599454f72647f00?s=256&d=identicon&r=PG","display_name":"Victor","link":"https://stackoverflow.com/users/18528891/victor"},"is_answered":true,"view_count":53,"accepted_answer_id":71557328,"answer_count":1,"score":0,"last_activity_date":1648021233,"creation_date":1647863754,"last_edit_date":1647863905,"question_id":71557241,"content_license":"CC BY-SA 4.0","link":"https://stackoverflow.com/questions/71557241/is-it-possible-to-use-if-in-to-search-through-an-object-without-it-being-cas","title":"Is it possible to use `if … in` to search through an object without it being case-sensitive?"},{"tags":["javascript","google-apps-script","parent-child"],"owner":{"account_id":24629550,"reputation":3,"user_id":18528939,"user_type":"registered","profile_image":"https://www.gravatar.com/avatar/7fec6d384aec7cc939634d05076be89f?s=256&d=identicon&r=PG","display_name":"billy9912","link":"https://stackoverflow.com/users/18528939/billy9912"},"is_answered":true,"view_count":242,"accepted_answer_id":71558795,"answer_count":1,"score":0,"last_activity_date":1647871417,"creation_date":1647863743,"question_id":71557240,"content_license":"CC BY-SA 4.0","link":"https://stackoverflow.com/questions/71557240/extracting-content-when-multiple-children-with-same-name-google-scripts-js","title":"Extracting Content when Multiple Children with Same Name (Google Scripts JS)"},{"tags":["javascript","html","html5-video"],"owner":{"account_id":18212848,"reputation":197,"user_id":16159917,"user_type":"registered","profile_image":"https://i.stack.imgur.com/yOJDK.jpg?s=256&g=1","display_name":"oyerohabib","link":"https://stackoverflow.com/users/16159917/oyerohabib"},"is_answered":false,"view_count":108,"answer_count":0,"score":1,"last_activity_date":1647865061,"creation_date":1647863741,"last_edit_date":1647865061,"question_id":71557238,"content_license":"CC BY-SA 4.0","link":"https://stackoverflow.com/questions/71557238/ontimeupdate-not-working-in-my-javascript","title":"&quot;ontimeupdate&quot; not working in my JavaScript"},{"tags":["powershell","sharepoint","office365","sharepoint-online"],"owner":{"account_id":24629507,"reputation":1,"user_id":18528899,"user_type":"registered","profile_image":"https://www.gravatar.com/avatar/647fcd1e918bc608e18bbcf98ac26d60?s=256&d=identicon&r=PG","display_name":"Kimsand520","link":"https://stackoverflow.com/users/18528899/kimsand520"},"is_answered":false,"view_count":715,"answer_count":0,"score":0,"last_activity_date":1647873172,"creation_date":1647863733,"last_edit_date":1647873172,"question_id":71557236,"content_license":"CC BY-SA 4.0","link":"https://stackoverflow.com/questions/71557236/change-time-zone-on-all-sharepoint-online-sites","title":"Change time zone on all sharepoint online sites"},{"tags":["azure-keyvault","azure-storage-account"],"owner":{"account_id":18631980,"reputation":113,"user_id":13579721,"user_type":"registered","profile_image":"https://www.gravatar.com/avatar/48e30bee3977cb4ca31ab7866d157491?s=256&d=identicon&r=PG&f=y&so-version=2","display_name":"Phoenix","link":"https://stackoverflow.com/users/13579721/phoenix"},"is_answered":false,"view_count":202,"answer_count":1,"score":0,"last_activity_date":1649010243,"creation_date":1647863728,"question_id":71557232,"content_license":"CC BY-SA 4.0","link":"https://stackoverflow.com/questions/71557232/in-azure-can-a-public-key-vault-manage-access-keys-of-a-private-storage-account","title":"In Azure, can a public key vault manage access keys of a private storage account?"},{"tags":["geojson","geopandas","folium","choropleth"],"owner":{"account_id":23473230,"reputation":93,"user_id":17526402,"user_type":"registered","profile_image":"https://www.gravatar.com/avatar/5b811da6e567aa4e5017d304ab2d7317?s=256&d=identicon&r=PG","display_name":"Alberto De Benedittis","link":"https://stackoverflow.com/users/17526402/alberto-de-benedittis"},"is_answered":true,"view_count":187,"answer_count":2,"score":0,"last_activity_date":1647874076,"creation_date":1647863706,"question_id":71557228,"content_license":"CC BY-SA 4.0","link":"https://stackoverflow.com/questions/71557228/folium-choropletmap-issues-with-key-on-does-not-overlay-the-choroplet-map","title":"Folium-ChoropletMap issues with key_on: does not overlay the choroplet map"},{"tags":["ios","swift","swiftui","permissions","ads"],"owner":{"account_id":4508259,"reputation":1437,"user_id":3665098,"user_type":"registered","accept_rate":82,"profile_image":"https://i.stack.imgur.com/8Bx1o.jpg?s=256&g=1","display_name":"TruckerCat","link":"https://stackoverflow.com/users/3665098/truckercat"},"is_answered":true,"view_count":1303,"accepted_answer_id":71564415,"answer_count":1,"score":1,"last_activity_date":1647898485,"creation_date":1647863702,"question_id":71557227,"content_license":"CC BY-SA 4.0","link":"https://stackoverflow.com/questions/71557227/attrackingmanager-requesttrackingauthorization-always-returns-not-determined-a","title":"ATTrackingManager.requestTrackingAuthorization always returns &quot;Not Determined&quot; and prompt is never shown"},{"tags":["java","concurrency","hashmap"],"owner":{"account_id":16617127,"reputation":638,"user_id":12008421,"user_type":"registered","profile_image":"https://www.gravatar.com/avatar/e4285e4459145d99e9568d2079fce3cd?s=256&d=identicon&r=PG&f=y&so-version=2","display_name":"wayne","link":"https://stackoverflow.com/users/12008421/wayne"},"is_answered":true,"view_count":244,"accepted_answer_id":71557436,"answer_count":1,"score":0,"last_activity_date":1647917563,"creation_date":1647863674,"last_edit_date":1647917563,"question_id":71557222,"content_license":"CC BY-SA 4.0","link":"https://stackoverflow.com/questions/71557222/hashmap-resize-while-single-thread-writing-and-multiple-threads-reading","title":"HashMap resize() while single thread writing and multiple threads reading"},{"tags":["c++11","printf","rounding"],"owner":{"account_id":24629562,"reputation":11,"user_id":18528951,"user_type":"registered","profile_image":"https://www.gravatar.com/avatar/a43be30009fc758eaa4601ba8bca4dca?s=256&d=identicon&r=PG&f=y&so-version=2","display_name":"qaz","link":"https://stackoverflow.com/users/18528951/qaz"},"is_answered":false,"view_count":172,"answer_count":1,"score":1,"last_activity_date":1647870027,"creation_date":1647863666,"last_edit_date":1647869697,"question_id":71557221,"content_license":"CC BY-SA 4.0","link":"https://stackoverflow.com/questions/71557221/is-there-a-way-to-round-down-float-type-in-c","title":"is there a way to round down float type in c++?"},{"tags":["java","spring","selenium","maven","testng"],"owner":{"account_id":16500112,"reputation":39,"user_id":11921639,"user_type":"registered","profile_image":"https://lh6.googleusercontent.com/-kuByaDo0JZw/AAAAAAAAAAI/AAAAAAAAAFs/QHAP8AIydgk/photo.jpg?sz=256","display_name":"Mohsin Muazzam","link":"https://stackoverflow.com/users/11921639/mohsin-muazzam"},"is_answered":true,"view_count":125,"accepted_answer_id":71661509,"answer_count":1,"score":0,"last_activity_date":1648554691,"creation_date":1647863665,"last_edit_date":1647942421,"question_id":71557220,"content_license":"CC BY-SA 4.0","link":"https://stackoverflow.com/questions/71557220/testng-classnot-found-with-wrong-name","title":"TestNG classNot found with wrong name"},{"tags":["html","css"],"owner":{"account_id":5602037,"reputation":452,"user_id":4437968,"user_type":"registered","profile_image":"https://www.gravatar.com/avatar/da302e805159f9a0a05da2f1a8b3b66d?s=256&d=identicon&r=PG&f=y&so-version=2","display_name":"Joe Herbert","link":"https://stackoverflow.com/users/4437968/joe-herbert"},"is_answered":true,"view_count":221,"accepted_answer_id":71557270,"answer_count":1,"score":0,"last_activity_date":1647864842,"creation_date":1647863655,"question_id":71557218,"content_license":"CC BY-SA 4.0","link":"https://stackoverflow.com/questions/71557218/css-selector-to-match-the-first-empty-element","title":"CSS selector to match the first empty element"},{"tags":["azure","vue.js","azure-web-app-service"],"owner":{"account_id":24504559,"reputation":1,"user_id":18419748,"user_type":"registered","profile_image":"https://lh3.googleusercontent.com/a/AATXAJxZx7_Cb9Sd1GSUSixTHp2emQFM69h6L-4I23sA=k-s256","display_name":"Simon Breit","link":"https://stackoverflow.com/users/18419748/simon-breit"},"is_answered":false,"view_count":108,"answer_count":0,"score":0,"last_activity_date":1648022105,"creation_date":1647863639,"last_edit_date":1647953039,"question_id":71557213,"content_license":"CC BY-SA 4.0","link":"https://stackoverflow.com/questions/71557213/azure-vue-issuse-with-missing-server-js-app-js","title":"Azure vue issuse with missing server.js/app.js?"},{"tags":["r","loops","csv","file","import"],"owner":{"account_id":20777952,"reputation":95,"user_id":15259044,"user_type":"registered","profile_image":"https://lh5.googleusercontent.com/-zZUff8W_AO8/AAAAAAAAAAI/AAAAAAAAAAA/AMZuucnZSwxcQfnPI1ky4GjiAzuxxyI1wg/s96-c/photo.jpg?sz=256","display_name":"Bartholomew","link":"https://stackoverflow.com/users/15259044/bartholomew"},"is_answered":true,"view_count":599,"accepted_answer_id":71557937,"answer_count":3,"score":2,"last_activity_date":1647867916,"creation_date":1647863614,"question_id":71557209,"content_license":"CC BY-SA 4.0","link":"https://stackoverflow.com/questions/71557209/read-multiple-csv-files-and-replacing-names","title":"Read multiple CSV files and replacing names"},{"tags":["typescript","react-native","ts-jest"],"owner":{"account_id":14278640,"reputation":66,"user_id":10313947,"user_type":"registered","profile_image":"https://lh6.googleusercontent.com/-zUASjknjN3c/AAAAAAAAAAI/AAAAAAAAWew/z2TkPEcJ2NI/photo.jpg?sz=256","display_name":"Olha Khomlyak","link":"https://stackoverflow.com/users/10313947/olha-khomlyak"},"is_answered":false,"view_count":430,"answer_count":0,"score":1,"last_activity_date":1647867318,"creation_date":1647863613,"last_edit_date":1647867318,"question_id":71557208,"content_license":"CC BY-SA 4.0","link":"https://stackoverflow.com/questions/71557208/react-native-typescript-testing-with-jest","title":"React Native Typescript testing with Jest"},{"tags":["javascript","local-storage","themoviedb-api"],"owner":{"account_id":20106664,"reputation":1,"user_id":14744006,"user_type":"registered","profile_image":"https://lh3.googleusercontent.com/a-/AOh14GjBc5tNlNMfVhWLYhiHyx8aFgUwMx2e-Y9vOKDKIA=k-s256","display_name":"Sam Nakity","link":"https://stackoverflow.com/users/14744006/sam-nakity"},"is_answered":false,"view_count":65,"answer_count":0,"score":0,"last_activity_date":1647864025,"creation_date":1647863611,"last_edit_date":1647863966,"question_id":71557207,"content_license":"CC BY-SA 4.0","link":"https://stackoverflow.com/questions/71557207/how-to-convert-array-in-localstorage-to-json-that-can-be-used-to-render-elements","title":"How to convert array in localstorage to JSON that can be used to render elements into div?"},{"tags":["javascript","datatable"],"owner":{"account_id":23774357,"reputation":25,"user_id":17788032,"user_type":"registered","profile_image":"https://www.gravatar.com/avatar/08443226cf5aa1efaa54b3213d6c2932?s=256&d=identicon&r=PG","display_name":"RoseTyler","link":"https://stackoverflow.com/users/17788032/rosetyler"},"is_answered":false,"view_count":34,"answer_count":0,"score":0,"last_activity_date":1647864504,"creation_date":1647863594,"last_edit_date":1647864504,"question_id":71557201,"content_license":"CC BY-SA 4.0","link":"https://stackoverflow.com/questions/71557201/datatable-comma","title":"DataTable comma"},{"tags":["vue.js","vuejs2"],"owner":{"account_id":21622636,"reputation":1,"user_id":15947420,"user_type":"registered","profile_image":"https://lh3.googleusercontent.com/a-/AOh14Gh__Qmsndt8Kp5VZPrC106frNpB2-jep6EU-CBFzY0=k-s256","display_name":"Muhammad Saad","link":"https://stackoverflow.com/users/15947420/muhammad-saad"},"is_answered":false,"view_count":523,"answer_count":1,"score":0,"last_activity_date":1647875820,"creation_date":1647863562,"question_id":71557194,"content_license":"CC BY-SA 4.0","link":"https://stackoverflow.com/questions/71557194/change-input-field-data-in-vue-js","title":"change input field data in vue js"},{"tags":["javascript","reactjs","firebase-authentication","fetch-api"],"owner":{"account_id":24629070,"reputation":3,"user_id":18528498,"user_type":"registered","profile_image":"https://www.gravatar.com/avatar/1ae77816907351865f954c688f028f25?s=256&d=identicon&r=PG","display_name":"beginner_programmer","link":"https://stackoverflow.com/users/18528498/beginner-programmer"},"is_answered":true,"view_count":92,"accepted_answer_id":71559027,"answer_count":2,"score":0,"last_activity_date":1647877343,"creation_date":1647863509,"last_edit_date":1647877343,"question_id":71557185,"content_license":"CC BY-SA 4.0","link":"https://stackoverflow.com/questions/71557185/is-there-a-better-way-of-implementing-this-without-multiple-fetch-request","title":"Is there a better way of implementing this without multiple fetch request?"},{"tags":["firebase","email","sendgrid"],"owner":{"account_id":7774098,"reputation":303,"user_id":5882738,"user_type":"registered","profile_image":"https://www.gravatar.com/avatar/efbe3a339806cf5a823bddb93a44eb63?s=256&d=identicon&r=PG&f=y&so-version=2","display_name":"Uros","link":"https://stackoverflow.com/users/5882738/uros"},"is_answered":true,"view_count":452,"answer_count":1,"score":1,"last_activity_date":1647902352,"creation_date":1647863509,"question_id":71557184,"content_license":"CC BY-SA 4.0","link":"https://stackoverflow.com/questions/71557184/firebase-sendgrid-unable-to-send-email","title":"Firebase Sendgrid - unable to send email"}],"has_more":true,"quota_max":300,"quota_remaining":154}