{"items":[{"tags":["pipeline","tekton"],"owner":{"account_id":16908241,"reputation":3,"user_id":12228022,"user_type":"registered","profile_image":"https://lh3.googleusercontent.com/-4G-WEJPtsdw/AAAAAAAAAAI/AAAAAAAAAAA/ACHi3rc4tNazt4nUuGOWFy2z7LXfUfG30g/photo.jpg?sz=256","display_name":"kalyan pamula","link":"https://stackoverflow.com/users/12228022/kalyan-pamula"},"is_answered":false,"view_count":2471,"answer_count":1,"score":0,"last_activity_date":1651998611,"creation_date":1651600798,"question_id":72103582,"content_license":"CC BY-SA 4.0","link":"https://stackoverflow.com/questions/72103582/tekton-pipeline-conditional-run","title":"Tekton pipeline conditional run"},{"tags":["javascript"],"owner":{"account_id":25185610,"reputation":1,"user_id":19026540,"user_type":"registered","profile_image":"https://www.gravatar.com/avatar/d24b3f102daa0ab688c3c4f0de0c9871?s=256&d=identicon&r=PG","display_name":"Ibsen0512","link":"https://stackoverflow.com/users/19026540/ibsen0512"},"is_answered":false,"view_count":279,"answer_count":1,"score":0,"last_activity_date":1651602774,"creation_date":1651600798,"question_id":72103580,"content_license":"CC BY-SA 4.0","link":"https://stackoverflow.com/questions/72103580/uncaught-typeerror-undefined-is-not-iterable-cannot-read-property-symbolsymbo","title":"Uncaught TypeError: undefined is not iterable (cannot read property Symbol(Symbol.iterator)) Not sure what to do"},{"tags":["sql","oracle"],"owner":{"account_id":20313247,"reputation":21,"user_id":14899749,"user_type":"registered","profile_image":"https://lh5.googleusercontent.com/-7vtq7fC07I8/AAAAAAAAAAI/AAAAAAAAAAA/AMZuucklssCUkP8Dlkg6iKzlZIrfsaakwQ/s96-c/photo.jpg?sz=256","display_name":"Raja","link":"https://stackoverflow.com/users/14899749/raja"},"is_answered":false,"view_count":59,"answer_count":1,"score":1,"last_activity_date":1651603155,"creation_date":1651600784,"last_edit_date":1651603155,"question_id":72103578,"content_license":"CC BY-SA 4.0","link":"https://stackoverflow.com/questions/72103578/need-to-pull-two-types-of-sales-value-last-month-of-each-year-month-and-last-ye","title":"Need to pull two types of sales value: Last Month of each year/Month and Last Year Same Month data in Oracle Sql"},{"tags":["docusignapi"],"owner":{"account_id":13048555,"reputation":73,"user_id":9429689,"user_type":"registered","profile_image":"https://www.gravatar.com/avatar/81482f93830cb521a134edbcee8e9dd5?s=256&d=identicon&r=PG&f=y&so-version=2","display_name":"Saul","link":"https://stackoverflow.com/users/9429689/saul"},"is_answered":true,"view_count":233,"answer_count":1,"score":0,"last_activity_date":1651686649,"creation_date":1651600783,"last_edit_date":1651664843,"question_id":72103577,"content_license":"CC BY-SA 4.0","link":"https://stackoverflow.com/questions/72103577/im-using-docusign-restapi-2-1-oauth-and-getting-401-without-any-information-on","title":"I&#39;m using Docusign RestApi 2.1 oAuth and getting 401 without any information on requests"},{"tags":["reactjs","jestjs"],"owner":{"account_id":13545,"reputation":32669,"user_id":27305,"user_type":"registered","accept_rate":88,"profile_image":"https://www.gravatar.com/avatar/174ac998689321daaa7cfecf910522e4?s=256&d=identicon&r=PG","display_name":"John","link":"https://stackoverflow.com/users/27305/john"},"is_answered":false,"view_count":146,"answer_count":1,"score":0,"last_activity_date":1669036726,"creation_date":1651600776,"last_edit_date":1651646772,"question_id":72103575,"content_license":"CC BY-SA 4.0","link":"https://stackoverflow.com/questions/72103575/test-is-fine-but-coverage-gets-syntax-error-with-json-files","title":"Test is fine but coverage gets syntax error with JSON files"},{"tags":["c++","c","simd","sse"],"owner":{"account_id":15082421,"reputation":438,"user_id":10884701,"user_type":"registered","profile_image":"https://www.gravatar.com/avatar/673d4a5e6b20d32e7f0e3cfcab2d41f6?s=256&d=identicon&r=PG","display_name":"Optimus1","link":"https://stackoverflow.com/users/10884701/optimus1"},"is_answered":true,"view_count":621,"accepted_answer_id":72105010,"answer_count":1,"score":0,"last_activity_date":1651648368,"creation_date":1651600749,"last_edit_date":1651639551,"question_id":72103570,"content_license":"CC BY-SA 4.0","link":"https://stackoverflow.com/questions/72103570/simd-how-to-add-corresponding-values-from-2-vectors-of-different-element-width","title":"SIMD - how to add corresponding values from 2 vectors of different element widths (char or uint8_t adding to int)"},{"tags":["java","soap","jaxb"],"owner":{"account_id":1666859,"reputation":2605,"user_id":1534084,"user_type":"registered","accept_rate":100,"profile_image":"https://www.gravatar.com/avatar/ef28a37ab34404c23fb91ca55a09ba8a?s=256&d=identicon&r=PG","display_name":"Martin Mucha","link":"https://stackoverflow.com/users/1534084/martin-mucha"},"is_answered":false,"view_count":2326,"answer_count":1,"score":2,"last_activity_date":1651678914,"creation_date":1651600732,"question_id":72103568,"content_license":"CC BY-SA 4.0","link":"https://stackoverflow.com/questions/72103568/jaxb-in-jdk-11-unable-to-resolve-conflicts-between-javax-xml-and-jakarta-xml","title":"jaxb in jdk 11+, unable to resolve conflicts between javax.xml and jakarta.xml"},{"tags":["odata","sapui5"],"owner":{"account_id":25185544,"reputation":23,"user_id":19026481,"user_type":"registered","profile_image":"https://www.gravatar.com/avatar/b6ce2b2accb1dc3ba0529cbd95c783d7?s=256&d=identicon&r=PG","display_name":"Ui5 Dev","link":"https://stackoverflow.com/users/19026481/ui5-dev"},"is_answered":true,"view_count":2430,"closed_date":1651688754,"accepted_answer_id":72105677,"answer_count":1,"score":2,"last_activity_date":1652914580,"creation_date":1651600717,"last_edit_date":1651614032,"question_id":72103566,"link":"https://stackoverflow.com/questions/72103566/how-can-i-get-the-count-of-filtered-odata-results","closed_reason":"Duplicate","title":"How can I get the count of filtered OData results?"},{"tags":["sql","sql-server","database","sql-order-by"],"owner":{"account_id":16392462,"reputation":1,"user_id":19026345,"user_type":"registered","profile_image":"https://www.gravatar.com/avatar/c819a036baab4674c78ac2e81b6ac246?s=256&d=identicon&r=PG","display_name":"user19026345","link":"https://stackoverflow.com/users/19026345/user19026345"},"is_answered":false,"view_count":57,"answer_count":1,"score":-2,"last_activity_date":1651602450,"creation_date":1651600694,"last_edit_date":1651602257,"question_id":72103562,"content_license":"CC BY-SA 4.0","link":"https://stackoverflow.com/questions/72103562/not-able-to-get-expected-output-for-given-data-in-sql-using-order-by","title":"Not able to get expected output for given data in sql using order by"},{"tags":["android-auto"],"owner":{"account_id":23804440,"reputation":1,"user_id":17814172,"user_type":"registered","profile_image":"https://lh3.googleusercontent.com/a-/AOh14Gj6XU1GzpPyMx2wrzuqNiYPcYTgw_CZAGADIgyCPA=k-s256","display_name":"Pasquale Pepe","link":"https://stackoverflow.com/users/17814172/pasquale-pepe"},"is_answered":true,"view_count":481,"answer_count":1,"score":0,"last_activity_date":1654005325,"creation_date":1651600692,"question_id":72103561,"content_license":"CC BY-SA 4.0","link":"https://stackoverflow.com/questions/72103561/how-to-build-a-webbrowser-for-android-auto","title":"How to build a WebBrowser for android auto"},{"tags":["javascript","typescript"],"owner":{"account_id":24289143,"reputation":43,"user_id":18234477,"user_type":"registered","profile_image":"https://www.gravatar.com/avatar/a6108d5019a358aafe68b58058065c15?s=256&d=identicon&r=PG","display_name":"natalia","link":"https://stackoverflow.com/users/18234477/natalia"},"is_answered":true,"view_count":4407,"accepted_answer_id":72104082,"answer_count":3,"score":0,"last_activity_date":1651606528,"creation_date":1651600690,"last_edit_date":1651602413,"question_id":72103560,"content_license":"CC BY-SA 4.0","link":"https://stackoverflow.com/questions/72103560/how-to-add-another-object-to-an-object-using-typescript","title":"How to add another object to an object using typescript?"},{"tags":["google-cloud-platform","google-bigquery","google-cloud-storage","google-cloud-vertex-ai","google-cloud-api-gateway"],"owner":{"account_id":22511913,"reputation":789,"user_id":16706763,"user_type":"registered","profile_image":"https://lh3.googleusercontent.com/a-/AOh14GhUWM2QisanSn6c3u8uhVe0v216wCkev4PwyIm-Ug=k-s256","display_name":"David Espinosa","link":"https://stackoverflow.com/users/16706763/david-espinosa"},"is_answered":true,"view_count":5441,"accepted_answer_id":72105583,"answer_count":3,"score":1,"last_activity_date":1651696486,"creation_date":1651600671,"question_id":72103557,"content_license":"CC BY-SA 4.0","link":"https://stackoverflow.com/questions/72103557/save-the-result-of-a-query-in-a-bigquery-table-in-cloud-storage","title":"Save the result of a query in a BigQuery Table, in Cloud Storage"},{"tags":["python","python-module","zbar"],"owner":{"account_id":23806330,"reputation":1,"user_id":17815808,"user_type":"registered","profile_image":"https://lh3.googleusercontent.com/a-/AOh14GiqgDRoprevUVkPdmer5T_hLlXDfd442TsMT8Xv-A=k-s256","display_name":"Prashant Kale","link":"https://stackoverflow.com/users/17815808/prashant-kale"},"is_answered":false,"view_count":801,"answer_count":1,"score":0,"last_activity_date":1657231405,"creation_date":1651600641,"last_edit_date":1651603337,"question_id":72103553,"content_license":"CC BY-SA 4.0","link":"https://stackoverflow.com/questions/72103553/why-i-am-getting-error-in-the-pyzbar-module-while-using-this-library-it-in-the-q","title":"Why I am getting error in the pyzbar module while using this library it in the QRCode scanning project?"},{"tags":["reactjs","material-ui"],"owner":{"account_id":20652980,"reputation":1,"user_id":17168898,"user_type":"registered","profile_image":"https://lh3.googleusercontent.com/a-/AOh14Gj28zsz2w0e9c1JRnNiKhi4je2lk7H7VX9VGLDblhg=k-s256","display_name":"Aram Gasparyan","link":"https://stackoverflow.com/users/17168898/aram-gasparyan"},"is_answered":false,"view_count":118,"answer_count":0,"score":1,"last_activity_date":1651600607,"creation_date":1651600607,"question_id":72103546,"content_license":"CC BY-SA 4.0","link":"https://stackoverflow.com/questions/72103546/open-accordion-only-on-click-of-the-accordion","title":"Open Accordion only on click of the accordion"},{"tags":["linux","ubuntu","rcpp","install.packages","rcppeigen"],"owner":{"account_id":11095004,"reputation":1,"user_id":8145482,"user_type":"registered","profile_image":"https://www.gravatar.com/avatar/997c15cd51150a4d873db4060b7e8e93?s=256&d=identicon&r=PG&f=y&so-version=2","display_name":"Richard Beck","link":"https://stackoverflow.com/users/8145482/richard-beck"},"is_answered":false,"view_count":518,"answer_count":0,"score":0,"last_activity_date":1651600580,"creation_date":1651600580,"question_id":72103543,"content_license":"CC BY-SA 4.0","link":"https://stackoverflow.com/questions/72103543/rcppeigen-install-failure-on-ubuntu-18-lts-warning-ignoring-attributes-on-temp","title":"RcppEigen install failure on Ubuntu 18 LTS: warning: ignoring attributes on template argument ‘__m128’"},{"tags":["javascript","node.js"],"owner":{"account_id":24472178,"reputation":27,"user_id":18391752,"user_type":"registered","profile_image":"https://www.gravatar.com/avatar/8e45b2a79140e3f84712caf9905d8878?s=256&d=identicon&r=PG","display_name":"DcraftBg","link":"https://stackoverflow.com/users/18391752/dcraftbg"},"is_answered":false,"view_count":385,"answer_count":1,"score":0,"last_activity_date":1651623958,"creation_date":1651600566,"question_id":72103539,"content_license":"CC BY-SA 4.0","link":"https://stackoverflow.com/questions/72103539/how-to-run-a-cmd-command-in-the-current-terminal","title":"How to run a cmd command in the current Terminal"},{"tags":["javascript","google-visualization"],"owner":{"account_id":24819238,"reputation":111,"user_id":18699741,"user_type":"registered","profile_image":"https://www.gravatar.com/avatar/7a79f73a6a8fc82e2e9fcabc9b2cc987?s=256&d=identicon&r=PG","display_name":"Sergo","link":"https://stackoverflow.com/users/18699741/sergo"},"is_answered":false,"view_count":170,"answer_count":0,"score":1,"last_activity_date":1651651151,"creation_date":1651600555,"last_edit_date":1651651151,"question_id":72103537,"content_license":"CC BY-SA 4.0","link":"https://stackoverflow.com/questions/72103537/changing-color-in-ticks-google-charts","title":"Changing color in ticks google charts"},{"tags":["python","loops","matplotlib","plot","healpy"],"owner":{"account_id":7429271,"reputation":1789,"user_id":5838180,"user_type":"registered","accept_rate":83,"profile_image":"https://www.gravatar.com/avatar/e92fc9518ae93de80a140a32f2632abb?s=256&d=identicon&r=PG&f=y&so-version=2","display_name":"NeStack","link":"https://stackoverflow.com/users/5838180/nestack"},"is_answered":true,"view_count":160,"accepted_answer_id":72103607,"answer_count":1,"score":0,"last_activity_date":1651600925,"creation_date":1651600550,"question_id":72103535,"content_license":"CC BY-SA 4.0","link":"https://stackoverflow.com/questions/72103535/use-loop-for-plotting-but-plot-only-particular-images-from-the-plot","title":"Use loop for plotting, but plot only particular images from the plot"},{"tags":["cypress","e2e-testing","custom-data-attribute"],"owner":{"account_id":14490681,"reputation":1712,"user_id":10467064,"user_type":"registered","profile_image":"https://i.stack.imgur.com/YLRIa.jpg?s=256&g=1","display_name":"Michal Kurz","link":"https://stackoverflow.com/users/10467064/michal-kurz"},"is_answered":true,"view_count":951,"accepted_answer_id":72391674,"answer_count":2,"score":0,"last_activity_date":1653568233,"creation_date":1651600548,"last_edit_date":1653033872,"question_id":72103534,"content_license":"CC BY-SA 4.0","link":"https://stackoverflow.com/questions/72103534/how-to-query-data-attribute-for-a-whitespace-separated-value-in-cypress-componen","title":"How to query data-attribute for a whitespace-separated value in Cypress component tests?"},{"tags":["python","pandas","dataframe","matplotlib","plot"],"owner":{"account_id":12113977,"reputation":587,"user_id":15781591,"user_type":"registered","profile_image":"https://www.gravatar.com/avatar/0f9f9e4eec9b442aeefaa1cd3c05e9a8?s=256&d=identicon&r=PG&f=y&so-version=2","display_name":"LostinSpatialAnalysis","link":"https://stackoverflow.com/users/15781591/lostinspatialanalysis"},"is_answered":true,"view_count":166,"accepted_answer_id":72103633,"answer_count":1,"score":-1,"last_activity_date":1651601109,"creation_date":1651600510,"last_edit_date":1651601015,"question_id":72103528,"content_license":"CC BY-SA 4.0","link":"https://stackoverflow.com/questions/72103528/how-to-groupby-a-column-string-and-plot-each-subset-and-then-save-each-plot-as-a","title":"How to groupby a column string and plot each subset and then save each plot as a PNG? [python]"},{"tags":["ansible"],"owner":{"account_id":4529450,"reputation":266,"user_id":3680384,"user_type":"registered","accept_rate":83,"profile_image":"https://www.gravatar.com/avatar/b2cd2a8736abfcc13891ce6fe40ebb0a?s=256&d=identicon&r=PG&f=y&so-version=2","display_name":"pyramid13","link":"https://stackoverflow.com/users/3680384/pyramid13"},"is_answered":true,"view_count":147,"answer_count":2,"score":0,"last_activity_date":1651627720,"creation_date":1651600509,"last_edit_date":1651601498,"question_id":72103526,"content_license":"CC BY-SA 4.0","link":"https://stackoverflow.com/questions/72103526/store-stdout-to-custome-variables-with-set-fact","title":"store stdout to custome variables with set_fact"},{"tags":["javascript","arrays","reactjs"],"owner":{"account_id":25185599,"reputation":11,"user_id":19026531,"user_type":"registered","profile_image":"https://www.gravatar.com/avatar/b4173f5759492c944d01f919befc736c?s=256&d=identicon&r=PG","display_name":"bryan-tekker","link":"https://stackoverflow.com/users/19026531/bryan-tekker"},"is_answered":false,"view_count":56,"answer_count":2,"score":1,"last_activity_date":1651601037,"creation_date":1651600505,"question_id":72103524,"content_license":"CC BY-SA 4.0","link":"https://stackoverflow.com/questions/72103524/how-to-convert-an-array-of-string-integers-to-an-array-of-number-integers","title":"How to convert an array of string integers to an array of number integers"},{"tags":["r","rgl"],"owner":{"account_id":6357978,"reputation":712,"user_id":4934536,"user_type":"registered","accept_rate":50,"profile_image":"https://lh6.googleusercontent.com/-FH3r_zUz8aI/AAAAAAAAAAI/AAAAAAAAAg4/jLT4QUBRzi0/photo.jpg?sz=256","display_name":"Kurt Ludikovsky","link":"https://stackoverflow.com/users/4934536/kurt-ludikovsky"},"is_answered":true,"view_count":239,"accepted_answer_id":72308833,"answer_count":2,"score":0,"last_activity_date":1652981501,"creation_date":1651600497,"last_edit_date":1651650867,"question_id":72103519,"content_license":"CC BY-SA 4.0","link":"https://stackoverflow.com/questions/72103519/how-can-i-get-equal-sized-axes-with-r-rgl-3d-plots","title":"How can I get equal sized axes with R rgl 3D plots"},{"tags":["c++","static-assert"],"owner":{"account_id":468578,"reputation":9327,"user_id":874660,"user_type":"registered","accept_rate":67,"profile_image":"https://www.gravatar.com/avatar/45a7738c334183bff552bcf73c4dcd65?s=256&d=identicon&r=PG","display_name":"Ben","link":"https://stackoverflow.com/users/874660/ben"},"is_answered":false,"view_count":228,"answer_count":0,"score":2,"last_activity_date":1651606868,"creation_date":1651600478,"last_edit_date":1651606868,"question_id":72103516,"content_license":"CC BY-SA 4.0","link":"https://stackoverflow.com/questions/72103516/implementing-a-consteval-assert-that-gracefully-falls-back-to-assert-when-not-in","title":"Implementing a consteval assert that gracefully falls back to assert when not in a consteval context?"},{"tags":["tcp","binary","wireshark"],"owner":{"account_id":23242567,"reputation":23,"user_id":17331616,"user_type":"registered","profile_image":"https://lh3.googleusercontent.com/a/AATXAJzpOPouehRO0_UXbf2rPznfy2qAtuZHxxrRGeyD=k-s256","display_name":"C K","link":"https://stackoverflow.com/users/17331616/c-k"},"is_answered":true,"view_count":103,"accepted_answer_id":72103572,"answer_count":1,"score":-1,"last_activity_date":1651600907,"creation_date":1651600472,"last_edit_date":1651600907,"question_id":72103515,"content_license":"CC BY-SA 4.0","link":"https://stackoverflow.com/questions/72103515/translate-tcp-binary-to-human-readable","title":"Translate TCP binary to human readable"},{"tags":["javascript","html"],"owner":{"account_id":3341506,"reputation":11,"user_id":2807701,"user_type":"registered","profile_image":"https://graph.facebook.com/686178184/picture?type=large","display_name":"Ben Nolan","link":"https://stackoverflow.com/users/2807701/ben-nolan"},"is_answered":false,"view_count":25,"answer_count":0,"score":1,"last_activity_date":1651660965,"creation_date":1651600455,"last_edit_date":1651660965,"question_id":72103512,"content_license":"CC BY-SA 4.0","link":"https://stackoverflow.com/questions/72103512/im-having-trouble-switching-the-active-class-to-the-top-item-within-an-open-acc","title":"I&#39;m having trouble switching the active class to the top item within an open accordion section"},{"tags":["python"],"owner":{"account_id":25185569,"reputation":11,"user_id":19026502,"user_type":"registered","profile_image":"https://www.gravatar.com/avatar/e5f16e25ddfa23b3657994d6edf03538?s=256&d=identicon&r=PG","display_name":"sabloxine","link":"https://stackoverflow.com/users/19026502/sabloxine"},"is_answered":true,"view_count":43,"closed_date":1651600741,"answer_count":1,"score":1,"last_activity_date":1651600607,"creation_date":1651600418,"question_id":72103508,"link":"https://stackoverflow.com/questions/72103508/how-do-i-use-a-variable-as-a-dictionary-key","closed_reason":"Duplicate","title":"How do I use a variable as a dictionary key?"},{"tags":["python","unreal-engine4","simulator","carla"],"owner":{"account_id":25185575,"reputation":1,"user_id":19026508,"user_type":"registered","profile_image":"https://www.gravatar.com/avatar/bf6aa6daf71e62d06129cf6a1fe43a4b?s=256&d=identicon&r=PG","display_name":"Roaa","link":"https://stackoverflow.com/users/19026508/roaa"},"is_answered":true,"view_count":890,"answer_count":1,"score":0,"last_activity_date":1688318505,"creation_date":1651600400,"question_id":72103505,"content_license":"CC BY-SA 4.0","link":"https://stackoverflow.com/questions/72103505/how-to-establish-data-communication-between-python-and-the-carla-simulator","title":"How to establish data communication between Python and the Carla simulator?"},{"tags":["azure-blob-storage","azure-storage","azure-storage-explorer"],"owner":{"account_id":2344607,"reputation":4699,"user_id":2055187,"user_type":"registered","accept_rate":77,"profile_image":"https://www.gravatar.com/avatar/aabd504a8d92dc457c1807a3cb21e9c8?s=256&d=identicon&r=PG","display_name":"Rm558","link":"https://stackoverflow.com/users/2055187/rm558"},"is_answered":true,"view_count":11976,"protected_date":1673889870,"answer_count":1,"score":9,"last_activity_date":1673861269,"creation_date":1651600389,"question_id":72103502,"content_license":"CC BY-SA 4.0","link":"https://stackoverflow.com/questions/72103502/how-to-search-blob-file-by-name-in-azure-storage-explorer","title":"How to search blob file by name in Azure Storage Explorer?"},{"tags":["prometheus","grafana"],"owner":{"account_id":12872271,"reputation":73,"user_id":9310278,"user_type":"registered","profile_image":"https://www.gravatar.com/avatar/919ea506ce6b971082405640720c3ae3?s=256&d=identicon&r=PG","display_name":"Nicholas Tripp","link":"https://stackoverflow.com/users/9310278/nicholas-tripp"},"is_answered":true,"view_count":1529,"answer_count":1,"score":0,"last_activity_date":1651772494,"creation_date":1651600338,"question_id":72103497,"content_license":"CC BY-SA 4.0","link":"https://stackoverflow.com/questions/72103497/prometheus-grafana-replace-label-in-one-metric-with-value-from-another","title":"Prometheus / Grafana replace label in one metric with value from another"}],"has_more":true,"quota_max":300,"quota_remaining":216}