{"items":[{"tags":["python","tkinter","pyinstaller","command-prompt"],"owner":{"account_id":22565432,"reputation":1,"user_id":16752523,"user_type":"registered","profile_image":"https://www.gravatar.com/avatar/ff53bc6df4338e2c9368800232cd3079?s=256&d=identicon&r=PG&f=y&so-version=2","display_name":"Alpha_Coder","link":"https://stackoverflow.com/users/16752523/alpha-coder"},"is_answered":false,"view_count":384,"answer_count":1,"score":0,"last_activity_date":1644257018,"creation_date":1644256778,"question_id":71023219,"content_license":"CC BY-SA 4.0","link":"https://stackoverflow.com/questions/71023219/pyinstaller-hidden-imports-and-user-defined-modules-error","title":"Pyinstaller Hidden imports and user defined modules error"},{"tags":["vue.js","vuejs3","antd","ant-design-vue"],"owner":{"account_id":24062365,"reputation":37,"user_id":18039419,"user_type":"registered","profile_image":"https://i.stack.imgur.com/KoAJi.jpg?s=256&g=1","display_name":"Gabriella Tavares","link":"https://stackoverflow.com/users/18039419/gabriella-tavares"},"is_answered":true,"view_count":777,"accepted_answer_id":71026472,"answer_count":1,"score":0,"last_activity_date":1644328101,"creation_date":1644256772,"last_edit_date":1644328101,"question_id":71023217,"content_license":"CC BY-SA 4.0","link":"https://stackoverflow.com/questions/71023217/how-to-select-single-cell-when-there-are-multiple-editable-cells-on-ant-design-v","title":"How to select single cell when there are multiple editable cells on Ant Design Vue 3?"},{"tags":["javascript"],"owner":{"account_id":10541322,"reputation":867,"user_id":7767267,"user_type":"registered","profile_image":"https://graph.facebook.com/10154285828166366/picture?type=large","display_name":"ashley g","link":"https://stackoverflow.com/users/7767267/ashley-g"},"is_answered":true,"view_count":36,"accepted_answer_id":71023345,"answer_count":3,"score":-1,"last_activity_date":1644257574,"creation_date":1644256768,"last_edit_date":1644257148,"question_id":71023216,"content_license":"CC BY-SA 4.0","link":"https://stackoverflow.com/questions/71023216/check-if-array-value-is-between-two-array-values-within-an-array","title":"Check if array value is between two array values within an array"},{"tags":["flutter","desktop-application"],"owner":{"account_id":9970653,"reputation":31,"user_id":7376835,"user_type":"registered","profile_image":"https://lh5.googleusercontent.com/-hVKeUKGCEh8/AAAAAAAAAAI/AAAAAAAAAGE/lpDu6VXI4eo/photo.jpg?sz=256","display_name":"Abdel-hady Shalsh","link":"https://stackoverflow.com/users/7376835/abdel-hady-shalsh"},"is_answered":false,"view_count":152,"answer_count":0,"score":3,"last_activity_date":1644256765,"creation_date":1644256765,"question_id":71023215,"content_license":"CC BY-SA 4.0","link":"https://stackoverflow.com/questions/71023215/is-there-a-way-to-sign-up-with-google-in-flutter-desktop","title":"Is there a way to sign up with google in flutter Desktop?"},{"tags":["python","simulation","vpython"],"owner":{"account_id":22544226,"reputation":1,"user_id":18144255,"user_type":"registered","profile_image":"https://lh3.googleusercontent.com/a-/AOh14GhTpg83d1mf4w9IajJMwAgG19m9m-swY_FoZxKn=k-s256","display_name":"The Allmighty Jake","link":"https://stackoverflow.com/users/18144255/the-allmighty-jake"},"is_answered":false,"view_count":45,"answer_count":1,"score":0,"last_activity_date":1644311794,"creation_date":1644256741,"question_id":71023211,"content_license":"CC BY-SA 4.0","link":"https://stackoverflow.com/questions/71023211/how-do-i-get-the-pendulums-to-syncrochnize-in-my-simulation","title":"How do I get the pendulums to syncrochnize in my simulation?"},{"tags":["python-3.x","dictionary"],"owner":{"account_id":10788351,"reputation":85,"user_id":7936668,"user_type":"registered","profile_image":"https://i.stack.imgur.com/7n9RU.jpg?s=256&g=1","display_name":"superunknown","link":"https://stackoverflow.com/users/7936668/superunknown"},"is_answered":false,"view_count":69,"answer_count":0,"score":0,"last_activity_date":1644256738,"creation_date":1644256738,"question_id":71023210,"content_license":"CC BY-SA 4.0","link":"https://stackoverflow.com/questions/71023210/store-dict-int-value-in-dict-python","title":"store dict int value in dict python"},{"tags":["redis"],"owner":{"account_id":10246958,"reputation":41,"user_id":7562472,"user_type":"registered","profile_image":"https://lh3.googleusercontent.com/-voAF-8fjf3o/AAAAAAAAAAI/AAAAAAAAACk/pyp7BjSSyIM/photo.jpg?sz=256","display_name":"Igor","link":"https://stackoverflow.com/users/7562472/igor"},"is_answered":false,"view_count":389,"answer_count":1,"score":0,"last_activity_date":1644265455,"creation_date":1644256712,"question_id":71023203,"content_license":"CC BY-SA 4.0","link":"https://stackoverflow.com/questions/71023203/redis-master-slave-replication-network-latency","title":"Redis master slave replication network latency"},{"tags":["c++","for-loop","c++11","range-based-loop"],"owner":{"account_id":11447170,"reputation":159,"user_id":8390668,"user_type":"registered","profile_image":"https://www.gravatar.com/avatar/0eb1bf6839d01a2d192eaf9b53f93e8e?s=256&d=identicon&r=PG&f=y&so-version=2","display_name":"romain.bqt4","link":"https://stackoverflow.com/users/8390668/romain-bqt4"},"is_answered":true,"view_count":425,"accepted_answer_id":71065953,"answer_count":1,"score":0,"last_activity_date":1671582211,"creation_date":1644256711,"last_edit_date":1671582211,"question_id":71023202,"content_license":"CC BY-SA 4.0","link":"https://stackoverflow.com/questions/71023202/custom-class-range-based-for-loop-over-a-2d-map","title":"Custom class range based for-loop over a 2D map"},{"tags":["html","css","angular","typescript","frontend"],"owner":{"account_id":23380548,"reputation":41,"user_id":17447487,"user_type":"registered","profile_image":"https://www.gravatar.com/avatar/d53ba0a4446391877529e96872fa2212?s=256&d=identicon&r=PG","display_name":"user17447487","link":"https://stackoverflow.com/users/17447487/user17447487"},"is_answered":true,"view_count":4853,"closed_date":1692489140,"answer_count":3,"score":3,"last_activity_date":1685645887,"creation_date":1644256658,"question_id":71023190,"link":"https://stackoverflow.com/questions/71023190/how-can-i-forcefully-change-the-padding-inside-a-mat-expansion-panel-body","closed_reason":"Duplicate","title":"How can I forcefully change the padding inside a mat-expansion-panel-body?"},{"tags":["c++","iterator"],"owner":{"account_id":3980828,"reputation":1401,"user_id":3282758,"user_type":"registered","accept_rate":52,"profile_image":"https://www.gravatar.com/avatar/0da11a295e7ff9f3a3cb8f783cc210e8?s=256&d=identicon&r=PG&f=y&so-version=2","display_name":"user3282758","link":"https://stackoverflow.com/users/3282758/user3282758"},"is_answered":true,"view_count":202,"accepted_answer_id":71023946,"answer_count":3,"score":1,"last_activity_date":1644260262,"creation_date":1644256635,"last_edit_date":1644257075,"question_id":71023187,"content_license":"CC BY-SA 4.0","link":"https://stackoverflow.com/questions/71023187/can-i-use-stdnext-on-user-defined-class","title":"Can I use std::next on user defined class"},{"tags":["android","react-native"],"owner":{"account_id":4414073,"reputation":83,"user_id":3596178,"user_type":"registered","profile_image":"https://www.gravatar.com/avatar/b730caa1159cbad882f677607e5940ad?s=256&d=identicon&r=PG&f=y&so-version=2","display_name":"Bob Kris","link":"https://stackoverflow.com/users/3596178/bob-kris"},"is_answered":true,"view_count":750,"answer_count":1,"score":0,"last_activity_date":1644256803,"creation_date":1644256618,"question_id":71023184,"content_license":"CC BY-SA 4.0","link":"https://stackoverflow.com/questions/71023184/react-native-web-view-android-back-button-not-exit-the-app","title":"React native web view Android back button not exit the app"},{"tags":["oauth","single-sign-on","identityserver4","owin","openid-connect"],"owner":{"account_id":23105553,"reputation":11,"user_id":17214257,"user_type":"registered","profile_image":"https://www.gravatar.com/avatar/8b1c10de1c385022adc64a05f364928f?s=256&d=identicon&r=PG","display_name":"Donpoulio","link":"https://stackoverflow.com/users/17214257/donpoulio"},"is_answered":true,"view_count":619,"answer_count":2,"score":0,"last_activity_date":1644415653,"creation_date":1644256596,"last_edit_date":1644260765,"question_id":71023179,"content_license":"CC BY-SA 4.0","link":"https://stackoverflow.com/questions/71023179/re-authentication-using-identity-server-4","title":"Re-authentication using Identity Server 4"},{"tags":["amazon-web-services","amazon-lightsail","kestrel"],"owner":{"account_id":1982977,"reputation":8734,"user_id":1779091,"user_type":"registered","accept_rate":70,"profile_image":"https://www.gravatar.com/avatar/197ef437993b3a2a35874498d40a391d?s=256&d=identicon&r=PG","display_name":"variable","link":"https://stackoverflow.com/users/1779091/variable"},"is_answered":false,"view_count":248,"answer_count":0,"score":1,"last_activity_date":1644256595,"creation_date":1644256595,"question_id":71023178,"content_license":"CC BY-SA 4.0","link":"https://stackoverflow.com/questions/71023178/what-is-the-reverse-proxy-config-used-by-aws-lightsail-container-service","title":"What is the reverse proxy config used by AWS lightsail container service?"},{"tags":["c++","constructor","output"],"owner":{"user_type":"does_not_exist","display_name":"user18067963"},"is_answered":true,"view_count":274,"accepted_answer_id":71023375,"answer_count":1,"score":-1,"last_activity_date":1644264018,"creation_date":1644256594,"question_id":71023177,"content_license":"CC BY-SA 4.0","link":"https://stackoverflow.com/questions/71023177/my-code-is-outputting-an-extra-line-why-is-this","title":"My code is outputting an extra line why is this?"},{"tags":["typescript","sequelize.js"],"owner":{"user_type":"does_not_exist","display_name":"user17046796"},"is_answered":true,"view_count":326,"accepted_answer_id":71035776,"answer_count":2,"score":1,"last_activity_date":1671630403,"creation_date":1644256583,"question_id":71023173,"content_license":"CC BY-SA 4.0","link":"https://stackoverflow.com/questions/71023173/sequelize-setting-association-owner-id-number-creationattributebranch-tru","title":"Sequelize setting association owner id &quot;number | { [CreationAttributeBranch: true; }&quot; is not assignable to number"},{"tags":["javascript","html","paragraph"],"owner":{"account_id":22841248,"reputation":15,"user_id":16988221,"user_type":"registered","profile_image":"https://www.gravatar.com/avatar/e2919ba5c68fc5bde19b37dae2f3ba7e?s=256&d=identicon&r=PG","display_name":"Khaled","link":"https://stackoverflow.com/users/16988221/khaled"},"is_answered":true,"view_count":163,"accepted_answer_id":71023275,"answer_count":1,"score":-1,"last_activity_date":1644257045,"creation_date":1644256572,"question_id":71023170,"content_license":"CC BY-SA 4.0","link":"https://stackoverflow.com/questions/71023170/p-element-doesnt-display-when-it-should","title":"(p) element doesn&#39;t display when it should"},{"tags":["handlebars.js","nestjs"],"owner":{"account_id":1305478,"reputation":1215,"user_id":1254561,"user_type":"registered","accept_rate":60,"profile_image":"https://www.gravatar.com/avatar/bcddc49a20e9301bdd86570b98a8374b?s=256&d=identicon&r=PG","display_name":"Pacuraru Daniel","link":"https://stackoverflow.com/users/1254561/pacuraru-daniel"},"is_answered":true,"view_count":2884,"accepted_answer_id":71046379,"answer_count":1,"score":1,"last_activity_date":1644396601,"creation_date":1644256559,"question_id":71023166,"content_license":"CC BY-SA 4.0","link":"https://stackoverflow.com/questions/71023166/render-hbs-template-inside-a-service-in-nestjs","title":"Render hbs template inside a service in NestJS"},{"tags":["sql","sql-server","ms-access"],"owner":{"account_id":24184027,"reputation":1,"user_id":18144249,"user_type":"registered","profile_image":"https://www.gravatar.com/avatar/728515c85323041b2dab297e9a8a5565?s=256&d=identicon&r=PG","display_name":"breezye","link":"https://stackoverflow.com/users/18144249/breezye"},"is_answered":false,"view_count":60,"answer_count":1,"score":0,"last_activity_date":1644275999,"creation_date":1644256559,"question_id":71023165,"content_license":"CC BY-SA 4.0","link":"https://stackoverflow.com/questions/71023165/is-there-a-way-to-prioritize-msaccess-form-validation-rules-rather-than-sqls-in","title":"Is there a way to prioritize MSAccess form validation rules rather than SQL&#39;s in a linked table?"},{"tags":["javascript","html"],"owner":{"account_id":23241070,"reputation":119,"user_id":17330400,"user_type":"registered","profile_image":"https://lh3.googleusercontent.com/a-/AOh14GinJZhOb_0TNSD_uPeW-StDZtIahLAv55YaANGzeQ=k-s256","display_name":"Pann Phyu Phway","link":"https://stackoverflow.com/users/17330400/pann-phyu-phway"},"is_answered":true,"view_count":778,"accepted_answer_id":71024866,"answer_count":2,"score":2,"last_activity_date":1644342783,"creation_date":1644256558,"question_id":71023164,"content_license":"CC BY-SA 4.0","link":"https://stackoverflow.com/questions/71023164/how-to-show-stars-based-on-user-rating","title":"how to show stars based on user rating?"},{"tags":["xpath"],"owner":{"account_id":206479,"reputation":11688,"user_id":455796,"user_type":"registered","accept_rate":67,"profile_image":"https://i.stack.imgur.com/9a0zB.jpg?s=256&g=1","display_name":"Damn Vegetables","link":"https://stackoverflow.com/users/455796/damn-vegetables"},"is_answered":true,"view_count":19,"accepted_answer_id":71023205,"answer_count":1,"score":1,"last_activity_date":1644256723,"creation_date":1644256528,"question_id":71023159,"content_license":"CC BY-SA 4.0","link":"https://stackoverflow.com/questions/71023159/get-div-that-has-an-img-child-with-an-alt-dog","title":"Get DIV that has an IMG child with an ALT &quot;dog&quot;?"},{"tags":["r","dplyr","tidyverse","purrr"],"owner":{"account_id":7306456,"reputation":239,"user_id":5567219,"user_type":"registered","profile_image":"https://www.gravatar.com/avatar/39f55e4c612090bfcd05494589d105d2?s=256&d=identicon&r=PG&f=y&so-version=2","display_name":"JRC","link":"https://stackoverflow.com/users/5567219/jrc"},"is_answered":true,"view_count":890,"accepted_answer_id":71049509,"answer_count":3,"score":4,"last_activity_date":1645111405,"creation_date":1644256516,"last_edit_date":1645111405,"question_id":71023157,"content_license":"CC BY-SA 4.0","link":"https://stackoverflow.com/questions/71023157/can-i-make-multiple-assignments-within-a-given-case-when-true-clause","title":"Can I make multiple assignments within a given case_when true clause?"},{"tags":["c#","performance","asynchronous","logging","file-writing"],"owner":{"account_id":20733589,"reputation":3,"user_id":15224930,"user_type":"registered","profile_image":"https://lh4.googleusercontent.com/--JfaMOLD2rI/AAAAAAAAAAI/AAAAAAAAAJ8/AMZuuclWWwy0L_pM8tRWhIGZQQ6RthAIHA/s96-c/photo.jpg?sz=256","display_name":"Alexander","link":"https://stackoverflow.com/users/15224930/alexander"},"is_answered":true,"view_count":559,"accepted_answer_id":71023569,"answer_count":1,"score":-2,"last_activity_date":1644282062,"creation_date":1644256512,"last_edit_date":1644282062,"question_id":71023155,"content_license":"CC BY-SA 4.0","link":"https://stackoverflow.com/questions/71023155/what-is-a-fast-async-text-writer-that-can-be-used-to-log-a-line-of-text-to-a-csv","title":"What is a fast async text writer that can be used to log a line of text to a csv file?"},{"tags":["android","firebase","kotlin","firebase-cloud-messaging"],"owner":{"account_id":262051,"reputation":757,"user_id":546656,"user_type":"registered","accept_rate":26,"profile_image":"https://i.stack.imgur.com/oG7hn.jpg?s=256&g=1","display_name":"Micah Montoya","link":"https://stackoverflow.com/users/546656/micah-montoya"},"is_answered":true,"view_count":329,"accepted_answer_id":71023331,"answer_count":1,"score":0,"last_activity_date":1644257252,"creation_date":1644256507,"last_edit_date":1644256609,"question_id":71023153,"content_license":"CC BY-SA 4.0","link":"https://stackoverflow.com/questions/71023153/kotlin-subscribe-to-firebase-cloud-messagingfcm-topic","title":"Kotlin: Subscribe to Firebase Cloud Messaging(FCM) Topic"},{"tags":["c","random","distribution","random-seed"],"owner":{"account_id":10097273,"reputation":2061,"user_id":7462275,"user_type":"registered","profile_image":"https://i.stack.imgur.com/JtXPb.png?s=256&g=1","display_name":"Stef1611","link":"https://stackoverflow.com/users/7462275/stef1611"},"is_answered":true,"view_count":100,"answer_count":3,"score":0,"last_activity_date":1644395269,"creation_date":1644256507,"question_id":71023152,"content_license":"CC BY-SA 4.0","link":"https://stackoverflow.com/questions/71023152/how-to-efficiently-generate-in-c-x-random-numbers-in-a-given-interval-such-the","title":"How to efficiently generate, in C, x random numbers in a given interval such the sum is constant?"},{"tags":["css"],"owner":{"account_id":11403778,"reputation":394,"user_id":8359914,"user_type":"registered","accept_rate":0,"profile_image":"https://www.gravatar.com/avatar/d130aea996f60ea27ab0ba6279109787?s=256&d=identicon&r=PG&f=y&so-version=2","display_name":"DD1229","link":"https://stackoverflow.com/users/8359914/dd1229"},"is_answered":true,"view_count":250,"accepted_answer_id":71023591,"answer_count":3,"score":0,"last_activity_date":1644258855,"creation_date":1644256505,"question_id":71023151,"content_license":"CC BY-SA 4.0","link":"https://stackoverflow.com/questions/71023151/pseudo-class-color-change-on-hover","title":"Pseudo Class Color Change on Hover"},{"tags":["bash","mkfifo"],"owner":{"account_id":5907598,"reputation":959,"user_id":4648809,"user_type":"registered","accept_rate":73,"profile_image":"https://www.gravatar.com/avatar/cc5040a5390255b3078097bb17b0ccaf?s=256&d=identicon&r=PG&f=y&so-version=2","display_name":"Alex","link":"https://stackoverflow.com/users/4648809/alex"},"is_answered":false,"view_count":34,"answer_count":0,"score":2,"last_activity_date":1644256504,"creation_date":1644256504,"question_id":71023150,"content_license":"CC BY-SA 4.0","link":"https://stackoverflow.com/questions/71023150/how-to-force-all-read-workers-consume-fifo-data","title":"How to force all read workers consume fifo data?"},{"tags":["c++","bazel","xtensor"],"owner":{"account_id":13281355,"reputation":65,"user_id":9588829,"user_type":"registered","profile_image":"https://lh3.googleusercontent.com/-N8aAiByj94s/AAAAAAAAAAI/AAAAAAAAABA/9Jdy_BTAXl8/photo.jpg?sz=256","display_name":"Jema","link":"https://stackoverflow.com/users/9588829/jema"},"is_answered":true,"view_count":1094,"accepted_answer_id":71024534,"answer_count":1,"score":3,"last_activity_date":1644263442,"creation_date":1644256476,"question_id":71023144,"content_license":"CC BY-SA 4.0","link":"https://stackoverflow.com/questions/71023144/how-to-build-header-only-c-library-within-bazel-workspace","title":"How to build header only C++ library within Bazel workspace?"},{"tags":["javascript","html","css","scroll","marquee"],"owner":{"account_id":12608799,"reputation":13,"user_id":9168736,"user_type":"registered","profile_image":"https://www.gravatar.com/avatar/314c71f27c92ac51f4fde368ed1ee2e2?s=256&d=identicon&r=PG&f=y&so-version=2","display_name":"nepher ki3den","link":"https://stackoverflow.com/users/9168736/nepher-ki3den"},"is_answered":false,"view_count":485,"answer_count":1,"score":1,"last_activity_date":1644314560,"creation_date":1644256472,"question_id":71023143,"content_license":"CC BY-SA 4.0","link":"https://stackoverflow.com/questions/71023143/html-css-js-marquee-scroll-one-element-then-pause-then-scroll-again","title":"html/css/js - marquee, scroll one element then pause, then scroll again"},{"tags":["android","kotlin","retrofit2","okhttp"],"owner":{"account_id":1865451,"reputation":1164,"user_id":1689145,"user_type":"registered","accept_rate":45,"profile_image":"https://www.gravatar.com/avatar/632451c255f6b67727a62511aa67c9cd?s=256&d=identicon&r=PG","display_name":"Wamiq","link":"https://stackoverflow.com/users/1689145/wamiq"},"is_answered":false,"view_count":119,"answer_count":1,"score":0,"last_activity_date":1644261793,"creation_date":1644256446,"last_edit_date":1644261793,"question_id":71023139,"content_license":"CC BY-SA 4.0","link":"https://stackoverflow.com/questions/71023139/throwing-exception-from-okhttp3-intercepter-crashing-when-using-suspended-functi","title":"Throwing exception from okhttp3 Intercepter crashing when using suspended functions in retrofit service"},{"tags":["typescript"],"owner":{"account_id":281513,"reputation":1498,"user_id":1241287,"user_type":"registered","accept_rate":95,"profile_image":"https://i.stack.imgur.com/WEETB.jpg?s=256&g=1","display_name":"David Yeiser","link":"https://stackoverflow.com/users/1241287/david-yeiser"},"is_answered":true,"view_count":964,"accepted_answer_id":71023339,"answer_count":1,"score":0,"last_activity_date":1644257295,"creation_date":1644256440,"question_id":71023137,"content_license":"CC BY-SA 4.0","link":"https://stackoverflow.com/questions/71023137/how-to-set-conditional-types-for-object-properties","title":"How to set conditional types for object properties"}],"has_more":true,"quota_max":300,"quota_remaining":148}