{"items":[{"tags":["flutter"],"owner":{"account_id":19274531,"reputation":674,"user_id":14087841,"user_type":"registered","profile_image":"https://lh3.googleusercontent.com/a-/AOh14GgDu53Q_iKwmyu2y5ESlpgKjeXll5ZB-dkYoaO_=k-s256","display_name":"Mateus Neves","link":"https://stackoverflow.com/users/14087841/mateus-neves"},"is_answered":true,"view_count":116,"accepted_answer_id":71544208,"answer_count":1,"score":0,"last_activity_date":1647752976,"creation_date":1647734387,"question_id":71543025,"content_license":"CC BY-SA 4.0","link":"https://stackoverflow.com/questions/71543025/change-color-locally-according-to-brightness-mode","title":"Change color locally according to brightness mode"},{"tags":["python","pyautogui"],"owner":{"account_id":22319781,"reputation":165,"user_id":16542571,"user_type":"registered","profile_image":"https://i.stack.imgur.com/Khc4A.jpg?s=256&g=1","display_name":"unofficialdxnny","link":"https://stackoverflow.com/users/16542571/unofficialdxnny"},"is_answered":false,"view_count":166,"answer_count":1,"score":0,"last_activity_date":1647738248,"creation_date":1647734362,"question_id":71543024,"content_license":"CC BY-SA 4.0","link":"https://stackoverflow.com/questions/71543024/write-content-from-a-css-file-to-a-text-editor-in-python","title":"write content from a .css file to a text editor in python"},{"tags":["pointers","assembly","nasm","conceptual","language-concepts"],"owner":{"account_id":20682856,"reputation":73,"user_id":15236567,"user_type":"registered","profile_image":"https://www.gravatar.com/avatar/25aedc040c5d47b7853a072ff44ae98b?s=256&d=identicon&r=PG&f=y&so-version=2","display_name":"CrazyMan","link":"https://stackoverflow.com/users/15236567/crazyman"},"is_answered":true,"view_count":615,"accepted_answer_id":71543286,"answer_count":2,"score":0,"last_activity_date":1647792703,"creation_date":1647734321,"last_edit_date":1647738992,"question_id":71543020,"content_license":"CC BY-SA 4.0","link":"https://stackoverflow.com/questions/71543020/is-every-variable-and-register-name-just-a-pointer-in-nasm-assembly","title":"Is every variable and register name just a pointer in NASM Assembly?"},{"tags":["postgresql","stored-procedures","ddl"],"owner":{"account_id":15409810,"reputation":109,"user_id":11116853,"user_type":"registered","profile_image":"https://lh3.googleusercontent.com/-b4SBPCJBUrk/AAAAAAAAAAI/AAAAAAAAAAA/ACevoQPaXaAcT6kCBzZ2d6syStAPGsdI1w/mo/photo.jpg?sz=256","display_name":"wo4wangle","link":"https://stackoverflow.com/users/11116853/wo4wangle"},"is_answered":true,"view_count":1456,"accepted_answer_id":71543540,"answer_count":1,"score":2,"last_activity_date":1647743457,"creation_date":1647734206,"last_edit_date":1647743457,"question_id":71543015,"content_license":"CC BY-SA 4.0","link":"https://stackoverflow.com/questions/71543015/can-postgresql-declare-a-procedure-inside-a-procedure","title":"Can PostgreSQL declare a procedure inside a procedure?"},{"tags":["excel","vba","sap-gui"],"owner":{"account_id":19067769,"reputation":11,"user_id":13922566,"user_type":"registered","profile_image":"https://graph.facebook.com/3747336435283566/picture?type=large","display_name":"F&#225;bi&#225;n Varga","link":"https://stackoverflow.com/users/13922566/f%c3%a1bi%c3%a1n-varga"},"is_answered":false,"view_count":213,"answer_count":0,"score":1,"last_activity_date":1647762154,"creation_date":1647734113,"last_edit_date":1647762154,"question_id":71543012,"content_license":"CC BY-SA 4.0","link":"https://stackoverflow.com/questions/71543012/excel-vba-runs-step-by-step-but-not-in-whole","title":"Excel VBA runs step by step but not in whole"},{"tags":["python","numpy","matplotlib","tkinter"],"owner":{"account_id":23629499,"reputation":21,"user_id":17661454,"user_type":"registered","profile_image":"https://www.gravatar.com/avatar/51366b8ea0f5d67dfa524694fa6142b3?s=256&d=identicon&r=PG","display_name":"Y0uw0nt","link":"https://stackoverflow.com/users/17661454/y0uw0nt"},"is_answered":true,"view_count":40,"answer_count":2,"score":0,"last_activity_date":1647935105,"creation_date":1647734059,"question_id":71543009,"content_license":"CC BY-SA 4.0","link":"https://stackoverflow.com/questions/71543009/why-do-i-get-a-type-error-when-trying-to-change-value-of-tkinters-entry-boxes-t","title":"Why do I get a type error when trying to change value of tkinter&#39;s entry boxes to numbers?"},{"tags":["python","3d","contour"],"owner":{"account_id":20643019,"reputation":37,"user_id":17196506,"user_type":"registered","profile_image":"https://lh6.googleusercontent.com/-mE2cCnOv_wA/AAAAAAAAAAI/AAAAAAAAAAA/AMZuucmRdXz6GnxDdOxpL4yU7tJZLBVWzg/s96-c/photo.jpg?sz=256","display_name":"Limona2000","link":"https://stackoverflow.com/users/17196506/limona2000"},"is_answered":true,"view_count":1088,"accepted_answer_id":71543196,"answer_count":1,"score":0,"last_activity_date":1647738766,"creation_date":1647734022,"question_id":71543006,"content_license":"CC BY-SA 4.0","link":"https://stackoverflow.com/questions/71543006/3d-contour-with-3-variables-and-1-variable-as-colour","title":"3d contour with 3 variables and 1 variable as colour"},{"tags":["react-router"],"owner":{"account_id":5988976,"reputation":37,"user_id":4705610,"user_type":"registered","profile_image":"https://www.gravatar.com/avatar/7de0dfed0786b26b81c4905736cd0545?s=256&d=identicon&r=PG&f=y&so-version=2","display_name":"Ayeemba","link":"https://stackoverflow.com/users/4705610/ayeemba"},"is_answered":false,"view_count":57,"answer_count":1,"score":0,"last_activity_date":1647742870,"creation_date":1647734006,"last_edit_date":1647741755,"question_id":71543004,"content_license":"CC BY-SA 4.0","link":"https://stackoverflow.com/questions/71543004/why-does-passing-parameters-via-link-react-router-not-work-react-router-v6","title":"Why does passing parameters via Link react-router not work? React-Router-v6"},{"tags":["javascript","reactjs","react-hooks","use-ref"],"owner":{"account_id":16019911,"reputation":1873,"user_id":11561643,"user_type":"registered","profile_image":"https://www.gravatar.com/avatar/2829826566790abfcfad6e1336a60c75?s=256&d=identicon&r=PG&f=y&so-version=2","display_name":"Zephyr","link":"https://stackoverflow.com/users/11561643/zephyr"},"is_answered":true,"view_count":3283,"answer_count":1,"score":2,"last_activity_date":1659358313,"creation_date":1647733926,"question_id":71543000,"content_license":"CC BY-SA 4.0","link":"https://stackoverflow.com/questions/71543000/how-does-a-re-render-affect-useref-values","title":"How does a re-render affect useRef values"},{"tags":["node.js","axios"],"owner":{"account_id":4352287,"reputation":2775,"user_id":3552178,"user_type":"registered","accept_rate":66,"profile_image":"https://i.stack.imgur.com/ykSxS.jpg?s=256&g=1","display_name":"user3552178","link":"https://stackoverflow.com/users/3552178/user3552178"},"is_answered":false,"view_count":104,"answer_count":0,"score":0,"last_activity_date":1647736323,"creation_date":1647733885,"last_edit_date":1647736323,"question_id":71542995,"content_license":"CC BY-SA 4.0","link":"https://stackoverflow.com/questions/71542995/axios-returns-406-on-redirect","title":"axios returns 406 on redirect"},{"tags":["c","stm32","imu"],"owner":{"account_id":16374036,"reputation":29,"user_id":11826640,"user_type":"registered","profile_image":"https://i.stack.imgur.com/Irz7t.jpg?s=256&g=1","display_name":"DroneKid","link":"https://stackoverflow.com/users/11826640/dronekid"},"is_answered":false,"view_count":666,"answer_count":0,"score":0,"last_activity_date":1647733870,"creation_date":1647733870,"question_id":71542994,"content_license":"CC BY-SA 4.0","link":"https://stackoverflow.com/questions/71542994/how-to-combine-different-imu-readings-pitch-yaw-roll-to-achive-good-attitude","title":"How to combine different IMU readings (Pitch, Yaw, Roll) to achive good Attitude orientation?"},{"tags":["powershell"],"owner":{"account_id":17474115,"reputation":718,"user_id":12669337,"user_type":"registered","profile_image":"https://i.stack.imgur.com/4riu0.jpg?s=256&g=1","display_name":"irvnriir","link":"https://stackoverflow.com/users/12669337/irvnriir"},"is_answered":false,"view_count":28,"closed_date":1647742991,"answer_count":0,"score":0,"last_activity_date":1647740334,"creation_date":1647733869,"last_edit_date":1647740334,"question_id":71542993,"link":"https://stackoverflow.com/questions/71542993/after-starting-ps1-console-output-doesnt-work","closed_reason":"Duplicate","title":"After starting .ps1 , console output doesn&#39;t work"},{"tags":["mysql","linux","database"],"owner":{"account_id":13266225,"reputation":1,"user_id":16830868,"user_type":"registered","profile_image":"https://lh5.googleusercontent.com/-N-huYVBT3nE/AAAAAAAAAAI/AAAAAAAAAAA/AMZuucmEYlxQT4Tv0QJK23wUiMyNDVvaaw/s96-c/photo.jpg?sz=256","display_name":"Mua Walliz ewi","link":"https://stackoverflow.com/users/16830868/mua-walliz-ewi"},"is_answered":false,"view_count":50,"answer_count":0,"score":0,"last_activity_date":1647733837,"creation_date":1647733837,"question_id":71542991,"content_license":"CC BY-SA 4.0","link":"https://stackoverflow.com/questions/71542991/configuring-mysql-to-run-scripts-upon-start-or-restart","title":"Configuring MySQL to run scripts upon start or restart"},{"tags":["html","css"],"owner":{"account_id":10944954,"reputation":9,"user_id":18516511,"user_type":"registered","profile_image":"https://www.gravatar.com/avatar/33ec31aed96bfa3b233e18f58a987019?s=256&d=identicon&r=PG&f=y&so-version=2","display_name":"Mitchell","link":"https://stackoverflow.com/users/18516511/mitchell"},"is_answered":false,"view_count":62,"answer_count":2,"score":1,"last_activity_date":1647827004,"creation_date":1647733831,"question_id":71542990,"content_license":"CC BY-SA 4.0","link":"https://stackoverflow.com/questions/71542990/how-to-align-top-nav-bar-with-wrapper","title":"How to align top nav bar with wrapper"},{"tags":["firebase","flutter","dart","firebase-authentication","provider"],"owner":{"account_id":22568831,"reputation":141,"user_id":16755336,"user_type":"registered","profile_image":"https://www.gravatar.com/avatar/d38c25bd7cc8ab0168ebd1e8aa9c8403?s=256&d=identicon&r=PG&f=y&so-version=2","display_name":"FLYAX","link":"https://stackoverflow.com/users/16755336/flyax"},"is_answered":false,"view_count":532,"answer_count":1,"score":1,"last_activity_date":1647848698,"creation_date":1647733811,"question_id":71542989,"content_license":"CC BY-SA 4.0","link":"https://stackoverflow.com/questions/71542989/firebase-dart-tried-to-read-a-provider-that-threw-during-the-creation-of-its-val","title":"Firebase Dart Tried to read a provider that threw during the creation of its value"},{"tags":["reactjs","react-native","react-navigation"],"owner":{"account_id":20513755,"reputation":1,"user_id":15054921,"user_type":"registered","profile_image":"https://lh3.googleusercontent.com/a-/AOh14GgzDMhyjmtK2LX1Dtrq43DO6-XaNoL22Gigz1pK=k-s256","display_name":"Nishant Giri","link":"https://stackoverflow.com/users/15054921/nishant-giri"},"is_answered":false,"view_count":3451,"answer_count":1,"score":0,"last_activity_date":1647957294,"creation_date":1647733727,"last_edit_date":1647957294,"question_id":71542980,"content_license":"CC BY-SA 4.0","link":"https://stackoverflow.com/questions/71542980/how-can-i-upgrade-my-react-native-version-0-58-6-to-0-65-or-newer","title":"How can I upgrade my react-native version 0.58.6 to 0.65 or newer?"},{"tags":["python","pyautogui"],"owner":{"account_id":19822637,"reputation":11,"user_id":18228562,"user_type":"registered","profile_image":"https://lh3.googleusercontent.com/a-/AOh14Gjus-4DSsMZBhUmCH-90Eqt_ImWmfjtxk9-JzOHfw=k-s256","display_name":"noah tanner","link":"https://stackoverflow.com/users/18228562/noah-tanner"},"is_answered":false,"view_count":150,"answer_count":1,"score":0,"last_activity_date":1647815511,"creation_date":1647733706,"question_id":71542979,"content_license":"CC BY-SA 4.0","link":"https://stackoverflow.com/questions/71542979/pyatuo-gui-piano-tiles-bot-issues","title":"pyatuo gui Piano Tiles bot issues"},{"tags":["angular","angular-material","angular-material-table"],"owner":{"account_id":21044049,"reputation":117,"user_id":15465761,"user_type":"registered","profile_image":"https://lh3.googleusercontent.com/-8hynJx1gjuY/AAAAAAAAAAI/AAAAAAAAAAA/AMZuucngeq-KfyRPJL0pcP9897AHdqrHuA/s96-c/photo.jpg?sz=256","display_name":"Dandesaj","link":"https://stackoverflow.com/users/15465761/dandesaj"},"is_answered":true,"view_count":1563,"accepted_answer_id":71544648,"answer_count":1,"score":3,"last_activity_date":1647758740,"creation_date":1647733688,"question_id":71542977,"content_license":"CC BY-SA 4.0","link":"https://stackoverflow.com/questions/71542977/how-to-properly-set-up-angular-table-datasource-to-pull-data-from-api","title":"How to properly set up angular table datasource to pull data from API"},{"tags":["c#",".net","asp.net-core","captcha","asp.net-core-6.0"],"owner":{"account_id":7372308,"reputation":782,"user_id":5612132,"user_type":"registered","profile_image":"https://www.gravatar.com/avatar/8cec5dc7ece1b1dd474d61bab5b035c9?s=256&d=identicon&r=PG","display_name":"Abdoulie Kassama","link":"https://stackoverflow.com/users/5612132/abdoulie-kassama"},"is_answered":true,"view_count":3108,"accepted_answer_id":71543204,"answer_count":1,"score":0,"last_activity_date":1647737710,"creation_date":1647733686,"question_id":71542976,"content_license":"CC BY-SA 4.0","link":"https://stackoverflow.com/questions/71542976/trying-to-implement-dntcaptcha-for-net-core-6","title":"Trying to implement DNTCaptcha for .NET Core 6"},{"tags":["java","android","unit-testing","kotlin","robolectric"],"owner":{"account_id":16166174,"reputation":347,"user_id":11671103,"user_type":"registered","profile_image":"https://www.gravatar.com/avatar/fb677fb25adb26e1fc9cdf813b14cd8e?s=256&d=identicon&r=PG&f=y&so-version=2","display_name":"Flash103","link":"https://stackoverflow.com/users/11671103/flash103"},"is_answered":true,"view_count":1056,"accepted_answer_id":71558825,"answer_count":1,"score":2,"last_activity_date":1647870996,"creation_date":1647733656,"question_id":71542971,"content_license":"CC BY-SA 4.0","link":"https://stackoverflow.com/questions/71542971/why-does-exceptionininitializererror-occur-when-invoking-htmlcompat-in-an-androi","title":"Why does ExceptionInInitializerError occur when invoking HtmlCompat in an Android unit test using Robolectric?"},{"tags":["python","optimization","scipy","linear-programming","hungarian-algorithm"],"owner":{"account_id":3625986,"reputation":6331,"user_id":3023615,"user_type":"registered","accept_rate":47,"profile_image":"https://www.gravatar.com/avatar/8313aa6af5bda84d96c081e5b165cfdc?s=256&d=identicon&r=PG&f=y&so-version=2","display_name":"Athena Wisdom","link":"https://stackoverflow.com/users/3023615/athena-wisdom"},"is_answered":true,"view_count":937,"answer_count":1,"score":2,"last_activity_date":1647737828,"creation_date":1647733643,"last_edit_date":1647736714,"question_id":71542970,"content_license":"CC BY-SA 4.0","link":"https://stackoverflow.com/questions/71542970/scipys-linear-sum-assignment-giving-incorrect-result","title":"Scipy&#39;s linear_sum_assignment giving incorrect result"},{"tags":["postgresql","retention"],"owner":{"account_id":7535259,"reputation":36,"user_id":5721788,"user_type":"registered","profile_image":"https://www.gravatar.com/avatar/a4a8269d2f94cfc3590c64fe1f3c5280?s=256&d=identicon&r=PG","display_name":"Garefild","link":"https://stackoverflow.com/users/5721788/garefild"},"is_answered":false,"view_count":109,"answer_count":1,"score":0,"last_activity_date":1647784014,"creation_date":1647733574,"last_edit_date":1647733910,"question_id":71542964,"content_license":"CC BY-SA 4.0","link":"https://stackoverflow.com/questions/71542964/postgresql-monthly-usage-retention-query","title":"postgresql monthly usage retention query"},{"tags":["python","numpy"],"owner":{"account_id":13142816,"reputation":73,"user_id":9493835,"user_type":"registered","profile_image":"https://lh3.googleusercontent.com/-XdUIqdMkCWA/AAAAAAAAAAI/AAAAAAAAAAA/4252rscbv5M/photo.jpg?sz=256","display_name":"Brandon Lewallen","link":"https://stackoverflow.com/users/9493835/brandon-lewallen"},"is_answered":true,"view_count":34,"accepted_answer_id":71543017,"answer_count":1,"score":0,"last_activity_date":1647739312,"creation_date":1647733515,"last_edit_date":1647739312,"question_id":71542961,"content_license":"CC BY-SA 4.0","link":"https://stackoverflow.com/questions/71542961/is-there-a-vectorized-way-of-appending-indexing-values-from-nd-array-2-based-off","title":"Is there a vectorized way of appending/indexing values from nd_array 2 based off component r/c values in nd_array 1?"},{"tags":["discord","discord.js"],"owner":{"account_id":24483401,"reputation":13,"user_id":18401475,"user_type":"registered","profile_image":"https://lh3.googleusercontent.com/a-/AOh14GgkrQwygBMIcH9l4v60E8nmevJb-u1ZUEpfH84q=k-s256","display_name":"Sans","link":"https://stackoverflow.com/users/18401475/sans"},"is_answered":true,"view_count":417,"closed_date":1647830027,"answer_count":1,"score":-3,"last_activity_date":1647755660,"creation_date":1647733341,"question_id":71542950,"link":"https://stackoverflow.com/questions/71542950/assignment-to-constant-variable-discord-js","closed_reason":"Duplicate","title":"Assignment to constant variable (DISCORD.JS)"},{"tags":["wordpress","advanced-custom-fields","gravity-forms-plugin"],"owner":{"account_id":21897122,"reputation":1,"user_id":16183258,"user_type":"registered","profile_image":"https://lh3.googleusercontent.com/a/AATXAJw7a2X7x9xWodxdRYBy5YudxZ4lm1YEP_Rl920C=k-s256","display_name":"Jeanluc Carbonel","link":"https://stackoverflow.com/users/16183258/jeanluc-carbonel"},"is_answered":false,"view_count":867,"answer_count":1,"score":0,"last_activity_date":1647761057,"creation_date":1647733336,"question_id":71542948,"content_license":"CC BY-SA 4.0","link":"https://stackoverflow.com/questions/71542948/display-a-gravity-form-according-the-id-filled-in-a-custom-field","title":"display a gravity form according the ID filled in a custom field"},{"tags":["python","mysql","task","python-asyncio","pycord"],"owner":{"account_id":11430041,"reputation":600,"user_id":8379035,"user_type":"registered","profile_image":"https://lh4.googleusercontent.com/-am5MCBia_Rw/AAAAAAAAAAI/AAAAAAAAAKo/W90gryEsZZs/photo.jpg?sz=256","display_name":"Razzer","link":"https://stackoverflow.com/users/8379035/razzer"},"is_answered":true,"view_count":11989,"accepted_answer_id":77189858,"answer_count":5,"score":7,"last_activity_date":1695837496,"creation_date":1647733317,"last_edit_date":1648753462,"question_id":71542947,"content_license":"CC BY-SA 4.0","link":"https://stackoverflow.com/questions/71542947/how-can-i-fix-task-was-destroyed-but-it-is-pending","title":"How can i fix Task was destroyed but it is pending?"},{"tags":["google-chrome-extension","chrome-extension-manifest-v3"],"owner":{"account_id":6611059,"reputation":322,"user_id":5106167,"user_type":"registered","accept_rate":52,"profile_image":"https://lh6.googleusercontent.com/-nyUbFytWGf8/AAAAAAAAAAI/AAAAAAAAAAA/APUIFaOd5gvbaMh1mWl_svFqTWvYEOuWbQ/mo/photo.jpg?sz=256","display_name":"dcotter","link":"https://stackoverflow.com/users/5106167/dcotter"},"is_answered":false,"view_count":1803,"answer_count":1,"score":1,"last_activity_date":1647776124,"creation_date":1647733279,"question_id":71542944,"content_license":"CC BY-SA 4.0","link":"https://stackoverflow.com/questions/71542944/chrome-extension-opening-in-new-tab","title":"Chrome Extension Opening in New Tab"},{"tags":["node.js","post","http-status-code-403","jira-rest-api","figma"],"owner":{"account_id":24615527,"reputation":51,"user_id":18516589,"user_type":"registered","profile_image":"https://lh3.googleusercontent.com/a/AATXAJy-pfPuxMXfqmNu-lAM-Ig_3da7Bl02HThgL4EW=k-s256","display_name":"Kasyap Chakravadhanula","link":"https://stackoverflow.com/users/18516589/kasyap-chakravadhanula"},"is_answered":false,"view_count":398,"answer_count":0,"score":2,"last_activity_date":1647733256,"creation_date":1647733256,"question_id":71542942,"content_license":"CC BY-SA 4.0","link":"https://stackoverflow.com/questions/71542942/getting-a-403-when-doing-a-post-to-jira-cloud-api-using-cors-anywhere-proxy","title":"Getting a 403 when doing a POST to Jira Cloud API using cors anywhere proxy"},{"tags":["c#",".net","api","unit-testing","xunit"],"owner":{"account_id":24541757,"reputation":27,"user_id":18452049,"user_type":"registered","profile_image":"https://i.stack.imgur.com/HOuWc.jpg?s=256&g=1","display_name":"Vickarius","link":"https://stackoverflow.com/users/18452049/vickarius"},"is_answered":true,"view_count":855,"accepted_answer_id":71543477,"answer_count":1,"score":2,"last_activity_date":1647790712,"creation_date":1647733221,"last_edit_date":1647790712,"question_id":71542937,"content_license":"CC BY-SA 4.0","link":"https://stackoverflow.com/questions/71542937/how-to-test-a-function-that-return-oknew-token-tokenstr","title":"How to test a function that return Ok(new { token = tokenStr });"},{"tags":["xcode","flutter","cocoapods","flutter-ios"],"owner":{"account_id":17116542,"reputation":317,"user_id":12385890,"user_type":"registered","profile_image":"https://lh3.googleusercontent.com/a-/AAuE7mBIWHzGFUDUmSlWteVX14W0rFr7nRE_RBWdkKEs=k-s256","display_name":"enriqueanaemma garcia cardenas","link":"https://stackoverflow.com/users/12385890/enriqueanaemma-garcia-cardenas"},"is_answered":true,"view_count":7197,"accepted_answer_id":71545619,"answer_count":4,"score":11,"last_activity_date":1654582800,"creation_date":1647733185,"question_id":71542933,"content_license":"CC BY-SA 4.0","link":"https://stackoverflow.com/questions/71542933/flutter-for-ios-run-build-but-not-archive","title":"Flutter for iOS run, build but not archive"}],"has_more":true,"quota_max":300,"quota_remaining":159}