{"items":[{"tags":["r","dplyr"],"owner":{"account_id":23998796,"reputation":1,"user_id":17983991,"user_type":"registered","profile_image":"https://lh3.googleusercontent.com/a-/AOh14Gg8qa5KOKWxUPWNtafEV-g-6H8VXk4GhEi_n8hrmw=k-s256","display_name":"DorimeDoge","link":"https://stackoverflow.com/users/17983991/dorimedoge"},"is_answered":false,"view_count":24,"answer_count":0,"score":0,"last_activity_date":1642693826,"creation_date":1642679995,"last_edit_date":1642693826,"question_id":70785859,"content_license":"CC BY-SA 4.0","link":"https://stackoverflow.com/questions/70785859/helping-solving-a-variety-of-errors","title":"Helping solving a variety of errors"},{"tags":["c++","arrays","pointers","iteration"],"owner":{"account_id":18161860,"reputation":82,"user_id":13213117,"user_type":"registered","profile_image":"https://www.gravatar.com/avatar/9b6b6ca73a43ab46892bd919f34b8825?s=256&d=identicon&r=PG&f=y&so-version=2","display_name":"Sargis Hovsepyan","link":"https://stackoverflow.com/users/13213117/sargis-hovsepyan"},"is_answered":true,"view_count":713,"accepted_answer_id":70786413,"answer_count":3,"score":0,"last_activity_date":1642685359,"creation_date":1642679979,"last_edit_date":1642684761,"question_id":70785853,"content_license":"CC BY-SA 4.0","link":"https://stackoverflow.com/questions/70785853/iterating-over-pointer-array-c","title":"Iterating over pointer array C++"},{"tags":["ssl","kubernetes","kubernetes-ingress"],"owner":{"account_id":3406945,"reputation":65,"user_id":2857793,"user_type":"registered","profile_image":"https://i.stack.imgur.com/Q2UT5.jpg?s=256&g=1","display_name":"user2857793","link":"https://stackoverflow.com/users/2857793/user2857793"},"is_answered":true,"view_count":1259,"accepted_answer_id":70812396,"answer_count":1,"score":1,"last_activity_date":1643018005,"creation_date":1642679966,"last_edit_date":1643018005,"question_id":70785851,"content_license":"CC BY-SA 4.0","link":"https://stackoverflow.com/questions/70785851/is-the-ssl-passthrough-configured-at-the-host-level-kubernets-ingress","title":"Is the ssl-passthrough configured at the host level, kubernets ingress"},{"tags":["reactjs","lazy-loading"],"owner":{"account_id":11685937,"reputation":1,"user_id":8555825,"user_type":"registered","profile_image":"https://www.gravatar.com/avatar/386c3bdcd439b3f486f66b177f02ec8a?s=256&d=identicon&r=PG&f=y&so-version=2","display_name":"Gaurav kumar","link":"https://stackoverflow.com/users/8555825/gaurav-kumar"},"is_answered":false,"view_count":192,"answer_count":0,"score":0,"last_activity_date":1642680277,"creation_date":1642679952,"last_edit_date":1642680277,"question_id":70785846,"content_license":"CC BY-SA 4.0","link":"https://stackoverflow.com/questions/70785846/react-application-throwing-uncaught-syntaxerror-unexpected-identifier-after","title":"React Application throwing &quot;Uncaught SyntaxError: Unexpected identifier&quot;, after adding lazy loading at route level"},{"tags":["java","performance","time"],"owner":{"account_id":22091461,"reputation":77,"user_id":17566880,"user_type":"registered","profile_image":"https://www.gravatar.com/avatar/6f26fcfbf5e04a9928f61b59c2f1e2d5?s=256&d=identicon&r=PG","display_name":"Learner","link":"https://stackoverflow.com/users/17566880/learner"},"is_answered":true,"view_count":81,"accepted_answer_id":70785939,"answer_count":1,"score":4,"last_activity_date":1642680594,"creation_date":1642679921,"last_edit_date":1642680594,"question_id":70785844,"content_license":"CC BY-SA 4.0","link":"https://stackoverflow.com/questions/70785844/how-to-make-this-linear-time-complexity-to-log-time-complexity","title":"How to make this linear time complexity to log time complexity?"},{"tags":["jenkins"],"owner":{"account_id":21329185,"reputation":99,"user_id":15701185,"user_type":"registered","profile_image":"https://lh4.googleusercontent.com/-4OfCXGpqAK0/AAAAAAAAAAI/AAAAAAAAAAA/AMZuucksC8xyzJUVkWrB8n7zfW-e1blmhw/s96-c/photo.jpg?sz=256","display_name":"Saili Gaitonde","link":"https://stackoverflow.com/users/15701185/saili-gaitonde"},"is_answered":false,"view_count":90,"answer_count":0,"score":1,"last_activity_date":1642679919,"creation_date":1642679919,"question_id":70785843,"content_license":"CC BY-SA 4.0","link":"https://stackoverflow.com/questions/70785843/jenkins-setting-global-string-parameter","title":"Jenkins : Setting global string parameter"},{"tags":["javascript","local-storage"],"owner":{"account_id":19603610,"reputation":13,"user_id":14347824,"user_type":"registered","profile_image":"https://lh5.googleusercontent.com/-mw0TO3lgNrg/AAAAAAAAAAI/AAAAAAAAAAA/AMZuucmLX6c3JQ6rCsljCg_L0jTUqiku4w/photo.jpg?sz=256","display_name":"Milad","link":"https://stackoverflow.com/users/14347824/milad"},"is_answered":true,"view_count":211,"accepted_answer_id":70786051,"answer_count":1,"score":0,"last_activity_date":1642680901,"creation_date":1642679914,"question_id":70785841,"content_license":"CC BY-SA 4.0","link":"https://stackoverflow.com/questions/70785841/how-use-localstorage-in-todo-app-javascript","title":"how use localstorage in todo app (javascript)"},{"tags":["android","kotlin","iteration"],"owner":{"account_id":19638072,"reputation":172,"user_id":14374896,"user_type":"registered","profile_image":"https://www.gravatar.com/avatar/4d29f28bc60424849a1e0a4be40f4d4d?s=256&d=identicon&r=PG&f=y&so-version=2","display_name":"madhall","link":"https://stackoverflow.com/users/14374896/madhall"},"is_answered":true,"view_count":938,"accepted_answer_id":70786545,"answer_count":1,"score":0,"last_activity_date":1642682920,"creation_date":1642679900,"question_id":70785837,"content_license":"CC BY-SA 4.0","link":"https://stackoverflow.com/questions/70785837/iterating-over-two-lists-and-removing-a-value-on-condition-in-kotlin","title":"Iterating over two lists and removing a value on condition in Kotlin"},{"tags":["ansible","casting","integer"],"owner":{"account_id":2470071,"reputation":51,"user_id":2152186,"user_type":"registered","profile_image":"https://www.gravatar.com/avatar/fc8ad1d1ec737beef06fe9d8ed28de65?s=256&d=identicon&r=PG","display_name":"jay","link":"https://stackoverflow.com/users/2152186/jay"},"is_answered":true,"view_count":2262,"accepted_answer_id":70788169,"answer_count":2,"score":3,"last_activity_date":1642689710,"creation_date":1642679846,"last_edit_date":1642683312,"question_id":70785828,"content_license":"CC BY-SA 4.0","link":"https://stackoverflow.com/questions/70785828/how-to-change-var-type-to-integer","title":"How to change var type to integer?"},{"tags":["python","pandas","group-by"],"owner":{"account_id":5972924,"reputation":3493,"user_id":4694757,"user_type":"registered","profile_image":"https://i.stack.imgur.com/AnJVo.png?s=256&g=1","display_name":"I_Al-thamary","link":"https://stackoverflow.com/users/4694757/i-al-thamary"},"is_answered":true,"view_count":369,"accepted_answer_id":70925669,"answer_count":3,"score":2,"last_activity_date":1643713237,"creation_date":1642679829,"last_edit_date":1643487166,"question_id":70785821,"content_license":"CC BY-SA 4.0","link":"https://stackoverflow.com/questions/70785821/how-to-apply-panda-group-by-with-minimum-and-maximum-size-condition-pythonic-wa","title":"How to apply panda group by with minimum and maximum size condition (Pythonic way)"},{"tags":["c++","class","object","oop"],"owner":{"account_id":21397177,"reputation":125,"user_id":16477114,"user_type":"registered","profile_image":"https://www.gravatar.com/avatar/24abce3ba0b851160bf22c1a4e20f1cc?s=256&d=identicon&r=PG&f=y&so-version=2","display_name":"Circuit_Breaker0.7","link":"https://stackoverflow.com/users/16477114/circuit-breaker0-7"},"is_answered":true,"view_count":531,"closed_date":1642684234,"answer_count":1,"score":-4,"last_activity_date":1642684389,"creation_date":1642679807,"question_id":70785818,"link":"https://stackoverflow.com/questions/70785818/how-do-i-refer-to-an-object-inside-its-own-class-in-c","closed_reason":"Needs more focus","title":"How do I refer to an object inside it&#39;s own class in c++?"},{"tags":["ssl","kubernetes","https","kubernetes-ingress","kong"],"owner":{"account_id":23988796,"reputation":43,"user_id":17975266,"user_type":"registered","profile_image":"https://www.gravatar.com/avatar/cfda7b41653633a2f4956d230ecba4a5?s=256&d=identicon&r=PG","display_name":"Simon21","link":"https://stackoverflow.com/users/17975266/simon21"},"is_answered":true,"view_count":2186,"answer_count":2,"score":3,"last_activity_date":1668856718,"creation_date":1642679743,"question_id":70785808,"content_license":"CC BY-SA 4.0","link":"https://stackoverflow.com/questions/70785808/is-there-way-how-to-setup-wildcard-certificate-in-kong-ingress-controller-to-be","title":"Is there way how to setup wildcard certificate in Kong-Ingress-Controller to be used in each Ingress?"},{"tags":["reactjs","react-native","formik","yup"],"owner":{"account_id":23988612,"reputation":33,"user_id":17975105,"user_type":"registered","profile_image":"https://www.gravatar.com/avatar/a18da62b9753b12e5fd30891971c8eb1?s=256&d=identicon&r=PG","display_name":"Marshall Smith","link":"https://stackoverflow.com/users/17975105/marshall-smith"},"is_answered":true,"view_count":5676,"answer_count":2,"score":3,"last_activity_date":1642690964,"creation_date":1642679730,"question_id":70785805,"content_license":"CC BY-SA 4.0","link":"https://stackoverflow.com/questions/70785805/yup-how-to-conditionally-validate-at-least-one-of-n-values-are-set","title":"Yup - How to conditionally validate at least one of n values are set?"},{"tags":["java","android","canvas"],"owner":{"account_id":23996853,"reputation":11,"user_id":17982273,"user_type":"registered","profile_image":"https://lh3.googleusercontent.com/a-/AOh14GjjOgpHGSZWSn3ZZSBBJBZFHve9tb6WubkYrQPV=k-s256","display_name":"Ajay Acharya","link":"https://stackoverflow.com/users/17982273/ajay-acharya"},"is_answered":false,"view_count":125,"answer_count":1,"score":1,"last_activity_date":1642679942,"creation_date":1642679716,"question_id":70785800,"content_license":"CC BY-SA 4.0","link":"https://stackoverflow.com/questions/70785800/how-to-move-or-drag-canvas-object-like-circle-rectangle-shapes-in-android-canva","title":"how to move or drag canvas object like circle, rectangle shapes in android canvas ? i written code but its doesnt have moving function"},{"tags":["yocto","bitbake"],"owner":{"account_id":21380941,"reputation":13,"user_id":15746877,"user_type":"registered","profile_image":"https://www.gravatar.com/avatar/503c7e2a9b1370ad18444769f5d3bd94?s=256&d=identicon&r=PG&f=y&so-version=2","display_name":"tom654321","link":"https://stackoverflow.com/users/15746877/tom654321"},"is_answered":true,"view_count":1359,"accepted_answer_id":70800692,"answer_count":1,"score":0,"last_activity_date":1642765350,"creation_date":1642679701,"last_edit_date":1642755123,"question_id":70785796,"content_license":"CC BY-SA 4.0","link":"https://stackoverflow.com/questions/70785796/yocto-clean-up-sources-every-time-you-build-an-image","title":"Yocto - clean up sources every time you build an image"},{"tags":["python","xlsxwriter"],"owner":{"account_id":23996926,"reputation":11,"user_id":17982343,"user_type":"registered","profile_image":"https://www.gravatar.com/avatar/f66f76e8836f2c10fa0f2be62e37d6bc?s=256&d=identicon&r=PG","display_name":"Vuyo","link":"https://stackoverflow.com/users/17982343/vuyo"},"is_answered":false,"view_count":93,"answer_count":0,"score":1,"last_activity_date":1642680043,"creation_date":1642679674,"last_edit_date":1642680043,"question_id":70785789,"content_license":"CC BY-SA 4.0","link":"https://stackoverflow.com/questions/70785789/using-python-and-xlsxwriter-to-create-a-straight-line-graph-with-spline-interpol","title":"Using Python and xlsxwriter to create a straight line graph with spline interpolation graph"},{"tags":["javascript","arrays","json","duplicates","javascript-objects"],"owner":{"account_id":19921854,"reputation":23,"user_id":14597494,"user_type":"registered","profile_image":"https://www.gravatar.com/avatar/25cae96353c114f52466da3d9e2e02b1?s=256&d=identicon&r=PG&f=y&so-version=2","display_name":"dfx99","link":"https://stackoverflow.com/users/14597494/dfx99"},"is_answered":true,"view_count":706,"accepted_answer_id":70786717,"answer_count":1,"score":1,"last_activity_date":1642683579,"creation_date":1642679632,"last_edit_date":1642679809,"question_id":70785781,"content_license":"CC BY-SA 4.0","link":"https://stackoverflow.com/questions/70785781/how-to-parse-duplicate-data-in-a-list-of-objects-based-on-multiple-keys-having-t","title":"How to parse duplicate data in a list of objects based on multiple keys having the same value, where one key has a value of an array of objects"},{"tags":["mongodb","mongodb-query","aggregation-framework"],"owner":{"account_id":7299226,"reputation":13,"user_id":13853154,"user_type":"registered","profile_image":"https://www.gravatar.com/avatar/fac4f35e32c91779f183bb3e221132bd?s=256&d=identicon&r=PG&f=y&so-version=2","display_name":"Sahil Doshi","link":"https://stackoverflow.com/users/13853154/sahil-doshi"},"is_answered":false,"view_count":649,"answer_count":1,"score":0,"last_activity_date":1642684437,"creation_date":1642679628,"question_id":70785779,"content_license":"CC BY-SA 4.0","link":"https://stackoverflow.com/questions/70785779/query-documents-with-parent-and-child-in-same-collection-mongodb","title":"Query documents with parent and child in same collection MongoDB"},{"tags":["struts2"],"owner":{"account_id":23998655,"reputation":11,"user_id":17983870,"user_type":"registered","profile_image":"https://www.gravatar.com/avatar/70dd7a3b2a1742ae51dbd7bc8924d08a?s=256&d=identicon&r=PG","display_name":"IzukuMidoriya","link":"https://stackoverflow.com/users/17983870/izukumidoriya"},"is_answered":false,"view_count":215,"answer_count":0,"score":1,"last_activity_date":1642679608,"creation_date":1642679608,"question_id":70785773,"content_license":"CC BY-SA 4.0","link":"https://stackoverflow.com/questions/70785773/org-apache-struts2-dispatcher-filter-strutsprepareandexecutefilter-was-found-bu","title":"org.apache.struts2.dispatcher.filter.StrutsPrepareAndExecuteFilter was found, but is missing another required class"},{"tags":["tcl","vmd"],"owner":{"account_id":23998510,"reputation":1,"user_id":17983742,"user_type":"registered","profile_image":"https://www.gravatar.com/avatar/913437fe310c20648f73f5869aadaca9?s=256&d=identicon&r=PG","display_name":"newtcler","link":"https://stackoverflow.com/users/17983742/newtcler"},"is_answered":false,"view_count":207,"answer_count":0,"score":0,"last_activity_date":1642681428,"creation_date":1642679585,"last_edit_date":1642681428,"question_id":70785768,"content_license":"CC BY-SA 4.0","link":"https://stackoverflow.com/questions/70785768/how-do-i-auto-generate-multiple-vmd-representations-from-a-list-of-ids-in-tcl-sc","title":"How do I auto generate multiple VMD representations from a list of ids in tcl script"},{"tags":["python","json","pandas","api","csv"],"owner":{"account_id":23998443,"reputation":11,"user_id":17983692,"user_type":"registered","profile_image":"https://lh3.googleusercontent.com/a/AATXAJxmc_zLweCR67Q3jSodewXgPbGjuLY9a2gIzQ2W=k-s256","display_name":"AMA_Stackoverflow_user","link":"https://stackoverflow.com/users/17983692/ama-stackoverflow-user"},"is_answered":false,"view_count":139,"answer_count":0,"score":1,"last_activity_date":1642679581,"creation_date":1642679581,"question_id":70785766,"content_license":"CC BY-SA 4.0","link":"https://stackoverflow.com/questions/70785766/how-to-iteratively-call-an-api-write-results-to-multiple-csvs-and-combine-them","title":"How to iteratively call an api, write results to multiple CSVs, and combine them into one csv using pandas"},{"tags":["javascript","css","reactjs"],"owner":{"account_id":1006522,"reputation":11830,"user_id":1020139,"user_type":"registered","accept_rate":43,"profile_image":"https://www.gravatar.com/avatar/e6b113d9e9ab23110a4e5b611bcaad61?s=256&d=identicon&r=PG","display_name":"Shuzheng","link":"https://stackoverflow.com/users/1020139/shuzheng"},"is_answered":true,"view_count":2334,"answer_count":5,"score":0,"last_activity_date":1642686654,"creation_date":1642679552,"question_id":70785753,"content_license":"CC BY-SA 4.0","link":"https://stackoverflow.com/questions/70785753/where-to-import-stylesheets-for-components-in-create-react-app-react-js-app","title":"Where to import stylesheets for components in (`create-react-app`) React.js app?"},{"tags":["python"],"owner":{"account_id":20920264,"reputation":57,"user_id":15369052,"user_type":"registered","profile_image":"https://lh6.googleusercontent.com/-r-pZxPmkIgk/AAAAAAAAAAI/AAAAAAAAAAA/AMZuucnuINQxk_4SwDk7-3l327h80iGWMQ/s96-c/photo.jpg?sz=256","display_name":"Mario Fernandez","link":"https://stackoverflow.com/users/15369052/mario-fernandez"},"is_answered":true,"view_count":97,"accepted_answer_id":70786486,"answer_count":2,"score":-1,"last_activity_date":1642682630,"creation_date":1642679547,"question_id":70785750,"content_license":"CC BY-SA 4.0","link":"https://stackoverflow.com/questions/70785750/remove-a-list-of-string-from-a-column-of-list-of-strings","title":"remove a list of string from a column of list of strings"},{"tags":["react-native","axios","fetch-api","fastapi"],"owner":{"account_id":23955386,"reputation":16,"user_id":17946342,"user_type":"registered","profile_image":"https://lh3.googleusercontent.com/a/AATXAJwlBAi067mDVtDcP48733A5DuP2w5TnvwCLNBWt=k-s256","display_name":"Михаил Журин","link":"https://stackoverflow.com/users/17946342/%d0%9c%d0%b8%d1%85%d0%b0%d0%b8%d0%bb-%d0%96%d1%83%d1%80%d0%b8%d0%bd"},"is_answered":true,"view_count":584,"answer_count":1,"score":0,"last_activity_date":1642693327,"creation_date":1642679546,"last_edit_date":1642693327,"question_id":70785749,"content_license":"CC BY-SA 4.0","link":"https://stackoverflow.com/questions/70785749/send-axios-fetch-to-domain-name-and-resending-it-to-api","title":"Send axios fetch to domain name, and resending it to API"},{"tags":["angular"],"owner":{"account_id":12874448,"reputation":45,"user_id":9311643,"user_type":"registered","profile_image":"https://www.gravatar.com/avatar/90ccd4eed92aa6c26d921a6c8e3e2977?s=256&d=identicon&r=PG&f=y&so-version=2","display_name":"Anzar Alim","link":"https://stackoverflow.com/users/9311643/anzar-alim"},"is_answered":false,"view_count":64,"answer_count":0,"score":0,"last_activity_date":1642679504,"creation_date":1642679504,"question_id":70785742,"content_license":"CC BY-SA 4.0","link":"https://stackoverflow.com/questions/70785742/does-using-many-output-in-angular-component-have-any-performance-issue","title":"Does using many @Output in angular component have any performance issue?"},{"tags":["ruby","pdf","ruby-on-rails-5","populate"],"owner":{"account_id":2339843,"reputation":31,"user_id":2051393,"user_type":"registered","accept_rate":60,"profile_image":"https://www.gravatar.com/avatar/9655619740e6f924c440aa3aba494059?s=256&d=identicon&r=PG","display_name":"Yusuf","link":"https://stackoverflow.com/users/2051393/yusuf"},"is_answered":true,"view_count":270,"accepted_answer_id":70789314,"answer_count":1,"score":0,"last_activity_date":1642693901,"creation_date":1642679473,"question_id":70785735,"content_license":"CC BY-SA 4.0","link":"https://stackoverflow.com/questions/70785735/populate-pdf-file-from-database","title":"Populate PDF File from Database"},{"tags":["python"],"owner":{"account_id":23128290,"reputation":1,"user_id":17233774,"user_type":"registered","profile_image":"https://www.gravatar.com/avatar/f2600e72daa0aa23c970f0d91d68ddc6?s=256&d=identicon&r=PG","display_name":"mrcool","link":"https://stackoverflow.com/users/17233774/mrcool"},"is_answered":false,"view_count":60,"answer_count":1,"score":-2,"last_activity_date":1642681760,"creation_date":1642679466,"last_edit_date":1642681495,"question_id":70785733,"content_license":"CC BY-SA 4.0","link":"https://stackoverflow.com/questions/70785733/how-can-i-say-from-this-number-to-this-number-is-acceptable-and-otherwise-unacce","title":"How can I say from this number to this number is acceptable and otherwise unacceptable"},{"tags":["python"],"owner":{"account_id":21058666,"reputation":189,"user_id":15513116,"user_type":"registered","profile_image":"https://lh3.googleusercontent.com/a-/AOh14GgdHWRwmwG_XwC64s5gKrJbmIBa5_xmH9SwEWRiyA=k-s256","display_name":"ryden","link":"https://stackoverflow.com/users/15513116/ryden"},"is_answered":true,"view_count":160,"accepted_answer_id":70786571,"answer_count":5,"score":0,"last_activity_date":1642687022,"creation_date":1642679465,"last_edit_date":1642684026,"question_id":70785732,"content_license":"CC BY-SA 4.0","link":"https://stackoverflow.com/questions/70785732/find-all-34-permutation-using-lists","title":"Find all 3^4 permutation using lists"},{"tags":["ansible","ansible-inventory"],"owner":{"account_id":4572025,"reputation":447,"user_id":3711486,"user_type":"registered","profile_image":"https://i.stack.imgur.com/5jWuS.png?s=256&g=1","display_name":"reisub83","link":"https://stackoverflow.com/users/3711486/reisub83"},"is_answered":true,"view_count":824,"answer_count":1,"score":1,"last_activity_date":1642764304,"creation_date":1642679446,"last_edit_date":1642764304,"question_id":70785728,"content_license":"CC BY-SA 4.0","link":"https://stackoverflow.com/questions/70785728/ansible-ignoring-add-host","title":"Ansible ignoring &quot;add_host&quot;"},{"tags":["html","css","image","browser","object-fit"],"owner":{"account_id":2334028,"reputation":1683,"user_id":2639465,"user_type":"registered","accept_rate":57,"profile_image":"https://www.gravatar.com/avatar/5456636f958175c5622a2297cba4ff9a?s=256&d=identicon&r=PG","display_name":"Janghou","link":"https://stackoverflow.com/users/2639465/janghou"},"is_answered":true,"view_count":994,"answer_count":1,"score":0,"last_activity_date":1642689854,"creation_date":1642679412,"last_edit_date":1642679520,"question_id":70785723,"content_license":"CC BY-SA 4.0","link":"https://stackoverflow.com/questions/70785723/how-to-calculate-the-rendered-dimensions-of-an-image-styled-with-object-fit-con","title":"How to calculate the rendered dimensions of an image styled with object-fit: contain"}],"has_more":true,"quota_max":300,"quota_remaining":221}