{"items":[{"tags":["python","rss"],"owner":{"account_id":24529706,"reputation":11,"user_id":18441729,"user_type":"registered","profile_image":"https://lh3.googleusercontent.com/a/AATXAJxfWg4MPbQiyieop7XRgj2ftk6_wGpvgH4qdcei=k-s256","display_name":"kidon_","link":"https://stackoverflow.com/users/18441729/kidon"},"is_answered":false,"view_count":502,"answer_count":0,"score":0,"last_activity_date":1647377176,"creation_date":1647367166,"last_edit_date":1647377176,"question_id":71486936,"content_license":"CC BY-SA 4.0","link":"https://stackoverflow.com/questions/71486936/parsing-rss-feeds-with-python","title":"Parsing RSS Feeds with Python"},{"tags":["java","groovy"],"owner":{"account_id":2171710,"reputation":968,"user_id":6336312,"user_type":"registered","accept_rate":78,"profile_image":"https://i.stack.imgur.com/nyVsy.jpg?s=256&g=1","display_name":"Simos Sigma","link":"https://stackoverflow.com/users/6336312/simos-sigma"},"is_answered":true,"view_count":35,"accepted_answer_id":71487621,"answer_count":2,"score":1,"last_activity_date":1647370888,"creation_date":1647367136,"question_id":71486929,"content_license":"CC BY-SA 4.0","link":"https://stackoverflow.com/questions/71486929/how-can-i-check-the-given-pattern-into-an-input-dialog","title":"How can I check the given pattern into an input dialog?"},{"tags":["reactjs","compiler-errors"],"owner":{"account_id":24568580,"reputation":21,"user_id":18475376,"user_type":"registered","profile_image":"https://lh3.googleusercontent.com/a/AATXAJwgJ92w2wUaeJAUtDtTCb3reLpWZvuoyc-ePEVV=k-s256","display_name":"alessandro cattaneo","link":"https://stackoverflow.com/users/18475376/alessandro-cattaneo"},"is_answered":true,"view_count":111,"accepted_answer_id":71487119,"answer_count":2,"score":0,"last_activity_date":1649571038,"creation_date":1647367129,"last_edit_date":1647590452,"question_id":71486926,"content_license":"CC BY-SA 4.0","link":"https://stackoverflow.com/questions/71486926/reactjs-warning-each-child-in-a-list-should-have-a-unique-key-prop","title":"Reactjs Warning: Each child in a list should have a unique &quot;key&quot; prop"},{"tags":["c++","boost","c++20"],"owner":{"account_id":100835,"reputation":9753,"user_id":271599,"user_type":"registered","accept_rate":57,"profile_image":"https://www.gravatar.com/avatar/de267f213b375efca5da07890e5efc25?s=256&d=identicon&r=PG","display_name":"dromodel","link":"https://stackoverflow.com/users/271599/dromodel"},"is_answered":false,"view_count":454,"answer_count":0,"score":2,"last_activity_date":1647367125,"creation_date":1647367125,"question_id":71486925,"content_license":"CC BY-SA 4.0","link":"https://stackoverflow.com/questions/71486925/why-do-i-get-linker-errors-with-std-gnu20-but-not-std-c20","title":"Why do I get linker errors with -std=gnu++20 but not -std=c++20?"},{"tags":["python","pandas","dataframe","openpyxl"],"owner":{"account_id":18764496,"reputation":68,"user_id":13682695,"user_type":"registered","profile_image":"https://www.gravatar.com/avatar/dbed237c5a772d0468f9b3008c7964e6?s=256&d=identicon&r=PG&f=y&so-version=2","display_name":"systematical","link":"https://stackoverflow.com/users/13682695/systematical"},"is_answered":true,"view_count":69,"accepted_answer_id":71487628,"answer_count":1,"score":1,"last_activity_date":1647443666,"creation_date":1647367125,"last_edit_date":1647378610,"question_id":71486924,"content_license":"CC BY-SA 4.0","link":"https://stackoverflow.com/questions/71486924/how-can-i-leave-dates-and-merge-non-dates-into-another-column-of-df","title":"How can I leave dates and merge non-dates into another column of df?"},{"tags":["python","c++","networking","websocket","bandwidth"],"owner":{"account_id":24125979,"reputation":1,"user_id":18094301,"user_type":"registered","profile_image":"https://www.gravatar.com/avatar/c53dfefea8e0125da2d3ed7b2d1b4d61?s=256&d=identicon&r=PG","display_name":"olivier","link":"https://stackoverflow.com/users/18094301/olivier"},"is_answered":false,"view_count":113,"answer_count":0,"score":0,"last_activity_date":1647367585,"creation_date":1647367115,"last_edit_date":1647367585,"question_id":71486920,"content_license":"CC BY-SA 4.0","link":"https://stackoverflow.com/questions/71486920/measuring-the-network-usage-of-a-c-websocket","title":"Measuring the network usage of a C++ websocket"},{"tags":["batch-file","recursion","zip","delete-file"],"owner":{"account_id":24568598,"reputation":3,"user_id":18475392,"user_type":"registered","profile_image":"https://lh3.googleusercontent.com/a/AATXAJyxyuFPqFYCGn6ul5UEXghAOWEVT_EmCAZDvSSt=k-s256","display_name":"Mgee","link":"https://stackoverflow.com/users/18475392/mgee"},"is_answered":true,"view_count":333,"accepted_answer_id":71487729,"answer_count":1,"score":0,"last_activity_date":1647371513,"creation_date":1647367114,"last_edit_date":1647370655,"question_id":71486919,"content_license":"CC BY-SA 4.0","link":"https://stackoverflow.com/questions/71486919/from-batch-file-i-need-to-recurse-directories-and-sub-directories-and-unzip-e","title":"From batch file, I Need to recurse directories (and sub directories) and unzip every zip file found into their current directory w/delete of archive"},{"tags":["c#","swift","xamarin.ios","objective-sharpie","xamarin.ios-binding"],"owner":{"account_id":1514004,"reputation":865,"user_id":1415454,"user_type":"registered","accept_rate":67,"profile_image":"https://www.gravatar.com/avatar/6ff55239f069e204b22596b14e1e63e6?s=256&d=identicon&r=PG","display_name":"Chris Simeone","link":"https://stackoverflow.com/users/1415454/chris-simeone"},"is_answered":false,"view_count":459,"answer_count":1,"score":0,"last_activity_date":1655778493,"creation_date":1647367107,"question_id":71486915,"content_license":"CC BY-SA 4.0","link":"https://stackoverflow.com/questions/71486915/how-do-i-get-objective-sharpie-to-recognize-framework-dependency-header-paths","title":"How do I get Objective Sharpie to recognize framework dependency header paths?"},{"tags":["node.js","angular","crud","mean","express-jwt"],"owner":{"account_id":17204766,"reputation":15,"user_id":12455575,"user_type":"registered","profile_image":"https://www.gravatar.com/avatar/51638975857b5f1bd4bfc37db24c7c75?s=256&d=identicon&r=PG&f=y&so-version=2","display_name":"fishflow","link":"https://stackoverflow.com/users/12455575/fishflow"},"is_answered":false,"view_count":80,"answer_count":1,"score":0,"last_activity_date":1647367694,"creation_date":1647367094,"question_id":71486913,"content_license":"CC BY-SA 4.0","link":"https://stackoverflow.com/questions/71486913/mean-stack-crud-with-jwt-session-token","title":"Mean Stack CRUD with JWT session token"},{"tags":["android","google-maps","accessibility","google-maps-markers"],"owner":{"account_id":19608253,"reputation":21,"user_id":14351373,"user_type":"registered","profile_image":"https://lh5.googleusercontent.com/-sj0P3mHwl5U/AAAAAAAAAAI/AAAAAAAAAEU/AMZuucnlaMuSEs79fgpFxj9KHuCh4tZw2g/photo.jpg?sz=256","display_name":"atharva tandon","link":"https://stackoverflow.com/users/14351373/atharva-tandon"},"is_answered":false,"view_count":275,"answer_count":0,"score":1,"last_activity_date":1647411308,"creation_date":1647367090,"last_edit_date":1647411308,"question_id":71486912,"content_license":"CC BY-SA 4.0","link":"https://stackoverflow.com/questions/71486912/accessibility-implementation-for-google-maps-marker-in-android-kotlin","title":"Accessibility implementation for Google Maps Marker in Android Kotlin"},{"tags":["c#","algorithm","sorting","mergesort"],"owner":{"account_id":17183073,"reputation":380,"user_id":12438210,"user_type":"registered","profile_image":"https://www.gravatar.com/avatar/63f69f1633392dc9e0969223f0511069?s=256&d=identicon&r=PG&f=y&so-version=2","display_name":"lance2k","link":"https://stackoverflow.com/users/12438210/lance2k"},"is_answered":true,"view_count":568,"accepted_answer_id":71487010,"answer_count":1,"score":0,"last_activity_date":1660027705,"creation_date":1647367078,"last_edit_date":1660027705,"question_id":71486909,"content_license":"CC BY-SA 4.0","link":"https://stackoverflow.com/questions/71486909/how-to-implement-merge-sort-on-characters-string-input-in-c","title":"How to implement merge sort on characters/string input in C#?"},{"tags":["ruby-on-rails","ruby","docker","docker-compose"],"owner":{"account_id":5226024,"reputation":153,"user_id":4178050,"user_type":"registered","profile_image":"https://www.gravatar.com/avatar/b892e91654e2d8ed0d486d316ba29d67?s=256&d=identicon&r=PG&f=y&so-version=2","display_name":"itinneed","link":"https://stackoverflow.com/users/4178050/itinneed"},"is_answered":false,"view_count":82,"answer_count":0,"score":0,"last_activity_date":1647367072,"creation_date":1647367072,"question_id":71486906,"content_license":"CC BY-SA 4.0","link":"https://stackoverflow.com/questions/71486906/run-rails-query-against-a-docker-container","title":"Run rails query against a docker container"},{"tags":["python","wget"],"owner":{"account_id":22560838,"reputation":21,"user_id":18475417,"user_type":"registered","profile_image":"https://www.gravatar.com/avatar/bdfb8941faeb2bd0448562a80ddf6e22?s=256&d=identicon&r=PG&f=y&so-version=2","display_name":"Obsidian Order","link":"https://stackoverflow.com/users/18475417/obsidian-order"},"is_answered":false,"view_count":1470,"answer_count":2,"score":0,"last_activity_date":1647426404,"creation_date":1647367071,"last_edit_date":1647367394,"question_id":71486905,"content_license":"CC BY-SA 4.0","link":"https://stackoverflow.com/questions/71486905/how-can-i-download-all-files-in-a-web-directory-using-python","title":"How can I download all files in a web directory using python?"},{"tags":["java","html","jsp"],"owner":{"account_id":13643877,"reputation":19,"user_id":9843355,"user_type":"registered","profile_image":"https://lh3.googleusercontent.com/a-/AOh14GgzzWnvSvSxvN_r-rTuLE_Eou42CKXliw9eA6O1XA=k-s256","display_name":"Elec Hill","link":"https://stackoverflow.com/users/9843355/elec-hill"},"is_answered":true,"view_count":845,"answer_count":2,"score":0,"last_activity_date":1647406257,"creation_date":1647367040,"question_id":71486897,"content_license":"CC BY-SA 4.0","link":"https://stackoverflow.com/questions/71486897/best-way-to-embed-java-code-into-an-html-file","title":"Best way to embed java code into an html file?"},{"tags":["java","model-view-controller","transactions","transactionmanager"],"owner":{"account_id":9673431,"reputation":893,"user_id":7177688,"user_type":"registered","profile_image":"https://www.gravatar.com/avatar/19a22066833c15d01eb3276f664b4282?s=256&d=identicon&r=PG&f=y&so-version=2","display_name":"Wippo","link":"https://stackoverflow.com/users/7177688/wippo"},"is_answered":true,"view_count":249,"accepted_answer_id":71729324,"answer_count":1,"score":1,"last_activity_date":1649015268,"creation_date":1647367024,"question_id":71486893,"content_license":"CC BY-SA 4.0","link":"https://stackoverflow.com/questions/71486893/how-to-implement-transaction-manager-for-multiple-dao","title":"How to implement Transaction Manager for multiple Dao"},{"tags":["ruby-on-rails","ruby","rubygems","ruby-on-rails-5","tzinfo"],"owner":{"account_id":9426721,"reputation":43,"user_id":7011426,"user_type":"registered","profile_image":"https://www.gravatar.com/avatar/e1cd30828fa6a9649cffeaa1de095f6c?s=256&d=identicon&r=PG&f=y&so-version=2","display_name":"Pappeh","link":"https://stackoverflow.com/users/7011426/pappeh"},"is_answered":true,"view_count":1673,"answer_count":2,"score":3,"last_activity_date":1648504465,"creation_date":1647367007,"last_edit_date":1648504465,"question_id":71486891,"content_license":"CC BY-SA 4.0","link":"https://stackoverflow.com/questions/71486891/tzinfo-data-present-but-not-seen","title":"tzinfo-data present but not seen?"},{"tags":["pytorch","tensor"],"owner":{"account_id":24064205,"reputation":87,"user_id":18144503,"user_type":"registered","profile_image":"https://www.gravatar.com/avatar/ef903ff02d3476b581d472b5f2feef65?s=256&d=identicon&r=PG","display_name":"corp","link":"https://stackoverflow.com/users/18144503/corp"},"is_answered":true,"view_count":5795,"accepted_answer_id":71574507,"answer_count":1,"score":3,"last_activity_date":1702740013,"creation_date":1647366983,"last_edit_date":1647881366,"question_id":71486886,"content_license":"CC BY-SA 4.0","link":"https://stackoverflow.com/questions/71486886/batched-input-shows-3d-but-got-2d-2d-tensor","title":"Batched input shows 3d, but got 2d, 2d tensor"},{"tags":["reactjs"],"owner":{"account_id":24097158,"reputation":78,"user_id":18069487,"user_type":"registered","profile_image":"https://lh3.googleusercontent.com/a/AATXAJy63ClygQdtveJBAN_bGNt45i9EEbH7vEsWPoxz=k-s256","display_name":"Kevin.","link":"https://stackoverflow.com/users/18069487/kevin"},"is_answered":true,"view_count":175,"accepted_answer_id":71486990,"answer_count":2,"score":1,"last_activity_date":1660768109,"creation_date":1647366949,"question_id":71486879,"content_license":"CC BY-SA 4.0","link":"https://stackoverflow.com/questions/71486879/how-to-added-text-to-specific-mapped-element","title":"How to added text to specific mapped element?"},{"tags":["node.js","mongodb","express","mongoose"],"owner":{"user_type":"does_not_exist","display_name":"user13544979"},"is_answered":true,"view_count":80,"accepted_answer_id":71487337,"answer_count":1,"score":0,"last_activity_date":1647369264,"creation_date":1647366941,"last_edit_date":1647367283,"question_id":71486878,"content_license":"CC BY-SA 4.0","link":"https://stackoverflow.com/questions/71486878/how-to-find-with-a-condition","title":"How to find with a condition?"},{"tags":["xcode","macos","apple-m1","iterm"],"owner":{"account_id":13171029,"reputation":1544,"user_id":9513421,"user_type":"registered","profile_image":"https://www.gravatar.com/avatar/492c05ca2d255bb4949c3f15bd6b93fb?s=256&d=identicon&r=PG","display_name":"Victor Orlyk","link":"https://stackoverflow.com/users/9513421/victor-orlyk"},"is_answered":true,"view_count":12912,"answer_count":5,"score":55,"last_activity_date":1652509620,"creation_date":1647366940,"question_id":71486877,"content_license":"CC BY-SA 4.0","link":"https://stackoverflow.com/questions/71486877/when-launching-terminal-macos-get-error-class-atcrtrestoreinfoftabsubfile-is-imp","title":"when launching terminal macos get error Class ATCRTRestoreInfoFTABSubfile is implemented in both"},{"tags":["mysql","sql","aggregate-functions","window-functions"],"owner":{"account_id":23533475,"reputation":33,"user_id":17578745,"user_type":"registered","profile_image":"https://www.gravatar.com/avatar/f5d20be7c9a8e7c8045559d3e4ee9cad?s=256&d=identicon&r=PG&f=y&so-version=2","display_name":"TintinSnowy","link":"https://stackoverflow.com/users/17578745/tintinsnowy"},"is_answered":true,"view_count":293,"accepted_answer_id":71487086,"answer_count":1,"score":-1,"last_activity_date":1647423459,"creation_date":1647366914,"last_edit_date":1647423459,"question_id":71486872,"content_license":"CC BY-SA 4.0","link":"https://stackoverflow.com/questions/71486872/concatenating-students-on-basis-of-score-in-mysql","title":"Concatenating students on basis of score in MySQL"},{"tags":["python","django-views","django-templates"],"owner":{"user_type":"does_not_exist","display_name":"user18451561"},"is_answered":true,"view_count":610,"accepted_answer_id":71487292,"answer_count":1,"score":1,"last_activity_date":1647369024,"creation_date":1647366877,"question_id":71486865,"content_license":"CC BY-SA 4.0","link":"https://stackoverflow.com/questions/71486865/why-does-it-shows-view-as-view-takes-1-positional-argument-but-2-were-given","title":"Why does it shows View.as_view() takes 1 positional argument but 2 were given"},{"tags":["c++","boost","boost-graph"],"owner":{"account_id":5316235,"reputation":3853,"user_id":10576494,"user_type":"registered","profile_image":"https://i.stack.imgur.com/I8f5Y.jpg?s=256&g=1","display_name":"Elad Maimoni","link":"https://stackoverflow.com/users/10576494/elad-maimoni"},"is_answered":true,"view_count":131,"accepted_answer_id":71487375,"answer_count":1,"score":1,"last_activity_date":1647387324,"creation_date":1647366874,"last_edit_date":1647387324,"question_id":71486864,"content_license":"CC BY-SA 4.0","link":"https://stackoverflow.com/questions/71486864/boostgraph-how-to-remove-in-edges-of-a-previously-removed-vertex","title":"boost::graph: How to remove in-edges of a previously removed vertex?"},{"tags":["r","join","fuzzyjoin"],"owner":{"account_id":15858401,"reputation":61,"user_id":11442195,"user_type":"registered","profile_image":"https://www.gravatar.com/avatar/a71f8f48ecedf8d8ed1ab82a77f5b912?s=256&d=identicon&r=PG&f=y&so-version=2","display_name":"thetimidshrew","link":"https://stackoverflow.com/users/11442195/thetimidshrew"},"is_answered":true,"view_count":211,"accepted_answer_id":71486972,"answer_count":1,"score":4,"last_activity_date":1647367408,"creation_date":1647366872,"last_edit_date":1647367003,"question_id":71486862,"content_license":"CC BY-SA 4.0","link":"https://stackoverflow.com/questions/71486862/return-multiple-possible-matches-when-fuzzy-joining-two-dataframes-or-vectors-in","title":"Return multiple possible matches when fuzzy joining two dataframes or vectors in R if they share a word in common"},{"tags":["javascript","json"],"owner":{"user_type":"does_not_exist","display_name":"user17151862"},"is_answered":false,"view_count":344,"answer_count":1,"score":0,"last_activity_date":1647367673,"creation_date":1647366861,"last_edit_date":1647367243,"question_id":71486857,"content_license":"CC BY-SA 4.0","link":"https://stackoverflow.com/questions/71486857/get-value-of-second-data-which-has-the-same-name-as-first-data-with-javascript","title":"get value of second data which has the same name as first data with javascript"},{"tags":["snowflake-cloud-data-platform"],"owner":{"account_id":15380507,"reputation":121,"user_id":11096054,"user_type":"registered","profile_image":"https://graph.facebook.com/10153217017626845/picture?type=large","display_name":"Amir Harari","link":"https://stackoverflow.com/users/11096054/amir-harari"},"is_answered":true,"view_count":2696,"answer_count":2,"score":2,"last_activity_date":1658744077,"creation_date":1647366854,"question_id":71486852,"content_license":"CC BY-SA 4.0","link":"https://stackoverflow.com/questions/71486852/full-table-scan-in-snowflake-when-using-order-by-and-limit-by-cluster-key","title":"full table scan in snowflake when using order by and limit by cluster key"},{"tags":["azure-logic-apps"],"owner":{"account_id":22682747,"reputation":155,"user_id":16852890,"user_type":"registered","profile_image":"https://www.gravatar.com/avatar/342ae1a027bada93569b17640bddbf80?s=256&d=identicon&r=PG&f=y&so-version=2","display_name":"tommyhmt","link":"https://stackoverflow.com/users/16852890/tommyhmt"},"is_answered":true,"view_count":692,"accepted_answer_id":71487237,"answer_count":1,"score":0,"last_activity_date":1647370876,"creation_date":1647366844,"last_edit_date":1647370876,"question_id":71486851,"content_license":"CC BY-SA 4.0","link":"https://stackoverflow.com/questions/71486851/ignore-first-and-last-records-using-logicapp","title":"Ignore first and last records using LogicApp"},{"tags":["javascript","html","dom","web-component"],"owner":{"account_id":17827002,"reputation":1247,"user_id":12947970,"user_type":"registered","profile_image":"https://i.stack.imgur.com/BxMLO.jpg?s=256&g=1","display_name":"David Min","link":"https://stackoverflow.com/users/12947970/david-min"},"is_answered":true,"view_count":1825,"accepted_answer_id":71503259,"answer_count":2,"score":1,"last_activity_date":1699435174,"creation_date":1647366843,"last_edit_date":1647458845,"question_id":71486850,"content_license":"CC BY-SA 4.0","link":"https://stackoverflow.com/questions/71486850/how-does-a-child-element-access-custom-web-component-class-functions-and-vars","title":"How does a child element access custom web component class functions and vars?"},{"tags":["powerbi","podio"],"owner":{"account_id":19856337,"reputation":11,"user_id":14545709,"user_type":"registered","profile_image":"https://www.gravatar.com/avatar/155e441b9c68ef099ebe849f74a42412?s=256&d=identicon&r=PG&f=y&so-version=2","display_name":"Jefferson Daniel","link":"https://stackoverflow.com/users/14545709/jefferson-daniel"},"is_answered":false,"view_count":280,"answer_count":2,"score":0,"last_activity_date":1650489581,"creation_date":1647366817,"last_edit_date":1647368280,"question_id":71486846,"content_license":"CC BY-SA 4.0","link":"https://stackoverflow.com/questions/71486846/podio-power-bi","title":"Podio &amp; Power BI"},{"tags":["gradle","maven-publish"],"owner":{"account_id":1083641,"reputation":2184,"user_id":1083697,"user_type":"registered","accept_rate":67,"profile_image":"https://www.gravatar.com/avatar/38016b5caf736ce69755c8abcf2d2cdf?s=256&d=identicon&r=PG","display_name":"andrybak","link":"https://stackoverflow.com/users/1083697/andrybak"},"is_answered":false,"view_count":453,"answer_count":1,"score":0,"last_activity_date":1647368795,"creation_date":1647366808,"question_id":71486844,"content_license":"CC BY-SA 4.0","link":"https://stackoverflow.com/questions/71486844/how-to-debug-custom-mavenpublication-in-gradle","title":"How to debug custom MavenPublication in Gradle?"}],"has_more":true,"quota_max":300,"quota_remaining":176}