{"items":[{"tags":["c#",".net","botframework","azure-bot-service","bot-framework-composer"],"owner":{"account_id":24732731,"reputation":1,"user_id":18620511,"user_type":"registered","profile_image":"https://www.gravatar.com/avatar/43bd486e49c58387ee644a4f35f2ba48?s=256&d=identicon&r=PG","display_name":"martian481","link":"https://stackoverflow.com/users/18620511/martian481"},"is_answered":false,"view_count":183,"answer_count":1,"score":-1,"last_activity_date":1649850615,"creation_date":1649656799,"question_id":71823262,"content_license":"CC BY-SA 4.0","link":"https://stackoverflow.com/questions/71823262/facing-401-issue-after-publish-a-skill-merged-bot-in-azure","title":"Facing 401 issue after publish a skill merged bot in azure"},{"tags":["python","django","postgresql","asynchronous","sqlalchemy"],"owner":{"account_id":4017312,"reputation":73,"user_id":3308907,"user_type":"registered","profile_image":"https://www.gravatar.com/avatar/0093623a77860e7d68644571e89a74d0?s=256&d=identicon&r=PG&f=y&so-version=2","display_name":"enots227","link":"https://stackoverflow.com/users/3308907/enots227"},"is_answered":false,"view_count":1501,"answer_count":0,"score":1,"last_activity_date":1649656778,"creation_date":1649656778,"question_id":71823258,"content_license":"CC BY-SA 4.0","link":"https://stackoverflow.com/questions/71823258/how-to-implement-sqlalchemy-postgres-async-driver-in-a-django-project","title":"How to implement SQLAlchemy Postgres async driver in a Django project?"},{"tags":["django","nginx","gunicorn"],"owner":{"account_id":24896893,"reputation":21,"user_id":18768046,"user_type":"registered","profile_image":"https://lh3.googleusercontent.com/a/AATXAJwAb5ayhO7eDzqdvSZIvMtkVa0m-3SPud_-rrM9=k-s256","display_name":"hari prasanth","link":"https://stackoverflow.com/users/18768046/hari-prasanth"},"is_answered":true,"view_count":1764,"accepted_answer_id":71921696,"answer_count":1,"score":0,"last_activity_date":1650356181,"creation_date":1649656763,"question_id":71823255,"content_license":"CC BY-SA 4.0","link":"https://stackoverflow.com/questions/71823255/gunicorn-error-unrecognized-arguments-wsgiapplication","title":"Gunicorn error: unrecognized arguments wsgi:application"},{"tags":["java","kotlin","gradle"],"owner":{"account_id":17756216,"reputation":56,"user_id":12893263,"user_type":"registered","profile_image":"https://lh6.googleusercontent.com/-woOdqW2Yons/AAAAAAAAAAI/AAAAAAAAAAA/ACHi3rfMydjFg26KId8SATT0RqYGhP3HJA/photo.jpg?sz=256","display_name":"Daniel Perez","link":"https://stackoverflow.com/users/12893263/daniel-perez"},"is_answered":false,"view_count":260,"answer_count":0,"score":0,"last_activity_date":1649656744,"creation_date":1649656744,"question_id":71823252,"content_license":"CC BY-SA 4.0","link":"https://stackoverflow.com/questions/71823252/how-can-i-use-gradle-to-configure-different-environments-using-a-shared-source-s","title":"How can I use Gradle to configure different environments using a shared source set(main)?"},{"tags":["sql","regex","string","amazon-redshift","regexp-replace"],"owner":{"account_id":19935825,"reputation":762,"user_id":14608529,"user_type":"registered","profile_image":"https://lh6.googleusercontent.com/-om1dTKdA180/AAAAAAAAAAI/AAAAAAAAAAA/AMZuuck3ESmzm_mNeNrzmUllM6Sl0upKWQ/s96-c/photo.jpg?sz=256","display_name":"Ricardo Francois","link":"https://stackoverflow.com/users/14608529/ricardo-francois"},"is_answered":true,"view_count":383,"accepted_answer_id":71853453,"answer_count":2,"score":1,"last_activity_date":1650110341,"creation_date":1649656705,"last_edit_date":1650110341,"question_id":71823248,"content_license":"CC BY-SA 4.0","link":"https://stackoverflow.com/questions/71823248/how-to-strip-ending-date-from-string-using-regex-sql","title":"How to strip ending date from string using Regex? - SQL"},{"tags":["spring-jms"],"owner":{"account_id":2212690,"reputation":1871,"user_id":1954070,"user_type":"registered","accept_rate":100,"profile_image":"https://i.stack.imgur.com/n944G.jpg?s=256&g=1","display_name":"Ninad","link":"https://stackoverflow.com/users/1954070/ninad"},"is_answered":true,"view_count":131,"accepted_answer_id":71829055,"answer_count":1,"score":0,"last_activity_date":1649692681,"creation_date":1649656682,"last_edit_date":1649692681,"question_id":71823246,"content_license":"CC BY-SA 4.0","link":"https://stackoverflow.com/questions/71823246/can-we-access-getconcurrentconsumers-method-while-using-jmslistener-mechanism","title":"Can we access getConcurrentConsumers method while using @JmsListener Mechanism"},{"tags":["php","laravel","vue.js","eloquent"],"owner":{"account_id":10923195,"reputation":357,"user_id":10249502,"user_type":"registered","profile_image":"https://www.gravatar.com/avatar/70b1e2272d95abd97a8c3b3e2816fa96?s=256&d=identicon&r=PG&f=y&so-version=2","display_name":"Volka Dimitrev","link":"https://stackoverflow.com/users/10249502/volka-dimitrev"},"is_answered":false,"view_count":55,"answer_count":1,"score":1,"last_activity_date":1649683339,"creation_date":1649656669,"last_edit_date":1649657688,"question_id":71823244,"content_license":"CC BY-SA 4.0","link":"https://stackoverflow.com/questions/71823244/laravel-select-not-working-properly-inside-the-with","title":"Laravel select not working properly inside the &quot;WITH&quot;"},{"tags":["flutter"],"owner":{"account_id":15539009,"reputation":424,"user_id":16779388,"user_type":"registered","profile_image":"https://i.stack.imgur.com/GuifW.jpg?s=256&g=1","display_name":"Morteza Mohammadi","link":"https://stackoverflow.com/users/16779388/morteza-mohammadi"},"is_answered":true,"view_count":1153,"answer_count":3,"score":5,"last_activity_date":1684742258,"creation_date":1649656621,"question_id":71823242,"content_license":"CC BY-SA 4.0","link":"https://stackoverflow.com/questions/71823242/flutter-how-to-implement-multiline-underlined-textfield","title":"Flutter - How to implement multiline underlined TextField"},{"tags":["azure","visual-studio-code","triggers","azure-functions","azure-blob-storage"],"owner":{"account_id":10811166,"reputation":514,"user_id":7951709,"user_type":"registered","profile_image":"https://i.stack.imgur.com/pTg61.png?s=256&g=1","display_name":"Sulphur","link":"https://stackoverflow.com/users/7951709/sulphur"},"is_answered":false,"view_count":597,"answer_count":0,"score":0,"last_activity_date":1649656952,"creation_date":1649656464,"last_edit_date":1649656952,"question_id":71823227,"content_license":"CC BY-SA 4.0","link":"https://stackoverflow.com/questions/71823227/how-to-debug-a-blob-triggered-azure-function-on-vscode-without-it-re-running-on","title":"How to debug a blob triggered azure function on VScode without it re-running on all the existing blobs"},{"tags":["sql","sql-server","t-sql","sql-update"],"owner":{"account_id":24896972,"reputation":1,"user_id":18768116,"user_type":"registered","profile_image":"https://www.gravatar.com/avatar/a6424bd5dfa225713c4fa617eac19ea7?s=256&d=identicon&r=PG","display_name":"McJeff123","link":"https://stackoverflow.com/users/18768116/mcjeff123"},"is_answered":true,"view_count":959,"answer_count":2,"score":0,"last_activity_date":1649659207,"creation_date":1649656453,"last_edit_date":1649657701,"question_id":71823224,"content_license":"CC BY-SA 4.0","link":"https://stackoverflow.com/questions/71823224/sql-update-when-source-column-is-not-blank","title":"SQL - Update when source column is not blank"},{"tags":["java","maven","gradle","spring-boot-maven-plugin"],"owner":{"account_id":22446391,"reputation":1,"user_id":16650255,"user_type":"registered","profile_image":"https://lh3.googleusercontent.com/a/AATXAJzLDmbTQOZ1uALV8yS90FcN8A7QSosFRNdXpHNE=k-s256","display_name":"Mr.Huge","link":"https://stackoverflow.com/users/16650255/mr-huge"},"is_answered":false,"view_count":58,"answer_count":0,"score":0,"last_activity_date":1649656412,"creation_date":1649656412,"question_id":71823219,"content_license":"CC BY-SA 4.0","link":"https://stackoverflow.com/questions/71823219/how-to-merge-gradle-and-maven-project-into-one-app-in-spring-boot-using-their-ap","title":"How to merge Gradle and Maven Project into one app in spring boot using their application properties?"},{"tags":["php","laravel"],"owner":{"account_id":3825540,"reputation":3237,"user_id":3200391,"user_type":"registered","accept_rate":84,"profile_image":"https://www.gravatar.com/avatar/dc8c798b0aaf54577e388f7bc177093c?s=256&d=identicon&r=PG","display_name":"Charles Smith","link":"https://stackoverflow.com/users/3200391/charles-smith"},"is_answered":true,"view_count":536,"answer_count":1,"score":1,"last_activity_date":1649692269,"creation_date":1649656362,"question_id":71823213,"content_license":"CC BY-SA 4.0","link":"https://stackoverflow.com/questions/71823213/files-not-saving-to-laravel-9-public-directory","title":"Files Not Saving to Laravel 9 Public Directory"},{"tags":["typescript","next.js"],"owner":{"account_id":24896645,"reputation":41,"user_id":18767822,"user_type":"registered","profile_image":"https://lh3.googleusercontent.com/a/AATXAJwn0WgyO0hZiT2CjVNYNRRYygzYQm_43QSWwt0C=k-s256","display_name":"ATRIIX -_-","link":"https://stackoverflow.com/users/18767822/atriix"},"is_answered":false,"view_count":1688,"answer_count":0,"score":0,"last_activity_date":1649656358,"creation_date":1649656358,"question_id":71823212,"content_license":"CC BY-SA 4.0","link":"https://stackoverflow.com/questions/71823212/how-to-use-background-music-in-nextjs","title":"How to use background music in NextJS"},{"tags":["docker"],"owner":{"account_id":6909281,"reputation":43755,"user_id":5783745,"user_type":"registered","accept_rate":40,"profile_image":"https://i.stack.imgur.com/Z5VSF.jpg?s=256&g=1","display_name":"stevec","link":"https://stackoverflow.com/users/5783745/stevec"},"is_answered":false,"view_count":62,"closed_date":1649669949,"answer_count":0,"score":0,"last_activity_date":1649656651,"creation_date":1649656348,"last_edit_date":1649656651,"question_id":71823211,"link":"https://stackoverflow.com/questions/71823211/interactive-debugger-for-inside-docker-container","closed_reason":"Duplicate","title":"Interactive debugger for inside docker container?"},{"tags":["java","cucumber","picocontainer"],"owner":{"account_id":16918250,"reputation":85,"user_id":12235678,"user_type":"registered","profile_image":"https://i.stack.imgur.com/gay3Y.png?s=256&g=1","display_name":"Niks","link":"https://stackoverflow.com/users/12235678/niks"},"is_answered":false,"view_count":270,"answer_count":0,"score":0,"last_activity_date":1649671888,"creation_date":1649656329,"last_edit_date":1649671888,"question_id":71823206,"content_license":"CC BY-SA 4.0","link":"https://stackoverflow.com/questions/71823206/picocontainer-selenium-junit-runner-does-not-run-more-than-1-feature-file-whe","title":"PicoContainer, Selenium Junit : Runner does not run more than 1 feature file when we pass webdriver as static in cucumber Bdd framework"},{"tags":["automation","remedy"],"owner":{"account_id":14214280,"reputation":527,"user_id":10268617,"user_type":"registered","profile_image":"https://www.gravatar.com/avatar/f5cb5485bbfdc3cfbb929b2d9479bb19?s=256&d=identicon&r=PG&f=y&so-version=2","display_name":"Parthiban","link":"https://stackoverflow.com/users/10268617/parthiban"},"is_answered":false,"view_count":1169,"answer_count":1,"score":-1,"last_activity_date":1686853252,"creation_date":1649656306,"last_edit_date":1686853252,"question_id":71823204,"content_license":"CC BY-SA 4.0","link":"https://stackoverflow.com/questions/71823204/creating-remedy-tickets-through-api","title":"Creating Remedy tickets through API"},{"tags":["flutter","localization","internationalization","bloc","cubit"],"owner":{"account_id":13501255,"reputation":2041,"user_id":9740621,"user_type":"registered","profile_image":"https://i.stack.imgur.com/jNzfb.jpg?s=256&g=1","display_name":"Taleb","link":"https://stackoverflow.com/users/9740621/taleb"},"is_answered":true,"view_count":2465,"accepted_answer_id":71887548,"answer_count":2,"score":12,"last_activity_date":1672864320,"creation_date":1649656263,"last_edit_date":1649685665,"question_id":71823200,"content_license":"CC BY-SA 4.0","link":"https://stackoverflow.com/questions/71823200/how-to-use-flutter-internationalization-inside-bloc-cubit-and-repositories-for","title":"How to use flutter internationalization inside BLOC, Cubit And Repositories for translate messages?"},{"tags":["rust"],"owner":{"account_id":2537309,"reputation":570,"user_id":2204048,"user_type":"registered","profile_image":"https://www.gravatar.com/avatar/dccdfcfc45fd5239158a4bf3a0726804?s=256&d=identicon&r=PG","display_name":"Developer","link":"https://stackoverflow.com/users/2204048/developer"},"is_answered":true,"view_count":133,"answer_count":1,"score":2,"last_activity_date":1650542654,"creation_date":1649656253,"question_id":71823199,"content_license":"CC BY-SA 4.0","link":"https://stackoverflow.com/questions/71823199/why-does-match-will-not-release-the-mutable-borrow-until-end-of-its-expression","title":"Why does match will not release the mutable borrow until end of it&#39;s expression?"},{"tags":["python","mysql","django","pip","windows-subsystem-for-linux"],"owner":{"account_id":20499454,"reputation":117,"user_id":15043686,"user_type":"registered","profile_image":"https://www.gravatar.com/avatar/5617050a73fc2e3d3e918d73fa3a16c0?s=256&d=identicon&r=PG&f=y&so-version=2","display_name":"Damian","link":"https://stackoverflow.com/users/15043686/damian"},"is_answered":true,"view_count":1971,"closed_date":1649679391,"answer_count":1,"score":0,"last_activity_date":1660747026,"creation_date":1649656235,"last_edit_date":1649662301,"question_id":71823197,"link":"https://stackoverflow.com/questions/71823197/error-while-install-mysqlclient-in-ubuntu-20-04-wsl","closed_reason":"Duplicate","title":"Error while install mysqlclient in Ubuntu 20.04 (WSL)"},{"tags":["postgresql","f#","type-providers"],"owner":{"account_id":261024,"reputation":17190,"user_id":544947,"user_type":"registered","accept_rate":53,"profile_image":"https://www.gravatar.com/avatar/125e1b6d250e0529d33d3822c3787b07?s=256&d=identicon&r=PG","display_name":"knocte","link":"https://stackoverflow.com/users/544947/knocte"},"is_answered":true,"view_count":99,"accepted_answer_id":71884749,"answer_count":1,"score":1,"last_activity_date":1650031509,"creation_date":1649656214,"last_edit_date":1649725132,"question_id":71823195,"content_license":"CC BY-SA 4.0","link":"https://stackoverflow.com/questions/71823195/f-sqlprovider-system-exception-error-you-cannot-update-an-entity-that-does","title":"F# SqlProvider: System.Exception: Error - you cannot update an entity that does not have a primary key. (public.users)"},{"tags":["azure","powershell","devops","single-quotes","azure-nsg"],"owner":{"account_id":20261792,"reputation":1,"user_id":14859982,"user_type":"registered","profile_image":"https://lh3.googleusercontent.com/a-/AOh14Gir0WSKAjBqcGqmP-SpvQZ4PI9Sywzxjy1RmhEATQ=k-s256","display_name":"Moritz Mann","link":"https://stackoverflow.com/users/14859982/moritz-mann"},"is_answered":false,"view_count":212,"answer_count":1,"score":0,"last_activity_date":1649980928,"creation_date":1649656191,"question_id":71823193,"content_license":"CC BY-SA 4.0","link":"https://stackoverflow.com/questions/71823193/create-nsg-arm-template-from-csv-via-azure-powershell","title":"Create NSG ARM Template from CSV via Azure PowerShell"},{"tags":["asp.net-core","asp.net-identity"],"owner":{"account_id":16819239,"reputation":15,"user_id":12160146,"user_type":"registered","profile_image":"https://lh3.googleusercontent.com/a-/AAuE7mAZo5J4R8MPur-ujNL91_e-rcRCxeOQmIQFovB6SA=k-s256","display_name":"Dawood Jamil","link":"https://stackoverflow.com/users/12160146/dawood-jamil"},"is_answered":false,"view_count":663,"answer_count":1,"score":0,"last_activity_date":1649658969,"creation_date":1649656145,"last_edit_date":1649658227,"question_id":71823189,"content_license":"CC BY-SA 4.0","link":"https://stackoverflow.com/questions/71823189/redirect-to-action-not-working-after-login-asp-net-core-identity-net-5","title":"Redirect To Action Not Working after login ASP.NET Core Identity (.Net 5)"},{"tags":["azure","kubernetes","azure-aks"],"owner":{"account_id":12949293,"reputation":13,"user_id":9362607,"user_type":"registered","profile_image":"https://i.stack.imgur.com/wkV2e.jpg?s=256&g=1","display_name":"SUKUNA","link":"https://stackoverflow.com/users/9362607/sukuna"},"is_answered":true,"view_count":105,"accepted_answer_id":71852005,"answer_count":1,"score":0,"last_activity_date":1649854298,"creation_date":1649656048,"question_id":71823177,"content_license":"CC BY-SA 4.0","link":"https://stackoverflow.com/questions/71823177/is-container-insight-namespace-supported-for-aks-cluster-in-azure-gov-cloud","title":"Is &#39;container.insight&#39; namespace supported for AKS cluster in azure gov cloud?"},{"tags":["javascript","node.js","arrays","nest"],"owner":{"account_id":8357961,"reputation":460,"user_id":6277478,"user_type":"registered","profile_image":"https://www.gravatar.com/avatar/2ad2a9cd444389740893f5aea0874574?s=256&d=identicon&r=PG&f=y&so-version=2","display_name":"Rabbani_","link":"https://stackoverflow.com/users/6277478/rabbani"},"is_answered":false,"view_count":880,"answer_count":4,"score":0,"last_activity_date":1649662715,"creation_date":1649656009,"last_edit_date":1649656832,"question_id":71823174,"content_license":"CC BY-SA 4.0","link":"https://stackoverflow.com/questions/71823174/need-to-filter-data-date-wise","title":"Need to filter data date wise"},{"tags":["python","python-3.x","dictionary"],"owner":{"account_id":17076937,"reputation":189,"user_id":13170612,"user_type":"registered","profile_image":"https://www.gravatar.com/avatar/e84364c95f670663f5a1ed229501286d?s=256&d=identicon&r=PG&f=y&so-version=2","display_name":"Benn","link":"https://stackoverflow.com/users/13170612/benn"},"is_answered":true,"view_count":592,"accepted_answer_id":71823327,"answer_count":3,"score":0,"last_activity_date":1649657605,"creation_date":1649656002,"question_id":71823173,"content_license":"CC BY-SA 4.0","link":"https://stackoverflow.com/questions/71823173/python-convert-a-table-from-text-file-to-dictionary","title":"Python - Convert a table from text file to dictionary"},{"tags":["algorithm"],"owner":{"account_id":13807736,"reputation":43,"user_id":9966182,"user_type":"registered","profile_image":"https://www.gravatar.com/avatar/f61820043231de1df6eabd04c283b0ce?s=256&d=identicon&r=PG&f=y&so-version=2","display_name":"Zypher100","link":"https://stackoverflow.com/users/9966182/zypher100"},"is_answered":true,"view_count":719,"accepted_answer_id":71824561,"answer_count":1,"score":0,"last_activity_date":1649812159,"creation_date":1649656002,"question_id":71823172,"content_license":"CC BY-SA 4.0","link":"https://stackoverflow.com/questions/71823172/how-does-median-of-medians-work-with-quickselect","title":"how does median of medians work with quickselect"},{"tags":["vue.js","jestjs","mocking","vuex","spy"],"owner":{"account_id":1246193,"reputation":5066,"user_id":1207596,"user_type":"registered","accept_rate":93,"profile_image":"https://www.gravatar.com/avatar/236ccc696407091d8da7d34825039005?s=256&d=identicon&r=PG","display_name":"Zhao Li","link":"https://stackoverflow.com/users/1207596/zhao-li"},"is_answered":false,"view_count":116,"answer_count":1,"score":0,"last_activity_date":1649658459,"creation_date":1649655929,"question_id":71823167,"content_license":"CC BY-SA 4.0","link":"https://stackoverflow.com/questions/71823167/how-come-the-order-of-these-jest-tests-affect-the-test-outcome","title":"How come the order of these Jest tests affect the test outcome?"},{"tags":["android","permissions","sdk","google-play","policy-violation"],"owner":{"account_id":3875563,"reputation":1368,"user_id":3209701,"user_type":"registered","accept_rate":53,"profile_image":"https://www.gravatar.com/avatar/866197e72dcd95f783236bae08fa8382?s=256&d=identicon&r=PG&f=y&so-version=2","display_name":"Brendon","link":"https://stackoverflow.com/users/3209701/brendon"},"is_answered":false,"view_count":53,"answer_count":0,"score":0,"last_activity_date":1649655928,"creation_date":1649655928,"question_id":71823166,"content_license":"CC BY-SA 4.0","link":"https://stackoverflow.com/questions/71823166/third-party-sdk-muws-violation-in-google-play","title":"Third party SDK MUwS violation in Google Play"},{"tags":["python","django","postgresql","django-rest-framework"],"owner":{"account_id":16605415,"reputation":418,"user_id":12000021,"user_type":"registered","profile_image":"https://www.gravatar.com/avatar/7c8ff44dcd9a8fcb3a62612afd27bddd?s=256&d=identicon&r=PG&f=y&so-version=2","display_name":"Kosmylo","link":"https://stackoverflow.com/users/12000021/kosmylo"},"is_answered":true,"view_count":421,"accepted_answer_id":71836718,"answer_count":1,"score":0,"last_activity_date":1649734029,"creation_date":1649655919,"question_id":71823165,"content_license":"CC BY-SA 4.0","link":"https://stackoverflow.com/questions/71823165/migrate-with-database-postgres-fails","title":"Migrate with database postgres fails"},{"tags":["php","database"],"owner":{"account_id":24897022,"reputation":1,"user_id":18768161,"user_type":"registered","profile_image":"https://lh3.googleusercontent.com/a/AATXAJzAIevlvNeF4GaXA8KnsBZP85NW0q5hjtYr462a=k-s256","display_name":"Im Donald","link":"https://stackoverflow.com/users/18768161/im-donald"},"is_answered":false,"view_count":148,"answer_count":1,"score":-1,"last_activity_date":1649661368,"creation_date":1649655868,"last_edit_date":1649656233,"question_id":71823161,"content_license":"CC BY-SA 4.0","link":"https://stackoverflow.com/questions/71823161/errno-150-foreign-key-constraint-is-incorrectly-formed-i-have-no-idea-what","title":"(errno: 150 &quot;Foreign key constraint is incorrectly formed&quot;) i have no idea what is this"}],"has_more":true,"quota_max":300,"quota_remaining":70}