{"items":[{"tags":["azure","botframework","bot-framework-composer"],"owner":{"account_id":17226595,"reputation":40,"user_id":12472088,"user_type":"registered","profile_image":"https://i.stack.imgur.com/IoRkx.png?s=256&g=1","display_name":"RYUB3N","link":"https://stackoverflow.com/users/12472088/ryub3n"},"is_answered":false,"view_count":72,"answer_count":1,"score":0,"last_activity_date":1646230521,"creation_date":1645423190,"question_id":71201809,"content_license":"CC BY-SA 4.0","link":"https://stackoverflow.com/questions/71201809/how-to-add-mutliple-qna-bots-to-enterprise-assistant","title":"How to add mutliple QnA bots to Enterprise Assistant?"},{"tags":["python","class","oop","input","conditional-statements"],"owner":{"account_id":23663241,"reputation":63,"user_id":17691045,"user_type":"registered","profile_image":"https://lh3.googleusercontent.com/a-/AOh14GixIyEXvMn42m7t2FNQAblJK00mgczzRMQWXYFg=k-s256","display_name":"Beginner to everything","link":"https://stackoverflow.com/users/17691045/beginner-to-everything"},"is_answered":true,"view_count":60,"accepted_answer_id":71201881,"answer_count":3,"score":0,"last_activity_date":1645424903,"creation_date":1645423183,"question_id":71201807,"content_license":"CC BY-SA 4.0","link":"https://stackoverflow.com/questions/71201807/i-am-making-a-class-in-python-that-would-add-two-numbers-then-print-if-its-enoug","title":"I am making a class in python that would add two numbers then print if its enough or not but It doesn&#39;t add?"},{"tags":["python","tkinter","operating-system","pyinstaller"],"owner":{"account_id":19400139,"reputation":1,"user_id":14186888,"user_type":"registered","profile_image":"https://lh3.googleusercontent.com/a-/AOh14GjhpKigODExnbKsaSzT3cyvE2MWppFKZLkEY6QW-w=k-s256","display_name":"Ayan Khan","link":"https://stackoverflow.com/users/14186888/ayan-khan"},"is_answered":true,"view_count":1157,"answer_count":1,"score":-1,"last_activity_date":1645449415,"creation_date":1645423179,"question_id":71201806,"content_license":"CC BY-SA 4.0","link":"https://stackoverflow.com/questions/71201806/how-to-make-executable-file-that-can-run-on-on-other-operating-system-as-well","title":"How to make executable file that can run on on other operating system as well?"},{"tags":["sql-server","t-sql","inner-join"],"owner":{"account_id":9227906,"reputation":842,"user_id":6855073,"user_type":"registered","accept_rate":69,"profile_image":"https://www.gravatar.com/avatar/52183ecc0d342417185c3fa395c25f30?s=256&d=identicon&r=PG&f=y&so-version=2","display_name":"User1899289003","link":"https://stackoverflow.com/users/6855073/user1899289003"},"is_answered":true,"view_count":64,"accepted_answer_id":71201851,"answer_count":2,"score":0,"last_activity_date":1645428486,"creation_date":1645423171,"question_id":71201805,"content_license":"CC BY-SA 4.0","link":"https://stackoverflow.com/questions/71201805/avoid-select-data-from-other-tables","title":"Avoid select data from other tables"},{"tags":["python","macos","tkinter"],"owner":{"account_id":24325637,"reputation":1,"user_id":18265228,"user_type":"registered","profile_image":"https://lh3.googleusercontent.com/a-/AOh14GhAZ-V_G8DNT7Q51Z-VOfUcOLEKzZw88Zr9Kj2a5w=k-s256","display_name":"David A.","link":"https://stackoverflow.com/users/18265228/david-a"},"is_answered":false,"view_count":1724,"answer_count":2,"score":0,"last_activity_date":1684497574,"creation_date":1645423134,"last_edit_date":1653609344,"question_id":71201803,"content_license":"CC BY-SA 4.0","link":"https://stackoverflow.com/questions/71201803/tkinter-label-not-showing-on-macos","title":"Tkinter Label not Showing on MacOS"},{"tags":["c#","multithreading"],"owner":{"user_type":"does_not_exist","display_name":"user18265257"},"is_answered":true,"view_count":127,"accepted_answer_id":71289995,"answer_count":1,"score":0,"last_activity_date":1646014642,"creation_date":1645423128,"question_id":71201800,"content_license":"CC BY-SA 4.0","link":"https://stackoverflow.com/questions/71201800/example-code-for-getting-task-status-waitingforchildrentocomplete","title":"Example code for getting task status WaitingForChildrenToComplete"},{"tags":["r","nested-loops"],"owner":{"account_id":19579678,"reputation":61,"user_id":14329011,"user_type":"registered","profile_image":"https://www.gravatar.com/avatar/e5150d440638a7ca0ca9c0530955ef49?s=256&d=identicon&r=PG&f=y&so-version=2","display_name":"Alpaca Paw","link":"https://stackoverflow.com/users/14329011/alpaca-paw"},"is_answered":false,"view_count":49,"answer_count":1,"score":0,"last_activity_date":1645429639,"creation_date":1645423123,"last_edit_date":1645429639,"question_id":71201798,"content_license":"CC BY-SA 4.0","link":"https://stackoverflow.com/questions/71201798/nested-loop-sampling-in-r","title":"Nested Loop (sampling) in R"},{"tags":["r","shiny"],"owner":{"account_id":22378000,"reputation":154,"user_id":16591994,"user_type":"registered","profile_image":"https://lh3.googleusercontent.com/a/AATXAJyXliCcioDKby3O4qxop21d5dDg5CcT1ktA6R_7=k-s256","display_name":"Kevin Tracey","link":"https://stackoverflow.com/users/16591994/kevin-tracey"},"is_answered":false,"view_count":60,"answer_count":1,"score":1,"last_activity_date":1645476063,"creation_date":1645423109,"question_id":71201796,"content_license":"CC BY-SA 4.0","link":"https://stackoverflow.com/questions/71201796/how-to-change-column-values-from-date-format-to-free-flowing-text-is-dependent-o","title":"How to change column values from date format to free-flowing text is dependent on &quot;result&quot; column in R shiny"},{"tags":["google-chrome-extension"],"owner":{"account_id":21759421,"reputation":31,"user_id":16064310,"user_type":"registered","profile_image":"https://lh3.googleusercontent.com/a-/AOh14Gj6VqLfGf3ze8oSglpZlousvsxiLdoLJFFrvSv3sw=k-s256","display_name":"Fernando Dilland","link":"https://stackoverflow.com/users/16064310/fernando-dilland"},"is_answered":false,"view_count":190,"answer_count":0,"score":1,"last_activity_date":1645423053,"creation_date":1645423053,"question_id":71201788,"content_license":"CC BY-SA 4.0","link":"https://stackoverflow.com/questions/71201788/migrating-from-background-page-to-service-worker","title":"Migrating from background page to service worker"},{"tags":["git","github"],"owner":{"account_id":21247195,"reputation":35,"user_id":15629790,"user_type":"registered","profile_image":"https://www.gravatar.com/avatar/21982547151afeb5dc12a45c10281d49?s=256&d=identicon&r=PG&f=y&so-version=2","display_name":"gijocode","link":"https://stackoverflow.com/users/15629790/gijocode"},"is_answered":true,"view_count":63,"accepted_answer_id":71203739,"answer_count":1,"score":3,"last_activity_date":1645434803,"creation_date":1645422963,"question_id":71201775,"content_license":"CC BY-SA 4.0","link":"https://stackoverflow.com/questions/71201775/is-it-possible-to-add-files-from-different-locations-into-1-git-reposito","title":"Is it possible to add files from different locations into 1 git reposito"},{"tags":["mongodb","go","beego"],"owner":{"account_id":24287129,"reputation":11,"user_id":18232737,"user_type":"registered","profile_image":"https://lh3.googleusercontent.com/a/AATXAJz-N3C5bny4_gdzh2HtC2FXhksHndM37ceAA6Dp=k-s256","display_name":"gargi sharma","link":"https://stackoverflow.com/users/18232737/gargi-sharma"},"is_answered":false,"view_count":269,"answer_count":0,"score":1,"last_activity_date":1645423861,"creation_date":1645422926,"last_edit_date":1645423861,"question_id":71201770,"content_license":"CC BY-SA 4.0","link":"https://stackoverflow.com/questions/71201770/error-in-beego-framework-controller-go-cant-figure-out-the-error","title":"Error in Beego framework controller.go , cant figure out the error"},{"tags":["flutter","listview"],"owner":{"account_id":23859296,"reputation":84,"user_id":17862468,"user_type":"registered","profile_image":"https://lh3.googleusercontent.com/a-/AOh14Gi2FP3OXIVN9grC6ByJ3OsE0kyH-rn6LXPntyP4nw=k-s256","display_name":"Calladrus2k1","link":"https://stackoverflow.com/users/17862468/calladrus2k1"},"is_answered":true,"view_count":749,"answer_count":2,"score":0,"last_activity_date":1645423485,"creation_date":1645422901,"question_id":71201767,"content_license":"CC BY-SA 4.0","link":"https://stackoverflow.com/questions/71201767/assigning-specific-items-in-listviewbuilder-for-certain-values-of-index","title":"Assigning specific items in ListViewBuilder for certain values of index"},{"tags":["angular","visual-studio-code","vscode-debugger"],"owner":{"account_id":996757,"reputation":1549,"user_id":1012500,"user_type":"registered","accept_rate":47,"profile_image":"https://www.gravatar.com/avatar/1388a065507dbd77956c31de3bdc1842?s=256&d=identicon&r=PG","display_name":"user1012500","link":"https://stackoverflow.com/users/1012500/user1012500"},"is_answered":false,"view_count":484,"answer_count":1,"score":0,"last_activity_date":1645641180,"creation_date":1645422897,"question_id":71201766,"content_license":"CC BY-SA 4.0","link":"https://stackoverflow.com/questions/71201766/unbound-breakpoints-in-vscode-1-64-2","title":"Unbound breakpoints in Vscode 1.64.2"},{"tags":["python","html","beautifulsoup","web-crawler"],"owner":{"account_id":21262812,"reputation":29,"user_id":15643404,"user_type":"registered","profile_image":"https://www.gravatar.com/avatar/d10c05ffbffec5de7eaf8cd34aa92280?s=256&d=identicon&r=PG&f=y&so-version=2","display_name":"taranndus","link":"https://stackoverflow.com/users/15643404/taranndus"},"is_answered":true,"view_count":1073,"answer_count":4,"score":2,"last_activity_date":1663067938,"creation_date":1645422880,"last_edit_date":1645442190,"question_id":71201764,"content_license":"CC BY-SA 4.0","link":"https://stackoverflow.com/questions/71201764/how-to-get-specific-links-with-beautifulsoup","title":"how to get specific links with BeautifulSoup?"},{"tags":["package","ocaml"],"owner":{"account_id":19819037,"reputation":879,"user_id":14516046,"user_type":"registered","profile_image":"https://i.stack.imgur.com/1OUu4.jpg?s=256&g=1","display_name":"Andrey Bienkowski","link":"https://stackoverflow.com/users/14516046/andrey-bienkowski"},"is_answered":true,"view_count":83,"answer_count":1,"score":1,"last_activity_date":1645472076,"creation_date":1645422838,"last_edit_date":1645472076,"question_id":71201757,"content_license":"CC BY-SA 4.0","link":"https://stackoverflow.com/questions/71201757/is-there-an-ocaml-equivalent-of-npx","title":"Is there an OCaml equivalent of npx?"},{"tags":["search","face-recognition","face-detection"],"owner":{"account_id":2082302,"reputation":287,"user_id":1854063,"user_type":"registered","accept_rate":33,"profile_image":"https://www.gravatar.com/avatar/fce56b24a8019dcf32b00f339b3b1a4b?s=256&d=identicon&r=PG","display_name":"Mehdi Azizi","link":"https://stackoverflow.com/users/1854063/mehdi-azizi"},"is_answered":true,"view_count":171,"accepted_answer_id":71212601,"answer_count":1,"score":0,"last_activity_date":1691620562,"creation_date":1645422836,"last_edit_date":1691620562,"question_id":71201756,"content_license":"CC BY-SA 4.0","link":"https://stackoverflow.com/questions/71201756/how-face-search-engines-work-and-how-can-they-be-this-much-fast","title":"How face search engines work. And how can they be this much fast?"},{"tags":["php","codeigniter","jwt","codeigniter-4"],"owner":{"account_id":21685451,"reputation":87,"user_id":16000996,"user_type":"registered","profile_image":"https://lh3.googleusercontent.com/a-/AOh14GgoElWwh2OTEY-En4JG36WIZhIHOQtDgVoTZJxR=k-s256","display_name":"Nyoman Gunartha","link":"https://stackoverflow.com/users/16000996/nyoman-gunartha"},"is_answered":true,"view_count":5783,"answer_count":1,"score":0,"last_activity_date":1645488099,"creation_date":1645422832,"last_edit_date":1645488099,"question_id":71201755,"content_license":"CC BY-SA 4.0","link":"https://stackoverflow.com/questions/71201755/jwt-encode-error-expected-3-arguments-found-2","title":"JWT encode error Expected 3 arguments. Found 2"},{"tags":["flutter","dart"],"owner":{"account_id":24325586,"reputation":583,"user_id":18265188,"user_type":"registered","profile_image":"https://lh3.googleusercontent.com/a/AATXAJwQoXrn4vL0BYKToK8-l0hEVXCGLI4xKAeO8m7j=k-s256","display_name":"Anmol Singh","link":"https://stackoverflow.com/users/18265188/anmol-singh"},"is_answered":true,"view_count":430,"answer_count":2,"score":0,"last_activity_date":1646730142,"creation_date":1645422810,"question_id":71201754,"content_license":"CC BY-SA 4.0","link":"https://stackoverflow.com/questions/71201754/flutter-dart-the-getter-id-isnt-defined-for-the-type-welcomescreen","title":"Flutter/dart: The getter &#39;id&#39; isn&#39;t defined for the type &#39;WelcomeScreen&#39;"},{"tags":["linux","hadoop","virtual-machine"],"owner":{"account_id":21988717,"reputation":3,"user_id":16602167,"user_type":"registered","profile_image":"https://www.gravatar.com/avatar/dda1ce8bc90d936005c31ef98ba0d2ee?s=256&d=identicon&r=PG&f=y&so-version=2","display_name":"aniii","link":"https://stackoverflow.com/users/16602167/aniii"},"is_answered":false,"view_count":162,"answer_count":1,"score":0,"last_activity_date":1645551468,"creation_date":1645422800,"last_edit_date":1645551468,"question_id":71201752,"content_license":"CC BY-SA 4.0","link":"https://stackoverflow.com/questions/71201752/setting-up-hadoop-multi-node-cluster-on-different-machines-using-virtual-machine","title":"Setting up Hadoop Multi-node Cluster on different machines using Virtual Machines"},{"tags":["c#","jquery","model-view-controller"],"owner":{"account_id":14715598,"reputation":1,"user_id":10627645,"user_type":"registered","profile_image":"https://i.stack.imgur.com/9PJe2.png?s=256&g=1","display_name":"Yen","link":"https://stackoverflow.com/users/10627645/yen"},"is_answered":false,"view_count":31,"answer_count":0,"score":0,"last_activity_date":1645423489,"creation_date":1645422796,"last_edit_date":1645423489,"question_id":71201750,"content_license":"CC BY-SA 4.0","link":"https://stackoverflow.com/questions/71201750/asynchronous-post-endpoint-awaits-an-asynchronous-method-that-does-not-have-awa","title":"Asynchronous POST endpoint awaits an asynchronous method that does not have &quot;AWAIT&quot; on it but GET does not (C#/JS)"},{"tags":["c++","arrays","for-loop"],"owner":{"account_id":16689862,"reputation":457,"user_id":12062753,"user_type":"registered","profile_image":"https://www.gravatar.com/avatar/4fa0d612b75b629f1f237ee609645c29?s=256&d=identicon&r=PG&f=y&so-version=2","display_name":"Noods","link":"https://stackoverflow.com/users/12062753/noods"},"is_answered":true,"view_count":152,"accepted_answer_id":71201892,"answer_count":3,"score":0,"last_activity_date":1645444087,"creation_date":1645422760,"last_edit_date":1645422907,"question_id":71201745,"content_license":"CC BY-SA 4.0","link":"https://stackoverflow.com/questions/71201745/how-can-i-sort-two-arrays-in-descending-order","title":"How can I sort two arrays in descending order?"},{"tags":["typescript","vue.js","vue-props"],"owner":{"account_id":15831121,"reputation":1101,"user_id":11422407,"user_type":"registered","profile_image":"https://www.gravatar.com/avatar/56ddbcb4cf211ea97f981371a4388d9a?s=256&d=identicon&r=PG&f=y&so-version=2","display_name":"leo0807","link":"https://stackoverflow.com/users/11422407/leo0807"},"is_answered":true,"view_count":2833,"accepted_answer_id":71202418,"answer_count":1,"score":4,"last_activity_date":1647861715,"creation_date":1645422741,"last_edit_date":1647861715,"question_id":71201743,"content_license":"CC BY-SA 4.0","link":"https://stackoverflow.com/questions/71201743/how-to-access-vue-props-with-name-contains-dash-sign","title":"How to access vue props with name contains dash sign?"},{"tags":["flutter"],"owner":{"account_id":23942067,"reputation":3,"user_id":18258089,"user_type":"registered","profile_image":"https://lh3.googleusercontent.com/a/AATXAJxqMlqUkUOBZIMGU-F7Ya6M5vq_YNdZoZlNzoDp=k-s256","display_name":"Kalpesh Tawde","link":"https://stackoverflow.com/users/18258089/kalpesh-tawde"},"is_answered":true,"view_count":1733,"accepted_answer_id":71202426,"answer_count":3,"score":-2,"last_activity_date":1645427541,"creation_date":1645422732,"question_id":71201742,"content_license":"CC BY-SA 4.0","link":"https://stackoverflow.com/questions/71201742/how-to-add-text-on-box-decoration-in-flutter","title":"How to add text on box decoration in flutter"},{"tags":["font-awesome","font-awesome-6"],"owner":{"account_id":22623077,"reputation":562,"user_id":16801529,"user_type":"registered","profile_image":"https://i.stack.imgur.com/6GGVh.jpg?s=256&g=1","display_name":"Rocky Barua","link":"https://stackoverflow.com/users/16801529/rocky-barua"},"is_answered":true,"view_count":87148,"accepted_answer_id":71366563,"answer_count":3,"score":27,"last_activity_date":1702053184,"creation_date":1645422729,"last_edit_date":1646520829,"question_id":71201741,"content_license":"CC BY-SA 4.0","link":"https://stackoverflow.com/questions/71201741/how-to-use-font-awesome-6-icons","title":"How to use Font Awesome 6 icons?"},{"tags":["android","android-studio","keytool","apksigner","apk-signing"],"owner":{"account_id":4712232,"reputation":1904,"user_id":4010484,"user_type":"registered","accept_rate":73,"profile_image":"https://i.stack.imgur.com/96tY1.png?s=256&g=1","display_name":"Parth Bhayani","link":"https://stackoverflow.com/users/4010484/parth-bhayani"},"is_answered":false,"view_count":3033,"answer_count":0,"score":4,"last_activity_date":1645422711,"creation_date":1645422711,"question_id":71201740,"content_license":"CC BY-SA 4.0","link":"https://stackoverflow.com/questions/71201740/how-to-enable-v3-v4-app-support-for-android-apk-file","title":"How to Enable v3 &amp; v4 App Support for Android APK File"},{"tags":["vba","ms-access-2016"],"owner":{"account_id":16498946,"reputation":110,"user_id":11920730,"user_type":"registered","profile_image":"https://www.gravatar.com/avatar/a6c9064ad6df63be1f0a8aa0f7bef2ec?s=256&d=identicon&r=PG&f=y&so-version=2","display_name":"andarvi","link":"https://stackoverflow.com/users/11920730/andarvi"},"is_answered":false,"view_count":584,"answer_count":0,"score":0,"last_activity_date":1658263025,"creation_date":1645422656,"last_edit_date":1645523122,"question_id":71201733,"content_license":"CC BY-SA 4.0","link":"https://stackoverflow.com/questions/71201733/no-hourglass-appears","title":"No &quot;hourglass&quot; appears"},{"tags":["android","kotlin","google-calendar-api","google-authentication"],"owner":{"account_id":19636689,"reputation":11,"user_id":14373839,"user_type":"registered","profile_image":"https://lh4.googleusercontent.com/-tcWX3ecm8hw/AAAAAAAAAAI/AAAAAAAAAAA/AMZuuclQeq63cCD-zSioIpwzZt7EySVpWQ/photo.jpg?sz=256","display_name":"Kevin Angka Wijaya","link":"https://stackoverflow.com/users/14373839/kevin-angka-wijaya"},"is_answered":false,"view_count":771,"answer_count":1,"score":1,"last_activity_date":1665499862,"creation_date":1645422655,"question_id":71201732,"content_license":"CC BY-SA 4.0","link":"https://stackoverflow.com/questions/71201732/failed-resolution-of-lcom-sun-net-httpserver-httpserver-when-running-authorizat","title":"Failed resolution of: Lcom/sun/net/httpserver/HttpServer when running AuthorizationCodeInstalledApp in android studio kotlin"},{"tags":["javascript","jquery","arrays"],"owner":{"account_id":7201371,"reputation":462,"user_id":5498497,"user_type":"registered","accept_rate":50,"profile_image":"https://www.gravatar.com/avatar/6cbbde568e4935341bcbc3dedb2df0e6?s=256&d=identicon&r=PG&f=y&so-version=2","display_name":"Xion","link":"https://stackoverflow.com/users/5498497/xion"},"is_answered":false,"view_count":352,"answer_count":2,"score":0,"last_activity_date":1645446663,"creation_date":1645422652,"last_edit_date":1645436179,"question_id":71201731,"content_license":"CC BY-SA 4.0","link":"https://stackoverflow.com/questions/71201731/how-to-validate-a-list-of-objects-value","title":"How to validate a list of objects value"},{"tags":["python","sqlite"],"owner":{"account_id":23814353,"reputation":1,"user_id":17822807,"user_type":"registered","profile_image":"https://i.stack.imgur.com/NZxlI.jpg?s=256&g=1","display_name":"p5o0J","link":"https://stackoverflow.com/users/17822807/p5o0j"},"is_answered":false,"view_count":52,"answer_count":2,"score":0,"last_activity_date":1645468715,"creation_date":1645422618,"last_edit_date":1645468715,"question_id":71201730,"content_license":"CC BY-SA 4.0","link":"https://stackoverflow.com/questions/71201730/return-message-when-entry-not-in-db","title":"Return message when entry not in db"},{"tags":["javascript","reactjs","slatejs"],"owner":{"account_id":22965104,"reputation":528,"user_id":17094284,"user_type":"registered","profile_image":"https://www.gravatar.com/avatar/249f98cd4a51f1e6f7718751b64e46a1?s=256&d=identicon&r=PG","display_name":"wanna_coder101","link":"https://stackoverflow.com/users/17094284/wanna-coder101"},"is_answered":true,"view_count":3717,"accepted_answer_id":71214967,"answer_count":3,"score":5,"last_activity_date":1666719677,"creation_date":1645422591,"question_id":71201725,"content_license":"CC BY-SA 4.0","link":"https://stackoverflow.com/questions/71201725/set-new-intiial-slatejs-editor-value-with-react-oneffect","title":"Set new intiial SlateJS editor value with React onEffect"}],"has_more":true,"quota_max":300,"quota_remaining":266}