{"items":[{"tags":["mysql","privileges"],"owner":{"account_id":22227973,"reputation":21,"user_id":16464642,"user_type":"registered","profile_image":"https://www.gravatar.com/avatar/3bf021e687ea2a8c9e79b077c871de5e?s=256&d=identicon&r=PG&f=y&so-version=2","display_name":"Jumoierez Leryn","link":"https://stackoverflow.com/users/16464642/jumoierez-leryn"},"is_answered":true,"view_count":548,"answer_count":1,"score":2,"last_activity_date":1649853289,"creation_date":1649851199,"question_id":71857160,"content_license":"CC BY-SA 4.0","link":"https://stackoverflow.com/questions/71857160/is-it-possible-to-grant-only-metadata-privileges-in-mysql","title":"Is it possible to grant only metadata privileges in MySQL"},{"tags":["linux","serial-port","embedded-linux","tty"],"owner":{"account_id":14853190,"reputation":25,"user_id":12378339,"user_type":"registered","profile_image":"https://lh4.googleusercontent.com/-tDEMR5FHRi0/AAAAAAAAAAI/AAAAAAAAAAA/AGDgw-ikbZ_I-sZlWS4zArx8vFDs0Kb55w/mo/photo.jpg?sz=256","display_name":"acckiitvar","link":"https://stackoverflow.com/users/12378339/acckiitvar"},"is_answered":true,"view_count":471,"accepted_answer_id":72217678,"answer_count":1,"score":1,"last_activity_date":1652366617,"creation_date":1649851198,"question_id":71857159,"content_license":"CC BY-SA 4.0","link":"https://stackoverflow.com/questions/71857159/listening-in-tty-in-linux","title":"Listening-in tty in Linux"},{"tags":["r","data.table","dcast"],"owner":{"account_id":24925064,"reputation":1,"user_id":18792931,"user_type":"registered","profile_image":"https://www.gravatar.com/avatar/d60093626aecae1de0515a94bd29c86b?s=256&d=identicon&r=PG","display_name":"jimm977","link":"https://stackoverflow.com/users/18792931/jimm977"},"is_answered":true,"view_count":152,"answer_count":1,"score":-1,"last_activity_date":1649851626,"creation_date":1649851198,"last_edit_date":1649851386,"question_id":71857158,"content_license":"CC BY-SA 4.0","link":"https://stackoverflow.com/questions/71857158/r-data-table-dcast-function-adds-garbage-after-decimal-point","title":"R data.table dcast() function adds garbage after decimal point?"},{"tags":["generics","rust","hashmap"],"owner":{"account_id":12677725,"reputation":919,"user_id":9212745,"user_type":"registered","profile_image":"https://www.gravatar.com/avatar/61f09e6b736d6620d2de52cd9dcbef28?s=256&d=identicon&r=PG&f=y&so-version=2","display_name":"rdxdkr","link":"https://stackoverflow.com/users/9212745/rdxdkr"},"is_answered":true,"view_count":285,"accepted_answer_id":71857717,"answer_count":1,"score":0,"last_activity_date":1649882408,"creation_date":1649851180,"last_edit_date":1649879660,"question_id":71857153,"content_license":"CC BY-SA 4.0","link":"https://stackoverflow.com/questions/71857153/rust-book-chapter-13-1-wrapping-a-hashmap-with-generic-parameters","title":"Rust Book chapter 13.1, wrapping a HashMap with generic parameters"},{"tags":["firebase-hosting","google-cloud-run"],"owner":{"account_id":14657076,"reputation":1104,"user_id":11565835,"user_type":"registered","profile_image":"https://i.stack.imgur.com/kErsC.jpg?s=256&g=1","display_name":"xaander1","link":"https://stackoverflow.com/users/11565835/xaander1"},"is_answered":true,"view_count":107,"accepted_answer_id":71871801,"answer_count":1,"score":0,"last_activity_date":1649940084,"creation_date":1649851152,"last_edit_date":1649858631,"question_id":71857145,"content_license":"CC BY-SA 4.0","link":"https://stackoverflow.com/questions/71857145/is-it-necessary-to-update-firebase-when-you-re-deploy-a-web-app-in-cloud-run-ca","title":"Is it necessary to update firebase when you re-deploy a web app in cloud run, can you control what&#39;s removed from cache during re-deployment?"},{"tags":["javascript","arrays","reactjs","object","dynamic"],"owner":{"account_id":24883302,"reputation":25,"user_id":18756260,"user_type":"registered","profile_image":"https://www.gravatar.com/avatar/1fc4463b91c57d3da19a7cb8de1eaf1a?s=256&d=identicon&r=PG","display_name":"Noob","link":"https://stackoverflow.com/users/18756260/noob"},"is_answered":true,"view_count":109,"accepted_answer_id":71857220,"answer_count":1,"score":0,"last_activity_date":1649852199,"creation_date":1649851143,"question_id":71857144,"content_license":"CC BY-SA 4.0","link":"https://stackoverflow.com/questions/71857144/cannot-use-while-accessing-a-property-inside-an-object","title":"Cannot use ${}while accessing a property inside an object"},{"tags":["php","arrays","indexing"],"owner":{"account_id":155175,"reputation":123,"user_id":371641,"user_type":"registered","accept_rate":50,"profile_image":"https://www.gravatar.com/avatar/cff7b6a7a9770be03828cefe4ad8f839?s=256&d=identicon&r=PG","display_name":"SerNeo","link":"https://stackoverflow.com/users/371641/serneo"},"is_answered":true,"view_count":79,"accepted_answer_id":71857261,"answer_count":1,"score":-2,"last_activity_date":1649851708,"creation_date":1649851118,"last_edit_date":1649851423,"question_id":71857137,"content_license":"CC BY-SA 4.0","link":"https://stackoverflow.com/questions/71857137/how-to-change-indexes-in-array-with-sub-arrays-with-subarray-property-value-in-p","title":"How to change indexes in array with sub arrays with subarray property value in PHP"},{"tags":["apache","ssl","godaddy-api"],"owner":{"account_id":23665239,"reputation":59,"user_id":17692774,"user_type":"registered","profile_image":"https://www.gravatar.com/avatar/6e5f0bf15de6c256e1ce5c7a91a7c857?s=256&d=identicon&r=PG","display_name":"jitsujoseph","link":"https://stackoverflow.com/users/17692774/jitsujoseph"},"is_answered":true,"view_count":2507,"answer_count":1,"score":2,"last_activity_date":1660211781,"creation_date":1649851117,"question_id":71857136,"content_license":"CC BY-SA 4.0","link":"https://stackoverflow.com/questions/71857136/ssl-apache-csr-pem-key-on-godaddy","title":"SSL Apache csr .pem .key on GoDaddy"},{"tags":["python","django","cron","subprocess"],"owner":{"account_id":7427655,"reputation":153,"user_id":5649665,"user_type":"registered","profile_image":"https://lh3.googleusercontent.com/-MURyqbLs1as/AAAAAAAAAAI/AAAAAAAAAUg/QwAg8Nf3KJE/photo.jpg?sz=256","display_name":"Bineesh Kumar","link":"https://stackoverflow.com/users/5649665/bineesh-kumar"},"is_answered":false,"view_count":46,"answer_count":0,"score":0,"last_activity_date":1649851078,"creation_date":1649851078,"question_id":71857125,"content_license":"CC BY-SA 4.0","link":"https://stackoverflow.com/questions/71857125/best-practice-for-starting-and-running-django-server-without-terminal","title":"Best practice for starting and running django server without terminal"},{"tags":["python","python-3.x","matplotlib","mplot3d","matplotlib-3d"],"owner":{"account_id":19070839,"reputation":19,"user_id":18433901,"user_type":"registered","profile_image":"https://i.stack.imgur.com/1fAPw.jpg?s=256&g=1","display_name":"Amine","link":"https://stackoverflow.com/users/18433901/amine"},"is_answered":true,"view_count":2414,"protected_date":1693071419,"answer_count":2,"score":1,"last_activity_date":1697730879,"creation_date":1649851042,"last_edit_date":1697730879,"question_id":71857120,"content_license":"CC BY-SA 4.0","link":"https://stackoverflow.com/questions/71857120/convert-3d-stl-file-to-jpg-image","title":"Convert 3D .stl file to JPG image"},{"tags":["delphi","winapi","memory-management"],"owner":{"account_id":13142935,"reputation":3,"user_id":9493922,"user_type":"registered","profile_image":"https://lh3.googleusercontent.com/-XdUIqdMkCWA/AAAAAAAAAAI/AAAAAAAAAAA/4252rscbv5M/photo.jpg?sz=256","display_name":"as asdad","link":"https://stackoverflow.com/users/9493922/as-asdad"},"is_answered":false,"view_count":154,"answer_count":1,"score":0,"last_activity_date":1649880471,"creation_date":1649851024,"last_edit_date":1649880471,"question_id":71857117,"content_license":"CC BY-SA 4.0","link":"https://stackoverflow.com/questions/71857117/memory-leaked-or-corrupted-on-windows-service-config-get","title":"Memory leaked or corrupted on Windows Service Config Get"},{"tags":["excel","vba"],"owner":{"account_id":24925123,"reputation":3,"user_id":18792986,"user_type":"registered","profile_image":"https://www.gravatar.com/avatar/f9327e415581c6e4df7cce13fc4f7033?s=256&d=identicon&r=PG","display_name":"SB2022","link":"https://stackoverflow.com/users/18792986/sb2022"},"is_answered":true,"view_count":53,"accepted_answer_id":71861026,"answer_count":1,"score":0,"last_activity_date":1657329024,"creation_date":1649850997,"last_edit_date":1657329024,"question_id":71857111,"content_license":"CC BY-SA 4.0","link":"https://stackoverflow.com/questions/71857111/copy-multiple-cells-linked-to-a-keyword-from-one-column-into-one-cell","title":"Copy multiple cells linked to a keyword from one column into one cell"},{"tags":["css","text-editor","line-numbers"],"owner":{"account_id":11701085,"reputation":125,"user_id":9214446,"user_type":"registered","profile_image":"https://i.stack.imgur.com/rVHtI.jpg?s=256&g=1","display_name":"Teg Louis","link":"https://stackoverflow.com/users/9214446/teg-louis"},"is_answered":true,"view_count":1108,"accepted_answer_id":71857394,"answer_count":1,"score":1,"last_activity_date":1649852688,"creation_date":1649850993,"question_id":71857110,"content_license":"CC BY-SA 4.0","link":"https://stackoverflow.com/questions/71857110/how-to-make-code-editor-like-line-numbers-using-solely-css","title":"How to make code editor-like line numbers using solely CSS?"},{"tags":["powershell","sharepoint"],"owner":{"account_id":9073664,"reputation":3,"user_id":6755946,"user_type":"registered","profile_image":"https://www.gravatar.com/avatar/685011509ac179e4d70e7f5ef55402a6?s=256&d=identicon&r=PG&f=y&so-version=2","display_name":"Steffen N","link":"https://stackoverflow.com/users/6755946/steffen-n"},"is_answered":true,"view_count":1124,"accepted_answer_id":74296835,"answer_count":2,"score":0,"last_activity_date":1684225341,"creation_date":1649850960,"question_id":71857105,"content_license":"CC BY-SA 4.0","link":"https://stackoverflow.com/questions/71857105/i-can-connect-to-on-premise-sharepoint-but-all-get-commands-return-error-403","title":"I can connect to On-Premise Sharepoint, but all Get- Commands return error 403"},{"tags":["arrays","recursion","combinations","pairing"],"owner":{"account_id":24924855,"reputation":11,"user_id":18792749,"user_type":"registered","profile_image":"https://www.gravatar.com/avatar/0258ed1fd44c96e4995cffcb936be2e1?s=256&d=identicon&r=PG","display_name":"Johnny_K","link":"https://stackoverflow.com/users/18792749/johnny-k"},"is_answered":false,"view_count":70,"answer_count":2,"score":0,"last_activity_date":1649861818,"creation_date":1649850937,"question_id":71857099,"content_license":"CC BY-SA 4.0","link":"https://stackoverflow.com/questions/71857099/algorithm-for-pairing-combinations-in-arrays","title":"Algorithm for Pairing Combinations in Arrays"},{"tags":["pandas","dataframe"],"owner":{"account_id":19059666,"reputation":1403,"user_id":13916049,"user_type":"registered","profile_image":"https://www.gravatar.com/avatar/c9c28949cf1d6b57247c4758c8412591?s=256&d=identicon&r=PG&f=y&so-version=2","display_name":"Anon","link":"https://stackoverflow.com/users/13916049/anon"},"is_answered":true,"view_count":439,"accepted_answer_id":71857733,"answer_count":1,"score":1,"last_activity_date":1649853930,"creation_date":1649850932,"question_id":71857098,"content_license":"CC BY-SA 4.0","link":"https://stackoverflow.com/questions/71857098/how-do-i-remove-any-rows-that-are-identical-across-all-the-columns-except-for-on","title":"How do I remove any rows that are identical across all the columns except for one column?"},{"tags":["go","templates","docx","word-template"],"owner":{"account_id":21397546,"reputation":355,"user_id":15760358,"user_type":"registered","profile_image":"https://www.gravatar.com/avatar/74d55d95645857703bec610f982f6d1f?s=256&d=identicon&r=PG&f=y&so-version=2","display_name":"nOybek","link":"https://stackoverflow.com/users/15760358/noybek"},"is_answered":true,"view_count":3869,"accepted_answer_id":71862702,"answer_count":1,"score":2,"last_activity_date":1649919106,"creation_date":1649850932,"last_edit_date":1649919106,"question_id":71857097,"content_license":"CC BY-SA 4.0","link":"https://stackoverflow.com/questions/71857097/how-to-use-golang-for-docx-template-table-content","title":"How to use golang for .docx template (table content)"},{"tags":["c++"],"owner":{"account_id":20090403,"reputation":11,"user_id":14731027,"user_type":"registered","profile_image":"https://i.stack.imgur.com/11tkK.jpg?s=256&g=1","display_name":"AlexBeepBoop","link":"https://stackoverflow.com/users/14731027/alexbeepboop"},"is_answered":false,"view_count":55,"answer_count":1,"score":1,"last_activity_date":1649853357,"creation_date":1649850925,"last_edit_date":1649851162,"question_id":71857096,"content_license":"CC BY-SA 4.0","link":"https://stackoverflow.com/questions/71857096/is-there-an-easier-way-to-make-these-7-arrays-into-like-one-array-that-would-be","title":"Is there an easier way to make these 7 arrays into like one array that would be easier to read and write to and from"},{"tags":["python","mysql","multithreading"],"owner":{"user_type":"does_not_exist","display_name":"user18792918"},"is_answered":false,"view_count":215,"answer_count":1,"score":1,"last_activity_date":1649921417,"creation_date":1649850923,"last_edit_date":1649921417,"question_id":71857095,"content_license":"CC BY-SA 4.0","link":"https://stackoverflow.com/questions/71857095/is-it-useful-to-multithread-sql-queries-to-fetch-data-from-a-large-db","title":"Is it useful to multithread sql queries to fetch data from a large DB"},{"tags":["python","jsonschema","kedro"],"owner":{"account_id":14008138,"reputation":33,"user_id":10117621,"user_type":"registered","profile_image":"https://lh6.googleusercontent.com/-IHyYqfHIlk0/AAAAAAAAAAI/AAAAAAAAAAA/AAnnY7r2Sim4PjbPpN5wh52JL-NWP-T3gg/mo/photo.jpg?sz=256","display_name":"Maciej Zwoliński","link":"https://stackoverflow.com/users/10117621/maciej-zwoli%c5%84ski"},"is_answered":true,"view_count":2370,"answer_count":1,"score":1,"last_activity_date":1673667544,"creation_date":1649850905,"last_edit_date":1673667544,"question_id":71857090,"content_license":"CC BY-SA 4.0","link":"https://stackoverflow.com/questions/71857090/jsonschema-4-4-0-does-not-provide-the-extra-isoduration","title":"jsonschema 4.4.0 does not provide the extra &#39;isoduration&#39;"},{"tags":["c#","html","razor"],"owner":{"account_id":13768233,"reputation":681,"user_id":9936356,"user_type":"registered","profile_image":"https://i.stack.imgur.com/CWIAQ.png?s=256&g=1","display_name":"LinkedListT","link":"https://stackoverflow.com/users/9936356/linkedlistt"},"is_answered":true,"view_count":48,"accepted_answer_id":71857739,"answer_count":1,"score":0,"last_activity_date":1649856425,"creation_date":1649850898,"last_edit_date":1649856425,"question_id":71857088,"content_license":"CC BY-SA 4.0","link":"https://stackoverflow.com/questions/71857088/displaying-dynamic-column-data-veritcally","title":"Displaying dynamic column data veritcally"},{"tags":["javascript","css","r","shinydashboard"],"owner":{"account_id":1983862,"reputation":1615,"user_id":1779730,"user_type":"registered","accept_rate":64,"profile_image":"https://www.gravatar.com/avatar/c4d36ad9011dfffc3c1352f6064e5a3a?s=256&d=identicon&r=PG","display_name":"chas","link":"https://stackoverflow.com/users/1779730/chas"},"is_answered":true,"view_count":130,"accepted_answer_id":71864658,"answer_count":1,"score":0,"last_activity_date":1650574246,"creation_date":1649850889,"last_edit_date":1650354280,"question_id":71857086,"content_license":"CC BY-SA 4.0","link":"https://stackoverflow.com/questions/71857086/how-to-place-inputbuttons-in-the-header-of-r-shinydashboard-using-may-be-css-js","title":"How to place InputButtons in the Header of R shinydashboard (using may be CSS,JS,html)"},{"tags":["azure-logic-apps"],"owner":{"account_id":22836866,"reputation":5,"user_id":16984499,"user_type":"registered","profile_image":"https://www.gravatar.com/avatar/fd9b56ccb3c2d7701107c9af84eb0588?s=256&d=identicon&r=PG","display_name":"vivek","link":"https://stackoverflow.com/users/16984499/vivek"},"is_answered":false,"view_count":154,"answer_count":1,"score":0,"last_activity_date":1649938112,"creation_date":1649850871,"last_edit_date":1649870644,"question_id":71857081,"content_license":"CC BY-SA 4.0","link":"https://stackoverflow.com/questions/71857081/queue-name-is-not-binding-to-azure-logic-app-after-deployment","title":"Queue Name is not binding to azure logic app after deployment"},{"tags":["c#","winforms","drop-down-menu"],"owner":{"account_id":24925237,"reputation":11,"user_id":18793087,"user_type":"registered","profile_image":"https://www.gravatar.com/avatar/1b9f17a6a155b91ee972ddbd11976e28?s=256&d=identicon&r=PG&f=y&so-version=2","display_name":"Soumi Bhandary","link":"https://stackoverflow.com/users/18793087/soumi-bhandary"},"is_answered":true,"view_count":59,"answer_count":1,"score":1,"last_activity_date":1649917432,"creation_date":1649850856,"question_id":71857074,"content_license":"CC BY-SA 4.0","link":"https://stackoverflow.com/questions/71857074/connecting-one-drop-down-under-another-drop-down-in-winform-in-c","title":"Connecting one drop-down under another drop down in winform in c#"},{"tags":["postgis","polygon","points"],"owner":{"user_type":"does_not_exist","display_name":"user18502650"},"is_answered":true,"view_count":271,"accepted_answer_id":71869920,"answer_count":1,"score":1,"last_activity_date":1655900351,"creation_date":1649850846,"last_edit_date":1655900351,"question_id":71857071,"content_license":"CC BY-SA 4.0","link":"https://stackoverflow.com/questions/71857071/postgis-select-points-and-polygons-of-one-table-inside-polygon-of-another-tabl","title":"postgis : select points and polygons of one table inside polygon of another table"},{"tags":["processing"],"owner":{"account_id":4562414,"reputation":4557,"user_id":3704368,"user_type":"registered","accept_rate":57,"profile_image":"https://www.gravatar.com/avatar/6811ddb684ec588e1f2b15dfe16735d4?s=256&d=identicon&r=PG&f=y&so-version=2","display_name":"min2bro","link":"https://stackoverflow.com/users/3704368/min2bro"},"is_answered":true,"view_count":93,"accepted_answer_id":71857395,"answer_count":1,"score":2,"last_activity_date":1649855915,"creation_date":1649850822,"question_id":71857067,"content_license":"CC BY-SA 4.0","link":"https://stackoverflow.com/questions/71857067/border-of-first-circle-is-not-displayed-in-overlapping-circles","title":"Border of first circle is not displayed in overlapping circles"},{"tags":["fastapi"],"owner":{"account_id":24924921,"reputation":13,"user_id":18792809,"user_type":"registered","profile_image":"https://lh3.googleusercontent.com/a/AATXAJyPzZKoP_ME_Ua9r_PLFKxfYWX2aFTXKXWvL5rN=k-s256","display_name":"parvaneh moradi pasha","link":"https://stackoverflow.com/users/18792809/parvaneh-moradi-pasha"},"is_answered":false,"view_count":189,"answer_count":1,"score":0,"last_activity_date":1651587724,"creation_date":1649850796,"question_id":71857062,"content_license":"CC BY-SA 4.0","link":"https://stackoverflow.com/questions/71857062/how-to-convert-sql-query-to-sqlalchemy-in-python-fatsapi","title":"how to convert sql query to sqlalchemy in python fatsapi"},{"tags":["python","remote-access"],"owner":{"account_id":17899246,"reputation":21,"user_id":13324543,"user_type":"registered","profile_image":"https://lh3.googleusercontent.com/a-/AOh14Gg2PkgR9V7hbfpKYsXD3MlHjIHX7__GvXzHyWllVQ=k-s256","display_name":"Souroy","link":"https://stackoverflow.com/users/13324543/souroy"},"is_answered":false,"view_count":125,"answer_count":0,"score":1,"last_activity_date":1649850789,"creation_date":1649850789,"question_id":71857061,"content_license":"CC BY-SA 4.0","link":"https://stackoverflow.com/questions/71857061/running-python-script-on-remote-access-device","title":"Running python script on remote access device"},{"tags":["python","algorithm","recursion"],"owner":{"account_id":24925109,"reputation":13,"user_id":18792973,"user_type":"registered","profile_image":"https://lh3.googleusercontent.com/a/AATXAJwcz9QlkQDbSDEL5BHeKM-WcVW0cEUIUvvpfMob=k-s256","display_name":"renderMeLater","link":"https://stackoverflow.com/users/18792973/rendermelater"},"is_answered":true,"view_count":185,"accepted_answer_id":71858341,"answer_count":1,"score":1,"last_activity_date":1649880832,"creation_date":1649850784,"last_edit_date":1649874512,"question_id":71857060,"content_license":"CC BY-SA 4.0","link":"https://stackoverflow.com/questions/71857060/stuck-at-minimum-knights-move-to-reach-the-end-position","title":"Stuck at minimum knight&#39;s move to reach the end position"},{"tags":["javascript","c#","html",".net"],"owner":{"account_id":5644270,"reputation":1077,"user_id":4596313,"user_type":"registered","profile_image":"https://www.gravatar.com/avatar/f4464eb2dd8640b2eaba5177c7fd37b6?s=256&d=identicon&r=PG&f=y&so-version=2","display_name":"Oris Sin","link":"https://stackoverflow.com/users/4596313/oris-sin"},"is_answered":true,"view_count":2499,"accepted_answer_id":71883416,"answer_count":1,"score":0,"last_activity_date":1650021792,"creation_date":1649850770,"question_id":71857054,"content_license":"CC BY-SA 4.0","link":"https://stackoverflow.com/questions/71857054/uncaught-typeerror-cannot-read-properties-of-undefined-reading-success","title":"Uncaught TypeError: Cannot read properties of undefined (reading &#39;success&#39;)"}],"has_more":true,"quota_max":300,"quota_remaining":297}