{"items":[{"tags":["python"],"owner":{"account_id":24208366,"reputation":9,"user_id":18165252,"user_type":"registered","profile_image":"https://www.gravatar.com/avatar/d3b11645354d93c1bac374bba49a0781?s=256&d=identicon&r=PG","display_name":"Sam R.F.","link":"https://stackoverflow.com/users/18165252/sam-r-f"},"is_answered":false,"view_count":35,"answer_count":1,"score":-1,"last_activity_date":1649991863,"creation_date":1649980735,"question_id":71878742,"content_license":"CC BY-SA 4.0","link":"https://stackoverflow.com/questions/71878742/issue-with-analyzing-strings-in-python-for-wordle-esque-progam","title":"Issue with analyzing strings in Python for Wordle-esque progam"},{"tags":["c","linux","makefile","gnu-make"],"owner":{"account_id":14410410,"reputation":91,"user_id":15374123,"user_type":"registered","profile_image":"https://www.gravatar.com/avatar/fbae28ef3ce2152b7806a433e4f7b777?s=256&d=identicon&r=PG&f=y&so-version=2","display_name":"Deekshith Patil","link":"https://stackoverflow.com/users/15374123/deekshith-patil"},"is_answered":true,"view_count":465,"accepted_answer_id":71878775,"answer_count":2,"score":0,"last_activity_date":1649981874,"creation_date":1649980719,"question_id":71878738,"content_license":"CC BY-SA 4.0","link":"https://stackoverflow.com/questions/71878738/makefile-undefined-reference-to-main","title":"makefile: undefined reference to main"},{"tags":["c"],"owner":{"account_id":4049957,"reputation":925,"user_id":3329922,"user_type":"registered","accept_rate":67,"profile_image":"https://www.gravatar.com/avatar/dd5ff6f28d1d0a0e12c6537b94572644?s=256&d=identicon&r=PG&f=y&so-version=2","display_name":"Tony B","link":"https://stackoverflow.com/users/3329922/tony-b"},"is_answered":true,"view_count":88,"accepted_answer_id":71889580,"answer_count":2,"score":0,"last_activity_date":1650992807,"creation_date":1649980704,"last_edit_date":1650046806,"question_id":71878736,"content_license":"CC BY-SA 4.0","link":"https://stackoverflow.com/questions/71878736/c-double-to-long-conversion-loses-value-in-some-cases-why","title":"C double to long conversion loses value in some cases - why?"},{"tags":["html","css","random","gallery"],"owner":{"account_id":24942140,"reputation":1,"user_id":18807877,"user_type":"registered","profile_image":"https://www.gravatar.com/avatar/04c4144ec4a79672e0f88ee43316e241?s=256&d=identicon&r=PG","display_name":"guy","link":"https://stackoverflow.com/users/18807877/guy"},"is_answered":false,"view_count":494,"answer_count":2,"score":0,"last_activity_date":1649982156,"creation_date":1649980580,"question_id":71878728,"content_license":"CC BY-SA 4.0","link":"https://stackoverflow.com/questions/71878728/how-can-i-build-a-page-that-generates-random-images-from-a-gallery-each-time-the","title":"How can I build a page that generates random images from a gallery each time the page is refreshed?"},{"tags":["r"],"owner":{"account_id":16190560,"reputation":1,"user_id":11689473,"user_type":"registered","profile_image":"https://lh6.googleusercontent.com/-hyKhmHp0XRM/AAAAAAAAAAI/AAAAAAAADNA/jxULfgjP4nU/photo.jpg?sz=256","display_name":"william osose","link":"https://stackoverflow.com/users/11689473/william-osose"},"is_answered":false,"view_count":59,"answer_count":0,"score":0,"last_activity_date":1649980439,"creation_date":1649980338,"last_edit_date":1649980439,"question_id":71878719,"content_license":"CC BY-SA 4.0","link":"https://stackoverflow.com/questions/71878719/using-rstudio-to-group-numbers","title":"Using Rstudio to group numbers"},{"tags":["javascript","google-apps-script","google-sheets"],"owner":{"account_id":14336624,"reputation":2327,"user_id":11832197,"user_type":"registered","profile_image":"https://www.gravatar.com/avatar/d71fb972676ab59e914dbe36afcf585d?s=256&d=identicon&r=PG&f=y&so-version=2","display_name":"onit","link":"https://stackoverflow.com/users/11832197/onit"},"is_answered":true,"view_count":97,"accepted_answer_id":71878941,"answer_count":2,"score":0,"last_activity_date":1650000908,"creation_date":1649980333,"last_edit_date":1649983263,"question_id":71878718,"content_license":"CC BY-SA 4.0","link":"https://stackoverflow.com/questions/71878718/how-to-build-2d-array-when-looping-through-sets-of-data-using-google-apps-script","title":"How to build 2D array when looping through sets of data using Google Apps Script?"},{"tags":["javascript","html","json"],"owner":{"account_id":24223481,"reputation":1,"user_id":18178318,"user_type":"registered","profile_image":"https://www.gravatar.com/avatar/f127d978116468259a0c200e3a1747d1?s=256&d=identicon&r=PG","display_name":"Min","link":"https://stackoverflow.com/users/18178318/min"},"is_answered":false,"view_count":70,"answer_count":1,"score":0,"last_activity_date":1650016772,"creation_date":1649980261,"last_edit_date":1649981342,"question_id":71878711,"content_license":"CC BY-SA 4.0","link":"https://stackoverflow.com/questions/71878711/how-to-get-longitude-and-latitude-data-from-an-array-inside-object-and-display-t","title":"How to get longitude and latitude data from an array inside object and display them as google map link on output"},{"tags":["listview","delphi","firemonkey","pascal","delphi-10.4-sydney"],"owner":{"account_id":11718171,"reputation":91,"user_id":8585105,"user_type":"registered","profile_image":"https://www.gravatar.com/avatar/4e36133729387b29f5fa1c860448f113?s=256&d=identicon&r=PG&f=y&so-version=2","display_name":"MrSiMo","link":"https://stackoverflow.com/users/8585105/mrsimo"},"is_answered":false,"view_count":284,"answer_count":0,"score":0,"last_activity_date":1650334092,"creation_date":1649980260,"last_edit_date":1650334092,"question_id":71878710,"content_license":"CC BY-SA 4.0","link":"https://stackoverflow.com/questions/71878710/how-to-change-listview-ttextobjectappearance-font-in-mobile-delphi-sydney-10-4","title":"How to change ListView TTextObjectAppearance Font in Mobile, Delphi Sydney 10.4 FMX?"},{"tags":["python","pdf","fpdf"],"owner":{"account_id":10407906,"reputation":359,"user_id":7674262,"user_type":"registered","accept_rate":40,"profile_image":"https://www.gravatar.com/avatar/c6ef0ae3f3c752db5d0eeaf5cbc1d62c?s=256&d=identicon&r=PG&f=y&so-version=2","display_name":"NeoFahrenheit","link":"https://stackoverflow.com/users/7674262/neofahrenheit"},"is_answered":true,"view_count":4587,"answer_count":1,"score":3,"last_activity_date":1650113947,"creation_date":1649980164,"question_id":71878703,"content_license":"CC BY-SA 4.0","link":"https://stackoverflow.com/questions/71878703/fpdf2-error-invalid-value-for-parameter-new-x","title":"fpdf2 error Invalid value for parameter &quot;new_x&quot;"},{"tags":["sql","oracle"],"owner":{"account_id":6921989,"reputation":2590,"user_id":5314329,"user_type":"registered","accept_rate":64,"profile_image":"https://graph.facebook.com/10155955028705361/picture?type=large","display_name":"Windstorm1981","link":"https://stackoverflow.com/users/5314329/windstorm1981"},"is_answered":true,"view_count":19,"accepted_answer_id":71878785,"answer_count":1,"score":0,"last_activity_date":1649981252,"creation_date":1649980144,"question_id":71878702,"content_license":"CC BY-SA 4.0","link":"https://stackoverflow.com/questions/71878702/oracle-db-sql-query-failing","title":"Oracle DB SQL Query Failing"},{"tags":["html","css","flexbox"],"owner":{"account_id":14308671,"reputation":11,"user_id":10335736,"user_type":"registered","profile_image":"https://www.gravatar.com/avatar/295db2e436d34586943da0e9a776f13e?s=256&d=identicon&r=PG&f=y&so-version=2","display_name":"Jackkkky","link":"https://stackoverflow.com/users/10335736/jackkkky"},"is_answered":true,"view_count":27,"accepted_answer_id":71878715,"answer_count":2,"score":0,"last_activity_date":1649981107,"creation_date":1649980140,"last_edit_date":1649980455,"question_id":71878701,"content_license":"CC BY-SA 4.0","link":"https://stackoverflow.com/questions/71878701/creating-centered-widgets-reactjs","title":"Creating centered widgets Reactjs"},{"tags":["netsuite","suitescript2.0"],"owner":{"account_id":23513452,"reputation":1,"user_id":17561723,"user_type":"registered","profile_image":"https://lh3.googleusercontent.com/a/AATXAJzkFHZvMiJdg9kMHeel3CvleydmkAYHXnemqYFi=k-s256","display_name":"vivek","link":"https://stackoverflow.com/users/17561723/vivek"},"is_answered":false,"view_count":419,"answer_count":1,"score":0,"last_activity_date":1650053208,"creation_date":1649980134,"question_id":71878700,"content_license":"CC BY-SA 4.0","link":"https://stackoverflow.com/questions/71878700/search-not-working-in-restlet-suitescript-2-0","title":"Search not working in restlet SuiteScript 2.0"},{"tags":["php","wordpress"],"owner":{"account_id":22183359,"reputation":11,"user_id":16426730,"user_type":"registered","profile_image":"https://graph.facebook.com/1508749929461497/picture?type=large","display_name":"Akasha Malik","link":"https://stackoverflow.com/users/16426730/akasha-malik"},"is_answered":true,"view_count":2833,"answer_count":1,"score":0,"last_activity_date":1649989905,"creation_date":1649980106,"question_id":71878697,"content_license":"CC BY-SA 4.0","link":"https://stackoverflow.com/questions/71878697/how-can-solve-wp-enqueue-style-was-called-incorrectly-and-script","title":"how can solve : wp_enqueue_style was called incorrectly and script?"},{"tags":["c++"],"owner":{"account_id":22163234,"reputation":118,"user_id":16409883,"user_type":"registered","profile_image":"https://lh3.googleusercontent.com/a/AATXAJxSOkMn-t4zZ_JB5IPqRavrpPyUDCYRfG5HtFpD=k-s256","display_name":"Jarrod Burns","link":"https://stackoverflow.com/users/16409883/jarrod-burns"},"is_answered":true,"view_count":140,"accepted_answer_id":71878892,"answer_count":1,"score":1,"last_activity_date":1650046662,"creation_date":1649980094,"last_edit_date":1649981963,"question_id":71878695,"content_license":"CC BY-SA 4.0","link":"https://stackoverflow.com/questions/71878695/how-to-save-a-persistent-value-for-application-access-across-multiple-runs","title":"How to save a persistent value for application access across multiple runs?"},{"tags":["gradle","build.gradle"],"owner":{"account_id":1495517,"reputation":14838,"user_id":1401560,"user_type":"registered","accept_rate":70,"profile_image":"https://www.gravatar.com/avatar/347d89519bdf28150424b22543d0fbdb?s=256&d=identicon&r=PG","display_name":"Chris F","link":"https://stackoverflow.com/users/1401560/chris-f"},"is_answered":true,"view_count":1823,"accepted_answer_id":71878749,"answer_count":1,"score":0,"last_activity_date":1649980831,"creation_date":1649980025,"last_edit_date":1649980415,"question_id":71878688,"content_license":"CC BY-SA 4.0","link":"https://stackoverflow.com/questions/71878688/how-to-apply-a-gradle-plugin-to-the-root-project-only","title":"How to apply a Gradle plugin to the root project only?"},{"tags":["javascript","html","css"],"owner":{"account_id":24942081,"reputation":1,"user_id":18807828,"user_type":"registered","profile_image":"https://www.gravatar.com/avatar/92a754e89921e8681b0edd08fdefbca5?s=256&d=identicon&r=PG","display_name":"isaac091019","link":"https://stackoverflow.com/users/18807828/isaac091019"},"is_answered":false,"view_count":37,"answer_count":0,"score":0,"last_activity_date":1649980265,"creation_date":1649980005,"last_edit_date":1649980265,"question_id":71878687,"content_license":"CC BY-SA 4.0","link":"https://stackoverflow.com/questions/71878687/how-will-i-do-if-i-need-this-code-of-some-java-script-css-and-html","title":"how will i do if i need this code of some java script, css and html"},{"tags":["sql-server"],"owner":{"account_id":295118,"reputation":3597,"user_id":599361,"user_type":"registered","accept_rate":67,"profile_image":"https://www.gravatar.com/avatar/b729f9cc9b0f2d1e1c0e4701fd978f65?s=256&d=identicon&r=PG","display_name":"Tom","link":"https://stackoverflow.com/users/599361/tom"},"is_answered":false,"view_count":58,"closed_date":1650245484,"answer_count":0,"score":0,"last_activity_date":1650298273,"creation_date":1649979980,"last_edit_date":1650298273,"question_id":71878684,"link":"https://stackoverflow.com/questions/71878684/moving-sql-server-2019-database-to-another-computer-sector-size-cause-crash","closed_reason":"Duplicate","title":"Moving SQL Server 2019 database to another computer (sector size cause crash)"},{"tags":["r"],"owner":{"account_id":24197893,"reputation":53,"user_id":18156112,"user_type":"registered","profile_image":"https://www.gravatar.com/avatar/2483a8d40561b345c9d8430573c9b96b?s=256&d=identicon&r=PG","display_name":"jimuq233","link":"https://stackoverflow.com/users/18156112/jimuq233"},"is_answered":false,"view_count":73,"answer_count":1,"score":0,"last_activity_date":1649991199,"creation_date":1649979918,"question_id":71878681,"content_license":"CC BY-SA 4.0","link":"https://stackoverflow.com/questions/71878681/mapping-probe-id-to-entrez-id-using-reference-file","title":"Mapping probe ID to entrez ID using reference file"},{"tags":["agda","agda-mode"],"owner":{"account_id":1589784,"reputation":5369,"user_id":1601580,"user_type":"registered","accept_rate":47,"profile_image":"https://i.stack.imgur.com/2B6rV.png?s=256&g=1","display_name":"Charlie Parker","link":"https://stackoverflow.com/users/1601580/charlie-parker"},"is_answered":false,"view_count":189,"answer_count":0,"score":3,"last_activity_date":1650005763,"creation_date":1649979775,"last_edit_date":1650005763,"question_id":71878672,"content_license":"CC BY-SA 4.0","link":"https://stackoverflow.com/questions/71878672/unable-to-install-agda-via-homebrew-in-mac-os-x-m1-chip","title":"Unable to install agda via homebrew in mac os x M1 chip"},{"tags":["javascript","reactjs","react-chat-engine"],"owner":{"account_id":22727457,"reputation":9,"user_id":16890958,"user_type":"registered","profile_image":"https://www.gravatar.com/avatar/153420234996c6ae9340730a5a6fda94?s=256&d=identicon&r=PG&f=y&so-version=2","display_name":"TimMTech93","link":"https://stackoverflow.com/users/16890958/timmtech93"},"is_answered":true,"view_count":466,"answer_count":2,"score":0,"last_activity_date":1690363954,"creation_date":1649979688,"last_edit_date":1649980041,"question_id":71878664,"content_license":"CC BY-SA 4.0","link":"https://stackoverflow.com/questions/71878664/chat-engine-api-support-chat-via-react","title":"Chat Engine API Support Chat via React"},{"tags":["django","redirect","django-views","django-class-based-views","classname"],"owner":{"account_id":22493400,"reputation":1,"user_id":16690814,"user_type":"registered","profile_image":"https://lh3.googleusercontent.com/a-/AOh14GigRniEnGEwhQ489jj8L1NhSv7hKedD0VEVR129RQ=k-s256","display_name":"Mirko M","link":"https://stackoverflow.com/users/16690814/mirko-m"},"is_answered":false,"view_count":871,"answer_count":1,"score":0,"last_activity_date":1649983928,"creation_date":1649979607,"question_id":71878660,"content_license":"CC BY-SA 4.0","link":"https://stackoverflow.com/questions/71878660/how-to-redirect-using-a-view-name-in-django-class-based-views","title":"How to redirect using a view name in Django, class-based views?"},{"tags":["javascript","html","css"],"owner":{"account_id":24942101,"reputation":1,"user_id":18807845,"user_type":"registered","profile_image":"https://www.gravatar.com/avatar/2b11623a118e4b1cb45801002ff96759?s=256&d=identicon&r=PG","display_name":"casencio","link":"https://stackoverflow.com/users/18807845/casencio"},"is_answered":true,"view_count":115,"answer_count":2,"score":0,"last_activity_date":1649987528,"creation_date":1649979591,"last_edit_date":1649980296,"question_id":71878659,"content_license":"CC BY-SA 4.0","link":"https://stackoverflow.com/questions/71878659/script-for-hiding-navbar-not-on-top-neither-on-bottom-of-scroll","title":"Script for hiding navbar...not on top, neither on bottom of scroll"},{"tags":["javascript","reactjs","frontend"],"owner":{"account_id":8033352,"reputation":1134,"user_id":6057426,"user_type":"registered","profile_image":"https://i.stack.imgur.com/Ht6rm.jpg?s=256&g=1","display_name":"Muhamed Krasniqi","link":"https://stackoverflow.com/users/6057426/muhamed-krasniqi"},"is_answered":false,"view_count":418,"answer_count":1,"score":0,"last_activity_date":1649979973,"creation_date":1649979554,"question_id":71878653,"content_license":"CC BY-SA 4.0","link":"https://stackoverflow.com/questions/71878653/prevent-user-from-leaving-view-if-there-are-unsaved-changes-without-using-routes","title":"Prevent user from leaving view if there are unsaved changes without using routes in React"},{"tags":["django"],"owner":{"account_id":18597872,"reputation":718,"user_id":13553405,"user_type":"registered","profile_image":"https://www.gravatar.com/avatar/126f171122e5e9ade5864c5f34e1cdf7?s=256&d=identicon&r=PG&f=y&so-version=2","display_name":"fakeMake","link":"https://stackoverflow.com/users/13553405/fakemake"},"is_answered":false,"view_count":207,"answer_count":0,"score":1,"last_activity_date":1650073918,"creation_date":1649979530,"question_id":71878650,"content_license":"CC BY-SA 4.0","link":"https://stackoverflow.com/questions/71878650/how-to-add-a-given-number-of-days-to-a-django-datetimefield","title":"How to add a given number of days to a django DateTimeField"},{"tags":["sql","oracle","group-by","aggregation","wkt"],"owner":{"account_id":7320617,"reputation":296,"user_id":5576771,"user_type":"registered","accept_rate":100,"profile_image":"https://www.gravatar.com/avatar/3ec88743424f4f5a8cad453da77ceb41?s=256&d=identicon&r=PG&f=y&so-version=2","display_name":"User1974","link":"https://stackoverflow.com/users/5576771/user1974"},"is_answered":true,"view_count":55,"accepted_answer_id":71879022,"answer_count":1,"score":0,"last_activity_date":1649985385,"creation_date":1649979504,"last_edit_date":1649979811,"question_id":71878648,"content_license":"CC BY-SA 4.0","link":"https://stackoverflow.com/questions/71878648/aggregate-vertices-as-rows-to-string","title":"Aggregate vertices-as-rows to string"},{"tags":["javascript","reactjs"],"owner":{"account_id":8854499,"reputation":1524,"user_id":6612655,"user_type":"registered","profile_image":"https://i.stack.imgur.com/fAsxJ.jpg?s=256&g=1","display_name":"alopez02","link":"https://stackoverflow.com/users/6612655/alopez02"},"is_answered":true,"view_count":60,"accepted_answer_id":71878750,"answer_count":1,"score":0,"last_activity_date":1649981401,"creation_date":1649979479,"question_id":71878645,"content_license":"CC BY-SA 4.0","link":"https://stackoverflow.com/questions/71878645/executing-two-functions-passed-in-props-sequentially-in-react","title":"Executing two functions (passed in props) sequentially in React"},{"tags":["authentication","atlassian-sourcetree"],"owner":{"account_id":1138987,"reputation":615,"user_id":1123409,"user_type":"registered","accept_rate":12,"profile_image":"https://www.gravatar.com/avatar/136e5bb825b4de52c77dfeb21bd0b336?s=256&d=identicon&r=PG","display_name":"CasaDelGato","link":"https://stackoverflow.com/users/1123409/casadelgato"},"is_answered":false,"view_count":488,"answer_count":1,"score":-1,"last_activity_date":1650295943,"creation_date":1649979451,"question_id":71878640,"content_license":"CC BY-SA 4.0","link":"https://stackoverflow.com/questions/71878640/sourcetree-update-broke-authentication","title":"Sourcetree Update broke authentication"},{"tags":["r","boxplot","t-test"],"owner":{"account_id":24942001,"reputation":13,"user_id":18807754,"user_type":"registered","profile_image":"https://lh3.googleusercontent.com/a/AATXAJx28Som0VBV5tB-YEXeMRn6kELuc-wSuccTRetz=k-s256","display_name":"Mauro","link":"https://stackoverflow.com/users/18807754/mauro"},"is_answered":true,"view_count":164,"accepted_answer_id":71879084,"answer_count":1,"score":1,"last_activity_date":1649985092,"creation_date":1649979449,"question_id":71878639,"content_license":"CC BY-SA 4.0","link":"https://stackoverflow.com/questions/71878639/wrong-results-in-calculating-boxplot-significance-levels-in-r","title":"Wrong results in calculating boxplot significance levels in R"},{"tags":["python","pytest","monkeypatching","pytest-mock"],"owner":{"account_id":13061794,"reputation":329,"user_id":9438728,"user_type":"registered","profile_image":"https://i.stack.imgur.com/zjsvz.jpg?s=256&g=1","display_name":"Isu","link":"https://stackoverflow.com/users/9438728/isu"},"is_answered":false,"view_count":1806,"answer_count":0,"score":1,"last_activity_date":1649979432,"creation_date":1649979432,"question_id":71878638,"content_license":"CC BY-SA 4.0","link":"https://stackoverflow.com/questions/71878638/how-to-monkeypatch-env-variable-correctly-in-pytest","title":"How to monkeypatch env variable correctly in pytest"},{"tags":["c","file"],"owner":{"account_id":24942103,"reputation":1,"user_id":18807847,"user_type":"registered","profile_image":"https://lh3.googleusercontent.com/a-/AOh14Gho1DzzHdd5BY2C4_v5TZSsTn-KtvSzq5sjhp87dA=k-s256","display_name":"Hilmanis Wilpurt","link":"https://stackoverflow.com/users/18807847/hilmanis-wilpurt"},"is_answered":false,"view_count":136,"answer_count":1,"score":-3,"last_activity_date":1649981898,"creation_date":1649979425,"last_edit_date":1649980620,"question_id":71878637,"content_license":"CC BY-SA 4.0","link":"https://stackoverflow.com/questions/71878637/password-function","title":"Password function"}],"has_more":true,"quota_max":300,"quota_remaining":291}