{"items":[{"tags":["reactjs","sass"],"owner":{"account_id":21169219,"reputation":3,"user_id":17903561,"user_type":"registered","profile_image":"https://www.gravatar.com/avatar/62e12fdab13c805835eb0cb649a4a94a?s=256&d=identicon&r=PG&f=y&so-version=2","display_name":"Asad","link":"https://stackoverflow.com/users/17903561/asad"},"is_answered":true,"view_count":29,"closed_date":1642396308,"accepted_answer_id":70727781,"answer_count":1,"score":-1,"last_activity_date":1642313504,"creation_date":1642312750,"question_id":70727723,"link":"https://stackoverflow.com/questions/70727723/why-sometimes-we-need-space-between-and-in-css-react","closed_reason":"Duplicate","title":"why sometimes we need space between &amp; and . in css react"},{"tags":["sql","node.js","postgresql","sequelize.js"],"owner":{"account_id":15721694,"reputation":184,"user_id":13049450,"user_type":"registered","profile_image":"https://i.stack.imgur.com/G8X73.png?s=256&g=1","display_name":"rickster","link":"https://stackoverflow.com/users/13049450/rickster"},"is_answered":true,"view_count":1060,"accepted_answer_id":70747310,"answer_count":1,"score":0,"last_activity_date":1642530853,"creation_date":1642312694,"question_id":70727718,"content_license":"CC BY-SA 4.0","link":"https://stackoverflow.com/questions/70727718/counting-in-many-to-many-relations-sequelize","title":"Counting in Many-To-Many Relations Sequelize"},{"tags":["android","kotlin","android-fragments","error-handling","searchview"],"owner":{"account_id":21321414,"reputation":17,"user_id":16756383,"user_type":"registered","profile_image":"https://lh3.googleusercontent.com/a-/AOh14GinJLu0igODUm9ceKm6cH8h8bvi6CMCYvtHV2B4_Q=k-s256","display_name":"Shivam verma","link":"https://stackoverflow.com/users/16756383/shivam-verma"},"is_answered":true,"view_count":166,"accepted_answer_id":70727953,"answer_count":1,"score":0,"last_activity_date":1642333434,"creation_date":1642312614,"question_id":70727714,"content_license":"CC BY-SA 4.0","link":"https://stackoverflow.com/questions/70727714/i-am-using-searchview-in-fragment-and-my-data-is-not-added-in-my-new-array-using","title":"I am using Searchview in Fragment and my data is not added in my New array Using Kotlin"},{"tags":["php","laravel"],"owner":{"account_id":23838897,"reputation":45,"user_id":17844252,"user_type":"registered","profile_image":"https://www.gravatar.com/avatar/eaab88609a0fde1f0f61fde9cde16571?s=256&d=identicon&r=PG","display_name":"Pis-Nanc","link":"https://stackoverflow.com/users/17844252/pis-nanc"},"is_answered":true,"view_count":56,"answer_count":1,"score":1,"last_activity_date":1642318820,"creation_date":1642312612,"last_edit_date":1642312981,"question_id":70727711,"content_license":"CC BY-SA 4.0","link":"https://stackoverflow.com/questions/70727711/single-category-and-multi-categories","title":"Single category and multi categories"},{"tags":["python","dictionary","while-loop","scope"],"owner":{"account_id":23953603,"reputation":263,"user_id":17944792,"user_type":"registered","profile_image":"https://www.gravatar.com/avatar/30991289dae7b54047b1c4d66f1a492b?s=256&d=identicon&r=PG","display_name":"rolias4031","link":"https://stackoverflow.com/users/17944792/rolias4031"},"is_answered":true,"view_count":728,"accepted_answer_id":70727915,"answer_count":1,"score":1,"last_activity_date":1642315389,"creation_date":1642312512,"question_id":70727706,"content_license":"CC BY-SA 4.0","link":"https://stackoverflow.com/questions/70727706/why-is-my-dictionary-not-updating-in-this-while-loop","title":"Why is my dictionary not updating in this while loop?"},{"tags":["c++","artifactory","libcurl"],"owner":{"account_id":2649822,"reputation":45,"user_id":2291793,"user_type":"registered","profile_image":"https://www.gravatar.com/avatar/c51a1b68d97d9d9252eea9324bd852f7?s=256&d=identicon&r=PG","display_name":"shrabana kumar","link":"https://stackoverflow.com/users/2291793/shrabana-kumar"},"is_answered":true,"view_count":1161,"answer_count":1,"score":-1,"last_activity_date":1643717813,"creation_date":1642312493,"last_edit_date":1642411499,"question_id":70727704,"content_license":"CC BY-SA 4.0","link":"https://stackoverflow.com/questions/70727704/curl-unauthorized-401-error-while-downloading-zip-file-from-artifactory","title":"CURL : Unauthorized 401 error while downloading zip file from Artifactory"},{"tags":["r","gt"],"owner":{"account_id":16649507,"reputation":643,"user_id":12032850,"user_type":"registered","profile_image":"https://www.gravatar.com/avatar/420d2aaa14b0993c261ef6400a86d5f4?s=256&d=identicon&r=PG&f=y&so-version=2","display_name":"seansteele","link":"https://stackoverflow.com/users/12032850/seansteele"},"is_answered":true,"view_count":284,"accepted_answer_id":70728817,"answer_count":1,"score":2,"last_activity_date":1642326678,"creation_date":1642312440,"question_id":70727702,"content_license":"CC BY-SA 4.0","link":"https://stackoverflow.com/questions/70727702/can-you-color-an-adjacent-cell-in-gt-table-in-r","title":"Can you color an adjacent cell in gt table in r?"},{"tags":["apache-camel","file-watcher"],"owner":{"account_id":23775304,"reputation":21,"user_id":17788845,"user_type":"registered","profile_image":"https://lh3.googleusercontent.com/a/AATXAJy8qLTec2pDNS7WhRb62tftor_188zjpUd4rCua=k-s256","display_name":"Andy Chan","link":"https://stackoverflow.com/users/17788845/andy-chan"},"is_answered":true,"view_count":131,"accepted_answer_id":70729335,"answer_count":1,"score":0,"last_activity_date":1642330013,"creation_date":1642312365,"question_id":70727700,"content_license":"CC BY-SA 4.0","link":"https://stackoverflow.com/questions/70727700/can-apache-camel-file-watch-create-event-ensure-file-integrity","title":"can Apache Camel File watch create event ensure file integrity"},{"tags":["go"],"owner":{"account_id":399191,"reputation":1443,"user_id":764370,"user_type":"registered","accept_rate":58,"profile_image":"https://www.gravatar.com/avatar/3166634babe59578bb31921ea2e30c4a?s=256&d=identicon&r=PG","display_name":"Sunder","link":"https://stackoverflow.com/users/764370/sunder"},"is_answered":true,"view_count":804,"accepted_answer_id":70727727,"answer_count":1,"score":-2,"last_activity_date":1642313796,"creation_date":1642312296,"question_id":70727696,"content_license":"CC BY-SA 4.0","link":"https://stackoverflow.com/questions/70727696/how-do-i-parse-the-following-time-in-golang","title":"How do I parse the following time in Golang?"},{"tags":["verilog","vivado"],"owner":{"account_id":9351474,"reputation":57,"user_id":6942242,"user_type":"registered","accept_rate":100,"profile_image":"https://www.gravatar.com/avatar/df747424b115da2bf6b5c2a97945888c?s=256&d=identicon&r=PG&f=y&so-version=2","display_name":"NotAProgrammer","link":"https://stackoverflow.com/users/6942242/notaprogrammer"},"is_answered":false,"view_count":601,"answer_count":1,"score":-1,"last_activity_date":1642327448,"creation_date":1642312289,"question_id":70727695,"content_license":"CC BY-SA 4.0","link":"https://stackoverflow.com/questions/70727695/verilog-assign-an-output-that-lasts-more-than-1-clock-cycle","title":"Verilog - Assign an output that lasts more than 1 clock cycle"},{"tags":["c#","php",".net","encryption"],"owner":{"account_id":9745819,"reputation":31,"user_id":15110353,"user_type":"registered","profile_image":"https://www.gravatar.com/avatar/38bd0af61e1b027d9a4018a030ac9081?s=256&d=identicon&r=PG&f=y&so-version=2","display_name":"MinorDestroyer","link":"https://stackoverflow.com/users/15110353/minordestroyer"},"is_answered":true,"view_count":46,"accepted_answer_id":70727871,"answer_count":1,"score":1,"last_activity_date":1642538870,"creation_date":1642312214,"last_edit_date":1642538870,"question_id":70727693,"content_license":"CC BY-SA 4.0","link":"https://stackoverflow.com/questions/70727693/convert-php-decryption-function-to-c-responds-differently-result","title":"Convert php decryption function to C# responds differently result"},{"tags":["javascript","css"],"owner":{"account_id":23953727,"reputation":18,"user_id":17944895,"user_type":"registered","profile_image":"https://www.gravatar.com/avatar/c0b1a2f46090eb1d112f4aeeaba71e60?s=256&d=identicon&r=PG","display_name":"alexandros","link":"https://stackoverflow.com/users/17944895/alexandros"},"is_answered":true,"view_count":55,"accepted_answer_id":70727779,"answer_count":3,"score":0,"last_activity_date":1642314803,"creation_date":1642312147,"question_id":70727687,"content_license":"CC BY-SA 4.0","link":"https://stackoverflow.com/questions/70727687/i-try-to-change-the-background-color-at-on-small-app-in-html-css-js","title":"I try to change the background color at on small app in html css js"},{"tags":["azure","azureservicebus","azure-servicebus-topics"],"owner":{"account_id":2069010,"reputation":169,"user_id":1843883,"user_type":"registered","profile_image":"https://www.gravatar.com/avatar/98f06783fc85c3b7ef7e467354f200bb?s=256&d=identicon&r=PG","display_name":"user1843883","link":"https://stackoverflow.com/users/1843883/user1843883"},"is_answered":false,"view_count":604,"answer_count":1,"score":0,"last_activity_date":1642327603,"creation_date":1642312119,"question_id":70727685,"content_license":"CC BY-SA 4.0","link":"https://stackoverflow.com/questions/70727685/azure-service-bus-delete-scheduled-messages-from-topic","title":"Azure Service Bus - Delete Scheduled Messages from Topic"},{"tags":["java","spring-boot","rest","file","large-file-upload"],"owner":{"account_id":23953632,"reputation":21,"user_id":17944814,"user_type":"registered","profile_image":"https://www.gravatar.com/avatar/70eb8949a2de9d4641cf44acab7e77d1?s=256&d=identicon&r=PG","display_name":"Chittu","link":"https://stackoverflow.com/users/17944814/chittu"},"is_answered":false,"view_count":3880,"answer_count":2,"score":1,"last_activity_date":1698256460,"creation_date":1642312024,"question_id":70727681,"content_license":"CC BY-SA 4.0","link":"https://stackoverflow.com/questions/70727681/unable-to-delete-a-file-after-using-it-with-filesystemresource-in-spring-boot-we","title":"Unable to delete a file after using it with FileSystemResource in spring boot webapp?"},{"tags":["ios","xcode"],"owner":{"account_id":12418235,"reputation":2969,"user_id":9046550,"user_type":"registered","profile_image":"https://www.gravatar.com/avatar/2d8ba3692a961762cf0774c0f90bf076?s=256&d=identicon&r=PG&f=y&so-version=2","display_name":"Shreeram Bhat","link":"https://stackoverflow.com/users/9046550/shreeram-bhat"},"is_answered":false,"view_count":29,"answer_count":0,"score":0,"last_activity_date":1642311978,"creation_date":1642311978,"question_id":70727676,"content_license":"CC BY-SA 4.0","link":"https://stackoverflow.com/questions/70727676/can-not-revert-from-open-as-source-code-in-stoaryboard-xcode","title":"Can not revert from &quot;open as source code&quot; in Stoaryboard Xcode"},{"tags":["python","bash","amazon-web-services","boto3","aws-cli"],"owner":{"account_id":13579272,"reputation":3,"user_id":9801879,"user_type":"registered","profile_image":"https://lh4.googleusercontent.com/-ulD0FFbi5xo/AAAAAAAAAAI/AAAAAAAAV4c/PN0Z-GtV3bI/photo.jpg?sz=256","display_name":"Renato Silva","link":"https://stackoverflow.com/users/9801879/renato-silva"},"is_answered":false,"view_count":141,"answer_count":1,"score":0,"last_activity_date":1642458562,"creation_date":1642311906,"question_id":70727673,"content_license":"CC BY-SA 4.0","link":"https://stackoverflow.com/questions/70727673/use-python-variable-in-bash-command-with-check-output","title":"Use Python variable in bash command with check_output"},{"tags":["java","android","firebase","firebase-realtime-database","android-recyclerview"],"owner":{"account_id":21576434,"reputation":17,"user_id":15908480,"user_type":"registered","profile_image":"https://lh3.googleusercontent.com/a/AATXAJysOtEU-KSpxMyl889Q4nhfvJ_0Wah3nQt1paTt=k-s256","display_name":"Francis Raj","link":"https://stackoverflow.com/users/15908480/francis-raj"},"is_answered":true,"view_count":68,"accepted_answer_id":70728440,"answer_count":1,"score":1,"last_activity_date":1642328775,"creation_date":1642311886,"last_edit_date":1642328775,"question_id":70727670,"content_license":"CC BY-SA 4.0","link":"https://stackoverflow.com/questions/70727670/firebase-data-not-displaying-in-recycler-view-how-do-i-display-user-specific-da","title":"Firebase data not displaying in Recycler view. How do I display user specific data from firebase in recyclerview?"},{"tags":["html","css"],"owner":{"account_id":23880988,"reputation":21,"user_id":17881693,"user_type":"registered","profile_image":"https://i.stack.imgur.com/KRbud.jpg?s=256&g=1","display_name":"i dont know how to code","link":"https://stackoverflow.com/users/17881693/i-dont-know-how-to-code"},"is_answered":true,"view_count":297,"accepted_answer_id":70727725,"answer_count":3,"score":-1,"last_activity_date":1642313685,"creation_date":1642311871,"question_id":70727669,"content_license":"CC BY-SA 4.0","link":"https://stackoverflow.com/questions/70727669/put-a-link-on-an-image-sprite","title":"Put a link on an Image Sprite"},{"tags":["c++","clang","clang++"],"owner":{"account_id":5466642,"reputation":779,"user_id":4347276,"user_type":"registered","accept_rate":55,"profile_image":"https://www.gravatar.com/avatar/b81ec0ae3aa3a53179752a35aaf010bd?s=256&d=identicon&r=PG&f=y&so-version=2","display_name":"Egor","link":"https://stackoverflow.com/users/4347276/egor"},"is_answered":true,"view_count":628,"accepted_answer_id":70728139,"answer_count":1,"score":2,"last_activity_date":1646114412,"creation_date":1642311860,"last_edit_date":1642312257,"question_id":70727668,"content_license":"CC BY-SA 4.0","link":"https://stackoverflow.com/questions/70727668/bizarre-struct-member-packing-in-32-bit-clang","title":"Bizarre struct member packing in 32-bit clang"},{"tags":["python-3.x","anaconda","conda","dependency-management","miniconda"],"owner":{"account_id":18516575,"reputation":93,"user_id":13490591,"user_type":"registered","profile_image":"https://www.gravatar.com/avatar/859a48048b83916fcbc4e6ebcf5a17ee?s=256&d=identicon&r=PG&f=y&so-version=2","display_name":"Mahavir I","link":"https://stackoverflow.com/users/13490591/mahavir-i"},"is_answered":false,"view_count":34,"closed_date":1642348060,"answer_count":0,"score":1,"last_activity_date":1642320426,"creation_date":1642311853,"last_edit_date":1642320426,"question_id":70727667,"link":"https://stackoverflow.com/questions/70727667/error-while-creating-conda-environment-in-python-3-7-only-supports-python-3-10","closed_reason":"Duplicate","title":"Error while creating conda environment in python 3.7, only supports python 3.10"},{"tags":["python","python-3.x","list"],"owner":{"account_id":23896387,"reputation":21,"user_id":17895280,"user_type":"registered","profile_image":"https://lh3.googleusercontent.com/a/AATXAJzwViRgO3_H_XqIGYDOnryLWsUpkgK_ByN4j5Aw=k-s256","display_name":"Azer","link":"https://stackoverflow.com/users/17895280/azer"},"is_answered":true,"view_count":341,"accepted_answer_id":70727705,"answer_count":2,"score":-2,"last_activity_date":1642384223,"creation_date":1642311757,"question_id":70727662,"content_license":"CC BY-SA 4.0","link":"https://stackoverflow.com/questions/70727662/how-can-i-specify-an-unknown-number-in-a-list-as-a-conditional-statement-in-a-fo","title":"How can I specify an unknown number in a list as a conditional statement in a for loop?"},{"tags":["typescript","jestjs","global-variables","ts-jest"],"owner":{"user_type":"does_not_exist","display_name":"user16373392"},"is_answered":false,"view_count":364,"answer_count":1,"score":0,"last_activity_date":1649517316,"creation_date":1642311750,"question_id":70727661,"content_license":"CC BY-SA 4.0","link":"https://stackoverflow.com/questions/70727661/how-can-i-make-jest-mongodb-work-with-node-env","title":"How can I make jest-mongodb work with NODE_ENV?"},{"tags":["reactjs"],"owner":{"account_id":23953651,"reputation":3,"user_id":17944831,"user_type":"registered","profile_image":"https://lh3.googleusercontent.com/a-/AOh14GgjTFyviZuB5bQMBNv435XhimsUCCW-os21rccaVg=k-s256","display_name":"Mike Ouroumis","link":"https://stackoverflow.com/users/17944831/mike-ouroumis"},"is_answered":true,"view_count":115,"accepted_answer_id":70727787,"answer_count":1,"score":-1,"last_activity_date":1642313554,"creation_date":1642311532,"question_id":70727654,"content_license":"CC BY-SA 4.0","link":"https://stackoverflow.com/questions/70727654/reactjs-shows-the-message-in-console-but-not-in-ui","title":"Reactjs shows the message in console but not in UI"},{"tags":["html","css","background"],"owner":{"account_id":21993739,"reputation":13,"user_id":16266638,"user_type":"registered","profile_image":"https://www.gravatar.com/avatar/9302b838a636daa82ab920dd60b1f382?s=256&d=identicon&r=PG&f=y&so-version=2","display_name":"Cataclysm88","link":"https://stackoverflow.com/users/16266638/cataclysm88"},"is_answered":true,"view_count":93,"answer_count":2,"score":0,"last_activity_date":1642339171,"creation_date":1642311421,"last_edit_date":1642316843,"question_id":70727650,"content_license":"CC BY-SA 4.0","link":"https://stackoverflow.com/questions/70727650/how-to-limit-a-border-in-css-towards-an-image","title":"How to limit a border in CSS towards an image?"},{"tags":["reactjs","enzyme","react-dom","jest-fetch-mock"],"owner":{"account_id":22428313,"reputation":25,"user_id":16634572,"user_type":"registered","profile_image":"https://lh3.googleusercontent.com/a/AATXAJw4lzqHrTAzB8ER-FiS9ZlmRq5LORMaCgZz8aaa=k-s256","display_name":"Krushna Kumar","link":"https://stackoverflow.com/users/16634572/krushna-kumar"},"is_answered":false,"view_count":459,"answer_count":0,"score":1,"last_activity_date":1642312114,"creation_date":1642311365,"last_edit_date":1642312114,"question_id":70727649,"content_license":"CC BY-SA 4.0","link":"https://stackoverflow.com/questions/70727649/write-the-test-case-for-useeffect-with-fetch-api-and-usestate-in-react","title":"Write the test case for useEffect with Fetch API and useState in react"},{"tags":["java","mysql","spring","hibernate","thymeleaf"],"owner":{"account_id":23952284,"reputation":1,"user_id":17943658,"user_type":"registered","profile_image":"https://www.gravatar.com/avatar/b142d91e00517d7b5109f296f5e82a27?s=256&d=identicon&r=PG","display_name":"Erick","link":"https://stackoverflow.com/users/17943658/erick"},"is_answered":false,"view_count":214,"answer_count":2,"score":0,"last_activity_date":1642326472,"creation_date":1642311348,"question_id":70727648,"content_license":"CC BY-SA 4.0","link":"https://stackoverflow.com/questions/70727648/unsure-of-why-java-spring-app-is-not-saving-my-entity-properly-to-mysql-database","title":"Unsure of why java/spring app is not saving my entity properly to MySQL database (when it is correctly saving another)"},{"tags":["reactjs","react-router","react-router-dom"],"owner":{"account_id":17821816,"reputation":185,"user_id":12944024,"user_type":"registered","profile_image":"https://www.gravatar.com/avatar/4a65737f0b0f9d0a9456f1a267074ea5?s=256&d=identicon&r=PG&f=y&so-version=2","display_name":"murari_sabavath","link":"https://stackoverflow.com/users/12944024/murari-sabavath"},"is_answered":false,"view_count":271,"answer_count":0,"score":0,"last_activity_date":1642313741,"creation_date":1642311204,"last_edit_date":1642313741,"question_id":70727642,"content_license":"CC BY-SA 4.0","link":"https://stackoverflow.com/questions/70727642/react-router-dom-link-not-working-properly","title":"react-router-dom link not working properly"},{"tags":["angular","angular-material"],"owner":{"account_id":421281,"reputation":2805,"user_id":799441,"user_type":"registered","accept_rate":89,"profile_image":"https://www.gravatar.com/avatar/b66f3619969bc6091bac7fb22046607f?s=256&d=identicon&r=PG","display_name":"Robbie Mills","link":"https://stackoverflow.com/users/799441/robbie-mills"},"is_answered":false,"view_count":342,"answer_count":1,"score":-1,"last_activity_date":1642320983,"creation_date":1642311177,"question_id":70727638,"content_license":"CC BY-SA 4.0","link":"https://stackoverflow.com/questions/70727638/adding-a-css-class-to-a-mat-select-item","title":"Adding a css class to a mat-select item"},{"tags":["javascript","typescript","vue.js","nuxt.js"],"owner":{"account_id":16293497,"reputation":707,"user_id":11766408,"user_type":"registered","profile_image":"https://www.gravatar.com/avatar/40fc10b531d9983258ef6cf69df193d8?s=256&d=identicon&r=PG&f=y&so-version=2","display_name":"jpskgc","link":"https://stackoverflow.com/users/11766408/jpskgc"},"is_answered":true,"view_count":490,"accepted_answer_id":70727658,"answer_count":1,"score":1,"last_activity_date":1642378724,"creation_date":1642311153,"last_edit_date":1642378724,"question_id":70727636,"content_license":"CC BY-SA 4.0","link":"https://stackoverflow.com/questions/70727636/how-to-redirect-vue-nuxt-spa-page-automatically","title":"How to redirect Vue/Nuxt SPA Page automatically"},{"tags":["javascript","php","jquery"],"owner":{"account_id":23900596,"reputation":93,"user_id":17898814,"user_type":"registered","profile_image":"https://lh3.googleusercontent.com/a/AATXAJxDlGTJtIxJ3L6M7GGBbATNjkzVnnqkTJhnlPq2=k-s256","display_name":"JAS MAL","link":"https://stackoverflow.com/users/17898814/jas-mal"},"is_answered":false,"view_count":47,"answer_count":1,"score":1,"last_activity_date":1642312945,"creation_date":1642311099,"last_edit_date":1642312945,"question_id":70727634,"content_license":"CC BY-SA 4.0","link":"https://stackoverflow.com/questions/70727634/save-dynamic-multiple-checkboxes-state-on-page-reload","title":"save dynamic multiple checkboxes state on page reload"}],"has_more":true,"quota_max":300,"quota_remaining":238}