{"items":[{"tags":["python","kivy","py-telegram-bot-api"],"owner":{"account_id":23829365,"reputation":1,"user_id":17835867,"user_type":"registered","profile_image":"https://www.gravatar.com/avatar/057cda67f6d34c5419e27d6f04fb4180?s=256&d=identicon&r=PG","display_name":"NickSplat","link":"https://stackoverflow.com/users/17835867/nicksplat"},"is_answered":false,"view_count":52,"answer_count":0,"score":0,"last_activity_date":1641340763,"creation_date":1641340763,"question_id":70586377,"content_license":"CC BY-SA 4.0","link":"https://stackoverflow.com/questions/70586377/is-it-possible-to-run-2-loop-functions-without-one-of-them-not-getting-reached-a","title":"Is it possible to run 2 loop functions without one of them not getting reached at all?"},{"tags":["c++","c++17","stdarray","stdoptional"],"owner":{"account_id":4462333,"reputation":409,"user_id":3630804,"user_type":"registered","profile_image":"https://www.gravatar.com/avatar/739d6d18d090c7a3496d4e02f873167c?s=256&d=identicon&r=PG&f=y&so-version=2","display_name":"TeenyTinySparkles","link":"https://stackoverflow.com/users/3630804/teenytinysparkles"},"is_answered":true,"view_count":1880,"accepted_answer_id":70586449,"answer_count":1,"score":1,"last_activity_date":1641341666,"creation_date":1641340720,"last_edit_date":1641341162,"question_id":70586376,"content_license":"CC BY-SA 4.0","link":"https://stackoverflow.com/questions/70586376/assigning-values-to-stdarray-of-stdoptional-objects","title":"Assigning values to std::array of std::optional objects"},{"tags":["python","pandas","numpy"],"owner":{"account_id":19095653,"reputation":21,"user_id":17835172,"user_type":"registered","profile_image":"https://www.gravatar.com/avatar/0271c927df09697f095f1c28922408a7?s=256&d=identicon&r=PG&f=y&so-version=2","display_name":"Santiago Ruiz Zuluaga","link":"https://stackoverflow.com/users/17835172/santiago-ruiz-zuluaga"},"is_answered":false,"view_count":93,"answer_count":0,"score":2,"last_activity_date":1641342548,"creation_date":1641340707,"last_edit_date":1641342548,"question_id":70586375,"content_license":"CC BY-SA 4.0","link":"https://stackoverflow.com/questions/70586375/aggregate-rows-in-pandas-dividing-rows-in-n-groups","title":"Aggregate rows in pandas dividing rows in n groups"},{"tags":["r","dataframe","time"],"owner":{"account_id":23828333,"reputation":19,"user_id":17835022,"user_type":"registered","profile_image":"https://www.gravatar.com/avatar/ac539d2da7737187054c6d10f3483c34?s=256&d=identicon&r=PG","display_name":"J34","link":"https://stackoverflow.com/users/17835022/j34"},"is_answered":true,"view_count":34,"accepted_answer_id":70586665,"answer_count":1,"score":1,"last_activity_date":1641343802,"creation_date":1641340693,"question_id":70586373,"content_license":"CC BY-SA 4.0","link":"https://stackoverflow.com/questions/70586373/changing-values-based-on-a-condition-happening-in-the-past-48-hours","title":"Changing values based on a condition happening in the past 48 hours?"},{"tags":["svn","tortoisesvn"],"owner":{"account_id":19339456,"reputation":11,"user_id":14139355,"user_type":"registered","profile_image":"https://www.gravatar.com/avatar/ccf5eea29aec209bd19aba26fe35e7a3?s=256&d=identicon&r=PG&f=y&so-version=2","display_name":"Ian Cheng","link":"https://stackoverflow.com/users/14139355/ian-cheng"},"is_answered":false,"view_count":158,"answer_count":0,"score":0,"last_activity_date":1641340681,"creation_date":1641340681,"question_id":70586372,"content_license":"CC BY-SA 4.0","link":"https://stackoverflow.com/questions/70586372/tortoisesvn-user-access-issue-request-for-login-credentials-looping-in-browser","title":"TortoiseSVN user access issue - Request for login credentials looping in browser and desktop app"},{"tags":["python","python-itertools","more-itertools"],"owner":{"account_id":342750,"reputation":9778,"user_id":674064,"user_type":"registered","accept_rate":75,"profile_image":"https://www.gravatar.com/avatar/5bf2cf5a797565e548088053644704e7?s=256&d=identicon&r=PG","display_name":"das-g","link":"https://stackoverflow.com/users/674064/das-g"},"is_answered":true,"view_count":586,"closed_date":1641342041,"accepted_answer_id":70586493,"answer_count":3,"score":5,"last_activity_date":1641344382,"creation_date":1641340590,"question_id":70586364,"link":"https://stackoverflow.com/questions/70586364/how-to-elegantly-generate-all-prefixes-of-an-iterable-cumulative-iterable","closed_reason":"Opinion-based","title":"How to elegantly generate all prefixes of an iterable? (cumulative iterable)"},{"tags":["node.js"],"owner":{"account_id":14466297,"reputation":41,"user_id":10449553,"user_type":"registered","profile_image":"https://lh3.googleusercontent.com/-eGqged_K2mQ/AAAAAAAAAAI/AAAAAAAAAAA/AAN31DWtrbAgE7Ef6u-VooVnTBt3TLtGYg/mo/photo.jpg?sz=256","display_name":"Jorge Arana","link":"https://stackoverflow.com/users/10449553/jorge-arana"},"is_answered":true,"view_count":32,"answer_count":1,"score":0,"last_activity_date":1641360718,"creation_date":1641340578,"last_edit_date":1641360718,"question_id":70586363,"content_license":"CC BY-SA 4.0","link":"https://stackoverflow.com/questions/70586363/different-results-of-same-res-render","title":"different results of same res.render"},{"tags":["lmfit"],"owner":{"account_id":18473200,"reputation":321,"user_id":13457492,"user_type":"registered","profile_image":"https://lh3.googleusercontent.com/a-/AOh14GjuKq9sAWzkL8BrYt9TUWsYs9SSSMCXKOaBcQ6y_w=k-s256","display_name":"Christopher Creveling","link":"https://stackoverflow.com/users/13457492/christopher-creveling"},"is_answered":true,"view_count":68,"accepted_answer_id":70599750,"answer_count":1,"score":0,"last_activity_date":1641417866,"creation_date":1641340573,"question_id":70586361,"content_license":"CC BY-SA 4.0","link":"https://stackoverflow.com/questions/70586361/does-the-order-of-fit-params-matter-when-using-the-python-module-lmfit","title":"Does the order of fit_params matter when using the python module lmfit?"},{"tags":["google-analytics","goal-tracking"],"owner":{"account_id":23829442,"reputation":1,"user_id":17835933,"user_type":"registered","profile_image":"https://lh3.googleusercontent.com/a-/AOh14Gg0FglwAhI8tCFM46IjBWb9o_oYAbt7KaZJc9nU=k-s256","display_name":"Connor BCC","link":"https://stackoverflow.com/users/17835933/connor-bcc"},"is_answered":false,"view_count":66,"answer_count":1,"score":0,"last_activity_date":1641404028,"creation_date":1641340573,"last_edit_date":1641402380,"question_id":70586360,"content_license":"CC BY-SA 4.0","link":"https://stackoverflow.com/questions/70586360/google-analytics-goal-funnel-help-shows-drops-off-when-they-are-not","title":"Google Analytics Goal Funnel Help - Shows Drops Off When They Are Not"},{"tags":["r","xaringan"],"owner":{"account_id":3577221,"reputation":3313,"user_id":2986153,"user_type":"registered","accept_rate":50,"profile_image":"https://i.stack.imgur.com/PtaWg.jpg?s=256&g=1","display_name":"Joe","link":"https://stackoverflow.com/users/2986153/joe"},"is_answered":true,"view_count":72,"closed_date":1641441680,"accepted_answer_id":70594479,"answer_count":1,"score":3,"last_activity_date":1641392522,"creation_date":1641340568,"question_id":70586359,"link":"https://stackoverflow.com/questions/70586359/knitrinclude-graphics-disables-slide-break-operator-in-xaringan","closed_reason":"Duplicate","title":"knitr::include_graphics() disables slide break operator (---) in xaringan"},{"tags":["c++","algorithm"],"owner":{"account_id":22405633,"reputation":35,"user_id":16615231,"user_type":"registered","profile_image":"https://lh3.googleusercontent.com/a/AATXAJw5e0sNbukG83PpqKz555cnUjLlx4nuQ4Fm6gT7=k-s256","display_name":"DawsUTV","link":"https://stackoverflow.com/users/16615231/dawsutv"},"is_answered":true,"view_count":391,"answer_count":3,"score":-1,"last_activity_date":1641470554,"creation_date":1641340566,"last_edit_date":1641421509,"question_id":70586358,"content_license":"CC BY-SA 4.0","link":"https://stackoverflow.com/questions/70586358/building-prime-number-checker-in-c","title":"Building prime number checker in c++"},{"tags":["xamarin.forms","xamarin.android","host"],"owner":{"account_id":23421294,"reputation":3,"user_id":17827472,"user_type":"registered","profile_image":"https://graph.facebook.com/4537374316382676/picture?type=large","display_name":"Kevin David Anchapaxi","link":"https://stackoverflow.com/users/17827472/kevin-david-anchapaxi"},"is_answered":false,"view_count":117,"answer_count":0,"score":0,"last_activity_date":1641340547,"creation_date":1641340547,"question_id":70586357,"content_license":"CC BY-SA 4.0","link":"https://stackoverflow.com/questions/70586357/how-can-i-modified-the-hosts-field-in-android-im-working-with-xamarin-forms-in","title":"How Can I modified the Hosts field in android, Im working with xamarin forms in C#"},{"tags":["jmeter"],"owner":{"account_id":5339347,"reputation":798,"user_id":4257075,"user_type":"registered","accept_rate":67,"profile_image":"https://www.gravatar.com/avatar/cebaf44cbc7d1bba0c20a413914b3889?s=256&d=identicon&r=PG&f=y&so-version=2","display_name":"rpagadala","link":"https://stackoverflow.com/users/4257075/rpagadala"},"is_answered":false,"view_count":973,"answer_count":1,"score":1,"last_activity_date":1641355958,"creation_date":1641340391,"question_id":70586353,"content_license":"CC BY-SA 4.0","link":"https://stackoverflow.com/questions/70586353/unable-to-launch-the-jmeter-on-windows-either-jmeter-bat-file-nor-jar-file","title":"Unable to launch the JMeter on Windows either jmeter bat file nor jar file"},{"tags":["powershell","xamarin.forms","uwp"],"owner":{"account_id":948016,"reputation":6402,"user_id":974840,"user_type":"registered","accept_rate":76,"profile_image":"https://www.gravatar.com/avatar/d82b040a8eaa6e75ff19ebd10cde338f?s=256&d=identicon&r=PG","display_name":"Tsukasa","link":"https://stackoverflow.com/users/974840/tsukasa"},"is_answered":true,"view_count":534,"accepted_answer_id":70589432,"answer_count":1,"score":1,"last_activity_date":1641369147,"creation_date":1641340386,"question_id":70586352,"content_license":"CC BY-SA 4.0","link":"https://stackoverflow.com/questions/70586352/allow-camera-and-microphone-access-without-user-input","title":"Allow Camera and Microphone Access Without User Input"},{"tags":["ruby-on-rails","ruby","omniauth","okta"],"owner":{"account_id":3044142,"reputation":17224,"user_id":2580302,"user_type":"registered","accept_rate":89,"profile_image":"https://i.stack.imgur.com/kdugT.jpg?s=256&g=1","display_name":"zetacu","link":"https://stackoverflow.com/users/2580302/zetacu"},"is_answered":false,"view_count":331,"answer_count":0,"score":2,"last_activity_date":1641340353,"creation_date":1641340353,"question_id":70586350,"content_license":"CC BY-SA 4.0","link":"https://stackoverflow.com/questions/70586350/okta-login-ui-fails-to-loan-using-omniauth-okta","title":"Okta login UI fails to loan using omniauth-okta"},{"tags":["javascript","vue.js"],"owner":{"account_id":17932343,"reputation":125,"user_id":13029447,"user_type":"registered","profile_image":"https://www.gravatar.com/avatar/b06bf7180de160c6aa557cfade8c52d2?s=256&d=identicon&r=PG&f=y&so-version=2","display_name":"ga1996","link":"https://stackoverflow.com/users/13029447/ga1996"},"is_answered":true,"view_count":324,"answer_count":1,"score":1,"last_activity_date":1642153957,"creation_date":1641340346,"last_edit_date":1641550670,"question_id":70586349,"content_license":"CC BY-SA 4.0","link":"https://stackoverflow.com/questions/70586349/how-do-i-capture-acceleration-of-devicemotionevent-after-button-is-pressed","title":"How do I capture acceleration of DeviceMotionEvent after button is pressed"},{"tags":["java","stack","indexoutofboundsexception","subtraction","addition"],"owner":{"user_type":"does_not_exist","display_name":"user14759644"},"is_answered":true,"view_count":95,"accepted_answer_id":70586558,"answer_count":1,"score":0,"last_activity_date":1641342583,"creation_date":1641340333,"question_id":70586347,"content_license":"CC BY-SA 4.0","link":"https://stackoverflow.com/questions/70586347/adding-integer-strings-index-out-of-bounds-exception-for-looping","title":"Adding integer strings: Index out of bounds exception for looping"},{"tags":["excel","vba"],"owner":{"account_id":23529898,"reputation":1,"user_id":17575726,"user_type":"registered","profile_image":"https://lh3.googleusercontent.com/a-/AOh14Gj9Dz3WipUQ3ppw8mvI5BQhPur6544Zn9oDUEb5=k-s256","display_name":"Lyndon Bowen","link":"https://stackoverflow.com/users/17575726/lyndon-bowen"},"is_answered":false,"view_count":56,"answer_count":1,"score":0,"last_activity_date":1641362313,"creation_date":1641340331,"last_edit_date":1641340386,"question_id":70586346,"content_license":"CC BY-SA 4.0","link":"https://stackoverflow.com/questions/70586346/send-emails-to-list-and-format-font","title":"Send emails to list and format font"},{"tags":["azure-devops","msbuild","azure-pipelines","webdeploy","msdeploy"],"owner":{"account_id":1308782,"reputation":4519,"user_id":1257227,"user_type":"registered","accept_rate":68,"profile_image":"https://www.gravatar.com/avatar/9338c64f529adf22e15d1aa2083660d3?s=256&d=identicon&r=PG","display_name":"Shumii","link":"https://stackoverflow.com/users/1257227/shumii"},"is_answered":true,"view_count":596,"accepted_answer_id":70603159,"answer_count":1,"score":0,"last_activity_date":1641449067,"creation_date":1641340291,"question_id":70586342,"content_license":"CC BY-SA 4.0","link":"https://stackoverflow.com/questions/70586342/how-to-deploy-reference-built-files-in-azure-devops-pipeline","title":"How to deploy/reference built files in Azure DevOps Pipeline?"},{"tags":["python","pyqt","pyqt5"],"owner":{"account_id":20289316,"reputation":445,"user_id":14881301,"user_type":"registered","profile_image":"https://www.gravatar.com/avatar/2172c939888c542ceaea8aa3af93dbd8?s=256&d=identicon&r=PG&f=y&so-version=2","display_name":"zezo","link":"https://stackoverflow.com/users/14881301/zezo"},"is_answered":true,"view_count":272,"accepted_answer_id":70591809,"answer_count":1,"score":0,"last_activity_date":1641387499,"creation_date":1641340168,"last_edit_date":1641387499,"question_id":70586336,"content_license":"CC BY-SA 4.0","link":"https://stackoverflow.com/questions/70586336/disable-wheelevent-for-qgraphicsview-only-and-not-for-the-inside-widgets","title":"Disable wheelEvent for QGraphicsView only, and not for the inside widgets"},{"tags":["python","pandas"],"owner":{"account_id":23829374,"reputation":109,"user_id":17835874,"user_type":"registered","profile_image":"https://lh3.googleusercontent.com/a/AATXAJzLHvuQoWZ6l2LeACeHZIiUMvrKHlP3iH4ZFrY8=k-s256","display_name":" Annis99","link":"https://stackoverflow.com/users/17835874/annis99"},"is_answered":true,"view_count":162,"accepted_answer_id":70586476,"answer_count":1,"score":1,"last_activity_date":1641382095,"creation_date":1641339965,"question_id":70586315,"content_license":"CC BY-SA 4.0","link":"https://stackoverflow.com/questions/70586315/how-to-sample-from-large-dataframe-based-on-values-in-a-column-efficiently","title":"How to sample from large dataframe based on values in a column efficiently?"},{"tags":["css","reactjs","webpack","react-bootstrap"],"owner":{"account_id":8086095,"reputation":3874,"user_id":6093604,"user_type":"registered","accept_rate":60,"profile_image":"https://i.stack.imgur.com/7f17S.jpg?s=256&g=1","display_name":"Emixam23","link":"https://stackoverflow.com/users/6093604/emixam23"},"is_answered":false,"view_count":227,"answer_count":1,"score":1,"last_activity_date":1641405496,"creation_date":1641339913,"last_edit_date":1641405496,"question_id":70586309,"content_license":"CC BY-SA 4.0","link":"https://stackoverflow.com/questions/70586309/load-image-from-css-using-webpack-5-6","title":"Load image from css using webpack 5.6"},{"tags":["azure","azure-sql-database","azure-cosmosdb"],"owner":{"account_id":13330548,"reputation":1,"user_id":9622020,"user_type":"registered","profile_image":"https://www.gravatar.com/avatar/e55e6912654d6c82fc5317fba7cf86bf?s=256&d=identicon&r=PG&f=y&so-version=2","display_name":"KrishnaRaju","link":"https://stackoverflow.com/users/9622020/krishnaraju"},"is_answered":false,"view_count":139,"answer_count":0,"score":0,"last_activity_date":1641339989,"creation_date":1641339904,"last_edit_date":1641339989,"question_id":70586307,"content_license":"CC BY-SA 4.0","link":"https://stackoverflow.com/questions/70586307/avoid-escape-character-in-migrating-the-data-from-sql-database-to-cosmos-db","title":"Avoid escape character in Migrating the data from SQL Database to Cosmos DB"},{"tags":["sql","amazon-athena","presto"],"owner":{"account_id":402212,"reputation":25829,"user_id":769237,"user_type":"registered","accept_rate":79,"profile_image":"https://www.gravatar.com/avatar/7b3d8caf772153bfa162ab2580ad5cbf?s=256&d=identicon&r=PG","display_name":"Ben Swinburne","link":"https://stackoverflow.com/users/769237/ben-swinburne"},"is_answered":true,"view_count":2477,"accepted_answer_id":70586502,"answer_count":1,"score":0,"last_activity_date":1641342051,"creation_date":1641339888,"last_edit_date":1641340693,"question_id":70586304,"content_license":"CC BY-SA 4.0","link":"https://stackoverflow.com/questions/70586304/athena-unnest-map-key-value-pairs-where-key-is-null","title":"Athena Unnest Map key value pairs where key is null"},{"tags":["aggregate-functions","questdb","ohlc"],"owner":{"account_id":5817034,"reputation":119,"user_id":4586308,"user_type":"registered","profile_image":"https://www.gravatar.com/avatar/11ead30ddf37da7b1df2b1bd28d6424f?s=256&d=identicon&r=PG&f=y&so-version=2","display_name":"Maximka","link":"https://stackoverflow.com/users/4586308/maximka"},"is_answered":true,"view_count":949,"accepted_answer_id":70586447,"answer_count":1,"score":1,"last_activity_date":1641341516,"creation_date":1641339863,"question_id":70586302,"content_license":"CC BY-SA 4.0","link":"https://stackoverflow.com/questions/70586302/how-do-i-aggregate-open-and-close-values-in-questdb-using-sample-by","title":"How do I aggregate open and close values in QuestDB using SAMPLE BY"},{"tags":["python","drawing","turtle-graphics","python-turtle"],"owner":{"account_id":23829335,"reputation":3,"user_id":17835844,"user_type":"registered","profile_image":"https://lh3.googleusercontent.com/a-/AOh14Gg5vhmxFxs6sotgH8daJIyyIO_AaySiCJEVv-4YlQ=k-s256","display_name":"dumbdev404","link":"https://stackoverflow.com/users/17835844/dumbdev404"},"is_answered":true,"view_count":651,"accepted_answer_id":70587473,"answer_count":1,"score":0,"last_activity_date":1641354355,"creation_date":1641339860,"last_edit_date":1641353078,"question_id":70586301,"content_license":"CC BY-SA 4.0","link":"https://stackoverflow.com/questions/70586301/how-to-make-a-turtle-draw-above-another-one","title":"How to make a turtle draw above another one?"},{"tags":["python"],"owner":{"account_id":23829357,"reputation":3,"user_id":17835861,"user_type":"registered","profile_image":"https://www.gravatar.com/avatar/9e1d5167558c2e97bcd45ce14421c1e3?s=256&d=identicon&r=PG","display_name":"l_vellu","link":"https://stackoverflow.com/users/17835861/l-vellu"},"is_answered":true,"view_count":61,"accepted_answer_id":70586455,"answer_count":2,"score":-2,"last_activity_date":1642156100,"creation_date":1641339806,"last_edit_date":1641340122,"question_id":70586298,"content_license":"CC BY-SA 4.0","link":"https://stackoverflow.com/questions/70586298/replacing-a-string-with-a-list-of-indexes","title":"replacing a string with a list of indexes"},{"tags":["python","cvxpy","scs"],"owner":{"account_id":379304,"reputation":4485,"user_id":732570,"user_type":"registered","accept_rate":83,"profile_image":"https://www.gravatar.com/avatar/30afcc018d25e3b4b6bd7b89f97fba90?s=256&d=identicon&r=PG","display_name":"roberto tom&#225;s","link":"https://stackoverflow.com/users/732570/roberto-tom%c3%a1s"},"is_answered":true,"view_count":207,"accepted_answer_id":70610131,"answer_count":1,"score":0,"last_activity_date":1641485764,"creation_date":1641339803,"question_id":70586297,"content_license":"CC BY-SA 4.0","link":"https://stackoverflow.com/questions/70586297/cvxpy-solvers-produce-solutions-of-different-shapes","title":"cvxpy solvers produce solutions of different shapes?"},{"tags":["javascript","vue.js"],"owner":{"account_id":23706279,"reputation":95,"user_id":17728702,"user_type":"registered","profile_image":"https://lh3.googleusercontent.com/a/AATXAJxO1MPBxtVLmeqLByIE2CB9K8gbD-tteTB-ik0=k-s256","display_name":"HOHOOH","link":"https://stackoverflow.com/users/17728702/hohooh"},"is_answered":false,"view_count":569,"answer_count":0,"score":1,"last_activity_date":1641339694,"creation_date":1641339694,"question_id":70586289,"content_license":"CC BY-SA 4.0","link":"https://stackoverflow.com/questions/70586289/vue-3-map-getters","title":"Vue 3 map getters"},{"tags":["random","imagemagick"],"owner":{"account_id":23829294,"reputation":21,"user_id":17835805,"user_type":"registered","profile_image":"https://i.stack.imgur.com/gVDzq.jpg?s=256&g=1","display_name":"taiman","link":"https://stackoverflow.com/users/17835805/taiman"},"is_answered":true,"view_count":212,"accepted_answer_id":70611979,"answer_count":2,"score":1,"last_activity_date":1641509831,"creation_date":1641339686,"last_edit_date":1641509831,"question_id":70586284,"content_license":"CC BY-SA 4.0","link":"https://stackoverflow.com/questions/70586284/randomly-compose-images-by-layering-pngs","title":"Randomly compose images by layering pngs"}],"has_more":true,"quota_max":300,"quota_remaining":284}