{"items":[{"tags":["javascript","node.js","vue.js","express","axios"],"owner":{"account_id":24410139,"reputation":129,"user_id":18337706,"user_type":"registered","profile_image":"https://www.gravatar.com/avatar/c036f842531bcda14c06d91e03aa6ab7?s=256&d=identicon&r=PG","display_name":"Cml_93","link":"https://stackoverflow.com/users/18337706/cml-93"},"is_answered":false,"view_count":338,"answer_count":0,"score":1,"last_activity_date":1651449532,"creation_date":1651449532,"question_id":72081243,"content_license":"CC BY-SA 4.0","link":"https://stackoverflow.com/questions/72081243/get-json-data-to-router-push-in-vue-js","title":"Get json data to $router.push in Vue.js?"},{"tags":["react-hooks"],"owner":{"account_id":6547523,"reputation":6492,"user_id":5063031,"user_type":"registered","accept_rate":57,"profile_image":"https://www.gravatar.com/avatar/1a33c1aa1eaa49acbac66e0d3d676549?s=256&d=identicon&r=PG&f=y&so-version=2","display_name":"Jeb50","link":"https://stackoverflow.com/users/5063031/jeb50"},"is_answered":false,"view_count":579,"answer_count":0,"score":0,"last_activity_date":1651709261,"creation_date":1651449518,"last_edit_date":1651709261,"question_id":72081240,"content_license":"CC BY-SA 4.0","link":"https://stackoverflow.com/questions/72081240/why-a-set-function-in-dependency-array-of-useeffect","title":"Why a set function in dependency array of useEffect()?"},{"tags":["python","arrays","numpy"],"owner":{"account_id":3947087,"reputation":428,"user_id":3259222,"user_type":"registered","accept_rate":62,"profile_image":"https://www.gravatar.com/avatar/1b60d554cc1f3f44b004186308397eee?s=256&d=identicon&r=PG&f=y&so-version=2","display_name":"Konstantin","link":"https://stackoverflow.com/users/3259222/konstantin"},"is_answered":true,"view_count":2879,"accepted_answer_id":72081256,"answer_count":3,"score":0,"last_activity_date":1651455686,"creation_date":1651449290,"last_edit_date":1651455686,"question_id":72081231,"content_license":"CC BY-SA 4.0","link":"https://stackoverflow.com/questions/72081231/how-to-fill-numpy-array-of-zeros-with-ones-given-index-ranges-slices","title":"How to fill numpy array of zeros with ones given index ranges/slices"},{"tags":["android","swipe","overlap","composable","exposeddropdownmenu"],"owner":{"account_id":1634981,"reputation":7155,"user_id":1508724,"user_type":"registered","accept_rate":68,"profile_image":"https://www.gravatar.com/avatar/59e3e71dca1530c4586a33d37e13f7fc?s=256&d=identicon&r=PG","display_name":"T D Nguyen","link":"https://stackoverflow.com/users/1508724/t-d-nguyen"},"is_answered":true,"view_count":1040,"accepted_answer_id":75178670,"answer_count":1,"score":4,"last_activity_date":1674165118,"creation_date":1651449245,"last_edit_date":1663300487,"question_id":72081226,"content_license":"CC BY-SA 4.0","link":"https://stackoverflow.com/questions/72081226/disable-swipe-gesture-in-child-component-in-android-jetpack-compose","title":"Disable swipe gesture in child component in Android Jetpack Compose"},{"tags":["powershell","multiprocess"],"owner":{"account_id":18149507,"reputation":107,"user_id":13202447,"user_type":"registered","profile_image":"https://www.gravatar.com/avatar/2043c0796bb89dc9b820b0251df7bea7?s=256&d=identicon&r=PG&f=y&so-version=2","display_name":"DeNice","link":"https://stackoverflow.com/users/13202447/denice"},"is_answered":true,"view_count":61,"accepted_answer_id":72090585,"answer_count":1,"score":1,"last_activity_date":1651928255,"creation_date":1651449130,"question_id":72081218,"content_license":"CC BY-SA 4.0","link":"https://stackoverflow.com/questions/72081218/powershell-exits-on-where-cmdlet","title":"Powershell exits on where cmdlet"},{"tags":["android","android-studio","kotlin","intellij-idea","android-jetpack"],"owner":{"account_id":295369,"reputation":2112,"user_id":599743,"user_type":"registered","accept_rate":33,"profile_image":"https://www.gravatar.com/avatar/fff621ebecc8d67b4690b4cfe7e8c69f?s=256&d=identicon&r=PG","display_name":"tonisives","link":"https://stackoverflow.com/users/599743/tonisives"},"is_answered":false,"view_count":1011,"answer_count":0,"score":9,"last_activity_date":1651661129,"creation_date":1651449083,"last_edit_date":1651661129,"question_id":72081214,"content_license":"CC BY-SA 4.0","link":"https://stackoverflow.com/questions/72081214/how-to-hide-intellij-android-studio-compose-code-split-design-bar","title":"How to hide IntelliJ/Android studio Compose code/split/design bar?"},{"tags":["3d","blender","solidworks","3d-modelling"],"owner":{"account_id":25166204,"reputation":1,"user_id":19009717,"user_type":"registered","profile_image":"https://lh3.googleusercontent.com/a-/AOh14Ginjx67EvDH7mHnTtq2HvvkbU15eG3eeUqkuYdHKA=k-s256","display_name":"Artem Teliuk","link":"https://stackoverflow.com/users/19009717/artem-teliuk"},"is_answered":false,"view_count":27,"answer_count":1,"score":0,"last_activity_date":1651493084,"creation_date":1651448973,"last_edit_date":1651492762,"question_id":72081207,"content_license":"CC BY-SA 4.0","link":"https://stackoverflow.com/questions/72081207/please-suggest-3-d-editors-to-simulate-suspention-of-a-bike","title":"Please Suggest 3-D Editors to Simulate Suspention of a Bike"},{"tags":["kotlin","android-jetpack-compose","modifier"],"owner":{"account_id":25167998,"reputation":55,"user_id":19011228,"user_type":"registered","profile_image":"https://lh3.googleusercontent.com/a-/AOh14Gi92XoLmV8744f9YNlVxxciLV2_3cManHGZhfHZrw=k-s256","display_name":"Sofa44","link":"https://stackoverflow.com/users/19011228/sofa44"},"is_answered":true,"view_count":531,"accepted_answer_id":72082100,"answer_count":1,"score":0,"last_activity_date":1651462572,"creation_date":1651448969,"question_id":72081206,"content_license":"CC BY-SA 4.0","link":"https://stackoverflow.com/questions/72081206/kotlin-jetpack-compose-how-to-remove-dp-or-sizefrom-the-modifier-fillmaxheight","title":"Kotlin Jetpack Compose: How to remove dp or sizefrom the Modifier fillMaxHeight"},{"tags":["c#"],"owner":{"account_id":24547438,"reputation":21,"user_id":18457067,"user_type":"registered","profile_image":"https://lh3.googleusercontent.com/a/AATXAJx2HiuUDIgEKQzBD8RMMUre0H6_Asuu6MZd8STc=k-s256","display_name":"Steventheglide78","link":"https://stackoverflow.com/users/18457067/steventheglide78"},"is_answered":true,"view_count":41,"accepted_answer_id":72081431,"answer_count":2,"score":0,"last_activity_date":1651452458,"creation_date":1651448912,"question_id":72081203,"content_license":"CC BY-SA 4.0","link":"https://stackoverflow.com/questions/72081203/change-the-amount-of-times-code-checks-number","title":"Change the amount of times code checks number"},{"tags":["reactjs","graphql","apollo","apollo-client"],"owner":{"account_id":14680049,"reputation":361,"user_id":10601871,"user_type":"registered","profile_image":"https://www.gravatar.com/avatar/cfcbcb21dfbc2f6c829af939f4a275fa?s=256&d=identicon&r=PG&f=y&so-version=2","display_name":"ffcabbar","link":"https://stackoverflow.com/users/10601871/ffcabbar"},"is_answered":true,"view_count":2070,"accepted_answer_id":72093684,"answer_count":1,"score":3,"last_activity_date":1651537458,"creation_date":1651448881,"last_edit_date":1651537063,"question_id":72081201,"content_license":"CC BY-SA 4.0","link":"https://stackoverflow.com/questions/72081201/uselazyquery-oncompleted-function-is-not-being-called","title":"useLazyQuery onCompleted function is not being called"},{"tags":["java","android","firebase","google-cloud-platform","google-cloud-firestore"],"owner":{"account_id":20270978,"reputation":55,"user_id":18471564,"user_type":"registered","profile_image":"https://lh6.googleusercontent.com/-k5kdRcR1yfw/AAAAAAAAAAI/AAAAAAAAAJE/AMZuuclBJRWahwz-Zg3KsOnu617VCeTrYA/s96-c/photo.jpg?sz=256","display_name":"Yassine","link":"https://stackoverflow.com/users/18471564/yassine"},"is_answered":false,"view_count":110,"answer_count":1,"score":0,"last_activity_date":1651569627,"creation_date":1651448842,"last_edit_date":1651569627,"question_id":72081200,"content_license":"CC BY-SA 4.0","link":"https://stackoverflow.com/questions/72081200/how-do-i-set-an-image-view-to-an-icon","title":"How do I set an image view to an Icon?"},{"tags":["arrays","google-sheets","random","google-sheets-formula","vlookup"],"owner":{"account_id":5154796,"reputation":627,"user_id":4128307,"user_type":"registered","accept_rate":56,"profile_image":"https://www.gravatar.com/avatar/271dc16c3c6c0dde78cea641956e2f6e?s=256&d=identicon&r=PG&f=y&so-version=2","display_name":"SL8t7","link":"https://stackoverflow.com/users/4128307/sl8t7"},"is_answered":true,"view_count":46,"accepted_answer_id":72092572,"answer_count":2,"score":0,"last_activity_date":1651532022,"creation_date":1651448834,"last_edit_date":1651532022,"question_id":72081199,"content_license":"CC BY-SA 4.0","link":"https://stackoverflow.com/questions/72081199/how-do-i-do-this-vlookup","title":"How do I do this VLOOKUP?"},{"tags":["sql"],"owner":{"account_id":6954571,"reputation":1545,"user_id":5336017,"user_type":"registered","accept_rate":57,"profile_image":"https://i.stack.imgur.com/Ol9zb.jpg?s=256&g=1","display_name":"GIA","link":"https://stackoverflow.com/users/5336017/gia"},"is_answered":true,"view_count":88,"accepted_answer_id":72085493,"answer_count":1,"score":1,"last_activity_date":1651521575,"creation_date":1651448724,"last_edit_date":1651449075,"question_id":72081193,"content_license":"CC BY-SA 4.0","link":"https://stackoverflow.com/questions/72081193/how-select-results-with-a-range-of-at-most-300-points-difference","title":"How select results with a range of at most 300 points difference"},{"tags":["go","amazon-ec2","aws-sdk","aws-sdk-go"],"owner":{"account_id":45660,"reputation":36978,"user_id":134702,"user_type":"registered","accept_rate":81,"profile_image":"https://www.gravatar.com/avatar/7c1594304f3515b88e31bc8888f0f593?s=256&d=identicon&r=PG","display_name":"hookenz","link":"https://stackoverflow.com/users/134702/hookenz"},"is_answered":false,"view_count":254,"answer_count":0,"score":0,"last_activity_date":1651453633,"creation_date":1651448632,"last_edit_date":1651453633,"question_id":72081186,"content_license":"CC BY-SA 4.0","link":"https://stackoverflow.com/questions/72081186/describeinstancetypes-fails-with-access-denied-for-some-aws-regions","title":"DescribeInstanceTypes fails with access denied for some AWS regions"},{"tags":["arrays","breadth-first-search","flood-fill"],"owner":{"account_id":9681960,"reputation":3,"user_id":7183321,"user_type":"registered","profile_image":"https://www.gravatar.com/avatar/6fe2b3d9df56a3c930882808d98596a2?s=256&d=identicon&r=PG&f=y&so-version=2","display_name":"JohnB","link":"https://stackoverflow.com/users/7183321/johnb"},"is_answered":true,"view_count":573,"accepted_answer_id":72081289,"answer_count":1,"score":0,"last_activity_date":1651466127,"creation_date":1651448628,"last_edit_date":1651465012,"question_id":72081185,"content_license":"CC BY-SA 4.0","link":"https://stackoverflow.com/questions/72081185/flood-fill-bfs-algorithm-2d-array-with-multiple-starting-points","title":"flood fill BFS algorithm (2d array) with multiple starting points"},{"tags":["python","position","missing-features"],"owner":{"account_id":25122504,"reputation":19,"user_id":18970657,"user_type":"registered","profile_image":"https://lh3.googleusercontent.com/a/AATXAJyp8MWTsNq7AdtkKmmhe0pzPwjL5AsdIqk9dd_O=k-s256","display_name":"Milk","link":"https://stackoverflow.com/users/18970657/milk"},"is_answered":false,"view_count":79,"answer_count":1,"score":-1,"last_activity_date":1651449285,"creation_date":1651448590,"question_id":72081181,"content_license":"CC BY-SA 4.0","link":"https://stackoverflow.com/questions/72081181/how-can-i-solve-the-missing-player-score-argument-form-the-draw-leaderboard-func","title":"how can i solve the missing player score argument form the draw leaderboard function"},{"tags":["python","json","recursion","schema"],"owner":{"account_id":9739850,"reputation":52,"user_id":7221847,"user_type":"registered","profile_image":"https://lh4.googleusercontent.com/-5NKUUCIvWc4/AAAAAAAAAAI/AAAAAAAAACs/axBoTHq2SXU/photo.jpg?sz=256","display_name":"Scrubster","link":"https://stackoverflow.com/users/7221847/scrubster"},"is_answered":true,"view_count":342,"accepted_answer_id":72153523,"answer_count":1,"score":0,"last_activity_date":1690232492,"creation_date":1651448522,"last_edit_date":1690232492,"question_id":72081178,"content_license":"CC BY-SA 4.0","link":"https://stackoverflow.com/questions/72081178/given-a-cerberus-json-schema-file-how-can-i-generate-a-dictionary-object","title":"Given a Cerberus JSON Schema file, how can I generate a dictionary object"},{"tags":["python","function","class","object","import"],"owner":{"account_id":25166361,"reputation":9,"user_id":19009856,"user_type":"registered","profile_image":"https://www.gravatar.com/avatar/fdd4229e034559dc63728adf3fa04de5?s=256&d=identicon&r=PG","display_name":"Cetus","link":"https://stackoverflow.com/users/19009856/cetus"},"is_answered":true,"view_count":40,"answer_count":1,"score":1,"last_activity_date":1651449216,"creation_date":1651448461,"last_edit_date":1651448615,"question_id":72081174,"content_license":"CC BY-SA 4.0","link":"https://stackoverflow.com/questions/72081174/python-import-from-class","title":"Python import from class"},{"tags":["c#","winforms"],"owner":{"account_id":25167605,"reputation":1,"user_id":19011167,"user_type":"registered","profile_image":"https://www.gravatar.com/avatar/31a31540e0b95cb442379719eecc2d56?s=256&d=identicon&r=PG","display_name":"Andrey2424","link":"https://stackoverflow.com/users/19011167/andrey2424"},"is_answered":false,"view_count":70,"answer_count":0,"score":0,"last_activity_date":1651449484,"creation_date":1651448420,"last_edit_date":1651449484,"question_id":72081169,"content_license":"CC BY-SA 4.0","link":"https://stackoverflow.com/questions/72081169/how-to-bind-a-number-to-a-variable-of-type-image","title":"How to bind a number to a variable of type Image"},{"tags":["xaml","xamarin","xamarin.forms","xamarin.android","xamarin.ios"],"owner":{"account_id":23718942,"reputation":33,"user_id":17739738,"user_type":"registered","profile_image":"https://i.stack.imgur.com/PbphQ.png?s=256&g=1","display_name":"Alperen Kuru","link":"https://stackoverflow.com/users/17739738/alperen-kuru"},"is_answered":true,"view_count":174,"accepted_answer_id":72081926,"answer_count":1,"score":-1,"last_activity_date":1651459950,"creation_date":1651448391,"question_id":72081168,"content_license":"CC BY-SA 4.0","link":"https://stackoverflow.com/questions/72081168/xamarin-navigation-login-management","title":"xamarin navigation login management"},{"tags":["python","plotly","plotly-python","matplotlib-venn"],"owner":{"account_id":12374242,"reputation":147,"user_id":11487279,"user_type":"registered","profile_image":"https://i.stack.imgur.com/URW6r.jpg?s=256&g=1","display_name":"JackDonMcLovin","link":"https://stackoverflow.com/users/11487279/jackdonmclovin"},"is_answered":true,"view_count":4063,"accepted_answer_id":72083818,"answer_count":1,"score":2,"last_activity_date":1651478247,"creation_date":1651448331,"last_edit_date":1651478083,"question_id":72081164,"content_license":"CC BY-SA 4.0","link":"https://stackoverflow.com/questions/72081164/how-to-plot-a-venn3-in-plotly","title":"How to plot a venn3 in plotly"},{"tags":["javascript","css","url","google-chrome-extension","relative-url"],"owner":{"account_id":4411931,"reputation":5722,"user_id":3594588,"user_type":"registered","accept_rate":27,"profile_image":"https://www.gravatar.com/avatar/b2f2fd78099714894058477d8a6fbcf5?s=256&d=identicon&r=PG&f=y&so-version=2","display_name":"bugsyb","link":"https://stackoverflow.com/users/3594588/bugsyb"},"is_answered":false,"view_count":85,"answer_count":0,"score":1,"last_activity_date":1651448307,"creation_date":1651448307,"question_id":72081162,"content_license":"CC BY-SA 4.0","link":"https://stackoverflow.com/questions/72081162/how-to-resolve-relative-urls-on-a-website-when-looking-for-font-files-chrome-ex","title":"How to resolve relative URLs on a website when looking for font files (chrome extension)"},{"tags":["python","django","amazon-web-services","amazon-s3"],"owner":{"account_id":535261,"reputation":4806,"user_id":5509839,"user_type":"registered","accept_rate":73,"profile_image":"https://i.stack.imgur.com/dgxf7.jpg?s=256&g=1","display_name":"aroooo","link":"https://stackoverflow.com/users/5509839/aroooo"},"is_answered":false,"view_count":38,"answer_count":0,"score":2,"last_activity_date":1651461910,"creation_date":1651448288,"last_edit_date":1651461910,"question_id":72081159,"content_license":"CC BY-SA 4.0","link":"https://stackoverflow.com/questions/72081159/django-storages-uploads-to-s3-causing-django-to-hang","title":"Django-storages uploads to S3 causing Django to hang"},{"tags":["javascript","dom-events"],"owner":{"account_id":19206042,"reputation":53,"user_id":14032902,"user_type":"registered","profile_image":"https://lh3.googleusercontent.com/a-/AOh14GhSx7Lm6QvHeBAHA-Td74p1lI7xswAHzgorUQXrQQ=k-s256","display_name":"Jonatas Mendes","link":"https://stackoverflow.com/users/14032902/jonatas-mendes"},"is_answered":false,"view_count":227,"answer_count":2,"score":0,"last_activity_date":1651621477,"creation_date":1651448234,"last_edit_date":1651491921,"question_id":72081154,"content_license":"CC BY-SA 4.0","link":"https://stackoverflow.com/questions/72081154/how-to-wait-for-the-completion-of-the-entire-process-of-a-function-called-by-eve","title":"How to wait for the completion of the entire process of a function called by events?"},{"tags":["list","haskell","recursion","functional-programming"],"owner":{"account_id":24636736,"reputation":297,"user_id":18535312,"user_type":"registered","profile_image":"https://www.gravatar.com/avatar/a8073076402e31af048779db13b61349?s=256&d=identicon&r=PG","display_name":"3t893w","link":"https://stackoverflow.com/users/18535312/3t893w"},"is_answered":true,"view_count":108,"closed_date":1651477737,"accepted_answer_id":72083114,"answer_count":1,"score":-1,"last_activity_date":1651475354,"creation_date":1651448234,"question_id":72081153,"link":"https://stackoverflow.com/questions/72081153/haskell-subdividing-a-list-into-smaller-groups-based-on-a-condition","closed_reason":"Not suitable for this site","title":"Haskell: subdividing a list into smaller groups based on a condition"},{"tags":["flutter","dart","flutter-textformfield"],"owner":{"account_id":18688227,"reputation":99,"user_id":13623206,"user_type":"registered","profile_image":"https://i.stack.imgur.com/nJYVd.png?s=256&g=1","display_name":"Yassine BENNKHAY","link":"https://stackoverflow.com/users/13623206/yassine-bennkhay"},"is_answered":true,"view_count":740,"accepted_answer_id":72081399,"answer_count":1,"score":0,"last_activity_date":1651455870,"creation_date":1651448186,"question_id":72081150,"content_license":"CC BY-SA 4.0","link":"https://stackoverflow.com/questions/72081150/flutter-textformfield-onsave-get-called-with-empty-values","title":"Flutter TextFormField onSave() get called with empty values"},{"tags":["java","android","google-cloud-firestore"],"owner":{"account_id":25125752,"reputation":13,"user_id":18973575,"user_type":"registered","profile_image":"https://lh3.googleusercontent.com/a/AATXAJza3Dfw_d21mTD_lPoKYmo1dZKdPNWiLpaACjcE=k-s256","display_name":"subhan Ahmed","link":"https://stackoverflow.com/users/18973575/subhan-ahmed"},"is_answered":true,"view_count":49,"accepted_answer_id":72081177,"answer_count":1,"score":0,"last_activity_date":1651511711,"creation_date":1651448183,"last_edit_date":1651511711,"question_id":72081149,"content_license":"CC BY-SA 4.0","link":"https://stackoverflow.com/questions/72081149/how-can-i-use-tasks-with-firestore-onsnapshotlistener","title":"How can I use Tasks with Firestore onSnapshotListener?"},{"tags":["r","dataset","country"],"owner":{"account_id":25133456,"reputation":1,"user_id":18980447,"user_type":"registered","profile_image":"https://lh3.googleusercontent.com/a-/AOh14Gj6nsYcSE_Ub6YgU5Fcd2RdsuPc9JKHU5UX7r4=k-s256","display_name":"Mihaela Revencu","link":"https://stackoverflow.com/users/18980447/mihaela-revencu"},"is_answered":false,"view_count":217,"answer_count":0,"score":0,"last_activity_date":1651448751,"creation_date":1651448146,"last_edit_date":1651448751,"question_id":72081147,"content_license":"CC BY-SA 4.0","link":"https://stackoverflow.com/questions/72081147/i-have-a-34-countries-in-my-dataset-and-when-i-run-a-multi-regression-model-in-r","title":"I have a 34 countries in my dataset and when i run a multi-regression model in R, it drops 7 countries"},{"tags":["vue.js","label","vuejs3"],"owner":{"account_id":14774779,"reputation":79,"user_id":10670064,"user_type":"registered","profile_image":"https://i.stack.imgur.com/ODQw4.jpg?s=256&g=1","display_name":"randomfool","link":"https://stackoverflow.com/users/10670064/randomfool"},"is_answered":true,"view_count":902,"accepted_answer_id":72085375,"answer_count":1,"score":1,"last_activity_date":1651487060,"creation_date":1651448138,"question_id":72081146,"content_license":"CC BY-SA 4.0","link":"https://stackoverflow.com/questions/72081146/vue-js3-passing-value-from-function-to-label-for-checkbox-input-and-have-label","title":"Vue.js3 Passing value from function to label for checkbox input, and have label change based upon the boolean of the checkbox"},{"tags":["github"],"owner":{"account_id":22622763,"reputation":13,"user_id":16801262,"user_type":"registered","profile_image":"https://lh3.googleusercontent.com/a-/AOh14GjpY8ymAevihuk-2aZSBuvLoFwByA3w4hsweHIN=k-s256","display_name":"Vulcan","link":"https://stackoverflow.com/users/16801262/vulcan"},"is_answered":false,"view_count":30,"answer_count":2,"score":0,"last_activity_date":1651478493,"creation_date":1651448094,"question_id":72081142,"content_license":"CC BY-SA 4.0","link":"https://stackoverflow.com/questions/72081142/i-have-these-three-files-under-a-github-repository-is-there-a-way-i-can-put-the","title":"I have these three files under a github repository. Is there a way I can put these files in a folder?"}],"has_more":true,"quota_max":300,"quota_remaining":223}