{"items":[{"tags":["sql","sql-server","database","stored-procedures","pdf-form"],"owner":{"account_id":25086708,"reputation":1,"user_id":18938828,"user_type":"registered","profile_image":"https://www.gravatar.com/avatar/e5e49971e73b4e8b340744bf86bd19ae?s=256&d=identicon&r=PG","display_name":"Dylan","link":"https://stackoverflow.com/users/18938828/dylan"},"is_answered":false,"view_count":335,"answer_count":1,"score":0,"last_activity_date":1650972023,"creation_date":1650887988,"last_edit_date":1650972023,"question_id":71999202,"content_license":"CC BY-SA 4.0","link":"https://stackoverflow.com/questions/71999202/stored-procedures-sql-server-cannot-get-pdf-to-store-locally","title":"Stored Procedures SQL Server - Cannot get PDF to store locally"},{"tags":["html","python-3.x","anchor","bootstrap5-modal"],"owner":{"account_id":23959570,"reputation":15,"user_id":17949867,"user_type":"registered","profile_image":"https://lh3.googleusercontent.com/a-/AOh14Ghbt3CSdu2bPaU4yZEHqBoi3_jZycaTWqEMJtDcoIM=k-s256","display_name":"Speedster","link":"https://stackoverflow.com/users/17949867/speedster"},"is_answered":true,"view_count":82,"accepted_answer_id":71999227,"answer_count":1,"score":0,"last_activity_date":1650888136,"creation_date":1650887987,"question_id":71999201,"content_license":"CC BY-SA 4.0","link":"https://stackoverflow.com/questions/71999201/how-do-you-call-a-modal-with-an-anchor-tag-in-bootstrap-5-i-tried-using-the-mo","title":"How do you call a modal with an anchor tag in bootstrap 5.. I tried using the modal ID in the href as i saw in w3school but nothing happen"},{"tags":["angular","routes"],"owner":{"account_id":16599738,"reputation":491,"user_id":11995761,"user_type":"registered","profile_image":"https://lh3.googleusercontent.com/-Qu4-NuFcCMc/AAAAAAAAAAI/AAAAAAAAAAA/ACHi3rfe6kAeEsxJX7IGHOwiDWr9RrW2jw/photo.jpg?sz=256","display_name":"lohnsonok","link":"https://stackoverflow.com/users/11995761/lohnsonok"},"is_answered":true,"view_count":287,"answer_count":2,"score":0,"last_activity_date":1687255721,"creation_date":1650887920,"last_edit_date":1650888603,"question_id":71999194,"content_license":"CC BY-SA 4.0","link":"https://stackoverflow.com/questions/71999194/how-to-deal-with-multiple-404-error-pages-in-angular","title":"how to deal with multiple 404 error pages in Angular"},{"tags":["sql","sql-server","t-sql","query-optimization"],"owner":{"account_id":136580,"reputation":269,"user_id":340177,"user_type":"registered","profile_image":"https://www.gravatar.com/avatar/ed6ce5576eae7ea3ea2a52027a892c29?s=256&d=identicon&r=PG","display_name":"Ian","link":"https://stackoverflow.com/users/340177/ian"},"is_answered":false,"view_count":100,"answer_count":0,"score":0,"last_activity_date":1651024690,"creation_date":1650887907,"last_edit_date":1650891849,"question_id":71999190,"content_license":"CC BY-SA 4.0","link":"https://stackoverflow.com/questions/71999190/sql-server-query-never-completing-when-a-column-in-included","title":"SQL Server query never completing when a column in included"},{"tags":["python-3.x","package"],"owner":{"account_id":25086957,"reputation":1,"user_id":18939055,"user_type":"registered","profile_image":"https://lh3.googleusercontent.com/a-/AOh14Gh4owCva--SD4gB9b_Je3Q0az_N1YIVsEBOz2om=k-s256","display_name":"Pugal KMC","link":"https://stackoverflow.com/users/18939055/pugal-kmc"},"is_answered":false,"view_count":297,"answer_count":1,"score":0,"last_activity_date":1669564343,"creation_date":1650887906,"question_id":71999189,"content_license":"CC BY-SA 4.0","link":"https://stackoverflow.com/questions/71999189/getting-error-while-installing-tronpy-tronweb-tronapi","title":"getting error while installing tronpy , tronweb , tronapi"},{"tags":["python","pandas","dataframe"],"owner":{"account_id":1332433,"reputation":605,"user_id":1276022,"user_type":"registered","accept_rate":100,"profile_image":"https://www.gravatar.com/avatar/29e7f9edd5c85c52a99e971e1da9cfda?s=256&d=identicon&r=PG&f=y&so-version=2","display_name":"Youstanzr","link":"https://stackoverflow.com/users/1276022/youstanzr"},"is_answered":true,"view_count":395,"accepted_answer_id":71999438,"answer_count":2,"score":1,"last_activity_date":1650895437,"creation_date":1650887902,"last_edit_date":1650895437,"question_id":71999188,"content_license":"CC BY-SA 4.0","link":"https://stackoverflow.com/questions/71999188/filter-dataframe-if-value-of-another-dataframe-column-exists-in-column-of-list","title":"Filter dataframe if value of another dataframe column exists in column of list - isin() for val in list"},{"tags":["grafana","influxdb"],"owner":{"account_id":25086744,"reputation":1,"user_id":18938860,"user_type":"registered","profile_image":"https://www.gravatar.com/avatar/68a06802bf2b84e5aff8ec497ba3539e?s=256&d=identicon&r=PG","display_name":"Tomasz Lebkichler","link":"https://stackoverflow.com/users/18938860/tomasz-lebkichler"},"is_answered":true,"view_count":608,"answer_count":1,"score":-1,"last_activity_date":1653032814,"creation_date":1650887889,"question_id":71999186,"content_license":"CC BY-SA 4.0","link":"https://stackoverflow.com/questions/71999186/how-to-create-regular-expresion-from-grafana-variables-influx-2-0db","title":"How to create regular expresion from Grafana variables. Influx 2.0DB"},{"tags":["bash"],"owner":{"account_id":6868498,"reputation":371,"user_id":6499252,"user_type":"registered","accept_rate":14,"profile_image":"https://www.gravatar.com/avatar/087cf6f3a6c7a7803c7905c95bd10881?s=256&d=identicon&r=PG&f=y&so-version=2","display_name":"windowws","link":"https://stackoverflow.com/users/6499252/windowws"},"is_answered":true,"view_count":1243,"closed_date":1650955101,"accepted_answer_id":72002831,"answer_count":1,"score":0,"last_activity_date":1650904276,"creation_date":1650887887,"question_id":71999185,"link":"https://stackoverflow.com/questions/71999185/time-since-the-systemd-service-was-started-bash","closed_reason":"Duplicate","title":"Time since the systemd service was started - Bash"},{"tags":["android","c","linux","makefile","cross-compiling"],"owner":{"account_id":17646421,"reputation":151,"user_id":12807757,"user_type":"registered","profile_image":"https://graph.facebook.com/4057642207595310/picture?type=large","display_name":"Snowy Owl","link":"https://stackoverflow.com/users/12807757/snowy-owl"},"is_answered":true,"view_count":227,"accepted_answer_id":72070128,"answer_count":1,"score":0,"last_activity_date":1651335347,"creation_date":1650887882,"last_edit_date":1650890120,"question_id":71999184,"content_license":"CC BY-SA 4.0","link":"https://stackoverflow.com/questions/71999184/cross-compiling-the-gettext-library-error-when-relinking-for-armv7a","title":"Cross-compiling the gettext library: error when relinking for armv7a"},{"tags":["django","django-rest-framework","icalendar"],"owner":{"account_id":2602248,"reputation":59,"user_id":2254295,"user_type":"registered","accept_rate":83,"profile_image":"https://www.gravatar.com/avatar/d18ad683796344d42d4640f7d3554549?s=256&d=identicon&r=PG","display_name":"c_d_n","link":"https://stackoverflow.com/users/2254295/c-d-n"},"is_answered":false,"view_count":141,"answer_count":0,"score":1,"last_activity_date":1650887870,"creation_date":1650887870,"question_id":71999180,"content_license":"CC BY-SA 4.0","link":"https://stackoverflow.com/questions/71999180/subscribe-to-google-and-outlook-calendar-through-url-causing-problems","title":"Subscribe to google and outlook calendar through url causing problems"},{"tags":["python","pandas","pyspark","pandas-groupby"],"owner":{"account_id":25086889,"reputation":1,"user_id":18938992,"user_type":"registered","profile_image":"https://lh3.googleusercontent.com/a-/AOh14GhJjIfTISbSxCBpKjWwXvtdaKcV4qp_SiNvGOSyvg=k-s256","display_name":"Amaresh Sahoo","link":"https://stackoverflow.com/users/18938992/amaresh-sahoo"},"is_answered":false,"view_count":37,"answer_count":0,"score":0,"last_activity_date":1650887859,"creation_date":1650887859,"question_id":71999177,"content_license":"CC BY-SA 4.0","link":"https://stackoverflow.com/questions/71999177/how-to-handle-memory-error-in-python-while-using-large-dataset","title":"How to handle memory error in Python while using large dataset?"},{"tags":["python","azure","azure-pipelines","pytest","cobertura"],"owner":{"account_id":17808280,"reputation":67,"user_id":12933504,"user_type":"registered","profile_image":"https://www.gravatar.com/avatar/772b36ed5b73f2485bb26bfaa8edea66?s=256&d=identicon&r=PG&f=y&so-version=2","display_name":"jwolverson","link":"https://stackoverflow.com/users/12933504/jwolverson"},"is_answered":true,"view_count":1733,"accepted_answer_id":72015349,"answer_count":2,"score":2,"last_activity_date":1650981796,"creation_date":1650887809,"last_edit_date":1650897061,"question_id":71999168,"content_license":"CC BY-SA 4.0","link":"https://stackoverflow.com/questions/71999168/unable-to-publish-code-coverage-in-azure-pipelines","title":"Unable to publish code coverage in azure pipelines"},{"tags":["powershell","microsoft-graph-api","azure-ad-b2c"],"owner":{"account_id":25086755,"reputation":11,"user_id":18938870,"user_type":"registered","profile_image":"https://www.gravatar.com/avatar/39040b6e19735d2209132bc974f958c7?s=256&d=identicon&r=PG&f=y&so-version=2","display_name":"Deepak Thakur","link":"https://stackoverflow.com/users/18938870/deepak-thakur"},"is_answered":false,"view_count":1523,"answer_count":1,"score":-1,"last_activity_date":1651059208,"creation_date":1650887789,"question_id":71999165,"content_license":"CC BY-SA 4.0","link":"https://stackoverflow.com/questions/71999165/how-to-handle-throttling-of-microsoft-graph-in-powershell","title":"How to handle throttling of Microsoft Graph in PowerShell"},{"tags":["angular","angular9","angular-cdk"],"owner":{"account_id":10178113,"reputation":540,"user_id":7515993,"user_type":"registered","profile_image":"https://i.stack.imgur.com/DSxyB.jpg?s=256&g=1","display_name":"Chinmoy Acharjee","link":"https://stackoverflow.com/users/7515993/chinmoy-acharjee"},"is_answered":false,"view_count":620,"answer_count":0,"score":1,"last_activity_date":1650889279,"creation_date":1650887787,"last_edit_date":1650889279,"question_id":71999164,"content_license":"CC BY-SA 4.0","link":"https://stackoverflow.com/questions/71999164/how-to-reuse-component-in-domportaloutlet-while-rendering-dynamic-component-in-a","title":"How to reuse component in DomPortalOutlet while rendering dynamic component in Angular9?"},{"tags":["firefox","firefox-addon-webextensions","firefox-developer-tools"],"owner":{"account_id":2120045,"reputation":34983,"user_id":1892060,"user_type":"registered","profile_image":"https://www.gravatar.com/avatar/e50f7bd50bf166113e2fbcf94eb9ab76?s=256&d=identicon&r=PG","display_name":"Ainar-G","link":"https://stackoverflow.com/users/1892060/ainar-g"},"is_answered":false,"view_count":62,"answer_count":0,"score":1,"last_activity_date":1650887785,"creation_date":1650887785,"question_id":71999162,"content_license":"CC BY-SA 4.0","link":"https://stackoverflow.com/questions/71999162/performance-tab-not-supported-for-current-toolbox-target-when-debugging-webext","title":"Performance tab &quot;Not supported for current toolbox target&quot; when debugging WebExtensions"},{"tags":["reactjs","graphql","next.js","prisma","graphql-subscriptions"],"owner":{"account_id":25086815,"reputation":187,"user_id":18938925,"user_type":"registered","profile_image":"https://www.gravatar.com/avatar/327c18a0cbb94b58e0f10cfcc2cda9c6?s=256&d=identicon&r=PG","display_name":"Mateusz Kozłowski","link":"https://stackoverflow.com/users/18938925/mateusz-koz%c5%82owski"},"is_answered":true,"view_count":25426,"answer_count":2,"score":17,"last_activity_date":1672343288,"creation_date":1650887772,"question_id":71999160,"content_license":"CC BY-SA 4.0","link":"https://stackoverflow.com/questions/71999160/websocket-connection-to-wsurl-next-webpack-hmr-failed-websocket-is-closed","title":"WebSocket connection to &#39;ws:&lt;URL&gt;/_next/webpack-hmr&#39; failed: WebSocket is closed before the connection is established"},{"tags":["python","active-directory"],"owner":{"account_id":11974187,"reputation":301,"user_id":8761837,"user_type":"registered","profile_image":"https://www.gravatar.com/avatar/13a4f876005563fc3b2f2adf8a8b9b8b?s=256&d=identicon&r=PG&f=y&so-version=2","display_name":"R. Bogaveev","link":"https://stackoverflow.com/users/8761837/r-bogaveev"},"is_answered":true,"view_count":150,"accepted_answer_id":72000410,"answer_count":1,"score":0,"last_activity_date":1650893480,"creation_date":1650887758,"last_edit_date":1650889711,"question_id":71999153,"content_license":"CC BY-SA 4.0","link":"https://stackoverflow.com/questions/71999153/how-to-fetch-ad-distinguished-names-dn-in-a-bulk-way","title":"How to fetch AD distinguished names (DN) in a bulk way"},{"tags":["mobile","blazor","sleep","reconnect"],"owner":{"account_id":12096609,"reputation":31,"user_id":8839857,"user_type":"registered","profile_image":"https://www.gravatar.com/avatar/835958b49d0970239b5fc282ac250aae?s=256&d=identicon&r=PG&f=y&so-version=2","display_name":"Lars Siden","link":"https://stackoverflow.com/users/8839857/lars-siden"},"is_answered":true,"view_count":678,"answer_count":1,"score":2,"last_activity_date":1692543262,"creation_date":1650887757,"question_id":71999152,"content_license":"CC BY-SA 4.0","link":"https://stackoverflow.com/questions/71999152/blazor-server-reconnect-on-mobile-iphone-safari","title":"Blazor Server reconnect on mobile / iPhone Safari"},{"tags":["r","rstudio"],"owner":{"account_id":8496822,"reputation":552,"user_id":12014637,"user_type":"registered","profile_image":"https://www.gravatar.com/avatar/13fea289259dbe36fc9011647749a1d2?s=256&d=identicon&r=PG&f=y&so-version=2","display_name":"Amin Shn","link":"https://stackoverflow.com/users/12014637/amin-shn"},"is_answered":true,"view_count":182,"closed_date":1650897472,"answer_count":1,"score":-1,"last_activity_date":1650888194,"creation_date":1650887744,"last_edit_date":1650888072,"question_id":71999146,"link":"https://stackoverflow.com/questions/71999146/separating-chunks-of-code-using-commented-line","closed_reason":"Opinion-based","title":"Separating chunks of code using commented line"},{"tags":["ruby-on-rails","ruby","database","activerecord"],"owner":{"account_id":23080193,"reputation":3,"user_id":17192584,"user_type":"registered","profile_image":"https://www.gravatar.com/avatar/d6842de44953b2ef8678b3eeee2ac631?s=256&d=identicon&r=PG","display_name":"Petr Ruzicka","link":"https://stackoverflow.com/users/17192584/petr-ruzicka"},"is_answered":true,"view_count":49,"accepted_answer_id":72000219,"answer_count":1,"score":0,"last_activity_date":1650956429,"creation_date":1650887740,"question_id":71999144,"content_license":"CC BY-SA 4.0","link":"https://stackoverflow.com/questions/71999144/activerecord-and-query-for-array-of-argumens","title":"ActiveRecord AND query for array of argumens"},{"tags":["reactjs"],"owner":{"user_type":"does_not_exist","display_name":"user18036812"},"is_answered":true,"view_count":4027,"answer_count":1,"score":2,"last_activity_date":1650894006,"creation_date":1650887694,"question_id":71999134,"content_license":"CC BY-SA 4.0","link":"https://stackoverflow.com/questions/71999134/how-can-i-refresh-the-dataapi-in-react-js","title":"How can I refresh the data(API) in react js?"},{"tags":["excel","vba"],"owner":{"account_id":20678954,"reputation":11,"user_id":15182970,"user_type":"registered","profile_image":"https://www.gravatar.com/avatar/781cd83099049334e8ae8d406d435cc4?s=256&d=identicon&r=PG&f=y&so-version=2","display_name":"Jolene","link":"https://stackoverflow.com/users/15182970/jolene"},"is_answered":true,"view_count":66,"answer_count":2,"score":0,"last_activity_date":1658777983,"creation_date":1650887693,"last_edit_date":1658777983,"question_id":71999133,"content_license":"CC BY-SA 4.0","link":"https://stackoverflow.com/questions/71999133/paste-to-specified-row-in-another-workbook","title":"Paste to specified row in another workbook"},{"tags":["elasticsearch","homebrew","kibana","filebeat"],"owner":{"account_id":15986440,"reputation":11,"user_id":11536750,"user_type":"registered","profile_image":"https://lh3.googleusercontent.com/-9BQylwxzatU/AAAAAAAAAAI/AAAAAAAAAAA/ACHi3rcDdA-sAO8qSfizx40KCHhRVv6SaA/mo/photo.jpg?sz=256","display_name":"superquanbin","link":"https://stackoverflow.com/users/11536750/superquanbin"},"is_answered":true,"view_count":589,"answer_count":1,"score":0,"last_activity_date":1650889187,"creation_date":1650887681,"question_id":71999131,"content_license":"CC BY-SA 4.0","link":"https://stackoverflow.com/questions/71999131/how-to-install-filebeat-on-m1-mac","title":"How to install fileBeat on M1 Mac"},{"tags":["rate-limiting","polly"],"owner":{"account_id":11407434,"reputation":19,"user_id":18938817,"user_type":"registered","profile_image":"https://www.gravatar.com/avatar/8d25f8e51e031651c6bbfbc73a878258?s=256&d=identicon&r=PG&f=y&so-version=2","display_name":"omar99","link":"https://stackoverflow.com/users/18938817/omar99"},"is_answered":false,"view_count":1665,"answer_count":1,"score":1,"last_activity_date":1692612037,"creation_date":1650887672,"last_edit_date":1664722872,"question_id":71999130,"content_license":"CC BY-SA 4.0","link":"https://stackoverflow.com/questions/71999130/can-polly-rate-limiting-be-used-when-scaling-out","title":"Can Polly rate limiting be used when scaling out"},{"tags":["flutter","dart"],"owner":{"account_id":20943875,"reputation":135,"user_id":15387226,"user_type":"registered","profile_image":"https://lh3.googleusercontent.com/a-/AOh14GgawQDOG8-7NO8G0YnMBnQ1V9mMikuAjJkNdgckqA=k-s256","display_name":"Abduboriy Jonmirzayev","link":"https://stackoverflow.com/users/15387226/abduboriy-jonmirzayev"},"is_answered":true,"view_count":137,"answer_count":2,"score":1,"last_activity_date":1650891295,"creation_date":1650887652,"question_id":71999127,"content_license":"CC BY-SA 4.0","link":"https://stackoverflow.com/questions/71999127/flutter-how-to-know-free-screen-size-for-text-widget","title":"Flutter - How to know free screen size for text widget"},{"tags":["javascript","html","css","reactjs"],"owner":{"account_id":22355606,"reputation":97,"user_id":16572960,"user_type":"registered","profile_image":"https://i.stack.imgur.com/pPEm1.jpg?s=256&g=1","display_name":"Khoa Nguyễn","link":"https://stackoverflow.com/users/16572960/khoa-nguy%e1%bb%85n"},"is_answered":false,"view_count":634,"answer_count":0,"score":1,"last_activity_date":1650887587,"creation_date":1650887587,"question_id":71999113,"content_license":"CC BY-SA 4.0","link":"https://stackoverflow.com/questions/71999113/how-to-add-a-reveal-animation-on-scroll-with-the-element-not-the-whole-page","title":"How to add a reveal animation on scroll with the element (not the whole page)"},{"tags":["javascript","reactjs","unit-testing","testing","jestjs"],"owner":{"account_id":279363,"reputation":18206,"user_id":574475,"user_type":"registered","accept_rate":55,"profile_image":"https://i.stack.imgur.com/mG0Ou.jpg?s=256&g=1","display_name":"Rubycon","link":"https://stackoverflow.com/users/574475/rubycon"},"is_answered":true,"view_count":6585,"answer_count":1,"score":7,"last_activity_date":1650915716,"creation_date":1650887586,"question_id":71999112,"content_license":"CC BY-SA 4.0","link":"https://stackoverflow.com/questions/71999112/jest-test-components-with-esm-dependencies","title":"Jest: test components with ESM dependencies"},{"tags":["python"],"owner":{"account_id":21763660,"reputation":1,"user_id":16067865,"user_type":"registered","profile_image":"https://lh3.googleusercontent.com/a-/AOh14GgP8RDhWVh-7qem-5XIfHPZ65O7GvzmfV-ShMbf=k-s256","display_name":"John BAZHAM","link":"https://stackoverflow.com/users/16067865/john-bazham"},"is_answered":false,"view_count":28,"closed_date":1650892656,"answer_count":2,"score":-2,"last_activity_date":1650892593,"creation_date":1650887573,"question_id":71999110,"link":"https://stackoverflow.com/questions/71999110/how-do-i-divide-numbers-by-two-numbers-without-dividing-with-both-of-them","closed_reason":"Duplicate","title":"How do i divide numbers by two numbers without dividing with both of them?"},{"tags":["c#","winforms","datagridview","radio-button"],"owner":{"account_id":10568198,"reputation":243,"user_id":7785812,"user_type":"registered","accept_rate":24,"profile_image":"https://www.gravatar.com/avatar/250467842fe616e2aa925358faaabede?s=256&d=identicon&r=PG&f=y&so-version=2","display_name":"Nivitha G","link":"https://stackoverflow.com/users/7785812/nivitha-g"},"is_answered":true,"view_count":563,"answer_count":1,"score":0,"last_activity_date":1650906803,"creation_date":1650887572,"question_id":71999109,"content_license":"CC BY-SA 4.0","link":"https://stackoverflow.com/questions/71999109/how-to-add-multiple-radio-buttons-in-single-cell-in-datagridview-c","title":"How to add multiple radio buttons in single cell in Datagridview c#?"},{"tags":["javascript","openlayers","mapbox-gl-js"],"owner":{"account_id":18979581,"reputation":455,"user_id":13851220,"user_type":"registered","profile_image":"https://lh3.googleusercontent.com/a-/AOh14GhKUmLhEz9NpNmW-uP1lA6o2ZxfsD_zR0TyWkcn=k-s256","display_name":"Martin R&#252;tzy","link":"https://stackoverflow.com/users/13851220/martin-r%c3%bctzy"},"is_answered":true,"view_count":147,"accepted_answer_id":71999595,"answer_count":1,"score":0,"last_activity_date":1650889976,"creation_date":1650887565,"question_id":71999107,"content_license":"CC BY-SA 4.0","link":"https://stackoverflow.com/questions/71999107/how-can-i-convert-lng-and-lat-from-openlayers-to-mapbox","title":"How can I convert lng and lat from OpenLayers to mapbox?"}],"has_more":true,"quota_max":300,"quota_remaining":249}