{"items":[{"tags":["php","regex","notepad++"],"owner":{"account_id":24032800,"reputation":23,"user_id":18013423,"user_type":"registered","profile_image":"https://www.gravatar.com/avatar/b443421f83f9b87fa26c415493db6dd8?s=256&d=identicon&r=PG","display_name":"wipor20530","link":"https://stackoverflow.com/users/18013423/wipor20530"},"is_answered":true,"view_count":49,"accepted_answer_id":70890131,"answer_count":3,"score":0,"last_activity_date":1643356332,"creation_date":1643349553,"question_id":70889405,"content_license":"CC BY-SA 4.0","link":"https://stackoverflow.com/questions/70889405/regexp-to-search-for-strings-like-cpt-on-notepad","title":"Regexp to search for strings like &#39;cpt&#39; =&gt; on Notepad++"},{"tags":["javascript","pug"],"owner":{"account_id":7296420,"reputation":13,"user_id":5561061,"user_type":"registered","profile_image":"https://www.gravatar.com/avatar/6be4e25d23e1a2d26ac4594d7252ea93?s=256&d=identicon&r=PG&f=y&so-version=2","display_name":"monkeycoder","link":"https://stackoverflow.com/users/5561061/monkeycoder"},"is_answered":true,"view_count":199,"accepted_answer_id":70889901,"answer_count":2,"score":1,"last_activity_date":1681890746,"creation_date":1643349502,"last_edit_date":1681890746,"question_id":70889400,"content_license":"CC BY-SA 4.0","link":"https://stackoverflow.com/questions/70889400/how-to-apply-contenteditable-attribute-in-pug","title":"How to apply contenteditable attribute in Pug"},{"tags":["vba","image","ms-access","winapi","64-bit"],"owner":{"account_id":1649096,"reputation":85,"user_id":1520013,"user_type":"registered","profile_image":"https://i.stack.imgur.com/dDyMi.jpg?s=256&g=1","display_name":"The Frog","link":"https://stackoverflow.com/users/1520013/the-frog"},"is_answered":false,"view_count":1055,"answer_count":0,"score":0,"last_activity_date":1665040805,"creation_date":1643349484,"last_edit_date":1643607074,"question_id":70889398,"content_license":"CC BY-SA 4.0","link":"https://stackoverflow.com/questions/70889398/vba-64-bit-forms-image-control-and-loading-an-image-from-byte-array","title":"VBA 64 Bit Forms Image Control and loading an image from byte array"},{"tags":["powershell"],"owner":{"account_id":19112850,"reputation":131,"user_id":13958510,"user_type":"registered","profile_image":"https://www.gravatar.com/avatar/a63edb4ec462ed525b60a865c163ef54?s=256&d=identicon&r=PG&f=y&so-version=2","display_name":"Dikshit Karki","link":"https://stackoverflow.com/users/13958510/dikshit-karki"},"is_answered":true,"view_count":814,"accepted_answer_id":70889631,"answer_count":1,"score":0,"last_activity_date":1643351240,"creation_date":1643349469,"question_id":70889396,"content_license":"CC BY-SA 4.0","link":"https://stackoverflow.com/questions/70889396/how-to-find-all-the-empty-subfolders-inside-the-folder-using-powershell","title":"How to find all the empty subfolders inside the folder using powershell?"},{"tags":["android"],"owner":{"account_id":10345103,"reputation":1992,"user_id":9363441,"user_type":"registered","profile_image":"https://www.gravatar.com/avatar/c2ba55211aab3851d78663127fd9e233?s=256&d=identicon&r=PG&f=y&so-version=2","display_name":"Andrew","link":"https://stackoverflow.com/users/9363441/andrew"},"is_answered":true,"view_count":55,"accepted_answer_id":70890683,"answer_count":1,"score":1,"last_activity_date":1643358487,"creation_date":1643349442,"question_id":70889394,"content_license":"CC BY-SA 4.0","link":"https://stackoverflow.com/questions/70889394/how-to-make-one-side-semi-circled-background-textview","title":"How to make one side semi circled background textView?"},{"tags":["javascript","reactjs"],"owner":{"account_id":23087357,"reputation":11,"user_id":17198699,"user_type":"registered","profile_image":"https://lh3.googleusercontent.com/a-/AOh14GjbtR-hoIL7JTn4AgaTyDS_L-qiCz5Xxq9dDJw=k-s256","display_name":"John Harold Beltran","link":"https://stackoverflow.com/users/17198699/john-harold-beltran"},"is_answered":false,"view_count":199,"answer_count":1,"score":0,"last_activity_date":1643350834,"creation_date":1643349409,"question_id":70889391,"content_license":"CC BY-SA 4.0","link":"https://stackoverflow.com/questions/70889391/react-usecontext-default-value-has-not-changed-even-i-provide-a-value","title":"React useContext() default value has not changed even I provide a value"},{"tags":["javascript","reactjs"],"owner":{"account_id":1537758,"reputation":14608,"user_id":1433268,"user_type":"registered","accept_rate":74,"profile_image":"https://i.stack.imgur.com/xdl4o.jpg?s=256&g=1","display_name":"MeltingDog","link":"https://stackoverflow.com/users/1433268/meltingdog"},"is_answered":true,"view_count":821,"accepted_answer_id":70889544,"answer_count":2,"score":1,"last_activity_date":1643350744,"creation_date":1643349395,"question_id":70889388,"content_license":"CC BY-SA 4.0","link":"https://stackoverflow.com/questions/70889388/react-how-do-i-use-values-from-an-objects-specific-key","title":"React: How do I use values from an object&#39;s specific key?"},{"tags":["java","spring-boot","maven"],"owner":{"account_id":20100957,"reputation":285,"user_id":14739428,"user_type":"registered","profile_image":"https://www.gravatar.com/avatar/93469c39c47f760a76edaebc3eaef5fb?s=256&d=identicon&r=PG&f=y&so-version=2","display_name":"william","link":"https://stackoverflow.com/users/14739428/william"},"is_answered":false,"view_count":5866,"answer_count":2,"score":2,"last_activity_date":1643361917,"creation_date":1643349292,"last_edit_date":1643358576,"question_id":70889378,"content_license":"CC BY-SA 4.0","link":"https://stackoverflow.com/questions/70889378/maven-compile-failed-cannot-find-symbol","title":"Maven Compile failed, cannot find symbol"},{"tags":["ios","swift","macos","plugins","apple-mail"],"owner":{"account_id":13627406,"reputation":1009,"user_id":9830325,"user_type":"registered","profile_image":"https://i.stack.imgur.com/ac02M.jpg?s=256&g=1","display_name":"Saurabh Pathak","link":"https://stackoverflow.com/users/9830325/saurabh-pathak"},"is_answered":false,"view_count":88,"answer_count":0,"score":1,"last_activity_date":1643349287,"creation_date":1643349287,"question_id":70889376,"content_license":"CC BY-SA 4.0","link":"https://stackoverflow.com/questions/70889376/i-need-a-plugin-like-icon-on-my-mac-mail-toolbar-so-that-i-can-develop-my-custom","title":"I need a plugin like icon on my mac mail toolbar so that I can develop my custom plugin features.Is anybody knows how we can add a custom icon?"},{"tags":["fortran","gfortran"],"owner":{"account_id":16527818,"reputation":57,"user_id":11941994,"user_type":"registered","profile_image":"https://lh6.googleusercontent.com/-arRCwkplTxc/AAAAAAAAAAI/AAAAAAAAAAA/ACHi3rdAcizydzBCTUcCDb1umqz6jLYUJA/photo.jpg?sz=256","display_name":"Kwon Bum Pyun","link":"https://stackoverflow.com/users/11941994/kwon-bum-pyun"},"is_answered":false,"view_count":75,"answer_count":0,"score":0,"last_activity_date":1643357072,"creation_date":1643349181,"last_edit_date":1643357072,"question_id":70889360,"content_license":"CC BY-SA 4.0","link":"https://stackoverflow.com/questions/70889360/fortran-read-data-with-different-colums-in-multiple-rows","title":"Fortran read data with different colums in multiple rows"},{"tags":["java","spring","hibernate","spring-mvc"],"owner":{"account_id":23822064,"reputation":9,"user_id":17829615,"user_type":"registered","profile_image":"https://lh3.googleusercontent.com/a-/AOh14GjhyvRPa1Xyak7JzTgWGY0dZ9UonDthkrP0qYzG=k-s256","display_name":"Mohit Singh","link":"https://stackoverflow.com/users/17829615/mohit-singh"},"is_answered":false,"view_count":4940,"answer_count":4,"score":0,"last_activity_date":1643452381,"creation_date":1643349180,"last_edit_date":1643376745,"question_id":70889359,"content_license":"CC BY-SA 4.0","link":"https://stackoverflow.com/questions/70889359/unsatisfied-dependency-exception-error-creating-bean-with-name","title":"Unsatisfied Dependency Exception: Error creating bean with name"},{"tags":["c#","unity-game-engine"],"owner":{"account_id":24079849,"reputation":11,"user_id":18054649,"user_type":"registered","profile_image":"https://lh3.googleusercontent.com/a-/AOh14Gh74RiB1nSmO3FmOkE3ZTJQrN07zxA6pjTIPCe4=k-s256","display_name":"Griffin Braunreiter","link":"https://stackoverflow.com/users/18054649/griffin-braunreiter"},"is_answered":false,"view_count":54,"answer_count":0,"score":1,"last_activity_date":1643359083,"creation_date":1643349179,"last_edit_date":1643359083,"question_id":70889358,"content_license":"CC BY-SA 4.0","link":"https://stackoverflow.com/questions/70889358/unity-displaying-best-times","title":"Unity Displaying Best Times"},{"tags":["ios","swift","xcode"],"owner":{"account_id":24080019,"reputation":3,"user_id":18054796,"user_type":"registered","profile_image":"https://lh3.googleusercontent.com/a/AATXAJz5ckbc7IGqWkdPp9GxVBi0krsAE2xkbT5u3ezZ=k-s256","display_name":"passionFruits","link":"https://stackoverflow.com/users/18054796/passionfruits"},"is_answered":true,"view_count":73,"accepted_answer_id":70889420,"answer_count":1,"score":0,"last_activity_date":1643349673,"creation_date":1643349158,"last_edit_date":1643349451,"question_id":70889357,"content_license":"CC BY-SA 4.0","link":"https://stackoverflow.com/questions/70889357/swift-5-or-up-image-view-on-pickerview","title":"Swift 5 or up - Image view on pickerview"},{"tags":["asp.net-mvc","docker",".net-core","amazon-ec2","abp"],"owner":{"user_type":"does_not_exist","display_name":"user18045207"},"is_answered":true,"view_count":639,"answer_count":1,"score":0,"last_activity_date":1643355446,"creation_date":1643349136,"question_id":70889353,"content_license":"CC BY-SA 4.0","link":"https://stackoverflow.com/questions/70889353/not-able-to-run-and-build-code-based-on-abp-framework-on-net-core","title":"Not able to run and build code based on ABP framework on .net core"},{"tags":["scala","apache-spark","apache-spark-sql","bigdata","data-transform"],"owner":{"account_id":21411832,"reputation":31,"user_id":15771851,"user_type":"registered","profile_image":"https://www.gravatar.com/avatar/582019554a7f406d7e74dafa2dab3e11?s=256&d=identicon&r=PG&f=y&so-version=2","display_name":"Shiva","link":"https://stackoverflow.com/users/15771851/shiva"},"is_answered":false,"view_count":364,"answer_count":0,"score":2,"last_activity_date":1643349136,"creation_date":1643349136,"question_id":70889351,"content_license":"CC BY-SA 4.0","link":"https://stackoverflow.com/questions/70889351/how-can-i-process-chunks-of-data-in-spark-dataframe","title":"How can I process chunks of data in Spark dataframe"},{"tags":["woocommerce","registration"],"owner":{"account_id":17958327,"reputation":55,"user_id":16596973,"user_type":"registered","profile_image":"https://www.gravatar.com/avatar/b973e3cc4511ffc8fc09b0e8718ef061?s=256&d=identicon&r=PG&f=y&so-version=2","display_name":"Dazza","link":"https://stackoverflow.com/users/16596973/dazza"},"is_answered":false,"view_count":357,"answer_count":0,"score":0,"last_activity_date":1643349045,"creation_date":1643349045,"question_id":70889334,"content_license":"CC BY-SA 4.0","link":"https://stackoverflow.com/questions/70889334/disallow-special-characters-from-woocommerce-username-signup","title":"Disallow Special Characters From WOOCOMMERCE Username Signup"},{"tags":["android","upload","release"],"owner":{"account_id":12003757,"reputation":39,"user_id":8782709,"user_type":"registered","profile_image":"https://i.stack.imgur.com/64NHg.jpg?s=256&g=1","display_name":"Bhavesh Makwana","link":"https://stackoverflow.com/users/8782709/bhavesh-makwana"},"is_answered":true,"view_count":917,"closed_date":1643393086,"accepted_answer_id":70889522,"answer_count":1,"score":-2,"last_activity_date":1643350547,"creation_date":1643349041,"question_id":70889332,"link":"https://stackoverflow.com/questions/70889332/google-playstore-app-still-in-review-from-last-7-days-can-anyone-help-me-for-th","closed_reason":"Opinion-based","title":"Google Playstore app still in review from last 7 days. Can anyone help me for that?"},{"tags":["python","django","ajax"],"owner":{"account_id":16375492,"reputation":590,"user_id":11827709,"user_type":"registered","profile_image":"https://www.gravatar.com/avatar/52d951c55a9e6e4440ca01d471aa8ad8?s=256&d=identicon&r=PG&f=y&so-version=2","display_name":"Mihir","link":"https://stackoverflow.com/users/11827709/mihir"},"is_answered":true,"view_count":126,"accepted_answer_id":70889448,"answer_count":1,"score":0,"last_activity_date":1643349897,"creation_date":1643348969,"question_id":70889328,"content_license":"CC BY-SA 4.0","link":"https://stackoverflow.com/questions/70889328/noreversematch-error-at-url-in-django-while-requesting-ajax-url","title":"NoReverseMatch Error at &quot;url&quot; in Django while requesting AJAX url"},{"tags":["sql","snowflake-cloud-data-platform"],"owner":{"account_id":15811001,"reputation":145,"user_id":11408090,"user_type":"registered","profile_image":"https://www.gravatar.com/avatar/fed2d2e5fa77f6bb6d68590ebbae903d?s=256&d=identicon&r=PG&f=y&so-version=2","display_name":"cyahahn","link":"https://stackoverflow.com/users/11408090/cyahahn"},"is_answered":true,"view_count":210,"answer_count":2,"score":0,"last_activity_date":1643374916,"creation_date":1643348900,"last_edit_date":1643374916,"question_id":70889317,"content_license":"CC BY-SA 4.0","link":"https://stackoverflow.com/questions/70889317/snowflake-sql-regex-replace-for-camelcase-strings","title":"Snowflake SQL: regex_replace for CamelCase strings"},{"tags":["javascript","node.js"],"owner":{"account_id":19823959,"reputation":439,"user_id":14519861,"user_type":"registered","profile_image":"https://www.gravatar.com/avatar/f083f261aa0663bbe34956c62d9a27e1?s=256&d=identicon&r=PG&f=y&so-version=2","display_name":"subhra_user","link":"https://stackoverflow.com/users/14519861/subhra-user"},"is_answered":true,"view_count":2789,"answer_count":1,"score":1,"last_activity_date":1643576888,"creation_date":1643348877,"last_edit_date":1643576888,"question_id":70889316,"content_license":"CC BY-SA 4.0","link":"https://stackoverflow.com/questions/70889316/how-to-get-file-extension-from-file-content-using-node-js","title":"How to get file extension from file content using Node.js"},{"tags":["c#","asp.net","asp.net-mvc","asp.net-core","razor"],"owner":{"account_id":1189122,"reputation":15763,"user_id":1162409,"user_type":"registered","accept_rate":40,"profile_image":"https://i.stack.imgur.com/YSzYR.jpg?s=256&g=1","display_name":"San Jaisy","link":"https://stackoverflow.com/users/1162409/san-jaisy"},"is_answered":false,"view_count":305,"answer_count":1,"score":1,"last_activity_date":1656150326,"creation_date":1643348875,"question_id":70889315,"content_license":"CC BY-SA 4.0","link":"https://stackoverflow.com/questions/70889315/microsoft-aspnetcore-razor-design-codegeneration-targets161-5-assembly-locat","title":"Microsoft.AspNetCore.Razor.Design.CodeGeneration.targets(161, 5): Assembly location for Razor SDK Tasks was not specified"},{"tags":["php","codeigniter"],"owner":{"account_id":23736379,"reputation":327,"user_id":17755010,"user_type":"registered","profile_image":"https://lh3.googleusercontent.com/a-/AOh14GiMB3QrQq1xPOqH9ZNQcXyhmmMkcv8YAthwY4dG_g=k-s256","display_name":"Asarudin A","link":"https://stackoverflow.com/users/17755010/asarudin-a"},"is_answered":true,"view_count":881,"accepted_answer_id":70889454,"answer_count":1,"score":-2,"last_activity_date":1643350318,"creation_date":1643348826,"question_id":70889310,"content_license":"CC BY-SA 4.0","link":"https://stackoverflow.com/questions/70889310/message-call-to-undefined-function-validation-errors","title":"Message: Call to undefined function validation_errors()"},{"tags":["javascript","angularjs"],"owner":{"account_id":24079993,"reputation":1,"user_id":18054772,"user_type":"registered","profile_image":"https://lh3.googleusercontent.com/a/AATXAJwjamR6BaCFeDG4EBXmfE5ET0g69PKC36Xyu2LC=k-s256","display_name":"Krishnakumar Prabhu Natarajan","link":"https://stackoverflow.com/users/18054772/krishnakumar-prabhu-natarajan"},"is_answered":false,"view_count":3155,"answer_count":2,"score":0,"last_activity_date":1643364243,"creation_date":1643348775,"last_edit_date":1643363050,"question_id":70889306,"content_license":"CC BY-SA 4.0","link":"https://stackoverflow.com/questions/70889306/error-unhandled-promise-rejection-typeerror-cannot-read-properties-of-undefi","title":"ERROR: &#39;Unhandled Promise rejection: TypeError: Cannot read properties of undefined"},{"tags":["javascript","reactjs","yup"],"owner":{"account_id":21635313,"reputation":779,"user_id":15958296,"user_type":"registered","profile_image":"https://lh3.googleusercontent.com/a/AATXAJz5isE59VEbPVJc0lp4NaGTulNMp2N_ypc5ZzFm=k-s256","display_name":"ArthurJ","link":"https://stackoverflow.com/users/15958296/arthurj"},"is_answered":true,"view_count":3743,"answer_count":1,"score":2,"last_activity_date":1663838151,"creation_date":1643348751,"last_edit_date":1643350323,"question_id":70889303,"content_license":"CC BY-SA 4.0","link":"https://stackoverflow.com/questions/70889303/need-to-reference-access-yup-ref-value-within-the-message-of-yup-min-and-max-v","title":"Need to reference/access Yup.ref() value within the message of yup min and max validations"},{"tags":["c#",".net"],"owner":{"account_id":18324018,"reputation":616,"user_id":13344149,"user_type":"registered","profile_image":"https://i.stack.imgur.com/KrSmP.jpg?s=256&g=1","display_name":"Hexley21","link":"https://stackoverflow.com/users/13344149/hexley21"},"is_answered":true,"view_count":325,"accepted_answer_id":70890477,"answer_count":3,"score":2,"last_activity_date":1643537508,"creation_date":1643348717,"last_edit_date":1643537508,"question_id":70889300,"content_license":"CC BY-SA 4.0","link":"https://stackoverflow.com/questions/70889300/how-to-check-if-a-list-contains-specific-class-in-c","title":"How to check if a list contains specific class in C#"},{"tags":["python","pandas","dataframe","for-loop","frequency"],"owner":{"account_id":8488767,"reputation":661,"user_id":6365890,"user_type":"registered","accept_rate":30,"profile_image":"https://www.gravatar.com/avatar/01ab268868af4694dabbe437cf0fa72b?s=256&d=identicon&r=PG&f=y&so-version=2","display_name":"pynewbee","link":"https://stackoverflow.com/users/6365890/pynewbee"},"is_answered":true,"view_count":1864,"accepted_answer_id":70889354,"answer_count":3,"score":1,"last_activity_date":1643351525,"creation_date":1643348693,"question_id":70889296,"content_license":"CC BY-SA 4.0","link":"https://stackoverflow.com/questions/70889296/convert-for-loop-output-into-dataframe-python","title":"convert for-loop output into dataframe python"},{"tags":["ruby-on-rails","ruby","multithreading"],"owner":{"account_id":24079864,"reputation":11,"user_id":18054661,"user_type":"registered","profile_image":"https://lh3.googleusercontent.com/a/AATXAJzXZRAnUXYEIf5p0Zpomv0n2yMkMnErr13DoryO=k-s256","display_name":"Sam","link":"https://stackoverflow.com/users/18054661/sam"},"is_answered":false,"view_count":42,"answer_count":0,"score":1,"last_activity_date":1643683484,"creation_date":1643348673,"last_edit_date":1643683484,"question_id":70889293,"content_license":"CC BY-SA 4.0","link":"https://stackoverflow.com/questions/70889293/how-to-track-symbol-created-during-code-loading-in-ruby-in-a-thread-safe-manner","title":"How to track symbol created during code loading in Ruby in a thread safe manner"},{"tags":["mysql","sql","json","subquery","mysql-json"],"owner":{"user_type":"does_not_exist","display_name":"user14291527"},"is_answered":false,"view_count":44,"answer_count":0,"score":0,"last_activity_date":1643348659,"creation_date":1643348659,"question_id":70889292,"content_license":"CC BY-SA 4.0","link":"https://stackoverflow.com/questions/70889292/how-to-retrieve-data-as-json-in-fields-from-mysql","title":"How to retrieve data as json in fields from mysql"},{"tags":["android","kotlin","android-jetpack-compose"],"owner":{"account_id":11149158,"reputation":685,"user_id":8182960,"user_type":"registered","accept_rate":86,"profile_image":"https://www.gravatar.com/avatar/c175b0550206f5d92b53d3fd2304e1ef?s=256&d=identicon&r=PG&f=y&so-version=2","display_name":"Rahul","link":"https://stackoverflow.com/users/8182960/rahul"},"is_answered":true,"view_count":1347,"accepted_answer_id":70889384,"answer_count":1,"score":7,"last_activity_date":1643358996,"creation_date":1643348657,"last_edit_date":1643348937,"question_id":70889291,"content_license":"CC BY-SA 4.0","link":"https://stackoverflow.com/questions/70889291/restore-swipetodismiss-lazycolumn-item-to-its-original-state","title":"Restore SwipeToDismiss LazyColumn Item to it&#39;s original state?"},{"tags":["postgresql","psql"],"owner":{"account_id":23194761,"reputation":39,"user_id":17290563,"user_type":"registered","profile_image":"https://lh3.googleusercontent.com/a/AATXAJxaK09yKgGDrlbozFUsqJRAEcVFzqbFyBGJITmP=k-s256","display_name":"user17290563","link":"https://stackoverflow.com/users/17290563/user17290563"},"is_answered":true,"view_count":1177,"accepted_answer_id":70889871,"answer_count":2,"score":0,"last_activity_date":1694423240,"creation_date":1643348647,"question_id":70889289,"content_license":"CC BY-SA 4.0","link":"https://stackoverflow.com/questions/70889289/unable-to-build-the-postgresql-environment-fatal-database-t-does-not-exist","title":"Unable to build the PostgreSQL environment. FATAL: database &quot;t&quot; does not exist"}],"has_more":true,"quota_max":300,"quota_remaining":190}