{"items":[{"tags":["c++","c++20","type-traits"],"owner":{"account_id":18471377,"reputation":2093,"user_id":13456180,"user_type":"registered","profile_image":"https://www.gravatar.com/avatar/280ab4bfd91c4118f00e2b31ff221e9d?s=256&d=identicon&r=PG&f=y&so-version=2","display_name":"VainMan","link":"https://stackoverflow.com/users/13456180/vainman"},"is_answered":false,"view_count":151,"answer_count":0,"score":8,"last_activity_date":1647104821,"creation_date":1647021585,"last_edit_date":1647101293,"question_id":71442814,"content_license":"CC BY-SA 4.0","link":"https://stackoverflow.com/questions/71442814/is-copy-constructible-vconst-voidn-yields-true-on-gcc-since-c20","title":"is_copy_constructible_v&lt;const void*[N]&gt; yields true on GCC since c++20"},{"tags":["kubernetes","minio","k3s"],"owner":{"account_id":10222996,"reputation":154,"user_id":7546599,"user_type":"registered","profile_image":"https://www.gravatar.com/avatar/98a3b8d41c45defd7fad412690a8eb59?s=256&d=identicon&r=PG&f=y&so-version=2","display_name":"k.Cyborg","link":"https://stackoverflow.com/users/7546599/k-cyborg"},"is_answered":true,"view_count":1392,"accepted_answer_id":71468627,"answer_count":1,"score":2,"last_activity_date":1647264747,"creation_date":1647021584,"question_id":71442813,"content_license":"CC BY-SA 4.0","link":"https://stackoverflow.com/questions/71442813/minio-deployment-using-kubernetes-doesnt-work-as-expected","title":"Minio deployment using kubernetes doesn&#39;t work as expected"},{"tags":["php","mysql","arrays"],"owner":{"account_id":21083518,"reputation":19,"user_id":15497242,"user_type":"registered","profile_image":"https://lh3.googleusercontent.com/a-/AOh14GhSXeDsFXX4MV4axChmBc4dT-cHF8IAdtbItjQp=k-s256","display_name":"neptune17","link":"https://stackoverflow.com/users/15497242/neptune17"},"is_answered":true,"view_count":272,"accepted_answer_id":71444512,"answer_count":1,"score":-1,"last_activity_date":1647031927,"creation_date":1647021565,"question_id":71442811,"content_license":"CC BY-SA 4.0","link":"https://stackoverflow.com/questions/71442811/print-checked-checkboxes-according-to-database-with-php","title":"Print checked checkboxes according to database with PHP"},{"tags":["kotlin","inner-join"],"owner":{"account_id":14636108,"reputation":1446,"user_id":10570201,"user_type":"registered","profile_image":"https://i.stack.imgur.com/iglWn.png?s=256&g=1","display_name":"nhcodes","link":"https://stackoverflow.com/users/10570201/nhcodes"},"is_answered":true,"view_count":371,"accepted_answer_id":71443088,"answer_count":2,"score":2,"last_activity_date":1653658777,"creation_date":1647021538,"last_edit_date":1653658777,"question_id":71442810,"content_license":"CC BY-SA 4.0","link":"https://stackoverflow.com/questions/71442810/join-two-lists-with-same-type-on-a-specific-field-in-kotlin-like-inner-join-in","title":"Join two lists with same type on a specific field in Kotlin (like inner join in SQL)"},{"tags":["javascript","forms","multi-step"],"owner":{"account_id":24441684,"reputation":1,"user_id":18365291,"user_type":"registered","profile_image":"https://www.gravatar.com/avatar/b19f3c0cbf3d4740250aaaa4bde418b0?s=256&d=identicon&r=PG","display_name":"Ali","link":"https://stackoverflow.com/users/18365291/ali"},"is_answered":false,"view_count":666,"answer_count":0,"score":0,"last_activity_date":1647021868,"creation_date":1647021533,"last_edit_date":1647021868,"question_id":71442809,"content_license":"CC BY-SA 4.0","link":"https://stackoverflow.com/questions/71442809/multi-step-form-required-fields-to-go-to-next-step","title":"Multi-Step Form Required Fields To Go to Next Step"},{"tags":["javascript","node.js","express","json-server"],"owner":{"account_id":9505356,"reputation":1019,"user_id":11225028,"user_type":"registered","profile_image":"https://www.gravatar.com/avatar/9142386cf37246d245b7e1ebe2776078?s=256&d=identicon&r=PG&f=y&so-version=2","display_name":"Luk","link":"https://stackoverflow.com/users/11225028/luk"},"is_answered":false,"view_count":759,"answer_count":0,"score":2,"last_activity_date":1647067892,"creation_date":1647021485,"last_edit_date":1647067892,"question_id":71442805,"content_license":"CC BY-SA 4.0","link":"https://stackoverflow.com/questions/71442805/how-to-map-the-id-parameter-of-the-json-server-onto-a-custom-name","title":"How to map the id parameter of the json-server onto a custom name"},{"tags":["height","powerbuilder","autoresize","datawindow","row-height"],"owner":{"account_id":15266615,"reputation":11,"user_id":15049834,"user_type":"registered","profile_image":"https://www.gravatar.com/avatar/02f909ee4dadb1156eb25a3454b2f5c7?s=256&d=identicon&r=PG&f=y&so-version=2","display_name":"Herman","link":"https://stackoverflow.com/users/15049834/herman"},"is_answered":false,"view_count":258,"answer_count":1,"score":0,"last_activity_date":1647557814,"creation_date":1647021471,"last_edit_date":1647022913,"question_id":71442801,"content_license":"CC BY-SA 4.0","link":"https://stackoverflow.com/questions/71442801/how-to-resize-dw-height","title":"How to resize dw_height"},{"tags":["r","dplyr","rollapply"],"owner":{"account_id":12826411,"reputation":1043,"user_id":16346449,"user_type":"registered","profile_image":"https://i.stack.imgur.com/TLKDA.jpg?s=256&g=1","display_name":"Homer Jay Simpson","link":"https://stackoverflow.com/users/16346449/homer-jay-simpson"},"is_answered":true,"view_count":210,"accepted_answer_id":71451015,"answer_count":1,"score":2,"last_activity_date":1647101422,"creation_date":1647021460,"last_edit_date":1647021815,"question_id":71442800,"content_license":"CC BY-SA 4.0","link":"https://stackoverflow.com/questions/71442800/replace-nas-in-r-with-the-current-rollapply-value","title":"Replace NA&#39;s in R with the current rollapply value"},{"tags":["python","if-statement"],"owner":{"account_id":22024914,"reputation":21,"user_id":18227755,"user_type":"registered","profile_image":"https://lh3.googleusercontent.com/a/AATXAJwXol-RnPwB306pqxn-dqYaRO7Z9WEFHpmZj6hl=k-s256","display_name":"Laura Tiemi","link":"https://stackoverflow.com/users/18227755/laura-tiemi"},"is_answered":true,"view_count":56,"answer_count":4,"score":1,"last_activity_date":1647022256,"creation_date":1647021457,"last_edit_date":1647021543,"question_id":71442798,"content_license":"CC BY-SA 4.0","link":"https://stackoverflow.com/questions/71442798/is-this-if-statement-correct","title":"Is this if statement correct?"},{"tags":["python","python-multiprocessing"],"owner":{"account_id":3383616,"reputation":455,"user_id":2840125,"user_type":"registered","accept_rate":87,"profile_image":"https://www.gravatar.com/avatar/0893e9d2751546d907e614733905c8a6?s=256&d=identicon&r=PG&f=y&so-version=2","display_name":"Kes Perron","link":"https://stackoverflow.com/users/2840125/kes-perron"},"is_answered":false,"view_count":109,"answer_count":1,"score":0,"last_activity_date":1647288079,"creation_date":1647021451,"last_edit_date":1647266130,"question_id":71442795,"content_license":"CC BY-SA 4.0","link":"https://stackoverflow.com/questions/71442795/multiprocessing-not-improving-performance-and-no-output-printed","title":"Multiprocessing not improving performance, and no output printed"},{"tags":["javascript","html","jquery","ajax"],"owner":{"account_id":24527777,"reputation":1,"user_id":18440016,"user_type":"registered","profile_image":"https://www.gravatar.com/avatar/55e94de3c1a63707342a2c4aaf0ac17c?s=256&d=identicon&r=PG","display_name":"Diskos","link":"https://stackoverflow.com/users/18440016/diskos"},"is_answered":false,"view_count":37,"answer_count":0,"score":0,"last_activity_date":1647021447,"creation_date":1647021447,"question_id":71442794,"content_license":"CC BY-SA 4.0","link":"https://stackoverflow.com/questions/71442794/html-form-js-response","title":"HTML form, JS response"},{"tags":["python","numpy","differential-equations","astronomy","odeint"],"owner":{"account_id":13899219,"reputation":792,"user_id":10035190,"user_type":"registered","profile_image":"https://www.gravatar.com/avatar/2a7797b8aedf1ef222b70466b06949be?s=256&d=identicon&r=PG&f=y&so-version=2","display_name":"zircon","link":"https://stackoverflow.com/users/10035190/zircon"},"is_answered":true,"view_count":96,"answer_count":1,"score":0,"last_activity_date":1647167053,"creation_date":1647021442,"last_edit_date":1647167053,"question_id":71442793,"content_license":"CC BY-SA 4.0","link":"https://stackoverflow.com/questions/71442793/how-to-solve-2nd-order-coupled-equation-by-using-python","title":"how to solve 2nd order coupled equation by using python?"},{"tags":["python","pandas","database","dataframe","maxlength"],"owner":{"account_id":11107669,"reputation":35,"user_id":15212876,"user_type":"registered","profile_image":"https://www.gravatar.com/avatar/5cafcc96ee3594a95ccbaf5d593268fc?s=256&d=identicon&r=PG&f=y&so-version=2","display_name":"Rajesh Patnaik","link":"https://stackoverflow.com/users/15212876/rajesh-patnaik"},"is_answered":true,"view_count":47,"accepted_answer_id":71443015,"answer_count":1,"score":0,"last_activity_date":1647022722,"creation_date":1647021421,"last_edit_date":1647022390,"question_id":71442788,"content_license":"CC BY-SA 4.0","link":"https://stackoverflow.com/questions/71442788/getting-a-maximum-of-2-values-of-a-column-based-on-having-same-values-in-the-fir","title":"Getting a maximum of 2 values of a column based on having same values in the first field using pandas dataframe"},{"tags":["javascript","reactjs","electron"],"owner":{"account_id":21135313,"reputation":1,"user_id":15538881,"user_type":"registered","profile_image":"https://i.stack.imgur.com/vS3KG.png?s=256&g=1","display_name":"zain ul din","link":"https://stackoverflow.com/users/15538881/zain-ul-din"},"is_answered":true,"view_count":435,"accepted_answer_id":71443104,"answer_count":1,"score":2,"last_activity_date":1647023120,"creation_date":1647021409,"question_id":71442786,"content_license":"CC BY-SA 4.0","link":"https://stackoverflow.com/questions/71442786/window-print-without-printers-causes-the-main-process-to-crash-in-electron-app","title":"window.print() without printers causes the main process to crash in Electron App"},{"tags":["c#","dependency-injection","autofac","unity-container","aop"],"owner":{"account_id":8245242,"reputation":1732,"user_id":6201547,"user_type":"registered","accept_rate":44,"profile_image":"https://www.gravatar.com/avatar/182abe1aa3d805687ceeed8708581417?s=256&d=identicon&r=PG&f=y&so-version=2","display_name":"mannok","link":"https://stackoverflow.com/users/6201547/mannok"},"is_answered":false,"view_count":287,"answer_count":1,"score":0,"last_activity_date":1647102111,"creation_date":1647021409,"question_id":71442785,"content_license":"CC BY-SA 4.0","link":"https://stackoverflow.com/questions/71442785/can-i-create-global-interceptor-in-autofac","title":"Can I create global interceptor in Autofac?"},{"tags":["firebase","flutter","listview"],"owner":{"account_id":18687376,"reputation":51,"user_id":13622565,"user_type":"registered","profile_image":"https://www.gravatar.com/avatar/3f308421dbaa1333f84eb32da102b0be?s=256&d=identicon&r=PG&f=y&so-version=2","display_name":"Imad Ud Din Khan","link":"https://stackoverflow.com/users/13622565/imad-ud-din-khan"},"is_answered":true,"view_count":581,"accepted_answer_id":71444872,"answer_count":1,"score":0,"last_activity_date":1647034538,"creation_date":1647021396,"last_edit_date":1647032054,"question_id":71442782,"content_license":"CC BY-SA 4.0","link":"https://stackoverflow.com/questions/71442782/how-to-change-values-dynamically-in-a-flutter-list-view-and-firebase-as-well","title":"how to change values dynamically in a flutter list view and firebase as well"},{"tags":["xamarin.forms","xamarin.android","google-signin"],"owner":{"account_id":234200,"reputation":1139,"user_id":1877832,"user_type":"registered","accept_rate":82,"profile_image":"https://www.gravatar.com/avatar/9ded515b2a65d288d74847daffe09c4e?s=256&d=identicon&r=PG","display_name":"jmichas","link":"https://stackoverflow.com/users/1877832/jmichas"},"is_answered":false,"view_count":144,"answer_count":0,"score":0,"last_activity_date":1647021390,"creation_date":1647021390,"question_id":71442780,"content_license":"CC BY-SA 4.0","link":"https://stackoverflow.com/questions/71442780/xamarin-forms-android-googlesignin-how-to-refresh-reload-token","title":"Xamarin Forms Android GoogleSignIn How to Refresh/reload Token?"},{"tags":["javascript","angular","typescript"],"owner":{"account_id":20077153,"reputation":39,"user_id":14720662,"user_type":"registered","profile_image":"https://www.gravatar.com/avatar/90fdead805bff9e066f3f176de555590?s=256&d=identicon&r=PG","display_name":"ekinkoseoglu","link":"https://stackoverflow.com/users/14720662/ekinkoseoglu"},"is_answered":true,"view_count":52,"accepted_answer_id":71444866,"answer_count":1,"score":1,"last_activity_date":1647034522,"creation_date":1647021320,"question_id":71442772,"content_license":"CC BY-SA 4.0","link":"https://stackoverflow.com/questions/71442772/how-to-find-spesific-object-type-from-string-value-contained-in-this-objects-pr","title":"How to find spesific Object type from string value contained in this object&#39;s properties"},{"tags":["javascript","mysql","mysql-workbench","mysql-connector","tomcat9"],"owner":{"account_id":20683314,"reputation":15,"user_id":15186364,"user_type":"registered","profile_image":"https://www.gravatar.com/avatar/57195f1ea21d9c13c3df887c82859b70?s=256&d=identicon&r=PG&f=y&so-version=2","display_name":"Gelios","link":"https://stackoverflow.com/users/15186364/gelios"},"is_answered":true,"view_count":2654,"accepted_answer_id":71447507,"answer_count":1,"score":1,"last_activity_date":1647073798,"creation_date":1647021312,"last_edit_date":1647065117,"question_id":71442770,"content_license":"CC BY-SA 4.0","link":"https://stackoverflow.com/questions/71442770/sqlexception-no-suitable-driver-found-for-jdbcmysql-sqlstate-08001-vendorer","title":"SQLException: No suitable driver found for jdbc:mysql. SQLState: 08001. VendorError: 0"},{"tags":["javascript","reactjs"],"owner":{"account_id":22386487,"reputation":88,"user_id":17280127,"user_type":"registered","profile_image":"https://lh3.googleusercontent.com/a/AATXAJwuVEqBNE1d8r_T-wCFqSJMXls4yuysgqO92k58=k-s256","display_name":"Devesh jha","link":"https://stackoverflow.com/users/17280127/devesh-jha"},"is_answered":true,"view_count":73,"accepted_answer_id":71443433,"answer_count":1,"score":1,"last_activity_date":1647027193,"creation_date":1647021307,"last_edit_date":1647021951,"question_id":71442769,"content_license":"CC BY-SA 4.0","link":"https://stackoverflow.com/questions/71442769/on-clicking-component-redirect-to-custom-component","title":"On clicking component redirect to custom component"},{"tags":["ubuntu-18.04","wsl-2","pyenv"],"owner":{"account_id":24251617,"reputation":11,"user_id":18202557,"user_type":"registered","profile_image":"https://lh3.googleusercontent.com/a/AATXAJxd-Sxd1s0qyU-b25JUQRAxxaloXxNmsP_eWXpA=k-s256","display_name":"Yoann Vigouroux","link":"https://stackoverflow.com/users/18202557/yoann-vigouroux"},"is_answered":false,"view_count":198,"answer_count":0,"score":1,"last_activity_date":1647021270,"creation_date":1647021270,"question_id":71442761,"content_license":"CC BY-SA 4.0","link":"https://stackoverflow.com/questions/71442761/pyenv-bin-pyenv-line-36-bin-readlink-no-such-file-or-directory","title":"~/.pyenv/bin/pyenv: line 36: ./bin/readlink: No such file or directory"},{"tags":["linux","performance","memory","memcpy"],"owner":{"account_id":1936480,"reputation":193,"user_id":5535270,"user_type":"registered","profile_image":"https://www.gravatar.com/avatar/cd98129170a7d03581f9925397b36917?s=256&d=identicon&r=PG&f=y&so-version=2","display_name":"Jed","link":"https://stackoverflow.com/users/5535270/jed"},"is_answered":true,"view_count":680,"accepted_answer_id":71443535,"answer_count":1,"score":1,"last_activity_date":1647029628,"creation_date":1647021226,"last_edit_date":1647029628,"question_id":71442755,"content_license":"CC BY-SA 4.0","link":"https://stackoverflow.com/questions/71442755/poor-memcpy-performance","title":"Poor memcpy performance"},{"tags":["count","powerbi","dax","powerquery"],"owner":{"account_id":19457449,"reputation":15,"user_id":14232425,"user_type":"registered","profile_image":"https://www.gravatar.com/avatar/6f52e6b507b4feb0dfaad1d2d8ce6b43?s=256&d=identicon&r=PG&f=y&so-version=2","display_name":"mrhippo85","link":"https://stackoverflow.com/users/14232425/mrhippo85"},"is_answered":true,"view_count":6653,"accepted_answer_id":71457628,"answer_count":1,"score":0,"last_activity_date":1647190193,"creation_date":1647021196,"last_edit_date":1647178534,"question_id":71442750,"content_license":"CC BY-SA 4.0","link":"https://stackoverflow.com/questions/71442750/dax-measure-to-show-count-of-rows-filtered-by-values-and-last-report-run-date","title":"DAX - Measure to show count of rows filtered by values and last report run date"},{"tags":["javascript","jquery","ecmascript-6"],"owner":{"account_id":19806835,"reputation":59,"user_id":14506610,"user_type":"registered","profile_image":"https://lh3.googleusercontent.com/a-/AOh14GjgRzEkB18prez0cjKHkUy2TbL6A2bY_m0Zd7ku=k-s256","display_name":"shubham ralli","link":"https://stackoverflow.com/users/14506610/shubham-ralli"},"is_answered":true,"view_count":127,"answer_count":2,"score":1,"last_activity_date":1647065005,"creation_date":1647021168,"question_id":71442743,"content_license":"CC BY-SA 4.0","link":"https://stackoverflow.com/questions/71442743/how-do-i-write-less-code-and-get-more-done","title":"How do I write less code and get more done?"},{"tags":["ssh","sudo","mount","sshpass"],"owner":{"account_id":1810187,"reputation":179,"user_id":1646428,"user_type":"registered","accept_rate":48,"profile_image":"https://www.gravatar.com/avatar/968f85446bad10d98ac115c26a8d2c58?s=256&d=identicon&r=PG","display_name":"user1646428","link":"https://stackoverflow.com/users/1646428/user1646428"},"is_answered":false,"view_count":548,"answer_count":1,"score":0,"last_activity_date":1647106323,"creation_date":1647021161,"last_edit_date":1647022718,"question_id":71442742,"content_license":"CC BY-SA 4.0","link":"https://stackoverflow.com/questions/71442742/sshfs-mounts-in-debug-but-not-otherwise","title":"sshfs mounts in debug but not otherwise"},{"tags":["javascript","reactjs","react-hooks"],"owner":{"account_id":9487836,"reputation":399,"user_id":7053699,"user_type":"registered","accept_rate":100,"profile_image":"https://i.stack.imgur.com/kfwzm.png?s=256&g=1","display_name":"brianyates","link":"https://stackoverflow.com/users/7053699/brianyates"},"is_answered":true,"view_count":205,"accepted_answer_id":71451262,"answer_count":1,"score":0,"last_activity_date":1647102015,"creation_date":1647021160,"question_id":71442741,"content_license":"CC BY-SA 4.0","link":"https://stackoverflow.com/questions/71442741/is-there-a-need-to-do-any-cleanup-when-using-document-createelement-within-a-rea","title":"Is there a need to do any cleanup when using document.createElement within a React ref?"},{"tags":["amazon-web-services","caching","aws-cli","serverless","aws-appsync"],"owner":{"account_id":2440006,"reputation":1227,"user_id":2128799,"user_type":"registered","profile_image":"https://i.stack.imgur.com/m23IO.png?s=256&g=1","display_name":"Dash Winterson","link":"https://stackoverflow.com/users/2128799/dash-winterson"},"is_answered":true,"view_count":699,"answer_count":1,"score":0,"last_activity_date":1647177473,"creation_date":1647021146,"question_id":71442737,"content_license":"CC BY-SA 4.0","link":"https://stackoverflow.com/questions/71442737/how-to-examine-appsync-cache","title":"How to examine appsync cache?"},{"tags":["arrays","c","user-input"],"owner":{"account_id":15088363,"reputation":51,"user_id":10888938,"user_type":"registered","profile_image":"https://www.gravatar.com/avatar/bf3ff1e6fd2b119b05e9330c95fbdc25?s=256&d=identicon&r=PG&f=y&so-version=2","display_name":"Dan","link":"https://stackoverflow.com/users/10888938/dan"},"is_answered":false,"view_count":298,"answer_count":1,"score":0,"last_activity_date":1647023138,"creation_date":1647021124,"question_id":71442731,"content_license":"CC BY-SA 4.0","link":"https://stackoverflow.com/questions/71442731/accepting-integer-user-input-of-unknown-size-within-a-single-line-into-an-array","title":"Accepting integer user input of unknown size within a single line into an array in C"},{"tags":["amazon-web-services","github","github-actions"],"owner":{"account_id":24074338,"reputation":21,"user_id":18049889,"user_type":"registered","profile_image":"https://lh3.googleusercontent.com/a/AATXAJwgNg70ZTL205iNwhrquFD1vN12_UhxBSuZq6g=k-s256","display_name":"Divyanshu Mehta","link":"https://stackoverflow.com/users/18049889/divyanshu-mehta"},"is_answered":false,"view_count":198,"answer_count":1,"score":2,"last_activity_date":1647067280,"creation_date":1647021119,"last_edit_date":1647067280,"question_id":71442729,"content_license":"CC BY-SA 4.0","link":"https://stackoverflow.com/questions/71442729/how-to-create-manual-action-in-non-default-branch-github","title":"How to create manual action in non-default branch github"},{"tags":["jquery","mapbox","mapbox-gl-js","mapbox-gl"],"owner":{"account_id":24529464,"reputation":33,"user_id":18441513,"user_type":"registered","profile_image":"https://www.gravatar.com/avatar/4f6d0d71c8ed596a11383747ce80f029?s=256&d=identicon&r=PG","display_name":"Umer","link":"https://stackoverflow.com/users/18441513/umer"},"is_answered":false,"view_count":146,"answer_count":1,"score":-1,"last_activity_date":1647039489,"creation_date":1647021073,"last_edit_date":1647039489,"question_id":71442721,"content_license":"CC BY-SA 4.0","link":"https://stackoverflow.com/questions/71442721/mapbox-gl-js-set-color-on-the-specific-searched-address","title":"Mapbox GL JS set color on the specific searched address"}],"has_more":true,"quota_max":300,"quota_remaining":192}