{"items":[{"tags":["python","numpy","matplotlib"],"owner":{"account_id":21283251,"reputation":131,"user_id":15661358,"user_type":"registered","profile_image":"https://www.gravatar.com/avatar/2e3a19dce7e08e4a248c51821f455780?s=256&d=identicon&r=PG&f=y&so-version=2","display_name":"PhilE","link":"https://stackoverflow.com/users/15661358/phile"},"is_answered":true,"view_count":384,"accepted_answer_id":70977053,"answer_count":4,"score":0,"last_activity_date":1643915820,"creation_date":1643911197,"last_edit_date":1643913642,"question_id":70976094,"content_license":"CC BY-SA 4.0","link":"https://stackoverflow.com/questions/70976094/how-to-call-a-list-from-a-user-input","title":"How to call a list from a user input?"},{"tags":["node.js","github","react-redux","production-environment","http-status-code-401"],"owner":{"account_id":22373194,"reputation":1,"user_id":16587936,"user_type":"registered","profile_image":"https://lh3.googleusercontent.com/a-/AOh14Gj0Q6YxgVeuRximyVTgfOxOBPhocn7_a2JhoyYo=k-s256","display_name":"Gaffyn Voorzta","link":"https://stackoverflow.com/users/16587936/gaffyn-voorzta"},"is_answered":false,"view_count":333,"answer_count":2,"score":0,"last_activity_date":1643991912,"creation_date":1643911189,"question_id":70976093,"content_license":"CC BY-SA 4.0","link":"https://stackoverflow.com/questions/70976093/getting-401-response-codes-on-a-deployed-react-app-that-worked-fine-in-developme","title":"getting 401 response codes on a deployed React App that worked fine in development?"},{"tags":["java","spring","spring-boot","spring-mvc","oauth-2.0"],"owner":{"account_id":19362584,"reputation":29,"user_id":14157571,"user_type":"registered","profile_image":"https://www.gravatar.com/avatar/484681bc9defd08e98bf7626fa04f050?s=256&d=identicon&r=PG&f=y&so-version=2","display_name":"darkjp","link":"https://stackoverflow.com/users/14157571/darkjp"},"is_answered":true,"view_count":4753,"answer_count":1,"score":1,"last_activity_date":1643962568,"creation_date":1643911072,"question_id":70976072,"content_license":"CC BY-SA 4.0","link":"https://stackoverflow.com/questions/70976072/defining-a-bean-of-type-oauth2authorizedclientservice-in-your-configuration-cons","title":"Defining a bean of type OAuth2AuthorizedClientService in your configuration consider. Parameter 0 of constructor in LoginController required a Bean"},{"tags":["javascript","html"],"owner":{"account_id":24146256,"reputation":1,"user_id":18111807,"user_type":"registered","profile_image":"https://lh3.googleusercontent.com/a-/AOh14Gjr463_xjVGgOJ9DGDrbn0ih8sKY0RwlVhumPOMiw=k-s256","display_name":"ShvetZz","link":"https://stackoverflow.com/users/18111807/shvetzz"},"is_answered":false,"view_count":105,"closed_date":1643990851,"answer_count":1,"score":0,"last_activity_date":1643990964,"creation_date":1643911035,"question_id":70976062,"link":"https://stackoverflow.com/questions/70976062/cant-hide-element-when-empty","closed_reason":"Duplicate","title":"Can&#39;t hide element when empty"},{"tags":["rust"],"owner":{"account_id":19765203,"reputation":1,"user_id":18071493,"user_type":"registered","profile_image":"https://www.gravatar.com/avatar/2d28379a2dbc19dc32943db890184246?s=256&d=identicon&r=PG&f=y&so-version=2","display_name":"Alchemist","link":"https://stackoverflow.com/users/18071493/alchemist"},"is_answered":true,"view_count":455,"closed_date":1643914566,"answer_count":1,"score":-2,"last_activity_date":1643914000,"creation_date":1643911017,"question_id":70976059,"link":"https://stackoverflow.com/questions/70976059/finding-the-maximum-in-a-hashsetu32-in-rust","closed_reason":"Not suitable for this site","title":"finding the maximum in a HashSet&lt;u32&gt; in rust?"},{"tags":["jquery","asp.net-mvc","bootstrap-4","navbar"],"owner":{"account_id":8455315,"reputation":345,"user_id":6342840,"user_type":"registered","profile_image":"https://i.stack.imgur.com/NlQNq.jpg?s=256&g=1","display_name":"bedrock","link":"https://stackoverflow.com/users/6342840/bedrock"},"is_answered":true,"view_count":1171,"accepted_answer_id":70979898,"answer_count":2,"score":1,"last_activity_date":1652379469,"creation_date":1643911010,"question_id":70976054,"content_license":"CC BY-SA 4.0","link":"https://stackoverflow.com/questions/70976054/why-highlight-menu-item-doesnt-work-in-asp-net-mvc","title":"Why Highlight Menu Item Doesn&#39;t Work in ASP.NET MVC?"},{"tags":["neo4j"],"owner":{"account_id":23076726,"reputation":13,"user_id":17189569,"user_type":"registered","profile_image":"https://www.gravatar.com/avatar/8358ad95a4aefcf20e4d6d312d93612e?s=256&d=identicon&r=PG","display_name":"EdMkn","link":"https://stackoverflow.com/users/17189569/edmkn"},"is_answered":true,"view_count":136,"accepted_answer_id":70977040,"answer_count":1,"score":1,"last_activity_date":1643915737,"creation_date":1643911007,"question_id":70976050,"content_license":"CC BY-SA 4.0","link":"https://stackoverflow.com/questions/70976050/how-to-use-the-result-of-another-query","title":"How to use the result of another query?"},{"tags":["node.js","notifications","nodemailer"],"owner":{"account_id":16890971,"reputation":47,"user_id":12214692,"user_type":"registered","profile_image":"https://i.stack.imgur.com/rgDD9.jpg?s=256&g=1","display_name":"Juslin.Dev","link":"https://stackoverflow.com/users/12214692/juslin-dev"},"is_answered":false,"view_count":68,"answer_count":0,"score":1,"last_activity_date":1643911007,"creation_date":1643911007,"question_id":70976049,"content_license":"CC BY-SA 4.0","link":"https://stackoverflow.com/questions/70976049/is-there-a-possibility-to-categorize-an-email-with-nodemailer","title":"Is there a possibility to categorize an email with Nodemailer?"},{"tags":["r","tidycensus"],"owner":{"account_id":2666803,"reputation":1044,"user_id":2305061,"user_type":"registered","accept_rate":50,"profile_image":"https://www.gravatar.com/avatar/ca988ebf2e7fa321b9de0ff1317a35e0?s=256&d=identicon&r=PG","display_name":"Rick Pack","link":"https://stackoverflow.com/users/2305061/rick-pack"},"is_answered":true,"view_count":113,"accepted_answer_id":71120665,"answer_count":2,"score":1,"last_activity_date":1644894418,"creation_date":1643910980,"last_edit_date":1644256915,"question_id":70976047,"content_license":"CC BY-SA 4.0","link":"https://stackoverflow.com/questions/70976047/capturing-the-range-indicated-by-the-use-of-to-in-a-column-tidycensus-u-s","title":"Capturing the range indicated by the use of &quot;to&quot; in a column - tidycensus (U.S. Census API)"},{"tags":["javascript","html","css"],"owner":{"account_id":24125324,"reputation":1,"user_id":18093732,"user_type":"registered","profile_image":"https://lh3.googleusercontent.com/a-/AOh14GjN96kWpepEKS8MR6sIiagSbWg9J9GCcgoVAkXB=k-s256","display_name":"Jeremy Creo","link":"https://stackoverflow.com/users/18093732/jeremy-creo"},"is_answered":true,"view_count":206,"answer_count":2,"score":-2,"last_activity_date":1643912864,"creation_date":1643910966,"last_edit_date":1643912864,"question_id":70976044,"content_license":"CC BY-SA 4.0","link":"https://stackoverflow.com/questions/70976044/i-want-to-be-able-to-change-a-variable-to-true-with-the-click-of-a-button","title":"I want to be able to change a variable to true with the click of a button"},{"tags":["html","css","background","background-image"],"owner":{"account_id":9489951,"reputation":223,"user_id":10558269,"user_type":"registered","profile_image":"https://i.stack.imgur.com/Kc4AP.png?s=256&g=1","display_name":"Shyrokoa","link":"https://stackoverflow.com/users/10558269/shyrokoa"},"is_answered":true,"view_count":121,"accepted_answer_id":70977161,"answer_count":2,"score":0,"last_activity_date":1643916405,"creation_date":1643910966,"last_edit_date":1643913057,"question_id":70976043,"content_license":"CC BY-SA 4.0","link":"https://stackoverflow.com/questions/70976043/background-image-dont-load-an-image","title":"Background-image don&#39;t load an image"},{"tags":["wpf","xaml","listview"],"owner":{"account_id":23947457,"reputation":11,"user_id":17939604,"user_type":"registered","profile_image":"https://www.gravatar.com/avatar/db954c60ddf7ec26b044c099d5ed92f8?s=256&d=identicon&r=PG","display_name":"Varran","link":"https://stackoverflow.com/users/17939604/varran"},"is_answered":false,"view_count":107,"answer_count":1,"score":1,"last_activity_date":1644009012,"creation_date":1643910965,"last_edit_date":1643968315,"question_id":70976042,"content_license":"CC BY-SA 4.0","link":"https://stackoverflow.com/questions/70976042/wpf-listview-column-header-not-as-property-but-as-key-of-dictionary-dictiona","title":"WPF ListView - column header not as property, but as Key of Dictionary (Dictionary is ListViewItem property) - ComparisionMatrixControl"},{"tags":["swift","mapbox","watchkit","apple-watch","mapbox-ios"],"owner":{"account_id":2324469,"reputation":563,"user_id":2039308,"user_type":"registered","profile_image":"https://www.gravatar.com/avatar/34e2d38f04b37fcbaf76399c791731bf?s=256&d=identicon&r=PG","display_name":"Pradeep","link":"https://stackoverflow.com/users/2039308/pradeep"},"is_answered":true,"view_count":483,"answer_count":1,"score":14,"last_activity_date":1650955608,"creation_date":1643910949,"last_edit_date":1646073960,"question_id":70976040,"content_license":"CC BY-SA 4.0","link":"https://stackoverflow.com/questions/70976040/how-to-draw-polyline-over-map-in-apple-watchos","title":"How to draw polyline over map in apple watchOS"},{"tags":["random-forest","categorical-data","one-hot-encoding"],"owner":{"account_id":24139658,"reputation":21,"user_id":18106027,"user_type":"registered","profile_image":"https://www.gravatar.com/avatar/fa72a0351a9004057a9f675de3eac443?s=256&d=identicon&r=PG","display_name":"Kristi","link":"https://stackoverflow.com/users/18106027/kristi"},"is_answered":true,"view_count":1483,"answer_count":1,"score":2,"last_activity_date":1644136020,"creation_date":1643910911,"question_id":70976031,"content_license":"CC BY-SA 4.0","link":"https://stackoverflow.com/questions/70976031/how-to-deal-with-multiple-categorical-variables-each-with-different-cardinality","title":"How to deal with multiple categorical variables each with different cardinality?"},{"tags":["javascript"],"owner":{"account_id":3618697,"reputation":588,"user_id":3018000,"user_type":"registered","accept_rate":50,"profile_image":"https://www.gravatar.com/avatar/e7500807687a79814da5114611d2d0ea?s=256&d=identicon&r=PG&f=y&so-version=2","display_name":"Mohamad","link":"https://stackoverflow.com/users/3018000/mohamad"},"is_answered":true,"view_count":255,"accepted_answer_id":71006129,"answer_count":3,"score":1,"last_activity_date":1644158200,"creation_date":1643910883,"last_edit_date":1644142176,"question_id":70976026,"content_license":"CC BY-SA 4.0","link":"https://stackoverflow.com/questions/70976026/javascript-print-info-of-an-array-inside-an-array-of-object-in-a-html-section","title":"JavaScript print info of an array inside an array of object in a html section"},{"tags":["flutter","flutter-provider"],"owner":{"account_id":8406378,"reputation":5741,"user_id":6309913,"user_type":"registered","accept_rate":80,"profile_image":"https://www.gravatar.com/avatar/f78dc2e6d9be638ed010b2a0a603ef12?s=256&d=identicon&r=PG&f=y&so-version=2","display_name":"Godfather","link":"https://stackoverflow.com/users/6309913/godfather"},"is_answered":false,"view_count":91,"answer_count":0,"score":2,"last_activity_date":1643910837,"creation_date":1643910837,"question_id":70976014,"content_license":"CC BY-SA 4.0","link":"https://stackoverflow.com/questions/70976014/providers-routes-and-navigators","title":"Providers, Routes and Navigators"},{"tags":["android","format","currency"],"owner":{"account_id":13328614,"reputation":437,"user_id":9620772,"user_type":"registered","profile_image":"https://www.gravatar.com/avatar/616d3a1eebbe69499a53246f3ebe15ba?s=256&d=identicon&r=PG&f=y&so-version=2","display_name":"cblnpa","link":"https://stackoverflow.com/users/9620772/cblnpa"},"is_answered":true,"view_count":2591,"answer_count":1,"score":4,"last_activity_date":1692654618,"creation_date":1643910836,"question_id":70976013,"content_license":"CC BY-SA 4.0","link":"https://stackoverflow.com/questions/70976013/jetpack-compose-currency-format-on-textfield-element","title":"Jetpack Compose Currency Format on TextField element"},{"tags":["asp.net-core","model-view-controller","datatables"],"owner":{"account_id":17771870,"reputation":7,"user_id":12905202,"user_type":"registered","profile_image":"https://i.stack.imgur.com/wmnCI.jpg?s=256&g=1","display_name":"Saranya","link":"https://stackoverflow.com/users/12905202/saranya"},"is_answered":false,"view_count":115,"answer_count":1,"score":0,"last_activity_date":1643939315,"creation_date":1643910821,"last_edit_date":1643911254,"question_id":70976011,"content_license":"CC BY-SA 4.0","link":"https://stackoverflow.com/questions/70976011/how-to-write-json-variable-in-datatables-my-data-is-not-displayed","title":"How to write json variable in Datatables (My data is not displayed)"},{"tags":["angular","firebase","google-cloud-firestore","angularfire"],"owner":{"account_id":19294593,"reputation":11,"user_id":14103781,"user_type":"registered","profile_image":"https://lh3.googleusercontent.com/-02luOO_p7x8/AAAAAAAAAAI/AAAAAAAAAAA/AMZuuckSpfysl6qXvTXsc7jjoGZU4atAnw/photo.jpg?sz=256","display_name":"Sylvin J. Rodrigues","link":"https://stackoverflow.com/users/14103781/sylvin-j-rodrigues"},"is_answered":false,"view_count":550,"answer_count":1,"score":0,"last_activity_date":1644523523,"creation_date":1643910770,"last_edit_date":1644523523,"question_id":70976003,"content_license":"CC BY-SA 4.0","link":"https://stackoverflow.com/questions/70976003/angular-firebase-get-user-data-using-id","title":"Angular firebase get user data using id"},{"tags":["groovy","annotations","annotation-processing"],"owner":{"account_id":13277299,"reputation":371,"user_id":9586195,"user_type":"registered","profile_image":"https://www.gravatar.com/avatar/1daa8737c7c38a904e79c9c772b3ac50?s=256&d=identicon&r=PG","display_name":"Sunchock","link":"https://stackoverflow.com/users/9586195/sunchock"},"is_answered":true,"view_count":525,"accepted_answer_id":70979100,"answer_count":1,"score":0,"last_activity_date":1643928021,"creation_date":1643910724,"question_id":70975997,"content_license":"CC BY-SA 4.0","link":"https://stackoverflow.com/questions/70975997/groovy-execute-code-using-custom-annotation","title":"Groovy execute code using custom annotation"},{"tags":["javascript","reactjs","react-hooks"],"owner":{"account_id":12370598,"reputation":33,"user_id":9020988,"user_type":"registered","profile_image":"https://www.gravatar.com/avatar/bfc8c9e1da42b220ca75afd7d4dd9b38?s=256&d=identicon&r=PG&f=y&so-version=2","display_name":"Reynold Dmello","link":"https://stackoverflow.com/users/9020988/reynold-dmello"},"is_answered":true,"view_count":2386,"accepted_answer_id":71066776,"answer_count":1,"score":1,"last_activity_date":1644502852,"creation_date":1643910709,"question_id":70975994,"content_license":"CC BY-SA 4.0","link":"https://stackoverflow.com/questions/70975994/react-hook-error-invalid-hook-call-mismatching-versions-of-react-and-the-rend","title":"React Hook error : Invalid hook call: mismatching versions of React and the renderer or breaking the Rules of Hooks or more than one copy of React"},{"tags":["node.js","typescript","typeorm"],"owner":{"account_id":4980903,"reputation":1113,"user_id":4005915,"user_type":"registered","accept_rate":100,"profile_image":"https://i.stack.imgur.com/Phzfr.jpg?s=256&g=1","display_name":"Nathan Clement","link":"https://stackoverflow.com/users/4005915/nathan-clement"},"is_answered":false,"view_count":404,"answer_count":0,"score":1,"last_activity_date":1643910645,"creation_date":1643910645,"question_id":70975984,"content_license":"CC BY-SA 4.0","link":"https://stackoverflow.com/questions/70975984/how-to-set-max-results-for-pagination-in-typeorm","title":"How to set max results for Pagination in TypeORM"},{"tags":["sql-server","null","schema"],"owner":{"account_id":3512485,"reputation":5864,"user_id":2936486,"user_type":"registered","accept_rate":68,"profile_image":"https://i.stack.imgur.com/EPlZ7.jpg?s=256&g=1","display_name":"Mauro Bilotti","link":"https://stackoverflow.com/users/2936486/mauro-bilotti"},"is_answered":true,"view_count":1073,"accepted_answer_id":70976404,"answer_count":1,"score":1,"last_activity_date":1643916992,"creation_date":1643910637,"last_edit_date":1643911714,"question_id":70975982,"content_license":"CC BY-SA 4.0","link":"https://stackoverflow.com/questions/70975982/sql-server-why-is-it-possible-to-set-default-null-value-on-non-nullable-column","title":"SQL Server: why is it possible to set default NULL value on NON-NULLable column?"},{"tags":["django","postgresql","django-models"],"owner":{"account_id":22315392,"reputation":59,"user_id":16538817,"user_type":"registered","profile_image":"https://www.gravatar.com/avatar/ad399fc83ad822559422e0044b4619f2?s=256&d=identicon&r=PG&f=y&so-version=2","display_name":"Shanzedul","link":"https://stackoverflow.com/users/16538817/shanzedul"},"is_answered":false,"view_count":51,"answer_count":2,"score":0,"last_activity_date":1643955731,"creation_date":1643910616,"question_id":70975979,"content_license":"CC BY-SA 4.0","link":"https://stackoverflow.com/questions/70975979/how-can-i-join-two-model-in-django","title":"How can I join two model in django"},{"tags":["javascript","reactjs"],"owner":{"account_id":14035555,"reputation":1376,"user_id":11604252,"user_type":"registered","profile_image":"https://www.gravatar.com/avatar/c3184f9d018f568a3c108001a9b94426?s=256&d=identicon&r=PG&f=y&so-version=2","display_name":"Jack23","link":"https://stackoverflow.com/users/11604252/jack23"},"is_answered":true,"view_count":179,"accepted_answer_id":70987590,"answer_count":1,"score":1,"last_activity_date":1643983142,"creation_date":1643910613,"last_edit_date":1643965451,"question_id":70975978,"content_license":"CC BY-SA 4.0","link":"https://stackoverflow.com/questions/70975978/reactjs-sort-e-mapping-on-dynamic-value","title":"ReactJS: Sort e mapping on dynamic value"},{"tags":["reactjs","npm","react-scripts"],"owner":{"account_id":24139842,"reputation":19,"user_id":18106189,"user_type":"registered","profile_image":"https://www.gravatar.com/avatar/a50eca0a424ec05cf55dacf88a0b7368?s=256&d=identicon&r=PG","display_name":"rkahn","link":"https://stackoverflow.com/users/18106189/rkahn"},"is_answered":false,"view_count":330,"answer_count":0,"score":1,"last_activity_date":1643910612,"creation_date":1643910612,"question_id":70975977,"content_license":"CC BY-SA 4.0","link":"https://stackoverflow.com/questions/70975977/npm-run-build-makes-build-complains-it-already-exists","title":"npm run build makes build/, complains it already exists"},{"tags":["python","pandas"],"owner":{"account_id":24146753,"reputation":11,"user_id":18112232,"user_type":"registered","profile_image":"https://www.gravatar.com/avatar/0f1213504b7318a91715d56cd3af8e4c?s=256&d=identicon&r=PG","display_name":"Skigorv","link":"https://stackoverflow.com/users/18112232/skigorv"},"is_answered":false,"view_count":75,"answer_count":2,"score":1,"last_activity_date":1643911946,"creation_date":1643910596,"last_edit_date":1643911894,"question_id":70975971,"content_license":"CC BY-SA 4.0","link":"https://stackoverflow.com/questions/70975971/drop-the-entire-row-if-a-particular-sub-row-does-not-fulfill-condition","title":"Drop the entire row if a particular sub-row does not fulfill condition"},{"tags":["node.js"],"owner":{"account_id":23867542,"reputation":3,"user_id":17869692,"user_type":"registered","profile_image":"https://www.gravatar.com/avatar/3e3ed306796714894456195fe01752b6?s=256&d=identicon&r=PG","display_name":"Brooklyn","link":"https://stackoverflow.com/users/17869692/brooklyn"},"is_answered":true,"view_count":60,"accepted_answer_id":70976039,"answer_count":1,"score":0,"last_activity_date":1643911433,"creation_date":1643910545,"last_edit_date":1643911433,"question_id":70975960,"content_license":"CC BY-SA 4.0","link":"https://stackoverflow.com/questions/70975960/how-to-format-an-sql-result","title":"How to format an SQL result?"},{"tags":["swift","sqlite","opaque-pointers"],"owner":{"account_id":24146962,"reputation":11,"user_id":18112402,"user_type":"registered","profile_image":"https://lh3.googleusercontent.com/a-/AOh14GiSzIXgNs7KHkEoNxoekOAa_UDMIjyok847zXJH_g=k-s256","display_name":"Josh Horne","link":"https://stackoverflow.com/users/18112402/josh-horne"},"is_answered":true,"view_count":321,"accepted_answer_id":70976130,"answer_count":2,"score":1,"last_activity_date":1643912449,"creation_date":1643910544,"last_edit_date":1643911012,"question_id":70975959,"content_license":"CC BY-SA 4.0","link":"https://stackoverflow.com/questions/70975959/struggling-with-opaque-pointers-in-sqlite-swift","title":"Struggling with Opaque Pointers in SQLITE swift"},{"tags":["javascript"],"owner":{"account_id":14134185,"reputation":61,"user_id":10211209,"user_type":"registered","profile_image":"https://lh3.googleusercontent.com/-vrjj8brH5zI/AAAAAAAAAAI/AAAAAAAAAAA/AAnnY7oh2o9F2UGRMZghw2bjecbxNO5wMA/mo/photo.jpg?sz=256","display_name":"John McGellan","link":"https://stackoverflow.com/users/10211209/john-mcgellan"},"is_answered":true,"view_count":42,"answer_count":5,"score":-1,"last_activity_date":1643913156,"creation_date":1643910538,"last_edit_date":1643910648,"question_id":70975957,"content_license":"CC BY-SA 4.0","link":"https://stackoverflow.com/questions/70975957/how-to-loop-through-an-object-and-then-use-array-methods-on-its-keys","title":"How to loop through an object and then use array methods on its keys?"}],"has_more":true,"quota_max":300,"quota_remaining":164}