{"items":[{"tags":["json","swift","combine"],"owner":{"account_id":3904036,"reputation":2741,"user_id":3231139,"user_type":"registered","accept_rate":74,"profile_image":"https://i.stack.imgur.com/xJF8v.jpg?s=256&g=1","display_name":"Ferrakkem Bhuiyan","link":"https://stackoverflow.com/users/3231139/ferrakkem-bhuiyan"},"is_answered":true,"view_count":280,"accepted_answer_id":70764516,"answer_count":2,"score":0,"last_activity_date":1642640620,"creation_date":1642550375,"last_edit_date":1642557477,"question_id":70763820,"content_license":"CC BY-SA 4.0","link":"https://stackoverflow.com/questions/70763820/how-to-get-unwrap-value-using-combine-framework","title":"How to get unwrap value using combine framework"},{"tags":["python","pandas"],"owner":{"account_id":23819917,"reputation":23,"user_id":17827667,"user_type":"registered","profile_image":"https://www.gravatar.com/avatar/ee353cdb1fd7023a56ae0662721ec10a?s=256&d=identicon&r=PG&f=y&so-version=2","display_name":"Zak","link":"https://stackoverflow.com/users/17827667/zak"},"is_answered":true,"view_count":53,"accepted_answer_id":70763873,"answer_count":1,"score":0,"last_activity_date":1642550858,"creation_date":1642550373,"question_id":70763819,"content_license":"CC BY-SA 4.0","link":"https://stackoverflow.com/questions/70763819/how-can-i-join-two-dataframes-based-on-matching-values-in-one-column","title":"How can I join two dataframes based on matching values in one column?"},{"tags":["javascript","html"],"owner":{"account_id":22254765,"reputation":163,"user_id":16487101,"user_type":"registered","profile_image":"https://www.gravatar.com/avatar/2a6946759fea47465b1aa354e04116ce?s=256&d=identicon&r=PG&f=y&so-version=2","display_name":"Edvard","link":"https://stackoverflow.com/users/16487101/edvard"},"is_answered":false,"view_count":34,"answer_count":1,"score":0,"last_activity_date":1642550779,"creation_date":1642550343,"question_id":70763815,"content_license":"CC BY-SA 4.0","link":"https://stackoverflow.com/questions/70763815/searching-withing-a-page","title":"Searching withing a page"},{"tags":["sql","sql-server","case"],"owner":{"account_id":15591822,"reputation":317,"user_id":11248638,"user_type":"registered","profile_image":"https://www.gravatar.com/avatar/45a7dd81a68f5b998c99712a758801e4?s=256&d=identicon&r=PG&f=y&so-version=2","display_name":"Yara1994","link":"https://stackoverflow.com/users/11248638/yara1994"},"is_answered":false,"view_count":97,"answer_count":1,"score":0,"last_activity_date":1642554942,"creation_date":1642550186,"last_edit_date":1642551828,"question_id":70763805,"content_license":"CC BY-SA 4.0","link":"https://stackoverflow.com/questions/70763805/assign-value-to-a-new-column-for-all-rows-associate-with-unique-value-in-another","title":"Assign value to a new column for all rows associate with unique value in another column"},{"tags":["python","variables","scope","reset"],"owner":{"account_id":14799924,"reputation":5,"user_id":10688471,"user_type":"registered","profile_image":"https://www.gravatar.com/avatar/aff4094ecbf3e5bf451cc56225b1466a?s=256&d=identicon&r=PG&f=y&so-version=2","display_name":"Krblaze","link":"https://stackoverflow.com/users/10688471/krblaze"},"is_answered":false,"view_count":870,"answer_count":1,"score":-2,"last_activity_date":1642621208,"creation_date":1642550184,"last_edit_date":1642620805,"question_id":70763804,"content_license":"CC BY-SA 4.0","link":"https://stackoverflow.com/questions/70763804/do-not-reset-variables-in-beginning-of-function","title":"Do not reset variables in beginning of function"},{"tags":["feathersjs","feathers-hook"],"owner":{"account_id":312791,"reputation":354,"user_id":627068,"user_type":"registered","accept_rate":48,"profile_image":"https://www.gravatar.com/avatar/7dd15a9f8566ccc167bf147732feb49d?s=256&d=identicon&r=PG","display_name":"Steven Sokulski","link":"https://stackoverflow.com/users/627068/steven-sokulski"},"is_answered":true,"view_count":1061,"answer_count":1,"score":2,"last_activity_date":1644229971,"creation_date":1642550156,"question_id":70763802,"content_license":"CC BY-SA 4.0","link":"https://stackoverflow.com/questions/70763802/add-a-custom-query-parameter-in-feathers-request","title":"Add a custom query parameter in Feathers request"},{"tags":["python","opencv","image-processing","computer-vision","image-stitching"],"owner":{"account_id":12173726,"reputation":325,"user_id":8887483,"user_type":"registered","profile_image":"https://www.gravatar.com/avatar/9ceadf5a0313db4b8c0b7c7ea6f7dacd?s=256&d=identicon&r=PG&f=y&so-version=2","display_name":"Sami Wood","link":"https://stackoverflow.com/users/8887483/sami-wood"},"is_answered":false,"view_count":528,"answer_count":1,"score":0,"last_activity_date":1642558358,"creation_date":1642550083,"question_id":70763800,"content_license":"CC BY-SA 4.0","link":"https://stackoverflow.com/questions/70763800/apply-bundle-adjustment-to-rectify-images-globally-in-the-context-of-image-stitc","title":"Apply bundle adjustment to rectify images globally in the context of image stitching in python/openCV"},{"tags":["bash","shell","merge","paste","suffix"],"owner":{"account_id":18413088,"reputation":11,"user_id":13412781,"user_type":"registered","profile_image":"https://www.gravatar.com/avatar/6f67a7a8b02dacf40a2db03550fcb141?s=256&d=identicon&r=PG&f=y&so-version=2","display_name":"AlexanderSupertramp","link":"https://stackoverflow.com/users/13412781/alexandersupertramp"},"is_answered":false,"view_count":75,"answer_count":1,"score":-1,"last_activity_date":1642553403,"creation_date":1642550060,"last_edit_date":1642553077,"question_id":70763799,"content_license":"CC BY-SA 4.0","link":"https://stackoverflow.com/questions/70763799/merging-pasting-pairs-of-files-in-different-directories-that-share-the-same-suf","title":"Merging/ pasting pairs of files in different directories that share the same suffix into single file"},{"tags":["r","databricks"],"owner":{"account_id":13099996,"reputation":59,"user_id":9464692,"user_type":"registered","profile_image":"https://lh3.googleusercontent.com/-XdUIqdMkCWA/AAAAAAAAAAI/AAAAAAAAAAA/4252rscbv5M/photo.jpg?sz=256","display_name":"PFE","link":"https://stackoverflow.com/users/9464692/pfe"},"is_answered":true,"view_count":301,"answer_count":1,"score":0,"last_activity_date":1642607026,"creation_date":1642550055,"question_id":70763798,"content_license":"CC BY-SA 4.0","link":"https://stackoverflow.com/questions/70763798/why-are-r-scripts-inside-of-databricks-notebooks-creating-writelines-errors","title":"Why are R scripts inside of Databricks notebooks creating writeLines errors?"},{"tags":["javascript","react-native","post","import","async-await"],"owner":{"account_id":23943099,"reputation":31,"user_id":17935854,"user_type":"registered","profile_image":"https://lh3.googleusercontent.com/a/AATXAJwEKxyYmKD8anlJpekIo_gjWQAYm6JbFshRPAxU=k-s256","display_name":"Pedro Dominguez","link":"https://stackoverflow.com/users/17935854/pedro-dominguez"},"is_answered":false,"view_count":84,"answer_count":0,"score":1,"last_activity_date":1642550036,"creation_date":1642550036,"question_id":70763796,"content_license":"CC BY-SA 4.0","link":"https://stackoverflow.com/questions/70763796/problem-importing-async-functions-javascript","title":"problem importing async functions javascript"},{"tags":["arrays","c","pointers"],"owner":{"account_id":187321,"reputation":866,"user_id":425281,"user_type":"registered","accept_rate":58,"profile_image":"https://www.gravatar.com/avatar/2f4b46fc38ea6e686de02924c72414ea?s=256&d=identicon&r=PG","display_name":"arivero","link":"https://stackoverflow.com/users/425281/arivero"},"is_answered":false,"view_count":72,"answer_count":1,"score":2,"last_activity_date":1643039420,"creation_date":1642550034,"last_edit_date":1642559917,"question_id":70763795,"content_license":"CC BY-SA 4.0","link":"https://stackoverflow.com/questions/70763795/initializer-for-array-of-pointers-in-c-multiarray","title":"Initializer for array of pointers in C multiarray"},{"tags":["php","arrays","forms"],"owner":{"account_id":18602032,"reputation":73,"user_id":13556642,"user_type":"registered","profile_image":"https://www.gravatar.com/avatar/d2ff73450f789ef64c856fa7691aad93?s=256&d=identicon&r=PG&f=y&so-version=2","display_name":"Ben","link":"https://stackoverflow.com/users/13556642/ben"},"is_answered":true,"view_count":936,"answer_count":2,"score":0,"last_activity_date":1642712842,"creation_date":1642550017,"question_id":70763791,"content_license":"CC BY-SA 4.0","link":"https://stackoverflow.com/questions/70763791/post-multidimensional-array-html-form","title":"Post multidimensional array HTML form"},{"tags":["spring-boot","reactive-programming","spring-webflux","webclient","reactive"],"owner":{"account_id":14336875,"reputation":219,"user_id":10356053,"user_type":"registered","profile_image":"https://lh5.googleusercontent.com/-yo_UlXLj1j4/AAAAAAAAAAI/AAAAAAAAAAA/APUIFaOtmhurjSfULSo32Iw7YRgINR6Sug/mo/photo.jpg?sz=256","display_name":"ging","link":"https://stackoverflow.com/users/10356053/ging"},"is_answered":false,"view_count":1206,"answer_count":0,"score":1,"last_activity_date":1642550004,"creation_date":1642550004,"question_id":70763790,"content_license":"CC BY-SA 4.0","link":"https://stackoverflow.com/questions/70763790/asynchronous-call-using-spring-webclient-and-just-log-the-error-without-aborting","title":"Asynchronous call using Spring webclient and just log the error without aborting the flow"},{"tags":["javascript","knex.js","bcrypt"],"owner":{"account_id":23627281,"reputation":87,"user_id":17659606,"user_type":"registered","profile_image":"https://i.stack.imgur.com/C9cVa.jpg?s=256&g=1","display_name":"Metwesh","link":"https://stackoverflow.com/users/17659606/metwesh"},"is_answered":true,"view_count":371,"accepted_answer_id":70764232,"answer_count":1,"score":2,"last_activity_date":1642554743,"creation_date":1642549915,"last_edit_date":1642554178,"question_id":70763784,"content_license":"CC BY-SA 4.0","link":"https://stackoverflow.com/questions/70763784/my-bcrypt-js-hash-returns-undefined-while-all-other-inputs-are-fine","title":"My bcrypt.js hash returns undefined while all other inputs are fine"},{"tags":["android","android-studio","gradle"],"owner":{"account_id":1451579,"reputation":7517,"user_id":1368342,"user_type":"registered","accept_rate":83,"profile_image":"https://www.gravatar.com/avatar/9cc1a276b74dc94bafbf74d5b8a8cf93?s=256&d=identicon&r=PG","display_name":"JonasVautherin","link":"https://stackoverflow.com/users/1368342/jonasvautherin"},"is_answered":false,"view_count":2996,"answer_count":2,"score":11,"last_activity_date":1691179744,"creation_date":1642549832,"last_edit_date":1642550142,"question_id":70763776,"content_license":"CC BY-SA 4.0","link":"https://stackoverflow.com/questions/70763776/zip-file-app-build-intermediates-app-classes-release-classes-jar-already-contai","title":"Zip file app/build/intermediates/app_classes/release/classes.jar&#39; already contains entry &#39;META-INF/MANIFEST.MF&#39;, cannot overwrite"},{"tags":["typescript","docker","docker-compose","microservices","nestjs"],"owner":{"account_id":19023238,"reputation":734,"user_id":13886876,"user_type":"registered","profile_image":"https://i.stack.imgur.com/kmRIr.png?s=256&g=1","display_name":"Manuel Duarte","link":"https://stackoverflow.com/users/13886876/manuel-duarte"},"is_answered":false,"view_count":1207,"answer_count":1,"score":0,"last_activity_date":1642636284,"creation_date":1642549815,"question_id":70763774,"content_license":"CC BY-SA 4.0","link":"https://stackoverflow.com/questions/70763774/nestjs-and-docker-compose-error-on-build-main-file-not-found","title":"NestJS and docker-compose error on build, main file not found"},{"tags":["c#","powershell"],"owner":{"account_id":3823977,"reputation":790,"user_id":3171260,"user_type":"registered","accept_rate":41,"profile_image":"https://www.gravatar.com/avatar/ee942a9a6103c54d2280ba0c9fefef66?s=256&d=identicon&r=PG&f=y&so-version=2","display_name":"Ben_G","link":"https://stackoverflow.com/users/3171260/ben-g"},"is_answered":true,"view_count":432,"closed_date":1642552724,"answer_count":1,"score":0,"last_activity_date":1642552748,"creation_date":1642549787,"question_id":70763772,"link":"https://stackoverflow.com/questions/70763772/what-namespace-do-i-need-to-use-powershell-in-c-and-where-can-i-find-it-system","closed_reason":"Duplicate","title":"What namespace do I need to use PowerShell in C# and where can I find it? System.Management.Automation?"},{"tags":["conditional-statements","powerapps","power-automate"],"owner":{"account_id":4161397,"reputation":1064,"user_id":3411426,"user_type":"registered","accept_rate":67,"profile_image":"https://www.gravatar.com/avatar/26834fd0035826df2896fa37f79eb457?s=256&d=identicon&r=PG&f=y&so-version=2","display_name":"OMGDrAcula","link":"https://stackoverflow.com/users/3411426/omgdracula"},"is_answered":false,"view_count":728,"answer_count":1,"score":0,"last_activity_date":1642553300,"creation_date":1642549756,"question_id":70763770,"content_license":"CC BY-SA 4.0","link":"https://stackoverflow.com/questions/70763770/power-automate-date-comparison-returning-false-even-though-values-are-equal","title":"Power Automate Date Comparison Returning False Even Though Values are Equal"},{"tags":["python","selenium","selenium-webdriver","selenium-chromedriver"],"owner":{"account_id":22381822,"reputation":29,"user_id":16595283,"user_type":"registered","profile_image":"https://www.gravatar.com/avatar/467a7e6644e3305b2ad8f6f07d14f83b?s=256&d=identicon&r=PG&f=y&so-version=2","display_name":"Karenmtz","link":"https://stackoverflow.com/users/16595283/karenmtz"},"is_answered":false,"view_count":817,"answer_count":2,"score":0,"last_activity_date":1643030312,"creation_date":1642549753,"last_edit_date":1642583530,"question_id":70763769,"content_license":"CC BY-SA 4.0","link":"https://stackoverflow.com/questions/70763769/how-can-i-open-a-new-window-and-close-the-previous-one-with-python-and-selenium","title":"How can I open a new window and close the previous one? with python and selenium"},{"tags":["tensorflow","keras","deep-learning","multiclass-classification"],"owner":{"account_id":19463571,"reputation":51,"user_id":14237323,"user_type":"registered","profile_image":"https://www.gravatar.com/avatar/f7aa38defd71e6fe398a337ba3d224e6?s=256&d=identicon&r=PG&f=y&so-version=2","display_name":"CharlieArreola","link":"https://stackoverflow.com/users/14237323/charliearreola"},"is_answered":true,"view_count":9584,"answer_count":1,"score":4,"last_activity_date":1642613204,"creation_date":1642549738,"last_edit_date":1642613204,"question_id":70763767,"content_license":"CC BY-SA 4.0","link":"https://stackoverflow.com/questions/70763767/valueerror-input-0-of-layer-model-is-incompatible-with-the-layer-expected-sh","title":"ValueError: Input 0 of layer &quot;model&quot; is incompatible with the layer: expected shape=(None, 50), found shape=(None, 1, 512)"},{"tags":["lua","love2d"],"owner":{"account_id":6700062,"reputation":83,"user_id":6164636,"user_type":"registered","profile_image":"https://www.gravatar.com/avatar/46187f34ac0137d15add829fcd59c2c5?s=256&d=identicon&r=PG&f=y&so-version=2","display_name":"Missingno50","link":"https://stackoverflow.com/users/6164636/missingno50"},"is_answered":true,"view_count":241,"accepted_answer_id":70769408,"answer_count":2,"score":0,"last_activity_date":1642589990,"creation_date":1642549687,"question_id":70763765,"content_license":"CC BY-SA 4.0","link":"https://stackoverflow.com/questions/70763765/struggling-to-put-function-into-table-missing-near-new","title":"Struggling to put function into table. &quot;Missing &#39;(&#39; near new.&quot;"},{"tags":["elasticsearch","jhipster"],"owner":{"account_id":13601564,"reputation":11,"user_id":9812085,"user_type":"registered","profile_image":"https://lh3.googleusercontent.com/-XdUIqdMkCWA/AAAAAAAAAAI/AAAAAAAAAAA/4252rscbv5M/photo.jpg?sz=256","display_name":"Alejandro Doglioli","link":"https://stackoverflow.com/users/9812085/alejandro-doglioli"},"is_answered":false,"view_count":113,"answer_count":0,"score":0,"last_activity_date":1642972464,"creation_date":1642549633,"last_edit_date":1642972464,"question_id":70763760,"content_license":"CC BY-SA 4.0","link":"https://stackoverflow.com/questions/70763760/how-can-i-reindex-elasticsearch","title":"How can I reindex elasticsearch?"},{"tags":["java"],"owner":{"account_id":23981778,"reputation":1,"user_id":17969081,"user_type":"registered","profile_image":"https://www.gravatar.com/avatar/1997ef8a6a40441689ca30bd0918cd61?s=256&d=identicon&r=PG","display_name":"Memento","link":"https://stackoverflow.com/users/17969081/memento"},"is_answered":false,"view_count":226,"answer_count":1,"score":0,"last_activity_date":1642553433,"creation_date":1642549613,"question_id":70763757,"content_license":"CC BY-SA 4.0","link":"https://stackoverflow.com/questions/70763757/how-do-you-export-a-java-project-to-an-exe-without-needing-java-to-run-the-exe","title":"How do you export a Java project to an EXE without needing Java to run the EXE?"},{"tags":["linux","google-chrome","cpu-usage"],"owner":{"account_id":3032157,"reputation":40281,"user_id":4561887,"user_type":"registered","accept_rate":73,"profile_image":"https://www.gravatar.com/avatar/1750f0c575ca6360807bcded9110a5cd?s=256&d=identicon&r=PG&f=y&so-version=2","display_name":"Gabriel Staples","link":"https://stackoverflow.com/users/4561887/gabriel-staples"},"is_answered":false,"view_count":850,"answer_count":0,"score":3,"last_activity_date":1642550351,"creation_date":1642549605,"last_edit_date":1642550351,"question_id":70763756,"content_license":"CC BY-SA 4.0","link":"https://stackoverflow.com/questions/70763756/how-to-read-data-from-the-chrome-task-manager-and-log-cpu-usage-of-individual-ta","title":"How to read data from the Chrome Task Manager and log CPU usage of individual tabs?"},{"tags":["reactjs","axios","cors","fetch","cloudinary"],"owner":{"account_id":21205283,"reputation":33,"user_id":15595059,"user_type":"registered","profile_image":"https://www.gravatar.com/avatar/c86e65abf70fdcb3afb55401bb0d5289?s=256&d=identicon&r=PG&f=y&so-version=2","display_name":"dotaplayer","link":"https://stackoverflow.com/users/15595059/dotaplayer"},"is_answered":true,"view_count":5446,"accepted_answer_id":70764237,"answer_count":1,"score":1,"last_activity_date":1642556905,"creation_date":1642549566,"last_edit_date":1642554135,"question_id":70763748,"content_license":"CC BY-SA 4.0","link":"https://stackoverflow.com/questions/70763748/axios-post-blocked-by-cors-using-cloudinary-api","title":"Axios post blocked by CORS. Using CLoudinary api"},{"tags":["java","c","java-native-interface"],"owner":{"account_id":6341049,"reputation":551,"user_id":7572728,"user_type":"registered","accept_rate":100,"profile_image":"https://lh3.googleusercontent.com/-hV2vtrlT27k/AAAAAAAAAAI/AAAAAAAAARs/WaIUF6RbE24/photo.jpg?sz=256","display_name":"tristan957","link":"https://stackoverflow.com/users/7572728/tristan957"},"is_answered":true,"view_count":178,"accepted_answer_id":70779034,"answer_count":1,"score":0,"last_activity_date":1642634628,"creation_date":1642549548,"last_edit_date":1642634044,"question_id":70763746,"content_license":"CC BY-SA 4.0","link":"https://stackoverflow.com/questions/70763746/jnienvnewobject-throwing-java-lang-instantiantionexception","title":"JNIEnv::NewObject() throwing java.lang.InstantiantionException"},{"tags":["r","graph","data-visualization","data-manipulation"],"owner":{"account_id":6295968,"reputation":5227,"user_id":13203841,"user_type":"registered","profile_image":"https://i.stack.imgur.com/Q8Sz4.jpg?s=256&g=1","display_name":"stats_noob","link":"https://stackoverflow.com/users/13203841/stats-noob"},"is_answered":true,"view_count":41,"accepted_answer_id":70763910,"answer_count":1,"score":0,"last_activity_date":1642551291,"creation_date":1642549516,"question_id":70763742,"content_license":"CC BY-SA 4.0","link":"https://stackoverflow.com/questions/70763742/r-automatically-creating-graphs-from-dataframes","title":"R: Automatically Creating Graphs from Dataframes"},{"tags":["jdbc","apache-kafka","apache-kafka-connect"],"owner":{"account_id":23981819,"reputation":11,"user_id":17969115,"user_type":"registered","profile_image":"https://lh3.googleusercontent.com/a-/AOh14GhnAGWT76ngeGSNWeWVav6vlXPshsFi9vvRcQLy=k-s256","display_name":"Clint Sanders","link":"https://stackoverflow.com/users/17969115/clint-sanders"},"is_answered":false,"view_count":240,"answer_count":0,"score":1,"last_activity_date":1642566174,"creation_date":1642549514,"last_edit_date":1642566174,"question_id":70763741,"content_license":"CC BY-SA 4.0","link":"https://stackoverflow.com/questions/70763741/how-to-catch-duplicate-entry-error-using-a-jdbc-sink-connector-with-kafka","title":"How to catch duplicate entry error using a JDBC sink connector with kafka?"},{"tags":["c#","asp.net-mvc","sharepoint","file-upload","http-status-code-401"],"owner":{"user_type":"does_not_exist","display_name":"user17824052"},"is_answered":false,"view_count":558,"answer_count":1,"score":0,"last_activity_date":1642607789,"creation_date":1642549447,"last_edit_date":1642607789,"question_id":70763738,"content_license":"CC BY-SA 4.0","link":"https://stackoverflow.com/questions/70763738/how-to-implement-sharepoint-file-upload-functionality-in-c-using-this-code","title":"How to implement SharePoint File Upload functionality in C# using this code?"},{"tags":["sql"],"owner":{"account_id":22154821,"reputation":36,"user_id":16402748,"user_type":"registered","profile_image":"https://www.gravatar.com/avatar/1d3862b347341b6e55d6ea0c66e8efbc?s=256&d=identicon&r=PG&f=y&so-version=2","display_name":"AvgSizedHead","link":"https://stackoverflow.com/users/16402748/avgsizedhead"},"is_answered":false,"view_count":68,"answer_count":1,"score":0,"last_activity_date":1643303798,"creation_date":1642549443,"last_edit_date":1643303798,"question_id":70763736,"content_license":"CC BY-SA 4.0","link":"https://stackoverflow.com/questions/70763736/using-top-1-or-cross-apply-within-multiple-joins","title":"Using TOP 1 (or CROSS APPLY) within multiple joins"}],"has_more":true,"quota_max":300,"quota_remaining":227}