{"items":[{"tags":["android","kotlin","android-viewbinding"],"owner":{"account_id":15777925,"reputation":69,"user_id":11385225,"user_type":"registered","profile_image":"https://i.stack.imgur.com/gFly4.jpg?s=256&g=1","display_name":"Mohammad Javad Habibpour","link":"https://stackoverflow.com/users/11385225/mohammad-javad-habibpour"},"is_answered":true,"view_count":126,"accepted_answer_id":71904279,"answer_count":1,"score":0,"last_activity_date":1650218830,"creation_date":1650218386,"question_id":71904224,"content_license":"CC BY-SA 4.0","link":"https://stackoverflow.com/questions/71904224/why-is-get-used-in-this-viewbinding-example","title":"Why is get () used in this viewBinding example?"},{"tags":["python","dataframe","tkinter","tk-toolkit"],"owner":{"account_id":22297217,"reputation":69,"user_id":16523051,"user_type":"registered","profile_image":"https://www.gravatar.com/avatar/6b9d2151ddbf35b9c8c3d23c78a73abe?s=256&d=identicon&r=PG&f=y&so-version=2","display_name":"sh1704","link":"https://stackoverflow.com/users/16523051/sh1704"},"is_answered":true,"view_count":64,"answer_count":1,"score":0,"last_activity_date":1650294144,"creation_date":1650218379,"last_edit_date":1650287679,"question_id":71904222,"content_license":"CC BY-SA 4.0","link":"https://stackoverflow.com/questions/71904222/python-code-to-close-tkinter-pop-up-window-without-killing-the-actual-program","title":"Python code to close tkinter pop up window without killing the actual program"},{"tags":["python","django","python-requests"],"owner":{"account_id":8573405,"reputation":2683,"user_id":6423456,"user_type":"registered","accept_rate":80,"profile_image":"https://www.gravatar.com/avatar/568f9257dc395513bd80444400a51ec9?s=256&d=identicon&r=PG&f=y&so-version=2","display_name":"John","link":"https://stackoverflow.com/users/6423456/john"},"is_answered":false,"view_count":157,"answer_count":1,"score":0,"last_activity_date":1650218928,"creation_date":1650218373,"question_id":71904220,"content_license":"CC BY-SA 4.0","link":"https://stackoverflow.com/questions/71904220/how-do-you-set-filenames-using-pythons-requests-when-uploading-files-to-django","title":"How do you set filenames using Python&#39;s requests when uploading files to Django Rest Framework?"},{"tags":["c#","asp.net-core","entity-framework-core",".net-6.0","pomelo-entityframeworkcore-mysql"],"owner":{"account_id":23653414,"reputation":269,"user_id":17682036,"user_type":"registered","profile_image":"https://www.gravatar.com/avatar/c3600421591ef83c47a4ac45832bf8bd?s=256&d=identicon&r=PG","display_name":"maxfromgermany","link":"https://stackoverflow.com/users/17682036/maxfromgermany"},"is_answered":true,"view_count":496,"accepted_answer_id":71910844,"answer_count":2,"score":0,"last_activity_date":1651286772,"creation_date":1650218349,"last_edit_date":1650294362,"question_id":71904217,"content_license":"CC BY-SA 4.0","link":"https://stackoverflow.com/questions/71904217/typeloadexception-method-isvalid-in-type-in-pomelo-entityframeworkcore-mysql-u","title":"TypeLoadException Method &#39;IsValid&#39; in type in Pomelo.EntityFrameworkCore.MySql.Update does not have an implementation"},{"tags":["python","ios","json","pandas"],"owner":{"account_id":17575970,"reputation":39,"user_id":12750722,"user_type":"registered","profile_image":"https://i.stack.imgur.com/evlPT.png?s=256&g=1","display_name":"Jake","link":"https://stackoverflow.com/users/12750722/jake"},"is_answered":true,"view_count":38,"accepted_answer_id":71904276,"answer_count":1,"score":0,"last_activity_date":1650221681,"creation_date":1650218321,"question_id":71904215,"content_license":"CC BY-SA 4.0","link":"https://stackoverflow.com/questions/71904215/how-to-make-a-dataframe-from-a-nested-json-and-pandas","title":"How to make a dataframe from a nested JSON and pandas?"},{"tags":["azure","azure-cognitive-search"],"owner":{"account_id":10981203,"reputation":158,"user_id":8068222,"user_type":"registered","profile_image":"https://www.gravatar.com/avatar/56b9f6207a31e64d8267b6929f7722be?s=256&d=identicon&r=PG&f=y&so-version=2","display_name":"Steven","link":"https://stackoverflow.com/users/8068222/steven"},"is_answered":false,"view_count":69,"answer_count":0,"score":1,"last_activity_date":1650218317,"creation_date":1650218317,"question_id":71904213,"content_license":"CC BY-SA 4.0","link":"https://stackoverflow.com/questions/71904213/azure-cognitive-search-adding-whitespaces-to-pdf-document","title":"Azure Cognitive Search adding whitespaces to PDF document"},{"tags":["github","heroku"],"owner":{"account_id":24976103,"reputation":3,"user_id":18838720,"user_type":"registered","profile_image":"https://www.gravatar.com/avatar/8e4c89ba0de108c5417d704b03800b1d?s=256&d=identicon&r=PG","display_name":"user18838720","link":"https://stackoverflow.com/users/18838720/user18838720"},"is_answered":true,"view_count":348,"accepted_answer_id":71905082,"answer_count":1,"score":-1,"last_activity_date":1650226113,"creation_date":1650218309,"last_edit_date":1650225596,"question_id":71904212,"content_license":"CC BY-SA 4.0","link":"https://stackoverflow.com/questions/71904212/upload-to-heroku-from-github-other-ways","title":"Upload to Heroku from GitHub other ways"},{"tags":["c++"],"owner":{"account_id":23767366,"reputation":37,"user_id":17781953,"user_type":"registered","profile_image":"https://www.gravatar.com/avatar/77452dc9b02a5dfe0473efff48b98bc4?s=256&d=identicon&r=PG","display_name":"alexandraa","link":"https://stackoverflow.com/users/17781953/alexandraa"},"is_answered":false,"view_count":36,"closed_date":1650218446,"answer_count":0,"score":0,"last_activity_date":1650218268,"creation_date":1650218268,"question_id":71904202,"link":"https://stackoverflow.com/questions/71904202/what-does-this-for-auto-x-ic","closed_reason":"Duplicate","title":"What does this for (auto &amp;x : ic)?"},{"tags":["c++","unreal-engine4"],"owner":{"account_id":7427669,"reputation":111,"user_id":5649675,"user_type":"registered","profile_image":"https://www.gravatar.com/avatar/67bc75bde662d6cb390706575fd6389e?s=256&d=identicon&r=PG&f=y&so-version=2","display_name":"Finian","link":"https://stackoverflow.com/users/5649675/finian"},"is_answered":false,"view_count":198,"answer_count":0,"score":0,"last_activity_date":1650218232,"creation_date":1650218232,"question_id":71904197,"content_license":"CC BY-SA 4.0","link":"https://stackoverflow.com/questions/71904197/weird-unreal-fstring-behaviour-when-storing-values-in-a-tree-like-structure","title":"Weird Unreal FString behaviour when storing values in a tree-like structure"},{"tags":["javascript","jquery"],"owner":{"account_id":408803,"reputation":11990,"user_id":779681,"user_type":"registered","accept_rate":61,"profile_image":"https://www.gravatar.com/avatar/11e2c1798812e5e5d548804010840b1a?s=256&d=identicon&r=PG","display_name":"fightstarr20","link":"https://stackoverflow.com/users/779681/fightstarr20"},"is_answered":true,"view_count":64,"accepted_answer_id":71904299,"answer_count":3,"score":0,"last_activity_date":1650219583,"creation_date":1650218226,"question_id":71904196,"content_license":"CC BY-SA 4.0","link":"https://stackoverflow.com/questions/71904196/jquery-count-checkboxes-and-group-count-by-data-attribute","title":"jQuery count checkboxes and group count by data-attribute"},{"tags":["geolocation","snowflake-cloud-data-platform","geospatial"],"owner":{"account_id":7424304,"reputation":15,"user_id":5647374,"user_type":"registered","profile_image":"https://www.gravatar.com/avatar/ce61af1d1a6d8a4dbfc7befaba5a7803?s=256&d=identicon&r=PG&f=y&so-version=2","display_name":"Fraser G.S.","link":"https://stackoverflow.com/users/5647374/fraser-g-s"},"is_answered":true,"view_count":1077,"answer_count":1,"score":0,"last_activity_date":1650228860,"creation_date":1650218221,"question_id":71904193,"content_license":"CC BY-SA 4.0","link":"https://stackoverflow.com/questions/71904193/how-do-i-convert-a-list-of-long-lat-coordinates-in-a-row-to-a-polygon","title":"How do I convert a list of long/lat coordinates in a row to a polygon?"},{"tags":["android","kotlin","google-signin"],"owner":{"account_id":24968850,"reputation":65,"user_id":18832188,"user_type":"registered","profile_image":"https://lh3.googleusercontent.com/a-/AOh14Gi88qUB6R3TkvjwjHGIIiERUlwtlqWRor1ptY9J=k-s256","display_name":"Mark Fairchild","link":"https://stackoverflow.com/users/18832188/mark-fairchild"},"is_answered":false,"view_count":412,"answer_count":1,"score":1,"last_activity_date":1650659921,"creation_date":1650218198,"last_edit_date":1650421534,"question_id":71904191,"content_license":"CC BY-SA 4.0","link":"https://stackoverflow.com/questions/71904191/classcastexception-while-trying-to-use-com-google-api-client-http-httptransport","title":"ClassCastException while trying to use com.google.api.client.http.HttpTransport"},{"tags":["python","pandas"],"owner":{"account_id":20725987,"reputation":333,"user_id":15226448,"user_type":"registered","profile_image":"https://i.stack.imgur.com/PUayx.jpg?s=256&g=1","display_name":"nokvk","link":"https://stackoverflow.com/users/15226448/nokvk"},"is_answered":true,"view_count":57,"accepted_answer_id":71905572,"answer_count":1,"score":0,"last_activity_date":1650416882,"creation_date":1650218173,"last_edit_date":1650416882,"question_id":71904188,"content_license":"CC BY-SA 4.0","link":"https://stackoverflow.com/questions/71904188/new-column-adding-values-of-different-columns-with-strings-and-numbers","title":"New column adding values of different columns with strings and numbers"},{"tags":["css","material-ui","responsive-design","material-design","figma"],"owner":{"account_id":24975966,"reputation":21,"user_id":18838589,"user_type":"registered","profile_image":"https://www.gravatar.com/avatar/9b36203424c5184c0496b92526d3cdf7?s=256&d=identicon&r=PG","display_name":"Fisalys","link":"https://stackoverflow.com/users/18838589/fisalys"},"is_answered":true,"view_count":430,"answer_count":1,"score":2,"last_activity_date":1661172321,"creation_date":1650218153,"last_edit_date":1661172321,"question_id":71904185,"content_license":"CC BY-SA 4.0","link":"https://stackoverflow.com/questions/71904185/why-are-there-breakpoints-inconsistencies-between-material-design-3-mui","title":"Why are there breakpoints inconsistencies between Material Design 3 &amp; MUI?"},{"tags":["python","python-3.x","dictionary","time","zip"],"owner":{"account_id":24975942,"reputation":3,"user_id":18838565,"user_type":"registered","profile_image":"https://www.gravatar.com/avatar/005ff33398614d2f004f77a4b7da4b95?s=256&d=identicon&r=PG","display_name":"Sunny","link":"https://stackoverflow.com/users/18838565/sunny"},"is_answered":true,"view_count":49,"accepted_answer_id":71904693,"answer_count":1,"score":-1,"last_activity_date":1650222237,"creation_date":1650218147,"last_edit_date":1650219910,"question_id":71904183,"content_license":"CC BY-SA 4.0","link":"https://stackoverflow.com/questions/71904183/i-am-having-trouble-getting-this-code-to-work-this-code-is-suppoed-to-find-out","title":"I am having trouble getting this code to work? This code is suppoed to find out how long it took for the program for fing d[42] This is a python code"},{"tags":["oop","syntax","julia","perceptron","paradigms"],"owner":{"account_id":16058777,"reputation":45,"user_id":11590323,"user_type":"registered","profile_image":"https://www.gravatar.com/avatar/aa7e80ea3af27da1c42e9bf2d43bedf6?s=256&d=identicon&r=PG&f=y&so-version=2","display_name":"TheSnow","link":"https://stackoverflow.com/users/11590323/thesnow"},"is_answered":true,"view_count":233,"accepted_answer_id":71910706,"answer_count":1,"score":1,"last_activity_date":1650278327,"creation_date":1650218145,"last_edit_date":1650238651,"question_id":71904182,"content_license":"CC BY-SA 4.0","link":"https://stackoverflow.com/questions/71904182/alternative-to-oop-in-julia","title":"Alternative to OOP in Julia"},{"tags":["c#","asp.net-core"],"owner":{"account_id":14054718,"reputation":682,"user_id":10152435,"user_type":"registered","profile_image":"https://www.gravatar.com/avatar/8ec5315f877fa98aab9236c38a3ed3b2?s=256&d=identicon&r=PG&f=y&so-version=2","display_name":"J.C","link":"https://stackoverflow.com/users/10152435/j-c"},"is_answered":true,"view_count":34,"accepted_answer_id":71904483,"answer_count":1,"score":0,"last_activity_date":1650220684,"creation_date":1650218144,"question_id":71904181,"content_license":"CC BY-SA 4.0","link":"https://stackoverflow.com/questions/71904181/asp-net-core-api-route-authotization-policy-should-allow-policy1-or-policy2","title":"ASP.NET CORE API route authotization Policy should allow policy1 OR policy2"},{"tags":["c","variables","file-io"],"owner":{"account_id":18199542,"reputation":21,"user_id":13243975,"user_type":"registered","profile_image":"https://lh4.googleusercontent.com/-_pS0tIp-vV4/AAAAAAAAAAI/AAAAAAAAAAA/AAKWJJPWOAkc3-GarbOgpIACcIr3hxRJOA/photo.jpg?sz=256","display_name":"student","link":"https://stackoverflow.com/users/13243975/student"},"is_answered":false,"view_count":216,"answer_count":2,"score":2,"last_activity_date":1650357836,"creation_date":1650218119,"last_edit_date":1650218515,"question_id":71904179,"content_license":"CC BY-SA 4.0","link":"https://stackoverflow.com/questions/71904179/input-from-file-not-being-read-in-c","title":"Input from file not being read in C"},{"tags":["swift","objective-c","macos"],"owner":{"account_id":5978547,"reputation":2065,"user_id":4698501,"user_type":"registered","accept_rate":88,"profile_image":"https://i.stack.imgur.com/Y7Yhe.png?s=256&g=1","display_name":"Patrick","link":"https://stackoverflow.com/users/4698501/patrick"},"is_answered":true,"view_count":181,"accepted_answer_id":71924326,"answer_count":1,"score":-2,"last_activity_date":1650368256,"creation_date":1650218113,"last_edit_date":1650275314,"question_id":71904178,"content_license":"CC BY-SA 4.0","link":"https://stackoverflow.com/questions/71904178/how-to-deeplink-a-file-from-macos-app-to-browser-print-preview-like-sublime-tex","title":"How to deeplink a file from macOS app to browser print preview (like sublime text does)?"},{"tags":["php","phpmailer","sendmail"],"owner":{"account_id":20638377,"reputation":63,"user_id":15151582,"user_type":"registered","profile_image":"https://lh3.googleusercontent.com/a-/AOh14GgcW6t1oxIGy3n-UvoVYuCTaHXIhN_CbTaN06XA=k-s256","display_name":"Gadgets Mall","link":"https://stackoverflow.com/users/15151582/gadgets-mall"},"is_answered":true,"view_count":974,"answer_count":2,"score":0,"last_activity_date":1650556518,"creation_date":1650218088,"last_edit_date":1650404809,"question_id":71904174,"content_license":"CC BY-SA 4.0","link":"https://stackoverflow.com/questions/71904174/phpmailer-preg-match-expects-parameter-2-to-be-string-array-given","title":"PHPmailer - preg_match() expects parameter 2 to be string, array given"},{"tags":["python","sql","csv"],"owner":{"account_id":15615150,"reputation":43,"user_id":11265539,"user_type":"registered","profile_image":"https://graph.facebook.com/719766551758485/picture?type=large","display_name":"Maryam Anwer","link":"https://stackoverflow.com/users/11265539/maryam-anwer"},"is_answered":true,"view_count":88,"accepted_answer_id":71905818,"answer_count":2,"score":0,"last_activity_date":1650235421,"creation_date":1650218075,"last_edit_date":1650235421,"question_id":71904171,"content_license":"CC BY-SA 4.0","link":"https://stackoverflow.com/questions/71904171/issue-in-python-and-sql-query","title":"issue in python and sql query"},{"tags":["python","python-3.x","model","huggingface-transformers"],"owner":{"account_id":17021804,"reputation":874,"user_id":12314164,"user_type":"registered","profile_image":"https://www.gravatar.com/avatar/021a21731cd88f35dd1aa5272b6aea77?s=256&d=identicon&r=PG&f=y&so-version=2","display_name":"Ir8_mind","link":"https://stackoverflow.com/users/12314164/ir8-mind"},"is_answered":false,"view_count":301,"answer_count":0,"score":1,"last_activity_date":1650218046,"creation_date":1650218046,"question_id":71904168,"content_license":"CC BY-SA 4.0","link":"https://stackoverflow.com/questions/71904168/how-to-fine-tune-transformers-nlu-model-with-dataset-without-labels","title":"How to fine-tune transformers NLU model with dataset without labels?"},{"tags":["r"],"owner":{"account_id":24975914,"reputation":1,"user_id":18838535,"user_type":"registered","profile_image":"https://lh3.googleusercontent.com/a/AATXAJyZPVGBju2GDiYnHSuVhEJVSsOyJ-Zz9TmETgJr=k-s256","display_name":"David Pielhop","link":"https://stackoverflow.com/users/18838535/david-pielhop"},"is_answered":false,"view_count":101,"answer_count":0,"score":0,"last_activity_date":1650218028,"creation_date":1650218028,"question_id":71904167,"content_license":"CC BY-SA 4.0","link":"https://stackoverflow.com/questions/71904167/read-function-in-r-is-looking-at-wrong-folder","title":"Read() function in R is looking at wrong folder"},{"tags":["java","list","sorting","data-structures","collections"],"owner":{"account_id":19868284,"reputation":11,"user_id":14555035,"user_type":"registered","profile_image":"https://lh4.googleusercontent.com/-BOCxZnJyFUo/AAAAAAAAAAI/AAAAAAAAAAA/AMZuucnIhdzgTrkCLwCfWUv7HH40xMpqSg/s96-c/photo.jpg?sz=256","display_name":"RAJUL DUBEY","link":"https://stackoverflow.com/users/14555035/rajul-dubey"},"is_answered":false,"view_count":41,"answer_count":1,"score":0,"last_activity_date":1650276279,"creation_date":1650217997,"last_edit_date":1650276279,"question_id":71904162,"content_license":"CC BY-SA 4.0","link":"https://stackoverflow.com/questions/71904162/how-to-sort-a-list-containing-lists-of-the-same-size-in-the-asscending-order-of","title":"How to sort a List containing lists of the same size in the asscending order of thier numerical value in java"},{"tags":["javascript","node.js","mongodb","express"],"owner":{"account_id":24798017,"reputation":39,"user_id":18680620,"user_type":"registered","profile_image":"https://www.gravatar.com/avatar/87fea4fc565077d7af34a17bc4b0cd5f?s=256&d=identicon&r=PG","display_name":"Wraithdev3","link":"https://stackoverflow.com/users/18680620/wraithdev3"},"is_answered":false,"view_count":163,"answer_count":1,"score":0,"last_activity_date":1650219902,"creation_date":1650217982,"question_id":71904160,"content_license":"CC BY-SA 4.0","link":"https://stackoverflow.com/questions/71904160/my-database-query-function-always-return-null","title":"My database query function always return null"},{"tags":["python","list","dictionary","iterator"],"owner":{"account_id":24947362,"reputation":1,"user_id":18838279,"user_type":"registered","profile_image":"https://www.gravatar.com/avatar/5882d4935090f8aa489afe3147a7f00f?s=256&d=identicon&r=PG","display_name":"Simon","link":"https://stackoverflow.com/users/18838279/simon"},"is_answered":true,"view_count":230,"answer_count":2,"score":0,"last_activity_date":1650395820,"creation_date":1650217923,"last_edit_date":1650395820,"question_id":71904156,"content_license":"CC BY-SA 4.0","link":"https://stackoverflow.com/questions/71904156/trying-to-iterate-over-lists-and-nested-list-to-zip-items-into-dictionary","title":"Trying to iterate over lists and nested list to zip items into dictionary"},{"tags":["javascript","node.js","json"],"owner":{"account_id":16567801,"reputation":476,"user_id":11971876,"user_type":"registered","profile_image":"https://www.gravatar.com/avatar/962c29857957ae44abb2dff6a7e07ef0?s=256&d=identicon&r=PG&f=y&so-version=2","display_name":"AndyJamesN","link":"https://stackoverflow.com/users/11971876/andyjamesn"},"is_answered":true,"view_count":170,"accepted_answer_id":71905181,"answer_count":4,"score":-1,"last_activity_date":1650290078,"creation_date":1650217914,"last_edit_date":1650220420,"question_id":71904155,"content_license":"CC BY-SA 4.0","link":"https://stackoverflow.com/questions/71904155/parse-script-in-string-format-to-json","title":"Parse script in string format to JSON"},{"tags":["r","purrr","tidyeval","quosure"],"owner":{"account_id":8096910,"reputation":7275,"user_id":6101188,"user_type":"registered","profile_image":"https://i.stack.imgur.com/HbakG.jpg?s=256&g=1","display_name":"Vincent Bonhomme","link":"https://stackoverflow.com/users/6101188/vincent-bonhomme"},"is_answered":true,"view_count":84,"accepted_answer_id":71904259,"answer_count":2,"score":1,"last_activity_date":1650351393,"creation_date":1650217911,"question_id":71904154,"content_license":"CC BY-SA 4.0","link":"https://stackoverflow.com/questions/71904154/is-quosurex-error-when-forwarding-inside-map","title":"is_quosure(x) error when forwarding ... inside map"},{"tags":["spring-boot","intellij-idea"],"owner":{"account_id":23097169,"reputation":1,"user_id":17207082,"user_type":"registered","profile_image":"https://www.gravatar.com/avatar/1116dc5f55c1bb927d3b134dd3f066d0?s=256&d=identicon&r=PG","display_name":"tgkxms","link":"https://stackoverflow.com/users/17207082/tgkxms"},"is_answered":false,"view_count":55,"answer_count":0,"score":0,"last_activity_date":1650218802,"creation_date":1650217899,"last_edit_date":1650218802,"question_id":71904151,"content_license":"CC BY-SA 4.0","link":"https://stackoverflow.com/questions/71904151/idea-springboot-run-on-ssh-dev-tools-doesnt-work","title":"idea springboot run on ssh, dev-tools doesn&#39;t work"},{"tags":["css","macos","ubuntu","fonts","vps"],"owner":{"account_id":24508919,"reputation":25,"user_id":18423528,"user_type":"registered","profile_image":"https://lh3.googleusercontent.com/a/AATXAJwj-K7I-xDrfZMtsN-yWJzXo8Y7K-9Z28qh6sUL=k-s256","display_name":"EricandWeb","link":"https://stackoverflow.com/users/18423528/ericandweb"},"is_answered":false,"view_count":52,"answer_count":1,"score":0,"last_activity_date":1650219060,"creation_date":1650217882,"question_id":71904150,"content_license":"CC BY-SA 4.0","link":"https://stackoverflow.com/questions/71904150/css-see-fonts-on-macos-cant-see-fonts-on-vps-ubuntu-20-04-lst","title":"CSS see fonts on MacOS can&#39;t see fonts on VPS (Ubuntu 20.04 LST)"}],"has_more":true,"quota_max":300,"quota_remaining":280}