{"items":[{"tags":["python-3.x","regex"],"owner":{"account_id":14578742,"reputation":33,"user_id":10529896,"user_type":"registered","profile_image":"https://www.gravatar.com/avatar/5959a87d14bdbfcd51da851651bd7036?s=256&d=identicon&r=PG&f=y&so-version=2","display_name":"SAB","link":"https://stackoverflow.com/users/10529896/sab"},"is_answered":true,"view_count":194,"accepted_answer_id":70902585,"answer_count":1,"score":2,"last_activity_date":1643434466,"creation_date":1643414392,"question_id":70901422,"content_license":"CC BY-SA 4.0","link":"https://stackoverflow.com/questions/70901422/how-to-slice-string-considering-both-ends-are-exclusive-using-regex","title":"How to slice string considering both ends are exclusive using regex?"},{"tags":["swiftui"],"owner":{"account_id":21517795,"reputation":135,"user_id":15859368,"user_type":"registered","profile_image":"https://www.gravatar.com/avatar/c88ec26fab53cec2317a671911e1b5a0?s=256&d=identicon&r=PG&f=y&so-version=2","display_name":"Lian","link":"https://stackoverflow.com/users/15859368/lian"},"is_answered":false,"view_count":26,"answer_count":0,"score":0,"last_activity_date":1643414380,"creation_date":1643414380,"question_id":70901421,"content_license":"CC BY-SA 4.0","link":"https://stackoverflow.com/questions/70901421/rejection-of-app-submission-with-submission-id","title":"Rejection of app submission with Submission ID"},{"tags":["javascript","reactjs","git","puppeteer"],"owner":{"account_id":18166637,"reputation":13,"user_id":13217104,"user_type":"registered","profile_image":"https://www.gravatar.com/avatar/b53ab99fc64b16adcde32b96cc95fd33?s=256&d=identicon&r=PG&f=y&so-version=2","display_name":"Estuck","link":"https://stackoverflow.com/users/13217104/estuck"},"is_answered":false,"view_count":34,"answer_count":0,"score":1,"last_activity_date":1643414276,"creation_date":1643414276,"question_id":70901418,"content_license":"CC BY-SA 4.0","link":"https://stackoverflow.com/questions/70901418/deploying-puppeteer-automation-for-a-bill-summary-website","title":"deploying puppeteer automation for a bill summary website"},{"tags":["typescript","sinon"],"owner":{"account_id":453863,"reputation":7987,"user_id":851097,"user_type":"registered","accept_rate":26,"profile_image":"https://www.gravatar.com/avatar/d4852bc32c3e741316d668526cdcf171?s=256&d=identicon&r=PG","display_name":"Chris Hansen","link":"https://stackoverflow.com/users/851097/chris-hansen"},"is_answered":true,"view_count":155,"accepted_answer_id":70903374,"answer_count":1,"score":1,"last_activity_date":1643927663,"creation_date":1643414232,"question_id":70901415,"content_license":"CC BY-SA 4.0","link":"https://stackoverflow.com/questions/70901415/how-to-refactor-a-function-that-calls-a-function-so-that-it-can-be-tested-using","title":"How to refactor a function that calls a function so that it can be tested using typescript and sinon?"},{"tags":["python","pandas"],"owner":{"account_id":9279485,"reputation":63,"user_id":6891070,"user_type":"registered","profile_image":"https://lh5.googleusercontent.com/-wfMk9ndsdbA/AAAAAAAAAAI/AAAAAAAAGoQ/mG6fJAe9nBo/photo.jpg?sz=256","display_name":"Benjamin Lopez","link":"https://stackoverflow.com/users/6891070/benjamin-lopez"},"is_answered":true,"view_count":3670,"accepted_answer_id":70901547,"answer_count":2,"score":1,"last_activity_date":1643417950,"creation_date":1643414166,"question_id":70901414,"content_license":"CC BY-SA 4.0","link":"https://stackoverflow.com/questions/70901414/pandas-sum-rows-by-group-based-on-condition","title":"Pandas sum rows by group based on condition"},{"tags":["python"],"owner":{"account_id":24088721,"reputation":1,"user_id":18062298,"user_type":"registered","profile_image":"https://www.gravatar.com/avatar/20cb1be1d605fcd721cf815e395831e8?s=256&d=identicon&r=PG","display_name":"Nico","link":"https://stackoverflow.com/users/18062298/nico"},"is_answered":false,"view_count":40,"answer_count":1,"score":-1,"last_activity_date":1643416002,"creation_date":1643414156,"last_edit_date":1643415997,"question_id":70901411,"content_license":"CC BY-SA 4.0","link":"https://stackoverflow.com/questions/70901411/number-guessing-game-will-not-print-the-right-phrase","title":"Number guessing game will not print the right phrase"},{"tags":["c++","multithreading","httpserver"],"owner":{"account_id":2815902,"reputation":43,"user_id":2420990,"user_type":"registered","profile_image":"https://www.gravatar.com/avatar/c156079a39430d9f2d40c862952d5c9d?s=256&d=identicon&r=PG","display_name":"Ozan Armagan","link":"https://stackoverflow.com/users/2420990/ozan-armagan"},"is_answered":false,"view_count":123,"answer_count":1,"score":0,"last_activity_date":1643419829,"creation_date":1643414064,"question_id":70901406,"content_license":"CC BY-SA 4.0","link":"https://stackoverflow.com/questions/70901406/c-multithread-http-server-recv-hangs-up-after-first-sending-first-response","title":"C++ multithread HTTP Server - recv() hangs up after first sending first response"},{"tags":["javascript","reactjs","if-statement","next.js"],"owner":{"account_id":15024093,"reputation":49,"user_id":10844572,"user_type":"registered","profile_image":"https://www.gravatar.com/avatar/0cdbda386674389630616908abc52f7b?s=256&d=identicon&r=PG&f=y&so-version=2","display_name":"BlackRain","link":"https://stackoverflow.com/users/10844572/blackrain"},"is_answered":false,"view_count":36,"answer_count":0,"score":0,"last_activity_date":1643414039,"creation_date":1643414039,"question_id":70901405,"content_license":"CC BY-SA 4.0","link":"https://stackoverflow.com/questions/70901405/how-to-force-render-same-id-with-same-data","title":"How to force render same id with same data?"},{"tags":["python","django","docker"],"owner":{"account_id":12225294,"reputation":1694,"user_id":8923126,"user_type":"registered","profile_image":"https://i.stack.imgur.com/qT9Qa.jpg?s=256&g=1","display_name":"Zain Khan","link":"https://stackoverflow.com/users/8923126/zain-khan"},"is_answered":false,"view_count":32,"answer_count":0,"score":0,"last_activity_date":1643414006,"creation_date":1643414006,"question_id":70901403,"content_license":"CC BY-SA 4.0","link":"https://stackoverflow.com/questions/70901403/handle-django-migrations","title":"Handle Django MIgrations"},{"tags":["sql-server","sql-update","inner-join","one-to-many"],"owner":{"account_id":3019594,"reputation":2990,"user_id":2560938,"user_type":"registered","accept_rate":93,"profile_image":"https://www.gravatar.com/avatar/1eaf9e55fa6169bca42e0c7ef7b211f9?s=256&d=identicon&r=PG&f=y&so-version=2","display_name":"Arthur Rey","link":"https://stackoverflow.com/users/2560938/arthur-rey"},"is_answered":true,"view_count":1046,"accepted_answer_id":70909514,"answer_count":2,"score":2,"last_activity_date":1643488599,"creation_date":1643413789,"last_edit_date":1643424580,"question_id":70901394,"content_license":"CC BY-SA 4.0","link":"https://stackoverflow.com/questions/70901394/update-with-a-one-to-many-join-multiple-columns","title":"UPDATE with a one-to-many JOIN (multiple columns)"},{"tags":["node.js","mongodb","express","mongoose"],"owner":{"account_id":19581341,"reputation":409,"user_id":14330332,"user_type":"registered","profile_image":"https://i.stack.imgur.com/gYiuf.jpg?s=256&g=1","display_name":"Jowz","link":"https://stackoverflow.com/users/14330332/jowz"},"is_answered":true,"view_count":89,"accepted_answer_id":70908905,"answer_count":1,"score":2,"last_activity_date":1643483656,"creation_date":1643413765,"question_id":70901391,"content_license":"CC BY-SA 4.0","link":"https://stackoverflow.com/questions/70901391/mongoose-express-get-all-subdocuments-api","title":"Mongoose/Express Get all subdocuments api"},{"tags":["c#","file","copy"],"owner":{"account_id":24088673,"reputation":11,"user_id":18062257,"user_type":"registered","profile_image":"https://www.gravatar.com/avatar/3b5cf675aa4225ce7a3e8283e8309d5a?s=256&d=identicon&r=PG","display_name":"Mure","link":"https://stackoverflow.com/users/18062257/mure"},"is_answered":false,"view_count":788,"answer_count":1,"score":1,"last_activity_date":1643462523,"creation_date":1643413729,"last_edit_date":1643449667,"question_id":70901387,"content_license":"CC BY-SA 4.0","link":"https://stackoverflow.com/questions/70901387/c-read-files-location-and-destination-in-csv-and-copy-to-a-different-folder","title":"C# Read Files location and destination IN CSV and copy to a different folder"},{"tags":["reactjs"],"owner":{"account_id":406202,"reputation":539,"user_id":775582,"user_type":"registered","accept_rate":73,"profile_image":"https://www.gravatar.com/avatar/7388d4d5e400393149bb20563c1060b9?s=256&d=identicon&r=PG&f=y&so-version=2","display_name":"smb","link":"https://stackoverflow.com/users/775582/smb"},"is_answered":true,"view_count":1478,"answer_count":1,"score":5,"last_activity_date":1668400425,"creation_date":1643413715,"last_edit_date":1644533083,"question_id":70901386,"content_license":"CC BY-SA 4.0","link":"https://stackoverflow.com/questions/70901386/react-hot-reload-adding-iframe-with-high-z-index-nothing-clickable-unless-dom-e","title":"React hot reload adding iFrame with high z-index, nothing clickable unless dom element deleted"},{"tags":["documentation"],"owner":{"account_id":23852624,"reputation":33,"user_id":17856399,"user_type":"registered","profile_image":"https://lh3.googleusercontent.com/a-/AOh14GiiFtBowjgHZAF3gAMcmAUfcuDZbE4OiE7wHxDKow=k-s256","display_name":"McKay Reed Moore","link":"https://stackoverflow.com/users/17856399/mckay-reed-moore"},"is_answered":true,"view_count":39,"accepted_answer_id":70901417,"answer_count":1,"score":2,"last_activity_date":1643414241,"creation_date":1643413649,"question_id":70901384,"content_license":"CC BY-SA 4.0","link":"https://stackoverflow.com/questions/70901384/what-is-meant-by-and-where-do-i-find-the-documentation","title":"What is meant by, and where do I find &quot;the documentation&quot;?"},{"tags":["r","ggplot2","format","decimal","scale"],"owner":{"account_id":8607859,"reputation":2179,"user_id":7769755,"user_type":"registered","accept_rate":52,"profile_image":"https://i.stack.imgur.com/rz7nF.jpg?s=256&g=1","display_name":"Daniel Valencia C.","link":"https://stackoverflow.com/users/7769755/daniel-valencia-c"},"is_answered":true,"view_count":431,"accepted_answer_id":70902070,"answer_count":1,"score":1,"last_activity_date":1643428459,"creation_date":1643413627,"question_id":70901383,"content_license":"CC BY-SA 4.0","link":"https://stackoverflow.com/questions/70901383/how-to-delete-decimals-from-labels-in-plots-made-with-the-scales-package-in-r","title":"How to delete decimals from labels in plots made with the scales package in R?"},{"tags":["git","eclipse","egit"],"owner":{"account_id":5236373,"reputation":33,"user_id":4184811,"user_type":"registered","profile_image":"https://www.gravatar.com/avatar/13f82e7dcc857c7d718900bdb324f462?s=256&d=identicon&r=PG&f=y&so-version=2","display_name":"niemand","link":"https://stackoverflow.com/users/4184811/niemand"},"is_answered":false,"view_count":222,"answer_count":1,"score":1,"last_activity_date":1643528329,"creation_date":1643413557,"last_edit_date":1643528329,"question_id":70901382,"content_license":"CC BY-SA 4.0","link":"https://stackoverflow.com/questions/70901382/how-to-clone-project-from-local-git-repo-to-a-git-on-another-machine-in-lan","title":"How to clone project from local GIT repo to a GIT on another machine in LAN?"},{"tags":["google-cloud-platform"],"owner":{"account_id":13465188,"reputation":193,"user_id":9715754,"user_type":"registered","profile_image":"https://www.gravatar.com/avatar/00bb52037cfb1203af4041cef840b6e7?s=256&d=identicon&r=PG&f=y&so-version=2","display_name":"Theophylline","link":"https://stackoverflow.com/users/9715754/theophylline"},"is_answered":false,"view_count":2341,"answer_count":0,"score":2,"last_activity_date":1643413399,"creation_date":1643413399,"question_id":70901381,"content_license":"CC BY-SA 4.0","link":"https://stackoverflow.com/questions/70901381/moving-project-from-no-organization-to-an-existing-organization-in-gcp","title":"Moving project from No Organization to an existing Organization in GCP"},{"tags":["c#","c++","command-line-interface","wrapper"],"owner":{"account_id":18219823,"reputation":1,"user_id":13260815,"user_type":"registered","profile_image":"https://www.gravatar.com/avatar/1ec5b0fb63b8832a04623110eb8658c6?s=256&d=identicon&r=PG&f=y&so-version=2","display_name":"Schnegg","link":"https://stackoverflow.com/users/13260815/schnegg"},"is_answered":false,"view_count":67,"answer_count":0,"score":0,"last_activity_date":1643413366,"creation_date":1643413366,"question_id":70901380,"content_license":"CC BY-SA 4.0","link":"https://stackoverflow.com/questions/70901380/c-cli-callback-to-c","title":"C++/CLI callback to C#"},{"tags":["robotframework","href","playwright"],"owner":{"account_id":1592773,"reputation":291,"user_id":1475735,"user_type":"registered","accept_rate":35,"profile_image":"https://www.gravatar.com/avatar/ed70121393f1125a3534b4f719dfcbe9?s=256&d=identicon&r=PG","display_name":"dcparham","link":"https://stackoverflow.com/users/1475735/dcparham"},"is_answered":false,"view_count":685,"answer_count":1,"score":0,"last_activity_date":1643601185,"creation_date":1643413340,"last_edit_date":1643587066,"question_id":70901378,"content_license":"CC BY-SA 4.0","link":"https://stackoverflow.com/questions/70901378/robot-framework-playwright-trying-to-get-list-of-all-the-href-values-on-a-page","title":"Robot Framework&#39; Playwright, trying to get list of all the href values on a page, then verify they&#39;re valid"},{"tags":["bash","awk","fasta"],"owner":{"account_id":1512229,"reputation":663,"user_id":9097452,"user_type":"registered","accept_rate":0,"profile_image":"https://www.gravatar.com/avatar/8073dda6ba748ee30788aed8a1e82f0d?s=256&d=identicon&r=PG","display_name":"abraham","link":"https://stackoverflow.com/users/9097452/abraham"},"is_answered":true,"view_count":81,"accepted_answer_id":70901398,"answer_count":3,"score":-1,"last_activity_date":1643444097,"creation_date":1643413211,"question_id":70901375,"content_license":"CC BY-SA 4.0","link":"https://stackoverflow.com/questions/70901375/how-to-add-a-id-follow-by-number-in-a-fasta-file-using-bash","title":"how to add a ID_ follow by number in a fasta file using bash"},{"tags":["python","django","spotify"],"owner":{"account_id":23739207,"reputation":21,"user_id":17757485,"user_type":"registered","profile_image":"https://lh3.googleusercontent.com/a/AATXAJy6zjJTWCIXazK1IEaYOt8-OlVoZND8li2BxFAu=k-s256","display_name":"Rafael Fadel","link":"https://stackoverflow.com/users/17757485/rafael-fadel"},"is_answered":false,"view_count":786,"answer_count":0,"score":1,"last_activity_date":1643413166,"creation_date":1643413166,"question_id":70901374,"content_license":"CC BY-SA 4.0","link":"https://stackoverflow.com/questions/70901374/typeerror-unsupported-type-for-timedelta-seconds-component-nonetype","title":"TypeError: unsupported type for timedelta seconds component: NoneType"},{"tags":["rust","future"],"owner":{"account_id":20044668,"reputation":91,"user_id":14694639,"user_type":"registered","profile_image":"https://lh4.googleusercontent.com/-eNC7a4sjXo4/AAAAAAAAAAI/AAAAAAAAAAA/AMZuuckMSNcEshufd15evDdAJe5zbYt0HQ/s96-c/photo.jpg?sz=256","display_name":"H.Z.","link":"https://stackoverflow.com/users/14694639/h-z"},"is_answered":true,"view_count":927,"closed_date":1643503197,"answer_count":1,"score":2,"last_activity_date":1643442894,"creation_date":1643413055,"last_edit_date":1643442894,"question_id":70901368,"link":"https://stackoverflow.com/questions/70901368/how-to-clone-a-boxed-trait-error-boxdyn-error","closed_reason":"Duplicate","title":"How to clone a boxed trait Error ( Box&lt;dyn Error&gt; )?"},{"tags":["makefile","gnu-make"],"owner":{"account_id":5976642,"reputation":4329,"user_id":6872717,"user_type":"registered","profile_image":"https://i.stack.imgur.com/UCuzs.png?s=256&g=1","display_name":"alx - recommends codidact","link":"https://stackoverflow.com/users/6872717/alx-recommends-codidact"},"is_answered":false,"view_count":294,"answer_count":1,"score":0,"last_activity_date":1644482774,"creation_date":1643412983,"last_edit_date":1643475468,"question_id":70901364,"content_license":"CC BY-SA 4.0","link":"https://stackoverflow.com/questions/70901364/should-make-install-depend-on-compilation","title":"Should &#39;make install&#39; depend on compilation?"},{"tags":["arrays","ruby","memory","boolean"],"owner":{"account_id":22013982,"reputation":102,"user_id":16283786,"user_type":"registered","profile_image":"https://www.gravatar.com/avatar/8118e39b869f13d29eccafca29bdb546?s=256&d=identicon&r=PG&f=y&so-version=2","display_name":"some random nerd","link":"https://stackoverflow.com/users/16283786/some-random-nerd"},"is_answered":true,"view_count":93,"accepted_answer_id":70902021,"answer_count":1,"score":0,"last_activity_date":1643465584,"creation_date":1643412957,"last_edit_date":1643465584,"question_id":70901361,"content_license":"CC BY-SA 4.0","link":"https://stackoverflow.com/questions/70901361/memory-efficient-boolean-arrays-in-ruby","title":"Memory-efficient Boolean arrays in Ruby"},{"tags":["reactjs","scroll","state","react-dnd"],"owner":{"account_id":23097651,"reputation":185,"user_id":17207507,"user_type":"registered","profile_image":"https://lh3.googleusercontent.com/a-/AOh14GjViGLbonTvh92STCQ5DFm_Ba147mjo7Ylw8PWa=k-s256","display_name":"John Shanks","link":"https://stackoverflow.com/users/17207507/john-shanks"},"is_answered":true,"view_count":546,"answer_count":1,"score":2,"last_activity_date":1643499169,"creation_date":1643412821,"last_edit_date":1643438734,"question_id":70901355,"content_license":"CC BY-SA 4.0","link":"https://stackoverflow.com/questions/70901355/how-to-account-for-page-scrolling-with-react-dnd-drop-events","title":"How to account for page scrolling with react-DND drop events?"},{"tags":["c#"],"owner":{"account_id":4019407,"reputation":11320,"user_id":3310334,"user_type":"registered","accept_rate":64,"profile_image":"https://i.stack.imgur.com/BTb0z.jpg?s=256&g=1","display_name":"theonlygusti","link":"https://stackoverflow.com/users/3310334/theonlygusti"},"is_answered":true,"view_count":683,"accepted_answer_id":70901400,"answer_count":2,"score":0,"last_activity_date":1643421440,"creation_date":1643412812,"question_id":70901353,"content_license":"CC BY-SA 4.0","link":"https://stackoverflow.com/questions/70901353/c-expand-array-to-be-arguments","title":"C# expand array to be arguments"},{"tags":["javascript","html","dom","frontend","web-frontend"],"owner":{"account_id":23997069,"reputation":9,"user_id":17982470,"user_type":"registered","profile_image":"https://lh3.googleusercontent.com/a-/AOh14Gh924WJbUvjYm1WCWoJJ8cV3XDvsk79i7ad2fsb=k-s256","display_name":"Mahmoud Mohammed","link":"https://stackoverflow.com/users/17982470/mahmoud-mohammed"},"is_answered":true,"view_count":212,"answer_count":1,"score":0,"last_activity_date":1643623685,"creation_date":1643412735,"last_edit_date":1643623685,"question_id":70901350,"content_license":"CC BY-SA 4.0","link":"https://stackoverflow.com/questions/70901350/how-do-i-make-a-theme-persist-even-after-the-page-is-refreshed","title":"How do I make a theme persist even after the page is refreshed?"},{"tags":["ethereum","solidity","nft","erc721"],"owner":{"account_id":20107750,"reputation":37,"user_id":15076777,"user_type":"registered","profile_image":"https://www.gravatar.com/avatar/96193a708cfc95500d3a4c96ed198702?s=256&d=identicon&r=PG&f=y&so-version=2","display_name":"brt88","link":"https://stackoverflow.com/users/15076777/brt88"},"is_answered":true,"view_count":264,"accepted_answer_id":70901755,"answer_count":2,"score":0,"last_activity_date":1643420837,"creation_date":1643412726,"question_id":70901349,"content_license":"CC BY-SA 4.0","link":"https://stackoverflow.com/questions/70901349/create-two-different-instances-of-erc-721-in-the-same-smart-contract","title":"Create two different instances of ERC-721 in the same smart contract"},{"tags":["r","frequency"],"owner":{"account_id":23165867,"reputation":91,"user_id":17265810,"user_type":"registered","profile_image":"https://lh3.googleusercontent.com/a-/AOh14Gj828kJHo_vnxKlX-_Jhx7dPnisb1J4YJMhuxlWrQ=k-s256","display_name":"Juan Almeira","link":"https://stackoverflow.com/users/17265810/juan-almeira"},"is_answered":false,"view_count":106,"answer_count":0,"score":1,"last_activity_date":1643459535,"creation_date":1643412626,"last_edit_date":1643459535,"question_id":70901346,"content_license":"CC BY-SA 4.0","link":"https://stackoverflow.com/questions/70901346/how-to-generate-a-frequency-table-from-an-array","title":"How to generate a frequency table from an array"},{"tags":["c#","pattern-matching","switch-expression"],"owner":{"account_id":4019407,"reputation":11320,"user_id":3310334,"user_type":"registered","accept_rate":64,"profile_image":"https://i.stack.imgur.com/BTb0z.jpg?s=256&g=1","display_name":"theonlygusti","link":"https://stackoverflow.com/users/3310334/theonlygusti"},"is_answered":true,"view_count":1769,"accepted_answer_id":70901443,"answer_count":1,"score":2,"last_activity_date":1643414948,"creation_date":1643412622,"question_id":70901344,"content_license":"CC BY-SA 4.0","link":"https://stackoverflow.com/questions/70901344/c-pattern-match-arrays","title":"C# Pattern match arrays"}],"has_more":true,"quota_max":300,"quota_remaining":187}