{"items":[{"tags":["sql","oracle"],"owner":{"account_id":19403725,"reputation":35,"user_id":14189672,"user_type":"registered","profile_image":"https://www.gravatar.com/avatar/58319774fe051191771b836c831b70ae?s=256&d=identicon&r=PG&f=y&so-version=2","display_name":"ilghar","link":"https://stackoverflow.com/users/14189672/ilghar"},"is_answered":true,"view_count":232,"accepted_answer_id":71247806,"answer_count":1,"score":1,"last_activity_date":1645683078,"creation_date":1645682397,"last_edit_date":1645683078,"question_id":71247758,"content_license":"CC BY-SA 4.0","link":"https://stackoverflow.com/questions/71247758/what-is-the-meaning-of-1-1-1-2-or-6-8-when-creating-table-in-sql","title":"what is the meaning of 1=1, 1=2 or 6=8 when creating table in SQL"},{"tags":["python","flask","machine-learning","logistic-regression"],"owner":{"account_id":24356847,"reputation":1,"user_id":18291873,"user_type":"registered","profile_image":"https://www.gravatar.com/avatar/82a1c6cdf4ef5d56c4530d2b2f6fb352?s=256&d=identicon&r=PG","display_name":"shiro","link":"https://stackoverflow.com/users/18291873/shiro"},"is_answered":false,"view_count":221,"answer_count":1,"score":0,"last_activity_date":1645714447,"creation_date":1645682380,"last_edit_date":1645714447,"question_id":71247757,"content_license":"CC BY-SA 4.0","link":"https://stackoverflow.com/questions/71247757/inconsistent-results-with-predict-proba","title":"Inconsistent results with predict_proba"},{"tags":["vue.js","vue-component","vuetify.js","v-stepper"],"owner":{"account_id":12178859,"reputation":141,"user_id":8891060,"user_type":"registered","profile_image":"https://www.gravatar.com/avatar/31baed18dabfd7a0368f8d9b70bc9fa6?s=256&d=identicon&r=PG&f=y&so-version=2","display_name":"Killian Pierce","link":"https://stackoverflow.com/users/8891060/killian-pierce"},"is_answered":false,"view_count":772,"answer_count":1,"score":0,"last_activity_date":1645689016,"creation_date":1645682366,"last_edit_date":1645689016,"question_id":71247752,"content_license":"CC BY-SA 4.0","link":"https://stackoverflow.com/questions/71247752/how-to-share-data-variables-between-child-components","title":"How to share data variables between child components"},{"tags":["javascript","html","css","css-animations","css-transitions"],"owner":{"account_id":23542190,"reputation":1,"user_id":17586212,"user_type":"registered","profile_image":"https://lh3.googleusercontent.com/a/AATXAJwzZ3k7txA7BsfDQHiWJhTA60mXf0znAO323LZs=k-s256","display_name":"Mewtwo 2387","link":"https://stackoverflow.com/users/17586212/mewtwo-2387"},"is_answered":true,"view_count":639,"accepted_answer_id":71249161,"answer_count":1,"score":-3,"last_activity_date":1645766571,"creation_date":1645682341,"question_id":71247750,"content_license":"CC BY-SA 4.0","link":"https://stackoverflow.com/questions/71247750/how-to-make-floating-text-onclick-like-cookie-clicker","title":"How to make floating text onclick like cookie clicker?"},{"tags":["python","tkinter"],"owner":{"account_id":24361781,"reputation":11,"user_id":18296021,"user_type":"registered","profile_image":"https://lh3.googleusercontent.com/a/AATXAJzvd6hZFQjmRzT5ZEnzeVDGUYm5U77tEysCmzVz=k-s256","display_name":"L Wo","link":"https://stackoverflow.com/users/18296021/l-wo"},"is_answered":false,"view_count":57,"answer_count":2,"score":1,"last_activity_date":1672344578,"creation_date":1645682302,"last_edit_date":1646154273,"question_id":71247743,"content_license":"CC BY-SA 4.0","link":"https://stackoverflow.com/questions/71247743/how-to-change-a-value-in-an-existing-window-and-display-it-while-it-changes","title":"How to change a value in an existing window and display it while it changes"},{"tags":["python","pandas"],"owner":{"account_id":8832435,"reputation":5,"user_id":6598208,"user_type":"registered","profile_image":"https://www.gravatar.com/avatar/377e342e3b49cf20dda785b208b35b63?s=256&d=identicon&r=PG&f=y&so-version=2","display_name":"Pureti","link":"https://stackoverflow.com/users/6598208/pureti"},"is_answered":false,"view_count":41,"answer_count":0,"score":0,"last_activity_date":1645707076,"creation_date":1645682276,"last_edit_date":1645707076,"question_id":71247738,"content_license":"CC BY-SA 4.0","link":"https://stackoverflow.com/questions/71247738/date-stamp-format-correction","title":"Date stamp format correction"},{"tags":["python","conda","python-venv","faster-rcnn"],"owner":{"account_id":18401506,"reputation":79,"user_id":14436172,"user_type":"registered","profile_image":"https://lh3.googleusercontent.com/a-/AOh14Ggt-koZVyTTCLAyd-yL-hviP3UHZEMWs-CEB7boIQ=k-s256","display_name":"Hassam Ullah","link":"https://stackoverflow.com/users/14436172/hassam-ullah"},"is_answered":true,"view_count":273,"accepted_answer_id":71247869,"answer_count":1,"score":0,"last_activity_date":1645683326,"creation_date":1645682266,"question_id":71247737,"content_license":"CC BY-SA 4.0","link":"https://stackoverflow.com/questions/71247737/c-was-unexpected-at-this-time-while-trying-to-setup-a-venv-using-conda","title":"C:\\ was unexpected at this time. while trying to setup a venv using conda"},{"tags":["windows","kernel","windbg"],"owner":{"user_type":"does_not_exist","display_name":"user17853958"},"is_answered":true,"view_count":1886,"accepted_answer_id":71250971,"answer_count":1,"score":0,"last_activity_date":1645701139,"creation_date":1645682265,"question_id":71247736,"content_license":"CC BY-SA 4.0","link":"https://stackoverflow.com/questions/71247736/how-can-i-dump-a-specific-section-of-memory-with-windbg","title":"How can I dump a specific section of memory with Windbg?"},{"tags":["latex","doxygen","pdflatex"],"owner":{"account_id":24360810,"reputation":11,"user_id":18295198,"user_type":"registered","profile_image":"https://lh3.googleusercontent.com/a-/AOh14GiB0FZlb2BP8xpCQTAcOiobPdHyaurkDYTWmjWIqg=k-s256","display_name":"Giga","link":"https://stackoverflow.com/users/18295198/giga"},"is_answered":false,"view_count":81,"answer_count":0,"score":1,"last_activity_date":1645682264,"creation_date":1645682264,"question_id":71247735,"content_license":"CC BY-SA 4.0","link":"https://stackoverflow.com/questions/71247735/doxygen-latex-enumerate-list-item-doesnt-show-properly","title":"Doxygen - Latex enumerate list item doesn&#39;t show properly"},{"tags":["java","spring-boot","maven","plexus"],"owner":{"account_id":8468404,"reputation":2305,"user_id":6351897,"user_type":"registered","accept_rate":77,"profile_image":"https://www.gravatar.com/avatar/f793cb007d6e9028c02b6a97ef5a35fa?s=256&d=identicon&r=PG&f=y&so-version=2","display_name":"HelloWorld","link":"https://stackoverflow.com/users/6351897/helloworld"},"is_answered":false,"view_count":261,"answer_count":0,"score":0,"last_activity_date":1645682239,"creation_date":1645682239,"question_id":71247732,"content_license":"CC BY-SA 4.0","link":"https://stackoverflow.com/questions/71247732/how-to-get-rid-of-plexus-classworlds","title":"How to get rid of Plexus Classworlds?"},{"tags":["sql","sql-server","sql-delete"],"owner":{"account_id":14643867,"reputation":139,"user_id":10575782,"user_type":"registered","profile_image":"https://www.gravatar.com/avatar/8f61c0a9e4579f680f1017f37753a517?s=256&d=identicon&r=PG&f=y&so-version=2","display_name":"Sahil Anand","link":"https://stackoverflow.com/users/10575782/sahil-anand"},"is_answered":true,"view_count":98,"answer_count":4,"score":0,"last_activity_date":1645754706,"creation_date":1645682238,"last_edit_date":1645752943,"question_id":71247731,"content_license":"CC BY-SA 4.0","link":"https://stackoverflow.com/questions/71247731/i-am-writing-a-sql-query-to-delete-the-data-from-one-table","title":"I am writing a SQL query to delete the data from one table"},{"tags":["json","python-3.x","pandas","dataframe","dictionary"],"owner":{"account_id":7347181,"reputation":1080,"user_id":5594493,"user_type":"registered","accept_rate":42,"profile_image":"https://www.gravatar.com/avatar/40d23bb67f2acb6041317fbafe99dc7a?s=256&d=identicon&r=PG&f=y&so-version=2","display_name":"user5594493","link":"https://stackoverflow.com/users/5594493/user5594493"},"is_answered":true,"view_count":208,"accepted_answer_id":71247744,"answer_count":1,"score":1,"last_activity_date":1645682695,"creation_date":1645682215,"question_id":71247728,"content_license":"CC BY-SA 4.0","link":"https://stackoverflow.com/questions/71247728/add-missing-keys-in-dataframe-so-that-all-dicts-in-dataframe-have-same-keys","title":"Add missing keys in Dataframe so that all dicts in Dataframe have same keys"},{"tags":["javascript","webpack"],"owner":{"account_id":9684436,"reputation":397,"user_id":7184815,"user_type":"registered","profile_image":"https://www.gravatar.com/avatar/3dfb4b86e8089b5b40c6e3d1acf2514f?s=256&d=identicon&r=PG&f=y&so-version=2","display_name":"Harshil Modi","link":"https://stackoverflow.com/users/7184815/harshil-modi"},"is_answered":false,"view_count":735,"answer_count":0,"score":0,"last_activity_date":1645683181,"creation_date":1645682213,"last_edit_date":1645683181,"question_id":71247727,"content_license":"CC BY-SA 4.0","link":"https://stackoverflow.com/questions/71247727/webpack-generating-two-different-files-for-the-same-js-file","title":"Webpack: Generating two different files for the same js file"},{"tags":["javascript","node.js","puppeteer"],"owner":{"account_id":10960960,"reputation":87,"user_id":8054300,"user_type":"registered","profile_image":"https://www.gravatar.com/avatar/7e8d7050b33afa502a88c8bf90d8ccbc?s=256&d=identicon&r=PG&f=y&so-version=2","display_name":"utkarshver","link":"https://stackoverflow.com/users/8054300/utkarshver"},"is_answered":true,"view_count":1301,"answer_count":2,"score":0,"last_activity_date":1661237207,"creation_date":1645682170,"last_edit_date":1645688674,"question_id":71247724,"content_license":"CC BY-SA 4.0","link":"https://stackoverflow.com/questions/71247724/close-the-page-after-certain-interval-puppeteer","title":"Close the page after certain interval [Puppeteer]"},{"tags":["docker","google-cloud-platform","google-compute-engine","pulumi","gce-instance-group"],"owner":{"account_id":25841,"reputation":2161,"user_id":66731,"user_type":"registered","accept_rate":55,"profile_image":"https://i.stack.imgur.com/85WeZ.jpg?s=256&g=1","display_name":"Louis Sayers","link":"https://stackoverflow.com/users/66731/louis-sayers"},"is_answered":false,"view_count":638,"answer_count":1,"score":1,"last_activity_date":1673284195,"creation_date":1645682169,"last_edit_date":1673284195,"question_id":71247722,"content_license":"CC BY-SA 4.0","link":"https://stackoverflow.com/questions/71247722/pulumi-on-gcp-how-to-create-a-managed-instance-group-with-docker-container-ins","title":"Pulumi on GCP - How to create a Managed Instance Group with Docker Container Instances"},{"tags":["c#","wpf","xaml","data-binding"],"owner":{"account_id":1410038,"reputation":103,"user_id":3229242,"user_type":"registered","profile_image":"https://www.gravatar.com/avatar/07f2efc9b4c5f98b5c7723b0a3525079?s=256&d=identicon&r=PG","display_name":"papashou","link":"https://stackoverflow.com/users/3229242/papashou"},"is_answered":true,"view_count":1005,"accepted_answer_id":71248571,"answer_count":1,"score":0,"last_activity_date":1645693078,"creation_date":1645682162,"last_edit_date":1645688686,"question_id":71247718,"content_license":"CC BY-SA 4.0","link":"https://stackoverflow.com/questions/71247718/data-binding-for-listbox-itemssource","title":"Data Binding for ListBox ItemsSource"},{"tags":["r"],"owner":{"account_id":1251924,"reputation":294,"user_id":1212176,"user_type":"registered","accept_rate":100,"profile_image":"https://www.gravatar.com/avatar/473c42c74481a8f02654a7ad4555273f?s=256&d=identicon&r=PG&f=y&so-version=2","display_name":"Vendetta","link":"https://stackoverflow.com/users/1212176/vendetta"},"is_answered":false,"view_count":62,"answer_count":1,"score":0,"last_activity_date":1645689730,"creation_date":1645682140,"last_edit_date":1645686626,"question_id":71247713,"content_license":"CC BY-SA 4.0","link":"https://stackoverflow.com/questions/71247713/sum-variables-group-with-specific-character-value","title":"Sum variables group with specific character value"},{"tags":["python","gaussian","probability-distribution"],"owner":{"account_id":14979873,"reputation":77,"user_id":10814129,"user_type":"registered","profile_image":"https://lh5.googleusercontent.com/-miecbSq7dok/AAAAAAAAAAI/AAAAAAAAAAA/AKxrwcbjNjIokw_PuefcFqYE0vYQlqcPoA/mo/photo.jpg?sz=256","display_name":"Siddeshwar Raghavan","link":"https://stackoverflow.com/users/10814129/siddeshwar-raghavan"},"is_answered":false,"view_count":257,"answer_count":0,"score":0,"last_activity_date":1645682132,"creation_date":1645682132,"question_id":71247710,"content_license":"CC BY-SA 4.0","link":"https://stackoverflow.com/questions/71247710/applying-gaussian-noise-to-a-list-of-values","title":"Applying Gaussian noise to a list of values"},{"tags":["css","reactjs","root"],"owner":{"account_id":24361760,"reputation":1,"user_id":18296006,"user_type":"registered","profile_image":"https://www.gravatar.com/avatar/83a7ba8016161d5d64e531ca2f86f1b8?s=256&d=identicon&r=PG","display_name":"Darcyu83","link":"https://stackoverflow.com/users/18296006/darcyu83"},"is_answered":true,"view_count":955,"answer_count":1,"score":0,"last_activity_date":1645684117,"creation_date":1645682125,"question_id":71247708,"content_license":"CC BY-SA 4.0","link":"https://stackoverflow.com/questions/71247708/my-reset-css-does-not-work-on-my-id-root-tag-with-react-js","title":"My reset.css does not work on my id=&quot;root&quot; tag with react js"},{"tags":["api","oauth","cloudflare"],"owner":{"account_id":1402251,"reputation":3328,"user_id":1330787,"user_type":"registered","accept_rate":48,"profile_image":"https://www.gravatar.com/avatar/5a0a4204e690d378d0d12403a32d7477?s=256&d=identicon&r=PG&f=y&so-version=2","display_name":"Abduhafiz","link":"https://stackoverflow.com/users/1330787/abduhafiz"},"is_answered":false,"view_count":126,"answer_count":1,"score":0,"last_activity_date":1645800214,"creation_date":1645682109,"question_id":71247705,"content_license":"CC BY-SA 4.0","link":"https://stackoverflow.com/questions/71247705/ignore-specific-url-from-cloudflare-ddos-protection","title":"Ignore specific url from Cloudflare ddos protection"},{"tags":["asp.net","reactjs","asp.net-mvc","asp.net-core","proxy"],"owner":{"account_id":3399197,"reputation":1841,"user_id":2851914,"user_type":"registered","accept_rate":60,"profile_image":"https://www.gravatar.com/avatar/beec88aea8dcc01e58044f447e36110a?s=256&d=identicon&r=PG&f=y&so-version=2","display_name":"Yesudass Moses","link":"https://stackoverflow.com/users/2851914/yesudass-moses"},"is_answered":false,"view_count":499,"answer_count":0,"score":1,"last_activity_date":1645682601,"creation_date":1645682080,"last_edit_date":1645682601,"question_id":71247701,"content_license":"CC BY-SA 4.0","link":"https://stackoverflow.com/questions/71247701/asp-net-core-mvc-and-reactjs-sharing-authentication-session","title":"ASP.NET Core MVC and ReactJS - Sharing Authentication session"},{"tags":["sql-server","google-cloud-platform","dashboard","metrics"],"owner":{"account_id":1164660,"reputation":293,"user_id":1143512,"user_type":"registered","accept_rate":60,"profile_image":"https://www.gravatar.com/avatar/d93a2561bdb72f6697b6403bd6e66a8a?s=256&d=identicon&r=PG","display_name":"peacefulmember","link":"https://stackoverflow.com/users/1143512/peacefulmember"},"is_answered":false,"view_count":729,"answer_count":1,"score":0,"last_activity_date":1645708375,"creation_date":1645682064,"question_id":71247700,"content_license":"CC BY-SA 4.0","link":"https://stackoverflow.com/questions/71247700/gcp-metrics-dashboard-from-cloudsql","title":"GCP metrics dashboard from cloudsql"},{"tags":["blazor","query-string","blazor-server-side"],"owner":{"account_id":9322913,"reputation":29,"user_id":6921157,"user_type":"registered","profile_image":"https://www.gravatar.com/avatar/f04508c10f36cb50be6035ec77505200?s=256&d=identicon&r=PG&f=y&so-version=2","display_name":"Kim Went","link":"https://stackoverflow.com/users/6921157/kim-went"},"is_answered":true,"view_count":376,"answer_count":1,"score":0,"last_activity_date":1645713923,"creation_date":1645682062,"question_id":71247699,"content_license":"CC BY-SA 4.0","link":"https://stackoverflow.com/questions/71247699/blazor-adds-slash-in-front-of-query-string","title":"Blazor adds slash in front of query string"},{"tags":["sql-server","database-administration"],"owner":{"account_id":9213156,"reputation":43,"user_id":8653140,"user_type":"registered","profile_image":"https://www.gravatar.com/avatar/0281fd4e7f4c57045f5f2feb33679150?s=256&d=identicon&r=PG","display_name":"soumyarjpanda","link":"https://stackoverflow.com/users/8653140/soumyarjpanda"},"is_answered":false,"view_count":958,"answer_count":0,"score":0,"last_activity_date":1645684679,"creation_date":1645682053,"last_edit_date":1645684679,"question_id":71247697,"content_license":"CC BY-SA 4.0","link":"https://stackoverflow.com/questions/71247697/linked-server-in-sql-server-throwing-error","title":"Linked Server in SQL Server Throwing Error"},{"tags":["c#","console-application",".net-assembly","class-library","assembly-resolution"],"owner":{"account_id":24356775,"reputation":1,"user_id":18291814,"user_type":"registered","profile_image":"https://www.gravatar.com/avatar/d6584d956ca1af7b9820d0f024f0f8cc?s=256&d=identicon&r=PG","display_name":"Quest","link":"https://stackoverflow.com/users/18291814/quest"},"is_answered":false,"view_count":442,"answer_count":1,"score":0,"last_activity_date":1645722710,"creation_date":1645682037,"last_edit_date":1645722308,"question_id":71247695,"content_license":"CC BY-SA 4.0","link":"https://stackoverflow.com/questions/71247695/cant-load-dll-files-as-an-embedded-resource-to-my-class-library","title":"Can&#39;t load dll files as an embedded resource to my class library"},{"tags":["spring-boot","camunda","camunda-plugin"],"owner":{"account_id":16064318,"reputation":101,"user_id":11594416,"user_type":"registered","profile_image":"https://www.gravatar.com/avatar/043563fb146f1a2fa01eb639e24e9d07?s=256&d=identicon&r=PG&f=y&so-version=2","display_name":"Vignesh","link":"https://stackoverflow.com/users/11594416/vignesh"},"is_answered":true,"view_count":376,"answer_count":1,"score":0,"last_activity_date":1645788356,"creation_date":1645682013,"question_id":71247693,"content_license":"CC BY-SA 4.0","link":"https://stackoverflow.com/questions/71247693/running-camunda-bpmn-spring-boot-using-netty-instead-of-tomcat","title":"Running Camunda BPMN Spring boot using Netty instead of Tomcat"},{"tags":["c++","linux","bgfx"],"owner":{"account_id":24070018,"reputation":71,"user_id":18046059,"user_type":"registered","profile_image":"https://lh3.googleusercontent.com/a-/AOh14Gh5Y4d6igpFZploNtuC17eDWhzk8nMbX51QZm2M=k-s256","display_name":"anuj","link":"https://stackoverflow.com/users/18046059/anuj"},"is_answered":false,"view_count":472,"answer_count":0,"score":0,"last_activity_date":1645681935,"creation_date":1645681935,"question_id":71247689,"content_license":"CC BY-SA 4.0","link":"https://stackoverflow.com/questions/71247689/rendering-an-purple-window-in-arch-linux-using-bgfx-doesnot-work","title":"Rendering an purple window in arch linux using bgfx doesnot work"},{"tags":["android","gradle","android-gradle-plugin"],"owner":{"account_id":13677373,"reputation":961,"user_id":9868485,"user_type":"registered","profile_image":"https://www.gravatar.com/avatar/0bfafcd024ab4516112f401b2021d3e8?s=256&d=identicon&r=PG&f=y&so-version=2","display_name":"code4rox","link":"https://stackoverflow.com/users/9868485/code4rox"},"is_answered":true,"view_count":969,"answer_count":1,"score":12,"last_activity_date":1645685749,"creation_date":1645681879,"question_id":71247686,"content_license":"CC BY-SA 4.0","link":"https://stackoverflow.com/questions/71247686/explain-new-format-of-top-level-gradle-file","title":"Explain new format of top level gradle file"},{"tags":["zpl"],"owner":{"account_id":7075915,"reputation":1,"user_id":5415952,"user_type":"registered","profile_image":"https://graph.facebook.com/930708080334920/picture?type=large","display_name":"Konstantin Pesotskyy","link":"https://stackoverflow.com/users/5415952/konstantin-pesotskyy"},"is_answered":false,"view_count":504,"answer_count":1,"score":-1,"last_activity_date":1645894233,"creation_date":1645681863,"question_id":71247684,"content_license":"CC BY-SA 4.0","link":"https://stackoverflow.com/questions/71247684/how-print-barcode-without-digits-with-zpl-lang","title":"How print barcode without digits with ZPL lang"},{"tags":["python","packaging","numba"],"owner":{"account_id":6621985,"reputation":1587,"user_id":7898913,"user_type":"registered","profile_image":"https://www.gravatar.com/avatar/22925378242cb93ab0bacc7e77fb0ffc?s=256&d=identicon&r=PG","display_name":"Keto","link":"https://stackoverflow.com/users/7898913/keto"},"is_answered":true,"view_count":294,"answer_count":2,"score":2,"last_activity_date":1645682940,"creation_date":1645681804,"last_edit_date":1645681971,"question_id":71247679,"content_license":"CC BY-SA 4.0","link":"https://stackoverflow.com/questions/71247679/how-to-distribute-python-package-with-numba-as-optional-dependency","title":"How to distribute Python package with Numba as optional dependency"}],"has_more":true,"quota_max":300,"quota_remaining":254}