{"items":[{"tags":["c"],"owner":{"account_id":15877275,"reputation":13,"user_id":11456112,"user_type":"registered","profile_image":"https://lh4.googleusercontent.com/-J1x9xvhzEec/AAAAAAAAAAI/AAAAAAAAACU/DdKizs5NIKo/photo.jpg?sz=256","display_name":"Kerelos Tawfik","link":"https://stackoverflow.com/users/11456112/kerelos-tawfik"},"is_answered":true,"view_count":40,"accepted_answer_id":71318125,"answer_count":1,"score":0,"last_activity_date":1646203043,"creation_date":1646200750,"last_edit_date":1646203043,"question_id":71318067,"content_license":"CC BY-SA 4.0","link":"https://stackoverflow.com/questions/71318067/fscanf-reads-string-but-when-i-copy-string-to-array-it-modifies-the-whole-array","title":"fscanf reads string but when I copy string to array it modifies the whole array"},{"tags":["python","blob"],"owner":{"account_id":22587677,"reputation":9,"user_id":16771345,"user_type":"registered","profile_image":"https://www.gravatar.com/avatar/d3a89564f147129da5f339f8de4af05c?s=256&d=identicon&r=PG&f=y&so-version=2","display_name":"Mei","link":"https://stackoverflow.com/users/16771345/mei"},"is_answered":false,"view_count":252,"answer_count":1,"score":0,"last_activity_date":1646234592,"creation_date":1646200740,"last_edit_date":1646234592,"question_id":71318066,"content_license":"CC BY-SA 4.0","link":"https://stackoverflow.com/questions/71318066/conversion-to-blob-for-many-files-in-a-directory-into-db2","title":"Conversion to blob for many files in a directory into DB2"},{"tags":["plot","nlp","loss","learning-rate","ktrain"],"owner":{"account_id":6196141,"reputation":2161,"user_id":4827407,"user_type":"registered","accept_rate":84,"profile_image":"https://lh4.googleusercontent.com/-PpeKpxZJxqA/AAAAAAAAAAI/AAAAAAAAAC0/00uLdjlJgHU/photo.jpg?sz=256","display_name":"Feng Chen","link":"https://stackoverflow.com/users/4827407/feng-chen"},"is_answered":true,"view_count":348,"accepted_answer_id":71388842,"answer_count":1,"score":0,"last_activity_date":1647037263,"creation_date":1646200738,"last_edit_date":1647037263,"question_id":71318065,"content_license":"CC BY-SA 4.0","link":"https://stackoverflow.com/questions/71318065/how-to-understand-loss-learning-rate-log-scale-plot-using-learner-lr-plot-in-k","title":"How to understand loss-learning rate (log scale) plot using learner.lr_plot in ktrain package?"},{"tags":["azure-devops","azure-pipelines-yaml","multistage-pipeline"],"owner":{"account_id":12301930,"reputation":677,"user_id":8976026,"user_type":"registered","profile_image":"https://www.gravatar.com/avatar/bd5a64d172588d9854c6915db9edc706?s=256&d=identicon&r=PG&f=y&so-version=2","display_name":"DevOpsy","link":"https://stackoverflow.com/users/8976026/devopsy"},"is_answered":true,"view_count":5433,"answer_count":4,"score":3,"last_activity_date":1663931853,"creation_date":1646200698,"last_edit_date":1646273810,"question_id":71318059,"content_license":"CC BY-SA 4.0","link":"https://stackoverflow.com/questions/71318059/azure-devops-yaml-pipelines-stage-condition-variable-syntax","title":"Azure DevOps Yaml pipelines: Stage condition variable syntax"},{"tags":["stm32"],"owner":{"account_id":24424346,"reputation":1,"user_id":18350110,"user_type":"registered","profile_image":"https://lh3.googleusercontent.com/a/AATXAJyUJ9u7ROSTndOzGQI-gQvOqz4hnK-KJUZr_fO8=k-s256","display_name":"Vee","link":"https://stackoverflow.com/users/18350110/vee"},"is_answered":false,"view_count":325,"answer_count":0,"score":0,"last_activity_date":1646200685,"creation_date":1646200685,"question_id":71318057,"content_license":"CC BY-SA 4.0","link":"https://stackoverflow.com/questions/71318057/rtc-control-register-change-by-itself-after-getrtc-and-setrtc","title":"RTC control register change by itself after GetRTC and SetRTC"},{"tags":["vim"],"owner":{"account_id":20450646,"reputation":167,"user_id":18194886,"user_type":"registered","profile_image":"https://www.gravatar.com/avatar/30d5b8e5a6d0145303a377b4743879cb?s=256&d=identicon&r=PG","display_name":"wjzkfl","link":"https://stackoverflow.com/users/18194886/wjzkfl"},"is_answered":true,"view_count":111,"accepted_answer_id":71319449,"answer_count":1,"score":1,"last_activity_date":1646209332,"creation_date":1646200628,"question_id":71318052,"content_license":"CC BY-SA 4.0","link":"https://stackoverflow.com/questions/71318052/i-am-looking-for-vim-feature-that-one-can-put-a-comment-to-editing-file-to-apply","title":"I am looking for Vim feature that one can put a comment to editing file to apply a configuation to its own file"},{"tags":["mysql","database","optimization","collation"],"owner":{"account_id":11291298,"reputation":43,"user_id":8280287,"user_type":"registered","profile_image":"https://www.gravatar.com/avatar/9489782f45945b37fac0a19c59357373?s=256&d=identicon&r=PG&f=y&so-version=2","display_name":"mansi Agrawal","link":"https://stackoverflow.com/users/8280287/mansi-agrawal"},"is_answered":false,"view_count":192,"answer_count":0,"score":0,"last_activity_date":1646200616,"creation_date":1646200616,"question_id":71318050,"content_license":"CC BY-SA 4.0","link":"https://stackoverflow.com/questions/71318050/latin1-bin-vs-latin1-general-cs-in-terms-of-performance","title":"latin1_bin vs latin1_general_cs in terms of performance"},{"tags":["reactjs"],"owner":{"account_id":85903,"reputation":33457,"user_id":239219,"user_type":"registered","accept_rate":69,"profile_image":"https://i.stack.imgur.com/DHquN.jpg?s=256&g=1","display_name":"J&#225;nos","link":"https://stackoverflow.com/users/239219/j%c3%a1nos"},"is_answered":true,"view_count":54,"answer_count":3,"score":0,"last_activity_date":1646205340,"creation_date":1646200566,"question_id":71318044,"content_license":"CC BY-SA 4.0","link":"https://stackoverflow.com/questions/71318044/why-onclick-is-not-rendered-for-html-a","title":"Why onClick is not rendered for html a?"},{"tags":["laravel","caching","redis"],"owner":{"account_id":18891827,"reputation":15,"user_id":18164348,"user_type":"registered","profile_image":"https://www.gravatar.com/avatar/e4fe2f534049cd71a0450b2660b75804?s=256&d=identicon&r=PG&f=y&so-version=2","display_name":"mikebension","link":"https://stackoverflow.com/users/18164348/mikebension"},"is_answered":false,"view_count":646,"answer_count":0,"score":0,"last_activity_date":1646200555,"creation_date":1646200555,"question_id":71318043,"content_license":"CC BY-SA 4.0","link":"https://stackoverflow.com/questions/71318043/connection-refused-tcp-127-0-0-16379-laravel-8","title":"Connection refused [tcp://127.0.0.1:6379] laravel 8"},{"tags":["arrays","json","command-line","automation","jq"],"owner":{"account_id":20854950,"reputation":67,"user_id":15318538,"user_type":"registered","profile_image":"https://lh6.googleusercontent.com/-cVsWP-GxmCo/AAAAAAAAAAI/AAAAAAAAAAA/AMZuuclLw6Bnod2fGBTlCsMa8T2JH3tU7Q/s96-c/photo.jpg?sz=256","display_name":"liteyagami","link":"https://stackoverflow.com/users/15318538/liteyagami"},"is_answered":true,"view_count":136,"accepted_answer_id":71318575,"answer_count":1,"score":2,"last_activity_date":1646204364,"creation_date":1646200452,"last_edit_date":1646202196,"question_id":71318030,"content_license":"CC BY-SA 4.0","link":"https://stackoverflow.com/questions/71318030/filter-keys-with-specific-json-values-in-json-ld-files","title":"Filter keys with specific JSON values in JSON-LD files"},{"tags":["javascript","reactjs","dictionary"],"owner":{"account_id":20752369,"reputation":41,"user_id":15239585,"user_type":"registered","profile_image":"https://lh3.googleusercontent.com/a-/AOh14Gjpq3Yvrr4N-M7VLsYnDKJ3jDjU7jCsPbdVoAeFPQ=k-s256","display_name":"Louis Aldorio","link":"https://stackoverflow.com/users/15239585/louis-aldorio"},"is_answered":false,"view_count":124,"answer_count":0,"score":1,"last_activity_date":1646200382,"creation_date":1646200382,"question_id":71318021,"content_license":"CC BY-SA 4.0","link":"https://stackoverflow.com/questions/71318021/is-it-possible-to-have-a-transparent-sea-area-in-leaflet-tilemap-from-openstr","title":"Is it possible to have a transparent &#39;sea area&#39; in leaflet, tilemap from openstreetmap?"},{"tags":["jupyter-notebook"],"owner":{"account_id":23954758,"reputation":1,"user_id":17945802,"user_type":"registered","profile_image":"https://lh3.googleusercontent.com/a-/AOh14Gjic2weib-pCuQiOnPnsGQmtu-iRpBbYWZQR1iE=k-s256","display_name":"kaveh","link":"https://stackoverflow.com/users/17945802/kaveh"},"is_answered":false,"view_count":43,"answer_count":1,"score":0,"last_activity_date":1646447089,"creation_date":1646200368,"last_edit_date":1646228164,"question_id":71318018,"content_license":"CC BY-SA 4.0","link":"https://stackoverflow.com/questions/71318018/how-can-i-solve-my-problem-by-jupyter-run-programs","title":"How can I solve my problem by jupyter run programs"},{"tags":["database","split","powerbi","powerquery"],"owner":{"account_id":19540739,"reputation":17,"user_id":14298522,"user_type":"registered","profile_image":"https://i.stack.imgur.com/Ui0Xt.jpg?s=256&g=1","display_name":"CYBER BE1NG","link":"https://stackoverflow.com/users/14298522/cyber-be1ng"},"is_answered":true,"view_count":163,"accepted_answer_id":71321810,"answer_count":2,"score":0,"last_activity_date":1646240786,"creation_date":1646200362,"question_id":71318017,"content_license":"CC BY-SA 4.0","link":"https://stackoverflow.com/questions/71318017/split-column-in-powerbi","title":"Split Column in PowerBi"},{"tags":["python","json","csv","recursion"],"owner":{"account_id":22937478,"reputation":141,"user_id":17070737,"user_type":"registered","profile_image":"https://www.gravatar.com/avatar/37f7d921d8cb84a94f89b662d24425e2?s=256&d=identicon&r=PG","display_name":"User0987","link":"https://stackoverflow.com/users/17070737/user0987"},"is_answered":false,"view_count":68,"answer_count":0,"score":0,"last_activity_date":1646202461,"creation_date":1646200357,"last_edit_date":1646202461,"question_id":71318015,"content_license":"CC BY-SA 4.0","link":"https://stackoverflow.com/questions/71318015/nested-json-to-csv-using-python-recursion","title":"Nested Json to csv using python (recursion)"},{"tags":["php","export-to-excel"],"owner":{"account_id":16236080,"reputation":11,"user_id":11723543,"user_type":"registered","profile_image":"https://www.gravatar.com/avatar/ebc05e0e56d1151579048b59a4de54c8?s=256&d=identicon&r=PG&f=y&so-version=2","display_name":"pooja khambe","link":"https://stackoverflow.com/users/11723543/pooja-khambe"},"is_answered":false,"view_count":2259,"answer_count":1,"score":1,"last_activity_date":1646420622,"creation_date":1646200347,"last_edit_date":1646420622,"question_id":71318014,"content_license":"CC BY-SA 4.0","link":"https://stackoverflow.com/questions/71318014/php-export-to-excel-column-formatting","title":"Php export to excel column formatting"},{"tags":["java","exception","nullpointerexception","jvm"],"owner":{"account_id":7909307,"reputation":409,"user_id":5973816,"user_type":"registered","profile_image":"https://lh3.googleusercontent.com/-RjPvqkf3rZw/AAAAAAAAAAI/AAAAAAAAABY/-YxB_dQMpKo/photo.jpg?sz=256","display_name":"Poison","link":"https://stackoverflow.com/users/5973816/poison"},"is_answered":true,"view_count":246,"accepted_answer_id":71375155,"answer_count":1,"score":1,"last_activity_date":1646610905,"creation_date":1646200297,"question_id":71318011,"content_license":"CC BY-SA 4.0","link":"https://stackoverflow.com/questions/71318011/how-is-the-count-of-method-executions-that-triggers-the-omitted-exception-stack","title":"How is the count of method executions that triggers the omitted exception stack frames calculated in JDK 8?"},{"tags":["reactjs","typescript","enums","typescript-generics","react-typescript"],"owner":{"account_id":13736421,"reputation":992,"user_id":9912583,"user_type":"registered","profile_image":"https://i.stack.imgur.com/CdgIw.png?s=256&g=1","display_name":"Light Yagami","link":"https://stackoverflow.com/users/9912583/light-yagami"},"is_answered":true,"view_count":2941,"accepted_answer_id":71318416,"answer_count":1,"score":2,"last_activity_date":1646203383,"creation_date":1646200281,"question_id":71318010,"content_license":"CC BY-SA 4.0","link":"https://stackoverflow.com/questions/71318010/how-to-convert-string-enum-to-enum-in-reactjs-typescript","title":"How to convert string-enum to enum in Reactjs typescript?"},{"tags":["javascript","reactjs","computer-vision"],"owner":{"account_id":16574227,"reputation":113,"user_id":11976414,"user_type":"registered","profile_image":"https://www.gravatar.com/avatar/ba6b359d92e0ecf6074536c4587bfb39?s=256&d=identicon&r=PG&f=y&so-version=2","display_name":"Anthony Humphreys","link":"https://stackoverflow.com/users/11976414/anthony-humphreys"},"is_answered":true,"view_count":2383,"accepted_answer_id":71365849,"answer_count":1,"score":3,"last_activity_date":1647013911,"creation_date":1646200258,"question_id":71318002,"content_license":"CC BY-SA 4.0","link":"https://stackoverflow.com/questions/71318002/is-there-any-way-to-crop-videos-in-javascript-with-a-crop-box-without-using-rea","title":"Is there any way to crop videos in JavaScript with a crop box, without using React or Vue?"},{"tags":["javascript","html"],"owner":{"account_id":16241671,"reputation":15,"user_id":11727817,"user_type":"registered","profile_image":"https://www.gravatar.com/avatar/c850744406076ab9e0de75134ce740a2?s=256&d=identicon&r=PG&f=y&so-version=2","display_name":"new programmer","link":"https://stackoverflow.com/users/11727817/new-programmer"},"is_answered":false,"view_count":40,"answer_count":0,"score":0,"last_activity_date":1646200207,"creation_date":1646200207,"question_id":71317997,"content_license":"CC BY-SA 4.0","link":"https://stackoverflow.com/questions/71317997/javascript-addeventlistener-will-run-more-than-once-after-several-clicking","title":"javascript addEventListener will run more than once after several clicking"},{"tags":["amazon-web-services","amazon-ec2","automation"],"owner":{"account_id":20218923,"reputation":23,"user_id":14828949,"user_type":"registered","profile_image":"https://www.gravatar.com/avatar/8daa7e3110ba4c443940baa1838a27bf?s=256&d=identicon&r=PG&f=y&so-version=2","display_name":"ecstatic_man","link":"https://stackoverflow.com/users/14828949/ecstatic-man"},"is_answered":true,"view_count":77,"accepted_answer_id":71318051,"answer_count":1,"score":0,"last_activity_date":1646207979,"creation_date":1646200207,"last_edit_date":1646207979,"question_id":71317996,"content_license":"CC BY-SA 4.0","link":"https://stackoverflow.com/questions/71317996/how-to-install-and-run-normal-desktop-applications-on-aws-machine-or-any-machin","title":"How to install and run normal desktop applications on AWS machine( or any machine without a display)"},{"tags":["flutter","gradle","build-error","bad-gateway"],"owner":{"account_id":11577430,"reputation":2755,"user_id":12902996,"user_type":"registered","profile_image":"https://i.stack.imgur.com/t1cLC.jpg?s=256&g=1","display_name":"Abir Ahsan","link":"https://stackoverflow.com/users/12902996/abir-ahsan"},"is_answered":false,"view_count":619,"answer_count":0,"score":0,"last_activity_date":1646200198,"creation_date":1646200198,"question_id":71317995,"content_license":"CC BY-SA 4.0","link":"https://stackoverflow.com/questions/71317995/flutter-project-dont-run-from-another-computer","title":"Flutter : project don&#39;t run from another computer"},{"tags":["node.js","fs"],"owner":{"account_id":24424799,"reputation":3,"user_id":18350522,"user_type":"registered","profile_image":"https://lh3.googleusercontent.com/a-/AOh14GjD2_vC-z3wQx4hu_2L3AnPY12lkPre92ac3liO=k-s256","display_name":"Owen Krause","link":"https://stackoverflow.com/users/18350522/owen-krause"},"is_answered":true,"view_count":283,"accepted_answer_id":71318898,"answer_count":1,"score":0,"last_activity_date":1646235213,"creation_date":1646200189,"last_edit_date":1646235213,"question_id":71317992,"content_license":"CC BY-SA 4.0","link":"https://stackoverflow.com/questions/71317992/fs-writefilesync-path-doesnt-make-sense-node-js","title":"fs.writeFileSync path doesn&#39;t make sense Node.js"},{"tags":["javascript","html","dom"],"owner":{"account_id":5462902,"reputation":1310,"user_id":4344420,"user_type":"registered","profile_image":"https://lh5.googleusercontent.com/-1rduRzJh2_I/AAAAAAAAAAI/AAAAAAAAAAA/9eft9_7cqjc/photo.jpg?sz=256","display_name":"Schwarz Software","link":"https://stackoverflow.com/users/4344420/schwarz-software"},"is_answered":true,"view_count":555,"accepted_answer_id":71318115,"answer_count":3,"score":1,"last_activity_date":1646202846,"creation_date":1646200130,"question_id":71317989,"content_license":"CC BY-SA 4.0","link":"https://stackoverflow.com/questions/71317989/how-do-i-replace-text-inside-a-paragraph-inside-a-div-element","title":"How do I replace text inside a paragraph inside a div element?"},{"tags":["javascript","css"],"owner":{"account_id":24093742,"reputation":45,"user_id":18066627,"user_type":"registered","profile_image":"https://lh3.googleusercontent.com/a-/AOh14GirCYMWDmhkGYg5jwmyZrl3SpiH_8I_bvG-eNZh_g=k-s256","display_name":"Asif Raza","link":"https://stackoverflow.com/users/18066627/asif-raza"},"is_answered":true,"view_count":76,"accepted_answer_id":71318034,"answer_count":1,"score":1,"last_activity_date":1646200788,"creation_date":1646200123,"question_id":71317988,"content_license":"CC BY-SA 4.0","link":"https://stackoverflow.com/questions/71317988/timer-loop-instead-of-click-event","title":"Timer loop instead of click event"},{"tags":["kettle","pentaho-data-integration","pdi"],"owner":{"account_id":5015155,"reputation":51,"user_id":5308835,"user_type":"registered","profile_image":"https://i.stack.imgur.com/Xdihg.jpg?s=256&g=1","display_name":"Mohan Rajan K","link":"https://stackoverflow.com/users/5308835/mohan-rajan-k"},"is_answered":false,"view_count":1007,"answer_count":2,"score":1,"last_activity_date":1676411772,"creation_date":1646200089,"question_id":71317983,"content_license":"CC BY-SA 4.0","link":"https://stackoverflow.com/questions/71317983/my-pentaho-etl-jobs-kjb-files-are-not-working-after-upgrading-the-pentaho-data","title":"My pentaho ETL jobs(.kjb) files are not working after upgrading the pentaho data integeration from 5.3 to 9.2"},{"tags":["php","loops"],"owner":{"account_id":22979130,"reputation":3,"user_id":18350394,"user_type":"registered","profile_image":"https://i.stack.imgur.com/B7ckS.png?s=256&g=1","display_name":"Hola","link":"https://stackoverflow.com/users/18350394/hola"},"is_answered":true,"view_count":43,"accepted_answer_id":71318088,"answer_count":2,"score":-2,"last_activity_date":1646204589,"creation_date":1646200082,"question_id":71317982,"content_license":"CC BY-SA 4.0","link":"https://stackoverflow.com/questions/71317982/how-to-arrange-an-array-in-php","title":"How to arrange an array in PHP"},{"tags":["rest","fortify"],"owner":{"account_id":7757377,"reputation":769,"user_id":5871199,"user_type":"registered","accept_rate":44,"profile_image":"https://www.gravatar.com/avatar/8c1f5fa3db4d1eb04c5ce93e33aef008?s=256&d=identicon&r=PG&f=y&so-version=2","display_name":"noob_coder","link":"https://stackoverflow.com/users/5871199/noob-coder"},"is_answered":false,"view_count":900,"answer_count":3,"score":0,"last_activity_date":1695779489,"creation_date":1646200002,"question_id":71317974,"content_license":"CC BY-SA 4.0","link":"https://stackoverflow.com/questions/71317974/how-to-create-a-new-project-and-commit-it-in-fortify-ssc-using-rest-api","title":"How to create a new project and commit it in fortify ssc using REST API"},{"tags":["ios","swift","rx-swift"],"owner":{"account_id":10366360,"reputation":93,"user_id":7645295,"user_type":"registered","profile_image":"https://i.stack.imgur.com/0dok3.png?s=256&g=1","display_name":"Harshvardhan Arora","link":"https://stackoverflow.com/users/7645295/harshvardhan-arora"},"is_answered":true,"view_count":575,"answer_count":1,"score":2,"last_activity_date":1646257749,"creation_date":1646199988,"question_id":71317969,"content_license":"CC BY-SA 4.0","link":"https://stackoverflow.com/questions/71317969/rxswift-what-if-a-behavior-subject-receives-2-values-from-different-threads-at","title":"RxSwift - What if a Behavior Subject receives 2 values from different threads at the exact same time?"},{"tags":["etl","informatica","informatica-powercenter","informatica-cloud","informatica-data-integration-hub"],"owner":{"account_id":22012450,"reputation":27,"user_id":16282510,"user_type":"registered","profile_image":"https://lh3.googleusercontent.com/a-/AOh14GiKEcEjsiFeD0D4CI95TuV--_pErkbibQuGf1LSdA=k-s256","display_name":"kumar","link":"https://stackoverflow.com/users/16282510/kumar"},"is_answered":true,"view_count":1598,"answer_count":1,"score":1,"last_activity_date":1646889412,"creation_date":1646199985,"question_id":71317968,"content_license":"CC BY-SA 4.0","link":"https://stackoverflow.com/questions/71317968/query-to-retrieve-workflow-details-from-repository-tables-in-informatica","title":"query to retrieve workflow details from repository tables in informatica?"},{"tags":["c++","templates","lambda","priority-queue"],"owner":{"account_id":24123650,"reputation":99,"user_id":18092361,"user_type":"registered","profile_image":"https://www.gravatar.com/avatar/7240ca6c45e04d67cb197e698726dc79?s=256&d=identicon&r=PG","display_name":"user589321","link":"https://stackoverflow.com/users/18092361/user589321"},"is_answered":false,"view_count":182,"answer_count":1,"score":0,"last_activity_date":1646201960,"creation_date":1646199971,"last_edit_date":1646200804,"question_id":71317967,"content_license":"CC BY-SA 4.0","link":"https://stackoverflow.com/questions/71317967/building-a-priority-queue-of-pairs","title":"Building a priority_queue of pairs"}],"has_more":true,"quota_max":300,"quota_remaining":230}