{"items":[{"tags":["c++","windows","filesystems","c++17","long-path"],"owner":{"account_id":23601455,"reputation":634,"user_id":17637875,"user_type":"registered","profile_image":"https://lh3.googleusercontent.com/a/AATXAJwBoekkucGhWkIT-vNbqjQZz_JpD0QqrOMByclR=k-s256","display_name":"ridilculous","link":"https://stackoverflow.com/users/17637875/ridilculous"},"is_answered":true,"view_count":4747,"accepted_answer_id":71603209,"answer_count":1,"score":4,"last_activity_date":1648139431,"creation_date":1648123185,"last_edit_date":1648139431,"question_id":71602123,"content_license":"CC BY-SA 4.0","link":"https://stackoverflow.com/questions/71602123/how-to-enable-long-path-aware-behavior-for-setting-the-current-directory-in-a","title":"How to enable &quot;Long Path Aware&quot; behavior for setting the current directory in a C++ windows console app"},{"tags":["swift","wkwebview","string-decoding"],"owner":{"account_id":4281215,"reputation":59,"user_id":3500523,"user_type":"registered","profile_image":"https://www.gravatar.com/avatar/68e1851b6c4b21b7f2158b0592891425?s=256&d=identicon&r=PG&f=y&so-version=2","display_name":"Chetan","link":"https://stackoverflow.com/users/3500523/chetan"},"is_answered":false,"view_count":215,"answer_count":1,"score":-1,"last_activity_date":1648127266,"creation_date":1648123176,"last_edit_date":1648125094,"question_id":71602121,"content_license":"CC BY-SA 4.0","link":"https://stackoverflow.com/questions/71602121/decoding-html-data-in-swift","title":"Decoding HTML data in swift"},{"tags":["r","tidyverse","relocate"],"owner":{"account_id":3230353,"reputation":10218,"user_id":2725773,"user_type":"registered","accept_rate":50,"profile_image":"https://www.gravatar.com/avatar/2ccd8a058889099df964f5058da6c0a8?s=256&d=identicon&r=PG&f=y&so-version=2","display_name":"deschen","link":"https://stackoverflow.com/users/2725773/deschen"},"is_answered":true,"view_count":349,"accepted_answer_id":71603330,"answer_count":4,"score":0,"last_activity_date":1648128247,"creation_date":1648123172,"last_edit_date":1648124574,"question_id":71602120,"content_license":"CC BY-SA 4.0","link":"https://stackoverflow.com/questions/71602120/move-several-chunks-of-columns-dynamically-to-another-position","title":"Move several chunks of columns dynamically to another position"},{"tags":["html","twitter-bootstrap"],"owner":{"account_id":18754915,"reputation":61,"user_id":13675157,"user_type":"registered","profile_image":"https://www.gravatar.com/avatar/127458e4c4ec154609112e1bed3bdc47?s=256&d=identicon&r=PG&f=y&so-version=2","display_name":"killuabusher","link":"https://stackoverflow.com/users/13675157/killuabusher"},"is_answered":true,"view_count":1605,"accepted_answer_id":71602194,"answer_count":2,"score":0,"last_activity_date":1648126996,"creation_date":1648123141,"last_edit_date":1648124639,"question_id":71602117,"content_license":"CC BY-SA 4.0","link":"https://stackoverflow.com/questions/71602117/how-do-i-put-two-cards-beside-each-other","title":"How do i put two cards beside each other?"},{"tags":["javascript","reactjs"],"owner":{"account_id":4686473,"reputation":69,"user_id":3793776,"user_type":"registered","profile_image":"https://www.gravatar.com/avatar/7dbffaa630000ef2839a83a7b422266e?s=256&d=identicon&r=PG&f=y&so-version=2","display_name":"Michiel","link":"https://stackoverflow.com/users/3793776/michiel"},"is_answered":true,"view_count":42,"accepted_answer_id":71602150,"answer_count":3,"score":1,"last_activity_date":1648128103,"creation_date":1648123138,"last_edit_date":1648128103,"question_id":71602115,"content_license":"CC BY-SA 4.0","link":"https://stackoverflow.com/questions/71602115/setstate-not-forcing-a-rerender-on-a-functional-component","title":"SetState not forcing a rerender on a functional component?"},{"tags":["flutter","api","dart","post","base64"],"owner":{"account_id":22132563,"reputation":131,"user_id":16383874,"user_type":"registered","profile_image":"https://www.gravatar.com/avatar/5303468c48b58deb17f9e22bc2f4b324?s=256&d=identicon&r=PG&f=y&so-version=2","display_name":"navidanchitrali","link":"https://stackoverflow.com/users/16383874/navidanchitrali"},"is_answered":true,"view_count":1653,"answer_count":1,"score":0,"last_activity_date":1648223579,"creation_date":1648123135,"question_id":71602114,"content_license":"CC BY-SA 4.0","link":"https://stackoverflow.com/questions/71602114/is-it-possible-to-decrease-the-length-of-base64-string-of-type-image-in-flutter","title":"is it possible to decrease the length of base64 string of type image in flutter?"},{"tags":["ios","in-app-purchase","testflight"],"owner":{"account_id":43766,"reputation":3746,"user_id":128083,"user_type":"registered","profile_image":"https://i.stack.imgur.com/aXUV4.png?s=256&g=1","display_name":"Ralf Ebert","link":"https://stackoverflow.com/users/128083/ralf-ebert"},"is_answered":false,"view_count":2309,"answer_count":1,"score":2,"last_activity_date":1651065529,"creation_date":1648123132,"last_edit_date":1648149093,"question_id":71602112,"content_license":"CC BY-SA 4.0","link":"https://stackoverflow.com/questions/71602112/how-to-accept-apple-media-services-terms-and-conditions-for-testflight-iap-whe","title":"How to accept “Apple Media Services Terms and Conditions&quot; for TestFlight/IAP when it always gives an &quot;no connection&quot; error?"},{"tags":["javascript","jquery","wordpress","gallery","elementor"],"owner":{"account_id":4570814,"reputation":164,"user_id":3710556,"user_type":"registered","accept_rate":20,"profile_image":"https://graph.facebook.com/100002066947348/picture?type=large","display_name":"Mego","link":"https://stackoverflow.com/users/3710556/mego"},"is_answered":false,"view_count":181,"answer_count":2,"score":0,"last_activity_date":1694003997,"creation_date":1648123073,"question_id":71602097,"content_license":"CC BY-SA 4.0","link":"https://stackoverflow.com/questions/71602097/imitate-click-with-jquery-to-get-filtered-multigallery-by-url","title":"Imitate click with jQuery to get filtered multigallery by URL"},{"tags":["github","github-enterprise"],"owner":{"account_id":13492006,"reputation":1253,"user_id":9733887,"user_type":"registered","profile_image":"https://www.gravatar.com/avatar/f8753a139969dd134cce8ebe8886fce1?s=256&d=identicon&r=PG&f=y&so-version=2","display_name":"jrz","link":"https://stackoverflow.com/users/9733887/jrz"},"is_answered":true,"view_count":731,"answer_count":1,"score":1,"last_activity_date":1648175620,"creation_date":1648123068,"question_id":71602094,"content_license":"CC BY-SA 4.0","link":"https://stackoverflow.com/questions/71602094/github-enterprise-give-read-permissions-only-for-a-specific-file-in-a-repo","title":"Github Enterprise - give read permissions only for a specific file in a repo"},{"tags":["python","pandas","dataframe","pandas-groupby"],"owner":{"account_id":5260032,"reputation":135,"user_id":4201793,"user_type":"registered","accept_rate":100,"profile_image":"https://www.gravatar.com/avatar/91f3cb0a31f6689cff89bdb106c4770d?s=256&d=identicon&r=PG&f=y&so-version=2","display_name":"Mighty God Loki","link":"https://stackoverflow.com/users/4201793/mighty-god-loki"},"is_answered":false,"view_count":29,"answer_count":1,"score":0,"last_activity_date":1648124782,"creation_date":1648123067,"question_id":71602093,"content_license":"CC BY-SA 4.0","link":"https://stackoverflow.com/questions/71602093/why-do-i-get-index-value-inside-column-value-when-i-do-pandas-groupby","title":"Why do I get index value inside column value when I do pandas groupby?"},{"tags":["dymola"],"owner":{"account_id":24342107,"reputation":25,"user_id":18279353,"user_type":"registered","profile_image":"https://www.gravatar.com/avatar/1e363dce7fc28115cefdaf1a6df739ec?s=256&d=identicon&r=PG&f=y&so-version=2","display_name":"kmaan","link":"https://stackoverflow.com/users/18279353/kmaan"},"is_answered":true,"view_count":96,"accepted_answer_id":71616347,"answer_count":1,"score":2,"last_activity_date":1648208243,"creation_date":1648123064,"question_id":71602091,"content_license":"CC BY-SA 4.0","link":"https://stackoverflow.com/questions/71602091/dymola-store-outputs-options-greyed-out","title":"Dymola Store Outputs Options Greyed Out"},{"tags":["excel","text","max","min"],"owner":{"account_id":6087592,"reputation":1476,"user_id":5803910,"user_type":"registered","profile_image":"https://www.gravatar.com/avatar/3e96477b88f83ffbe7edd8e993d8f235?s=256&d=identicon&r=PG","display_name":"NewSites","link":"https://stackoverflow.com/users/5803910/newsites"},"is_answered":true,"view_count":844,"accepted_answer_id":71602790,"answer_count":1,"score":3,"last_activity_date":1648127545,"creation_date":1648123061,"question_id":71602089,"content_license":"CC BY-SA 4.0","link":"https://stackoverflow.com/questions/71602089/excel-min-and-max-of-text-and-blanks","title":"Excel: Min and max of text and blanks"},{"tags":["r","x11"],"owner":{"account_id":472347,"reputation":4944,"user_id":880783,"user_type":"registered","accept_rate":57,"profile_image":"https://www.gravatar.com/avatar/a54c9dd0e5321a64fb06b61c83ac2f1f?s=256&d=identicon&r=PG&f=y&so-version=2","display_name":"bers","link":"https://stackoverflow.com/users/880783/bers"},"is_answered":false,"view_count":117,"answer_count":0,"score":0,"last_activity_date":1648123048,"creation_date":1648123048,"question_id":71602083,"content_license":"CC BY-SA 4.0","link":"https://stackoverflow.com/questions/71602083/why-does-gridgrid-grabexpr-try-to-open-an-x11-connection-and-how-can-i-preven","title":"Why does grid::grid.grabExpr try to open an X11 connection, and how can I prevent it?"},{"tags":[".net-core","iis","microsoft-dynamics","dynamics-nav","microsoft-dynamics-nav"],"owner":{"account_id":24673299,"reputation":21,"user_id":18568021,"user_type":"registered","profile_image":"https://lh3.googleusercontent.com/a/AATXAJwqsZeTW0RRj4zps3Lmi5r3OrYevayoiY0AcU3N=k-s256","display_name":"alexandru-cernatescu","link":"https://stackoverflow.com/users/18568021/alexandru-cernatescu"},"is_answered":true,"view_count":2105,"answer_count":1,"score":1,"last_activity_date":1648212568,"creation_date":1648123044,"question_id":71602081,"content_license":"CC BY-SA 4.0","link":"https://stackoverflow.com/questions/71602081/the-http-request-is-unauthorized-with-client-authentication-scheme-anonymous-d","title":"The HTTP request is unauthorized with client authentication scheme &#39;Anonymous&#39; Dynamics NAV"},{"tags":["python","api","jira"],"owner":{"account_id":12315702,"reputation":43,"user_id":8986102,"user_type":"registered","profile_image":"https://www.gravatar.com/avatar/5c69062c6972c393855d584f988471a1?s=256&d=identicon&r=PG&f=y&so-version=2","display_name":"Petr Simik","link":"https://stackoverflow.com/users/8986102/petr-simik"},"is_answered":false,"view_count":616,"answer_count":2,"score":1,"last_activity_date":1651478673,"creation_date":1648123042,"question_id":71602079,"content_license":"CC BY-SA 4.0","link":"https://stackoverflow.com/questions/71602079/python-jira-jira-issue-slow-performance","title":"Python JIRA jira.issue slow performance"},{"tags":["python","python-multiprocessing"],"owner":{"account_id":7475471,"reputation":75,"user_id":5682050,"user_type":"registered","profile_image":"https://www.gravatar.com/avatar/352d80eaca4c334a2726f14156115692?s=256&d=identicon&r=PG&f=y&so-version=2","display_name":"VISHAL AGGARWAL","link":"https://stackoverflow.com/users/5682050/vishal-aggarwal"},"is_answered":true,"view_count":358,"answer_count":1,"score":0,"last_activity_date":1648153133,"creation_date":1648122995,"last_edit_date":1648153133,"question_id":71602069,"content_license":"CC BY-SA 4.0","link":"https://stackoverflow.com/questions/71602069/getting-slowness-in-python-multiprocessing-pool-in-windows-as-compared-to-linux","title":"Getting slowness in Python Multiprocessing Pool in windows as compared to linux"},{"tags":["eclipse","eclipse-rcp"],"owner":{"account_id":2345895,"reputation":712,"user_id":2056168,"user_type":"registered","accept_rate":88,"profile_image":"https://i.stack.imgur.com/YZNb4.jpg?s=256&g=1","display_name":"Fabian Deitelhoff","link":"https://stackoverflow.com/users/2056168/fabian-deitelhoff"},"is_answered":false,"view_count":83,"answer_count":0,"score":0,"last_activity_date":1648122991,"creation_date":1648122991,"question_id":71602067,"content_license":"CC BY-SA 4.0","link":"https://stackoverflow.com/questions/71602067/eclipse-rcp-updating-toolbar-and-menu-entries","title":"Eclipse RCP Updating Toolbar and Menu Entries"},{"tags":["reactjs","react-router-dom"],"owner":{"account_id":24504112,"reputation":5,"user_id":18419364,"user_type":"registered","profile_image":"https://i.stack.imgur.com/K3QCe.gif?s=256&g=1","display_name":"Nabd","link":"https://stackoverflow.com/users/18419364/nabd"},"is_answered":true,"view_count":25,"accepted_answer_id":71602140,"answer_count":1,"score":0,"last_activity_date":1648123260,"creation_date":1648122989,"question_id":71602066,"content_license":"CC BY-SA 4.0","link":"https://stackoverflow.com/questions/71602066/jsx-display-page-variations-under-a-condition-of-a-boolean","title":"jsx display page variations under a condition of a boolean"},{"tags":["azure","azure-ad-b2c"],"owner":{"account_id":22032803,"reputation":1,"user_id":16299801,"user_type":"registered","profile_image":"https://lh3.googleusercontent.com/a-/AOh14GhZjxexIPIoMvV_u97aNBOS3dovdSfzcv8LWAVZ=k-s256","display_name":"Tripurari Singh","link":"https://stackoverflow.com/users/16299801/tripurari-singh"},"is_answered":false,"view_count":371,"answer_count":1,"score":0,"last_activity_date":1648640516,"creation_date":1648122975,"question_id":71602063,"content_license":"CC BY-SA 4.0","link":"https://stackoverflow.com/questions/71602063/set-b2c-change-password-redirect-for-mobile-app","title":"Set B2C change password redirect for Mobile app"},{"tags":["android","textview","android-databinding"],"owner":{"account_id":1090472,"reputation":1331,"user_id":1085216,"user_type":"registered","accept_rate":44,"profile_image":"https://i.stack.imgur.com/EjbVP.jpg?s=256&g=1","display_name":"malavika","link":"https://stackoverflow.com/users/1085216/malavika"},"is_answered":true,"view_count":282,"answer_count":1,"score":0,"last_activity_date":1648129023,"creation_date":1648122965,"question_id":71602061,"content_license":"CC BY-SA 4.0","link":"https://stackoverflow.com/questions/71602061/how-to-display-text-like-5-off-using-data-binding-in-android","title":"How to display text like (5% off) using data binding in android?"},{"tags":["python","pandas","dataframe"],"owner":{"account_id":2167396,"reputation":516,"user_id":1920212,"user_type":"registered","accept_rate":76,"profile_image":"https://www.gravatar.com/avatar/6d2aa5c2a4efca3586e419d68df146f3?s=256&d=identicon&r=PG&f=y&so-version=2","display_name":"qwerty","link":"https://stackoverflow.com/users/1920212/qwerty"},"is_answered":true,"view_count":65,"accepted_answer_id":71602520,"answer_count":1,"score":0,"last_activity_date":1648126823,"creation_date":1648122965,"last_edit_date":1648126789,"question_id":71602060,"content_license":"CC BY-SA 4.0","link":"https://stackoverflow.com/questions/71602060/split-and-join-a-column-in-dataframe","title":"Split and join a column in dataframe"},{"tags":["excel","excel-formula"],"owner":{"account_id":22263238,"reputation":143,"user_id":16494396,"user_type":"registered","profile_image":"https://www.gravatar.com/avatar/2d7d3d36ca38860daf2c1350b95f55fa?s=256&d=identicon&r=PG&f=y&so-version=2","display_name":"Chris","link":"https://stackoverflow.com/users/16494396/chris"},"is_answered":true,"view_count":964,"accepted_answer_id":71602138,"answer_count":2,"score":2,"last_activity_date":1658297606,"creation_date":1648122964,"question_id":71602059,"content_license":"CC BY-SA 4.0","link":"https://stackoverflow.com/questions/71602059/merge-stack-excel-columns-range-definition-without-vba","title":"Merge / stack excel columns range definition without VBA"},{"tags":["firebase","firebase-authentication","firebase-dynamic-links"],"owner":{"account_id":12023734,"reputation":2598,"user_id":11665178,"user_type":"registered","profile_image":"https://lh4.googleusercontent.com/-1EE6S-dIzCs/AAAAAAAAAAI/AAAAAAAAACo/VEaV4FjFjtI/photo.jpg?sz=256","display_name":"Tom3652","link":"https://stackoverflow.com/users/11665178/tom3652"},"is_answered":true,"view_count":737,"accepted_answer_id":71618884,"answer_count":1,"score":3,"last_activity_date":1648219693,"creation_date":1648122932,"question_id":71602054,"content_license":"CC BY-SA 4.0","link":"https://stackoverflow.com/questions/71602054/understanding-states-in-firebase-dynamic-links-for-authentication","title":"Understanding states in Firebase Dynamic links for Authentication"},{"tags":["vuejs2","laravel-8"],"owner":{"account_id":8074056,"reputation":89,"user_id":6085744,"user_type":"registered","accept_rate":20,"profile_image":"https://www.gravatar.com/avatar/d5b4dc771d45ba179f9614d66286c93e?s=256&d=identicon&r=PG&f=y&so-version=2","display_name":"user6085744","link":"https://stackoverflow.com/users/6085744/user6085744"},"is_answered":true,"view_count":1564,"answer_count":1,"score":0,"last_activity_date":1648548340,"creation_date":1648122923,"last_edit_date":1648548340,"question_id":71602053,"content_license":"CC BY-SA 4.0","link":"https://stackoverflow.com/questions/71602053/how-to-use-firebase-push-notification-using-laravel-and-vue-js","title":"How to use firebase push notification using laravel and vue js"},{"tags":["java","postgresql","spring-boot","spring-boot-test"],"owner":{"account_id":24513707,"reputation":3,"user_id":18427742,"user_type":"registered","profile_image":"https://lh3.googleusercontent.com/a/AATXAJwssivfBlPjI6D4tS0N6MSod9D9IS4J04D-c5Jf=k-s256","display_name":"Vaishali Agarwal","link":"https://stackoverflow.com/users/18427742/vaishali-agarwal"},"is_answered":false,"view_count":83,"answer_count":0,"score":0,"last_activity_date":1648462916,"creation_date":1648122914,"last_edit_date":1648462916,"question_id":71602051,"content_license":"CC BY-SA 4.0","link":"https://stackoverflow.com/questions/71602051/spring-boot-test-failing-to-get-data-populated-at-start-of-test","title":"Spring boot test failing to get data populated at start of test"},{"tags":["reactjs"],"owner":{"account_id":24007903,"reputation":43,"user_id":17991859,"user_type":"registered","profile_image":"https://lh3.googleusercontent.com/a/AATXAJwAErOT43nH2wi6sD94CARJAwCyMkoDvt38g8A-=k-s256","display_name":"Арам Гаспарян","link":"https://stackoverflow.com/users/17991859/%d0%90%d1%80%d0%b0%d0%bc-%d0%93%d0%b0%d1%81%d0%bf%d0%b0%d1%80%d1%8f%d0%bd"},"is_answered":false,"view_count":810,"answer_count":1,"score":0,"last_activity_date":1648123642,"creation_date":1648122896,"question_id":71602049,"content_license":"CC BY-SA 4.0","link":"https://stackoverflow.com/questions/71602049/how-can-i-style-active-link-if-i-have-grid-material-ui","title":"How can I style active Link ,if i have Grid material-ui"},{"tags":["node.js","typescript","discord.js","typeorm","typeorm-activerecord"],"owner":{"account_id":15191567,"reputation":99,"user_id":10962166,"user_type":"registered","profile_image":"https://lh4.googleusercontent.com/-uk4Q7RLEyxE/AAAAAAAAAAI/AAAAAAAAADc/JlWk_93_GgU/photo.jpg?sz=256","display_name":"PlayWolfYT","link":"https://stackoverflow.com/users/10962166/playwolfyt"},"is_answered":true,"view_count":16166,"answer_count":3,"score":6,"last_activity_date":1649402763,"creation_date":1648122894,"question_id":71602046,"content_license":"CC BY-SA 4.0","link":"https://stackoverflow.com/questions/71602046/typeorm-cannot-use-cli-with-configuration","title":"TypeORM cannot use cli with configuration"},{"tags":["c#",".net-core","entity-framework-core"],"owner":{"account_id":20801157,"reputation":306,"user_id":15277155,"user_type":"registered","profile_image":"https://www.gravatar.com/avatar/aa3e5e0666e5acc27c542113e573f340?s=256&d=identicon&r=PG&f=y&so-version=2","display_name":"Niels","link":"https://stackoverflow.com/users/15277155/niels"},"is_answered":true,"view_count":582,"accepted_answer_id":71602421,"answer_count":1,"score":0,"last_activity_date":1648124340,"creation_date":1648122880,"question_id":71602045,"content_license":"CC BY-SA 4.0","link":"https://stackoverflow.com/questions/71602045/ef-insert-a-property-with-navigation-properties-while-ignoring-the-navigation-p","title":"EF Insert a property with navigation properties, while ignoring the navigation properties recursively"},{"tags":["command-prompt","tesseract"],"owner":{"account_id":24673249,"reputation":3,"user_id":18567980,"user_type":"registered","profile_image":"https://www.gravatar.com/avatar/2e15750b24b1210682b3e84f41ec5618?s=256&d=identicon&r=PG","display_name":"SpazeBlue","link":"https://stackoverflow.com/users/18567980/spazeblue"},"is_answered":true,"view_count":392,"accepted_answer_id":71628612,"answer_count":1,"score":0,"last_activity_date":1648302580,"creation_date":1648122875,"last_edit_date":1648189297,"question_id":71602044,"content_license":"CC BY-SA 4.0","link":"https://stackoverflow.com/questions/71602044/how-do-i-convert-individual-images-within-a-folder-to-text-with-tesseract-but-k","title":"How do I convert individual images within a folder to text with Tesseract, but keep them as individual files with the same name?"},{"tags":["java","android","android-studio","kotlin","onkeyup"],"owner":{"account_id":24629819,"reputation":23,"user_id":18529181,"user_type":"registered","profile_image":"https://lh3.googleusercontent.com/a-/AOh14GilrWKds51XcffqH9c4nYnxs4jbrQM5zMejsLZM3w=k-s256","display_name":"Ayman Mazra&#39;awi","link":"https://stackoverflow.com/users/18529181/ayman-mazraawi"},"is_answered":true,"view_count":77,"answer_count":1,"score":0,"last_activity_date":1648130398,"creation_date":1648122874,"last_edit_date":1648123745,"question_id":71602043,"content_license":"CC BY-SA 4.0","link":"https://stackoverflow.com/questions/71602043/handle-press-on-volume-button-for-certain-time","title":"Handle press on volume button for certain time"}],"has_more":true,"quota_max":300,"quota_remaining":141}