{"items":[{"tags":["kotlin","google-sheets"],"owner":{"account_id":13423211,"reputation":43,"user_id":9685365,"user_type":"registered","profile_image":"https://www.gravatar.com/avatar/df324deca1bf789097893d198c76d4ca?s=256&d=identicon&r=PG&f=y&so-version=2","display_name":"Codex Guy","link":"https://stackoverflow.com/users/9685365/codex-guy"},"is_answered":true,"view_count":2490,"accepted_answer_id":70972891,"answer_count":1,"score":2,"last_activity_date":1643897986,"creation_date":1643889594,"question_id":70970892,"content_license":"CC BY-SA 4.0","link":"https://stackoverflow.com/questions/70970892/how-do-i-connect-google-sheets-as-a-database-to-a-kotlin-app","title":"How do I connect Google Sheets as a database to a Kotlin app?"},{"tags":["c++","endl"],"owner":{"account_id":5065476,"reputation":31,"user_id":4065670,"user_type":"registered","profile_image":"https://www.gravatar.com/avatar/0e78bea68d35f60cb45ea207600b57e6?s=256&d=identicon&r=PG&f=y&so-version=2","display_name":"Prasanjeet Mohanty","link":"https://stackoverflow.com/users/4065670/prasanjeet-mohanty"},"is_answered":true,"view_count":521,"accepted_answer_id":70971036,"answer_count":4,"score":1,"last_activity_date":1643956300,"creation_date":1643889570,"question_id":70970886,"content_license":"CC BY-SA 4.0","link":"https://stackoverflow.com/questions/70970886/c-endl-not-printing-new-line-when-called-from-a-method","title":"C++ endl not printing new line when called from a method"},{"tags":["c","switch-statement","conditional-statements","scanf","user-input"],"owner":{"account_id":24143458,"reputation":53,"user_id":18109395,"user_type":"registered","profile_image":"https://i.stack.imgur.com/nYKAf.jpg?s=256&g=1","display_name":"Labib Amir Salimi","link":"https://stackoverflow.com/users/18109395/labib-amir-salimi"},"is_answered":true,"view_count":117,"closed_date":1643891506,"accepted_answer_id":70970966,"answer_count":2,"score":2,"last_activity_date":1643891947,"creation_date":1643889563,"last_edit_date":1643890773,"question_id":70970884,"link":"https://stackoverflow.com/questions/70970884/why-is-my-program-not-working-when-i-change-the-order-of-inputs","closed_reason":"Duplicate","title":"Why is my program not working when I change the order of inputs?"},{"tags":["vba","ms-word"],"owner":{"account_id":10064985,"reputation":17,"user_id":7440422,"user_type":"registered","profile_image":"https://lh5.googleusercontent.com/-HNShTHNBRJc/AAAAAAAAAAI/AAAAAAAAACc/q2L5CAk2_W4/photo.jpg?sz=256","display_name":"Johnny Zhao","link":"https://stackoverflow.com/users/7440422/johnny-zhao"},"is_answered":true,"view_count":1528,"accepted_answer_id":70973724,"answer_count":2,"score":0,"last_activity_date":1645041704,"creation_date":1643889528,"last_edit_date":1644218406,"question_id":70970881,"content_license":"CC BY-SA 4.0","link":"https://stackoverflow.com/questions/70970881/how-to-execute-a-macros-across-multiple-word-documents","title":"How to execute a macros across multiple Word documents?"},{"tags":["openssl","api","c"],"migrated_from":{"other_site":{"aliases":["https://itsecurity.stackexchange.com"],"styling":{"tag_background_color":"#FFF","tag_foreground_color":"#000","link_color":"#0077CC"},"related_sites":[{"relation":"meta","api_site_parameter":"security.meta","site_url":"https://security.meta.stackexchange.com","name":"Information Security Meta Stack Exchange"},{"relation":"chat","site_url":"https://chat.stackexchange.com?tab=site&host=security.stackexchange.com","name":"Chat Stack Exchange"}],"launch_date":1310490000,"open_beta_date":1290106800,"closed_beta_date":1289502000,"site_state":"normal","high_resolution_icon_url":"https://cdn.sstatic.net/Sites/security/Img/apple-touch-icon@2.png","favicon_url":"https://cdn.sstatic.net/Sites/security/Img/favicon.ico","icon_url":"https://cdn.sstatic.net/Sites/security/Img/apple-touch-icon.png","audience":"information security professionals","site_url":"https://security.stackexchange.com","api_site_parameter":"security","logo_url":"https://cdn.sstatic.net/Sites/security/Img/logo.png","name":"Information Security","site_type":"main_site"},"on_date":1643893516,"question_id":259303},"owner":{"account_id":24133813,"reputation":480,"user_id":18101070,"user_type":"registered","profile_image":"https://www.gravatar.com/avatar/93c9baa59207f34a9c284cee4364ad5d?s=256&d=identicon&r=PG","display_name":"carce-bo","link":"https://stackoverflow.com/users/18101070/carce-bo"},"is_answered":false,"view_count":569,"answer_count":0,"score":0,"last_activity_date":1643893516,"creation_date":1643889516,"question_id":70971827,"link":"https://stackoverflow.com/questions/70971827/reference-count-increment-decrement-in-openssl-c-api","title":"Reference count increment/decrement in openssl C API"},{"tags":["python","class","oop","methods","python-class"],"owner":{"account_id":13815639,"reputation":619,"user_id":9972301,"user_type":"registered","profile_image":"https://lh5.googleusercontent.com/-vswBNKOXNuM/AAAAAAAAAAI/AAAAAAAAAPE/cSC63IE8E1Q/photo.jpg?sz=256","display_name":"Andrei Budaes","link":"https://stackoverflow.com/users/9972301/andrei-budaes"},"is_answered":true,"view_count":546,"accepted_answer_id":70971025,"answer_count":1,"score":1,"last_activity_date":1643900680,"creation_date":1643889510,"last_edit_date":1643893053,"question_id":70970877,"content_license":"CC BY-SA 4.0","link":"https://stackoverflow.com/questions/70970877/how-to-group-methods-in-python-class","title":"How to group methods in Python class?"},{"tags":["ios","realm","mongodb-realm"],"owner":{"account_id":13895387,"reputation":135,"user_id":10032380,"user_type":"registered","profile_image":"https://lh3.googleusercontent.com/-OYz9-3FXE5Y/AAAAAAAAAAI/AAAAAAAAAvc/IrZx-g3sCoE/photo.jpg?sz=256","display_name":"Igor Lebedev","link":"https://stackoverflow.com/users/10032380/igor-lebedev"},"is_answered":false,"view_count":187,"answer_count":0,"score":1,"last_activity_date":1643922232,"creation_date":1643889478,"last_edit_date":1643922232,"question_id":70970868,"content_license":"CC BY-SA 4.0","link":"https://stackoverflow.com/questions/70970868/installing-realm-hangs-or-takes-extremely-lot-of-time","title":"Installing Realm hangs (or takes extremely lot of time)"},{"tags":["github","package.json","prismjs","dependabot","yarn-lock.json"],"owner":{"account_id":10107586,"reputation":37,"user_id":7469649,"user_type":"registered","profile_image":"https://graph.facebook.com/10155020530917754/picture?type=large","display_name":"Grant Brennan","link":"https://stackoverflow.com/users/7469649/grant-brennan"},"is_answered":true,"view_count":2484,"answer_count":1,"score":2,"last_activity_date":1655483826,"creation_date":1643889466,"question_id":70970863,"content_license":"CC BY-SA 4.0","link":"https://stackoverflow.com/questions/70970863/warning-lockfile-has-incorrect-entry-for-prismjs1-24-0-ignoring-it","title":"warning Lockfile has incorrect entry for &quot;prismjs@1.24.0&quot;. Ignoring it"},{"tags":["python","import","module","package"],"owner":{"account_id":20315595,"reputation":1,"user_id":14901554,"user_type":"registered","profile_image":"https://lh3.googleusercontent.com/a-/AOh14Gi_WI1p52Jxw6cuCt-3gc_TB3dFrknGNJ-gsUQKuQ=k-s256","display_name":"Luca Melop","link":"https://stackoverflow.com/users/14901554/luca-melop"},"is_answered":false,"view_count":48,"answer_count":1,"score":0,"last_activity_date":1643889795,"creation_date":1643889458,"question_id":70970861,"content_license":"CC BY-SA 4.0","link":"https://stackoverflow.com/questions/70970861/why-get-i-this-error-message-with-this-package","title":"Why get I this error message with this package?"},{"tags":["python","cython","setuptools"],"owner":{"account_id":3838816,"reputation":1102,"user_id":3182496,"user_type":"registered","accept_rate":38,"profile_image":"https://i.stack.imgur.com/I0BH9.png?s=256&g=1","display_name":"jon_two","link":"https://stackoverflow.com/users/3182496/jon-two"},"is_answered":true,"view_count":17766,"answer_count":1,"score":25,"last_activity_date":1673467479,"creation_date":1643889449,"last_edit_date":1643899359,"question_id":70970858,"content_license":"CC BY-SA 4.0","link":"https://stackoverflow.com/questions/70970858/what-is-the-best-replacement-for-python-setup-py-install-when-cython-needs-to-be","title":"What is the best replacement for python setup.py install when Cython needs to be compiled?"},{"tags":["julia"],"owner":{"account_id":912155,"reputation":1390,"user_id":945738,"user_type":"registered","accept_rate":46,"profile_image":"https://www.gravatar.com/avatar/21995bf5ba77cc27b9fda9f8932f3756?s=256&d=identicon&r=PG&f=y&so-version=2","display_name":"armando","link":"https://stackoverflow.com/users/945738/armando"},"is_answered":true,"view_count":136,"accepted_answer_id":70970989,"answer_count":1,"score":3,"last_activity_date":1643890003,"creation_date":1643889445,"question_id":70970856,"content_license":"CC BY-SA 4.0","link":"https://stackoverflow.com/questions/70970856/julia-instantiation-concept","title":"Julia instantiation concept"},{"tags":["amazon-web-services","docker","go","amazon-elastic-beanstalk","mailhog"],"owner":{"account_id":24143508,"reputation":21,"user_id":18109439,"user_type":"registered","profile_image":"https://lh3.googleusercontent.com/a-/AOh14GiMEBPCADvM8Rb3mW-Ykzj51eSw0iSmfofnNjSH=k-s256","display_name":"Vladyslav Kulyk","link":"https://stackoverflow.com/users/18109439/vladyslav-kulyk"},"is_answered":false,"view_count":157,"answer_count":0,"score":2,"last_activity_date":1643889443,"creation_date":1643889443,"question_id":70970855,"content_license":"CC BY-SA 4.0","link":"https://stackoverflow.com/questions/70970855/aws-elastic-beanstalk-mailhog-deploy-error-reading-auth-file-open-app-bin-aut","title":"AWS Elastic Beanstalk Mailhog deploy: Error reading auth-file: open /app/bin/auth.txt: no such file or directory"},{"tags":["java","regex"],"owner":{"account_id":11465333,"reputation":4840,"user_id":8403689,"user_type":"registered","profile_image":"https://i.stack.imgur.com/jW9XD.jpg?s=256&g=1","display_name":"Imranmadbar","link":"https://stackoverflow.com/users/8403689/imranmadbar"},"is_answered":true,"view_count":970,"accepted_answer_id":70972023,"answer_count":3,"score":-1,"last_activity_date":1644559500,"creation_date":1643889424,"last_edit_date":1644559500,"question_id":70970854,"content_license":"CC BY-SA 4.0","link":"https://stackoverflow.com/questions/70970854/find-match-string-using-java-regular-expression-with-criteria","title":"Find match String using java regular expression with criteria"},{"tags":["jenkins","yaml","kubernetes-helm","gitops"],"owner":{"account_id":9186735,"reputation":1053,"user_id":6828631,"user_type":"registered","accept_rate":73,"profile_image":"https://www.gravatar.com/avatar/d8baa9b8217353848357c69e04d64fba?s=256&d=identicon&r=PG&f=y&so-version=2","display_name":"Max N.","link":"https://stackoverflow.com/users/6828631/max-n"},"is_answered":true,"view_count":2236,"accepted_answer_id":71157353,"answer_count":2,"score":0,"last_activity_date":1645098393,"creation_date":1643889408,"last_edit_date":1644099133,"question_id":70970851,"content_license":"CC BY-SA 4.0","link":"https://stackoverflow.com/questions/70970851/change-value-in-yaml-file-without-changing-the-files-structure","title":"Change value in yaml file without changing the files structure"},{"tags":["graphviz"],"owner":{"account_id":514136,"reputation":121118,"user_id":1593077,"user_type":"registered","accept_rate":49,"profile_image":"https://www.gravatar.com/avatar/10c44e0d9568e48d05708ae196ad936f?s=256&d=identicon&r=PG","display_name":"einpoklum","link":"https://stackoverflow.com/users/1593077/einpoklum"},"is_answered":true,"view_count":297,"accepted_answer_id":70970880,"answer_count":1,"score":1,"last_activity_date":1643892305,"creation_date":1643889407,"last_edit_date":1643892305,"question_id":70970849,"content_license":"CC BY-SA 4.0","link":"https://stackoverflow.com/questions/70970849/how-can-i-align-two-disconnected-nodes-in-graphviz","title":"How can I align two (disconnected) nodes in GraphViz?"},{"tags":["sql"],"owner":{"account_id":24142384,"reputation":1,"user_id":18108646,"user_type":"registered","profile_image":"https://www.gravatar.com/avatar/0ecc49e673f2e996c40c9c6910bfbf3a?s=256&d=identicon&r=PG","display_name":"luis","link":"https://stackoverflow.com/users/18108646/luis"},"is_answered":false,"view_count":42,"answer_count":1,"score":-1,"last_activity_date":1643892266,"creation_date":1643889401,"last_edit_date":1643890111,"question_id":70970847,"content_license":"CC BY-SA 4.0","link":"https://stackoverflow.com/questions/70970847/conditional-join-sql-server-with-condition","title":"Conditional join SQL Server with condition"},{"tags":["javascript","reactjs","typescript","webpack","rollup"],"owner":{"account_id":7537224,"reputation":18543,"user_id":5723098,"user_type":"registered","accept_rate":80,"profile_image":"https://i.stack.imgur.com/7SKfC.jpg?s=256&g=1","display_name":"Harshal Patil","link":"https://stackoverflow.com/users/5723098/harshal-patil"},"is_answered":false,"view_count":1220,"answer_count":1,"score":3,"last_activity_date":1657506021,"creation_date":1643889360,"question_id":70970839,"content_license":"CC BY-SA 4.0","link":"https://stackoverflow.com/questions/70970839/how-to-properly-bundle-the-react-17-library-with-new-jsx-transform-as-es-module","title":"How to properly bundle the React 17 library with new JSX transform as ES Module?"},{"tags":["java","unit-testing","quarkus","quarkus-rest-client","elasticsearch-high-level-restclient"],"owner":{"account_id":14993806,"reputation":941,"user_id":11396982,"user_type":"registered","profile_image":"https://www.gravatar.com/avatar/ddc21199c65008f3a57ae2ebf8c928f8?s=256&d=identicon&r=PG&f=y&so-version=2","display_name":"IbrahimD","link":"https://stackoverflow.com/users/11396982/ibrahimd"},"is_answered":false,"view_count":1662,"answer_count":0,"score":3,"last_activity_date":1644224731,"creation_date":1643889275,"question_id":70970827,"content_license":"CC BY-SA 4.0","link":"https://stackoverflow.com/questions/70970827/build-error-in-quarkustest-due-to-restclient","title":"Build error in QuarkusTest due to @RestClient"},{"tags":["json","mongodb","go"],"owner":{"account_id":20559521,"reputation":64,"user_id":15090325,"user_type":"registered","profile_image":"https://lh3.googleusercontent.com/a-/AOh14GjF9BW4qAm-qnRbTLoindYcrKT7IWi_6275N67FHw=k-s256","display_name":"Shakir Sadiq","link":"https://stackoverflow.com/users/15090325/shakir-sadiq"},"is_answered":true,"view_count":994,"accepted_answer_id":70971287,"answer_count":1,"score":2,"last_activity_date":1643957765,"creation_date":1643889269,"last_edit_date":1643957765,"question_id":70970825,"content_license":"CC BY-SA 4.0","link":"https://stackoverflow.com/questions/70970825/how-i-can-write-the-value-of-mongo-objectid-in-json-string-in-golang","title":"How I can write the value of mongo objectid in json string in golang"},{"tags":["ios","swift","swiftui","formatter"],"owner":{"account_id":6955172,"reputation":157,"user_id":11997939,"user_type":"registered","profile_image":"https://www.gravatar.com/avatar/4662d7b7a0311d63b623c11791c74487?s=256&d=identicon&r=PG&f=y&so-version=2","display_name":"Jessy","link":"https://stackoverflow.com/users/11997939/jessy"},"is_answered":false,"view_count":88,"answer_count":0,"score":0,"last_activity_date":1643890655,"creation_date":1643889248,"last_edit_date":1643890655,"question_id":70970819,"content_license":"CC BY-SA 4.0","link":"https://stackoverflow.com/questions/70970819/textfield-custom-formatter-failing-to-show-custom-currency-text-as-prefix","title":"Textfield custom `Formatter` failing to show custom currency text as prefix"},{"tags":["amazon-web-services","aws-lambda","amazon-textract"],"owner":{"account_id":86066,"reputation":13920,"user_id":239594,"user_type":"registered","accept_rate":62,"profile_image":"https://www.gravatar.com/avatar/ea3c658936c05de41e5bd14a6f336ef4?s=256&d=identicon&r=PG","display_name":"Ricardo Peres","link":"https://stackoverflow.com/users/239594/ricardo-peres"},"is_answered":true,"view_count":339,"answer_count":2,"score":0,"last_activity_date":1650652515,"creation_date":1643889227,"question_id":70970815,"content_license":"CC BY-SA 4.0","link":"https://stackoverflow.com/questions/70970815/is-it-possible-to-call-a-lambda-function-at-the-end-of-textract-processing","title":"Is it possible to call a lambda function at the end of Textract processing"},{"tags":["terminal","embedded-linux","spi"],"owner":{"account_id":22099785,"reputation":13,"user_id":16356436,"user_type":"registered","profile_image":"https://lh3.googleusercontent.com/a/AATXAJxw9tDZ29NganbBfwIhTSbPnIZXz3wCAdSLj-Da=k-s256","display_name":"Liamm36","link":"https://stackoverflow.com/users/16356436/liamm36"},"is_answered":false,"view_count":1872,"answer_count":0,"score":0,"last_activity_date":1643889218,"creation_date":1643889218,"question_id":70970813,"content_license":"CC BY-SA 4.0","link":"https://stackoverflow.com/questions/70970813/linux-spi-from-the-terminal","title":"Linux SPI from the terminal"},{"tags":["react-native"],"owner":{"account_id":22680141,"reputation":1,"user_id":16850590,"user_type":"registered","profile_image":"https://lh3.googleusercontent.com/a/AATXAJwLl8UC4TMcEJU4MvfzaBJ2kSxq_VL658DYK3sC=k-s256","display_name":"Kamran Shah","link":"https://stackoverflow.com/users/16850590/kamran-shah"},"is_answered":false,"view_count":659,"answer_count":1,"score":0,"last_activity_date":1643901427,"creation_date":1643889217,"last_edit_date":1643901427,"question_id":70970812,"content_license":"CC BY-SA 4.0","link":"https://stackoverflow.com/questions/70970812/how-can-i-auto-resize-an-image-to-fit-a-view-flex-box-container-in-react-nativ","title":"How can I auto-resize an image to fit a &#39;view/flex-box&#39; container in React Native?"},{"tags":["android","kotlin"],"owner":{"account_id":21025979,"reputation":87,"user_id":15451373,"user_type":"registered","profile_image":"https://www.gravatar.com/avatar/61e9640c033395e68915a86f6e15d15c?s=256&d=identicon&r=PG&f=y&so-version=2","display_name":"John Shelby","link":"https://stackoverflow.com/users/15451373/john-shelby"},"is_answered":true,"view_count":535,"accepted_answer_id":70971831,"answer_count":1,"score":0,"last_activity_date":1643893521,"creation_date":1643889214,"question_id":70970811,"content_license":"CC BY-SA 4.0","link":"https://stackoverflow.com/questions/70970811/how-can-i-handle-the-state-value-on-change-without-using-composable-in-kotlin","title":"How can I handle the state value on change without using Composable in Kotlin?"},{"tags":["javascript","node.js","api","express"],"owner":{"account_id":12889343,"reputation":795,"user_id":9321831,"user_type":"registered","profile_image":"https://www.gravatar.com/avatar/7b002cab5622e0bd8e472d458ca76121?s=256&d=identicon&r=PG&f=y&so-version=2","display_name":"Ben Johnson","link":"https://stackoverflow.com/users/9321831/ben-johnson"},"is_answered":true,"view_count":3995,"accepted_answer_id":70971552,"answer_count":1,"score":-1,"last_activity_date":1643895129,"creation_date":1643889208,"last_edit_date":1643893495,"question_id":70970808,"content_license":"CC BY-SA 4.0","link":"https://stackoverflow.com/questions/70970808/typeerror-string-charcodeat-is-not-a-function-how-to-encode-object-in-node-js","title":"TypeError: string.charCodeAt is not a function. How to encode object in node.js using express (restful api)"},{"tags":["python","class","attributes","setter"],"owner":{"account_id":9659561,"reputation":3261,"user_id":7168098,"user_type":"registered","accept_rate":36,"profile_image":"https://graph.facebook.com/10211116238159507/picture?type=large","display_name":"JFerro","link":"https://stackoverflow.com/users/7168098/jferro"},"is_answered":false,"view_count":82,"answer_count":1,"score":1,"last_activity_date":1643964624,"creation_date":1643889164,"last_edit_date":1643892629,"question_id":70970801,"content_license":"CC BY-SA 4.0","link":"https://stackoverflow.com/questions/70970801/python-class-why-do-i-get-maximum-recursion-when-trying-to-set-an-attribue-with","title":"python class: why do I get maximum recursion when trying to set an attribue with @property decorator?"},{"tags":["windows","powershell","disk","powershell-remoting"],"owner":{"account_id":24143417,"reputation":3,"user_id":18109358,"user_type":"registered","profile_image":"https://lh3.googleusercontent.com/a/AATXAJzt1a1ez-tQ3wBAyn9VcdBMWntoCarInwdV3C3Z=k-s256","display_name":"RohanKP7","link":"https://stackoverflow.com/users/18109358/rohankp7"},"is_answered":true,"view_count":359,"accepted_answer_id":70971297,"answer_count":1,"score":0,"last_activity_date":1643891882,"creation_date":1643889117,"question_id":70970793,"content_license":"CC BY-SA 4.0","link":"https://stackoverflow.com/questions/70970793/which-command-to-use-for-getting-bytes-per-cluster-and-bytes-per-file-record-seg","title":"Which command to use for getting Bytes per cluster and Bytes per File record segment data for multiple servers?"},{"tags":["python","csv","pyinstaller"],"owner":{"account_id":23757979,"reputation":19,"user_id":17773830,"user_type":"registered","profile_image":"https://www.gravatar.com/avatar/d23028d5e225b8d18789e338e9c1d853?s=256&d=identicon&r=PG&f=y&so-version=2","display_name":"Alvi Jun","link":"https://stackoverflow.com/users/17773830/alvi-jun"},"is_answered":false,"view_count":44,"answer_count":1,"score":-1,"last_activity_date":1643889336,"creation_date":1643889108,"question_id":70970791,"content_license":"CC BY-SA 4.0","link":"https://stackoverflow.com/questions/70970791/csv-newline-error-after-becoming-exe-file-using-pyinstaller","title":"CSV newline error after becoming .exe file using Pyinstaller"},{"tags":["asynchronous","ag-grid","calculated-columns","ag-grid-angular"],"owner":{"account_id":7410854,"reputation":11,"user_id":5638218,"user_type":"registered","profile_image":"https://www.gravatar.com/avatar/9836cbad9579a28d9f39094209d0918f?s=256&d=identicon&r=PG&f=y&so-version=2","display_name":"Sachin Chaudhari","link":"https://stackoverflow.com/users/5638218/sachin-chaudhari"},"is_answered":false,"view_count":379,"answer_count":0,"score":1,"last_activity_date":1643889086,"creation_date":1643889086,"question_id":70970788,"content_license":"CC BY-SA 4.0","link":"https://stackoverflow.com/questions/70970788/ag-grid-async-function-inside-valuegetter-to-calculate-cell-value-which-depends","title":"ag-grid: Async function inside valuegetter to calculate cell value which depends on other column(s)"},{"tags":["python"],"owner":{"account_id":5044158,"reputation":95,"user_id":4050708,"user_type":"registered","profile_image":"https://www.gravatar.com/avatar/d3cecd161632124a0d062b59edf0ecca?s=256&d=identicon&r=PG&f=y&so-version=2","display_name":"Yatindra Kumar Janghel","link":"https://stackoverflow.com/users/4050708/yatindra-kumar-janghel"},"is_answered":true,"view_count":52,"accepted_answer_id":70970841,"answer_count":2,"score":3,"last_activity_date":1643891621,"creation_date":1643889077,"last_edit_date":1643889676,"question_id":70970785,"content_license":"CC BY-SA 4.0","link":"https://stackoverflow.com/questions/70970785/queries-while-retrieving-data-from-list-in-python","title":"queries while retrieving data from list in python"}],"has_more":true,"quota_max":300,"quota_remaining":166}