{"items":[{"tags":["javascript","jquery"],"owner":{"account_id":5663168,"reputation":55656,"user_id":4480164,"user_type":"registered","accept_rate":73,"profile_image":"https://i.stack.imgur.com/FIrOY.png?s=256&g=1","display_name":"code-8","link":"https://stackoverflow.com/users/4480164/code-8"},"is_answered":true,"view_count":33,"accepted_answer_id":70646543,"answer_count":1,"score":2,"last_activity_date":1641856863,"creation_date":1641772754,"last_edit_date":1641856863,"question_id":70646507,"content_license":"CC BY-SA 4.0","link":"https://stackoverflow.com/questions/70646507/how-to-prevent-visitors-or-bots-submitting-a-certain-message-that-contain-a-cert","title":"How to prevent visitors or bots submitting a certain message that contain a certain string?"},{"tags":["java","android","android-fragments","android-recyclerview","retrofit"],"owner":{"account_id":9764554,"reputation":1,"user_id":7238483,"user_type":"registered","profile_image":"https://www.gravatar.com/avatar/65373b194f998ac2ea9460af6103d5b1?s=256&d=identicon&r=PG&f=y&so-version=2","display_name":"Yevhenii","link":"https://stackoverflow.com/users/7238483/yevhenii"},"is_answered":false,"view_count":257,"answer_count":1,"score":0,"last_activity_date":1642253961,"creation_date":1641772704,"question_id":70646501,"content_license":"CC BY-SA 4.0","link":"https://stackoverflow.com/questions/70646501/android-recyclerview-does-not-work-properly-with-data-from-retrofit-request","title":"Android RecyclerView does not work properly with data from retrofit request"},{"tags":["html","css","css-selectors"],"owner":{"account_id":15402208,"reputation":2482,"user_id":11111289,"user_type":"registered","profile_image":"https://lh3.googleusercontent.com/-PMhBi_EksDM/AAAAAAAAAAI/AAAAAAAAFYE/ECSCfmWL9xg/photo.jpg?sz=256","display_name":"Pierre Vieira","link":"https://stackoverflow.com/users/11111289/pierre-vieira"},"is_answered":true,"view_count":141,"closed_date":1641805781,"accepted_answer_id":70647650,"answer_count":3,"score":1,"last_activity_date":1641805862,"creation_date":1641772679,"last_edit_date":1641774059,"question_id":70646500,"link":"https://stackoverflow.com/questions/70646500/how-to-generalize-a-css-rule-to-specific-children-of-the-same-element-without-re","closed_reason":"Duplicate","title":"How to generalize a CSS rule to specific children of the same element without repeating the parent&#39;s reserved word?"},{"tags":["flutter"],"owner":{"account_id":20147735,"reputation":147,"user_id":14775829,"user_type":"registered","profile_image":"https://www.gravatar.com/avatar/3dfcf588343060bd418c730b0efd06ae?s=256&d=identicon&r=PG&f=y&so-version=2","display_name":"Monkey D. Teach","link":"https://stackoverflow.com/users/14775829/monkey-d-teach"},"is_answered":false,"view_count":517,"answer_count":0,"score":3,"last_activity_date":1641772633,"creation_date":1641772633,"question_id":70646497,"content_license":"CC BY-SA 4.0","link":"https://stackoverflow.com/questions/70646497/why-connection-with-signalr-hub-not-working-in-release-mode","title":"Why connection with SignalR Hub not working in release mode"},{"tags":["java","graalvm"],"owner":{"account_id":8259129,"reputation":11,"user_id":6211264,"user_type":"registered","profile_image":"https://www.gravatar.com/avatar/989b0dc7c8f7421b421d4e5d917fffff?s=256&d=identicon&r=PG&f=y&so-version=2","display_name":"HotFlow","link":"https://stackoverflow.com/users/6211264/hotflow"},"is_answered":false,"view_count":119,"answer_count":1,"score":1,"last_activity_date":1649935988,"creation_date":1641772623,"last_edit_date":1641782721,"question_id":70646496,"content_license":"CC BY-SA 4.0","link":"https://stackoverflow.com/questions/70646496/graalvm-build-failure-with-blocklisted-methods-are-reachable-for-runtime-compil","title":"GraalVM build failure with &quot;Blocklisted methods are reachable for runtime compilation&quot;"},{"tags":["python","recursion","linked-list","sublist","frequency-analysis"],"owner":{"account_id":10555103,"reputation":11,"user_id":7776563,"user_type":"registered","profile_image":"https://lh4.googleusercontent.com/-XvyQqhuPeuQ/AAAAAAAAAAI/AAAAAAAAABM/ALGgr-h9bFs/photo.jpg?sz=256","display_name":"Josh Boulton","link":"https://stackoverflow.com/users/7776563/josh-boulton"},"is_answered":true,"view_count":105,"answer_count":2,"score":1,"last_activity_date":1641775862,"creation_date":1641772604,"last_edit_date":1641775169,"question_id":70646494,"content_license":"CC BY-SA 4.0","link":"https://stackoverflow.com/questions/70646494/linked-lists-why-isnt-my-recursive-sublist-checker-working","title":"Linked lists: Why isn&#39;t my recursive sublist checker working?"},{"tags":["php","regex","web-scraping"],"owner":{"account_id":23885398,"reputation":1,"user_id":17885612,"user_type":"registered","profile_image":"https://www.gravatar.com/avatar/2405b7b245b97d4dacd9496ba86cf04c?s=256&d=identicon&r=PG","display_name":"Jed","link":"https://stackoverflow.com/users/17885612/jed"},"is_answered":false,"view_count":57,"answer_count":1,"score":-2,"last_activity_date":1641833046,"creation_date":1641772498,"last_edit_date":1641833046,"question_id":70646487,"content_license":"CC BY-SA 4.0","link":"https://stackoverflow.com/questions/70646487/php-preg-match-subpattern-captures-too-much-text-too-greedy","title":"PHP preg_match subpattern captures too much text (too greedy)"},{"tags":["arrays","regex","google-sheets","excel-formula","substitution"],"owner":{"account_id":1707213,"reputation":469,"user_id":1776299,"user_type":"registered","accept_rate":40,"profile_image":"https://www.gravatar.com/avatar/41f067747ef386a134bef5329b8e8c97?s=256&d=identicon&r=PG","display_name":"jobiin","link":"https://stackoverflow.com/users/1776299/jobiin"},"is_answered":true,"view_count":872,"accepted_answer_id":70646509,"answer_count":1,"score":-1,"last_activity_date":1641778273,"creation_date":1641772480,"last_edit_date":1641778273,"question_id":70646486,"content_license":"CC BY-SA 4.0","link":"https://stackoverflow.com/questions/70646486/google-sheets-replace-spaces-with-remove-parentheses-and-periods","title":"Google Sheets replace spaces with -, remove parentheses and periods"},{"tags":["python","linux","operating-system"],"owner":{"account_id":17740149,"reputation":21,"user_id":12880704,"user_type":"registered","profile_image":"https://i.stack.imgur.com/f1WNY.jpg?s=256&g=1","display_name":"salem","link":"https://stackoverflow.com/users/12880704/salem"},"is_answered":false,"view_count":131,"answer_count":0,"score":0,"last_activity_date":1641772463,"creation_date":1641772463,"question_id":70646484,"content_license":"CC BY-SA 4.0","link":"https://stackoverflow.com/questions/70646484/very-large-memory-used-by-processes","title":"very large memory used by processes"},{"tags":["vba","ms-access"],"owner":{"account_id":9186847,"reputation":89,"user_id":10204021,"user_type":"registered","profile_image":"https://www.gravatar.com/avatar/7e51c2ffde25445f7db5498aa5db541f?s=256&d=identicon&r=PG&f=y&so-version=2","display_name":"Collette jorike","link":"https://stackoverflow.com/users/10204021/collette-jorike"},"is_answered":true,"view_count":109,"answer_count":1,"score":0,"last_activity_date":1641818012,"creation_date":1641772456,"last_edit_date":1641778083,"question_id":70646483,"content_license":"CC BY-SA 4.0","link":"https://stackoverflow.com/questions/70646483/how-to-reference-a-global-value-without-getting-object-variable-or-with-block-n","title":"How to reference a global value without getting &quot;object variable or with block not set&quot; error?"},{"tags":["python-3.x","file-not-found"],"owner":{"account_id":23885486,"reputation":35,"user_id":17885693,"user_type":"registered","profile_image":"https://www.gravatar.com/avatar/97b5ad7653fe0fa42e0934f95152508f?s=256&d=identicon&r=PG","display_name":"claudiae ","link":"https://stackoverflow.com/users/17885693/claudiae"},"is_answered":true,"view_count":1481,"accepted_answer_id":70658552,"answer_count":1,"score":2,"last_activity_date":1641846671,"creation_date":1641772426,"question_id":70646480,"content_license":"CC BY-SA 4.0","link":"https://stackoverflow.com/questions/70646480/iterating-through-directory-error-filenotfounderror-errno-2-no-such-file-or","title":"Iterating through directory error: FileNotFoundError: [Errno 2] No such file or directory"},{"tags":["flutter"],"owner":{"account_id":23640293,"reputation":19,"user_id":17670631,"user_type":"registered","profile_image":"https://lh3.googleusercontent.com/a/AATXAJxUa9YjyoXsaJvUsY62c4RIo56DmLaI5bLzVUDO=k-s256","display_name":"user17670631","link":"https://stackoverflow.com/users/17670631/user17670631"},"is_answered":false,"view_count":143,"answer_count":1,"score":0,"last_activity_date":1642125729,"creation_date":1641772419,"last_edit_date":1642125729,"question_id":70646479,"content_license":"CC BY-SA 4.0","link":"https://stackoverflow.com/questions/70646479/im-trying-to-implementation-facebook-sdk-using-firebase-but-i-keep-getting-an-e","title":"I&#39;m trying to implementation Facebook SDK using Firebase but I keep getting an error on the when I copy this code in the correct spot"},{"tags":["python","outlook","date-formatting"],"owner":{"account_id":23300120,"reputation":59,"user_id":17380898,"user_type":"registered","profile_image":"https://lh3.googleusercontent.com/a/AATXAJyUjw2YCHC6vCA1bfXPIu6V3XC9xAvP-xDnDxYW=k-s256","display_name":"JSL","link":"https://stackoverflow.com/users/17380898/jsl"},"is_answered":false,"view_count":771,"answer_count":2,"score":0,"last_activity_date":1641856123,"creation_date":1641772201,"last_edit_date":1641856123,"question_id":70646468,"content_license":"CC BY-SA 4.0","link":"https://stackoverflow.com/questions/70646468/retrieve-outlook-email-messages-by-range-of-time","title":"Retrieve Outlook email messages by range of time"},{"tags":["reactjs","jsx","antd"],"owner":{"account_id":19214771,"reputation":559,"user_id":14039739,"user_type":"registered","profile_image":"https://www.gravatar.com/avatar/88bda6e680f71babca758bfb27f73f05?s=256&d=identicon&r=PG&f=y&so-version=2","display_name":"personwholikestocode","link":"https://stackoverflow.com/users/14039739/personwholikestocode"},"is_answered":true,"view_count":2631,"accepted_answer_id":70647512,"answer_count":1,"score":0,"last_activity_date":1641785596,"creation_date":1641772182,"question_id":70646467,"content_license":"CC BY-SA 4.0","link":"https://stackoverflow.com/questions/70646467/how-to-resize-width-of-ant-design-modal-based-on-different-screen-sizes","title":"How to resize width of Ant Design modal based on different screen sizes?"},{"tags":["python","python-3.x","function","list-comprehension"],"owner":{"account_id":22097041,"reputation":1263,"user_id":16354132,"user_type":"registered","profile_image":"https://www.gravatar.com/avatar/b3573ae6ec712485fb0eda8f049e0d84?s=256&d=identicon&r=PG&f=y&so-version=2","display_name":"Mathica","link":"https://stackoverflow.com/users/16354132/mathica"},"is_answered":true,"view_count":219,"accepted_answer_id":70646495,"answer_count":1,"score":-1,"last_activity_date":1641775682,"creation_date":1641772121,"last_edit_date":1641775682,"question_id":70646460,"content_license":"CC BY-SA 4.0","link":"https://stackoverflow.com/questions/70646460/problem-with-sorted-phone-numbers-from-hackerrank","title":"Problem with sorted phone numbers from hackerrank"},{"tags":["ruby-on-rails"],"owner":{"account_id":2227393,"reputation":2333,"user_id":1965817,"user_type":"registered","accept_rate":72,"profile_image":"https://i.stack.imgur.com/1t9U1.jpg?s=256&g=1","display_name":"lkartono","link":"https://stackoverflow.com/users/1965817/lkartono"},"is_answered":true,"view_count":33,"accepted_answer_id":70646525,"answer_count":1,"score":1,"last_activity_date":1642018080,"creation_date":1641771837,"last_edit_date":1642018080,"question_id":70646444,"content_license":"CC BY-SA 4.0","link":"https://stackoverflow.com/questions/70646444/rails-weird-behavior-when-getting-last-record-while-ordering","title":"Rails: weird behavior when getting last record while ordering"},{"tags":["html","css"],"owner":{"account_id":23795568,"reputation":23,"user_id":17806452,"user_type":"registered","profile_image":"https://lh3.googleusercontent.com/a-/AOh14GhGCNUa8BraxyorHLpSt7qMNlOxwcCL2Wvfn6L4=k-s256","display_name":"Allan T","link":"https://stackoverflow.com/users/17806452/allan-t"},"is_answered":true,"view_count":38,"answer_count":2,"score":0,"last_activity_date":1641772159,"creation_date":1641771787,"question_id":70646442,"content_license":"CC BY-SA 4.0","link":"https://stackoverflow.com/questions/70646442/how-to-target-the-certain-divs-within-divs-in-html-css","title":"How to target the certain divs within divs in html/css"},{"tags":["python","pandas","tensorflow"],"owner":{"account_id":15183987,"reputation":3,"user_id":10956541,"user_type":"registered","profile_image":"https://lh5.googleusercontent.com/-NKGSLjtdWPg/AAAAAAAAAAI/AAAAAAAAAGQ/Zeb5dUKeYZo/photo.jpg?sz=256","display_name":"FSTD3AD","link":"https://stackoverflow.com/users/10956541/fstd3ad"},"is_answered":true,"view_count":66,"accepted_answer_id":70646564,"answer_count":1,"score":-1,"last_activity_date":1642087455,"creation_date":1641771761,"last_edit_date":1642087455,"question_id":70646441,"content_license":"CC BY-SA 4.0","link":"https://stackoverflow.com/questions/70646441/im-still-learning-a-i-and-trying-to-create-a-linear-regression-algorithm-model","title":"I&#39;m still learning A.I and trying to create a Linear Regression algorithm model, but I keep getting KeyError when trying to pop a column"},{"tags":["discord.py"],"owner":{"account_id":22598499,"reputation":108,"user_id":16780427,"user_type":"registered","profile_image":"https://www.gravatar.com/avatar/c2a07fd831186fcaa505d5ebd5dd4d31?s=256&d=identicon&r=PG&f=y&so-version=2","display_name":"yet-it-compiles","link":"https://stackoverflow.com/users/16780427/yet-it-compiles"},"is_answered":true,"view_count":230,"accepted_answer_id":70647626,"answer_count":1,"score":0,"last_activity_date":1641792526,"creation_date":1641771702,"question_id":70646436,"content_license":"CC BY-SA 4.0","link":"https://stackoverflow.com/questions/70646436/how-to-auto-update-channel-name-using-discord-py","title":"How to auto update channel name using Discord.py"},{"tags":["asp.net-core","custom-attributes","action-filter","custom-action-filter"],"owner":{"account_id":23829074,"reputation":105,"user_id":17835631,"user_type":"registered","profile_image":"https://lh3.googleusercontent.com/a-/AOh14Gjspq2pmKJKf8Ty9Y8pBxW_6vDtlU1tCsqap_iT=k-s256","display_name":"MedoofromEgypt","link":"https://stackoverflow.com/users/17835631/medoofromegypt"},"is_answered":true,"view_count":511,"accepted_answer_id":70646530,"answer_count":1,"score":2,"last_activity_date":1641774492,"creation_date":1641771694,"last_edit_date":1641774492,"question_id":70646435,"content_license":"CC BY-SA 4.0","link":"https://stackoverflow.com/questions/70646435/is-it-possible-to-redirect-to-another-action-using-a-custom-action-filter","title":"Is it possible to redirect to another action using a custom action filter?"},{"tags":["python","pandas"],"owner":{"account_id":19063932,"reputation":135,"user_id":13919405,"user_type":"registered","profile_image":"https://www.gravatar.com/avatar/5e2256bcd932655efceb34088af620ac?s=256&d=identicon&r=PG&f=y&so-version=2","display_name":"mtm1186","link":"https://stackoverflow.com/users/13919405/mtm1186"},"is_answered":true,"view_count":482,"accepted_answer_id":70647825,"answer_count":1,"score":-1,"last_activity_date":1641790108,"creation_date":1641771638,"question_id":70646434,"content_license":"CC BY-SA 4.0","link":"https://stackoverflow.com/questions/70646434/function-to-replace-values-in-columns-with-column-headers-pandas","title":"Function to replace values in columns with Column Headers (Pandas)"},{"tags":["python","scope","dynamic-programming","python-nonlocal"],"owner":{"account_id":12993684,"reputation":303,"user_id":9458268,"user_type":"registered","profile_image":"https://lh3.googleusercontent.com/-XdUIqdMkCWA/AAAAAAAAAAI/AAAAAAAAAAA/4252rscbv5M/photo.jpg?sz=256","display_name":"Cl&#233;ment Dato","link":"https://stackoverflow.com/users/9458268/cl%c3%a9ment-dato"},"is_answered":true,"view_count":276,"closed_date":1662806618,"accepted_answer_id":70646451,"answer_count":1,"score":0,"last_activity_date":1641772541,"creation_date":1641771625,"last_edit_date":1641772541,"question_id":70646432,"link":"https://stackoverflow.com/questions/70646432/dynamically-binding-nonlocal-variables","closed_reason":"Duplicate","title":"Dynamically binding nonlocal variables"},{"tags":["javascript","css","reactjs","material-ui","scrollbar"],"owner":{"account_id":19537098,"reputation":55,"user_id":14295652,"user_type":"registered","profile_image":"https://lh3.googleusercontent.com/a-/AOh14Gh1xdCGrIqNGGAGmY53pnaqdFSJ2MdeH-j2o_lXDg=k-s256","display_name":"Tawpik Talat","link":"https://stackoverflow.com/users/14295652/tawpik-talat"},"is_answered":false,"view_count":4896,"answer_count":1,"score":2,"last_activity_date":1654176701,"creation_date":1641771429,"question_id":70646422,"content_license":"CC BY-SA 4.0","link":"https://stackoverflow.com/questions/70646422/how-to-customize-scrollbar-in-material-ui","title":"How to customize scrollbar in Material UI?"},{"tags":["javascript","reactjs","react-router-dom"],"owner":{"account_id":14078467,"reputation":1301,"user_id":10170117,"user_type":"registered","profile_image":"https://lh5.googleusercontent.com/-X2FLPrMqJjw/AAAAAAAAAAI/AAAAAAAAAC4/Bfu4GMBIYqg/photo.jpg?sz=256","display_name":"scripter","link":"https://stackoverflow.com/users/10170117/scripter"},"is_answered":true,"view_count":60518,"accepted_answer_id":70646548,"answer_count":4,"score":54,"last_activity_date":1675188955,"creation_date":1641771425,"question_id":70646421,"content_license":"CC BY-SA 4.0","link":"https://stackoverflow.com/questions/70646421/how-to-listen-for-route-change-in-react-router-dom-v6","title":"how to listen for route change in react-router-dom v6"},{"tags":["azure","github-actions","azure-resource-manager","azure-keyvault","azure-bicep"],"owner":{"account_id":3621884,"reputation":137,"user_id":3020394,"user_type":"registered","profile_image":"https://www.gravatar.com/avatar/b2fd65e357dc47898ad4a7d9039440f3?s=256&d=identicon&r=PG&f=y&so-version=2","display_name":"Ahsin Shabbir","link":"https://stackoverflow.com/users/3020394/ahsin-shabbir"},"is_answered":true,"view_count":377,"accepted_answer_id":70649305,"answer_count":1,"score":0,"last_activity_date":1643115707,"creation_date":1641771396,"last_edit_date":1643115707,"question_id":70646417,"content_license":"CC BY-SA 4.0","link":"https://stackoverflow.com/questions/70646417/azure-arm-templates-in-github-actions-keyvault-policies","title":"Azure ARM templates in Github Actions Keyvault Policies"},{"tags":["reactjs","react-hooks","use-ref","react-hooks-testing-library"],"owner":{"account_id":12211894,"reputation":9,"user_id":8913439,"user_type":"registered","profile_image":"https://i.stack.imgur.com/FI2uD.jpg?s=256&g=1","display_name":"Marcos Saucedo","link":"https://stackoverflow.com/users/8913439/marcos-saucedo"},"is_answered":true,"view_count":1460,"accepted_answer_id":70646443,"answer_count":1,"score":0,"last_activity_date":1641772141,"creation_date":1641771395,"question_id":70646416,"content_license":"CC BY-SA 4.0","link":"https://stackoverflow.com/questions/70646416/how-can-i-grab-multiple-mapped-elements-using-useref","title":"How can I grab multiple mapped elements using useRef?"},{"tags":["python","nlp"],"owner":{"account_id":2824799,"reputation":1039,"user_id":2427661,"user_type":"registered","profile_image":"https://i.stack.imgur.com/sm9sr.jpg?s=256&g=1","display_name":"Yashwanth Gurrapu","link":"https://stackoverflow.com/users/2427661/yashwanth-gurrapu"},"is_answered":false,"view_count":38,"answer_count":1,"score":0,"last_activity_date":1643343048,"creation_date":1641771366,"question_id":70646415,"content_license":"CC BY-SA 4.0","link":"https://stackoverflow.com/questions/70646415/identify-the-after-word-given-with-word-as-input-in-nlp-using-collocation","title":"Identify the after word given with word as input in NLP using collocation?"},{"tags":["google-sheets","conditional-formatting"],"owner":{"account_id":15885890,"reputation":1825,"user_id":11462274,"user_type":"registered","profile_image":"https://i.stack.imgur.com/7rGsW.jpg?s=256&g=1","display_name":"Digital Farmer","link":"https://stackoverflow.com/users/11462274/digital-farmer"},"is_answered":true,"view_count":335,"accepted_answer_id":70666004,"answer_count":2,"score":1,"last_activity_date":1655667422,"creation_date":1641771340,"last_edit_date":1641917099,"question_id":70646412,"content_license":"CC BY-SA 4.0","link":"https://stackoverflow.com/questions/70646412/how-to-generate-very-sharp-color-scale-for-below-zero-and-above-zero","title":"How to generate very sharp color scale for below zero and above zero?"},{"tags":["javascript","reactjs","loops"],"owner":{"account_id":21209610,"reputation":132,"user_id":15598509,"user_type":"registered","profile_image":"https://lh3.googleusercontent.com/-GdfG3JpeRrs/AAAAAAAAAAI/AAAAAAAAAAA/AMZuucmD3Mj9KE9SBLal073iQw4Tsohc3g/s96-c/photo.jpg?sz=256","display_name":"Hiba abdel karim","link":"https://stackoverflow.com/users/15598509/hiba-abdel-karim"},"is_answered":true,"view_count":240,"accepted_answer_id":70646569,"answer_count":1,"score":0,"last_activity_date":1641773530,"creation_date":1641771295,"last_edit_date":1641773263,"question_id":70646409,"content_license":"CC BY-SA 4.0","link":"https://stackoverflow.com/questions/70646409/break-map-loop-inside-return-in-component","title":"Break map loop inside return in component"},{"tags":["kotlin","language-features"],"owner":{"account_id":20260730,"reputation":149,"user_id":14859162,"user_type":"registered","profile_image":"https://www.gravatar.com/avatar/417484306eb54462ded1c6f67e9a4f6a?s=256&d=identicon&r=PG&f=y&so-version=2","display_name":"Alphasaft","link":"https://stackoverflow.com/users/14859162/alphasaft"},"is_answered":true,"view_count":81,"closed_date":1641823740,"answer_count":2,"score":0,"last_activity_date":1641773418,"creation_date":1641771243,"last_edit_date":1641773418,"question_id":70646406,"link":"https://stackoverflow.com/questions/70646406/how-about-this-as-a-type","closed_reason":"Not suitable for this site","title":"How about &quot;this&quot; as a type?"}],"has_more":true,"quota_max":300,"quota_remaining":264}