{"items":[{"tags":["c#","unity-game-engine"],"owner":{"account_id":25148003,"reputation":5,"user_id":18993547,"user_type":"registered","profile_image":"https://lh3.googleusercontent.com/a/AATXAJy9-m8tS1EU_FR7LwM77kEVB9sUUs8OQU1sbgL4=k-s256","display_name":"aemeny","link":"https://stackoverflow.com/users/18993547/aemeny"},"is_answered":true,"view_count":909,"accepted_answer_id":72079202,"answer_count":2,"score":0,"last_activity_date":1651428653,"creation_date":1651427981,"last_edit_date":1651428568,"question_id":72079182,"content_license":"CC BY-SA 4.0","link":"https://stackoverflow.com/questions/72079182/how-to-move-child-object-to-parents-location","title":"How to move child object to parent&#39;s location?"},{"tags":["sockets","websocket","socket.io","flask-socketio","python-sockets"],"owner":{"account_id":20947323,"reputation":66,"user_id":15389867,"user_type":"registered","profile_image":"https://www.gravatar.com/avatar/fe6719f6e35e1f1ae80393071f0fa2cf?s=256&d=identicon&r=PG&f=y&so-version=2","display_name":"Yewgen_Dom","link":"https://stackoverflow.com/users/15389867/yewgen-dom"},"is_answered":true,"view_count":2849,"answer_count":1,"score":1,"last_activity_date":1651486358,"creation_date":1651427977,"last_edit_date":1651428423,"question_id":72079180,"content_license":"CC BY-SA 4.0","link":"https://stackoverflow.com/questions/72079180/how-auth-works-with-socketio","title":"How Auth works with SocketIO?"},{"tags":["docker","docker-compose","next.js","yarnpkg","swc-compiler"],"owner":{"account_id":5290071,"reputation":639,"user_id":4222929,"user_type":"registered","accept_rate":85,"profile_image":"https://www.gravatar.com/avatar/b2d6da7efbf062debbad145947cbfc8b?s=256&d=identicon&r=PG&f=y&so-version=2","display_name":"Sean","link":"https://stackoverflow.com/users/4222929/sean"},"is_answered":true,"view_count":3275,"answer_count":1,"score":0,"last_activity_date":1651687983,"creation_date":1651427964,"question_id":72079179,"content_license":"CC BY-SA 4.0","link":"https://stackoverflow.com/questions/72079179/developing-next-js-with-swc-minify-in-docker-with-bind-mount-and-yarn-3-missing","title":"Developing Next.js with SWC minify in Docker with bind mount and Yarn 3: missing swc-linux-x64-gnu linux binary"},{"tags":["c++","memory","queue","buffer"],"owner":{"account_id":1035836,"reputation":842,"user_id":1043152,"user_type":"registered","accept_rate":60,"profile_image":"https://i.stack.imgur.com/R4HNs.png?s=256&g=1","display_name":"JATothrim","link":"https://stackoverflow.com/users/1043152/jatothrim"},"is_answered":false,"view_count":135,"answer_count":0,"score":0,"last_activity_date":1651431192,"creation_date":1651427952,"last_edit_date":1651431192,"question_id":72079177,"content_license":"CC BY-SA 4.0","link":"https://stackoverflow.com/questions/72079177/c-paged-byte-queue","title":"c++ paged byte queue"},{"tags":["python","pandas","numpy","tensorflow","bert-language-model"],"owner":{"account_id":25166170,"reputation":11,"user_id":19009688,"user_type":"registered","profile_image":"https://lh3.googleusercontent.com/a/AATXAJwM1v8ilHAohgJfzgCu8sDrIJvqnCCLtRLzDQWv=k-s256","display_name":"Aidan O&#39;Rourke","link":"https://stackoverflow.com/users/19009688/aidan-orourke"},"is_answered":true,"view_count":295,"accepted_answer_id":72101539,"answer_count":1,"score":1,"last_activity_date":1651590599,"creation_date":1651427914,"question_id":72079172,"content_license":"CC BY-SA 4.0","link":"https://stackoverflow.com/questions/72079172/scikit-learn-fit-setting-an-array-element-with-a-sequence-fit","title":"Scikit Learn fit(): Setting an array element with a sequence fit"},{"tags":["typescript","react-navigation"],"owner":{"account_id":9046907,"reputation":157,"user_id":6738831,"user_type":"registered","profile_image":"https://i.stack.imgur.com/LhkGB.jpg?s=256&g=1","display_name":"Chip","link":"https://stackoverflow.com/users/6738831/chip"},"is_answered":true,"view_count":384,"answer_count":1,"score":0,"last_activity_date":1661332507,"creation_date":1651427898,"question_id":72079169,"content_license":"CC BY-SA 4.0","link":"https://stackoverflow.com/questions/72079169/react-navigation-typescript-narrow-route-params-properly-with-2-different-param","title":"React Navigation Typescript narrow route params properly with 2 different param type options"},{"tags":["r","casting","posixct"],"owner":{"account_id":24929191,"reputation":11,"user_id":18796525,"user_type":"registered","profile_image":"https://www.gravatar.com/avatar/4290ae08943c0c335658239e5590929c?s=256&d=identicon&r=PG&f=y&so-version=2","display_name":"Jamar Wilson","link":"https://stackoverflow.com/users/18796525/jamar-wilson"},"is_answered":true,"view_count":40,"answer_count":1,"score":1,"last_activity_date":1651439045,"creation_date":1651427851,"last_edit_date":1651439045,"question_id":72079163,"content_license":"CC BY-SA 4.0","link":"https://stackoverflow.com/questions/72079163/how-do-i-cast-char-into-correct-format-as-posixct-i-believe","title":"How do I cast Char into correct format (as.POSIXct) I believe"},{"tags":["python","arrays","python-3.x","list","sorting"],"owner":{"account_id":12343034,"reputation":29,"user_id":9005366,"user_type":"registered","profile_image":"https://www.gravatar.com/avatar/51c67b281d23b90e47619b811f4ea5ea?s=256&d=identicon&r=PG&f=y&so-version=2","display_name":"TwistedXion","link":"https://stackoverflow.com/users/9005366/twistedxion"},"is_answered":true,"view_count":37,"accepted_answer_id":72079184,"answer_count":2,"score":0,"last_activity_date":1651428153,"creation_date":1651427823,"question_id":72079160,"content_license":"CC BY-SA 4.0","link":"https://stackoverflow.com/questions/72079160/why-is-this-function-not-returning-the-correct-number-from-the-array","title":"Why is this function not returning the correct number from the array"},{"tags":["python","string","list"],"owner":{"account_id":24895312,"reputation":3,"user_id":18766637,"user_type":"registered","profile_image":"https://lh3.googleusercontent.com/a/AATXAJy5Bc9-jbd1aLnCu6QRYQI-yneexunJ7yZ7Ld1i=k-s256","display_name":"Crypto Circle","link":"https://stackoverflow.com/users/18766637/crypto-circle"},"is_answered":true,"view_count":62,"accepted_answer_id":72079196,"answer_count":2,"score":0,"last_activity_date":1651431153,"creation_date":1651427820,"question_id":72079159,"content_license":"CC BY-SA 4.0","link":"https://stackoverflow.com/questions/72079159/how-to-split-a-string-in-equal-chunks-at-certain-character-in-python","title":"How to split a string in equal chunks at certain character in Python?"},{"tags":["ios","xcode","react-native"],"owner":{"account_id":18478152,"reputation":1002,"user_id":13461401,"user_type":"registered","profile_image":"https://lh3.googleusercontent.com/a-/AOh14GhBIN6aoViuIfNh3i99pgIfn6IYlp-BJtN3uvGt=k-s256","display_name":"Jacopo Mosconi","link":"https://stackoverflow.com/users/13461401/jacopo-mosconi"},"is_answered":false,"view_count":3992,"answer_count":0,"score":1,"last_activity_date":1651431340,"creation_date":1651427803,"last_edit_date":1651431340,"question_id":72079157,"content_license":"CC BY-SA 4.0","link":"https://stackoverflow.com/questions/72079157/react-native-ios-typedef-redefinition-with-different-types-vs-enum-clockid-t","title":"react-native ios &quot;typedef redefinition with different types vs &#39;enum clockid_t&#39;)&quot;"},{"tags":["python","tensorflow","jupyter-notebook"],"owner":{"account_id":24965500,"reputation":1,"user_id":18829063,"user_type":"registered","profile_image":"https://www.gravatar.com/avatar/ae3ab0481fdee1553ff39bcd8950a01d?s=256&d=identicon&r=PG","display_name":"batuhan","link":"https://stackoverflow.com/users/18829063/batuhan"},"is_answered":false,"view_count":617,"answer_count":0,"score":0,"last_activity_date":1661050481,"creation_date":1651427792,"last_edit_date":1651428827,"question_id":72079155,"content_license":"CC BY-SA 4.0","link":"https://stackoverflow.com/questions/72079155/jupyter-tensorflow-gpu-crash","title":"Jupyter Tensorflow GPU Crash"},{"tags":["c++"],"owner":{"account_id":25166144,"reputation":1,"user_id":19009665,"user_type":"registered","profile_image":"https://www.gravatar.com/avatar/b4fd34eb5135e48430fe5c6c221deea2?s=256&d=identicon&r=PG","display_name":"Edmunoz1030","link":"https://stackoverflow.com/users/19009665/edmunoz1030"},"is_answered":false,"view_count":54,"answer_count":0,"score":0,"last_activity_date":1651428347,"creation_date":1651427779,"last_edit_date":1651428347,"question_id":72079152,"content_license":"CC BY-SA 4.0","link":"https://stackoverflow.com/questions/72079152/program-skips-over-user-input","title":"program skips over user input"},{"tags":["regex","google-apps-script","google-sheets"],"owner":{"account_id":25166044,"reputation":1,"user_id":19009578,"user_type":"registered","profile_image":"https://www.gravatar.com/avatar/0ae9bddb5bf3c50ce2fbf6a567a8feb9?s=256&d=identicon&r=PG","display_name":"coverlabservice","link":"https://stackoverflow.com/users/19009578/coverlabservice"},"is_answered":true,"view_count":83,"answer_count":3,"score":0,"last_activity_date":1651435685,"creation_date":1651427752,"question_id":72079149,"content_license":"CC BY-SA 4.0","link":"https://stackoverflow.com/questions/72079149/deleting-sheets-with-a-date-older-than-the-past-two-days","title":"deleting sheets with a date older than the past two days"},{"tags":["android","android-notifications","android-12","notificationmanager"],"owner":{"account_id":11030891,"reputation":31,"user_id":8102278,"user_type":"registered","profile_image":"https://i.stack.imgur.com/fT99w.jpg?s=256&g=1","display_name":"Krystian Wsul","link":"https://stackoverflow.com/users/8102278/krystian-wsul"},"is_answered":false,"view_count":432,"answer_count":1,"score":3,"last_activity_date":1651513926,"creation_date":1651427750,"question_id":72079148,"content_license":"CC BY-SA 4.0","link":"https://stackoverflow.com/questions/72079148/android-group-summary-displayed-as-a-separate-notification-on-lock-screen","title":"Android group summary displayed as a separate notification on lock screen"},{"tags":["deep-learning","neural-network","pytorch"],"owner":{"account_id":16926468,"reputation":39,"user_id":12241928,"user_type":"registered","profile_image":"https://www.gravatar.com/avatar/e4d19e006fbaf51ba3726fa601e30445?s=256&d=identicon&r=PG&f=y&so-version=2","display_name":"new2java","link":"https://stackoverflow.com/users/12241928/new2java"},"is_answered":true,"view_count":129,"accepted_answer_id":72079611,"answer_count":2,"score":1,"last_activity_date":1651431591,"creation_date":1651427722,"question_id":72079140,"content_license":"CC BY-SA 4.0","link":"https://stackoverflow.com/questions/72079140/changing-learning-rate-according-to-layer-width-in-pytroch","title":"Changing Learning Rate According to Layer Width in Pytroch"},{"tags":["python","pycord"],"owner":{"account_id":21402103,"reputation":363,"user_id":15763991,"user_type":"registered","profile_image":"https://i.stack.imgur.com/5dBnH.gif?s=256&g=1","display_name":"EntchenEric","link":"https://stackoverflow.com/users/15763991/entcheneric"},"is_answered":true,"view_count":325,"accepted_answer_id":72079352,"answer_count":1,"score":0,"last_activity_date":1651429446,"creation_date":1651427702,"question_id":72079136,"content_license":"CC BY-SA 4.0","link":"https://stackoverflow.com/questions/72079136/how-does-the-discord-slashcommandgroup-work","title":"How does the discord.SlashCommandGroup work?"},{"tags":["postgresql","relationship","prisma"],"owner":{"account_id":14142024,"reputation":770,"user_id":10216493,"user_type":"registered","profile_image":"https://www.gravatar.com/avatar/131742849f92df71776ad541f7155e51?s=256&d=identicon&r=PG&f=y&so-version=2","display_name":"HypeWolf","link":"https://stackoverflow.com/users/10216493/hypewolf"},"is_answered":false,"view_count":586,"answer_count":0,"score":1,"last_activity_date":1651427533,"creation_date":1651427533,"question_id":72079131,"content_license":"CC BY-SA 4.0","link":"https://stackoverflow.com/questions/72079131/prisma-client-cant-provide-id-for-reference","title":"Prisma client: Can&#39;t provide Id for reference"},{"tags":["python","numpy","scipy","physics","integral"],"owner":{"account_id":23400603,"reputation":11,"user_id":19009549,"user_type":"registered","profile_image":"https://www.gravatar.com/avatar/a02ff396ad2f23e52246e4c67e616a5f?s=256&d=identicon&r=PG","display_name":"cgid123","link":"https://stackoverflow.com/users/19009549/cgid123"},"is_answered":false,"view_count":63,"answer_count":0,"score":1,"last_activity_date":1652243434,"creation_date":1651427525,"last_edit_date":1652243434,"question_id":72079130,"content_license":"CC BY-SA 4.0","link":"https://stackoverflow.com/questions/72079130/trouble-computing-integral-with-scipy-quad","title":"Trouble computing integral with scipy quad"},{"tags":["python","django"],"owner":{"account_id":9645564,"reputation":2417,"user_id":7158458,"user_type":"registered","profile_image":"https://graph.facebook.com/10209106524837718/picture?type=large","display_name":"Emm","link":"https://stackoverflow.com/users/7158458/emm"},"is_answered":true,"view_count":714,"answer_count":2,"score":0,"last_activity_date":1698909537,"creation_date":1651427518,"question_id":72079129,"content_license":"CC BY-SA 4.0","link":"https://stackoverflow.com/questions/72079129/object-has-no-attribute-get-in-serializer","title":"Object has no attribute get in serializer"},{"tags":["r","encoding","utf-8","ascii","iso-8859-1"],"owner":{"account_id":18274140,"reputation":101,"user_id":14298562,"user_type":"registered","profile_image":"https://www.gravatar.com/avatar/ccb793bef014346d4f6ac7ee38be846a?s=256&d=identicon&r=PG&f=y&so-version=2","display_name":"Eric","link":"https://stackoverflow.com/users/14298562/eric"},"is_answered":true,"view_count":394,"accepted_answer_id":72249807,"answer_count":1,"score":0,"last_activity_date":1652629481,"creation_date":1651427499,"last_edit_date":1651454628,"question_id":72079127,"content_license":"CC BY-SA 4.0","link":"https://stackoverflow.com/questions/72079127/which-is-the-correct-encoding-for-a-degree-character","title":"Which is the correct encoding for a degree character?"},{"tags":["flutter","dart","gradle","flutter-layout"],"owner":{"account_id":22353623,"reputation":107,"user_id":16571275,"user_type":"registered","profile_image":"https://lh3.googleusercontent.com/a-/AOh14Gi_9ZahGDbMwlEaRnHJVev1oVup2MtdDBSfU6BE=k-s256","display_name":"Abderrezak Douba","link":"https://stackoverflow.com/users/16571275/abderrezak-douba"},"is_answered":true,"view_count":2733,"accepted_answer_id":72079755,"answer_count":1,"score":1,"last_activity_date":1651432854,"creation_date":1651427431,"question_id":72079121,"content_license":"CC BY-SA 4.0","link":"https://stackoverflow.com/questions/72079121/flutter-execution-failed-for-task-appmergedexdebug","title":"flutter : Execution failed for task &#39;:app:mergeDexDebug&#39;"},{"tags":["python"],"owner":{"account_id":22701107,"reputation":23,"user_id":16868514,"user_type":"registered","profile_image":"https://lh3.googleusercontent.com/a-/AOh14Gh4hXSelWUQAfjGHkb3JoZ970guE7xm6zSFkuvNYg=k-s256","display_name":"awab","link":"https://stackoverflow.com/users/16868514/awab"},"is_answered":true,"view_count":41,"closed_date":1651430611,"answer_count":2,"score":-1,"last_activity_date":1651428306,"creation_date":1651427405,"question_id":72079115,"link":"https://stackoverflow.com/questions/72079115/can-someone-explain-to-me-the-part-which-is-highlighted","closed_reason":"Needs more focus","title":"Can someone explain to me the part which is highlighted?"},{"tags":["sockets","networking","server","tcp","router"],"owner":{"account_id":25166154,"reputation":1,"user_id":19009673,"user_type":"registered","profile_image":"https://www.gravatar.com/avatar/58475883a3152d1be62913dbfd780ee6?s=256&d=identicon&r=PG","display_name":"Sacrisqwq","link":"https://stackoverflow.com/users/19009673/sacrisqwq"},"is_answered":false,"view_count":43,"answer_count":0,"score":0,"last_activity_date":1651427394,"creation_date":1651427394,"question_id":72079114,"content_license":"CC BY-SA 4.0","link":"https://stackoverflow.com/questions/72079114/port-forwarding-from-public-ip-to-local-ip-in-other-way","title":"Port forwarding from public ip to local ip in other way"},{"tags":["python","html","selenium","selenium-webdriver","href"],"owner":{"user_type":"does_not_exist","display_name":"user18086842"},"is_answered":true,"view_count":55,"accepted_answer_id":72079260,"answer_count":2,"score":0,"last_activity_date":1651428693,"creation_date":1651427325,"question_id":72079110,"content_license":"CC BY-SA 4.0","link":"https://stackoverflow.com/questions/72079110/get-attribute-href-returns-generic-link-selenium-python","title":"get attribute href returns generic link selenium python"},{"tags":["python","pandas"],"owner":{"account_id":8605912,"reputation":3161,"user_id":6446053,"user_type":"registered","profile_image":"https://i.stack.imgur.com/ITv5F.jpg?s=256&g=1","display_name":"mpx","link":"https://stackoverflow.com/users/6446053/mpx"},"is_answered":true,"view_count":46,"accepted_answer_id":72079126,"answer_count":2,"score":1,"last_activity_date":1651429356,"creation_date":1651427324,"last_edit_date":1651428031,"question_id":72079109,"content_license":"CC BY-SA 4.0","link":"https://stackoverflow.com/questions/72079109/how-to-drop-row-with-bracket-in-pandas","title":"How to drop row with bracket in Pandas"},{"tags":["firebase","google-cloud-firestore","firebase-security"],"owner":{"account_id":412814,"reputation":2961,"user_id":786094,"user_type":"registered","accept_rate":77,"profile_image":"https://i.stack.imgur.com/H1Qum.jpg?s=256&g=1","display_name":"tsdexter","link":"https://stackoverflow.com/users/786094/tsdexter"},"is_answered":false,"view_count":47,"answer_count":0,"score":0,"last_activity_date":1651427281,"creation_date":1651427281,"question_id":72079102,"content_license":"CC BY-SA 4.0","link":"https://stackoverflow.com/questions/72079102/how-do-i-write-a-working-firestore-collection-group-security-rule-for-write-dele","title":"how do I write a working firestore collection group security rule for write/delete"},{"tags":["sas","proc-report"],"owner":{"account_id":14134054,"reputation":11,"user_id":10211122,"user_type":"registered","profile_image":"https://lh5.googleusercontent.com/-qOxs8RZC15g/AAAAAAAAAAI/AAAAAAAAEJM/XdQYPOjVURc/photo.jpg?sz=256","display_name":"Nehal Harshe","link":"https://stackoverflow.com/users/10211122/nehal-harshe"},"is_answered":false,"view_count":215,"answer_count":1,"score":1,"last_activity_date":1651657987,"creation_date":1651427274,"question_id":72079100,"content_license":"CC BY-SA 4.0","link":"https://stackoverflow.com/questions/72079100/proc-report-to-create-table-as-it-is","title":"proc report to create table as it is"},{"tags":["button","xamarin.forms","commandparameter","freshmvvm"],"owner":{"account_id":5046149,"reputation":65,"user_id":4052097,"user_type":"registered","profile_image":"https://graph.facebook.com/1639531774/picture?type=large","display_name":"Julien Duprat","link":"https://stackoverflow.com/users/4052097/julien-duprat"},"is_answered":true,"view_count":95,"answer_count":1,"score":1,"last_activity_date":1651444556,"creation_date":1651427265,"question_id":72079099,"content_license":"CC BY-SA 4.0","link":"https://stackoverflow.com/questions/72079099/in-xamarin-forms-application-in-mvvm-i-use-freshmvvm-framework-and-want-to-navi","title":"In Xamarin Forms application in MVVM, i use FreshMvvm framework and want to navigate to targetPageModel and pass data from commandParameter"},{"tags":["javascript","jquery","swiper.js"],"owner":{"account_id":17376211,"reputation":1135,"user_id":13045795,"user_type":"registered","profile_image":"https://www.gravatar.com/avatar/e262a789600688b25a699e16a3810d27?s=256&d=identicon&r=PG&f=y&so-version=2","display_name":"Synchro","link":"https://stackoverflow.com/users/13045795/synchro"},"is_answered":true,"view_count":3488,"accepted_answer_id":72175271,"answer_count":1,"score":0,"last_activity_date":1652207852,"creation_date":1651427257,"question_id":72079096,"content_license":"CC BY-SA 4.0","link":"https://stackoverflow.com/questions/72079096/swiper-slider-slide-change-to-other-div","title":"Swiper slider: slide change to other div"},{"tags":["assembly","x86-16","vga"],"owner":{"account_id":25166168,"reputation":1,"user_id":19009686,"user_type":"registered","profile_image":"https://lh3.googleusercontent.com/a-/AOh14GjDkhklQVJ-ZhrPndGSmzloCsPfUTtM9yzeR0_7bg=k-s256","display_name":"Ori ϟ","link":"https://stackoverflow.com/users/19009686/ori-%cf%9f"},"is_answered":false,"view_count":28,"closed_date":1651674013,"answer_count":0,"score":0,"last_activity_date":1651673955,"creation_date":1651427250,"last_edit_date":1651673955,"question_id":72079094,"link":"https://stackoverflow.com/questions/72079094/assembly-8086-question-having-trouble-with-deleting-the-bmp-picture-from-the-s","closed_reason":"Duplicate","title":"Assembly 8086 question - having trouble with deleting the bmp picture from the screen"}],"has_more":true,"quota_max":300,"quota_remaining":224}