{"items":[{"tags":["java"],"owner":{"account_id":15141010,"reputation":11,"user_id":10926009,"user_type":"registered","profile_image":"https://lh5.googleusercontent.com/-aXvg-QCTWpg/AAAAAAAAAAI/AAAAAAAAAak/XzHbjdGBkjM/photo.jpg?sz=256","display_name":"Anurag Sundriyal","link":"https://stackoverflow.com/users/10926009/anurag-sundriyal"},"is_answered":true,"view_count":612,"answer_count":2,"score":1,"last_activity_date":1650028964,"creation_date":1650023959,"last_edit_date":1650028964,"question_id":71883762,"content_license":"CC BY-SA 4.0","link":"https://stackoverflow.com/questions/71883762/how-to-check-if-a-variable-holds-any-value-in-if-condition","title":"How to check if a variable holds any value in if condition?"},{"tags":["typescript","vue.js","primevue"],"owner":{"account_id":16268231,"reputation":310,"user_id":11747650,"user_type":"registered","profile_image":"https://lh6.googleusercontent.com/-w2POXotp_hM/AAAAAAAAAAI/AAAAAAAAGlA/FJ8SaywS9qU/photo.jpg?sz=256","display_name":"Karolis Vaitkevicius","link":"https://stackoverflow.com/users/11747650/karolis-vaitkevicius"},"is_answered":true,"view_count":602,"accepted_answer_id":71883760,"answer_count":1,"score":0,"last_activity_date":1650024400,"creation_date":1650023953,"last_edit_date":1650024400,"question_id":71883759,"content_license":"CC BY-SA 4.0","link":"https://stackoverflow.com/questions/71883759/how-to-add-the-correct-type-for-columnslots-body-function-from-primevue","title":"How to add the correct type for ColumnSlots body function from PrimeVue"},{"tags":["ansible"],"owner":{"account_id":19185775,"reputation":58,"user_id":14016605,"user_type":"registered","profile_image":"https://www.gravatar.com/avatar/31026e341225d94fe65c05c0d17f2a78?s=256&d=identicon&r=PG&f=y&so-version=2","display_name":"Hugues","link":"https://stackoverflow.com/users/14016605/hugues"},"is_answered":true,"view_count":1407,"accepted_answer_id":71883879,"answer_count":2,"score":2,"last_activity_date":1650060384,"creation_date":1650023953,"last_edit_date":1650060384,"question_id":71883758,"content_license":"CC BY-SA 4.0","link":"https://stackoverflow.com/questions/71883758/lineinfile-on-all-matches","title":"lineinfile on all matches"},{"tags":["spring","docker","kubernetes","docker-compose","dockerfile"],"owner":{"account_id":1314578,"reputation":1907,"user_id":1261764,"user_type":"registered","accept_rate":94,"profile_image":"https://www.gravatar.com/avatar/a3a223548a288659768f2592a494196d?s=256&d=identicon&r=PG","display_name":"abidinberkay","link":"https://stackoverflow.com/users/1261764/abidinberkay"},"is_answered":true,"view_count":870,"accepted_answer_id":71883805,"answer_count":1,"score":0,"last_activity_date":1650024182,"creation_date":1650023952,"question_id":71883757,"content_license":"CC BY-SA 4.0","link":"https://stackoverflow.com/questions/71883757/why-mysql-docker-data-still-exist-after-pulling-and-running-new-image-and-cleari","title":"Why mysql docker data still exist after pulling and running new image and clearing cache?"},{"tags":["mariadb","mariadb-10.5"],"owner":{"account_id":11061371,"reputation":567,"user_id":8122500,"user_type":"registered","profile_image":"https://i.stack.imgur.com/jKctW.jpg?s=256&g=1","display_name":"Yogi Arif Widodo","link":"https://stackoverflow.com/users/8122500/yogi-arif-widodo"},"is_answered":false,"view_count":42,"answer_count":0,"score":0,"last_activity_date":1650046621,"creation_date":1650023939,"last_edit_date":1650046621,"question_id":71883754,"content_license":"CC BY-SA 4.0","link":"https://stackoverflow.com/questions/71883754/dumping-sql-result-not-properly-reference","title":"dumping sql result not properly reference"},{"tags":["git","github","branch","clone","remote-branch"],"owner":{"account_id":10916684,"reputation":3936,"user_id":8024296,"user_type":"registered","profile_image":"https://www.gravatar.com/avatar/073d6290ea3196f026f1502d3f5a6259?s=256&d=identicon&r=PG&f=y&so-version=2","display_name":"Paul","link":"https://stackoverflow.com/users/8024296/paul"},"is_answered":true,"view_count":619,"answer_count":1,"score":0,"last_activity_date":1650031378,"creation_date":1650023932,"last_edit_date":1650029086,"question_id":71883753,"content_license":"CC BY-SA 4.0","link":"https://stackoverflow.com/questions/71883753/git-know-the-list-of-branches-before-cloning","title":"Git know the list of branches before cloning"},{"tags":["c#","winforms","windows-forms-designer"],"owner":{"account_id":24659710,"reputation":13,"user_id":18556058,"user_type":"registered","profile_image":"https://lh3.googleusercontent.com/a/AATXAJxDbAIlOaQMiJ8TxNVxmcYvDtuafMnkW2EPBYLb=k-s256","display_name":"Shishank Jain","link":"https://stackoverflow.com/users/18556058/shishank-jain"},"is_answered":false,"view_count":526,"answer_count":0,"score":0,"last_activity_date":1650023915,"creation_date":1650023915,"question_id":71883749,"content_license":"CC BY-SA 4.0","link":"https://stackoverflow.com/questions/71883749/how-to-display-a-dataset-in-the-listview-in-windows-form-app-using-c","title":"How to display a dataset in the listview in windows form app using C#?"},{"tags":["python","tensorflow","lstm","tensorflow-federated","federated-learning"],"owner":{"account_id":23954199,"reputation":51,"user_id":17945316,"user_type":"registered","profile_image":"https://lh3.googleusercontent.com/a/AATXAJyv9aQzGgqOfFBgynfrzob8Jn09wwxcuzvEK7YT=k-s256","display_name":"hamid ebrahimi","link":"https://stackoverflow.com/users/17945316/hamid-ebrahimi"},"is_answered":false,"view_count":1610,"answer_count":1,"score":0,"last_activity_date":1678999579,"creation_date":1650023910,"question_id":71883746,"content_license":"CC BY-SA 4.0","link":"https://stackoverflow.com/questions/71883746/missing-required-positional-argument","title":"Missing required positional argument:"},{"tags":["sql","postgresql"],"owner":{"account_id":23621158,"reputation":401,"user_id":17654424,"user_type":"registered","profile_image":"https://www.gravatar.com/avatar/a5c39c2616e77da23bcf1cac607bd3d7?s=256&d=identicon&r=PG","display_name":"Simao","link":"https://stackoverflow.com/users/17654424/simao"},"is_answered":true,"view_count":63,"accepted_answer_id":71883894,"answer_count":1,"score":0,"last_activity_date":1650027899,"creation_date":1650023904,"question_id":71883744,"content_license":"CC BY-SA 4.0","link":"https://stackoverflow.com/questions/71883744/update-null-value-on-existing-column-tables-using-aggregation","title":"Update null value on existing column/tables using aggregation"},{"tags":["android","android-studio","android-layout"],"owner":{"account_id":24813118,"reputation":21,"user_id":18694297,"user_type":"registered","profile_image":"https://www.gravatar.com/avatar/b6feabaec261bc591d1fa6549d104d7c?s=256&d=identicon&r=PG","display_name":"dostoyevski","link":"https://stackoverflow.com/users/18694297/dostoyevski"},"is_answered":false,"view_count":250,"answer_count":2,"score":0,"last_activity_date":1650196740,"creation_date":1650023870,"question_id":71883740,"content_license":"CC BY-SA 4.0","link":"https://stackoverflow.com/questions/71883740/set-cardview-width-and-margins","title":"set cardview width and margins"},{"tags":["python","tkinter","pysimplegui"],"owner":{"account_id":21684922,"reputation":1,"user_id":16000543,"user_type":"registered","profile_image":"https://lh3.googleusercontent.com/a-/AOh14GhflpHCu_SA_Cz926POp2Y2SzSRpuEa1fSPJTxD=k-s256","display_name":"josh galecki","link":"https://stackoverflow.com/users/16000543/josh-galecki"},"is_answered":false,"view_count":202,"answer_count":1,"score":0,"last_activity_date":1650029389,"creation_date":1650023857,"question_id":71883736,"content_license":"CC BY-SA 4.0","link":"https://stackoverflow.com/questions/71883736/can-i-make-specific-lines-visible-based-on-user-actions-in-pysimplegui","title":"Can I make specific lines visible based on user actions in PySimpleGUI"},{"tags":["android","android-studio","mp4"],"owner":{"account_id":24941825,"reputation":1,"user_id":18807603,"user_type":"registered","profile_image":"https://lh3.googleusercontent.com/a-/AOh14Ghj3NM0ccZNOILgO-wHWuVuMpmHDX_yldXunKPjMA=k-s256","display_name":"Xontros4u","link":"https://stackoverflow.com/users/18807603/xontros4u"},"is_answered":false,"view_count":205,"answer_count":1,"score":0,"last_activity_date":1650025870,"creation_date":1650023842,"question_id":71883735,"content_license":"CC BY-SA 4.0","link":"https://stackoverflow.com/questions/71883735/android-studio-error-cannot-find-symbol-i-am-trying-to-use-an-mp4-file-to-pla","title":"Android studio, Error: cannot find symbol. I am trying to use an mp4 file to play a video inside my app"},{"tags":["scala","class","oop","inheritance"],"owner":{"account_id":15026978,"reputation":833,"user_id":10846467,"user_type":"registered","profile_image":"https://www.gravatar.com/avatar/1a23055b952b19e462bc0e57878cc1cb?s=256&d=identicon&r=PG&f=y&so-version=2","display_name":"hegash","link":"https://stackoverflow.com/users/10846467/hegash"},"is_answered":true,"view_count":188,"answer_count":1,"score":0,"last_activity_date":1650025240,"creation_date":1650023838,"question_id":71883733,"content_license":"CC BY-SA 4.0","link":"https://stackoverflow.com/questions/71883733/scala-class-that-creates-an-instance-of-another-class","title":"Scala class that creates an instance of another class"},{"tags":["python"],"owner":{"account_id":24946969,"reputation":1,"user_id":18812194,"user_type":"registered","profile_image":"https://lh3.googleusercontent.com/a/AATXAJzOVrxbRVW6xfHdVba534HGRPKbqnt7Ab1xGchA=k-s256","display_name":"Mikie","link":"https://stackoverflow.com/users/18812194/mikie"},"is_answered":false,"view_count":248,"answer_count":1,"score":0,"last_activity_date":1650527802,"creation_date":1650023837,"last_edit_date":1650034109,"question_id":71883732,"content_license":"CC BY-SA 4.0","link":"https://stackoverflow.com/questions/71883732/do-linear-regression-for-each-entry-of-arrays-of-numbers-in-python","title":"Do linear regression for each entry of arrays of numbers in python"},{"tags":["swift","uiviewcontroller","navigation","segue"],"owner":{"account_id":24428670,"reputation":7,"user_id":18353906,"user_type":"registered","profile_image":"https://lh3.googleusercontent.com/a/AATXAJzpKpY51AFrvf6yuKOk7AubkL3WRU0crSjw-H5v=k-s256","display_name":"NuK","link":"https://stackoverflow.com/users/18353906/nuk"},"is_answered":true,"view_count":48,"accepted_answer_id":71909922,"answer_count":1,"score":0,"last_activity_date":1650273754,"creation_date":1650023818,"question_id":71883729,"content_license":"CC BY-SA 4.0","link":"https://stackoverflow.com/questions/71883729/navigation-to-viewcontroller-via-push-segue-opens-screen-then-immediately-closes","title":"Navigation to ViewController via Push Segue opens screen then immediately closes it"},{"tags":["python","robotframework"],"owner":{"account_id":24947160,"reputation":1,"user_id":18812368,"user_type":"registered","profile_image":"https://www.gravatar.com/avatar/bff6f25d1d7f00558eb7f31df3a14f2a?s=256&d=identicon&r=PG","display_name":"Ketan Jain","link":"https://stackoverflow.com/users/18812368/ketan-jain"},"is_answered":false,"view_count":233,"answer_count":1,"score":0,"last_activity_date":1650037175,"creation_date":1650023816,"question_id":71883726,"content_license":"CC BY-SA 4.0","link":"https://stackoverflow.com/questions/71883726/robot-framework-version-4-1-3-builtin-set-variable-got-unexpected-named-argum","title":"Robot framework version 4.1.3 -&#39;BuiltIn.Set Variable&#39; got unexpected named arguments(working fine for py2.7 and robot 3.1)"},{"tags":["javascript","arrays","object"],"owner":{"account_id":24947572,"reputation":3,"user_id":18812743,"user_type":"registered","profile_image":"https://www.gravatar.com/avatar/ac191edd3b8e262031568f261174073f?s=256&d=identicon&r=PG&f=y&so-version=2","display_name":"Constantin Emanuil","link":"https://stackoverflow.com/users/18812743/constantin-emanuil"},"is_answered":true,"view_count":48,"accepted_answer_id":71884104,"answer_count":1,"score":-4,"last_activity_date":1650026138,"creation_date":1650023809,"question_id":71883723,"content_license":"CC BY-SA 4.0","link":"https://stackoverflow.com/questions/71883723/how-to-create-the-function-to-give-that-result","title":"How to create the function to give that result"},{"tags":["javascript","image","import"],"owner":{"account_id":22338338,"reputation":159,"user_id":16558505,"user_type":"registered","profile_image":"https://lh3.googleusercontent.com/a-/AOh14GjfmhbrxHSMXmXgWIBI7B3QKghEB-q_9rgG84rp=k-s256","display_name":"dhanesh vaghasiya","link":"https://stackoverflow.com/users/16558505/dhanesh-vaghasiya"},"is_answered":false,"view_count":112,"answer_count":0,"score":0,"last_activity_date":1650023763,"creation_date":1650023763,"question_id":71883714,"content_license":"CC BY-SA 4.0","link":"https://stackoverflow.com/questions/71883714/import-image-is-not-working-in-javascript","title":"import image is not working in javascript"},{"tags":["python"],"owner":{"account_id":24908867,"reputation":15,"user_id":18778632,"user_type":"registered","profile_image":"https://lh3.googleusercontent.com/a/AATXAJwaySHPz7bRIoxyIuQ2NM4l3X7HEBqLj_eficV7=k-s256","display_name":"BLockyFace","link":"https://stackoverflow.com/users/18778632/blockyface"},"is_answered":true,"view_count":62,"accepted_answer_id":71883755,"answer_count":2,"score":1,"last_activity_date":1650025441,"creation_date":1650023739,"last_edit_date":1650025102,"question_id":71883709,"content_license":"CC BY-SA 4.0","link":"https://stackoverflow.com/questions/71883709/why-does-python-code-print-memory-location-rather-than-the-objects-i-want-in-my","title":"Why does python code print memory location rather than the objects I want in my code?"},{"tags":["python","pandas","matplotlib","plot","colormap"],"owner":{"account_id":23352944,"reputation":105,"user_id":17426277,"user_type":"registered","profile_image":"https://lh3.googleusercontent.com/a-/AOh14Gg_T0CUQcj5yGWuKEKiFwaegPcMADl4PGPerIN37Q=k-s256","display_name":"Simone Panico","link":"https://stackoverflow.com/users/17426277/simone-panico"},"is_answered":true,"view_count":2422,"accepted_answer_id":71888098,"answer_count":1,"score":1,"last_activity_date":1650052494,"creation_date":1650023713,"last_edit_date":1650049121,"question_id":71883704,"content_license":"CC BY-SA 4.0","link":"https://stackoverflow.com/questions/71883704/changing-line-colour-in-plot-based-on-column-values","title":"Changing line colour in plot based on column values"},{"tags":["wordpress","wordpress-gutenberg"],"owner":{"account_id":18856079,"reputation":453,"user_id":13753984,"user_type":"registered","profile_image":"https://i.stack.imgur.com/t5C1p.jpg?s=256&g=1","display_name":"microb14","link":"https://stackoverflow.com/users/13753984/microb14"},"is_answered":true,"view_count":709,"accepted_answer_id":71891139,"answer_count":1,"score":1,"last_activity_date":1650083800,"creation_date":1650023688,"question_id":71883702,"content_license":"CC BY-SA 4.0","link":"https://stackoverflow.com/questions/71883702/disable-gutenberg-only-for-page","title":"Disable Gutenberg only for page"},{"tags":["c#"],"owner":{"account_id":24947292,"reputation":3,"user_id":18812492,"user_type":"registered","profile_image":"https://lh3.googleusercontent.com/a/AATXAJy15yIX-5wjRreJYYa1aEEkbs0jzImLL68yuCps=k-s256","display_name":"IdkWhatShouldIUse","link":"https://stackoverflow.com/users/18812492/idkwhatshouldiuse"},"is_answered":true,"view_count":58,"accepted_answer_id":71884051,"answer_count":1,"score":0,"last_activity_date":1650041432,"creation_date":1650023675,"question_id":71883697,"content_license":"CC BY-SA 4.0","link":"https://stackoverflow.com/questions/71883697/how-i-create-user-panel-using-multiple-panel","title":"How i create user panel using multiple panel"},{"tags":["javascript","html","css","angular","typescript"],"owner":{"account_id":21424564,"reputation":163,"user_id":15782098,"user_type":"registered","profile_image":"https://www.gravatar.com/avatar/26d858a31cf23c20de5521ac21ba825f?s=256&d=identicon&r=PG&f=y&so-version=2","display_name":"TreacleMark","link":"https://stackoverflow.com/users/15782098/treaclemark"},"is_answered":true,"view_count":1028,"answer_count":1,"score":6,"last_activity_date":1650026953,"creation_date":1650023594,"last_edit_date":1650024322,"question_id":71883690,"content_license":"CC BY-SA 4.0","link":"https://stackoverflow.com/questions/71883690/angular-how-to-make-mat-tab-table-headers-sticky","title":"Angular How to Make Mat-Tab Table Headers Sticky"},{"tags":["reactjs","image","import","assets"],"owner":{"account_id":20081058,"reputation":5,"user_id":14723684,"user_type":"registered","profile_image":"https://lh3.googleusercontent.com/a-/AOh14GgIlJOs_397mcMy2c2xj1RibK9hp9Uroax_mfHdSA=k-s256","display_name":"Amit Kumar Yadav","link":"https://stackoverflow.com/users/14723684/amit-kumar-yadav"},"is_answered":true,"view_count":5112,"accepted_answer_id":71884026,"answer_count":1,"score":0,"last_activity_date":1650025658,"creation_date":1650023592,"question_id":71883689,"content_license":"CC BY-SA 4.0","link":"https://stackoverflow.com/questions/71883689/you-attempted-to-import-src-assets-images-which-falls-outside-of-the-project-sr","title":"You attempted to import /src/assets/images which falls outside of the project src/ directory. Relative imports outside of src/ are not supported"},{"tags":["sqlalchemy"],"owner":{"account_id":20839441,"reputation":13,"user_id":18812691,"user_type":"registered","profile_image":"https://www.gravatar.com/avatar/79e063e8b8697733953c07baa768f56b?s=256&d=identicon&r=PG&f=y&so-version=2","display_name":"nounehis","link":"https://stackoverflow.com/users/18812691/nounehis"},"is_answered":true,"view_count":132,"accepted_answer_id":71889047,"answer_count":1,"score":0,"last_activity_date":1650057601,"creation_date":1650023570,"question_id":71883685,"content_license":"CC BY-SA 4.0","link":"https://stackoverflow.com/questions/71883685/sqlalchemy-selecting-with-textual-column-expressions-use-cases","title":"SQLAlchemy: Selecting with Textual Column Expressions use-cases"},{"tags":["javascript","google-chrome-extension","firefox-addon","firefox-addon-webextensions"],"owner":{"account_id":13119331,"reputation":2330,"user_id":9477338,"user_type":"registered","profile_image":"https://i.stack.imgur.com/X0Df8.jpg?s=256&g=1","display_name":"Natthaphon Hongcharoen","link":"https://stackoverflow.com/users/9477338/natthaphon-hongcharoen"},"is_answered":true,"view_count":478,"answer_count":1,"score":1,"last_activity_date":1665107105,"creation_date":1650023570,"last_edit_date":1664529077,"question_id":71883684,"content_license":"CC BY-SA 4.0","link":"https://stackoverflow.com/questions/71883684/how-to-remove-elements-before-it-render-similar-to-ublock","title":"How to remove elements before it render similar to uBlock?"},{"tags":["python","tensorflow","machine-learning","keras","neural-network"],"owner":{"account_id":19796041,"reputation":1,"user_id":14497974,"user_type":"registered","profile_image":"https://lh4.googleusercontent.com/-Oy5Ha8k9eP0/AAAAAAAAAAI/AAAAAAAAAAA/AMZuuclRvz_r9-z2GYnM0ACuKjlg1-7byg/s96-c/photo.jpg?sz=256","display_name":"Mathi","link":"https://stackoverflow.com/users/14497974/mathi"},"is_answered":false,"view_count":39,"answer_count":0,"score":0,"last_activity_date":1650093782,"creation_date":1650023556,"last_edit_date":1650093782,"question_id":71883683,"content_license":"CC BY-SA 4.0","link":"https://stackoverflow.com/questions/71883683/keras-gives-test-accuracy-of-1-0","title":"Keras gives Test Accuracy of 1.0"},{"tags":["python","pandas"],"owner":{"account_id":24943662,"reputation":29,"user_id":18809216,"user_type":"registered","profile_image":"https://www.gravatar.com/avatar/4c35beef94f4f2c85fd360cf0ee5edee?s=256&d=identicon&r=PG","display_name":"Ben","link":"https://stackoverflow.com/users/18809216/ben"},"is_answered":false,"view_count":32,"closed_date":1650024467,"answer_count":0,"score":0,"last_activity_date":1651222551,"creation_date":1650023545,"last_edit_date":1651222551,"question_id":71883681,"link":"https://stackoverflow.com/questions/71883681/fetching-data-from-csv-using-pandas-and-adding-it-to-the-dictionary-and-finding","closed_reason":"Duplicate","title":"Fetching data from csv using pandas and adding it to the dictionary and finding min and max value without built in function"},{"tags":["python","pandas"],"owner":{"account_id":24863816,"reputation":23,"user_id":18739200,"user_type":"registered","profile_image":"https://www.gravatar.com/avatar/0d6a4350a0e897f42a3b0bc03307b1b9?s=256&d=identicon&r=PG","display_name":"Mr.Proper","link":"https://stackoverflow.com/users/18739200/mr-proper"},"is_answered":false,"view_count":36,"answer_count":1,"score":-1,"last_activity_date":1650032987,"creation_date":1650023541,"question_id":71883680,"content_license":"CC BY-SA 4.0","link":"https://stackoverflow.com/questions/71883680/how-to-remake-this-code-for-dataframe-mapping-properly","title":"How to remake this code for dataframe mapping properly"},{"tags":["azure-devops","upsource"],"owner":{"account_id":484427,"reputation":85,"user_id":900089,"user_type":"registered","profile_image":"https://www.gravatar.com/avatar/5e050053bc2745676b79556db7d6223e?s=256&d=identicon&r=PG","display_name":"myszor","link":"https://stackoverflow.com/users/900089/myszor"},"is_answered":false,"view_count":88,"answer_count":0,"score":1,"last_activity_date":1650023536,"creation_date":1650023536,"question_id":71883678,"content_license":"CC BY-SA 4.0","link":"https://stackoverflow.com/questions/71883678/post-commit-review-in-azure-devops-like-in-upsource","title":"Post-commit review in Azure DevOps like in Upsource"}],"has_more":true,"quota_max":300,"quota_remaining":289}