{"items":[{"tags":["css","flexbox","tailwind-css"],"owner":{"account_id":21618558,"reputation":81,"user_id":15943960,"user_type":"registered","profile_image":"https://lh3.googleusercontent.com/a/AATXAJzGWxEfMvLGDuRD7PZb5d9KMdva4Qie9LyWaQJ_=k-s256","display_name":"Jchapa","link":"https://stackoverflow.com/users/15943960/jchapa"},"is_answered":true,"view_count":852,"accepted_answer_id":71808772,"answer_count":2,"score":2,"last_activity_date":1649598218,"creation_date":1649483949,"last_edit_date":1649598218,"question_id":71805620,"content_license":"CC BY-SA 4.0","link":"https://stackoverflow.com/questions/71805620/elements-not-equal-using-flex-box-tailwind-css","title":"Elements not equal using Flex Box Tailwind CSS"},{"tags":["javascript","arrays"],"owner":{"account_id":3672896,"reputation":7910,"user_id":3059623,"user_type":"registered","accept_rate":60,"profile_image":"https://i.stack.imgur.com/yDmeg.jpg?s=256&g=1","display_name":"Aeseir","link":"https://stackoverflow.com/users/3059623/aeseir"},"is_answered":true,"view_count":135,"answer_count":6,"score":2,"last_activity_date":1649834852,"creation_date":1649483935,"last_edit_date":1649486716,"question_id":71805618,"content_license":"CC BY-SA 4.0","link":"https://stackoverflow.com/questions/71805618/getting-all-key-value-pairs-from-object-into-a-single-array","title":"Getting all key value pairs from object into a single array"},{"tags":["python","kivy"],"owner":{"account_id":21843929,"reputation":304,"user_id":16137085,"user_type":"registered","profile_image":"https://graph.facebook.com/812484392725034/picture?type=large","display_name":"Ten Kho","link":"https://stackoverflow.com/users/16137085/ten-kho"},"is_answered":false,"view_count":98,"answer_count":0,"score":0,"last_activity_date":1649483887,"creation_date":1649483887,"question_id":71805614,"content_license":"CC BY-SA 4.0","link":"https://stackoverflow.com/questions/71805614/how-to-recalculate-texture-size-in-kivy-after-condition-reached","title":"How to recalculate texture_size in Kivy after condition reached"},{"tags":["c","unix"],"owner":{"account_id":24879398,"reputation":3,"user_id":18752792,"user_type":"registered","profile_image":"https://lh3.googleusercontent.com/a-/AOh14GhBnIhOmhc0zUEk9XSdEZmzGdyysEW50HLGUnuS=k-s256","display_name":"azshs a","link":"https://stackoverflow.com/users/18752792/azshs-a"},"is_answered":true,"view_count":222,"accepted_answer_id":71805714,"answer_count":1,"score":0,"last_activity_date":1649487631,"creation_date":1649483759,"last_edit_date":1649486043,"question_id":71805605,"content_license":"CC BY-SA 4.0","link":"https://stackoverflow.com/questions/71805605/i-dont-know-why-this-program-only-prints-child-completeunix","title":"I don&#39;t know why this program only prints &quot;Child Complete&quot;(UNIX)"},{"tags":["python","optimization","hash","cryptography"],"owner":{"account_id":24879487,"reputation":1,"user_id":18752873,"user_type":"registered","profile_image":"https://lh3.googleusercontent.com/a/AATXAJx3Fwcbjzdk_R2_G-T4i_P1M2bDPm3zmItYtbZc=k-s256","display_name":"SACHI PATEL","link":"https://stackoverflow.com/users/18752873/sachi-patel"},"is_answered":false,"view_count":286,"answer_count":0,"score":0,"last_activity_date":1649483750,"creation_date":1649483750,"question_id":71805603,"content_license":"CC BY-SA 4.0","link":"https://stackoverflow.com/questions/71805603/how-can-i-optimize-cuckoo-hashing","title":"how can I Optimize cuckoo hashing"},{"tags":["javascript","formula","selector"],"owner":{"account_id":2100836,"reputation":395,"user_id":1868505,"user_type":"registered","profile_image":"https://i.stack.imgur.com/eoSia.jpg?s=256&g=1","display_name":"Bahman Shafiei","link":"https://stackoverflow.com/users/1868505/bahman-shafiei"},"is_answered":false,"view_count":313,"answer_count":2,"score":-3,"last_activity_date":1649589391,"creation_date":1649483750,"last_edit_date":1649571922,"question_id":71805602,"content_license":"CC BY-SA 4.0","link":"https://stackoverflow.com/questions/71805602/how-to-write-a-formula-in-javascript-based-on-input-ids-and-calculate-it","title":"How to write a formula in javascript based on input ids and calculate it?"},{"tags":["javascript","reactjs","amazon-web-services","aws-amplify"],"owner":{"account_id":12725223,"reputation":51,"user_id":18752809,"user_type":"registered","profile_image":"https://www.gravatar.com/avatar/6255ceda9592aa67f1f6fefb2b7f9524?s=256&d=identicon&r=PG&f=y&so-version=2","display_name":"Coder","link":"https://stackoverflow.com/users/18752809/coder"},"is_answered":false,"view_count":419,"answer_count":0,"score":1,"last_activity_date":1649568362,"creation_date":1649483728,"last_edit_date":1649568362,"question_id":71805598,"content_license":"CC BY-SA 4.0","link":"https://stackoverflow.com/questions/71805598/how-to-get-value-of-input-on-onchange-event-in-amplify-studio","title":"How to get value of input on onChange() event in Amplify studio?"},{"tags":["javascript","vuejs2","async-await"],"owner":{"account_id":12811917,"reputation":470,"user_id":9269793,"user_type":"registered","profile_image":"https://lh5.googleusercontent.com/-VkGBtwSNYbY/AAAAAAAAAAI/AAAAAAAAAEw/CiufYrx7Lrw/photo.jpg?sz=256","display_name":"Christopher Mellor","link":"https://stackoverflow.com/users/9269793/christopher-mellor"},"is_answered":false,"view_count":1083,"answer_count":1,"score":1,"last_activity_date":1649486628,"creation_date":1649483704,"last_edit_date":1649486628,"question_id":71805596,"content_license":"CC BY-SA 4.0","link":"https://stackoverflow.com/questions/71805596/how-to-import-an-async-function-and-use-await-error-unexpected-reserved-word","title":"How to import an async function and use await -- error Unexpected reserved word &#39;await&#39;"},{"tags":["odoo","odoo-15"],"owner":{"account_id":5155654,"reputation":4037,"user_id":4128957,"user_type":"registered","accept_rate":34,"profile_image":"https://i.stack.imgur.com/UpxV2.jpg?s=256&g=1","display_name":"KbiR","link":"https://stackoverflow.com/users/4128957/kbir"},"is_answered":true,"view_count":1238,"accepted_answer_id":71825439,"answer_count":1,"score":0,"last_activity_date":1675159833,"creation_date":1649483697,"question_id":71805595,"content_license":"CC BY-SA 4.0","link":"https://stackoverflow.com/questions/71805595/how-to-extend-qweb-template-in-odoo-15","title":"How to extend Qweb template in Odoo 15?"},{"tags":["javascript","arrays","slider","undefined"],"owner":{"account_id":17092844,"reputation":99,"user_id":12368557,"user_type":"registered","profile_image":"https://lh3.googleusercontent.com/-Al0vRM-wKkA/AAAAAAAAAAI/AAAAAAAAAAA/ACHi3rcsquHIH-rYgPOSR5lAUehyrx04Gw/photo.jpg?sz=256","display_name":"easyrlj","link":"https://stackoverflow.com/users/12368557/easyrlj"},"is_answered":false,"view_count":152,"answer_count":3,"score":0,"last_activity_date":1649681872,"creation_date":1649483684,"last_edit_date":1649632933,"question_id":71805593,"content_license":"CC BY-SA 4.0","link":"https://stackoverflow.com/questions/71805593/how-get-slideindex-back-to-slideindex","title":"How get slideIndex back to slideIndex"},{"tags":["ruby-on-rails","ruby","macos","therubyracer"],"owner":{"account_id":10569634,"reputation":417,"user_id":7786865,"user_type":"registered","accept_rate":50,"profile_image":"https://www.gravatar.com/avatar/18310fa430eec84ab0f24179e6e3ba75?s=256&d=identicon&r=PG&f=y&so-version=2","display_name":"Animesh","link":"https://stackoverflow.com/users/7786865/animesh"},"is_answered":false,"view_count":390,"answer_count":0,"score":1,"last_activity_date":1649485806,"creation_date":1649483664,"last_edit_date":1649485806,"question_id":71805592,"content_license":"CC BY-SA 4.0","link":"https://stackoverflow.com/questions/71805592/loaderror-dlopen-while-running-bundle-exec-rake-dbcreate","title":"LoadError: dlopen while running bundle exec rake db:create"},{"tags":["java","string"],"owner":{"account_id":24305399,"reputation":341,"user_id":18248235,"user_type":"registered","profile_image":"https://lh3.googleusercontent.com/a/AATXAJz0y1sMaJYi2GG8YJ1jEkEE1KHBRcruM2LGurMB=k-s256","display_name":"Cflowe Visit","link":"https://stackoverflow.com/users/18248235/cflowe-visit"},"is_answered":true,"view_count":59,"accepted_answer_id":71805795,"answer_count":1,"score":0,"last_activity_date":1649486074,"creation_date":1649483601,"question_id":71805588,"content_license":"CC BY-SA 4.0","link":"https://stackoverflow.com/questions/71805588/how-to-get-index-by-keyword-in-a-string","title":"how to get index by keyword in a string?"},{"tags":["arrays","c","pointers","pointer-to-pointer"],"owner":{"account_id":12110855,"reputation":7,"user_id":8847696,"user_type":"registered","profile_image":"https://i.stack.imgur.com/A4p0O.jpg?s=256&g=1","display_name":"Adam","link":"https://stackoverflow.com/users/8847696/adam"},"is_answered":true,"view_count":50,"accepted_answer_id":71806034,"answer_count":1,"score":-1,"last_activity_date":1649488932,"creation_date":1649483575,"question_id":71805586,"content_license":"CC BY-SA 4.0","link":"https://stackoverflow.com/questions/71805586/c-pointers-to-pointers-versus-array-of-pointers","title":"C -- pointers to pointers VERSUS array of pointers"},{"tags":["google-chrome","firefox","proxy","http-proxy"],"owner":{"account_id":21426549,"reputation":427,"user_id":15783777,"user_type":"registered","profile_image":"https://www.gravatar.com/avatar/916eee7d03a4042c70b6f06fb836a946?s=256&d=identicon&r=PG&f=y&so-version=2","display_name":"catGPT","link":"https://stackoverflow.com/users/15783777/catgpt"},"is_answered":false,"view_count":285,"answer_count":0,"score":2,"last_activity_date":1649483430,"creation_date":1649483430,"question_id":71805579,"content_license":"CC BY-SA 4.0","link":"https://stackoverflow.com/questions/71805579/chrome-doesnt-ask-for-proxy-authentication-but-firefox-does","title":"Chrome doesn&#39;t ask for proxy authentication but Firefox does"},{"tags":["c","bit-manipulation"],"owner":{"account_id":19451798,"reputation":240,"user_id":14228032,"user_type":"registered","profile_image":"https://www.gravatar.com/avatar/8c594b636b86633b9f758f39d0ce02bb?s=256&d=identicon&r=PG&f=y&so-version=2","display_name":"Fred","link":"https://stackoverflow.com/users/14228032/fred"},"is_answered":true,"view_count":282,"accepted_answer_id":71806083,"answer_count":3,"score":0,"last_activity_date":1649542029,"creation_date":1649483416,"last_edit_date":1649485344,"question_id":71805577,"content_license":"CC BY-SA 4.0","link":"https://stackoverflow.com/questions/71805577/how-do-i-print-1-bit-in-c-not-only-the-least-significant-bit","title":"How do I print 1 bit in C (not only the least significant bit)?"},{"tags":["php","laravel","session"],"owner":{"account_id":24754564,"reputation":31,"user_id":18639614,"user_type":"registered","profile_image":"https://www.gravatar.com/avatar/b2cb9720c3c4294078151f5ff5a02061?s=256&d=identicon&r=PG","display_name":"Chandan Kalita","link":"https://stackoverflow.com/users/18639614/chandan-kalita"},"is_answered":true,"view_count":456,"accepted_answer_id":71805643,"answer_count":2,"score":0,"last_activity_date":1649484827,"creation_date":1649483255,"question_id":71805565,"content_license":"CC BY-SA 4.0","link":"https://stackoverflow.com/questions/71805565/remotly-destroy-user-session-from-admin-panel","title":"Remotly destroy user session from admin panel"},{"tags":["python","r","missing-data"],"owner":{"account_id":8857330,"reputation":9,"user_id":6614673,"user_type":"registered","profile_image":"https://lh5.googleusercontent.com/-rx2M23s1fB8/AAAAAAAAAAI/AAAAAAAAA30/x6hnOk6WN-E/photo.jpg?sz=256","display_name":"julie","link":"https://stackoverflow.com/users/6614673/julie"},"is_answered":false,"view_count":40,"answer_count":1,"score":0,"last_activity_date":1649483532,"creation_date":1649483198,"question_id":71805561,"content_license":"CC BY-SA 4.0","link":"https://stackoverflow.com/questions/71805561/what-is-the-python-equivalent-of-r-function-gg-miss-fct","title":"What is the Python equivalent of R function gg_miss_fct?"},{"tags":["python","pygame"],"owner":{"account_id":24879070,"reputation":1,"user_id":18752506,"user_type":"registered","profile_image":"https://www.gravatar.com/avatar/4afff8ff7ef692623457277be1688d07?s=256&d=identicon&r=PG","display_name":"willsmithslap","link":"https://stackoverflow.com/users/18752506/willsmithslap"},"is_answered":false,"view_count":61,"answer_count":2,"score":0,"last_activity_date":1649492109,"creation_date":1649483163,"last_edit_date":1649492109,"question_id":71805559,"content_license":"CC BY-SA 4.0","link":"https://stackoverflow.com/questions/71805559/i-am-trying-to-insert-a-sprite-image-into-pygame-window-and-it-wont-pop-up","title":"I am trying to insert a sprite image into pygame window and it wont pop up"},{"tags":["javascript"],"owner":{"account_id":435259,"reputation":159,"user_id":821757,"user_type":"registered","accept_rate":39,"profile_image":"https://www.gravatar.com/avatar/28e3d001f37f99821555fd2a69d62f2d?s=256&d=identicon&r=PG&f=y&so-version=2","display_name":"Dango","link":"https://stackoverflow.com/users/821757/dango"},"is_answered":false,"view_count":370,"answer_count":0,"score":1,"last_activity_date":1649691866,"creation_date":1649483074,"last_edit_date":1649691866,"question_id":71805554,"content_license":"CC BY-SA 4.0","link":"https://stackoverflow.com/questions/71805554/dynamic-images-from-api-displays-same-images-in-row-and-columns-of-grid","title":"Dynamic Images from API Displays Same Images in Row and Columns of Grid"},{"tags":["jupyter-notebook","ipywidgets","voila"],"owner":{"account_id":1657777,"reputation":103,"user_id":1526816,"user_type":"registered","accept_rate":86,"profile_image":"https://i.stack.imgur.com/33u8r.jpg?s=256&g=1","display_name":"Ganesh Kumar M R","link":"https://stackoverflow.com/users/1526816/ganesh-kumar-m-r"},"is_answered":true,"view_count":375,"answer_count":3,"score":2,"last_activity_date":1678461860,"creation_date":1649482972,"last_edit_date":1649491836,"question_id":71805549,"content_license":"CC BY-SA 4.0","link":"https://stackoverflow.com/questions/71805549/how-to-use-ipywidgets-in-jupyter-notebook-without-internet","title":"How to use ipywidgets in jupyter-notebook without Internet"},{"tags":["powershell","office365","exchange-server"],"owner":{"account_id":9650159,"reputation":53,"user_id":7161568,"user_type":"registered","profile_image":"https://www.gravatar.com/avatar/a87445582a432a9d13163fa981ea9ea9?s=256&d=identicon&r=PG&f=y&so-version=2","display_name":"ScottUK","link":"https://stackoverflow.com/users/7161568/scottuk"},"is_answered":false,"view_count":414,"answer_count":1,"score":1,"last_activity_date":1664384695,"creation_date":1649482922,"question_id":71805548,"content_license":"CC BY-SA 4.0","link":"https://stackoverflow.com/questions/71805548/start-job-connecting-to-exchange-online","title":"Start-Job connecting to Exchange Online"},{"tags":["javascript","node.js","visual-studio-code"],"owner":{"account_id":24382591,"reputation":11,"user_id":18313880,"user_type":"registered","profile_image":"https://i.stack.imgur.com/czYzw.png?s=256&g=1","display_name":"Bruno Costa","link":"https://stackoverflow.com/users/18313880/bruno-costa"},"is_answered":false,"view_count":131,"answer_count":1,"score":0,"last_activity_date":1649500103,"creation_date":1649482879,"last_edit_date":1649500103,"question_id":71805546,"content_license":"CC BY-SA 4.0","link":"https://stackoverflow.com/questions/71805546/how-can-i-resolve-this-error-in-vscode-output-i-already-tried-npm-install","title":"How can I resolve this error in vscode output? I already tried npm install"},{"tags":["c#","asp.net-mvc","smtp","office365","smtpclient"],"owner":{"account_id":15568593,"reputation":355,"user_id":11231668,"user_type":"registered","profile_image":"https://www.gravatar.com/avatar/c2ef21190e3f8d0f00c3bebd9e70f234?s=256&d=identicon&r=PG&f=y&so-version=2","display_name":"nawaz uddin","link":"https://stackoverflow.com/users/11231668/nawaz-uddin"},"is_answered":false,"view_count":1260,"answer_count":1,"score":2,"last_activity_date":1649590645,"creation_date":1649482876,"last_edit_date":1649483269,"question_id":71805544,"content_license":"CC BY-SA 4.0","link":"https://stackoverflow.com/questions/71805544/cannot-send-email-via-smtp-office365-com-asp-net-mvc","title":"Cannot send email via smtp.office365.com ASP.NET MVC"},{"tags":["python","python-3.x","facebook-graph-api"],"owner":{"account_id":11891807,"reputation":96,"user_id":8702406,"user_type":"registered","accept_rate":75,"profile_image":"https://www.gravatar.com/avatar/f4f59019a929fcc4aa3d9fced9fdf15b?s=256&d=identicon&r=PG&f=y&so-version=2","display_name":"Bsde","link":"https://stackoverflow.com/users/8702406/bsde"},"is_answered":true,"view_count":506,"accepted_answer_id":71805650,"answer_count":1,"score":1,"last_activity_date":1649498729,"creation_date":1649482875,"last_edit_date":1649490723,"question_id":71805543,"content_license":"CC BY-SA 4.0","link":"https://stackoverflow.com/questions/71805543/how-to-send-comment-in-my-facebook-page-post-using-graph-api","title":"How to send comment in my facebook page post using graph api?"},{"tags":["javascript","audio","metadata"],"owner":{"account_id":24182666,"reputation":51,"user_id":18143095,"user_type":"registered","profile_image":"https://www.gravatar.com/avatar/8a3f99961f7c0dbedc0cfa6a0c2f5574?s=256&d=identicon&r=PG","display_name":"trynaCodeHereGoAway","link":"https://stackoverflow.com/users/18143095/trynacodeheregoaway"},"is_answered":false,"view_count":1238,"answer_count":1,"score":0,"last_activity_date":1662367505,"creation_date":1649482810,"last_edit_date":1662367505,"question_id":71805541,"content_license":"CC BY-SA 4.0","link":"https://stackoverflow.com/questions/71805541/how-to-extract-cover-art-from-mp3-file-path-javascript","title":"How to extract cover art from mp3 file path (javascript)"},{"tags":["excel","vba","txt"],"owner":{"account_id":24877568,"reputation":5,"user_id":18751199,"user_type":"registered","profile_image":"https://i.stack.imgur.com/QkcK1.jpg?s=256&g=1","display_name":"Arturo0504","link":"https://stackoverflow.com/users/18751199/arturo0504"},"is_answered":true,"view_count":454,"accepted_answer_id":71806038,"answer_count":1,"score":0,"last_activity_date":1649553914,"creation_date":1649482708,"last_edit_date":1649553914,"question_id":71805536,"content_license":"CC BY-SA 4.0","link":"https://stackoverflow.com/questions/71805536/how-can-i-export-a-txt-file-from-an-excel-sheet-without-having-a-blank-line-at-t","title":"How can I export a txt file from an Excel sheet without having a blank line at the end?"},{"tags":["android","whatsapp","android-audiomanager"],"owner":{"account_id":7096924,"reputation":1027,"user_id":5430100,"user_type":"registered","accept_rate":56,"profile_image":"https://i.stack.imgur.com/kJVcA.jpg?s=256&g=1","display_name":"CauCuKien","link":"https://stackoverflow.com/users/5430100/caucukien"},"is_answered":true,"view_count":854,"accepted_answer_id":71816253,"answer_count":1,"score":2,"last_activity_date":1668274356,"creation_date":1649482668,"question_id":71805535,"content_license":"CC BY-SA 4.0","link":"https://stackoverflow.com/questions/71805535/is-it-possible-to-detect-a-whatsapp-voice-call-ended-in-android","title":"Is it possible to detect a Whatsapp voice call ended in Android?"},{"tags":["mysql","transactions"],"owner":{"account_id":13249002,"reputation":324,"user_id":9567099,"user_type":"registered","profile_image":"https://i.stack.imgur.com/tITO7.jpg?s=256&g=1","display_name":"DucksEatTurtles","link":"https://stackoverflow.com/users/9567099/duckseatturtles"},"is_answered":true,"view_count":71,"accepted_answer_id":71812103,"answer_count":2,"score":0,"last_activity_date":1649540431,"creation_date":1649482528,"last_edit_date":1649539175,"question_id":71805530,"content_license":"CC BY-SA 4.0","link":"https://stackoverflow.com/questions/71805530/will-errors-handled-in-sub-mysql-transactions-trigger-rollbacks-in-the-mysql-tra","title":"Will errors handled in sub mysql transactions trigger rollbacks in the mysql transaction that calls it"},{"tags":["python","python-requests","httpx"],"owner":{"account_id":18156439,"reputation":37,"user_id":13208397,"user_type":"registered","profile_image":"https://lh6.googleusercontent.com/-PKHTfto9HRQ/AAAAAAAAAAI/AAAAAAAAGNM/AAKWJJMA3etpJZhpR7ZzOhU2icLkLuFvrQ/photo.jpg?sz=256","display_name":"Maanaav A Motiramani","link":"https://stackoverflow.com/users/13208397/maanaav-a-motiramani"},"is_answered":true,"view_count":2330,"accepted_answer_id":71805857,"answer_count":2,"score":1,"last_activity_date":1689086023,"creation_date":1649482520,"question_id":71805528,"content_license":"CC BY-SA 4.0","link":"https://stackoverflow.com/questions/71805528/how-to-persist-sessions-in-httpx-python","title":"how to persist sessions in httpx python"},{"tags":["java","generics"],"owner":{"account_id":23149737,"reputation":31,"user_id":17251952,"user_type":"registered","profile_image":"https://lh3.googleusercontent.com/a-/AOh14GhVujKLoCFDQUx_V--SaiS1ZavqoxICfmQZFT_asw=k-s256","display_name":"Suman Saurabh","link":"https://stackoverflow.com/users/17251952/suman-saurabh"},"is_answered":true,"view_count":43,"accepted_answer_id":71841444,"answer_count":1,"score":0,"last_activity_date":1649761123,"creation_date":1649482410,"last_edit_date":1649482629,"question_id":71805523,"content_license":"CC BY-SA 4.0","link":"https://stackoverflow.com/questions/71805523/how-i-can-make-proper-use-of-generic","title":"How I can make proper use of Generic?"}],"has_more":true,"quota_max":300,"quota_remaining":79}