{"items":[{"tags":["c#","postgresql","entity-framework","linq"],"owner":{"account_id":10571853,"reputation":93,"user_id":9877913,"user_type":"registered","profile_image":"https://www.gravatar.com/avatar/2c7ed2edd7060cc2c4565566cebc0080?s=256&d=identicon&r=PG&f=y&so-version=2","display_name":"Yzak","link":"https://stackoverflow.com/users/9877913/yzak"},"is_answered":true,"view_count":510,"accepted_answer_id":70575144,"answer_count":3,"score":1,"last_activity_date":1678273637,"creation_date":1641275997,"last_edit_date":1641560216,"question_id":70574602,"content_license":"CC BY-SA 4.0","link":"https://stackoverflow.com/questions/70574602/the-instance-of-entity-type-cannot-be-tracked-even-with-asnotracking","title":"The instance of entity type cannot be tracked even with AsNoTracking"},{"tags":["linux","docker","sonarqube","nexus"],"owner":{"account_id":12879580,"reputation":37,"user_id":9327005,"user_type":"registered","profile_image":"https://lh3.googleusercontent.com/-PCTA_4wDcZI/AAAAAAAAAAI/AAAAAAAAAKg/iGl3nwAk1Is/photo.jpg?sz=256","display_name":"esngsrj","link":"https://stackoverflow.com/users/9327005/esngsrj"},"is_answered":false,"view_count":967,"answer_count":1,"score":0,"last_activity_date":1641365078,"creation_date":1641275993,"question_id":70574601,"content_license":"CC BY-SA 4.0","link":"https://stackoverflow.com/questions/70574601/nexus-container-not-starting-up","title":"Nexus container not starting up"},{"tags":["database","mongodb","mongoose","nosql","mongoose-schema"],"owner":{"account_id":15427788,"reputation":6582,"user_id":11130033,"user_type":"registered","profile_image":"https://www.gravatar.com/avatar/8f2c623c45c96ae9efa89d81208c0540?s=256&d=identicon&r=PG","display_name":"kartik tyagi","link":"https://stackoverflow.com/users/11130033/kartik-tyagi"},"is_answered":false,"view_count":461,"answer_count":0,"score":0,"last_activity_date":1641275986,"creation_date":1641275986,"question_id":70574600,"content_license":"CC BY-SA 4.0","link":"https://stackoverflow.com/questions/70574600/how-to-use-group-lookup-match-together-to-aggregate-two-collections-in-mongod","title":"how to use $group $lookup $match together to aggregate two collections in Mongodb"},{"tags":["firebase","react-native","expo"],"owner":{"account_id":10898555,"reputation":57,"user_id":8011598,"user_type":"registered","profile_image":"https://www.gravatar.com/avatar/c4f0c454257a32f73e20fe7ff6d1431c?s=256&d=identicon&r=PG&f=y&so-version=2","display_name":"A. Paul","link":"https://stackoverflow.com/users/8011598/a-paul"},"is_answered":false,"view_count":126,"answer_count":0,"score":1,"last_activity_date":1641562099,"creation_date":1641275956,"last_edit_date":1641562099,"question_id":70574599,"content_license":"CC BY-SA 4.0","link":"https://stackoverflow.com/questions/70574599/invariant-violation-main-has-not-been-registered-firebaseerror-firebase-n","title":"Invariant Violation: &quot;main&quot; has not been registered &amp; FirebaseError: Firebase: No Firebase App &#39;[DEFAULT]&#39; has been created"},{"tags":["ruby-on-rails","amazon-s3","heroku","ruby-on-rails-6","rails-activestorage"],"owner":{"account_id":6781087,"reputation":516,"user_id":5221310,"user_type":"registered","accept_rate":80,"profile_image":"https://www.gravatar.com/avatar/cc361f22bd006cb54c2a08198669a0c3?s=256&d=identicon&r=PG&f=y&so-version=2","display_name":"Aaron Parisi","link":"https://stackoverflow.com/users/5221310/aaron-parisi"},"is_answered":false,"view_count":602,"answer_count":1,"score":2,"last_activity_date":1648124697,"creation_date":1641275932,"last_edit_date":1641314705,"question_id":70574596,"content_license":"CC BY-SA 4.0","link":"https://stackoverflow.com/questions/70574596/rails-6-api-activestorage-heroku-s3-image-urls-not-working-in-production","title":"Rails 6 API + ActiveStorage + Heroku + S3 - image urls not working in production"},{"tags":["javascript","reactjs","recharts"],"owner":{"account_id":5915437,"reputation":2214,"user_id":4659530,"user_type":"registered","accept_rate":60,"profile_image":"https://lh5.googleusercontent.com/-roxlUfPluyM/AAAAAAAAAAI/AAAAAAAACds/FincZikUAqM/photo.jpg?sz=256","display_name":"Rahul Kumar","link":"https://stackoverflow.com/users/4659530/rahul-kumar"},"is_answered":true,"view_count":1227,"accepted_answer_id":71095950,"answer_count":1,"score":1,"last_activity_date":1644700683,"creation_date":1641275904,"last_edit_date":1641292190,"question_id":70574594,"content_license":"CC BY-SA 4.0","link":"https://stackoverflow.com/questions/70574594/recharts-join-disconnected-lines","title":"Recharts join disconnected lines"},{"tags":["powershell"],"owner":{"account_id":23681291,"reputation":1,"user_id":17706812,"user_type":"registered","profile_image":"https://www.gravatar.com/avatar/4eafe819f5bac1f026056896f51d36e8?s=256&d=identicon&r=PG","display_name":"mustfirst","link":"https://stackoverflow.com/users/17706812/mustfirst"},"is_answered":false,"view_count":88,"answer_count":1,"score":0,"last_activity_date":1641316336,"creation_date":1641275874,"last_edit_date":1641316336,"question_id":70574591,"content_license":"CC BY-SA 4.0","link":"https://stackoverflow.com/questions/70574591/if-email-displays-errors-then-capture-error-in-text-file","title":"If email displays errors then capture error in text file"},{"tags":["laravel","content-encoding"],"owner":{"account_id":21736680,"reputation":25,"user_id":16044580,"user_type":"registered","profile_image":"https://www.gravatar.com/avatar/3df489e90f193fc717f16ed62f91bdc9?s=256&d=identicon&r=PG&f=y&so-version=2","display_name":"Xerxes","link":"https://stackoverflow.com/users/16044580/xerxes"},"is_answered":false,"view_count":761,"answer_count":0,"score":2,"last_activity_date":1641387095,"creation_date":1641275869,"last_edit_date":1641387095,"question_id":70574590,"content_license":"CC BY-SA 4.0","link":"https://stackoverflow.com/questions/70574590/unable-to-parse-build-framework-js-br","title":"Unable to parse build.framework.js.br"},{"tags":["sql","sql-server"],"owner":{"account_id":20988781,"reputation":33,"user_id":15422026,"user_type":"registered","profile_image":"https://i.stack.imgur.com/Zivps.jpg?s=256&g=1","display_name":"Shuvo31","link":"https://stackoverflow.com/users/15422026/shuvo31"},"is_answered":true,"view_count":67,"accepted_answer_id":70806153,"answer_count":3,"score":0,"last_activity_date":1642790461,"creation_date":1641275842,"last_edit_date":1641432333,"question_id":70574588,"content_license":"CC BY-SA 4.0","link":"https://stackoverflow.com/questions/70574588/how-to-use-logical-statements-in-sql","title":"How to use logical statements in SQL?"},{"tags":["android","date","time","days"],"owner":{"account_id":16201204,"reputation":35,"user_id":11697553,"user_type":"registered","profile_image":"https://lh5.googleusercontent.com/-pFdtZfYI4sw/AAAAAAAAAAI/AAAAAAAACqo/unK2UISseyU/photo.jpg?sz=256","display_name":"Satyam Raikwar","link":"https://stackoverflow.com/users/11697553/satyam-raikwar"},"is_answered":true,"view_count":37,"accepted_answer_id":70574711,"answer_count":1,"score":-1,"last_activity_date":1641277587,"creation_date":1641275764,"last_edit_date":1641277587,"question_id":70574584,"content_license":"CC BY-SA 4.0","link":"https://stackoverflow.com/questions/70574584/i-am-passing-index-for-dates-and-not-expected-dates-coming","title":"I am passing index for dates and not expected dates coming"},{"tags":["powerbi","formatting","powerquery"],"owner":{"account_id":20447239,"reputation":1051,"user_id":15002748,"user_type":"registered","profile_image":"https://www.gravatar.com/avatar/3544296129b3ac2146e133e99ab66cbf?s=256&d=identicon&r=PG&f=y&so-version=2","display_name":"weizer","link":"https://stackoverflow.com/users/15002748/weizer"},"is_answered":true,"view_count":4515,"accepted_answer_id":70575439,"answer_count":1,"score":0,"last_activity_date":1641282102,"creation_date":1641275755,"question_id":70574581,"content_license":"CC BY-SA 4.0","link":"https://stackoverflow.com/questions/70574581/how-to-remove-the-time-and-minus-one-day-in-power-query","title":"How to remove the time and minus one day in Power Query?"},{"tags":["javascript","node.js","parallel-processing","mqtt"],"owner":{"account_id":22370044,"reputation":11,"user_id":16585261,"user_type":"registered","profile_image":"https://lh3.googleusercontent.com/a-/AOh14GgVyQ6a7ZX1-2rYTAquFCkMqFR-kCA163qwqM7HvA=k-s256","display_name":"Abhi Thakkar","link":"https://stackoverflow.com/users/16585261/abhi-thakkar"},"is_answered":false,"view_count":808,"answer_count":1,"score":1,"last_activity_date":1641379328,"creation_date":1641275726,"last_edit_date":1641379328,"question_id":70574580,"content_license":"CC BY-SA 4.0","link":"https://stackoverflow.com/questions/70574580/how-to-handle-messages-from-multiple-mqtt-clients-which-need-to-trigger-a-functi","title":"How to handle messages from multiple mqtt clients which need to trigger a function in node.js?"},{"tags":["python","json","list","loops","for-loop"],"owner":{"account_id":9187254,"reputation":57,"user_id":6828952,"user_type":"registered","accept_rate":18,"profile_image":"https://www.gravatar.com/avatar/3aa84dc3c8ccea7f9214b4fb2af3cd09?s=256&d=identicon&r=PG&f=y&so-version=2","display_name":"Potatooo","link":"https://stackoverflow.com/users/6828952/potatooo"},"is_answered":true,"view_count":55,"answer_count":1,"score":-1,"last_activity_date":1641281319,"creation_date":1641275716,"question_id":70574576,"content_license":"CC BY-SA 4.0","link":"https://stackoverflow.com/questions/70574576/converting-json-and-flatten-it-to-a-table-in-python","title":"Converting json and flatten it to a table in python"},{"tags":["javascript","html","css","reactjs"],"owner":{"account_id":14564685,"reputation":392,"user_id":10526314,"user_type":"registered","profile_image":"https://www.gravatar.com/avatar/168d991f4d731e4fd62c2c728e4e76fc?s=256&d=identicon&r=PG&f=y&so-version=2","display_name":"DottyPhone","link":"https://stackoverflow.com/users/10526314/dottyphone"},"is_answered":true,"view_count":141,"answer_count":1,"score":-2,"last_activity_date":1641281341,"creation_date":1641275689,"question_id":70574573,"content_license":"CC BY-SA 4.0","link":"https://stackoverflow.com/questions/70574573/catch-left-click-let-right-click-pass-through","title":"Catch left-click, let right-click pass through"},{"tags":["javascript","python","html","django","html5-audio"],"owner":{"account_id":6449942,"reputation":257,"user_id":4997197,"user_type":"registered","accept_rate":75,"profile_image":"https://www.gravatar.com/avatar/d72f3f786773147d3ff3ca8514df2a74?s=256&d=identicon&r=PG&f=y&so-version=2","display_name":"Josh","link":"https://stackoverflow.com/users/4997197/josh"},"is_answered":true,"view_count":264,"accepted_answer_id":70979054,"answer_count":1,"score":1,"last_activity_date":1646423985,"creation_date":1641275604,"question_id":70574567,"content_license":"CC BY-SA 4.0","link":"https://stackoverflow.com/questions/70574567/how-to-provide-seekable-scrubbable-audio-to-frontend-using-django","title":"How to provide seekable/scrubbable audio to frontend using Django"},{"tags":["flutter","shadow","flutter-widget","backdrop"],"owner":{"account_id":3688520,"reputation":3354,"user_id":3071728,"user_type":"registered","accept_rate":92,"profile_image":"https://i.stack.imgur.com/ZfQda.jpg?s=256&g=1","display_name":"MetaStack","link":"https://stackoverflow.com/users/3071728/metastack"},"is_answered":true,"view_count":672,"accepted_answer_id":70858626,"answer_count":1,"score":1,"last_activity_date":1643170776,"creation_date":1641275577,"question_id":70574564,"content_license":"CC BY-SA 4.0","link":"https://stackoverflow.com/questions/70574564/flutter-reverse-box-shadow-from-inside-to-outside","title":"Flutter reverse box shadow (from inside to outside)"},{"tags":["javascript","node.js","azure","azure-functions","blob"],"owner":{"account_id":10431657,"reputation":21,"user_id":7691316,"user_type":"registered","profile_image":"https://graph.facebook.com/1091773497601631/picture?type=large","display_name":"Praful Kabadi","link":"https://stackoverflow.com/users/7691316/praful-kabadi"},"is_answered":false,"view_count":580,"answer_count":1,"score":1,"last_activity_date":1641470628,"creation_date":1641275572,"question_id":70574562,"content_license":"CC BY-SA 4.0","link":"https://stackoverflow.com/questions/70574562/unable-to-download-all-the-blobs-in-a-container-from-azure-iot-hub-and-getting-e","title":"Unable to Download all the Blobs in a container from Azure IOT Hub and getting error: Cannot read property &#39;on&#39; of undefined"},{"tags":["next.js","nextjs-dynamic-routing"],"owner":{"account_id":22803768,"reputation":25,"user_id":16956071,"user_type":"registered","profile_image":"https://lh3.googleusercontent.com/a/AATXAJzoS3PUAdhU11-cRPqML9hKQ-egFPpj8wtuJ20T=k-s256","display_name":"Sai Manoj v","link":"https://stackoverflow.com/users/16956071/sai-manoj-v"},"is_answered":true,"view_count":523,"accepted_answer_id":70603462,"answer_count":1,"score":-1,"last_activity_date":1641451756,"creation_date":1641275549,"question_id":70574560,"content_license":"CC BY-SA 4.0","link":"https://stackoverflow.com/questions/70574560/cannot-access-files-inside-folder-in-next-js","title":"cannot access files inside folder in next js"},{"tags":["verilog"],"owner":{"account_id":20000687,"reputation":69,"user_id":14659694,"user_type":"registered","profile_image":"https://www.gravatar.com/avatar/4a6b6a345e8fdbc8602bb3cae08bc316?s=256&d=identicon&r=PG&f=y&so-version=2","display_name":"blueFish","link":"https://stackoverflow.com/users/14659694/bluefish"},"is_answered":false,"view_count":161,"answer_count":1,"score":-1,"last_activity_date":1641291426,"creation_date":1641275542,"question_id":70574559,"content_license":"CC BY-SA 4.0","link":"https://stackoverflow.com/questions/70574559/verilog-2to1-mux-bit-width","title":"Verilog 2to1 Mux bit width"},{"tags":["javascript","node.js","git","npm"],"owner":{"account_id":3106126,"reputation":31407,"user_id":2628868,"user_type":"registered","accept_rate":84,"profile_image":"https://i.stack.imgur.com/IcdU7.jpg?s=256&g=1","display_name":"Dolphin","link":"https://stackoverflow.com/users/2628868/dolphin"},"is_answered":false,"view_count":59,"answer_count":1,"score":0,"last_activity_date":1641349464,"creation_date":1641275510,"last_edit_date":1641349240,"question_id":70574552,"content_license":"CC BY-SA 4.0","link":"https://stackoverflow.com/questions/70574552/why-the-npm-url-dependencies-did-not-fetch-the-newest-code","title":"why the npm url dependencies did not fetch the newest code"},{"tags":["android","in-app-billing"],"owner":{"account_id":23820937,"reputation":21,"user_id":17828599,"user_type":"registered","profile_image":"https://lh3.googleusercontent.com/a/AATXAJz_EyrTiv8hnHj_6BH9K8y2YL9L4v7k8pYH83w=k-s256","display_name":"Shahryar Ahmad","link":"https://stackoverflow.com/users/17828599/shahryar-ahmad"},"is_answered":false,"view_count":327,"answer_count":1,"score":2,"last_activity_date":1641277467,"creation_date":1641275505,"question_id":70574551,"content_license":"CC BY-SA 4.0","link":"https://stackoverflow.com/questions/70574551/unable-to-test-in-app-billing-on-some-android-devices","title":"Unable to test in-app billing on some android devices"},{"tags":["gstreamer","gstreamer-1.0"],"owner":{"account_id":22947732,"reputation":63,"user_id":17079471,"user_type":"registered","profile_image":"https://lh3.googleusercontent.com/a-/AOh14GiP146kCsBbFQSaRg_kZUp6C0KD6QA5b--9ZLhp=k-s256","display_name":"Abhishek Purandare","link":"https://stackoverflow.com/users/17079471/abhishek-purandare"},"is_answered":false,"view_count":3271,"answer_count":1,"score":0,"last_activity_date":1641298929,"creation_date":1641275504,"question_id":70574550,"content_license":"CC BY-SA 4.0","link":"https://stackoverflow.com/questions/70574550/how-to-remove-gstreamer-plugin-from-the-blacklist","title":"How to remove Gstreamer plugin from the blacklist?"},{"tags":["javascript","html","function"],"owner":{"account_id":20846549,"reputation":29,"user_id":15311929,"user_type":"registered","profile_image":"https://www.gravatar.com/avatar/6a0a4dda739d9d897615602ded3ea15f?s=256&d=identicon&r=PG&f=y&so-version=2","display_name":"Ejones222","link":"https://stackoverflow.com/users/15311929/ejones222"},"is_answered":true,"view_count":463,"accepted_answer_id":70574671,"answer_count":1,"score":-1,"last_activity_date":1641276627,"creation_date":1641275449,"question_id":70574545,"content_license":"CC BY-SA 4.0","link":"https://stackoverflow.com/questions/70574545/how-to-get-nan-to-not-show-in-text-box","title":"How to get NaN to not show in text box"},{"tags":["javascript","node.js","reactjs","lambda","axios"],"owner":{"account_id":22538459,"reputation":69,"user_id":16729334,"user_type":"registered","profile_image":"https://www.gravatar.com/avatar/a32e2d20e96b0e8ef7764f58800c63fa?s=256&d=identicon&r=PG&f=y&so-version=2","display_name":"HipYThON0","link":"https://stackoverflow.com/users/16729334/hipython0"},"is_answered":true,"view_count":332,"accepted_answer_id":70577339,"answer_count":1,"score":0,"last_activity_date":1641292246,"creation_date":1641275446,"question_id":70574544,"content_license":"CC BY-SA 4.0","link":"https://stackoverflow.com/questions/70574544/axios-delete-method-with-lambda","title":"Axios delete method with Lambda"},{"tags":["python","multithreading","performance","redis","gevent"],"owner":{"account_id":6811556,"reputation":11,"user_id":5241528,"user_type":"registered","profile_image":"https://www.gravatar.com/avatar/d20366925f3a021db19e9946193c1d34?s=256&d=identicon&r=PG&f=y&so-version=2","display_name":"JinXing F","link":"https://stackoverflow.com/users/5241528/jinxing-f"},"is_answered":false,"view_count":261,"answer_count":0,"score":0,"last_activity_date":1641276132,"creation_date":1641275445,"last_edit_date":1641276132,"question_id":70574543,"content_license":"CC BY-SA 4.0","link":"https://stackoverflow.com/questions/70574543/can-not-understand-why-redis-gevent-multithreading-performence-is-so-pool","title":"Can not understand why `redis + gevent + multithreading` performence is so pool"},{"tags":["java","curl","jax-rs"],"owner":{"account_id":6968463,"reputation":4314,"user_id":5345646,"user_type":"registered","accept_rate":95,"profile_image":"https://i.stack.imgur.com/hTuR0.jpg?s=256&g=1","display_name":"Mooncrater","link":"https://stackoverflow.com/users/5345646/mooncrater"},"is_answered":false,"view_count":26,"answer_count":0,"score":0,"last_activity_date":1641275424,"creation_date":1641275424,"question_id":70574541,"content_license":"CC BY-SA 4.0","link":"https://stackoverflow.com/questions/70574541/how-to-mimic-javax-rs-webtargets-property-in-curl","title":"How to mimic javax rs&#39; WebTarget&#39;s &#39;property&#39; in curl?"},{"tags":["android","android-studio","kotlin","reformatting"],"owner":{"account_id":6403829,"reputation":11,"user_id":4965706,"user_type":"registered","profile_image":"https://i.stack.imgur.com/ZsgZ4.jpg?s=256&g=1","display_name":"Morteza Qorbani Nezhad","link":"https://stackoverflow.com/users/4965706/morteza-qorbani-nezhad"},"is_answered":false,"view_count":206,"answer_count":2,"score":0,"last_activity_date":1642275320,"creation_date":1641275386,"last_edit_date":1642198850,"question_id":70574536,"content_license":"CC BY-SA 4.0","link":"https://stackoverflow.com/questions/70574536/how-can-align-statements-on-kotlin-in-android-studio","title":"how can align statements on kotlin in android studio?"},{"tags":["c#"],"owner":{"account_id":21045862,"reputation":3,"user_id":15467195,"user_type":"registered","profile_image":"https://lh3.googleusercontent.com/a-/AOh14GgHiQiSO4mykDoqi0ZB7OMDd5tk897YXswZjRNSTg=k-s256","display_name":"blank","link":"https://stackoverflow.com/users/15467195/blank"},"is_answered":true,"view_count":357,"accepted_answer_id":70574643,"answer_count":1,"score":-1,"last_activity_date":1641276334,"creation_date":1641275364,"last_edit_date":1641275505,"question_id":70574533,"content_license":"CC BY-SA 4.0","link":"https://stackoverflow.com/questions/70574533/why-is-there-an-undefined-error-in-my-c-code","title":"Why is there an undefined error in my C# code?"},{"tags":["node.js","passport.js","middleware"],"owner":{"account_id":277625,"reputation":1438,"user_id":571723,"user_type":"registered","accept_rate":77,"profile_image":"https://www.gravatar.com/avatar/be1759766cc3c5e34c82749523e888ea?s=256&d=identicon&r=PG","display_name":"dmikester1","link":"https://stackoverflow.com/users/571723/dmikester1"},"is_answered":true,"view_count":653,"answer_count":2,"score":4,"last_activity_date":1642006538,"creation_date":1641275362,"last_edit_date":1641877626,"question_id":70574532,"content_license":"CC BY-SA 4.0","link":"https://stackoverflow.com/questions/70574532/passportjs-getting-back-custom-error-message-from-node-server-to-client","title":"PassportJS - Getting back custom error message from Node server to client"},{"tags":["javascript","reactjs"],"owner":{"account_id":23820895,"reputation":1,"user_id":17828560,"user_type":"registered","profile_image":"https://www.gravatar.com/avatar/d919a6e82eef7de6908859862a1b16ce?s=256&d=identicon&r=PG","display_name":"Risviantoe","link":"https://stackoverflow.com/users/17828560/risviantoe"},"is_answered":false,"view_count":251,"answer_count":1,"score":0,"last_activity_date":1641282234,"creation_date":1641275275,"question_id":70574524,"content_license":"CC BY-SA 4.0","link":"https://stackoverflow.com/questions/70574524/react-js-inline-style-not-working-on-loop-condition","title":"React Js Inline style not working on loop condition"}],"has_more":true,"quota_max":300,"quota_remaining":286}