{"items":[{"tags":["flutter","dart"],"owner":{"account_id":5656040,"reputation":3184,"user_id":4475206,"user_type":"registered","accept_rate":80,"profile_image":"https://i.stack.imgur.com/JEpYR.jpg?s=256&g=1","display_name":"Roar Gr&#248;nmo","link":"https://stackoverflow.com/users/4475206/roar-gr%c3%b8nmo"},"is_answered":true,"view_count":996,"accepted_answer_id":71827687,"answer_count":1,"score":0,"last_activity_date":1649743326,"creation_date":1649678398,"question_id":71827472,"content_license":"CC BY-SA 4.0","link":"https://stackoverflow.com/questions/71827472/how-to-convert-enums-to-mapint-string-in-dart-flutter","title":"How to convert enums to Map&lt;int, String&gt; in dart (Flutter)"},{"tags":["python","concurrency","action","semaphore","barrier"],"owner":{"account_id":20951066,"reputation":21,"user_id":15392732,"user_type":"registered","profile_image":"https://www.gravatar.com/avatar/a89e0c42dabd286667ef30c001d398ee?s=256&d=identicon&r=PG&f=y&so-version=2","display_name":"XieBing","link":"https://stackoverflow.com/users/15392732/xiebing"},"is_answered":false,"view_count":48,"answer_count":0,"score":1,"last_activity_date":1649678388,"creation_date":1649678388,"question_id":71827471,"content_license":"CC BY-SA 4.0","link":"https://stackoverflow.com/questions/71827471/why-can-not-release-semaphore-in-barriers-action","title":"Why can not release semaphore in barrier&#39;s action"},{"tags":["algorithm","architecture"],"owner":{"account_id":9532175,"reputation":607,"user_id":7083440,"user_type":"registered","profile_image":"https://lh5.googleusercontent.com/-WIpVIhwg1e0/AAAAAAAAAAI/AAAAAAAAAAA/tWAFzddHOiQ/photo.jpg?sz=256","display_name":"SHRUTHI BHARADWAJ","link":"https://stackoverflow.com/users/7083440/shruthi-bharadwaj"},"is_answered":false,"view_count":70,"answer_count":0,"score":0,"last_activity_date":1649678383,"creation_date":1649678383,"question_id":71827469,"content_license":"CC BY-SA 4.0","link":"https://stackoverflow.com/questions/71827469/high-level-design-for-billing-cycle-closure","title":"High Level Design for billing cycle closure"},{"tags":["python","machine-learning","scikit-learn"],"owner":{"account_id":24473784,"reputation":1,"user_id":18393108,"user_type":"registered","profile_image":"https://lh3.googleusercontent.com/a/AATXAJw67-afvJqwBFvGtAdEVu9zEoLRXhetAIzCvvD5=k-s256","display_name":"Aladeloye Doyinsola","link":"https://stackoverflow.com/users/18393108/aladeloye-doyinsola"},"is_answered":true,"view_count":117,"answer_count":1,"score":0,"last_activity_date":1649684472,"creation_date":1649678381,"question_id":71827468,"content_license":"CC BY-SA 4.0","link":"https://stackoverflow.com/questions/71827468/after-using-logistics-regression-i-got-valueerror-y-should-be-a-1d-array-got-a","title":"after using logistics regression i got ValueError: y should be a 1d array, got an array of shape (295, 7) instead"},{"tags":["python","django","django-rest-framework","pytest","django-testing"],"owner":{"account_id":24900772,"reputation":1,"user_id":18771476,"user_type":"registered","profile_image":"https://lh3.googleusercontent.com/a/AATXAJzhLW7BxeQDWNBdIHqX6qrtVVn2B4fGqC01mbKm=k-s256","display_name":"bryantjo","link":"https://stackoverflow.com/users/18771476/bryantjo"},"is_answered":true,"view_count":427,"answer_count":1,"score":0,"last_activity_date":1649679234,"creation_date":1649678361,"question_id":71827462,"content_license":"CC BY-SA 4.0","link":"https://stackoverflow.com/questions/71827462/how-can-i-solve-the-not-found-problem-when-getting-from-pytest-django-through-pk","title":"How can I solve the Not found problem when getting from pytest-django through pk?"},{"tags":["database","mongodb","api"],"owner":{"account_id":21474361,"reputation":17,"user_id":15822881,"user_type":"registered","profile_image":"https://lh3.googleusercontent.com/a-/AOh14GjAVMy4__JR5-P6Ck_CMdmkqVdtqcbZh0-dcFxe1Q=k-s256","display_name":"Abdullah Rehmani","link":"https://stackoverflow.com/users/15822881/abdullah-rehmani"},"is_answered":false,"view_count":38,"answer_count":0,"score":0,"last_activity_date":1649678504,"creation_date":1649678318,"last_edit_date":1649678504,"question_id":71827457,"content_license":"CC BY-SA 4.0","link":"https://stackoverflow.com/questions/71827457/mongodb-search-query-with-specific-id","title":"MongoDB search query with specific id"},{"tags":["mongodb","windows","shell","mongoexport"],"owner":{"account_id":17490057,"reputation":79,"user_id":12682397,"user_type":"registered","profile_image":"https://lh3.googleusercontent.com/a-/AAuE7mAmqU9xfBFKhiOLpcEbFKpqeoCEjLztxJk2s2YpXg=k-s256","display_name":"vinod chowdary","link":"https://stackoverflow.com/users/12682397/vinod-chowdary"},"is_answered":false,"view_count":167,"answer_count":0,"score":0,"last_activity_date":1649762643,"creation_date":1649678317,"last_edit_date":1649762643,"question_id":71827456,"content_license":"CC BY-SA 4.0","link":"https://stackoverflow.com/questions/71827456/not-able-to-connect-to-mongodb-from-shell-script","title":"not able to connect to mongoDb from shell script"},{"tags":["google-cloud-vision","google-cloud-php-client"],"owner":{"account_id":21865622,"reputation":99,"user_id":16155853,"user_type":"registered","profile_image":"https://i.stack.imgur.com/TkIys.jpg?s=256&g=1","display_name":"R&#233;mi Bernard","link":"https://stackoverflow.com/users/16155853/r%c3%a9mi-bernard"},"is_answered":true,"view_count":464,"accepted_answer_id":71846093,"answer_count":1,"score":1,"last_activity_date":1649780418,"creation_date":1649678296,"last_edit_date":1649678993,"question_id":71827453,"content_license":"CC BY-SA 4.0","link":"https://stackoverflow.com/questions/71827453/google-cloud-vision-php-make-batch-request","title":"Google Cloud Vision PHP — Make Batch Request"},{"tags":["c++","multithreading","c++11"],"owner":{"account_id":19645641,"reputation":27,"user_id":14380723,"user_type":"registered","profile_image":"https://lh3.googleusercontent.com/a-/AOh14GjKdViOaG8F5Q64OTpamxR-qS85_jvUfbfEvdcSnA=k-s256","display_name":"M. Yusuf Suleman","link":"https://stackoverflow.com/users/14380723/m-yusuf-suleman"},"is_answered":true,"view_count":333,"closed_date":1649699136,"accepted_answer_id":71828188,"answer_count":1,"score":0,"last_activity_date":1649690751,"creation_date":1649678292,"last_edit_date":1649685558,"question_id":71827452,"link":"https://stackoverflow.com/questions/71827452/make-thread-array-in-c","closed_reason":"Not suitable for this site","title":"Make thread array in C++"},{"tags":["html","jquery","css"],"owner":{"account_id":24601120,"reputation":29,"user_id":18503990,"user_type":"registered","profile_image":"https://www.gravatar.com/avatar/63a38ca64173c50400dc47f9bd684326?s=256&d=identicon&r=PG","display_name":"Jinal Patel","link":"https://stackoverflow.com/users/18503990/jinal-patel"},"is_answered":true,"view_count":63,"answer_count":6,"score":1,"last_activity_date":1650634755,"creation_date":1649678289,"last_edit_date":1649678968,"question_id":71827449,"content_license":"CC BY-SA 4.0","link":"https://stackoverflow.com/questions/71827449/i-want-to-meet-the-following-conditions-by-jquery-but-i-am-getting-error-somehow","title":"I want to meet the following conditions by jquery but I am getting error somehow"},{"tags":["laravel","laravel-fortify"],"owner":{"account_id":2343591,"reputation":2425,"user_id":10873713,"user_type":"registered","profile_image":"https://www.gravatar.com/avatar/2da0db1c48d38ef2c6de30a85a2eb92b?s=256&d=identicon&r=PG","display_name":"mstdmstd","link":"https://stackoverflow.com/users/10873713/mstdmstd"},"is_answered":true,"view_count":3831,"accepted_answer_id":71827635,"answer_count":2,"score":0,"last_activity_date":1666885253,"creation_date":1649678272,"question_id":71827446,"content_license":"CC BY-SA 4.0","link":"https://stackoverflow.com/questions/71827446/how-to-change-login-url-with-fortify","title":"How to change “/login” url with Fortify?"},{"tags":["javascript","ruby-on-rails","ajax","controller"],"owner":{"account_id":22659082,"reputation":499,"user_id":16832496,"user_type":"registered","profile_image":"https://www.gravatar.com/avatar/255f20b16ebc0596cb698eac1b4b6206?s=256&d=identicon&r=PG&f=y&so-version=2","display_name":"josegp","link":"https://stackoverflow.com/users/16832496/josegp"},"is_answered":true,"view_count":287,"accepted_answer_id":71835044,"answer_count":1,"score":0,"last_activity_date":1649716490,"creation_date":1649678267,"last_edit_date":1649682152,"question_id":71827444,"content_license":"CC BY-SA 4.0","link":"https://stackoverflow.com/questions/71827444/rails-ajax-actioncontrollerunknownformat","title":"Rails - Ajax: ActionController::UnknownFormat"},{"tags":["reactjs","material-ui","multi-select"],"owner":{"account_id":24900753,"reputation":1,"user_id":18771463,"user_type":"registered","profile_image":"https://www.gravatar.com/avatar/f55cc2c3ac77b2f170694203415a7bd6?s=256&d=identicon&r=PG","display_name":"Kubabiki","link":"https://stackoverflow.com/users/18771463/kubabiki"},"is_answered":false,"view_count":588,"answer_count":1,"score":0,"last_activity_date":1672347937,"creation_date":1649678240,"question_id":71827436,"content_license":"CC BY-SA 4.0","link":"https://stackoverflow.com/questions/71827436/react-material-ui-sticky-select-all-in-top-of-the-list","title":"React material ui sticky select all in top of the list"},{"tags":["limesurvey"],"owner":{"account_id":24900800,"reputation":1,"user_id":18771501,"user_type":"registered","profile_image":"https://i.stack.imgur.com/YGmga.jpg?s=256&g=1","display_name":"Mochii","link":"https://stackoverflow.com/users/18771501/mochii"},"is_answered":false,"view_count":33,"answer_count":0,"score":0,"last_activity_date":1649678216,"creation_date":1649678216,"question_id":71827432,"content_license":"CC BY-SA 4.0","link":"https://stackoverflow.com/questions/71827432/developping-sub-level-menus-on-limesurvey","title":"Developping sub-level menus on LimeSurvey"},{"tags":["java","testing","junit","mocking"],"owner":{"account_id":24900718,"reputation":11,"user_id":18771429,"user_type":"registered","profile_image":"https://www.gravatar.com/avatar/e8363b754dd255d269372131c26b9918?s=256&d=identicon&r=PG","display_name":"ProBeginner","link":"https://stackoverflow.com/users/18771429/probeginner"},"is_answered":false,"view_count":64,"answer_count":0,"score":1,"last_activity_date":1649679692,"creation_date":1649678216,"question_id":71827433,"content_license":"CC BY-SA 4.0","link":"https://stackoverflow.com/questions/71827433/test-outputstream-by-using-injectmocks","title":"Test outputstream by using InjectMocks"},{"tags":["mysql","database"],"owner":{"account_id":23960083,"reputation":11,"user_id":17950296,"user_type":"registered","profile_image":"https://lh3.googleusercontent.com/a/AATXAJwG4ZAvPigoTBULItDEygsXLUa9_XMzOEbDjeCu=k-s256","display_name":"gulade47","link":"https://stackoverflow.com/users/17950296/gulade47"},"is_answered":false,"view_count":10,"closed_date":1649678496,"answer_count":0,"score":0,"last_activity_date":1649678379,"creation_date":1649678209,"last_edit_date":1649678379,"question_id":71827430,"link":"https://stackoverflow.com/questions/71827430/having-issues-with-fk-constraints-in-mysql","closed_reason":"Duplicate","title":"Having issues with FK constraints in MySQL"},{"tags":["css","css-animations"],"owner":{"account_id":24900788,"reputation":35,"user_id":18771491,"user_type":"registered","profile_image":"https://www.gravatar.com/avatar/6ef65e59d63080df14feed39e3215f10?s=256&d=identicon&r=PG","display_name":"Bartlomiej Dlugosz","link":"https://stackoverflow.com/users/18771491/bartlomiej-dlugosz"},"is_answered":true,"view_count":1068,"accepted_answer_id":71828509,"answer_count":4,"score":0,"last_activity_date":1671582898,"creation_date":1649678201,"question_id":71827429,"content_license":"CC BY-SA 4.0","link":"https://stackoverflow.com/questions/71827429/stop-shaking-in-css-animation","title":"Stop shaking in CSS animation"},{"tags":["c#","azure","azure-table-storage"],"owner":{"account_id":6681155,"reputation":361,"user_id":5154282,"user_type":"registered","accept_rate":50,"profile_image":"https://graph.facebook.com/840614639355072/picture?type=large","display_name":"Daniel Schmid","link":"https://stackoverflow.com/users/5154282/daniel-schmid"},"is_answered":true,"view_count":1306,"answer_count":1,"score":0,"last_activity_date":1649678656,"creation_date":1649678157,"question_id":71827419,"content_license":"CC BY-SA 4.0","link":"https://stackoverflow.com/questions/71827419/how-to-use-tableclientoptions-with-tableclient-for-azure-table-storage-retries","title":"How to use TableClientOptions with TableClient for Azure Table Storage retries?"},{"tags":["linux","docker","docker-compose"],"owner":{"account_id":9839680,"reputation":45,"user_id":8274777,"user_type":"registered","profile_image":"https://www.gravatar.com/avatar/8f96fae05f6726b05297461efefa1d2f?s=256&d=identicon&r=PG&f=y&so-version=2","display_name":"Squirrel","link":"https://stackoverflow.com/users/8274777/squirrel"},"is_answered":true,"view_count":79,"accepted_answer_id":71827674,"answer_count":1,"score":0,"last_activity_date":1649682073,"creation_date":1649678145,"question_id":71827416,"content_license":"CC BY-SA 4.0","link":"https://stackoverflow.com/questions/71827416/docker-compose-removes-sibling-container","title":"docker-compose removes sibling container"},{"tags":["python","linux","docker","trafficshaping"],"owner":{"account_id":19104937,"reputation":792,"user_id":15098992,"user_type":"registered","profile_image":"https://www.gravatar.com/avatar/9ded2c823f72d2f4324705fccc064ac1?s=256&d=identicon&r=PG&f=y&so-version=2","display_name":"user107511","link":"https://stackoverflow.com/users/15098992/user107511"},"is_answered":false,"view_count":59,"answer_count":1,"score":0,"last_activity_date":1649678118,"creation_date":1649678118,"question_id":71827409,"content_license":"CC BY-SA 4.0","link":"https://stackoverflow.com/questions/71827409/tcconfig-throws-valueerror-when-setting-deleting-traffic-control-on-docker-con","title":"`tcconfig` throws ValueError when setting/deleting traffic control on docker container"},{"tags":["c++","matrix","bitset"],"owner":{"account_id":15543227,"reputation":332,"user_id":14230640,"user_type":"registered","profile_image":"https://i.stack.imgur.com/hijSp.jpg?s=256&g=1","display_name":"Parzival","link":"https://stackoverflow.com/users/14230640/parzival"},"is_answered":true,"view_count":23,"accepted_answer_id":71827627,"answer_count":1,"score":0,"last_activity_date":1649679082,"creation_date":1649678117,"question_id":71827407,"content_license":"CC BY-SA 4.0","link":"https://stackoverflow.com/questions/71827407/populating-matrix-by-comparing-2-bits-from-2-bitsets","title":"Populating matrix by comparing 2 bits from 2 bitsets?"},{"tags":["python","php","html","jupyter-notebook","jupyter-lab"],"owner":{"account_id":10436468,"reputation":11,"user_id":12760080,"user_type":"registered","profile_image":"https://www.gravatar.com/avatar/ab73532dad65485f6326b10fc3c02eef?s=256&d=identicon&r=PG&f=y&so-version=2","display_name":"user12760080","link":"https://stackoverflow.com/users/12760080/user12760080"},"is_answered":false,"view_count":852,"answer_count":1,"score":0,"last_activity_date":1649682540,"creation_date":1649678094,"question_id":71827403,"content_license":"CC BY-SA 4.0","link":"https://stackoverflow.com/questions/71827403/how-to-visualize-python-jupyter-notebook-results-in-a-web-site-web-page-or-das","title":"How to Visualize Python / Jupyter Notebook Results in a Web Site/Web Page or Dashboard?"},{"tags":["amazon-web-services","amazon-vpc","aws-application-load-balancer"],"owner":{"account_id":24898957,"reputation":3,"user_id":18769863,"user_type":"registered","profile_image":"https://www.gravatar.com/avatar/cf0d757449ef2531a708631f8274c21d?s=256&d=identicon&r=PG","display_name":"Matthieu T","link":"https://stackoverflow.com/users/18769863/matthieu-t"},"is_answered":true,"view_count":829,"accepted_answer_id":71828317,"answer_count":1,"score":0,"last_activity_date":1649682021,"creation_date":1649678094,"last_edit_date":1649681946,"question_id":71827402,"content_license":"CC BY-SA 4.0","link":"https://stackoverflow.com/questions/71827402/unable-to-connect-to-aws-alb-through-client-vpn","title":"Unable to connect to AWS ALB through client VPN"},{"tags":["vba","forms","ms-word","populate","bookmarks"],"owner":{"account_id":7500433,"reputation":1,"user_id":6239230,"user_type":"registered","profile_image":"https://i.stack.imgur.com/S0j5e.jpg?s=256&g=1","display_name":"vldmrnnc","link":"https://stackoverflow.com/users/6239230/vldmrnnc"},"is_answered":false,"view_count":52,"answer_count":0,"score":0,"last_activity_date":1649716521,"creation_date":1649678088,"last_edit_date":1649716521,"question_id":71827401,"content_license":"CC BY-SA 4.0","link":"https://stackoverflow.com/questions/71827401/ms-word-populate-text-after-is-inserted-via-vba-form","title":"MS Word populate text after is inserted via VBA form"},{"tags":["javascript","reactjs","logout"],"owner":{"account_id":22392365,"reputation":205,"user_id":16604189,"user_type":"registered","profile_image":"https://lh3.googleusercontent.com/a-/AOh14GjUJs1xTotllGChYDaiPxB9z23bz8rXwok2EEoQ=k-s256","display_name":"S&#252;leyman Eminbəyli","link":"https://stackoverflow.com/users/16604189/s%c3%bcleyman-eminb%c9%99yli"},"is_answered":true,"view_count":1334,"accepted_answer_id":71827518,"answer_count":3,"score":0,"last_activity_date":1649689421,"creation_date":1649678061,"last_edit_date":1649689421,"question_id":71827394,"content_license":"CC BY-SA 4.0","link":"https://stackoverflow.com/questions/71827394/logout-button-doesnt-respond-when-clicked-in-react-js","title":"Logout button doesn&#39;t respond when clicked in React.js"},{"tags":["c#",".net","asp.net-core",".net-core"],"owner":{"account_id":9552492,"reputation":197,"user_id":7096164,"user_type":"registered","profile_image":"https://i.stack.imgur.com/x4MrO.png?s=256&g=1","display_name":"Mr.Grease","link":"https://stackoverflow.com/users/7096164/mr-grease"},"is_answered":true,"view_count":330,"accepted_answer_id":71852904,"answer_count":1,"score":0,"last_activity_date":1692318832,"creation_date":1649678060,"last_edit_date":1649751411,"question_id":71827393,"content_license":"CC BY-SA 4.0","link":"https://stackoverflow.com/questions/71827393/how-to-use-net-identity-scaffold-users-in-models","title":"How to use .NET Identity scaffold users in models"},{"tags":["jupyter-notebook","jupyter","jupyter-lab","jupyterhub","binderhub"],"owner":{"account_id":20900386,"reputation":81,"user_id":15353638,"user_type":"registered","profile_image":"https://www.gravatar.com/avatar/5ecc9442b3802be96c67e0932ff968da?s=256&d=identicon&r=PG&f=y&so-version=2","display_name":"Prunus Cerasus","link":"https://stackoverflow.com/users/15353638/prunus-cerasus"},"is_answered":true,"view_count":147,"accepted_answer_id":71842148,"answer_count":1,"score":0,"last_activity_date":1649764191,"creation_date":1649678041,"question_id":71827389,"content_license":"CC BY-SA 4.0","link":"https://stackoverflow.com/questions/71827389/how-to-continue-in-computation-process-in-jupyter-notebook-on-different-device","title":"How to continue in computation process in Jupyter notebook on different device"},{"tags":["encryption","tcl"],"owner":{"account_id":4744179,"reputation":67,"user_id":3835935,"user_type":"registered","profile_image":"https://www.gravatar.com/avatar/0d6d27d07ea919800532e50f83372419?s=256&d=identicon&r=PG&f=y&so-version=2","display_name":"user3835935","link":"https://stackoverflow.com/users/3835935/user3835935"},"is_answered":true,"view_count":130,"answer_count":1,"score":1,"last_activity_date":1649684096,"creation_date":1649678030,"question_id":71827388,"content_license":"CC BY-SA 4.0","link":"https://stackoverflow.com/questions/71827388/encrypt-file-and-hide-the-code-from-info-body","title":"Encrypt file and hide the code from &quot;info body&quot;"},{"tags":["laravel"],"owner":{"account_id":20462768,"reputation":11,"user_id":15015010,"user_type":"registered","profile_image":"https://graph.facebook.com/3665792693515315/picture?type=large","display_name":"AmbitiousProgrammer","link":"https://stackoverflow.com/users/15015010/ambitiousprogrammer"},"is_answered":false,"view_count":38,"answer_count":1,"score":-4,"last_activity_date":1699155461,"creation_date":1649678002,"question_id":71827377,"content_license":"CC BY-SA 4.0","link":"https://stackoverflow.com/questions/71827377/cant-find-select-from-bedrijfs","title":"Cant find select * from `bedrijfs`"},{"tags":["python","pygame"],"owner":{"account_id":24900622,"reputation":1,"user_id":18771339,"user_type":"registered","profile_image":"https://www.gravatar.com/avatar/cbaf70b11438aaf50aad361db0890b31?s=256&d=identicon&r=PG","display_name":"talentless_programmer","link":"https://stackoverflow.com/users/18771339/talentless-programmer"},"is_answered":true,"view_count":44,"answer_count":1,"score":0,"last_activity_date":1649815061,"creation_date":1649677975,"question_id":71827372,"content_license":"CC BY-SA 4.0","link":"https://stackoverflow.com/questions/71827372/typeerror-invalid-destination-position-for-blit-i-looked-at-other-solutions-to","title":"TypeError: invalid destination position for blit (I looked at other solutions to this but they don&#39;t work for some reason)"}],"has_more":true,"quota_max":300,"quota_remaining":69}