{"items":[{"tags":["shell","grep","echo","stdin","cat"],"owner":{"account_id":16650127,"reputation":644,"user_id":12401525,"user_type":"registered","profile_image":"https://www.gravatar.com/avatar/f9b692051fe2df6a5c51a6b578aafe05?s=256&d=identicon&r=PG&f=y&so-version=2","display_name":"Rizzer","link":"https://stackoverflow.com/users/12401525/rizzer"},"is_answered":false,"view_count":115,"closed_date":1646811285,"answer_count":1,"score":1,"last_activity_date":1646402900,"creation_date":1646395187,"question_id":71351092,"link":"https://stackoverflow.com/questions/71351092/how-to-copypaste-cleanly-into-grep","closed_reason":"Not suitable for this site","title":"how to copy&amp;paste cleanly into grep?"},{"tags":["php","apache","server","timeout","prestashop"],"owner":{"account_id":21281133,"reputation":111,"user_id":18373342,"user_type":"registered","profile_image":"https://i.stack.imgur.com/w7HsC.png?s=256&g=1","display_name":"Sara11","link":"https://stackoverflow.com/users/18373342/sara11"},"is_answered":true,"view_count":296,"answer_count":1,"score":1,"last_activity_date":1647396573,"creation_date":1646395171,"question_id":71351089,"content_license":"CC BY-SA 4.0","link":"https://stackoverflow.com/questions/71351089/creation-of-client-account-in-website-prestashop-error-504","title":"Creation of client account in website - prestashop error 504"},{"tags":["terraform","devops"],"owner":{"account_id":24451062,"reputation":1,"user_id":18373310,"user_type":"registered","profile_image":"https://www.gravatar.com/avatar/6c767471138d1f0a794cbf5de32a92b2?s=256&d=identicon&r=PG","display_name":"mdizhar","link":"https://stackoverflow.com/users/18373310/mdizhar"},"is_answered":false,"view_count":225,"answer_count":1,"score":0,"last_activity_date":1646422840,"creation_date":1646395097,"question_id":71351078,"content_license":"CC BY-SA 4.0","link":"https://stackoverflow.com/questions/71351078/why-terraform-validate-is-giving-error-on-my-declared-varaibles","title":"Why terraform validate is giving error on my declared varaibles?"},{"tags":["c++"],"owner":{"account_id":1392072,"reputation":1843,"user_id":1322654,"user_type":"registered","accept_rate":57,"profile_image":"https://i.stack.imgur.com/bYWQj.jpg?s=256&g=1","display_name":"Richard Bamford","link":"https://stackoverflow.com/users/1322654/richard-bamford"},"is_answered":true,"view_count":159,"accepted_answer_id":71351131,"answer_count":1,"score":1,"last_activity_date":1646418349,"creation_date":1646395097,"question_id":71351077,"content_license":"CC BY-SA 4.0","link":"https://stackoverflow.com/questions/71351077/how-to-handle-classes-that-are-not-copyable","title":"How to handle classes that are not copyable?"},{"tags":["ansible","jinja2"],"owner":{"account_id":19696192,"reputation":39,"user_id":14420050,"user_type":"registered","profile_image":"https://www.gravatar.com/avatar/da7ef90458555410b4190a106f5a0f6b?s=256&d=identicon&r=PG&f=y&so-version=2","display_name":"Lucifer","link":"https://stackoverflow.com/users/14420050/lucifer"},"is_answered":true,"view_count":2102,"accepted_answer_id":71352056,"answer_count":1,"score":1,"last_activity_date":1646646269,"creation_date":1646395091,"last_edit_date":1646646269,"question_id":71351075,"content_license":"CC BY-SA 4.0","link":"https://stackoverflow.com/questions/71351075/selectattr-returns-generator-rows-and-cannot-use-results-as-a-dict","title":"selectattr returns generator rows and cannot use results as a dict"},{"tags":["security","debugging","ionic-framework","memory","ionic2"],"owner":{"account_id":14153377,"reputation":1,"user_id":10224794,"user_type":"registered","profile_image":"https://www.gravatar.com/avatar/0f606e2f827827cf50779ce85c3e7284?s=256&d=identicon&r=PG&f=y&so-version=2","display_name":"Vinu V","link":"https://stackoverflow.com/users/10224794/vinu-v"},"is_answered":true,"view_count":364,"accepted_answer_id":71422363,"answer_count":1,"score":0,"last_activity_date":1646923885,"creation_date":1646395083,"question_id":71351073,"content_license":"CC BY-SA 4.0","link":"https://stackoverflow.com/questions/71351073/memory-leaks-sensitive-information-ionic","title":"Memory leaks sensitive information - Ionic"},{"tags":["dataframe","scala","apache-spark","apache-spark-sql"],"owner":{"account_id":14961823,"reputation":11,"user_id":10801346,"user_type":"registered","profile_image":"https://www.gravatar.com/avatar/704bed4f66fb130a838f2773ba20d8fb?s=256&d=identicon&r=PG&f=y&so-version=2","display_name":"DG_spark","link":"https://stackoverflow.com/users/10801346/dg-spark"},"is_answered":false,"view_count":53,"answer_count":0,"score":1,"last_activity_date":1646631665,"creation_date":1646395064,"last_edit_date":1646631665,"question_id":71351070,"content_license":"CC BY-SA 4.0","link":"https://stackoverflow.com/questions/71351070/spark-3-0-2-spark-analyzer-is-not-invoking-resolvemissingreferences-while-reusi","title":"spark 3.0.2: Spark analyzer is not invoking ResolveMissingReferences while reusing the same projection after caching"},{"tags":["node.js","reactjs","mongodb"],"owner":{"account_id":24451004,"reputation":31,"user_id":18373258,"user_type":"registered","profile_image":"https://lh3.googleusercontent.com/a/AATXAJyrmpTaDPbKJEhC-BYiPQhWVkrs7Vm6Ox9MH3AO=k-s256","display_name":"Morad","link":"https://stackoverflow.com/users/18373258/morad"},"is_answered":false,"view_count":881,"answer_count":0,"score":3,"last_activity_date":1646395012,"creation_date":1646395012,"question_id":71351062,"content_license":"CC BY-SA 4.0","link":"https://stackoverflow.com/questions/71351062/module-not-found-error-cant-resolve-crypto-in-node-modules-jwa","title":"Module not found: Error: Can&#39;t resolve &#39;crypto&#39; in node_modules\\jwa"},{"tags":["sql","oracle","sql-update"],"owner":{"account_id":10526478,"reputation":357,"user_id":8487384,"user_type":"registered","accept_rate":33,"profile_image":"https://www.gravatar.com/avatar/e5ceb76bb9f0a1399035d237a03dd9c3?s=256&d=identicon&r=PG&f=y&so-version=2","display_name":"Shahin P","link":"https://stackoverflow.com/users/8487384/shahin-p"},"is_answered":true,"view_count":32,"accepted_answer_id":71351147,"answer_count":1,"score":0,"last_activity_date":1646398942,"creation_date":1646394980,"last_edit_date":1646398942,"question_id":71351056,"content_license":"CC BY-SA 4.0","link":"https://stackoverflow.com/questions/71351056/update-multiple-records-once-at-a-time-based-on-some-conditions","title":"Update multiple records once at a time based on some conditions"},{"tags":["java","android","java-native-interface","signals","android-broadcast"],"owner":{"account_id":17626318,"reputation":1095,"user_id":12791298,"user_type":"registered","profile_image":"https://i.stack.imgur.com/4XYaj.jpg?s=256&g=1","display_name":"NightFuryLxD","link":"https://stackoverflow.com/users/12791298/nightfurylxd"},"is_answered":false,"view_count":199,"answer_count":0,"score":0,"last_activity_date":1646394969,"creation_date":1646394969,"question_id":71351054,"content_license":"CC BY-SA 4.0","link":"https://stackoverflow.com/questions/71351054/unix-signals-in-android","title":"Unix signals in Android"},{"tags":["next.js","payload"],"owner":{"account_id":13169792,"reputation":11,"user_id":9512626,"user_type":"registered","profile_image":"https://graph.facebook.com/2045332615494300/picture?type=large","display_name":"Dele Olorunsola","link":"https://stackoverflow.com/users/9512626/dele-olorunsola"},"is_answered":false,"view_count":2238,"answer_count":1,"score":0,"last_activity_date":1646404253,"creation_date":1646394966,"question_id":71351053,"content_license":"CC BY-SA 4.0","link":"https://stackoverflow.com/questions/71351053/nextjs-errormessage-response-payload-size-exceeded-maximum-allowed-payload-siz","title":"NextJS errorMessage: &quot;Response payload size exceeded maximum allowed payload size (6291556 bytes)&quot;"},{"tags":["java","multithreading"],"owner":{"account_id":785941,"reputation":6523,"user_id":857741,"user_type":"registered","accept_rate":80,"profile_image":"https://www.gravatar.com/avatar/1aebaf4fe7c5b3aa038d52f8c6c3301a?s=256&d=identicon&r=PG","display_name":"LetMeSOThat4U","link":"https://stackoverflow.com/users/857741/letmesothat4u"},"is_answered":false,"view_count":25,"closed_date":1646395771,"answer_count":0,"score":1,"last_activity_date":1646394952,"creation_date":1646394952,"question_id":71351049,"link":"https://stackoverflow.com/questions/71351049/java-write-access-to-a-volatile-variable-impact-on-other-variables","closed_reason":"Duplicate","title":"Java: write access to a volatile variable - impact on other variables"},{"tags":["azure-synapse"],"owner":{"account_id":3584929,"reputation":53,"user_id":2992328,"user_type":"registered","profile_image":"https://www.gravatar.com/avatar/8155e47079ef7d3c4a4e80f2a143a8ec?s=256&d=identicon&r=PG&f=y&so-version=2","display_name":"stetou","link":"https://stackoverflow.com/users/2992328/stetou"},"is_answered":true,"view_count":109,"accepted_answer_id":71351223,"answer_count":1,"score":1,"last_activity_date":1646395941,"creation_date":1646394952,"question_id":71351048,"content_license":"CC BY-SA 4.0","link":"https://stackoverflow.com/questions/71351048/if-and-switch-activities-not-available-in-the-pipeline-activities-pane","title":"IF and Switch activities not available in the pipeline Activities pane"},{"tags":["python","pandas","histogram2d"],"owner":{"account_id":10054171,"reputation":1587,"user_id":7432953,"user_type":"registered","accept_rate":33,"profile_image":"https://www.gravatar.com/avatar/646deebd726ba772171f16ecadb4ab38?s=256&d=identicon&r=PG&f=y&so-version=2","display_name":"vftw","link":"https://stackoverflow.com/users/7432953/vftw"},"is_answered":true,"view_count":64,"accepted_answer_id":71351106,"answer_count":1,"score":0,"last_activity_date":1646395264,"creation_date":1646394941,"question_id":71351047,"content_license":"CC BY-SA 4.0","link":"https://stackoverflow.com/questions/71351047/compare-different-histogram2d-binnings-using-the-same-edges","title":"Compare different histogram2d binnings using the same edges"},{"tags":["windows","autohotkey"],"owner":{"account_id":192606,"reputation":9881,"user_id":433835,"user_type":"registered","accept_rate":95,"profile_image":"https://www.gravatar.com/avatar/3e2d4d28e146d5ea68425807f4040c07?s=256&d=identicon&r=PG","display_name":"Koh&#225;nyi R&#243;bert","link":"https://stackoverflow.com/users/433835/koh%c3%a1nyi-r%c3%b3bert"},"is_answered":true,"view_count":110,"answer_count":1,"score":0,"last_activity_date":1665832795,"creation_date":1646394940,"question_id":71351046,"content_license":"CC BY-SA 4.0","link":"https://stackoverflow.com/questions/71351046/determining-location-of-text-input-caret-location-globally-on-screen-in-windows","title":"Determining location of text input caret location globally on screen in Windows"},{"tags":["installation","inno-setup","setuptools"],"owner":{"account_id":23893114,"reputation":40,"user_id":17892489,"user_type":"registered","profile_image":"https://lh3.googleusercontent.com/a/AATXAJxEyaS4W8trbd3zZtIwc_tUdsovbzJxsD1vsJQR=k-s256","display_name":"Naitik Mundra","link":"https://stackoverflow.com/users/17892489/naitik-mundra"},"is_answered":false,"view_count":195,"answer_count":0,"score":0,"last_activity_date":1646394939,"creation_date":1646394939,"question_id":71351045,"content_license":"CC BY-SA 4.0","link":"https://stackoverflow.com/questions/71351045/inno-setup-error-you-must-be-logged-in-as-administrator-to-run-this-application","title":"Inno Setup error- you must be logged in as administrator to run this application"},{"tags":["python","random","kivy"],"owner":{"account_id":24061414,"reputation":15,"user_id":18038602,"user_type":"registered","profile_image":"https://www.gravatar.com/avatar/8170fb1cacd13ff43a73468096ebe883?s=256&d=identicon&r=PG","display_name":"maxnm47","link":"https://stackoverflow.com/users/18038602/maxnm47"},"is_answered":true,"view_count":60,"accepted_answer_id":71351235,"answer_count":1,"score":0,"last_activity_date":1646395995,"creation_date":1646394900,"question_id":71351041,"content_license":"CC BY-SA 4.0","link":"https://stackoverflow.com/questions/71351041/random-list-item-but-unable-to-choose-the-same-item-twice","title":"Random list item, but unable to choose the same item twice"},{"tags":["reactjs","typescript"],"owner":{"account_id":11902507,"reputation":290,"user_id":8710056,"user_type":"registered","profile_image":"https://www.gravatar.com/avatar/41ebd2e242a8a6902a5e2269ca5733db?s=256&d=identicon&r=PG&f=y&so-version=2","display_name":"Nathan Bruet","link":"https://stackoverflow.com/users/8710056/nathan-bruet"},"is_answered":true,"view_count":51,"accepted_answer_id":71353116,"answer_count":2,"score":0,"last_activity_date":1646405315,"creation_date":1646394897,"question_id":71351040,"content_license":"CC BY-SA 4.0","link":"https://stackoverflow.com/questions/71351040/how-to-add-dynamically-property-for-the-parameter-of-react-setstate-method","title":"How to add dynamically property for the parameter of React setState method"},{"tags":["telegram","telegram-bot","python-telegram-bot","py-telegram-bot-api"],"owner":{"account_id":20431677,"reputation":1,"user_id":14990450,"user_type":"registered","profile_image":"https://www.gravatar.com/avatar/45e7cfa0b3dd308ce2c6c10945d031ac?s=256&d=identicon&r=PG&f=y&so-version=2","display_name":"YYDonald","link":"https://stackoverflow.com/users/14990450/yydonald"},"is_answered":true,"view_count":2366,"answer_count":3,"score":0,"last_activity_date":1694125819,"creation_date":1646394896,"last_edit_date":1678970344,"question_id":71351039,"content_license":"CC BY-SA 4.0","link":"https://stackoverflow.com/questions/71351039/how-to-change-username-of-telegram-bot-or-copy-commands-from-old-one-to-new-one","title":"How to change username of Telegram bot or copy commands from old one to new one?"},{"tags":["javascript","c#","html","css","reactjs"],"owner":{"account_id":19641485,"reputation":1,"user_id":14377438,"user_type":"registered","profile_image":"https://www.gravatar.com/avatar/daef5010ad4b7c2197780b492f4782d0?s=256&d=identicon&r=PG&f=y&so-version=2","display_name":"Ritesh Singh","link":"https://stackoverflow.com/users/14377438/ritesh-singh"},"is_answered":false,"view_count":60,"answer_count":1,"score":-5,"last_activity_date":1646574219,"creation_date":1646394871,"last_edit_date":1646404219,"question_id":71351036,"content_license":"CC BY-SA 4.0","link":"https://stackoverflow.com/questions/71351036/how-to-hide-product-while-i-have-already-selected-that-product-previously","title":"How to hide product while i have already selected that product previously"},{"tags":["visual-studio-code","vscode-extensions"],"owner":{"account_id":17606576,"reputation":1,"user_id":12775499,"user_type":"registered","profile_image":"https://lh3.googleusercontent.com/a-/AAuE7mBYZyOT2sL61wuaxIZVk9SAaiqB46f9rCZAzsjD=k-s256","display_name":"Prasanna Gothandapani","link":"https://stackoverflow.com/users/12775499/prasanna-gothandapani"},"is_answered":false,"view_count":171,"answer_count":0,"score":0,"last_activity_date":1646395870,"creation_date":1646394863,"last_edit_date":1646395870,"question_id":71351034,"content_license":"CC BY-SA 4.0","link":"https://stackoverflow.com/questions/71351034/vscode-input-ui-hide","title":"VSCode Input UI hide"},{"tags":["swift","url","parameters","get","alamofire"],"owner":{"account_id":20247728,"reputation":65,"user_id":14849717,"user_type":"registered","profile_image":"https://www.gravatar.com/avatar/57c0fca38fe2543d85fc0860e928daae?s=256&d=identicon&r=PG&f=y&so-version=2","display_name":"iosDevSan","link":"https://stackoverflow.com/users/14849717/iosdevsan"},"is_answered":false,"view_count":811,"answer_count":0,"score":0,"last_activity_date":1646394849,"creation_date":1646394849,"question_id":71351032,"content_license":"CC BY-SA 4.0","link":"https://stackoverflow.com/questions/71351032/how-to-make-get-request-using-alamofire-when-there-is-query-parameters-present-i","title":"How to make get request using Alamofire when there is query parameters present in the url?"},{"tags":["reactjs","paypal","paypal-sandbox"],"owner":{"account_id":22462369,"reputation":1,"user_id":16664051,"user_type":"registered","profile_image":"https://www.gravatar.com/avatar/6bfab1911cd9291ebb1e7274f4599a75?s=256&d=identicon&r=PG&f=y&so-version=2","display_name":"akram raza","link":"https://stackoverflow.com/users/16664051/akram-raza"},"is_answered":false,"view_count":181,"answer_count":1,"score":-1,"last_activity_date":1646630919,"creation_date":1646394784,"question_id":71351024,"content_license":"CC BY-SA 4.0","link":"https://stackoverflow.com/questions/71351024/react-paypal-js-implementation-issue-for-murchant-account","title":"React paypal js implementation issue for murchant account"},{"tags":["bash","applescript"],"owner":{"account_id":8532,"reputation":13129,"user_id":15452,"user_type":"registered","accept_rate":57,"profile_image":"https://www.gravatar.com/avatar/76d427963d4a3dfb76062b0842125cb3?s=256&d=identicon&r=PG","display_name":"Vihung","link":"https://stackoverflow.com/users/15452/vihung"},"is_answered":true,"view_count":279,"accepted_answer_id":71351376,"answer_count":1,"score":0,"last_activity_date":1646396696,"creation_date":1646394755,"question_id":71351021,"content_license":"CC BY-SA 4.0","link":"https://stackoverflow.com/questions/71351021/using-applescript-how-can-i-get-track-details-when-searching-for-tracks-in-my-m","title":"Using AppleScript, how can I get track details when searching for tracks in my Music library"},{"tags":["sql","oracle"],"owner":{"account_id":18867501,"reputation":75,"user_id":13762917,"user_type":"registered","profile_image":"https://lh3.googleusercontent.com/-JJBlHWWHH2M/AAAAAAAAAAI/AAAAAAAAAAA/AMZuucm_ZSqbxBBnw7lBm9fAsuzG87pTRQ/photo.jpg?sz=256","display_name":"john chen","link":"https://stackoverflow.com/users/13762917/john-chen"},"is_answered":false,"view_count":63,"answer_count":1,"score":0,"last_activity_date":1646398607,"creation_date":1646394750,"last_edit_date":1646395024,"question_id":71351019,"content_license":"CC BY-SA 4.0","link":"https://stackoverflow.com/questions/71351019/how-know-table-data-increment","title":"How know table data increment"},{"tags":["c#","wpf"],"owner":{"account_id":18082316,"reputation":47,"user_id":13144117,"user_type":"registered","profile_image":"https://www.gravatar.com/avatar/b3a3df093bf68d1c9387a501af364d18?s=256&d=identicon&r=PG&f=y&so-version=2","display_name":"Razvan Razvi","link":"https://stackoverflow.com/users/13144117/razvan-razvi"},"is_answered":true,"view_count":242,"accepted_answer_id":71351416,"answer_count":1,"score":1,"last_activity_date":1646397629,"creation_date":1646394749,"question_id":71351018,"content_license":"CC BY-SA 4.0","link":"https://stackoverflow.com/questions/71351018/how-to-keep-a-window-open-on-window-closing-event-c","title":"How to keep a window open on Window.Closing Event C#"},{"tags":["python","input"],"owner":{"account_id":21628089,"reputation":55,"user_id":15952120,"user_type":"registered","profile_image":"https://www.gravatar.com/avatar/34ec4dd558ad7bf46d260fbbe82e7da5?s=256&d=identicon&r=PG&f=y&so-version=2","display_name":"Sebastian","link":"https://stackoverflow.com/users/15952120/sebastian"},"is_answered":false,"view_count":51,"answer_count":2,"score":0,"last_activity_date":1646396954,"creation_date":1646394731,"question_id":71351016,"content_license":"CC BY-SA 4.0","link":"https://stackoverflow.com/questions/71351016/more-than-one-input-file-in-this-python-code","title":"More than one input file in this Python code"},{"tags":["flutter","android-studio"],"owner":{"account_id":23573313,"reputation":11,"user_id":17613242,"user_type":"registered","profile_image":"https://lh3.googleusercontent.com/a/AATXAJxI7VKNyHHQvCEFGuQO5rx9hkXkI0bTJezHXVlG=k-s256","display_name":"20MEB246 Yashvardhan","link":"https://stackoverflow.com/users/17613242/20meb246-yashvardhan"},"is_answered":true,"view_count":97,"answer_count":1,"score":0,"last_activity_date":1649658929,"creation_date":1646394722,"last_edit_date":1646396268,"question_id":71351014,"content_license":"CC BY-SA 4.0","link":"https://stackoverflow.com/questions/71351014/getting-this-error-after-downloading-cocoapods-and-this-happens-every-time-when","title":"Getting this Error after downloading Cocoapods and this happens every time when I install a external Flutter Package"},{"tags":["reactjs","chakra-ui"],"owner":{"account_id":14830476,"reputation":186,"user_id":12697912,"user_type":"registered","profile_image":"https://lh6.googleusercontent.com/-hiUtEZrEQqI/AAAAAAAAAAI/AAAAAAAAB50/4UTIqz5Xj3M/photo.jpg?sz=256","display_name":"Ballistic Swami","link":"https://stackoverflow.com/users/12697912/ballistic-swami"},"is_answered":false,"view_count":1887,"answer_count":1,"score":1,"last_activity_date":1657716232,"creation_date":1646394699,"question_id":71351011,"content_license":"CC BY-SA 4.0","link":"https://stackoverflow.com/questions/71351011/problems-with-chakraui-custom-menu-button","title":"Problems with ChakraUI Custom Menu Button"},{"tags":["c#","hashset","hashcode"],"owner":{"account_id":6950583,"reputation":2574,"user_id":5333340,"user_type":"registered","accept_rate":77,"profile_image":"https://i.stack.imgur.com/Hivf3.jpg?s=256&g=1","display_name":"Kjara","link":"https://stackoverflow.com/users/5333340/kjara"},"is_answered":true,"view_count":157,"accepted_answer_id":71351407,"answer_count":1,"score":2,"last_activity_date":1646396871,"creation_date":1646394660,"last_edit_date":1646396439,"question_id":71351003,"content_license":"CC BY-SA 4.0","link":"https://stackoverflow.com/questions/71351003/why-is-gethashcode-not-called-during-contains","title":"Why is GetHashCode not called during Contains?"}],"has_more":true,"quota_max":300,"quota_remaining":221}