{"items":[{"tags":["flutter","charts","dependencies"],"owner":{"account_id":4937576,"reputation":171,"user_id":3975277,"user_type":"registered","accept_rate":8,"profile_image":"https://www.gravatar.com/avatar/47a01c4efd50323393db5cde92d57064?s=256&d=identicon&r=PG&f=y&so-version=2","display_name":"pAr","link":"https://stackoverflow.com/users/3975277/par"},"is_answered":false,"view_count":2123,"answer_count":1,"score":2,"last_activity_date":1657124435,"creation_date":1651730379,"last_edit_date":1651732104,"question_id":72122564,"content_license":"CC BY-SA 4.0","link":"https://stackoverflow.com/questions/72122564/flutter-charts-timeseries-bar-chart-with-x-axis-time-as-label","title":"flutter charts timeseries bar chart with x axis time as label"},{"tags":["android","kotlin","material-design","android-jetpack-compose","material-design-3"],"owner":{"account_id":3996045,"reputation":8137,"user_id":3293579,"user_type":"registered","accept_rate":87,"profile_image":"https://www.gravatar.com/avatar/795d950a5ca8bdaa01238a63a38a1d09?s=256&d=identicon&r=PG&f=y&so-version=2","display_name":"wbk727","link":"https://stackoverflow.com/users/3293579/wbk727"},"is_answered":true,"view_count":864,"accepted_answer_id":72123950,"answer_count":1,"score":0,"last_activity_date":1651741507,"creation_date":1651730349,"last_edit_date":1651741507,"question_id":72122562,"content_license":"CC BY-SA 4.0","link":"https://stackoverflow.com/questions/72122562/how-to-not-use-a-custom-colour-in-a-custom-topappbar","title":"How to not use a custom colour in a custom TopAppBar"},{"tags":["python","html","django","django-views","django-urls"],"owner":{"account_id":25200985,"reputation":3,"user_id":19039851,"user_type":"registered","profile_image":"https://www.gravatar.com/avatar/df562a6883949061c2117a9512acb371?s=256&d=identicon&r=PG","display_name":"Saltierney","link":"https://stackoverflow.com/users/19039851/saltierney"},"is_answered":true,"view_count":914,"accepted_answer_id":72122568,"answer_count":1,"score":0,"last_activity_date":1651730402,"creation_date":1651730331,"question_id":72122558,"content_license":"CC BY-SA 4.0","link":"https://stackoverflow.com/questions/72122558/django-giving-reverse-for-view-not-found-error-when-view-is-defined","title":"Django giving &quot;Reverse for &#39;view&#39; not found&quot; error when view is defined"},{"tags":["android","android-recyclerview","integer"],"owner":{"account_id":15343050,"reputation":544,"user_id":11069440,"user_type":"registered","profile_image":"https://graph.facebook.com/10219489785535059/picture?type=large","display_name":"Giovanni","link":"https://stackoverflow.com/users/11069440/giovanni"},"is_answered":true,"view_count":1148,"accepted_answer_id":77061785,"answer_count":2,"score":-1,"last_activity_date":1694176065,"creation_date":1651730330,"last_edit_date":1651732369,"question_id":72122557,"content_license":"CC BY-SA 4.0","link":"https://stackoverflow.com/questions/72122557/attempt-to-invoke-virtual-method-android-view-view-androidx-recyclerview-widget","title":"Attempt to invoke virtual method &#39;android.view.View androidx.recyclerview.widget.RecyclerView.findViewById(int)&#39; on a null object reference"},{"tags":["list","http","elasticsearch","kibana","elastic-stack"],"owner":{"account_id":25201065,"reputation":11,"user_id":19039922,"user_type":"registered","profile_image":"https://lh3.googleusercontent.com/a/AATXAJxeolfnU-FY0HEC8HeIz5kLRFybmHi8cqiE2RRl=k-s256","display_name":"Vlad Sava","link":"https://stackoverflow.com/users/19039922/vlad-sava"},"is_answered":true,"view_count":19,"answer_count":1,"score":1,"last_activity_date":1651730888,"creation_date":1651730310,"question_id":72122553,"content_license":"CC BY-SA 4.0","link":"https://stackoverflow.com/questions/72122553/how-do-i-append-multiple-criteria-in-elastic-search-uri","title":"How do I append multiple criteria in elastic search URI?"},{"tags":["javascript","javascript-objects"],"owner":{"user_type":"does_not_exist","display_name":"user13692230"},"is_answered":true,"view_count":82,"accepted_answer_id":72122623,"answer_count":2,"score":0,"last_activity_date":1651730719,"creation_date":1651730307,"question_id":72122552,"content_license":"CC BY-SA 4.0","link":"https://stackoverflow.com/questions/72122552/how-to-loop-through-an-object-of-arrays-in-javascript","title":"How to loop through an object of arrays in Javascript?"},{"tags":["sql","subquery","where-clause"],"owner":{"account_id":21698592,"reputation":15,"user_id":16012081,"user_type":"registered","profile_image":"https://lh3.googleusercontent.com/a/AATXAJxIauZ8995EyqBOCXSP7MERmytd8oGaegDXo2yT=k-s256","display_name":"rajat shakya","link":"https://stackoverflow.com/users/16012081/rajat-shakya"},"is_answered":false,"view_count":142,"answer_count":1,"score":0,"last_activity_date":1651731173,"creation_date":1651730306,"last_edit_date":1651731008,"question_id":72122551,"content_license":"CC BY-SA 4.0","link":"https://stackoverflow.com/questions/72122551/can-someone-please-explain-the-query-shown-in-depth","title":"Can someone please explain the query shown in depth?"},{"tags":["java"],"owner":{"account_id":9149557,"reputation":1937,"user_id":6804605,"user_type":"registered","accept_rate":75,"profile_image":"https://www.gravatar.com/avatar/e082e95565375bb16bbf40988a47e1ac?s=256&d=identicon&r=PG&f=y&so-version=2","display_name":"FredSuvn","link":"https://stackoverflow.com/users/6804605/fredsuvn"},"is_answered":true,"view_count":108,"closed_date":1651765531,"answer_count":2,"score":1,"last_activity_date":1651790025,"creation_date":1651730296,"last_edit_date":1651735333,"question_id":72122550,"link":"https://stackoverflow.com/questions/72122550/why-the-performance-for-these-java-codes-has-so-big-difference","closed_reason":"Needs details or clarity","title":"Why the performance for these java codes has so big difference?"},{"tags":["reactjs","laravel","jwt"],"owner":{"account_id":25200988,"reputation":31,"user_id":19039854,"user_type":"registered","profile_image":"https://www.gravatar.com/avatar/56ad74b7e63d63f2e86ad4425dc72376?s=256&d=identicon&r=PG","display_name":"Marcelo Moreira","link":"https://stackoverflow.com/users/19039854/marcelo-moreira"},"is_answered":false,"view_count":111,"answer_count":0,"score":3,"last_activity_date":1651734558,"creation_date":1651730272,"last_edit_date":1651734558,"question_id":72122547,"content_license":"CC BY-SA 4.0","link":"https://stackoverflow.com/questions/72122547/how-laravel-auth-works-with-token-jwt","title":"How Laravel Auth works with Token JWT?"},{"tags":["windows","exe","msix"],"owner":{"account_id":25153318,"reputation":27,"user_id":18998411,"user_type":"registered","profile_image":"https://www.gravatar.com/avatar/75a48037a18bcda46f9ad017fe6b7cae?s=256&d=identicon&r=PG&f=y&so-version=2","display_name":"DSTEP","link":"https://stackoverflow.com/users/18998411/dstep"},"is_answered":true,"view_count":1007,"accepted_answer_id":72138249,"answer_count":2,"score":1,"last_activity_date":1666797708,"creation_date":1651730244,"question_id":72122544,"content_license":"CC BY-SA 4.0","link":"https://stackoverflow.com/questions/72122544/packaging-an-exe-file-to-msix-and-signing-it","title":"Packaging an .exe file to MSIX and signing it"},{"tags":["javascript","reactjs","react-native","mobile-application"],"owner":{"account_id":23009956,"reputation":91,"user_id":17132617,"user_type":"registered","profile_image":"https://www.gravatar.com/avatar/74f2241c782e5a2249a9bbb8bf02e00e?s=256&d=identicon&r=PG&f=y&so-version=2","display_name":"CarlJade","link":"https://stackoverflow.com/users/17132617/carljade"},"is_answered":false,"view_count":264,"answer_count":1,"score":0,"last_activity_date":1652160445,"creation_date":1651730235,"last_edit_date":1652152872,"question_id":72122543,"content_license":"CC BY-SA 4.0","link":"https://stackoverflow.com/questions/72122543/implement-tab-screen-in-react-native","title":"Implement Tab Screen in React Native"},{"tags":["java","http","httpclient","sun"],"owner":{"account_id":25201022,"reputation":13,"user_id":19039884,"user_type":"registered","profile_image":"https://www.gravatar.com/avatar/46dbbe82795d4f357cc9df1a792de75b?s=256&d=identicon&r=PG","display_name":"Ron Hernandez","link":"https://stackoverflow.com/users/19039884/ron-hernandez"},"is_answered":true,"view_count":434,"closed_date":1651732404,"accepted_answer_id":72122587,"answer_count":1,"score":0,"last_activity_date":1651730515,"creation_date":1651730151,"question_id":72122530,"link":"https://stackoverflow.com/questions/72122530/cannot-import-sun-net","closed_reason":"Duplicate","title":"Cannot Import sun.net.*"},{"tags":["angular","dom"],"owner":{"account_id":3696392,"reputation":1182,"user_id":3079531,"user_type":"registered","accept_rate":84,"profile_image":"https://i.stack.imgur.com/hBxGY.jpg?s=256&g=1","display_name":"SanketR","link":"https://stackoverflow.com/users/3079531/sanketr"},"is_answered":true,"view_count":58,"accepted_answer_id":72122566,"answer_count":3,"score":0,"last_activity_date":1651738016,"creation_date":1651730126,"question_id":72122528,"content_license":"CC BY-SA 4.0","link":"https://stackoverflow.com/questions/72122528/angular-get-actual-html-element-code-rather-than-dom-generated-element","title":"Angular - Get actual HTML element code rather than DOM generated element"},{"tags":["json","jmeter"],"owner":{"account_id":24188671,"reputation":47,"user_id":18148133,"user_type":"registered","profile_image":"https://www.gravatar.com/avatar/42275479fe52ccb050cee56668ab481c?s=256&d=identicon&r=PG","display_name":"sleepingpanda","link":"https://stackoverflow.com/users/18148133/sleepingpanda"},"is_answered":true,"view_count":848,"accepted_answer_id":72122854,"answer_count":2,"score":0,"last_activity_date":1651732465,"creation_date":1651730115,"question_id":72122526,"content_license":"CC BY-SA 4.0","link":"https://stackoverflow.com/questions/72122526/how-do-i-use-regular-expression-extractor-in-jmeter-to-extract-a-data-from-respo","title":"How do I use regular expression extractor in jmeter to extract a data from response data"},{"tags":["mysql","sql","count","resultset"],"owner":{"account_id":25200778,"reputation":3,"user_id":19039669,"user_type":"registered","profile_image":"https://www.gravatar.com/avatar/8a5c89ba2accf16d30479b7d8b1c5d24?s=256&d=identicon&r=PG","display_name":"cynrode","link":"https://stackoverflow.com/users/19039669/cynrode"},"is_answered":true,"view_count":54,"accepted_answer_id":72124585,"answer_count":1,"score":-1,"last_activity_date":1651741391,"creation_date":1651730106,"question_id":72122524,"content_license":"CC BY-SA 4.0","link":"https://stackoverflow.com/questions/72122524/how-do-i-see-the-count-results-for-only-the-top-values-in-the-table-and-not-the","title":"How do I see the COUNT results for only the top values in the table and not the entire table in sql"},{"tags":["git","gitlab","gitlab-ci","git-merge"],"owner":{"account_id":25113021,"reputation":67,"user_id":18962425,"user_type":"registered","profile_image":"https://lh3.googleusercontent.com/a/AATXAJw1bkF1seVTsSQnRVVSBdq1kjABhc7WfZO8-BY=k-s256","display_name":"Aary","link":"https://stackoverflow.com/users/18962425/aary"},"is_answered":true,"view_count":4643,"accepted_answer_id":72123577,"answer_count":2,"score":1,"last_activity_date":1651812492,"creation_date":1651730078,"question_id":72122521,"content_license":"CC BY-SA 4.0","link":"https://stackoverflow.com/questions/72122521/how-to-skip-some-file-during-merge-request-on-gitlab","title":"How to skip some file during merge request on gitlab"},{"tags":["typescript"],"owner":{"account_id":4565317,"reputation":38,"user_id":3706470,"user_type":"registered","profile_image":"https://www.gravatar.com/avatar/4a556d84e467a4c8d926dec05ec46c4b?s=256&d=identicon&r=PG&f=y&so-version=2","display_name":"PhilaThrilla","link":"https://stackoverflow.com/users/3706470/philathrilla"},"is_answered":true,"view_count":31,"accepted_answer_id":72128822,"answer_count":1,"score":1,"last_activity_date":1651760600,"creation_date":1651729994,"question_id":72122506,"content_license":"CC BY-SA 4.0","link":"https://stackoverflow.com/questions/72122506/declare-object-with-keys-constrained-to-be-element-of-object-literal","title":"Declare object with keys constrained to be element of object literal"},{"tags":["javascript","reactjs"],"owner":{"account_id":11359027,"reputation":75,"user_id":8327763,"user_type":"registered","profile_image":"https://www.gravatar.com/avatar/e45e93baf829c2ae00adbafee5335507?s=256&d=identicon&r=PG&f=y&so-version=2","display_name":"Tim","link":"https://stackoverflow.com/users/8327763/tim"},"is_answered":false,"view_count":59,"answer_count":0,"score":1,"last_activity_date":1651742382,"creation_date":1651729980,"last_edit_date":1651730641,"question_id":72122505,"content_license":"CC BY-SA 4.0","link":"https://stackoverflow.com/questions/72122505/my-useeffect-is-in-an-infinite-loop-and-i-dont-know-why","title":"my useEffect is in an infinite loop and i dont know why"},{"tags":["python","flask","sqlalchemy","flask-sqlalchemy","flask-wtforms"],"owner":{"account_id":16789265,"reputation":3,"user_id":19026196,"user_type":"registered","profile_image":"https://lh3.googleusercontent.com/-boGauFT_TeM/AAAAAAAAAAI/AAAAAAAAAAA/ACHi3reJcRV_mp0CZXLcRW89Of7ArYQyHg/photo.jpg?sz=256","display_name":"Buyanov Igor","link":"https://stackoverflow.com/users/19026196/buyanov-igor"},"is_answered":true,"view_count":110,"accepted_answer_id":72964230,"answer_count":1,"score":0,"last_activity_date":1657705814,"creation_date":1651729954,"last_edit_date":1653643320,"question_id":72122502,"content_license":"CC BY-SA 4.0","link":"https://stackoverflow.com/questions/72122502/how-to-properly-give-sql-alchemy-query-with-relations-to-wtforms","title":"How to properly give sql-alchemy query with relations to WTforms?"},{"tags":["java"],"owner":{"user_type":"does_not_exist","display_name":"user19039846"},"is_answered":true,"view_count":48,"answer_count":1,"score":0,"last_activity_date":1651744704,"creation_date":1651729943,"last_edit_date":1651744704,"question_id":72122501,"content_license":"CC BY-SA 4.0","link":"https://stackoverflow.com/questions/72122501/answered-thank-u-java-reads-certain-amount-of-numbers-outputs-the-product","title":"// answered thank u // Java reads certain amount of numbers outputs the product"},{"tags":["c++"],"owner":{"account_id":19088838,"reputation":39,"user_id":14026703,"user_type":"registered","profile_image":"https://www.gravatar.com/avatar/d3c46a943997b3d8451e460f7f3fa68f?s=256&d=identicon&r=PG&f=y&so-version=2","display_name":"Meharjeet Singh","link":"https://stackoverflow.com/users/14026703/meharjeet-singh"},"is_answered":true,"view_count":40,"accepted_answer_id":72122546,"answer_count":1,"score":1,"last_activity_date":1651730562,"creation_date":1651729916,"question_id":72122495,"content_license":"CC BY-SA 4.0","link":"https://stackoverflow.com/questions/72122495/overloading-type-cast-in-c","title":"Overloading Type-Cast in c++"},{"tags":["node.js","node-red"],"owner":{"account_id":20216674,"reputation":1,"user_id":17166363,"user_type":"registered","profile_image":"https://www.gravatar.com/avatar/bea90f2f87cdc9755d2b9404c4a896ea?s=256&d=identicon&r=PG&f=y&so-version=2","display_name":"McDonut","link":"https://stackoverflow.com/users/17166363/mcdonut"},"is_answered":false,"view_count":427,"answer_count":1,"score":0,"last_activity_date":1651736001,"creation_date":1651729885,"question_id":72122493,"content_license":"CC BY-SA 4.0","link":"https://stackoverflow.com/questions/72122493/node-red-passing-array-of-checkboxes-as-node-property","title":"Node-Red: Passing array of checkboxes as node property"},{"tags":["javascript","php","json","laravel"],"owner":{"account_id":22525524,"reputation":51,"user_id":16718362,"user_type":"registered","profile_image":"https://www.gravatar.com/avatar/c5475076955c870ff584e254f2ff332f?s=256&d=identicon&r=PG&f=y&so-version=2","display_name":"seonica","link":"https://stackoverflow.com/users/16718362/seonica"},"is_answered":true,"view_count":277,"accepted_answer_id":72122804,"answer_count":2,"score":0,"last_activity_date":1651755826,"creation_date":1651729871,"question_id":72122492,"content_license":"CC BY-SA 4.0","link":"https://stackoverflow.com/questions/72122492/send-data-with-a-redirect","title":"send data with a redirect"},{"tags":["docker","vue.js"],"owner":{"account_id":21910440,"reputation":11,"user_id":16194967,"user_type":"registered","profile_image":"https://www.gravatar.com/avatar/2b8bb7851163e4417119ceec89eafabf?s=256&d=identicon&r=PG&f=y&so-version=2","display_name":"Erik","link":"https://stackoverflow.com/users/16194967/erik"},"is_answered":false,"view_count":1161,"closed_date":1651815276,"answer_count":1,"score":1,"last_activity_date":1651735236,"creation_date":1651729861,"question_id":72122490,"link":"https://stackoverflow.com/questions/72122490/how-to-deal-with-vue-err-name-not-resolved","closed_reason":"Duplicate","title":"How to deal with vue ERR_NAME_NOT_RESOLVED?"},{"tags":["mysql","sql","database"],"owner":{"account_id":16330154,"reputation":1,"user_id":11793718,"user_type":"registered","profile_image":"https://i.stack.imgur.com/WrQ3F.jpg?s=256&g=1","display_name":"Noob_Solver","link":"https://stackoverflow.com/users/11793718/noob-solver"},"is_answered":false,"view_count":658,"answer_count":1,"score":0,"last_activity_date":1651730541,"creation_date":1651729861,"question_id":72122489,"content_license":"CC BY-SA 4.0","link":"https://stackoverflow.com/questions/72122489/what-should-be-the-sql-query-in-mysql-for-the-given-tables","title":"What should be the SQL query in MySQL for the given Tables?"},{"tags":["three.js","webgl","react-three-fiber"],"owner":{"account_id":3338456,"reputation":3552,"user_id":2884250,"user_type":"registered","accept_rate":61,"profile_image":"https://www.gravatar.com/avatar/8a5f877d1f07880264313f171a170d9b?s=256&d=identicon&r=PG&f=y&so-version=2","display_name":"beek","link":"https://stackoverflow.com/users/2884250/beek"},"is_answered":false,"view_count":666,"answer_count":1,"score":0,"last_activity_date":1670428229,"creation_date":1651729845,"question_id":72122484,"content_license":"CC BY-SA 4.0","link":"https://stackoverflow.com/questions/72122484/react-three-fibre-switching-textures","title":"React three fibre switching textures"},{"tags":["gatling"],"owner":{"account_id":10151841,"reputation":249,"user_id":7498205,"user_type":"registered","profile_image":"https://i.stack.imgur.com/rvBy6.jpg?s=256&g=1","display_name":"Nimesh","link":"https://stackoverflow.com/users/7498205/nimesh"},"is_answered":true,"view_count":515,"accepted_answer_id":72126868,"answer_count":1,"score":0,"last_activity_date":1651752214,"creation_date":1651729803,"last_edit_date":1651736846,"question_id":72122478,"content_license":"CC BY-SA 4.0","link":"https://stackoverflow.com/questions/72122478/gatling-feeder-will-crash-when-using-the-same-feeder-for-multiple-scenarios","title":"Gatling feeder will crash when using the same feeder for multiple scenarios"},{"tags":["odoo","calculated-field"],"owner":{"account_id":8866514,"reputation":71,"user_id":7259851,"user_type":"registered","profile_image":"https://lh3.googleusercontent.com/-z6JzgVBmBvI/AAAAAAAAAAI/AAAAAAAAAzA/OdZv_HvqGeI/photo.jpg?sz=256","display_name":"Juan Botero","link":"https://stackoverflow.com/users/7259851/juan-botero"},"is_answered":true,"view_count":453,"answer_count":2,"score":0,"last_activity_date":1651735130,"creation_date":1651729769,"question_id":72122475,"content_license":"CC BY-SA 4.0","link":"https://stackoverflow.com/questions/72122475/bool-object-has-no-attribute-year","title":"&#39;bool&#39; object has no attribute &#39;year"},{"tags":["groovy","jenkins-pipeline","jenkins-groovy","jenkins-declarative-pipeline"],"owner":{"account_id":324735,"reputation":4959,"user_id":645491,"user_type":"registered","accept_rate":88,"profile_image":"https://www.gravatar.com/avatar/833761cd202c03e01ac63c55021a4eec?s=256&d=identicon&r=PG","display_name":"TrinitronX","link":"https://stackoverflow.com/users/645491/trinitronx"},"is_answered":true,"view_count":720,"accepted_answer_id":72122586,"answer_count":1,"score":0,"last_activity_date":1651807533,"creation_date":1651729747,"last_edit_date":1651807533,"question_id":72122472,"content_license":"CC BY-SA 4.0","link":"https://stackoverflow.com/questions/72122472/how-can-i-use-node-name-within-an-options-block-jenkinsfile-declarative-p","title":"How can I use `NODE_NAME` within an `options` block? - Jenkinsfile Declarative Pipeline"},{"tags":["c#","asp.net"],"owner":{"account_id":110000,"reputation":4107,"user_id":291253,"user_type":"registered","accept_rate":37,"profile_image":"https://www.gravatar.com/avatar/4bdfd0f6693d1e98533c1d292f13f289?s=256&d=identicon&r=PG","display_name":"lm.","link":"https://stackoverflow.com/users/291253/lm"},"is_answered":false,"view_count":477,"answer_count":1,"score":0,"last_activity_date":1651730198,"creation_date":1651729650,"question_id":72122463,"content_license":"CC BY-SA 4.0","link":"https://stackoverflow.com/questions/72122463/problem-to-download-csv-file-with-asp-net-application","title":"Problem to download csv file with ASP.net application"}],"has_more":true,"quota_max":300,"quota_remaining":210}