{"items":[{"tags":[".net","entity-framework",".net-core","entity-framework-core","entity-framework-6"],"owner":{"account_id":269762,"reputation":14769,"user_id":559301,"user_type":"registered","accept_rate":63,"profile_image":"https://www.gravatar.com/avatar/e2eee011184fef1a8b4890ca1422ec26?s=256&d=identicon&r=PG","display_name":"Zane Claes","link":"https://stackoverflow.com/users/559301/zane-claes"},"is_answered":false,"view_count":61,"answer_count":0,"score":0,"last_activity_date":1645877683,"creation_date":1645876773,"last_edit_date":1645877683,"question_id":71276438,"content_license":"CC BY-SA 4.0","link":"https://stackoverflow.com/questions/71276438/how-did-efcore-lose-my-undeletable-data-and-how-can-i-re-attach-it-to-the-dat","title":"How did EFCore lose my &quot;undeletable&quot; data, and how can I re-attach it to the database?"},{"tags":["gtk","gtk3"],"owner":{"account_id":23656029,"reputation":53,"user_id":17684313,"user_type":"registered","profile_image":"https://www.gravatar.com/avatar/6de54f591fde6b5bd857bf6e5592bffb?s=256&d=identicon&r=PG","display_name":"urandom0","link":"https://stackoverflow.com/users/17684313/urandom0"},"is_answered":true,"view_count":117,"answer_count":1,"score":4,"last_activity_date":1645881490,"creation_date":1645876764,"question_id":71276437,"content_license":"CC BY-SA 4.0","link":"https://stackoverflow.com/questions/71276437/what-can-i-use-instead-of-gtk-container-set-focus-chain","title":"What can I use instead of gtk_container_set_focus_chain()?"},{"tags":["go"],"owner":{"account_id":986381,"reputation":1081,"user_id":1004770,"user_type":"registered","accept_rate":86,"profile_image":"https://www.gravatar.com/avatar/e62b558be16f282dcd824c35f4240129?s=256&d=identicon&r=PG","display_name":"Suresh","link":"https://stackoverflow.com/users/1004770/suresh"},"is_answered":true,"view_count":496,"accepted_answer_id":71276452,"answer_count":1,"score":1,"last_activity_date":1645876886,"creation_date":1645876692,"question_id":71276431,"content_license":"CC BY-SA 4.0","link":"https://stackoverflow.com/questions/71276431/golang-filling-a-string-array-model","title":"golang filling a string array model"},{"tags":["javascript","relationship","strapi"],"owner":{"account_id":22141213,"reputation":105,"user_id":16391209,"user_type":"registered","profile_image":"https://www.gravatar.com/avatar/37c9297e5cd8279136e57003f1edfa3e?s=256&d=identicon&r=PG&f=y&so-version=2","display_name":"kalexei","link":"https://stackoverflow.com/users/16391209/kalexei"},"is_answered":true,"view_count":5968,"accepted_answer_id":71276897,"answer_count":4,"score":2,"last_activity_date":1688501695,"creation_date":1645876636,"last_edit_date":1688501695,"question_id":71276427,"content_license":"CC BY-SA 4.0","link":"https://stackoverflow.com/questions/71276427/strapi-post-api-for-content-type-with-relational-fields","title":"Strapi POST API for content-type with relational fields"},{"tags":["batch-processing","kafka-consumer-api","spring-kafka"],"owner":{"account_id":24367237,"reputation":21,"user_id":18300781,"user_type":"registered","profile_image":"https://lh3.googleusercontent.com/a/AATXAJzJ3ToPoHnCp4aRvSm1DGSj9vMWP4uTDUQiSYrE=k-s256","display_name":"chu.r","link":"https://stackoverflow.com/users/18300781/chu-r"},"is_answered":false,"view_count":403,"answer_count":1,"score":0,"last_activity_date":1646080288,"creation_date":1645876592,"last_edit_date":1645899765,"question_id":71276422,"content_license":"CC BY-SA 4.0","link":"https://stackoverflow.com/questions/71276422/how-to-simulate-an-error-to-setbatcherrorhandler-in-kafka-consumer-container","title":"How to simulate an error to setBatchErrorHandler() in kafka consumer container?"},{"tags":["javascript","three.js"],"owner":{"account_id":5248445,"reputation":234,"user_id":4193407,"user_type":"registered","accept_rate":60,"profile_image":"https://lh3.googleusercontent.com/-oFL8Vf4N7kw/AAAAAAAAAAI/AAAAAAAAACA/Bu9JTRjQZk4/photo.jpg?sz=256","display_name":"Michael Watson","link":"https://stackoverflow.com/users/4193407/michael-watson"},"is_answered":true,"view_count":320,"accepted_answer_id":71311915,"answer_count":1,"score":0,"last_activity_date":1646153245,"creation_date":1645876543,"last_edit_date":1645901874,"question_id":71276419,"content_license":"CC BY-SA 4.0","link":"https://stackoverflow.com/questions/71276419/three-js-performance-issue-on-first-render-of-mesh-preload-options","title":"Three.js performance issue on first render of mesh - preload options?"},{"tags":["javascript","graphics","trigonometry","p5.js"],"owner":{"account_id":22706534,"reputation":11,"user_id":16873156,"user_type":"registered","profile_image":"https://lh3.googleusercontent.com/a-/AOh14GhX4iiD-q90GpzZZswsK3CtaG9zv3eOeIdhGvthmA=k-s256","display_name":"Laszlo Papp","link":"https://stackoverflow.com/users/16873156/laszlo-papp"},"is_answered":true,"view_count":440,"accepted_answer_id":71278178,"answer_count":1,"score":0,"last_activity_date":1699397519,"creation_date":1645876495,"last_edit_date":1699397519,"question_id":71276415,"content_license":"CC BY-SA 4.0","link":"https://stackoverflow.com/questions/71276415/how-to-leave-trail-in-my-sketch-without-deleting-the-background-in-p5js","title":"How to leave trail in my sketch without deleting the background in p5js?"},{"tags":["linux","ffmpeg","ffplay"],"owner":{"account_id":5402631,"reputation":59,"user_id":4302042,"user_type":"registered","profile_image":"https://www.gravatar.com/avatar/f05f53ea3c15b5ea135955e2bf40e583?s=256&d=identicon&r=PG","display_name":"didentifier","link":"https://stackoverflow.com/users/4302042/didentifier"},"is_answered":false,"view_count":94,"answer_count":1,"score":-1,"last_activity_date":1645993556,"creation_date":1645876490,"question_id":71276413,"content_license":"CC BY-SA 4.0","link":"https://stackoverflow.com/questions/71276413/how-can-i-clean-the-sound-of-aplay-received-by-a-caputre-card","title":"How can I clean the sound of aplay received by a caputre card"},{"tags":["r","dataframe","vector","character"],"owner":{"account_id":23941076,"reputation":319,"user_id":17934180,"user_type":"registered","profile_image":"https://www.gravatar.com/avatar/5d07db94b4170b29de8ddb8a60a2bbc1?s=256&d=identicon&r=PG","display_name":"Dan &#214;z","link":"https://stackoverflow.com/users/17934180/dan-%c3%96z"},"is_answered":true,"view_count":579,"accepted_answer_id":71276920,"answer_count":2,"score":2,"last_activity_date":1645897278,"creation_date":1645876451,"question_id":71276411,"content_license":"CC BY-SA 4.0","link":"https://stackoverflow.com/questions/71276411/how-do-i-find-the-most-common-words-in-a-character-vector-in-r","title":"How do I find the most common words in a character vector in R?"},{"tags":["javascript","node.js","discord.js"],"owner":{"account_id":22183793,"reputation":334,"user_id":16427076,"user_type":"registered","profile_image":"https://lh3.googleusercontent.com/a-/AOh14GiFpPTMzUiMvnaF9GVEVZjr_CtYCVUxOn1oJcM1=k-s256","display_name":"Cmb","link":"https://stackoverflow.com/users/16427076/cmb"},"is_answered":true,"view_count":48,"accepted_answer_id":71282155,"answer_count":1,"score":0,"last_activity_date":1645936787,"creation_date":1645876383,"question_id":71276402,"content_license":"CC BY-SA 4.0","link":"https://stackoverflow.com/questions/71276402/how-to-detect-if-a-message-is-not-blank","title":"How to detect if a message is not blank"},{"tags":["php","laravel","laravel-8","laravel-7"],"owner":{"account_id":22273080,"reputation":55,"user_id":16502726,"user_type":"registered","profile_image":"https://lh3.googleusercontent.com/a-/AOh14Gg-JmCtw43Hw5sz4NtVKxjmqQx1VZGs3iiip1STig=k-s256","display_name":"hydar_akbar","link":"https://stackoverflow.com/users/16502726/hydar-akbar"},"is_answered":true,"view_count":2932,"answer_count":1,"score":4,"last_activity_date":1645877016,"creation_date":1645876357,"question_id":71276401,"content_license":"CC BY-SA 4.0","link":"https://stackoverflow.com/questions/71276401/how-to-run-two-different-versions-of-laravel-side-by-side-with-different-php-ver","title":"How to run two different versions of laravel side by side with different php versions"},{"tags":["python","pandas","dataframe","numpy"],"owner":{"account_id":9436505,"reputation":70,"user_id":7018342,"user_type":"registered","profile_image":"https://lh3.googleusercontent.com/-Y47usajSUa0/AAAAAAAAAAI/AAAAAAAAA4Y/G_D3UFocaHw/photo.jpg?sz=256","display_name":"Mohit Munjal","link":"https://stackoverflow.com/users/7018342/mohit-munjal"},"is_answered":true,"view_count":443,"accepted_answer_id":71276820,"answer_count":1,"score":0,"last_activity_date":1645880222,"creation_date":1645876353,"question_id":71276399,"content_license":"CC BY-SA 4.0","link":"https://stackoverflow.com/questions/71276399/faster-way-to-perform-a-function-on-each-row-with-every-other-row-in-a-dataframe","title":"Faster way to perform a function on each row with every other row in a DataFrame?"},{"tags":["android","kotlin","file-upload"],"owner":{"account_id":9843029,"reputation":1738,"user_id":7291498,"user_type":"registered","accept_rate":44,"profile_image":"https://www.gravatar.com/avatar/34f16684355b57b862100f3397fd54ab?s=256&d=identicon&r=PG&f=y&so-version=2","display_name":"Rifat","link":"https://stackoverflow.com/users/7291498/rifat"},"is_answered":true,"view_count":1098,"accepted_answer_id":71276704,"answer_count":1,"score":0,"last_activity_date":1645878973,"creation_date":1645876352,"last_edit_date":1645877384,"question_id":71276398,"content_license":"CC BY-SA 4.0","link":"https://stackoverflow.com/questions/71276398/can-not-get-file-on-android-api-29-up","title":"Can not get file on android API 29 up"},{"tags":["php","mysql","composer-php"],"owner":{"account_id":24260073,"reputation":51,"user_id":18209771,"user_type":"registered","profile_image":"https://lh3.googleusercontent.com/a/AATXAJxXoFu9MuaobpKNHLJJ55w9lvCWCyNpakOk5vo5=k-s256","display_name":"Jix Tang","link":"https://stackoverflow.com/users/18209771/jix-tang"},"is_answered":false,"view_count":180,"answer_count":0,"score":0,"last_activity_date":1645876334,"creation_date":1645876334,"question_id":71276397,"content_license":"CC BY-SA 4.0","link":"https://stackoverflow.com/questions/71276397/laravel-framework-src-illuminate-database-mysqlconnection-php-failed-to-open","title":"/laravel/framework/src/Illuminate/Database/MySqlConnection.php): failed to open stream: No such file or directory"},{"tags":["javascript","html","reactjs","material-ui"],"owner":{"account_id":24384969,"reputation":1,"user_id":18315884,"user_type":"registered","profile_image":"https://www.gravatar.com/avatar/28885a498e1d57c0ea053a9559e296d9?s=256&d=identicon&r=PG","display_name":"lamilo","link":"https://stackoverflow.com/users/18315884/lamilo"},"is_answered":true,"view_count":603,"answer_count":1,"score":0,"last_activity_date":1671420378,"creation_date":1645876329,"question_id":71276395,"content_license":"CC BY-SA 4.0","link":"https://stackoverflow.com/questions/71276395/google-places-api-text-not-working-in-mui-textfield","title":"google places api text not working in mui TextField"},{"tags":["pandas","dataframe","pandas-groupby"],"owner":{"account_id":20071253,"reputation":27,"user_id":14715977,"user_type":"registered","profile_image":"https://www.gravatar.com/avatar/0b875b86abbcfc8373a06f301e451298?s=256&d=identicon&r=PG&f=y&so-version=2","display_name":"Valerie","link":"https://stackoverflow.com/users/14715977/valerie"},"is_answered":false,"view_count":34,"answer_count":1,"score":0,"last_activity_date":1646062657,"creation_date":1645876318,"last_edit_date":1646062657,"question_id":71276394,"content_license":"CC BY-SA 4.0","link":"https://stackoverflow.com/questions/71276394/how-can-i-get-mean-value-of-str-type-in-a-dataframe-in-pandas","title":"how can i get mean value of str type in a dataframe in Pandas"},{"tags":["python","json","django"],"owner":{"account_id":24362926,"reputation":21,"user_id":18297037,"user_type":"registered","profile_image":"https://lh3.googleusercontent.com/a/AATXAJwNQlCmjy7tskg1mrBNVewrXwtbJ20LKu4SE4cN=k-s256","display_name":"Unni Kombala","link":"https://stackoverflow.com/users/18297037/unni-kombala"},"is_answered":true,"view_count":40,"answer_count":1,"score":2,"last_activity_date":1645886943,"creation_date":1645876237,"last_edit_date":1645886943,"question_id":71276389,"content_license":"CC BY-SA 4.0","link":"https://stackoverflow.com/questions/71276389/how-to-convert-json-data-in-to-python-instance-and-save-django-models-multiple-t","title":"How to convert JSON data in to python instance and save Django models multiple table with foreginkey (database sqllite)"},{"tags":["java","tomcat","java-module","jlink","jdeps"],"owner":{"account_id":1766998,"reputation":87,"user_id":1612642,"user_type":"registered","profile_image":"https://www.gravatar.com/avatar/e612487aae089b9f803d9db9ffb3c146?s=256&d=identicon&r=PG","display_name":"Simon Campano","link":"https://stackoverflow.com/users/1612642/simon-campano"},"is_answered":false,"view_count":1547,"answer_count":0,"score":5,"last_activity_date":1664213833,"creation_date":1645876038,"last_edit_date":1664213833,"question_id":71276373,"content_license":"CC BY-SA 4.0","link":"https://stackoverflow.com/questions/71276373/how-to-calculate-list-of-needed-java-modules-with-jdeps","title":"How to calculate list of needed java modules with jdeps?"},{"tags":["java","spring","spring-boot"],"owner":{"account_id":22436368,"reputation":276,"user_id":16641566,"user_type":"registered","profile_image":"https://i.stack.imgur.com/nbP2G.png?s=256&g=1","display_name":"Robs","link":"https://stackoverflow.com/users/16641566/robs"},"is_answered":true,"view_count":1033,"accepted_answer_id":71277018,"answer_count":1,"score":0,"last_activity_date":1645881642,"creation_date":1645876032,"last_edit_date":1645876762,"question_id":71276371,"content_license":"CC BY-SA 4.0","link":"https://stackoverflow.com/questions/71276371/application-failed-after-added-swagger-configuration","title":"Application failed after added swagger configuration"},{"tags":["python","python-3.x","numpy","numpy-ndarray"],"owner":{"account_id":23709842,"reputation":25,"user_id":17731854,"user_type":"registered","profile_image":"https://www.gravatar.com/avatar/14177b25140b61f9c013e51e487f9ef4?s=256&d=identicon&r=PG","display_name":"Marc","link":"https://stackoverflow.com/users/17731854/marc"},"is_answered":true,"view_count":820,"accepted_answer_id":71276494,"answer_count":2,"score":0,"last_activity_date":1645887169,"creation_date":1645876007,"last_edit_date":1645876074,"question_id":71276368,"content_license":"CC BY-SA 4.0","link":"https://stackoverflow.com/questions/71276368/python3-print-respective-x-and-y-coordinate-of-a-numpy-array","title":"Python3: print respective x and y coordinate of a NumPy array"},{"tags":["php","mysql"],"owner":{"account_id":12192965,"reputation":9,"user_id":8899746,"user_type":"registered","profile_image":"https://lh5.googleusercontent.com/-qgjyFG6ca04/AAAAAAAAAAI/AAAAAAAAAMM/0JVuVGVB-_g/photo.jpg?sz=256","display_name":"afsaneh","link":"https://stackoverflow.com/users/8899746/afsaneh"},"is_answered":false,"view_count":31,"answer_count":0,"score":0,"last_activity_date":1645877373,"creation_date":1645875966,"last_edit_date":1645877373,"question_id":71276364,"content_license":"CC BY-SA 4.0","link":"https://stackoverflow.com/questions/71276364/mysql-multi-join-query-returned-an-empty-result-set-i-e-zero-rows-query-too","title":"Mysql multi join query returned an empty result set (i.e. zero rows). (Query took 4.0305 seconds.)"},{"tags":["mongodb","mongoose","indexing"],"owner":{"account_id":20968138,"reputation":263,"user_id":15405862,"user_type":"registered","profile_image":"https://lh3.googleusercontent.com/a-/AOh14GgQcRJARIwq3z7capJWmthnCNNnv2GnsI1YGHmm9w=k-s256","display_name":"Anurag Parmar","link":"https://stackoverflow.com/users/15405862/anurag-parmar"},"is_answered":true,"view_count":582,"accepted_answer_id":71287166,"answer_count":1,"score":1,"last_activity_date":1646036638,"creation_date":1645875956,"last_edit_date":1645882058,"question_id":71276362,"content_license":"CC BY-SA 4.0","link":"https://stackoverflow.com/questions/71276362/compound-index-where-one-field-can-be-null-mongodb","title":"Compound index where one field can be null MongoDB"},{"tags":["git","github","pull-request"],"owner":{"account_id":14027487,"reputation":53,"user_id":10132168,"user_type":"registered","profile_image":"https://www.gravatar.com/avatar/46c5ecc2b2032cba6ec7677c6a9832bf?s=256&d=identicon&r=PG&f=y&so-version=2","display_name":"Alger","link":"https://stackoverflow.com/users/10132168/alger"},"is_answered":true,"view_count":683,"closed_date":1645968058,"accepted_answer_id":71277041,"answer_count":1,"score":1,"last_activity_date":1645884674,"creation_date":1645875927,"question_id":71276355,"link":"https://stackoverflow.com/questions/71276355/open-pull-request-link-in-browser-after-create-pull-request","closed_reason":"Not suitable for this site","title":"Open pull request link in browser after create pull request"},{"tags":["python","django"],"owner":{"account_id":22882520,"reputation":77,"user_id":17023923,"user_type":"registered","profile_image":"https://www.gravatar.com/avatar/4508da0a7eade7345800e4e35787a65b?s=256&d=identicon&r=PG","display_name":"Abhi","link":"https://stackoverflow.com/users/17023923/abhi"},"is_answered":true,"view_count":470,"answer_count":1,"score":0,"last_activity_date":1645890027,"creation_date":1645875897,"question_id":71276354,"content_license":"CC BY-SA 4.0","link":"https://stackoverflow.com/questions/71276354/while-html-to-pdf-converting-with-pisa-hindi-words-are-in-coded-way","title":"while html to pdf converting with pisa hindi words are in coded way"},{"tags":["java","android","performance","android-studio","android-layout"],"owner":{"account_id":22805515,"reputation":19,"user_id":16957613,"user_type":"registered","profile_image":"https://lh3.googleusercontent.com/a/AATXAJziufLobE5mwzXo0DFiqWczS93_zkro58AH3RbK=k-s256","display_name":"Shakil Hossen","link":"https://stackoverflow.com/users/16957613/shakil-hossen"},"is_answered":true,"view_count":875,"accepted_answer_id":71276449,"answer_count":1,"score":-1,"last_activity_date":1645877542,"creation_date":1645875855,"question_id":71276351,"content_license":"CC BY-SA 4.0","link":"https://stackoverflow.com/questions/71276351/how-to-get-first-two-word-from-a-string-value","title":"How to get first two word from a string value"},{"tags":["python","sqlite","for-loop","select"],"owner":{"account_id":16304422,"reputation":166,"user_id":11774730,"user_type":"registered","profile_image":"https://lh5.googleusercontent.com/-LVA4kIiqamI/AAAAAAAAAAI/AAAAAAAAN5Q/osfY_l9lCNQ/photo.jpg?sz=256","display_name":"Benjamin McDowell","link":"https://stackoverflow.com/users/11774730/benjamin-mcdowell"},"is_answered":true,"view_count":896,"answer_count":3,"score":0,"last_activity_date":1645880209,"creation_date":1645875831,"question_id":71276345,"content_license":"CC BY-SA 4.0","link":"https://stackoverflow.com/questions/71276345/for-loop-sqlite-select-statement","title":"For loop SQLite SELECT statement"},{"tags":["rabbitmq","microservices","messaging","quarkus"],"owner":{"account_id":23857946,"reputation":1,"user_id":17861252,"user_type":"registered","profile_image":"https://lh3.googleusercontent.com/a/AATXAJzgMa7UiCvMZuwOePnQ-9UNwckeB_TtOY4971W-=k-s256","display_name":"Mahdi KHALIL","link":"https://stackoverflow.com/users/17861252/mahdi-khalil"},"is_answered":false,"view_count":428,"answer_count":1,"score":0,"last_activity_date":1645909988,"creation_date":1645875824,"question_id":71276343,"content_license":"CC BY-SA 4.0","link":"https://stackoverflow.com/questions/71276343/dependency-io-quarkusquarkus-quarkus-smallrye-reactive-messaging-rabbitmq-no","title":"Dependency &#39;io.quarkus:quarkus-quarkus-smallrye-reactive-messaging-rabbitmq:&#39; not found"},{"tags":["html","css"],"owner":{"account_id":23282308,"reputation":13,"user_id":17365603,"user_type":"registered","profile_image":"https://i.stack.imgur.com/k88yP.jpg?s=256&g=1","display_name":"sagar jadhav","link":"https://stackoverflow.com/users/17365603/sagar-jadhav"},"is_answered":false,"view_count":45,"answer_count":1,"score":-1,"last_activity_date":1645878241,"creation_date":1645875809,"question_id":71276340,"content_license":"CC BY-SA 4.0","link":"https://stackoverflow.com/questions/71276340/how-to-make-website-fullscreen-in-smartphone","title":"How to make website fullscreen in smartphone?"},{"tags":["apache-spark","kotlin"],"owner":{"account_id":5868514,"reputation":1,"user_id":4621586,"user_type":"registered","profile_image":"https://lh3.googleusercontent.com/-k9qUOSG10JU/AAAAAAAAAAI/AAAAAAAACQc/AmFU4rGsktQ/photo.jpg?sz=256","display_name":"chandra","link":"https://stackoverflow.com/users/4621586/chandra"},"is_answered":false,"view_count":185,"answer_count":2,"score":0,"last_activity_date":1645897679,"creation_date":1645875803,"last_edit_date":1645876096,"question_id":71276339,"content_license":"CC BY-SA 4.0","link":"https://stackoverflow.com/questions/71276339/spark-sparksession-access-issue","title":"Spark - SparkSession access issue"},{"tags":["sql","unique","distinct"],"owner":{"account_id":5392404,"reputation":847,"user_id":4294506,"user_type":"registered","accept_rate":20,"profile_image":"https://www.gravatar.com/avatar/64204edd5daf152b66d50dd31e20a72c?s=256&d=identicon&r=PG&f=y&so-version=2","display_name":"Ali","link":"https://stackoverflow.com/users/4294506/ali"},"is_answered":true,"view_count":487,"closed_date":1645901986,"accepted_answer_id":71276670,"answer_count":1,"score":0,"last_activity_date":1646309286,"creation_date":1645875785,"last_edit_date":1645877497,"question_id":71276338,"link":"https://stackoverflow.com/questions/71276338/count-distinct-monthly-running-total","closed_reason":"Needs details or clarity","title":"Count distinct monthly running total"}],"has_more":true,"quota_max":300,"quota_remaining":245}