{"items":[{"tags":["css","reactjs","fluent"],"owner":{"account_id":18202298,"reputation":1,"user_id":13246225,"user_type":"registered","profile_image":"https://lh5.googleusercontent.com/-M776MXRm3QU/AAAAAAAAAAI/AAAAAAAAAAA/AAKWJJPYwhoV_ZD8CM76Fp6hTBMRU9CiPw/photo.jpg?sz=256","display_name":"Binay Agarwal","link":"https://stackoverflow.com/users/13246225/binay-agarwal"},"is_answered":false,"view_count":1790,"answer_count":1,"score":0,"last_activity_date":1656376709,"creation_date":1650542375,"question_id":71954090,"content_license":"CC BY-SA 4.0","link":"https://stackoverflow.com/questions/71954090/how-to-edit-rows-in-detailslist-fluent-react-ui","title":"How to edit rows in detailslist fluent react UI"},{"tags":["java","oracle","oracle-sqldeveloper"],"owner":{"account_id":11173536,"reputation":53,"user_id":8199830,"user_type":"registered","profile_image":"https://www.gravatar.com/avatar/b4a9f089538cf78586599256b99019e5?s=256&d=identicon&r=PG&f=y&so-version=2","display_name":"Julia Kurde","link":"https://stackoverflow.com/users/8199830/julia-kurde"},"is_answered":false,"view_count":970,"answer_count":3,"score":0,"last_activity_date":1688473479,"creation_date":1650542361,"question_id":71954088,"content_license":"CC BY-SA 4.0","link":"https://stackoverflow.com/questions/71954088/how-to-connect-to-oracle9i-with-sqldeveloper-21","title":"How to connect to Oracle9i with SQLDeveloper 21?"},{"tags":["python","visual-studio-code","terminal"],"owner":{"account_id":25035950,"reputation":13,"user_id":18893334,"user_type":"registered","profile_image":"https://lh3.googleusercontent.com/a/AATXAJy0D7f7Tv12dxzSSqVTWfaRl7cmcLLmhDgFTLwg=k-s256","display_name":"szaire","link":"https://stackoverflow.com/users/18893334/szaire"},"is_answered":false,"view_count":322,"answer_count":1,"score":0,"last_activity_date":1650544979,"creation_date":1650542350,"last_edit_date":1650544979,"question_id":71954087,"content_license":"CC BY-SA 4.0","link":"https://stackoverflow.com/questions/71954087/how-can-i-colorize-and-format-my-vs-code-terminal-to-look-like-the-example-below","title":"How can I colorize and format my vs code terminal to look like the example below"},{"tags":["python","api","elasticsearch"],"owner":{"account_id":24388778,"reputation":23,"user_id":18319078,"user_type":"registered","profile_image":"https://www.gravatar.com/avatar/024b04b7993b02cb1a9fef1ff033297e?s=256&d=identicon&r=PG","display_name":"Yalul","link":"https://stackoverflow.com/users/18319078/yalul"},"is_answered":false,"view_count":36,"answer_count":1,"score":0,"last_activity_date":1650544859,"creation_date":1650542338,"question_id":71954085,"content_license":"CC BY-SA 4.0","link":"https://stackoverflow.com/questions/71954085/elastic-search-query-list-with-sublist","title":"Elastic Search query list with sublist"},{"tags":["javascript","html","css","css-transitions"],"owner":{"account_id":11827724,"reputation":487,"user_id":8655257,"user_type":"registered","profile_image":"https://www.gravatar.com/avatar/e245a285cc175d9302d7d77b7d8897ae?s=256&d=identicon&r=PG&f=y&so-version=2","display_name":"Julian Z.","link":"https://stackoverflow.com/users/8655257/julian-z"},"is_answered":true,"view_count":58,"answer_count":1,"score":0,"last_activity_date":1650543393,"creation_date":1650542306,"question_id":71954079,"content_license":"CC BY-SA 4.0","link":"https://stackoverflow.com/questions/71954079/change-color-of-text-when-div-is-transitioning-through-it","title":"Change color of text when div is transitioning through it"},{"tags":["kubernetes","yaml","kubernetes-helm"],"owner":{"account_id":7653958,"reputation":11,"user_id":5801586,"user_type":"registered","profile_image":"https://www.gravatar.com/avatar/2fd0bf0696dbff4bc32729f4f4c6fa3b?s=256&d=identicon&r=PG&f=y&so-version=2","display_name":"Netta","link":"https://stackoverflow.com/users/5801586/netta"},"is_answered":false,"view_count":1291,"answer_count":2,"score":0,"last_activity_date":1650575495,"creation_date":1650542288,"question_id":71954076,"content_license":"CC BY-SA 4.0","link":"https://stackoverflow.com/questions/71954076/yaml-dynamic-variables","title":"Yaml dynamic variables"},{"tags":["sql","pgadmin"],"owner":{"account_id":24975517,"reputation":63,"user_id":18838180,"user_type":"registered","profile_image":"https://www.gravatar.com/avatar/9f122142cf994c43824332191522fd17?s=256&d=identicon&r=PG","display_name":"Martha&#39;s Vineyard","link":"https://stackoverflow.com/users/18838180/marthas-vineyard"},"is_answered":true,"view_count":46,"accepted_answer_id":71955813,"answer_count":2,"score":3,"last_activity_date":1650579059,"creation_date":1650542253,"last_edit_date":1650544559,"question_id":71954067,"content_license":"CC BY-SA 4.0","link":"https://stackoverflow.com/questions/71954067/how-can-i-find-out-same-values-with-more-than-one-condition-and-put-values-of-th","title":"How can I find out same values with more than one condition and put values of the same column in different columns?"},{"tags":["c#"],"owner":{"account_id":15580323,"reputation":15,"user_id":11240311,"user_type":"registered","profile_image":"https://lh5.googleusercontent.com/-QmWvhBFcguQ/AAAAAAAAAAI/AAAAAAAABLc/DUd_LtvOADs/photo.jpg?sz=256","display_name":"&#214;MER ","link":"https://stackoverflow.com/users/11240311/%c3%96mer"},"is_answered":true,"view_count":819,"accepted_answer_id":71954466,"answer_count":2,"score":-1,"last_activity_date":1650546193,"creation_date":1650542237,"last_edit_date":1650542649,"question_id":71954063,"content_license":"CC BY-SA 4.0","link":"https://stackoverflow.com/questions/71954063/the-ui-freezes-until-the-method-is-finished-how-can-not-freeze","title":"The UI freezes until the method is finished. How can not freeze?"},{"tags":["reactjs"],"owner":{"account_id":25018000,"reputation":17,"user_id":18876945,"user_type":"registered","profile_image":"https://www.gravatar.com/avatar/857aefe51e1e06f79d5c07504202f0d2?s=256&d=identicon&r=PG","display_name":"Vedant","link":"https://stackoverflow.com/users/18876945/vedant"},"is_answered":false,"view_count":21,"answer_count":0,"score":0,"last_activity_date":1650542235,"creation_date":1650542235,"question_id":71954062,"content_license":"CC BY-SA 4.0","link":"https://stackoverflow.com/questions/71954062/i-am-trying-to-export-the-particular-function-from-one-file-and-import-into-anot","title":"I am trying to export the particular function from one file and import into another, but unable to export the functions, any help would be nice"},{"tags":["python","texture-mapping","cad","open3d","2d-3d-conversion"],"owner":{"account_id":12940044,"reputation":43,"user_id":9356156,"user_type":"registered","profile_image":"https://www.gravatar.com/avatar/c93916529a8aa0f44217ebd17dd92dd9?s=256&d=identicon&r=PG&f=y&so-version=2","display_name":"Teddy 1993","link":"https://stackoverflow.com/users/9356156/teddy-1993"},"is_answered":true,"view_count":1022,"answer_count":1,"score":1,"last_activity_date":1651549582,"creation_date":1650542221,"question_id":71954059,"content_license":"CC BY-SA 4.0","link":"https://stackoverflow.com/questions/71954059/mapping-2d-image-onto-3d-scan-data","title":"Mapping 2D image onto 3D Scan Data"},{"tags":["c#","thread-safety","httpclient"],"owner":{"account_id":13858221,"reputation":21,"user_id":10004508,"user_type":"registered","profile_image":"https://lh4.googleusercontent.com/-LWc-Ne49ifw/AAAAAAAAAAI/AAAAAAAAAAA/AB6qoq1nf81p_E4H1ezJJZDkCavHmNYUIw/mo/photo.jpg?sz=256","display_name":"Sebastian","link":"https://stackoverflow.com/users/10004508/sebastian"},"is_answered":false,"view_count":75,"answer_count":0,"score":1,"last_activity_date":1650546098,"creation_date":1650542215,"last_edit_date":1650546098,"question_id":71954057,"content_license":"CC BY-SA 4.0","link":"https://stackoverflow.com/questions/71954057/how-to-use-httpclients-with-third-party-libs","title":"How to use HttpClients with third-party-libs?"},{"tags":["javascript","css"],"owner":{"account_id":24590955,"reputation":93,"user_id":18494866,"user_type":"registered","profile_image":"https://lh3.googleusercontent.com/a/AATXAJyy2G6c4vsrTs0p29H3HV2ZA8umlS1tV54ECikV=k-s256","display_name":"Asn","link":"https://stackoverflow.com/users/18494866/asn"},"is_answered":true,"view_count":468,"answer_count":1,"score":2,"last_activity_date":1650581792,"creation_date":1650542201,"last_edit_date":1650581792,"question_id":71954054,"content_license":"CC BY-SA 4.0","link":"https://stackoverflow.com/questions/71954054/dont-close-css-popup-when-clicking-on-it","title":"Don&#39;t close CSS popup when clicking on it"},{"tags":["c++","c++20","std-ranges"],"owner":{"account_id":9265744,"reputation":24966,"user_id":6881240,"user_type":"registered","accept_rate":96,"profile_image":"https://www.gravatar.com/avatar/8416cdfe2e349f6e17f090091c9eab3b?s=256&d=identicon&r=PG&f=y&so-version=2","display_name":"kabanus","link":"https://stackoverflow.com/users/6881240/kabanus"},"is_answered":true,"view_count":1940,"accepted_answer_id":71954517,"answer_count":1,"score":7,"last_activity_date":1698338774,"creation_date":1650542197,"last_edit_date":1698338774,"question_id":71954053,"content_license":"CC BY-SA 4.0","link":"https://stackoverflow.com/questions/71954053/what-does-the-vertical-pipe-mean-in-the-context-of-c20-and-ranges","title":"What does the vertical pipe | mean in the context of c++20 and ranges"},{"tags":["google-apps-script","google-sheets","triggers"],"owner":{"account_id":24343610,"reputation":141,"user_id":18280625,"user_type":"registered","profile_image":"https://i.stack.imgur.com/5E1Dm.png?s=256&g=1","display_name":"Mozart75","link":"https://stackoverflow.com/users/18280625/mozart75"},"is_answered":true,"view_count":138,"accepted_answer_id":71954633,"answer_count":2,"score":0,"last_activity_date":1666050898,"creation_date":1650542149,"last_edit_date":1666050898,"question_id":71954044,"content_license":"CC BY-SA 4.0","link":"https://stackoverflow.com/questions/71954044/google-sheets-script-auto-run-a-script-and-add-function-in-the-menu-bar","title":"Google sheets script Auto-run a script and add function in the menu bar"},{"tags":["php",".htaccess","url"],"owner":{"account_id":23489607,"reputation":51,"user_id":17540803,"user_type":"registered","profile_image":"https://lh3.googleusercontent.com/a/AATXAJwAyImFYxQ8y9yV6_IOT2ka_kWwCh6d9e6Qs_qv=k-s256","display_name":"Ambrish Goradia","link":"https://stackoverflow.com/users/17540803/ambrish-goradia"},"is_answered":true,"view_count":317,"answer_count":2,"score":1,"last_activity_date":1650660110,"creation_date":1650542135,"question_id":71954042,"content_license":"CC BY-SA 4.0","link":"https://stackoverflow.com/questions/71954042/removing-php-extension-and-creating-dynamic-url-from-htaccess","title":"removing .php extension and creating dynamic url from htaccess"},{"tags":["scala","apache-spark"],"owner":{"account_id":23011546,"reputation":1,"user_id":17134023,"user_type":"registered","profile_image":"https://lh3.googleusercontent.com/a/AATXAJxFwUC4uwZersVBTSXL-UIeKmTyhIVSrqJBbtz1=k-s256","display_name":"Kassem Tohme","link":"https://stackoverflow.com/users/17134023/kassem-tohme"},"is_answered":false,"view_count":38,"answer_count":1,"score":0,"last_activity_date":1650544484,"creation_date":1650542130,"last_edit_date":1650544384,"question_id":71954041,"content_license":"CC BY-SA 4.0","link":"https://stackoverflow.com/questions/71954041/spark-caching-in-combination-with-multiple-sources-and-actions","title":"Spark caching in combination with multiple sources and actions"},{"tags":["azure-functions","azure-ad-b2c"],"owner":{"account_id":2103515,"reputation":127,"user_id":1870484,"user_type":"registered","accept_rate":100,"profile_image":"https://www.gravatar.com/avatar/8030adc8c0a57cbc6bab5e4854861b38?s=256&d=identicon&r=PG","display_name":"ahmet kocadogan","link":"https://stackoverflow.com/users/1870484/ahmet-kocadogan"},"is_answered":true,"view_count":532,"answer_count":1,"score":0,"last_activity_date":1650583720,"creation_date":1650542127,"last_edit_date":1650546950,"question_id":71954040,"content_license":"CC BY-SA 4.0","link":"https://stackoverflow.com/questions/71954040/reading-user-ip-address-with-api-connector-in-user-flows-in-azure-active-directo","title":"Reading user IP address with API Connector in User Flows in Azure Active Directory B2C"},{"tags":["docker"],"owner":{"account_id":15460723,"reputation":453,"user_id":11153487,"user_type":"registered","profile_image":"https://lh3.googleusercontent.com/-HoMIlxSP7DY/AAAAAAAAAAI/AAAAAAAACHA/KSGvWQOGs68/photo.jpg?sz=256","display_name":"Hell stormer","link":"https://stackoverflow.com/users/11153487/hell-stormer"},"is_answered":false,"view_count":46,"answer_count":0,"score":0,"last_activity_date":1650542125,"creation_date":1650542125,"question_id":71954037,"content_license":"CC BY-SA 4.0","link":"https://stackoverflow.com/questions/71954037/prevent-new-user-inside-docker-container-from-accessing-root-owned-files","title":"Prevent new user inside docker container from accessing root owned files"},{"tags":["c","pointers"],"owner":{"account_id":25035625,"reputation":13,"user_id":18893041,"user_type":"registered","profile_image":"https://lh3.googleusercontent.com/a/AATXAJyllUvZe_9pUTs8Bvsw7uYR7Jswc2BUrOsJr64z=k-s256","display_name":"iheb salah","link":"https://stackoverflow.com/users/18893041/iheb-salah"},"is_answered":true,"view_count":105,"answer_count":1,"score":0,"last_activity_date":1650542749,"creation_date":1650542101,"last_edit_date":1650542631,"question_id":71954029,"content_license":"CC BY-SA 4.0","link":"https://stackoverflow.com/questions/71954029/how-do-you-pass-a-struct-pointer-through-a-function","title":"How do you pass a struct pointer through a function?"},{"tags":["java","spring","spring-boot","logging"],"owner":{"account_id":15663434,"reputation":63,"user_id":11301841,"user_type":"registered","profile_image":"https://www.gravatar.com/avatar/a864b27bc8a1acff1af9b0cc020233e9?s=256&d=identicon&r=PG&f=y&so-version=2","display_name":"Ananya Verma","link":"https://stackoverflow.com/users/11301841/ananya-verma"},"is_answered":false,"view_count":98,"answer_count":1,"score":0,"last_activity_date":1650543051,"creation_date":1650542098,"question_id":71954028,"content_license":"CC BY-SA 4.0","link":"https://stackoverflow.com/questions/71954028/ttl-for-log-gz-files-in-container-spring-boot","title":"TTL for .log.gz files in container? [Spring-Boot]"},{"tags":["java","java-8","keystore","keytool"],"owner":{"account_id":15576463,"reputation":71,"user_id":11237453,"user_type":"registered","profile_image":"https://www.gravatar.com/avatar/eb1cb510912d7ceb45a1841495a14f57?s=256&d=identicon&r=PG&f=y&so-version=2","display_name":"ijm3","link":"https://stackoverflow.com/users/11237453/ijm3"},"is_answered":true,"view_count":1203,"answer_count":1,"score":0,"last_activity_date":1650629732,"creation_date":1650542080,"last_edit_date":1650560088,"question_id":71954022,"content_license":"CC BY-SA 4.0","link":"https://stackoverflow.com/questions/71954022/using-java-keytool-to-encrypt-imported-paswords-with-pbewithhmacsha256andaes-128","title":"Using java keytool to encrypt imported paswords with PBEWithHmacSHA256AndAES_128"},{"tags":["python","django"],"owner":{"account_id":12391294,"reputation":11,"user_id":9033222,"user_type":"registered","profile_image":"https://i.stack.imgur.com/xjUEy.jpg?s=256&g=1","display_name":"Chinmay","link":"https://stackoverflow.com/users/9033222/chinmay"},"is_answered":false,"view_count":132,"answer_count":1,"score":0,"last_activity_date":1650560957,"creation_date":1650542054,"last_edit_date":1650543644,"question_id":71954017,"content_license":"CC BY-SA 4.0","link":"https://stackoverflow.com/questions/71954017/how-to-remove-by-default-clear-checkbox-in-django","title":"How to remove by default clear checkbox in Django"},{"tags":["spring","cookies","spring-security","redis","spring-session"],"owner":{"account_id":3206103,"reputation":704,"user_id":2707144,"user_type":"registered","profile_image":"https://i.stack.imgur.com/GJhMV.jpg?s=256&g=1","display_name":"Endre Moen","link":"https://stackoverflow.com/users/2707144/endre-moen"},"is_answered":false,"view_count":978,"answer_count":0,"score":1,"last_activity_date":1650962194,"creation_date":1650542051,"last_edit_date":1650962194,"question_id":71954016,"content_license":"CC BY-SA 4.0","link":"https://stackoverflow.com/questions/71954016/set-domain-on-cookie-using-spring-security-when-login-success","title":"set Domain on cookie using spring security when login success"},{"tags":["json","amazon-web-services","aws-cli"],"owner":{"account_id":22628218,"reputation":43,"user_id":16806009,"user_type":"registered","profile_image":"https://www.gravatar.com/avatar/78787b1059679735cc9a7a0ea5494b6d?s=256&d=identicon&r=PG&f=y&so-version=2","display_name":"Sconibear","link":"https://stackoverflow.com/users/16806009/sconibear"},"is_answered":true,"view_count":9826,"accepted_answer_id":71996574,"answer_count":1,"score":2,"last_activity_date":1650875345,"creation_date":1650542024,"last_edit_date":1650546924,"question_id":71954012,"content_license":"CC BY-SA 4.0","link":"https://stackoverflow.com/questions/71954012/aws-cli-error-parsing-parameter-cli-input-json-invalid-json-received","title":"AWS CLI: Error parsing parameter &#39;cli-input-json&#39;: Invalid JSON received"},{"tags":["javascript"],"owner":{"account_id":25035846,"reputation":11,"user_id":18893242,"user_type":"registered","profile_image":"https://www.gravatar.com/avatar/f371032e4688961985e01094e0aa1a65?s=256&d=identicon&r=PG","display_name":"Bratislav Bejatovic","link":"https://stackoverflow.com/users/18893242/bratislav-bejatovic"},"is_answered":true,"view_count":62,"answer_count":2,"score":0,"last_activity_date":1650549713,"creation_date":1650542024,"question_id":71954011,"content_license":"CC BY-SA 4.0","link":"https://stackoverflow.com/questions/71954011/useeffect-with-settimeout-runing-a-component","title":"UseEffect with setTimeout runing a Component"},{"tags":["java","annotations"],"owner":{"account_id":25035651,"reputation":63,"user_id":18893067,"user_type":"registered","profile_image":"https://lh3.googleusercontent.com/a-/AOh14GhQwSYP7faAMvurGk-ambxLvh3gjpOZUWh76LuXJA=k-s256","display_name":"Marco Olivi","link":"https://stackoverflow.com/users/18893067/marco-olivi"},"is_answered":true,"view_count":344,"accepted_answer_id":71954493,"answer_count":1,"score":4,"last_activity_date":1650544095,"creation_date":1650542022,"last_edit_date":1650542851,"question_id":71954010,"content_license":"CC BY-SA 4.0","link":"https://stackoverflow.com/questions/71954010/can-an-annotation-type-without-a-target-be-used-anywhere","title":"Can an annotation type without a @Target be used anywhere?"},{"tags":["c","stat","dirent.h"],"owner":{"account_id":22529079,"reputation":11,"user_id":16721466,"user_type":"registered","profile_image":"https://lh3.googleusercontent.com/a-/AOh14Gh_-xUviyy-WCgeL7tJRdWUCAx3ti6IEAVah7ZW=k-s256","display_name":"A_Programmer","link":"https://stackoverflow.com/users/16721466/a-programmer"},"is_answered":false,"view_count":22,"closed_date":1650718041,"answer_count":0,"score":1,"last_activity_date":1650542017,"creation_date":1650542017,"question_id":71954009,"link":"https://stackoverflow.com/questions/71954009/invalid-modification-date-for-linux-directories-in-stat-c","closed_reason":"Duplicate","title":"Invalid Modification Date for Linux Directories in stat C"},{"tags":["authentication","next.js","middleware","next-auth"],"owner":{"account_id":5690397,"reputation":603,"user_id":4498623,"user_type":"registered","accept_rate":67,"profile_image":"https://i.stack.imgur.com/c7htK.jpg?s=256&g=1","display_name":"Michael Pomogajko","link":"https://stackoverflow.com/users/4498623/michael-pomogajko"},"is_answered":false,"view_count":1085,"answer_count":1,"score":0,"last_activity_date":1650563845,"creation_date":1650541997,"last_edit_date":1650563845,"question_id":71954004,"content_license":"CC BY-SA 4.0","link":"https://stackoverflow.com/questions/71954004/next-auth-middleware-eval-not-allowed","title":"Next-auth middleware &#39;eval&#39; not allowed"},{"tags":["c++","cmake","shared-libraries","static-libraries","lib"],"owner":{"account_id":6576696,"reputation":5665,"user_id":5082463,"user_type":"registered","accept_rate":74,"profile_image":"https://www.gravatar.com/avatar/a8551a4fe548a6a562448eb16f16092b?s=256&d=identicon&r=PG&f=y&so-version=2","display_name":"KcFnMi","link":"https://stackoverflow.com/users/5082463/kcfnmi"},"is_answered":false,"view_count":1073,"answer_count":1,"score":0,"last_activity_date":1650545918,"creation_date":1650541993,"question_id":71954002,"content_license":"CC BY-SA 4.0","link":"https://stackoverflow.com/questions/71954002/tell-cmake-to-build-static-version-of-the-library","title":"Tell cmake to build static version of the library"},{"tags":["c#"],"owner":{"account_id":7306905,"reputation":459,"user_id":5567533,"user_type":"registered","accept_rate":54,"profile_image":"https://www.gravatar.com/avatar/8409d6488fa507a1ae6290ea66045275?s=256&d=identicon&r=PG&f=y&so-version=2","display_name":"ratanmalko","link":"https://stackoverflow.com/users/5567533/ratanmalko"},"is_answered":true,"view_count":35,"accepted_answer_id":71954155,"answer_count":1,"score":0,"last_activity_date":1650542645,"creation_date":1650541986,"question_id":71954000,"content_license":"CC BY-SA 4.0","link":"https://stackoverflow.com/questions/71954000/c-create-placeholder-properties-dynamically-based-on-sortorder-of-other-prope","title":"C# - Create placeholder properties dynamically based on SortOrder of other properties"}],"has_more":true,"quota_max":300,"quota_remaining":265}