{"items":[{"tags":["postgresql"],"owner":{"account_id":3422800,"reputation":133,"user_id":2869736,"user_type":"registered","profile_image":"https://www.gravatar.com/avatar/93a9a983f1b7a094c1175d9b81298199?s=256&d=identicon&r=PG&f=y&so-version=2","display_name":"user2869736","link":"https://stackoverflow.com/users/2869736/user2869736"},"is_answered":true,"view_count":65,"accepted_answer_id":71206041,"answer_count":3,"score":1,"last_activity_date":1645448058,"creation_date":1645444788,"last_edit_date":1645446549,"question_id":71205968,"content_license":"CC BY-SA 4.0","link":"https://stackoverflow.com/questions/71205968/how-to-get-unique-date-from-multiple-dates-based-on-condition-in-postgresql","title":"How to get unique date from multiple dates based on condition in PostgreSQL?"},{"tags":["julia","type-declaration"],"owner":{"account_id":1373350,"reputation":682,"user_id":1307851,"user_type":"registered","accept_rate":92,"profile_image":"https://www.gravatar.com/avatar/e449511ef7846e4d7356e347cb30b94c?s=256&d=identicon&r=PG","display_name":"Fredrik P","link":"https://stackoverflow.com/users/1307851/fredrik-p"},"is_answered":true,"view_count":892,"accepted_answer_id":71206468,"answer_count":1,"score":4,"last_activity_date":1645522047,"creation_date":1645444786,"last_edit_date":1645522047,"question_id":71205967,"content_license":"CC BY-SA 4.0","link":"https://stackoverflow.com/questions/71205967/type-declaration-in-julia-for-function-argument-that-can-be-both-array-and-scala","title":"Type declaration in Julia for function argument that can be both array and scalar"},{"tags":["python","excel","pandas","loops","dictionary"],"owner":{"user_type":"does_not_exist","display_name":"user12447159"},"is_answered":true,"view_count":786,"accepted_answer_id":71206214,"answer_count":1,"score":0,"last_activity_date":1645446061,"creation_date":1645444750,"last_edit_date":1645445405,"question_id":71205964,"content_license":"CC BY-SA 4.0","link":"https://stackoverflow.com/questions/71205964/loop-over-python-dictionary-of-dictionaries-to-add-new-excel-sheets-based-on-key","title":"Loop over Python dictionary of dictionaries to add new Excel sheets based on keys and data to sheet from dataframes"},{"tags":["sendgrid","email-attachments"],"owner":{"account_id":3399727,"reputation":41,"user_id":2852270,"user_type":"registered","profile_image":"https://www.gravatar.com/avatar/e546a44c16fa7f08f9b031ee03273b83?s=256&d=identicon&r=PG&f=y&so-version=2","display_name":"user2852270","link":"https://stackoverflow.com/users/2852270/user2852270"},"is_answered":true,"view_count":1174,"accepted_answer_id":71214131,"answer_count":2,"score":2,"last_activity_date":1645612496,"creation_date":1645444737,"last_edit_date":1645485109,"question_id":71205962,"content_license":"CC BY-SA 4.0","link":"https://stackoverflow.com/questions/71205962/excel-file-send-through-send-grid-attachment-c-is-corrupted","title":"Excel file send through Send grid attachment C# is corrupted"},{"tags":["visual-studio-code","pylint"],"owner":{"account_id":5290511,"reputation":45,"user_id":4223257,"user_type":"registered","profile_image":"https://www.gravatar.com/avatar/79c2cf0b3cf3b0037bc37fb467eccf03?s=256&d=identicon&r=PG&f=y&so-version=2","display_name":"Ido GD","link":"https://stackoverflow.com/users/4223257/ido-gd"},"is_answered":true,"view_count":91,"accepted_answer_id":71209322,"answer_count":2,"score":0,"last_activity_date":1645458879,"creation_date":1645444696,"last_edit_date":1645448128,"question_id":71205955,"content_license":"CC BY-SA 4.0","link":"https://stackoverflow.com/questions/71205955/vscode-linters-underlines-entire-class","title":"vscode linters underlines entire class"},{"tags":["javascript","amazon-web-services","vue.js","axios","vue-cli"],"owner":{"account_id":6193906,"reputation":147,"user_id":4825835,"user_type":"registered","profile_image":"https://www.gravatar.com/avatar/62e75fde7fe67beaa64eab422caca160?s=256&d=identicon&r=PG&f=y&so-version=2","display_name":"RasmusN","link":"https://stackoverflow.com/users/4825835/rasmusn"},"is_answered":true,"view_count":857,"answer_count":1,"score":0,"last_activity_date":1645673240,"creation_date":1645444690,"question_id":71205953,"content_license":"CC BY-SA 4.0","link":"https://stackoverflow.com/questions/71205953/redirecting-backend-calls-in-vue-application","title":"Redirecting backend calls in Vue application"},{"tags":["javascript","html","css","reactjs","handsontable"],"owner":{"account_id":263569,"reputation":7215,"user_id":549226,"user_type":"registered","accept_rate":95,"profile_image":"https://www.gravatar.com/avatar/13713d5bd3f303a5a1fb7252fcceb9eb?s=256&d=identicon&r=PG","display_name":"opike","link":"https://stackoverflow.com/users/549226/opike"},"is_answered":false,"view_count":216,"answer_count":1,"score":0,"last_activity_date":1645446694,"creation_date":1645444683,"question_id":71205950,"content_license":"CC BY-SA 4.0","link":"https://stackoverflow.com/questions/71205950/have-div-width-match-that-of-the-contents","title":"Have div width match that of the contents"},{"tags":["asp.net",".net-6.0","visual-studio-2022"],"owner":{"account_id":193821,"reputation":3767,"user_id":435784,"user_type":"registered","accept_rate":84,"profile_image":"https://www.gravatar.com/avatar/991f72c46863bb0dfc66a0b5b34eb4e8?s=256&d=identicon&r=PG","display_name":"Georgian Citizen","link":"https://stackoverflow.com/users/435784/georgian-citizen"},"is_answered":true,"view_count":3051,"accepted_answer_id":71215709,"answer_count":2,"score":2,"last_activity_date":1645531693,"creation_date":1645444675,"question_id":71205948,"content_license":"CC BY-SA 4.0","link":"https://stackoverflow.com/questions/71205948/create-asp-net-webform-net-6-vs-2022-based-aspx-pages-not-razor","title":"Create ASP.NET WebForm .NET 6 VS 2022 based ASPX pages not razor"},{"tags":["sqlalchemy"],"owner":{"account_id":1259133,"reputation":960,"user_id":1217949,"user_type":"registered","accept_rate":59,"profile_image":"https://i.stack.imgur.com/qKq9r.png?s=256&g=1","display_name":"sonium","link":"https://stackoverflow.com/users/1217949/sonium"},"is_answered":false,"view_count":15,"closed_date":1645446647,"answer_count":0,"score":0,"last_activity_date":1645444668,"creation_date":1645444668,"question_id":71205946,"link":"https://stackoverflow.com/questions/71205946/sqlalchemy-query-gives-outdated-data","closed_reason":"Duplicate","title":"SqlAlchemy query gives outdated data"},{"tags":["javascript","html","reactjs","react-hooks"],"owner":{"account_id":24329040,"reputation":3,"user_id":18268187,"user_type":"registered","profile_image":"https://lh3.googleusercontent.com/a/AATXAJyO1Cf1GXwO4mz2Q6778riqoeC1uGlGq7dlBUxb=k-s256","display_name":"Jessuit Okkamoto","link":"https://stackoverflow.com/users/18268187/jessuit-okkamoto"},"is_answered":true,"view_count":188,"answer_count":1,"score":0,"last_activity_date":1645447279,"creation_date":1645444629,"last_edit_date":1645445857,"question_id":71205939,"content_license":"CC BY-SA 4.0","link":"https://stackoverflow.com/questions/71205939/multiple-increments-for-multiple-inputs","title":"Multiple Increments for multiple inputs"},{"tags":["ios","flutter","speech-recognition","text-to-speech","speech-to-text"],"owner":{"account_id":24328395,"reputation":21,"user_id":18267627,"user_type":"registered","profile_image":"https://www.gravatar.com/avatar/a8e83174f1c43b1d4b99082dcbe662a8?s=256&d=identicon&r=PG","display_name":"under_hill","link":"https://stackoverflow.com/users/18267627/under-hill"},"is_answered":false,"view_count":671,"answer_count":1,"score":2,"last_activity_date":1693868011,"creation_date":1645444593,"question_id":71205936,"content_license":"CC BY-SA 4.0","link":"https://stackoverflow.com/questions/71205936/flutter-audio-from-earpiece-on-ios-while-speech-to-text-is-initialized","title":"Flutter audio from earpiece on ios while speech to text is initialized"},{"tags":["javascript","angular-material"],"owner":{"account_id":12346105,"reputation":11,"user_id":9006967,"user_type":"registered","profile_image":"https://www.gravatar.com/avatar/22f0742bc0a7d8e34af8b9b204075824?s=256&d=identicon&r=PG&f=y&so-version=2","display_name":"Dalbir Singh Dhillon","link":"https://stackoverflow.com/users/9006967/dalbir-singh-dhillon"},"is_answered":false,"view_count":786,"answer_count":0,"score":1,"last_activity_date":1645463033,"creation_date":1645444569,"last_edit_date":1645463033,"question_id":71205931,"content_license":"CC BY-SA 4.0","link":"https://stackoverflow.com/questions/71205931/multiple-date-range-selection-in-mat-datepicker","title":"Multiple Date Range selection in Mat datepicker"},{"tags":["pandas","data-science"],"owner":{"account_id":19677044,"reputation":165,"user_id":14404904,"user_type":"registered","profile_image":"https://lh4.googleusercontent.com/-Su2mGL_XWTQ/AAAAAAAAAAI/AAAAAAAAAAA/AMZuucmrAX1TLMRBUXWiRBT-7WdPin7Uww/photo.jpg?sz=256","display_name":"Lawrence","link":"https://stackoverflow.com/users/14404904/lawrence"},"is_answered":true,"view_count":12,"answer_count":1,"score":0,"last_activity_date":1645444667,"creation_date":1645444548,"question_id":71205924,"content_license":"CC BY-SA 4.0","link":"https://stackoverflow.com/questions/71205924/how-to-group-base-on-occurrences-across-months","title":"How to group base on occurrences across months?"},{"tags":["spring-boot","rest","spring-security","http-status-code-403"],"owner":{"account_id":23516184,"reputation":337,"user_id":17564051,"user_type":"registered","profile_image":"https://lh3.googleusercontent.com/a/AATXAJyIVBaMctl8umdBwvWFtVqfz8hEznf2zjlAxg-D=k-s256","display_name":"Oxana Grey","link":"https://stackoverflow.com/users/17564051/oxana-grey"},"is_answered":true,"view_count":1250,"accepted_answer_id":71206267,"answer_count":1,"score":-1,"last_activity_date":1670507155,"creation_date":1645444513,"last_edit_date":1645450371,"question_id":71205918,"content_license":"CC BY-SA 4.0","link":"https://stackoverflow.com/questions/71205918/how-to-map-403-error-to-user-friendly-error","title":"How to map 403 error to user friendly error?"},{"tags":["node.js","mongodb","express","mongoose","search"],"owner":{"account_id":24329001,"reputation":13,"user_id":18268150,"user_type":"registered","profile_image":"https://www.gravatar.com/avatar/4dc80fe0c0956f5d20199eaedf776662?s=256&d=identicon&r=PG","display_name":"semicolon","link":"https://stackoverflow.com/users/18268150/semicolon"},"is_answered":true,"view_count":67,"accepted_answer_id":71206101,"answer_count":1,"score":0,"last_activity_date":1645445558,"creation_date":1645444498,"question_id":71205916,"content_license":"CC BY-SA 4.0","link":"https://stackoverflow.com/questions/71205916/how-to-search-like-linkedin-facebook-in-mongoose","title":"How to search like LinkedIn/Facebook in mongoose?"},{"tags":["python","linux","shell"],"owner":{"account_id":22967272,"reputation":1,"user_id":17096167,"user_type":"registered","profile_image":"https://lh3.googleusercontent.com/a-/AOh14Ggi1RaAy6_9Rkg0OKEJZU5yWkIH5p3HTHPOULCb=k-s256","display_name":"Techython","link":"https://stackoverflow.com/users/17096167/techython"},"is_answered":true,"view_count":127,"answer_count":1,"score":0,"last_activity_date":1645470267,"creation_date":1645444489,"last_edit_date":1645445230,"question_id":71205915,"content_license":"CC BY-SA 4.0","link":"https://stackoverflow.com/questions/71205915/size-of-all-images-in-a-list-python-shell","title":"Size of all images in a list Python/shell"},{"tags":["python","for-loop","combinations"],"owner":{"account_id":3499281,"reputation":91,"user_id":8776518,"user_type":"registered","profile_image":"https://www.gravatar.com/avatar/dbce45c8c52b8d8584777357c3fa85dc?s=256&d=identicon&r=PG&f=y&so-version=2","display_name":"NotLost","link":"https://stackoverflow.com/users/8776518/notlost"},"is_answered":true,"view_count":172,"accepted_answer_id":71206516,"answer_count":2,"score":1,"last_activity_date":1645450510,"creation_date":1645444472,"question_id":71205912,"content_license":"CC BY-SA 4.0","link":"https://stackoverflow.com/questions/71205912/brute-force-feature-selection-sum-items-across-list-combinations","title":"Brute force feature selection - sum items across list combinations"},{"tags":["sql","sql-server"],"owner":{"account_id":15798388,"reputation":11,"user_id":11399608,"user_type":"registered","profile_image":"https://lh5.googleusercontent.com/-x22pDNyN0SA/AAAAAAAAAAI/AAAAAAAAAEg/qJUg1I0CYEo/photo.jpg?sz=256","display_name":"Zubair Hasan","link":"https://stackoverflow.com/users/11399608/zubair-hasan"},"is_answered":true,"view_count":46,"answer_count":1,"score":-2,"last_activity_date":1645446426,"creation_date":1645444470,"last_edit_date":1645444622,"question_id":71205910,"content_license":"CC BY-SA 4.0","link":"https://stackoverflow.com/questions/71205910/improves-the-time-efficiency-of-query","title":"Improves the time efficiency of query"},{"tags":["drop-down-menu","safari","navigation","focus","megamenu"],"owner":{"account_id":24323227,"reputation":1,"user_id":18263224,"user_type":"registered","profile_image":"https://www.gravatar.com/avatar/af242354b3d456826bf9071159e5d720?s=256&d=identicon&r=PG","display_name":"zwiderwurzn","link":"https://stackoverflow.com/users/18263224/zwiderwurzn"},"is_answered":false,"view_count":767,"answer_count":1,"score":0,"last_activity_date":1645445236,"creation_date":1645444467,"last_edit_date":1645445236,"question_id":71205909,"content_license":"CC BY-SA 4.0","link":"https://stackoverflow.com/questions/71205909/problem-with-opening-mega-dropdown-navigation-menu-only-in-safari-browsers","title":"Problem with opening mega dropdown navigation menu only in Safari browsers"},{"tags":["amazon-web-services","aws-lambda","amazon-dynamodb","amazon-dynamodb-streams"],"owner":{"account_id":20452863,"reputation":438,"user_id":15007231,"user_type":"registered","profile_image":"https://lh4.googleusercontent.com/-4o5RQZaUDe8/AAAAAAAAAAI/AAAAAAAAAAA/AMZuuclF963YE-ecreuk5dWD_MifRwWvUw/s96-c/photo.jpg?sz=256","display_name":"cionzo","link":"https://stackoverflow.com/users/15007231/cionzo"},"is_answered":true,"view_count":1752,"answer_count":1,"score":9,"last_activity_date":1668663464,"creation_date":1645444461,"question_id":71205907,"content_license":"CC BY-SA 4.0","link":"https://stackoverflow.com/questions/71205907/filtering-dynamodb-streams-events-for-a-specific-field-change","title":"Filtering DynamoDB Streams events for a specific field change"},{"tags":["kotlin","data-structures","tree"],"owner":{"account_id":11271266,"reputation":4777,"user_id":8266651,"user_type":"registered","profile_image":"https://i.stack.imgur.com/fnUTp.jpg?s=256&g=1","display_name":"Kotlin Learner","link":"https://stackoverflow.com/users/8266651/kotlin-learner"},"is_answered":true,"view_count":142,"accepted_answer_id":71208094,"answer_count":1,"score":2,"last_activity_date":1645460654,"creation_date":1645444460,"last_edit_date":1645457804,"question_id":71205905,"content_license":"CC BY-SA 4.0","link":"https://stackoverflow.com/questions/71205905/get-index-of-each-root-on-level-wise-in-tree-data-structure","title":"Get index of each root on level wise in tree data structure"},{"tags":["amazon-web-services","aws-cloudformation","aws-glue"],"owner":{"account_id":8191349,"reputation":1224,"user_id":6165496,"user_type":"registered","accept_rate":80,"profile_image":"https://www.gravatar.com/avatar/214382daebe83c47fdd02caf0f978c93?s=256&d=identicon&r=PG&f=y&so-version=2","display_name":"RudyVerboven","link":"https://stackoverflow.com/users/6165496/rudyverboven"},"is_answered":true,"view_count":1889,"accepted_answer_id":71396991,"answer_count":1,"score":2,"last_activity_date":1646751190,"creation_date":1645444440,"question_id":71205904,"content_license":"CC BY-SA 4.0","link":"https://stackoverflow.com/questions/71205904/enable-autoscaling-feature-for-aws-glue-jobs-using-aws-cloudformation","title":"Enable autoscaling feature for AWS Glue Jobs using AWS CloudFormation"},{"tags":["node.js","angular-cli","ng-build"],"owner":{"account_id":21088679,"reputation":337,"user_id":15501126,"user_type":"registered","profile_image":"https://lh5.googleusercontent.com/-DkGFWCGVL9I/AAAAAAAAAAI/AAAAAAAAAAA/AMZuucm9AOBI4BDnc5xmEl8ItHkDVELKQg/s96-c/photo.jpg?sz=256","display_name":"Maxim","link":"https://stackoverflow.com/users/15501126/maxim"},"is_answered":true,"view_count":2001,"answer_count":3,"score":2,"last_activity_date":1679642232,"creation_date":1645444439,"last_edit_date":1645445018,"question_id":71205902,"content_license":"CC BY-SA 4.0","link":"https://stackoverflow.com/questions/71205902/angular-build-index-html-generation-failed-undefined9219187-property-missi","title":"Angular build - Index html generation failed. undefined:9:219187: property missing &#39;:&#39;"},{"tags":["laravel","laravel-8","fortify","laravel-fortify"],"owner":{"account_id":17857006,"reputation":21,"user_id":12971375,"user_type":"registered","profile_image":"https://lh5.googleusercontent.com/-qEpS-vZuSJI/AAAAAAAAAAI/AAAAAAAAAAA/ACHi3rc8VLp8c283U8zOorl3_H5qEszqYw/photo.jpg?sz=256","display_name":"Ruturaj Vaidya","link":"https://stackoverflow.com/users/12971375/ruturaj-vaidya"},"is_answered":false,"view_count":645,"answer_count":1,"score":0,"last_activity_date":1645624403,"creation_date":1645444439,"last_edit_date":1645553274,"question_id":71205901,"content_license":"CC BY-SA 4.0","link":"https://stackoverflow.com/questions/71205901/laravel-add-notification-class-to-send-email-to-create-new-password-on-registr","title":"Laravel : Add notification class to send email to create new password on registration using fortify"},{"tags":["python","fastapi","uvicorn","httpx"],"owner":{"account_id":24329044,"reputation":23,"user_id":18268192,"user_type":"registered","profile_image":"https://lh3.googleusercontent.com/a-/AOh14GhwdpUDhR5LiceRaq6fZjLD2oHJ5h9w0xCZFSEf=k-s256","display_name":"Jan Kortus","link":"https://stackoverflow.com/users/18268192/jan-kortus"},"is_answered":true,"view_count":417,"accepted_answer_id":71209385,"answer_count":1,"score":2,"last_activity_date":1645549080,"creation_date":1645444437,"last_edit_date":1645549080,"question_id":71205900,"content_license":"CC BY-SA 4.0","link":"https://stackoverflow.com/questions/71205900/fastapi-uvicorn-prevent-ungzipping-with-httpx-asyncclinet","title":"fastapi/uvicorn prevent ungzipping with httpx.AsyncClinet"},{"tags":["google-cloud-platform","gcloud"],"owner":{"account_id":4883552,"reputation":638,"user_id":3936621,"user_type":"registered","profile_image":"https://www.gravatar.com/avatar/04060b53855987616fa9c6fd5e6fe370?s=256&d=identicon&r=PG&f=y&so-version=2","display_name":"analyst045","link":"https://stackoverflow.com/users/3936621/analyst045"},"is_answered":true,"view_count":1203,"answer_count":1,"score":0,"last_activity_date":1645460149,"creation_date":1645444429,"question_id":71205899,"content_license":"CC BY-SA 4.0","link":"https://stackoverflow.com/questions/71205899/how-to-list-get-the-creator-of-all-gcp-resource-in-a-project","title":"How to list/get the &#39;creator&#39; of all GCP resource in a project?"},{"tags":["sql","reactjs","post","asp.net-web-api","fetch-api"],"owner":{"account_id":19441713,"reputation":99,"user_id":14219980,"user_type":"registered","profile_image":"https://i.stack.imgur.com/paBq7.jpg?s=256&g=1","display_name":"Shirley Cohen","link":"https://stackoverflow.com/users/14219980/shirley-cohen"},"is_answered":true,"view_count":793,"accepted_answer_id":71210436,"answer_count":1,"score":2,"last_activity_date":1645465390,"creation_date":1645444429,"last_edit_date":1645463482,"question_id":71205898,"content_license":"CC BY-SA 4.0","link":"https://stackoverflow.com/questions/71205898/web-api-post-error-message-value-cannot-be-null-r-nparameter-name-urist","title":"Web API - Post Error - {Message: &#39;Value cannot be null.\\r\\nParameter name: uriString&#39;}"},{"tags":["typescript","recursion","assertion"],"owner":{"account_id":10577073,"reputation":1536,"user_id":7792079,"user_type":"registered","accept_rate":100,"profile_image":"https://i.stack.imgur.com/0IF2F.png?s=256&g=1","display_name":"J-Cake","link":"https://stackoverflow.com/users/7792079/j-cake"},"is_answered":false,"view_count":17,"closed_date":1645448049,"answer_count":0,"score":1,"last_activity_date":1645447021,"creation_date":1645444423,"last_edit_date":1645447021,"question_id":71205896,"link":"https://stackoverflow.com/questions/71205896/typescript-assert-that-a-given-type-is-finite","closed_reason":"Duplicate","title":"TypeScript assert that a given type is finite"},{"tags":["c#"],"owner":{"account_id":1466883,"reputation":2872,"user_id":1379478,"user_type":"registered","accept_rate":53,"profile_image":"https://www.gravatar.com/avatar/d91c4c27cdd810a3267bb39ab9f3451f?s=256&d=identicon&r=PG","display_name":"nnmmss","link":"https://stackoverflow.com/users/1379478/nnmmss"},"is_answered":true,"view_count":143,"closed_date":1645446120,"accepted_answer_id":71205987,"answer_count":1,"score":0,"last_activity_date":1645445158,"creation_date":1645444419,"last_edit_date":1645445158,"question_id":71205895,"link":"https://stackoverflow.com/questions/71205895/converting-string-to-float-gives-an-error","closed_reason":"Duplicate","title":"converting string to float gives an error"},{"tags":["ios","swift","file","import","appdelegate"],"owner":{"account_id":24328493,"reputation":81,"user_id":18267710,"user_type":"registered","profile_image":"https://lh3.googleusercontent.com/a/AATXAJzYrcpo2Yj0GySIV_xsQROn9XcM-TIhjF_ECqL-=k-s256","display_name":"Emanuele Tonetti","link":"https://stackoverflow.com/users/18267710/emanuele-tonetti"},"is_answered":true,"view_count":1448,"accepted_answer_id":71267884,"answer_count":1,"score":3,"last_activity_date":1645867716,"creation_date":1645444414,"last_edit_date":1645448027,"question_id":71205894,"content_license":"CC BY-SA 4.0","link":"https://stackoverflow.com/questions/71205894/appdelegate-or-scenedelegate-receive-url-from-files-but-the-underlying-file-doe","title":"AppDelegate or SceneDelegate receive URL from Files, but the underlying file does not exist"}],"has_more":true,"quota_max":300,"quota_remaining":265}