{"items":[{"tags":["javascript","reactjs","react-hooks","use-state"],"owner":{"account_id":23740054,"reputation":7,"user_id":17758208,"user_type":"registered","profile_image":"https://i.stack.imgur.com/cdPwK.jpg?s=256&g=1","display_name":"Yura Oleksiiko","link":"https://stackoverflow.com/users/17758208/yura-oleksiiko"},"is_answered":true,"view_count":2213,"accepted_answer_id":70991022,"answer_count":1,"score":-1,"last_activity_date":1643998442,"creation_date":1643997583,"last_edit_date":1643997730,"question_id":70990867,"content_license":"CC BY-SA 4.0","link":"https://stackoverflow.com/questions/70990867/uncaught-typeerror-cannot-read-properties-of-undefined-reading-undefined","title":"Uncaught TypeError: Cannot read properties of undefined (reading &#39;undefined&#39;)"},{"tags":["sql"],"owner":{"account_id":24157931,"reputation":1,"user_id":18121918,"user_type":"registered","profile_image":"https://www.gravatar.com/avatar/24dce79df911a9169af7d9ba8e6c0c0b?s=256&d=identicon&r=PG","display_name":"user18121918","link":"https://stackoverflow.com/users/18121918/user18121918"},"is_answered":false,"view_count":122,"answer_count":1,"score":0,"last_activity_date":1643998599,"creation_date":1643997573,"last_edit_date":1643998420,"question_id":70990862,"content_license":"CC BY-SA 4.0","link":"https://stackoverflow.com/questions/70990862/how-can-i-use-the-symbol-in-concat-function-in-sql","title":"How can I use the &#39; - symbol in concat function in SQL"},{"tags":["xml","bash","xpath","sed","xmlstarlet"],"owner":{"account_id":16842369,"reputation":635,"user_id":12177456,"user_type":"registered","profile_image":"https://lh4.googleusercontent.com/-_Gy2VaOzAF0/AAAAAAAAAAI/AAAAAAAAAAA/ACHi3refFcg5MZkxrFU7zWfFRfOExs5Rdw/photo.jpg?sz=256","display_name":"rmf","link":"https://stackoverflow.com/users/12177456/rmf"},"is_answered":true,"view_count":1180,"accepted_answer_id":71040420,"answer_count":4,"score":0,"last_activity_date":1644879441,"creation_date":1643997570,"last_edit_date":1644347122,"question_id":70990861,"content_license":"CC BY-SA 4.0","link":"https://stackoverflow.com/questions/70990861/replace-a-dependency-version-in-pom-xml-programmatically","title":"Replace a dependency version in pom.xml programmatically?"},{"tags":["r"],"owner":{"account_id":9724318,"reputation":1087,"user_id":7811354,"user_type":"registered","accept_rate":64,"profile_image":"https://www.gravatar.com/avatar/28cb34a2900041fbd85e59b9e77463c1?s=256&d=identicon&r=PG&f=y&so-version=2","display_name":"CuriousDude","link":"https://stackoverflow.com/users/7811354/curiousdude"},"is_answered":false,"view_count":66,"answer_count":0,"score":0,"last_activity_date":1643997567,"creation_date":1643997567,"question_id":70990859,"content_license":"CC BY-SA 4.0","link":"https://stackoverflow.com/questions/70990859/how-to-properly-remove-values-in-dataframe-that-exceed-a-certain-value-dplyr","title":"How to properly remove values in dataframe that exceed a certain value (dplyr)?"},{"tags":["api","stripe-payments","plaid"],"owner":{"account_id":24157970,"reputation":50,"user_id":18121951,"user_type":"registered","profile_image":"https://lh3.googleusercontent.com/a-/AOh14GjF1-56LvvrBy0tokbzQPrbO0emUgKy-Z04GTBLSg=k-s256","display_name":"Juan","link":"https://stackoverflow.com/users/18121951/juan"},"is_answered":true,"view_count":610,"accepted_answer_id":70993180,"answer_count":1,"score":1,"last_activity_date":1644011173,"creation_date":1643997538,"question_id":70990852,"content_license":"CC BY-SA 4.0","link":"https://stackoverflow.com/questions/70990852/stripe-plaid-is-it-possible-to-have-more-than-one-bank-account-ach-in-sand","title":"Stripe + Plaid | Is it possible to have more than one bank account (ach) in sandbox associated to one user?"},{"tags":["cronofy"],"owner":{"account_id":23667238,"reputation":15,"user_id":17694534,"user_type":"registered","profile_image":"https://www.gravatar.com/avatar/d0b5590c8da3687c30ea86dc4ee93d77?s=256&d=identicon&r=PG","display_name":"dockerman_20","link":"https://stackoverflow.com/users/17694534/dockerman-20"},"is_answered":true,"view_count":42,"accepted_answer_id":70993492,"answer_count":1,"score":0,"last_activity_date":1644013381,"creation_date":1643997525,"question_id":70990851,"content_license":"CC BY-SA 4.0","link":"https://stackoverflow.com/questions/70990851/get-any-days-that-have-availablility-from-cronofy","title":"Get any days that have availablility from Cronofy"},{"tags":["python","tkinter"],"owner":{"account_id":24157969,"reputation":1,"user_id":18121950,"user_type":"registered","profile_image":"https://lh3.googleusercontent.com/a-/AOh14GjLq0qWhjcuj9j5qiOxfSeolnZFPOqgnMi2nL0P=k-s256","display_name":"Advait Muley","link":"https://stackoverflow.com/users/18121950/advait-muley"},"is_answered":true,"view_count":457,"answer_count":1,"score":-1,"last_activity_date":1643997886,"creation_date":1643997506,"last_edit_date":1643997742,"question_id":70990849,"content_license":"CC BY-SA 4.0","link":"https://stackoverflow.com/questions/70990849/tkinter-attributeerror-function-object-has-no-attribute-get","title":"Tkinter AttributeError: &#39;function&#39; object has no attribute &#39;get&#39;"},{"tags":["java","csv","parsing"],"owner":{"account_id":24157929,"reputation":1,"user_id":18121916,"user_type":"registered","profile_image":"https://lh3.googleusercontent.com/a-/AOh14Ghv0xNn6B0JRzCrrBwjgvhYSPmShHquU-g7VfHN=k-s256","display_name":"Bob Billy","link":"https://stackoverflow.com/users/18121916/bob-billy"},"is_answered":false,"view_count":38,"answer_count":1,"score":-1,"last_activity_date":1644016142,"creation_date":1643997487,"question_id":70990841,"content_license":"CC BY-SA 4.0","link":"https://stackoverflow.com/questions/70990841/parsing-a-csv-file-using-java-and-it-stays-in-one-line","title":"Parsing a CSV file using Java and it stays in one line"},{"tags":["c#","sql-server"],"owner":{"account_id":16571048,"reputation":11,"user_id":11974182,"user_type":"registered","profile_image":"https://lh3.googleusercontent.com/a-/AAuE7mBTuS_QynuRTIUjYrVI99luBALCIjN4jPhbHDmiPw=k-s256","display_name":"Alex","link":"https://stackoverflow.com/users/11974182/alex"},"is_answered":false,"view_count":45,"answer_count":0,"score":0,"last_activity_date":1643998512,"creation_date":1643997487,"last_edit_date":1643998512,"question_id":70990840,"content_license":"CC BY-SA 4.0","link":"https://stackoverflow.com/questions/70990840/the-connectionstring-property-has-not-been-initialised","title":"The ConnectionString Property has not been initialised"},{"tags":["c++","c","cmake","sdl","sdl-2"],"owner":{"account_id":22535984,"reputation":81,"user_id":16727275,"user_type":"registered","profile_image":"https://i.stack.imgur.com/wGtjh.png?s=256&g=1","display_name":"alitayyeb","link":"https://stackoverflow.com/users/16727275/alitayyeb"},"is_answered":true,"view_count":2027,"accepted_answer_id":70995175,"answer_count":2,"score":1,"last_activity_date":1644180893,"creation_date":1643997470,"last_edit_date":1644060732,"question_id":70990839,"content_license":"CC BY-SA 4.0","link":"https://stackoverflow.com/questions/70990839/how-to-link-sdl-ttf-and-sdl-image-libraries-using-cmake-in-windows","title":"How to link SDL_ttf and SDL_image libraries using cmake in windows?"},{"tags":["return-value","send","smartcontracts","tronweb"],"owner":{"account_id":24086041,"reputation":11,"user_id":18060023,"user_type":"registered","profile_image":"https://www.gravatar.com/avatar/358ff0a791aeed50f133bac0188c3e46?s=256&d=identicon&r=PG","display_name":"Alexsander","link":"https://stackoverflow.com/users/18060023/alexsander"},"is_answered":false,"view_count":960,"answer_count":1,"score":1,"last_activity_date":1644053299,"creation_date":1643997469,"question_id":70990838,"content_license":"CC BY-SA 4.0","link":"https://stackoverflow.com/questions/70990838/tronweb-how-to-get-return-value-using-tronweb-contract-send-function","title":"tronweb : how to get return value using tronweb contract send function"},{"tags":["python","text","colors","xterm"],"owner":{"account_id":19471802,"reputation":1,"user_id":14244010,"user_type":"registered","profile_image":"https://lh3.googleusercontent.com/a-/AOh14Gj3BKvUwtb1q7VfiRXjFL4WgM_BStQ3I5hSrQ0z=k-s256","display_name":"Charles Dawson","link":"https://stackoverflow.com/users/14244010/charles-dawson"},"is_answered":true,"view_count":378,"answer_count":1,"score":0,"last_activity_date":1644111582,"creation_date":1643997447,"question_id":70990834,"content_license":"CC BY-SA 4.0","link":"https://stackoverflow.com/questions/70990834/how-do-i-detect-the-current-background-color-of-the-terminal-in-which-my-python","title":"How do I detect the current background color of the terminal in which my python script was invoked?"},{"tags":["prometheus","grafana","promql"],"owner":{"account_id":3378634,"reputation":325,"user_id":2836235,"user_type":"registered","accept_rate":80,"profile_image":"https://www.gravatar.com/avatar/daf0ff0aefbb8617d568ef49ac6a18c3?s=256&d=identicon&r=PG&f=y&so-version=2","display_name":"Nick Hatfield","link":"https://stackoverflow.com/users/2836235/nick-hatfield"},"is_answered":true,"view_count":2070,"accepted_answer_id":71039377,"answer_count":1,"score":0,"last_activity_date":1660032094,"creation_date":1643997443,"question_id":70990833,"content_license":"CC BY-SA 4.0","link":"https://stackoverflow.com/questions/70990833/prometheus-query-for-24-hour-snapshots","title":"Prometheus Query for 24 hour snapshots"},{"tags":["git","google-cloud-build","google-cloud-source-repos","cloudbuild.yaml"],"owner":{"account_id":16387875,"reputation":575,"user_id":11837399,"user_type":"registered","profile_image":"https://www.gravatar.com/avatar/6557592e9efbfed1b7d28ed9c244ff4d?s=256&d=identicon&r=PG&f=y&so-version=2","display_name":"syldman","link":"https://stackoverflow.com/users/11837399/syldman"},"is_answered":true,"view_count":801,"accepted_answer_id":71040037,"answer_count":1,"score":0,"last_activity_date":1644349755,"creation_date":1643997440,"last_edit_date":1644001139,"question_id":70990832,"content_license":"CC BY-SA 4.0","link":"https://stackoverflow.com/questions/70990832/make-cloudbuild-git-push-last-commits-to-a-branch-in-another-repo","title":"Make CloudBuild git push last commits to a branch in another repo"},{"tags":["c","implicit-declaration"],"owner":{"account_id":24136252,"reputation":11,"user_id":18103115,"user_type":"registered","profile_image":"https://lh3.googleusercontent.com/a-/AOh14GjASwKeDKyQ_KElL2y3ZTXSGbDOFbz1Xp69rqHAyw=k-s256","display_name":"Rahul Rex","link":"https://stackoverflow.com/users/18103115/rahul-rex"},"is_answered":false,"view_count":506,"answer_count":0,"score":1,"last_activity_date":1644071957,"creation_date":1643997417,"last_edit_date":1644002382,"question_id":70990825,"content_license":"CC BY-SA 4.0","link":"https://stackoverflow.com/questions/70990825/visual-studio-error-implicit-declaration-of-function","title":"Visual studio error: implicit declaration of function"},{"tags":["c++","qt","qtabwidget","qwebengineview"],"owner":{"account_id":23402574,"reputation":13,"user_id":17465510,"user_type":"registered","profile_image":"https://lh3.googleusercontent.com/a-/AOh14GgEE8WcQL7umoL7UvOhlH_eWljWuIP_IbfdKCJzYQ=k-s256","display_name":"Bestgamer29","link":"https://stackoverflow.com/users/17465510/bestgamer29"},"is_answered":true,"view_count":114,"accepted_answer_id":70990939,"answer_count":1,"score":1,"last_activity_date":1644325600,"creation_date":1643997391,"last_edit_date":1644325600,"question_id":70990821,"content_license":"CC BY-SA 4.0","link":"https://stackoverflow.com/questions/70990821/how-create-method-for-get-the-child-qwebengineview-of-th-curent-view-tab-qtab","title":"How create method for get the child (QWebEngineView) of th curent view tab (QTabWidget)?"},{"tags":["css","flexbox","css-grid"],"owner":{"account_id":3418241,"reputation":5178,"user_id":4010197,"user_type":"registered","accept_rate":78,"profile_image":"https://www.gravatar.com/avatar/3bd9a64a010063ec6a978fa948694e7b?s=256&d=identicon&r=PG&f=y&so-version=2","display_name":"MLyck","link":"https://stackoverflow.com/users/4010197/mlyck"},"is_answered":true,"view_count":1441,"answer_count":2,"score":2,"last_activity_date":1644002166,"creation_date":1643997360,"last_edit_date":1643998883,"question_id":70990818,"content_license":"CC BY-SA 4.0","link":"https://stackoverflow.com/questions/70990818/css-grid-column-gap-creates-inconsistent-gap-size","title":"css grid-column-gap creates inconsistent gap size"},{"tags":["php"],"owner":{"account_id":22692334,"reputation":31,"user_id":16861063,"user_type":"registered","profile_image":"https://www.gravatar.com/avatar/60800a92bef93da9fd3d374e7276b79c?s=256&d=identicon&r=PG&f=y&so-version=2","display_name":"Wille G","link":"https://stackoverflow.com/users/16861063/wille-g"},"is_answered":false,"view_count":17,"closed_date":1643997603,"answer_count":0,"score":0,"last_activity_date":1643997348,"creation_date":1643997348,"question_id":70990814,"link":"https://stackoverflow.com/questions/70990814/return-variable-inside-of-function","closed_reason":"Duplicate","title":"Return variable inside of function"},{"tags":["php","mysql","laravel","many-to-many"],"owner":{"account_id":20523719,"reputation":31,"user_id":15062687,"user_type":"registered","profile_image":"https://www.gravatar.com/avatar/c40a380b260a4c9eadc73453f9002f46?s=256&d=identicon&r=PG&f=y&so-version=2","display_name":"quoiqueprog","link":"https://stackoverflow.com/users/15062687/quoiqueprog"},"is_answered":false,"view_count":244,"answer_count":0,"score":0,"last_activity_date":1643997345,"creation_date":1643997345,"question_id":70990812,"content_license":"CC BY-SA 4.0","link":"https://stackoverflow.com/questions/70990812/laravel-retrieve-specific-data-from-pivot-table","title":"Laravel - Retrieve specific data from pivot table"},{"tags":["c","x86","i386"],"owner":{"account_id":20721576,"reputation":103,"user_id":15215867,"user_type":"registered","profile_image":"https://www.gravatar.com/avatar/b8e86432b18c48213c5901e9f9a100fe?s=256&d=identicon&r=PG&f=y&so-version=2","display_name":"Alfonso Castillo","link":"https://stackoverflow.com/users/15215867/alfonso-castillo"},"is_answered":true,"view_count":100,"accepted_answer_id":70993792,"answer_count":1,"score":1,"last_activity_date":1644897987,"creation_date":1643997269,"last_edit_date":1644897987,"question_id":70990803,"content_license":"CC BY-SA 4.0","link":"https://stackoverflow.com/questions/70990803/custom-print-function-has-undesired-behaviour","title":"Custom print function has undesired behaviour"},{"tags":["python","tkinter","tkcalendar"],"owner":{"account_id":22419762,"reputation":493,"user_id":16627252,"user_type":"registered","profile_image":"https://i.stack.imgur.com/ZU6pK.png?s=256&g=1","display_name":"Mitchnoff","link":"https://stackoverflow.com/users/16627252/mitchnoff"},"is_answered":true,"view_count":903,"answer_count":1,"score":0,"last_activity_date":1649804158,"creation_date":1643997249,"last_edit_date":1643997996,"question_id":70990801,"content_license":"CC BY-SA 4.0","link":"https://stackoverflow.com/questions/70990801/tkinter-dateentry-not-allowing-selection","title":"Tkinter DateEntry not allowing selection"},{"tags":["sql","sql-server","select","with-statement"],"owner":{"account_id":14619394,"reputation":222,"user_id":10558566,"user_type":"registered","profile_image":"https://www.gravatar.com/avatar/79567a49ca1cb7b9e97bfca4e07998f7?s=256&d=identicon&r=PG&f=y&so-version=2","display_name":"Eric","link":"https://stackoverflow.com/users/10558566/eric"},"is_answered":true,"view_count":432,"accepted_answer_id":71059090,"answer_count":1,"score":0,"last_activity_date":1644460040,"creation_date":1643997218,"last_edit_date":1643998594,"question_id":70990792,"content_license":"CC BY-SA 4.0","link":"https://stackoverflow.com/questions/70990792/dates-returned-as-columns-in-sql-select","title":"Dates returned as columns in SQL Select"},{"tags":["netlogo","behaviorspace"],"owner":{"account_id":24157794,"reputation":3,"user_id":18121800,"user_type":"registered","profile_image":"https://www.gravatar.com/avatar/bcb93c647b311c291583078e75d627a2?s=256&d=identicon&r=PG","display_name":"Faijro","link":"https://stackoverflow.com/users/18121800/faijro"},"is_answered":true,"view_count":193,"accepted_answer_id":70994292,"answer_count":2,"score":0,"last_activity_date":1644050846,"creation_date":1643997216,"question_id":70990790,"content_license":"CC BY-SA 4.0","link":"https://stackoverflow.com/questions/70990790/how-to-report-agent-variables-in-a-consistent-order-in-netlogos-behaviourspace","title":"How to report agent variables in a consistent order in Netlogo&#39;s Behaviourspace"},{"tags":["html","css","canvas"],"owner":{"account_id":24043116,"reputation":1,"user_id":18022445,"user_type":"registered","profile_image":"https://lh3.googleusercontent.com/a-/AOh14GgVp4liWEJEYIqKD8YR-6H11s0W2wtYWFMZyIZC=k-s256","display_name":"user18022445","link":"https://stackoverflow.com/users/18022445/user18022445"},"is_answered":true,"view_count":148,"answer_count":1,"score":-3,"last_activity_date":1644003587,"creation_date":1643997187,"last_edit_date":1643997279,"question_id":70990781,"content_license":"CC BY-SA 4.0","link":"https://stackoverflow.com/questions/70990781/i-am-trying-to-set-this-html-code-to-a-chromebook-background-is-this-possible","title":"I am trying to set this HTML code to a chromebook background. Is this possible?"},{"tags":["jquery","max"],"owner":{"account_id":23986898,"reputation":3,"user_id":17973726,"user_type":"registered","profile_image":"https://www.gravatar.com/avatar/a74c660edee3d7e45004571c76d3cf16?s=256&d=identicon&r=PG&f=y&so-version=2","display_name":"bh9999","link":"https://stackoverflow.com/users/17973726/bh9999"},"is_answered":true,"view_count":55,"accepted_answer_id":70990947,"answer_count":1,"score":-1,"last_activity_date":1643998907,"creation_date":1643997177,"last_edit_date":1643998907,"question_id":70990778,"content_license":"CC BY-SA 4.0","link":"https://stackoverflow.com/questions/70990778/set-max-increment-jquery","title":"Set Max Increment jQuery"},{"tags":["google-sheets","google-sheets-formula","formula","spreadsheet"],"owner":{"account_id":24157898,"reputation":1,"user_id":18121889,"user_type":"registered","profile_image":"https://www.gravatar.com/avatar/f53e2bcd9d63646b290bdefb3350787a?s=256&d=identicon&r=PG&f=y&so-version=2","display_name":"Alex Zicardi","link":"https://stackoverflow.com/users/18121889/alex-zicardi"},"is_answered":false,"view_count":261,"answer_count":1,"score":0,"last_activity_date":1644084647,"creation_date":1643997172,"last_edit_date":1644076639,"question_id":70990776,"content_license":"CC BY-SA 4.0","link":"https://stackoverflow.com/questions/70990776/how-to-check-time-clashing-on-basis-of-date-and-name-in-google-sheet","title":"How to check time clashing on basis of date and name in google sheet"},{"tags":["sql","postgresql"],"owner":{"account_id":4876036,"reputation":21,"user_id":3931134,"user_type":"registered","profile_image":"https://www.gravatar.com/avatar/8af838f9b6ecaebc4f383faf611db831?s=256&d=identicon&r=PG&f=y&so-version=2","display_name":"user3931134","link":"https://stackoverflow.com/users/3931134/user3931134"},"is_answered":false,"view_count":48,"answer_count":1,"score":0,"last_activity_date":1643999391,"creation_date":1643997157,"question_id":70990771,"content_license":"CC BY-SA 4.0","link":"https://stackoverflow.com/questions/70990771/postgresql-query-to-find-alarm-start-and-stop-timespans","title":"Postgresql: Query to find alarm start and stop timespans"},{"tags":["flutter","push-notification","firebase-cloud-messaging","flutter-local-notification"],"owner":{"account_id":16217765,"reputation":485,"user_id":13220760,"user_type":"registered","profile_image":"https://lh6.googleusercontent.com/-qzapf-qF6cw/AAAAAAAAAAI/AAAAAAAAJeQ/aKM3kIyTaq0/photo.jpg?sz=256","display_name":"awshakam98","link":"https://stackoverflow.com/users/13220760/awshakam98"},"is_answered":false,"view_count":708,"answer_count":0,"score":6,"last_activity_date":1643997156,"creation_date":1643997156,"question_id":70990769,"content_license":"CC BY-SA 4.0","link":"https://stackoverflow.com/questions/70990769/how-to-show-popup-dialog-if-app-closed-when-receive-notification-in-flutter","title":"How to show popup dialog if app closed when receive notification in Flutter?"},{"tags":["javascript","reactjs","session","next.js","next-auth"],"owner":{"account_id":4411931,"reputation":5722,"user_id":3594588,"user_type":"registered","accept_rate":27,"profile_image":"https://www.gravatar.com/avatar/b2f2fd78099714894058477d8a6fbcf5?s=256&d=identicon&r=PG&f=y&so-version=2","display_name":"bugsyb","link":"https://stackoverflow.com/users/3594588/bugsyb"},"is_answered":true,"view_count":1254,"accepted_answer_id":70991422,"answer_count":1,"score":2,"last_activity_date":1644000539,"creation_date":1643997146,"question_id":70990765,"content_license":"CC BY-SA 4.0","link":"https://stackoverflow.com/questions/70990765/next-auth-usesession-syntax","title":"Next Auth &quot;useSession&quot; syntax"},{"tags":["php","docker","cron"],"owner":{"account_id":7697414,"reputation":267,"user_id":5831367,"user_type":"registered","accept_rate":70,"profile_image":"https://i.stack.imgur.com/atvND.jpg?s=256&g=1","display_name":"Cephou","link":"https://stackoverflow.com/users/5831367/cephou"},"is_answered":true,"view_count":1301,"accepted_answer_id":71068573,"answer_count":1,"score":1,"last_activity_date":1644509920,"creation_date":1643997100,"question_id":70990761,"content_license":"CC BY-SA 4.0","link":"https://stackoverflow.com/questions/70990761/docker-call-php-script-on-web-container-from-a-cron-container","title":"Docker - Call PHP script on web container from a CRON container"}],"has_more":true,"quota_max":300,"quota_remaining":160}