{"items":[{"tags":["angular","angular-material"],"owner":{"account_id":5219195,"reputation":1,"user_id":4173181,"user_type":"registered","profile_image":"https://www.gravatar.com/avatar/b6eb0e06e5e19d432aa3f4bb2c876359?s=256&d=identicon&r=PG&f=y&so-version=2","display_name":"srinuperl","link":"https://stackoverflow.com/users/4173181/srinuperl"},"is_answered":true,"view_count":282,"answer_count":1,"score":0,"last_activity_date":1643721673,"creation_date":1643695165,"last_edit_date":1643721673,"question_id":70936146,"content_license":"CC BY-SA 4.0","link":"https://stackoverflow.com/questions/70936146/angular-material-passing-data-from-one-component-to-another","title":"Angular material : passing data from one component to another"},{"tags":["python","diagonal"],"owner":{"account_id":21023154,"reputation":63,"user_id":15449021,"user_type":"registered","profile_image":"https://i.stack.imgur.com/XGQsG.png?s=256&g=1","display_name":"codereyes","link":"https://stackoverflow.com/users/15449021/codereyes"},"is_answered":true,"view_count":2037,"accepted_answer_id":70936303,"answer_count":3,"score":1,"last_activity_date":1671551020,"creation_date":1643695162,"last_edit_date":1643695304,"question_id":70936145,"content_license":"CC BY-SA 4.0","link":"https://stackoverflow.com/questions/70936145/diagonal-difference-in-python","title":"Diagonal difference in Python"},{"tags":["python"],"owner":{"account_id":21352666,"reputation":45,"user_id":18087469,"user_type":"registered","profile_image":"https://lh6.googleusercontent.com/-wrAPcVmEcQ4/AAAAAAAAAAI/AAAAAAAAAAA/AMZuucmCCz9EkvFjJ0BVsiqgTT1V-SxPnQ/s96-c/photo.jpg?sz=256","display_name":"Tom Liu","link":"https://stackoverflow.com/users/18087469/tom-liu"},"is_answered":true,"view_count":442,"accepted_answer_id":70936297,"answer_count":2,"score":0,"last_activity_date":1643696430,"creation_date":1643695156,"last_edit_date":1643695662,"question_id":70936144,"content_license":"CC BY-SA 4.0","link":"https://stackoverflow.com/questions/70936144/how-to-set-rgb-value-in-python","title":"How to set RGB value in Python?"},{"tags":[".net-core","azure-functions",".net-6.0"],"owner":{"account_id":24117863,"reputation":21,"user_id":18087467,"user_type":"registered","profile_image":"https://lh3.googleusercontent.com/a-/AOh14GioXZ_BhY3Z4JeZgSFgDWEnk9I-DQFHrvOFrU95XA=k-s256","display_name":"Avinash Patil","link":"https://stackoverflow.com/users/18087467/avinash-patil"},"is_answered":true,"view_count":1106,"answer_count":1,"score":2,"last_activity_date":1651466254,"creation_date":1643695136,"question_id":70936141,"content_license":"CC BY-SA 4.0","link":"https://stackoverflow.com/questions/70936141/azure-function-error-binaryformatter-serialization-and-deserialization-are-dis","title":"Azure function error : BinaryFormatter serialization and deserialization are disabled within this application"},{"tags":["java","spring","aop","aspectj","pointcut"],"owner":{"account_id":23226943,"reputation":41,"user_id":17318349,"user_type":"registered","profile_image":"https://lh3.googleusercontent.com/a-/AOh14GhUDKYdNDc-pRlx103i24HXx6nf8gglqwJJNSQl=k-s256","display_name":"Ali Raza","link":"https://stackoverflow.com/users/17318349/ali-raza"},"is_answered":true,"view_count":79,"accepted_answer_id":70936238,"answer_count":1,"score":0,"last_activity_date":1643695981,"creation_date":1643695129,"question_id":70936140,"content_license":"CC BY-SA 4.0","link":"https://stackoverflow.com/questions/70936140/i-am-trying-to-make-a-pointcut-but-its-giving-an-exception","title":"I am trying to make a pointcut. but its giving an Exception"},{"tags":["flutter","razorpay","flutterwebviewplugin"],"owner":{"account_id":12107688,"reputation":669,"user_id":8845841,"user_type":"registered","profile_image":"https://i.stack.imgur.com/pyziP.jpg?s=256&g=1","display_name":"Kavi Harjani","link":"https://stackoverflow.com/users/8845841/kavi-harjani"},"is_answered":false,"view_count":694,"answer_count":1,"score":1,"last_activity_date":1697174213,"creation_date":1643695087,"question_id":70936134,"content_license":"CC BY-SA 4.0","link":"https://stackoverflow.com/questions/70936134/flutter-webview-razorpay-netbanking-issue","title":"Flutter webview Razorpay netbanking issue"},{"tags":["excel","vba"],"owner":{"account_id":14468042,"reputation":121,"user_id":10450858,"user_type":"registered","profile_image":"https://www.gravatar.com/avatar/cbee1f70cce531cfd48edc34ac1af950?s=256&d=identicon&r=PG&f=y&so-version=2","display_name":"Repairer","link":"https://stackoverflow.com/users/10450858/repairer"},"is_answered":true,"view_count":65,"accepted_answer_id":70936744,"answer_count":1,"score":1,"last_activity_date":1643699616,"creation_date":1643695080,"question_id":70936133,"content_license":"CC BY-SA 4.0","link":"https://stackoverflow.com/questions/70936133/insert-extra-columns-to-match-a-fixed-predefined-header-row","title":"Insert extra columns to match a fixed predefined header row"},{"tags":["reactjs","react-native","react-admin"],"owner":{"account_id":9514188,"reputation":113,"user_id":7071182,"user_type":"registered","profile_image":"https://lh4.googleusercontent.com/-Knno7vAlH6Q/AAAAAAAAAAI/AAAAAAAAAAA/3nOQD1N3VDE/photo.jpg?sz=256","display_name":"Jay Vansjalia","link":"https://stackoverflow.com/users/7071182/jay-vansjalia"},"is_answered":false,"view_count":681,"answer_count":1,"score":0,"last_activity_date":1646230062,"creation_date":1643695041,"question_id":70936129,"content_license":"CC BY-SA 4.0","link":"https://stackoverflow.com/questions/70936129/how-to-change-placeholder-text-for-search-box-in-react-admin","title":"How to change placeholder text for search box in react-admin?"},{"tags":["mysql","distinct"],"owner":{"user_type":"does_not_exist","display_name":"user16284023"},"is_answered":true,"view_count":68,"answer_count":2,"score":1,"last_activity_date":1643756302,"creation_date":1643694977,"last_edit_date":1643756302,"question_id":70936126,"content_license":"CC BY-SA 4.0","link":"https://stackoverflow.com/questions/70936126/get-count-of-a-value-that-repeats-only-in-different-users","title":"Get count of a value that repeats ONLY in different users"},{"tags":["iphone","nuxt.js"],"owner":{"account_id":6372778,"reputation":56,"user_id":4944712,"user_type":"registered","profile_image":"https://lh5.googleusercontent.com/-R6MldbYspqg/AAAAAAAAAAI/AAAAAAAAAFk/ZUuu1aP_aI8/photo.jpg?sz=256","display_name":"Saimun Hossain","link":"https://stackoverflow.com/users/4944712/saimun-hossain"},"is_answered":false,"view_count":42,"answer_count":0,"score":0,"last_activity_date":1643695497,"creation_date":1643694977,"last_edit_date":1643695497,"question_id":70936127,"content_license":"CC BY-SA 4.0","link":"https://stackoverflow.com/questions/70936127/nuxt-js-website-does-not-load-on-only-iphone-working-fine-everywhere-else","title":"Nuxt JS website does not load on only iPhone, working fine everywhere else"},{"tags":["angular","chart.js","ng2-charts","ngx-charts"],"owner":{"account_id":10793046,"reputation":107,"user_id":18025780,"user_type":"registered","profile_image":"https://lh3.googleusercontent.com/a/AATXAJzasoliud9q7Uc5WzdwmTKv3N8vv34hEL1nt6BT=k-s256","display_name":"ritwick_ _D","link":"https://stackoverflow.com/users/18025780/ritwick-d"},"is_answered":true,"view_count":1057,"accepted_answer_id":70959070,"answer_count":2,"score":0,"last_activity_date":1659520822,"creation_date":1643694945,"question_id":70936122,"content_license":"CC BY-SA 4.0","link":"https://stackoverflow.com/questions/70936122/how-to-have-custom-colors-in-ng2-charts-and-chart-js-according-to-data","title":"How to have custom colors in ng2-charts and chart.js according to data?"},{"tags":["android","android-studio","google-chrome","debugging","adb"],"owner":{"account_id":7491245,"reputation":691,"user_id":5692877,"user_type":"registered","profile_image":"https://www.gravatar.com/avatar/a0181f33eff8a14c1845fb0d90dd0f34?s=256&d=identicon&r=PG","display_name":"Tom Larcher","link":"https://stackoverflow.com/users/5692877/tom-larcher"},"is_answered":true,"view_count":8663,"accepted_answer_id":70944942,"answer_count":5,"score":30,"last_activity_date":1699032453,"creation_date":1643694930,"question_id":70936120,"content_license":"CC BY-SA 4.0","link":"https://stackoverflow.com/questions/70936120/android-studio-disconnects-from-physical-device","title":"Android Studio Disconnects From Physical Device"},{"tags":["python","string"],"owner":{"account_id":20917847,"reputation":239,"user_id":18084172,"user_type":"registered","profile_image":"https://www.gravatar.com/avatar/94ff7a28e341ebc28fbac246878a7416?s=256&d=identicon&r=PG&f=y&so-version=2","display_name":"facialrecognition","link":"https://stackoverflow.com/users/18084172/facialrecognition"},"is_answered":true,"view_count":123,"closed_date":1643704719,"accepted_answer_id":70936361,"answer_count":4,"score":2,"last_activity_date":1643696887,"creation_date":1643694880,"question_id":70936118,"link":"https://stackoverflow.com/questions/70936118/how-to-make-python-delete-lines-containing-strings-over-a-maximum-character-limi","closed_reason":"Needs more focus","title":"How to make Python delete lines containing strings over a maximum character limit?"},{"tags":["java","vaadin","vaadin-flow"],"owner":{"account_id":22998377,"reputation":31,"user_id":17122747,"user_type":"registered","profile_image":"https://www.gravatar.com/avatar/f05f440541b136db8acaec0051b18cea?s=256&d=identicon&r=PG","display_name":"5Eu7zxystzoxLDkQ","link":"https://stackoverflow.com/users/17122747/5eu7zxystzoxldkq"},"is_answered":false,"view_count":133,"answer_count":1,"score":2,"last_activity_date":1643695961,"creation_date":1643694864,"question_id":70936117,"content_license":"CC BY-SA 4.0","link":"https://stackoverflow.com/questions/70936117/combining-multiple-read-write-binders","title":"Combining multiple read/write Binders"},{"tags":["vb.net"],"owner":{"account_id":11421810,"reputation":813,"user_id":8551858,"user_type":"registered","accept_rate":64,"profile_image":"https://www.gravatar.com/avatar/4d9517b80f60068e7d4aebd8407da8bb?s=256&d=identicon&r=PG&f=y&so-version=2","display_name":"Raky","link":"https://stackoverflow.com/users/8551858/raky"},"is_answered":false,"view_count":59,"answer_count":0,"score":2,"last_activity_date":1643694828,"creation_date":1643694828,"question_id":70936111,"content_license":"CC BY-SA 4.0","link":"https://stackoverflow.com/questions/70936111/redraw-a-single-shape-or-changed-shape-only-instead-of-all-shapes","title":"Redraw a Single Shape or Changed Shape Only Instead of All Shapes"},{"tags":["lotus-notes","lotusscript"],"owner":{"account_id":21131521,"reputation":61,"user_id":15535754,"user_type":"registered","profile_image":"https://www.gravatar.com/avatar/1175752d147fa925a0062129227855c1?s=256&d=identicon&r=PG&f=y&so-version=2","display_name":"keerthana","link":"https://stackoverflow.com/users/15535754/keerthana"},"is_answered":true,"view_count":135,"accepted_answer_id":70952881,"answer_count":2,"score":1,"last_activity_date":1643792543,"creation_date":1643694815,"last_edit_date":1643696522,"question_id":70936110,"content_license":"CC BY-SA 4.0","link":"https://stackoverflow.com/questions/70936110/how-to-close-file-explorer-window-using-lotus-script","title":"How to close file explorer window using lotus script"},{"tags":["python-3.x"],"owner":{"account_id":7744730,"reputation":73,"user_id":5862982,"user_type":"registered","profile_image":"https://www.gravatar.com/avatar/74d2b7d01c3da079b1e0027a3fdb01ce?s=256&d=identicon&r=PG&f=y&so-version=2","display_name":"Syed Islam","link":"https://stackoverflow.com/users/5862982/syed-islam"},"is_answered":false,"view_count":33,"answer_count":0,"score":0,"last_activity_date":1643697436,"creation_date":1643694808,"question_id":70936107,"content_license":"CC BY-SA 4.0","link":"https://stackoverflow.com/questions/70936107/convert-string-in-a-existing-dictionary-to-list","title":"Convert string in a existing dictionary to list"},{"tags":["swift","swiftui"],"owner":{"account_id":1689160,"reputation":2702,"user_id":1551870,"user_type":"registered","accept_rate":88,"profile_image":"https://i.stack.imgur.com/3fJJ6.jpg?s=256&g=1","display_name":"photosynthesis","link":"https://stackoverflow.com/users/1551870/photosynthesis"},"is_answered":true,"view_count":490,"accepted_answer_id":70940530,"answer_count":3,"score":1,"last_activity_date":1679280425,"creation_date":1643694775,"question_id":70936103,"content_license":"CC BY-SA 4.0","link":"https://stackoverflow.com/questions/70936103/state-variable-in-ontapgesture-not-getting-updated","title":"@State variable in onTapGesture not getting updated"},{"tags":["f#"],"owner":{"account_id":9452650,"reputation":69,"user_id":7028897,"user_type":"registered","profile_image":"https://i.stack.imgur.com/u6pyS.jpg?s=256&g=1","display_name":"taka","link":"https://stackoverflow.com/users/7028897/taka"},"is_answered":false,"view_count":111,"answer_count":1,"score":3,"last_activity_date":1643706257,"creation_date":1643694768,"last_edit_date":1643700786,"question_id":70936102,"content_license":"CC BY-SA 4.0","link":"https://stackoverflow.com/questions/70936102/why-does-let-in-a-f-constructor-create-a-private-member-instead-of-a-local-va","title":"Why does &quot;let&quot; in a F# constructor create a private member instead of a local variable"},{"tags":["flutter","api"],"owner":{"account_id":21695393,"reputation":35,"user_id":16009395,"user_type":"registered","profile_image":"https://i.stack.imgur.com/jnvA3.jpg?s=256&g=1","display_name":"Debendra","link":"https://stackoverflow.com/users/16009395/debendra"},"is_answered":false,"view_count":573,"answer_count":1,"score":0,"last_activity_date":1643695406,"creation_date":1643694762,"last_edit_date":1643695115,"question_id":70936099,"content_license":"CC BY-SA 4.0","link":"https://stackoverflow.com/questions/70936099/flutter-when-i-fetch-data-from-api-showing-statuscode-403failed-to-load-post","title":"Flutter. When I fetch data from API showing StatusCode 403(Failed to load post)?"},{"tags":["rust"],"owner":{"account_id":7920170,"reputation":103,"user_id":5981411,"user_type":"registered","profile_image":"https://www.gravatar.com/avatar/203dba3415618e868f3066787e9de901?s=256&d=identicon&r=PG&f=y&so-version=2","display_name":"Shane","link":"https://stackoverflow.com/users/5981411/shane"},"is_answered":true,"view_count":1668,"accepted_answer_id":70937643,"answer_count":1,"score":2,"last_activity_date":1643705121,"creation_date":1643694744,"question_id":70936097,"content_license":"CC BY-SA 4.0","link":"https://stackoverflow.com/questions/70936097/cannot-move-out-of-x-which-is-behind-a-shared-reference-when-using-box","title":"Cannot move out of `*X` which is behind a shared reference when using Box"},{"tags":["python","regex","pyspark","regexp-replace"],"owner":{"account_id":9509344,"reputation":407,"user_id":7067737,"user_type":"registered","accept_rate":25,"profile_image":"https://www.gravatar.com/avatar/9dc683021960cdd5497de4e1fdf7546d?s=256&d=identicon&r=PG&f=y&so-version=2","display_name":"Zxxxxx","link":"https://stackoverflow.com/users/7067737/zxxxxx"},"is_answered":false,"view_count":703,"answer_count":3,"score":0,"last_activity_date":1667919730,"creation_date":1643694711,"question_id":70936091,"content_license":"CC BY-SA 4.0","link":"https://stackoverflow.com/questions/70936091/not-able-to-replace-n-using-regex-replace-in-pyspark","title":"not able to replace \\n using regex_replace in pyspark"},{"tags":["flutter","flutter-dependencies"],"owner":{"account_id":24117755,"reputation":11,"user_id":18087371,"user_type":"registered","profile_image":"https://lh3.googleusercontent.com/a/AATXAJyT853pq2dttUZwr1Y7u1wvIMQjkRG74Ov3mRYL=k-s256","display_name":"Fernando Pacheco","link":"https://stackoverflow.com/users/18087371/fernando-pacheco"},"is_answered":false,"view_count":622,"answer_count":1,"score":0,"last_activity_date":1643772523,"creation_date":1643694694,"last_edit_date":1643772523,"question_id":70936088,"content_license":"CC BY-SA 4.0","link":"https://stackoverflow.com/questions/70936088/set-and-get-string-using-shared-preferences","title":"Set and Get String using Shared Preferences"},{"tags":["typescript","vue.js","nuxt.js","nuxt-auth","pinia"],"owner":{"account_id":24117793,"reputation":1,"user_id":18087406,"user_type":"registered","profile_image":"https://www.gravatar.com/avatar/0b9ff8bd5d28fd71b5f7b41d02f1f497?s=256&d=identicon&r=PG","display_name":"Monu Sharma","link":"https://stackoverflow.com/users/18087406/monu-sharma"},"is_answered":false,"view_count":1269,"answer_count":1,"score":0,"last_activity_date":1644933244,"creation_date":1643694671,"last_edit_date":1644476320,"question_id":70936086,"content_license":"CC BY-SA 4.0","link":"https://stackoverflow.com/questions/70936086/what-should-be-the-type-of-state-in-pinia-store-using-nuxt","title":"What should be the type of state in pinia store using nuxt"},{"tags":["reactjs","react-hooks","react-table"],"owner":{"account_id":2506623,"reputation":459,"user_id":2180163,"user_type":"registered","profile_image":"https://www.gravatar.com/avatar/380f89989f8a2b2303759b8b514ce3f0?s=256&d=identicon&r=PG&f=y&so-version=2","display_name":"Ryan","link":"https://stackoverflow.com/users/2180163/ryan"},"is_answered":false,"view_count":9059,"answer_count":1,"score":1,"last_activity_date":1693954850,"creation_date":1643694651,"last_edit_date":1643696840,"question_id":70936084,"content_license":"CC BY-SA 4.0","link":"https://stackoverflow.com/questions/70936084/react-table-setfilter-with-custom-filter-function","title":"react-table setFilter with custom filter function?"},{"tags":["pandas","dataframe"],"owner":{"account_id":24117816,"reputation":159,"user_id":18087427,"user_type":"registered","profile_image":"https://www.gravatar.com/avatar/0a623cbad5cb7cdfa8bdf10ec29161bb?s=256&d=identicon&r=PG&f=y&so-version=2","display_name":"mhoq","link":"https://stackoverflow.com/users/18087427/mhoq"},"is_answered":true,"view_count":50,"accepted_answer_id":70936124,"answer_count":2,"score":1,"last_activity_date":1643697203,"creation_date":1643694624,"question_id":70936080,"content_license":"CC BY-SA 4.0","link":"https://stackoverflow.com/questions/70936080/remove-the-ending-of-a-column-in-pandas-dataframe-starting-from-a-specific-subst","title":"Remove the ending of a column in pandas dataframe starting from a specific substring"},{"tags":["c#"],"owner":{"account_id":22964228,"reputation":1,"user_id":17093544,"user_type":"registered","profile_image":"https://lh3.googleusercontent.com/a-/AOh14GgdNx3vWmtA0LQwQ1QKdVae0nryFp7nBfD18pCH=k-s256","display_name":"MarkNeil","link":"https://stackoverflow.com/users/17093544/markneil"},"is_answered":false,"view_count":35,"answer_count":0,"score":0,"last_activity_date":1643694576,"creation_date":1643694576,"question_id":70936075,"content_license":"CC BY-SA 4.0","link":"https://stackoverflow.com/questions/70936075/display-data-in-text-boxes-by-clicking-into-datagridview-to-update-or-save-the-d","title":"Display data in text boxes by clicking into DataGridview to update or save the data C# with MySql db"},{"tags":["apache-spark","pyspark","apache-spark-sql"],"owner":{"account_id":18252102,"reputation":95,"user_id":13286893,"user_type":"registered","profile_image":"https://www.gravatar.com/avatar/80d4ba49bea1eab77e8eee06fa399ae9?s=256&d=identicon&r=PG&f=y&so-version=2","display_name":"krx","link":"https://stackoverflow.com/users/13286893/krx"},"is_answered":false,"view_count":3758,"closed_date":1643701952,"answer_count":1,"score":0,"last_activity_date":1643707862,"creation_date":1643694572,"question_id":70936074,"link":"https://stackoverflow.com/questions/70936074/how-to-set-filename-while-writing-in-pyspark","closed_reason":"Duplicate","title":"How to set filename while writing in Pyspark?"},{"tags":["python","linux","ubuntu","pygame"],"owner":{"account_id":12050463,"reputation":654,"user_id":8813647,"user_type":"registered","profile_image":"https://www.gravatar.com/avatar/49f762a37bae068b66d41f0856b421a0?s=256&d=identicon&r=PG","display_name":"Amogh Saxena - REXTER","link":"https://stackoverflow.com/users/8813647/amogh-saxena-rexter"},"is_answered":false,"view_count":1174,"answer_count":2,"score":0,"last_activity_date":1670247867,"creation_date":1643694563,"question_id":70936073,"content_license":"CC BY-SA 4.0","link":"https://stackoverflow.com/questions/70936073/how-to-make-my-program-display-always-on-top","title":"How to make my Program Display Always on top"},{"tags":["javascript"],"owner":{"account_id":24117797,"reputation":1,"user_id":18087410,"user_type":"registered","profile_image":"https://lh3.googleusercontent.com/a/AATXAJyCNgF3_XE71lN1Gs7MHbIP3qEwa6XRvFa-PlKy=k-s256","display_name":"Shash","link":"https://stackoverflow.com/users/18087410/shash"},"is_answered":false,"view_count":29,"answer_count":1,"score":0,"last_activity_date":1643694779,"creation_date":1643694539,"question_id":70936070,"content_license":"CC BY-SA 4.0","link":"https://stackoverflow.com/questions/70936070/how-do-i-get-the-sum-of-fields-in-mongodb","title":"How do i get the sum of fields in mongodb?"}],"has_more":true,"quota_max":300,"quota_remaining":174}