{"items":[{"tags":["python","numpy","k-means"],"owner":{"account_id":21890691,"reputation":101,"user_id":16177705,"user_type":"registered","profile_image":"https://i.stack.imgur.com/jIrKJ.jpg?s=256&g=1","display_name":"CG7","link":"https://stackoverflow.com/users/16177705/cg7"},"is_answered":true,"view_count":145,"accepted_answer_id":72028851,"answer_count":1,"score":0,"last_activity_date":1651065423,"creation_date":1651060799,"last_edit_date":1651065423,"question_id":72028337,"content_license":"CC BY-SA 4.0","link":"https://stackoverflow.com/questions/72028337/convert-multidimensional-array-of-indices-clusters-to-a-1d-categorical-array","title":"Convert multidimensional array of indices clusters to a 1D categorical array"},{"tags":["reactjs","sharepoint"],"owner":{"account_id":6744955,"reputation":33,"user_id":6338552,"user_type":"registered","profile_image":"https://www.gravatar.com/avatar/b45307da5f0ceb52b1cd631512f674f3?s=256&d=identicon&r=PG&f=y&so-version=2","display_name":"Sammy","link":"https://stackoverflow.com/users/6338552/sammy"},"is_answered":false,"view_count":300,"answer_count":2,"score":1,"last_activity_date":1693317369,"creation_date":1651060767,"last_edit_date":1651145062,"question_id":72028331,"content_license":"CC BY-SA 4.0","link":"https://stackoverflow.com/questions/72028331/problem-with-manifest-js-cannot-get-from-temp","title":"Problem with manifest.js (cannot get from temp)"},{"tags":["python","huggingface-transformers"],"owner":{"account_id":8824324,"reputation":3587,"user_id":6593031,"user_type":"registered","accept_rate":93,"profile_image":"https://i.stack.imgur.com/jHJwa.jpg?s=256&g=1","display_name":"Nicholas","link":"https://stackoverflow.com/users/6593031/nicholas"},"is_answered":false,"view_count":141,"answer_count":1,"score":0,"last_activity_date":1651754968,"creation_date":1651060733,"last_edit_date":1651754960,"question_id":72028325,"content_license":"CC BY-SA 4.0","link":"https://stackoverflow.com/questions/72028325/loading-huggingface-tokenizer-from-dropbox-or-other-cloud-storage","title":"Loading HuggingFace tokenizer from Dropbox (or other cloud storage)"},{"tags":["python","kubernetes","airflow","airflow-scheduler"],"owner":{"account_id":2975647,"reputation":51,"user_id":2526732,"user_type":"registered","profile_image":"https://www.gravatar.com/avatar/819c67853a6bd3533e8bbbf48dce3cb0?s=256&d=identicon&r=PG","display_name":"Manu","link":"https://stackoverflow.com/users/2526732/manu"},"is_answered":false,"view_count":467,"answer_count":1,"score":1,"last_activity_date":1651066115,"creation_date":1651060725,"question_id":72028322,"content_license":"CC BY-SA 4.0","link":"https://stackoverflow.com/questions/72028322/how-to-get-the-duration-of-a-running-dag-in-airflow-using-python","title":"How to get the duration of a running DAG in airflow using python?"},{"tags":["c++","struct"],"owner":{"account_id":23679862,"reputation":43,"user_id":17705550,"user_type":"registered","profile_image":"https://lh3.googleusercontent.com/a/AATXAJxD3Bn3XyEvp3ERDtOgrppKD6D2zHc544eiaTbS=k-s256","display_name":"Binkie Boo","link":"https://stackoverflow.com/users/17705550/binkie-boo"},"is_answered":false,"view_count":533,"answer_count":2,"score":2,"last_activity_date":1651076125,"creation_date":1651060704,"question_id":72028315,"content_license":"CC BY-SA 4.0","link":"https://stackoverflow.com/questions/72028315/how-to-create-a-vector-of-base-class-where-derived-classes-have-different-struct","title":"How to create a vector of base class where derived classes have different structs"},{"tags":["java","selenium","maven","selenium-webdriver","automated-tests"],"owner":{"account_id":21939405,"reputation":63,"user_id":16220158,"user_type":"registered","profile_image":"https://lh3.googleusercontent.com/a/AATXAJxALPcRZ86OWr2apfgVRlFMthIC0HOlRZ-Ykre7=k-s256","display_name":"Uti Anm","link":"https://stackoverflow.com/users/16220158/uti-anm"},"is_answered":true,"view_count":2234,"accepted_answer_id":72036874,"answer_count":1,"score":1,"last_activity_date":1651108125,"creation_date":1651060686,"question_id":72028312,"content_license":"CC BY-SA 4.0","link":"https://stackoverflow.com/questions/72028312/cannot-invoke-org-openqa-selenium-webelement-click-because-this-hotelslink","title":"Cannot invoke &quot;org.openqa.selenium.WebElement.click()&quot; because &quot;this.hotelsLink&quot; is null Maven"},{"tags":["c","signals","abort","signal-handling"],"owner":{"account_id":8178440,"reputation":1903,"user_id":6156470,"user_type":"registered","accept_rate":17,"profile_image":"https://www.gravatar.com/avatar/4bce5ac3fb4c446a2eb0bf1f5eb03049?s=256&d=identicon&r=PG&f=y&so-version=2","display_name":"John Z. Li","link":"https://stackoverflow.com/users/6156470/john-z-li"},"is_answered":true,"view_count":55,"answer_count":1,"score":1,"last_activity_date":1651060931,"creation_date":1651060684,"question_id":72028311,"content_license":"CC BY-SA 4.0","link":"https://stackoverflow.com/questions/72028311/how-is-abort-implemented-on-platforms-that-does-not-support-signals-in-c","title":"How is &quot;abort&quot; implemented on platforms that does not support signals in C?"},{"tags":["python","class","oop","instance"],"owner":{"account_id":10559447,"reputation":217,"user_id":7779652,"user_type":"registered","profile_image":"https://www.gravatar.com/avatar/1752bf48e946b6bb930d6526b0ecc08b?s=256&d=identicon&r=PG&f=y&so-version=2","display_name":"Steve","link":"https://stackoverflow.com/users/7779652/steve"},"is_answered":true,"view_count":286,"accepted_answer_id":72028397,"answer_count":1,"score":1,"last_activity_date":1651061085,"creation_date":1651060674,"question_id":72028308,"content_license":"CC BY-SA 4.0","link":"https://stackoverflow.com/questions/72028308/python-oop-create-an-object-that-is-an-instance-of-multiple-classes","title":"Python OOP: create an object that is an instance of multiple classes"},{"tags":["amazon-web-services","aws-lambda","amazon-sns"],"owner":{"account_id":22148322,"reputation":25,"user_id":16397223,"user_type":"registered","profile_image":"https://www.gravatar.com/avatar/3d0310d281db5aa2fdff7a0c2e521735?s=256&d=identicon&r=PG&f=y&so-version=2","display_name":"Kewei","link":"https://stackoverflow.com/users/16397223/kewei"},"is_answered":false,"view_count":1347,"answer_count":1,"score":0,"last_activity_date":1651061801,"creation_date":1651060670,"last_edit_date":1651061801,"question_id":72028307,"content_license":"CC BY-SA 4.0","link":"https://stackoverflow.com/questions/72028307/any-boto3-sns-methods-for-adding-subscribers-into-a-topic-etc","title":"Any boto3 sns methods for adding subscribers into a topic etc"},{"tags":["google-sheets","spreadsheet","transpose","flatten","google-query-language"],"owner":{"account_id":7608110,"reputation":27,"user_id":5770050,"user_type":"registered","profile_image":"https://www.gravatar.com/avatar/22f819a205b9d161070fa7e71933b915?s=256&d=identicon&r=PG&f=y&so-version=2","display_name":"Mara","link":"https://stackoverflow.com/users/5770050/mara"},"is_answered":true,"view_count":51,"accepted_answer_id":72030349,"answer_count":1,"score":1,"last_activity_date":1651139276,"creation_date":1651060669,"last_edit_date":1651139276,"question_id":72028306,"content_license":"CC BY-SA 4.0","link":"https://stackoverflow.com/questions/72028306/function-to-organise-a-table","title":"Function to organise a table"},{"tags":["python","css","plotly-dash"],"owner":{"account_id":24246844,"reputation":1,"user_id":18198427,"user_type":"registered","profile_image":"https://lh3.googleusercontent.com/a-/AOh14GgFmJM5i12x3puiGkSYcpc0OVyQJb_765aJ5JN5kg=k-s256","display_name":"Kin_99","link":"https://stackoverflow.com/users/18198427/kin-99"},"is_answered":true,"view_count":2491,"answer_count":1,"score":0,"last_activity_date":1651104889,"creation_date":1651060661,"question_id":72028305,"content_license":"CC BY-SA 4.0","link":"https://stackoverflow.com/questions/72028305/dash-and-plotly-using-css-to-style-elements-of-the-same-class-name","title":"Dash and Plotly - using CSS to style elements of the same class name"},{"tags":["c#"],"owner":{"account_id":25115090,"reputation":13,"user_id":18964226,"user_type":"registered","profile_image":"https://www.gravatar.com/avatar/1a9c6d3803e1e2f8b3b62b85f7a21e3f?s=256&d=identicon&r=PG","display_name":"Colodoro","link":"https://stackoverflow.com/users/18964226/colodoro"},"is_answered":true,"view_count":173,"accepted_answer_id":72028508,"answer_count":1,"score":-2,"last_activity_date":1651061569,"creation_date":1651060659,"question_id":72028304,"content_license":"CC BY-SA 4.0","link":"https://stackoverflow.com/questions/72028304/how-do-i-shift-all-elements-by-1-position-after-a-certain-index-in-an-array-c","title":"How do I shift all elements by 1 position after a certain index in an array? c#"},{"tags":["python-3.x","opencv","contour","basler"],"owner":{"account_id":25115157,"reputation":41,"user_id":18964285,"user_type":"registered","profile_image":"https://lh3.googleusercontent.com/a/AATXAJxPrOs6R7mBCWnYcflaeb5JM_HtVh_x0CtH4g1b=k-s256","display_name":"Saberi","link":"https://stackoverflow.com/users/18964285/saberi"},"is_answered":false,"view_count":47,"answer_count":0,"score":1,"last_activity_date":1651060659,"creation_date":1651060659,"question_id":72028303,"content_license":"CC BY-SA 4.0","link":"https://stackoverflow.com/questions/72028303/fixed-contour-display","title":"Fixed contour display"},{"tags":["apache-spark","apache-kafka","hdfs"],"owner":{"account_id":14079892,"reputation":1616,"user_id":10171211,"user_type":"registered","profile_image":"https://i.stack.imgur.com/t9SYd.jpg?s=256&g=1","display_name":"Seb","link":"https://stackoverflow.com/users/10171211/seb"},"is_answered":false,"view_count":350,"answer_count":0,"score":0,"last_activity_date":1651060658,"creation_date":1651060658,"question_id":72028302,"content_license":"CC BY-SA 4.0","link":"https://stackoverflow.com/questions/72028302/spark-stream-with-console-sink-wants-hdfs-write-access","title":"Spark stream with console sink wants HDFS write access"},{"tags":["android","android-studio","android-room","sqliteopenhelper"],"owner":{"account_id":186082,"reputation":4246,"user_id":423199,"user_type":"registered","accept_rate":99,"profile_image":"https://i.stack.imgur.com/OrFPh.jpg?s=256&g=1","display_name":"Hector","link":"https://stackoverflow.com/users/423199/hector"},"is_answered":true,"view_count":406,"accepted_answer_id":72034927,"answer_count":1,"score":1,"last_activity_date":1651091234,"creation_date":1651060598,"question_id":72028285,"content_license":"CC BY-SA 4.0","link":"https://stackoverflow.com/questions/72028285/how-to-browse-android-room-database-when-using-requerysqliteopenhelperfactory","title":"How to browse android room database when using RequerySQLiteOpenHelperFactory"},{"tags":["php","wordpress","woocommerce","plugins","onepage-checkout"],"owner":{"account_id":6305935,"reputation":23,"user_id":5876211,"user_type":"registered","profile_image":"https://www.gravatar.com/avatar/7d9a9cf3aad000ba67da27dd61c6f49c?s=256&d=identicon&r=PG","display_name":"Jason","link":"https://stackoverflow.com/users/5876211/jason"},"is_answered":false,"view_count":355,"answer_count":1,"score":1,"last_activity_date":1651141881,"creation_date":1651060593,"question_id":72028284,"content_license":"CC BY-SA 4.0","link":"https://stackoverflow.com/questions/72028284/how-to-use-do-shortcode-with-woocommerce-one-page-checkout","title":"How To Use do_shortcode with WooCommerce One Page Checkout"},{"tags":["python","peewee"],"owner":{"account_id":12035328,"reputation":11,"user_id":8804066,"user_type":"registered","profile_image":"https://www.gravatar.com/avatar/616c276366b3719a9f0ed78d5a13c9e7?s=256&d=identicon&r=PG&f=y&so-version=2","display_name":"icanbe444","link":"https://stackoverflow.com/users/8804066/icanbe444"},"is_answered":false,"view_count":196,"answer_count":1,"score":0,"last_activity_date":1653649186,"creation_date":1651060570,"last_edit_date":1651104644,"question_id":72028280,"content_license":"CC BY-SA 4.0","link":"https://stackoverflow.com/questions/72028280/i-am-working-on-a-flask-api-for-like-dislike-and-comment-but-i-have-some-errors","title":"I am working on a flask API for LIke, Dislike and Comment but i have some errors when i want to check if recipe has been liked before"},{"tags":["python","list","for-loop","replace","floating-point"],"owner":{"account_id":23352944,"reputation":105,"user_id":17426277,"user_type":"registered","profile_image":"https://lh3.googleusercontent.com/a-/AOh14Gg_T0CUQcj5yGWuKEKiFwaegPcMADl4PGPerIN37Q=k-s256","display_name":"Simone Panico","link":"https://stackoverflow.com/users/17426277/simone-panico"},"is_answered":true,"view_count":252,"accepted_answer_id":72028400,"answer_count":2,"score":0,"last_activity_date":1651066777,"creation_date":1651060534,"last_edit_date":1651061109,"question_id":72028275,"content_license":"CC BY-SA 4.0","link":"https://stackoverflow.com/questions/72028275/inserting-a-list-of-values-in-place-of-a-value-in-a-list","title":"Inserting a list of values in place of a value in a list"},{"tags":["sql-server","database","azure","azure-synapse"],"owner":{"account_id":3909165,"reputation":2375,"user_id":3234994,"user_type":"registered","accept_rate":48,"profile_image":"https://www.gravatar.com/avatar/14d7086b9ed75eb2cb9698714fd3498d?s=256&d=identicon&r=PG&f=y&so-version=2","display_name":"LearneR","link":"https://stackoverflow.com/users/3234994/learner"},"is_answered":true,"view_count":81,"answer_count":1,"score":0,"last_activity_date":1652264141,"creation_date":1651060529,"last_edit_date":1652264141,"question_id":72028274,"content_license":"CC BY-SA 4.0","link":"https://stackoverflow.com/questions/72028274/what-do-these-different-properties-in-sql-servers-azure-synapses-estimated-e","title":"What do these different properties in SQL Server&#39;s (Azure Synapse&#39;s) Estimated Execution Plan mean?"},{"tags":["html","jaws-screen-reader"],"owner":{"account_id":24755848,"reputation":63,"user_id":18640792,"user_type":"registered","profile_image":"https://lh3.googleusercontent.com/a/AATXAJykI3mfoBZ5BVIpwaUXa5tOr4ko32ye3AfIErII=k-s256","display_name":"kalalTech","link":"https://stackoverflow.com/users/18640792/kalaltech"},"is_answered":true,"view_count":37,"accepted_answer_id":72031431,"answer_count":1,"score":0,"last_activity_date":1651073238,"creation_date":1651060501,"last_edit_date":1651072474,"question_id":72028266,"content_license":"CC BY-SA 4.0","link":"https://stackoverflow.com/questions/72028266/labels-in-tiles-for-this-module-not-reading-in-correct-sequence-on-down-key-arro","title":"Labels in tiles for this module not reading in correct sequence on down key arrow press"},{"tags":["applescript","automator"],"owner":{"account_id":5388804,"reputation":183,"user_id":4291956,"user_type":"registered","profile_image":"https://lh5.googleusercontent.com/-3k6RJ5LN8Os/AAAAAAAAAAI/AAAAAAAABUk/FfZp1g6QZeI/photo.jpg?sz=256","display_name":"Nowski","link":"https://stackoverflow.com/users/4291956/nowski"},"is_answered":false,"view_count":41,"answer_count":0,"score":1,"last_activity_date":1651060479,"creation_date":1651060479,"question_id":72028265,"content_license":"CC BY-SA 4.0","link":"https://stackoverflow.com/questions/72028265/applescript-concurrently-rename-and-copy-multiple-sd-cards","title":"Applescript - Concurrently Rename and Copy multiple SD cards"},{"tags":["python","odoo","archive"],"owner":{"account_id":9199811,"reputation":380,"user_id":6837224,"user_type":"registered","profile_image":"https://www.gravatar.com/avatar/95c7d54fa97920380782980bc99f60e7?s=256&d=identicon&r=PG&f=y&so-version=2","display_name":"NinjaBat","link":"https://stackoverflow.com/users/6837224/ninjabat"},"is_answered":true,"view_count":470,"accepted_answer_id":72033442,"answer_count":1,"score":1,"last_activity_date":1651141928,"creation_date":1651060463,"question_id":72028262,"content_license":"CC BY-SA 4.0","link":"https://stackoverflow.com/questions/72028262/what-happens-to-related-fields-when-i-archive-a-record","title":"What happens to related fields when I archive a record?"},{"tags":["amazon-web-services","ssl-certificate","cdn","aws-api-gateway"],"owner":{"account_id":3007802,"reputation":910,"user_id":2551923,"user_type":"registered","profile_image":"https://www.gravatar.com/avatar/b8c2079785637959f9df9d5e419dd5e4?s=256&d=identicon&r=PG","display_name":"divyanayan awasthi","link":"https://stackoverflow.com/users/2551923/divyanayan-awasthi"},"is_answered":false,"view_count":325,"answer_count":1,"score":0,"last_activity_date":1651082367,"creation_date":1651060457,"question_id":72028260,"content_license":"CC BY-SA 4.0","link":"https://stackoverflow.com/questions/72028260/setup-cdn-in-aws-and-godaddy","title":"Setup cdn in AWS and godaddy"},{"tags":["javascript","arrays","foreach","javascript-objects"],"owner":{"account_id":968967,"reputation":1128,"user_id":1169081,"user_type":"registered","accept_rate":67,"profile_image":"https://i.stack.imgur.com/hn0zk.jpg?s=256&g=1","display_name":"Bambi Bunny","link":"https://stackoverflow.com/users/1169081/bambi-bunny"},"is_answered":true,"view_count":154,"accepted_answer_id":72357028,"answer_count":1,"score":0,"last_activity_date":1653364348,"creation_date":1651060439,"question_id":72028258,"content_license":"CC BY-SA 4.0","link":"https://stackoverflow.com/questions/72028258/javascript-add-new-object-into-array-of-objects","title":"Javascript - Add new object into array of objects"},{"tags":["laravel","laravel-8"],"owner":{"account_id":11440521,"reputation":523,"user_id":8386280,"user_type":"registered","profile_image":"https://i.stack.imgur.com/sHPwL.jpg?s=256&g=1","display_name":"Boutamente abdessamad","link":"https://stackoverflow.com/users/8386280/boutamente-abdessamad"},"is_answered":true,"view_count":374,"answer_count":1,"score":1,"last_activity_date":1651061092,"creation_date":1651060435,"last_edit_date":1651061092,"question_id":72028257,"content_license":"CC BY-SA 4.0","link":"https://stackoverflow.com/questions/72028257/now-laravel-model-instace-not-have-any-attribute","title":"Now laravel model instace not have any attribute"},{"tags":["javascript","android","gyroscope"],"owner":{"account_id":4529387,"reputation":418,"user_id":3680339,"user_type":"registered","profile_image":"https://www.gravatar.com/avatar/56cd3f8f97aec30a7e3640e5e5698c12?s=256&d=identicon&r=PG&f=y&so-version=2","display_name":"dadiaar","link":"https://stackoverflow.com/users/3680339/dadiaar"},"is_answered":false,"view_count":79,"answer_count":1,"score":0,"last_activity_date":1651060818,"creation_date":1651060418,"question_id":72028252,"content_license":"CC BY-SA 4.0","link":"https://stackoverflow.com/questions/72028252/increase-gyroscope-data-collection-on-chrome-in-android","title":"Increase gyroscope data collection on Chrome in Android"},{"tags":["powershell","windows-firewall"],"owner":{"account_id":11665654,"reputation":23,"user_id":8542458,"user_type":"registered","profile_image":"https://lh4.googleusercontent.com/-o7w_XmYAS7s/AAAAAAAAAAI/AAAAAAAAEtw/H4_fCeVN3l0/photo.jpg?sz=256","display_name":"thomas delepaut","link":"https://stackoverflow.com/users/8542458/thomas-delepaut"},"is_answered":false,"view_count":532,"answer_count":0,"score":1,"last_activity_date":1651060393,"creation_date":1651060393,"question_id":72028251,"content_license":"CC BY-SA 4.0","link":"https://stackoverflow.com/questions/72028251/i-can-t-set-up-a-network-firewall-rule-with-powershell","title":"I can t set up a network firewall rule with powershell"},{"tags":["python","python-3.x","dictionary"],"owner":{"account_id":19108097,"reputation":318,"user_id":13954738,"user_type":"registered","profile_image":"https://www.gravatar.com/avatar/6eb7fbdf181e2107489bca5d104954b6?s=256&d=identicon&r=PG&f=y&so-version=2","display_name":"ninjacode","link":"https://stackoverflow.com/users/13954738/ninjacode"},"is_answered":true,"view_count":50,"closed_date":1651323999,"accepted_answer_id":72028334,"answer_count":2,"score":-3,"last_activity_date":1651060770,"creation_date":1651060392,"question_id":72028249,"link":"https://stackoverflow.com/questions/72028249/how-to-convert-dict-containing-tuple-values-to-string","closed_reason":"Not suitable for this site","title":"How to convert dict containing tuple values to string"},{"tags":["php","html","css","pdf","wkhtmltopdf"],"owner":{"account_id":9447563,"reputation":43,"user_id":7025686,"user_type":"registered","profile_image":"https://i.stack.imgur.com/H8D9x.jpg?s=256&g=1","display_name":"apingaway","link":"https://stackoverflow.com/users/7025686/apingaway"},"is_answered":true,"view_count":2070,"answer_count":1,"score":1,"last_activity_date":1651260180,"creation_date":1651060371,"last_edit_date":1651061165,"question_id":72028244,"content_license":"CC BY-SA 4.0","link":"https://stackoverflow.com/questions/72028244/wkhtmltopdf-conversion-html-table-does-not-fit-within-the-a4","title":"wkhtmltopdf conversion: HTML table does not fit within the A4"},{"tags":["amazon-redshift"],"owner":{"account_id":10583094,"reputation":21,"user_id":7796273,"user_type":"registered","profile_image":"https://www.gravatar.com/avatar/8a48148d131e4a73137658e4b387e660?s=256&d=identicon&r=PG&f=y&so-version=2","display_name":"rg04","link":"https://stackoverflow.com/users/7796273/rg04"},"is_answered":false,"view_count":1117,"answer_count":1,"score":0,"last_activity_date":1651070716,"creation_date":1651060337,"last_edit_date":1651068246,"question_id":72028237,"content_license":"CC BY-SA 4.0","link":"https://stackoverflow.com/questions/72028237/caused-by-com-amazon-redshift-util-redshiftexception-error-query-659514-can","title":"Caused by: com.amazon.redshift.util.RedshiftException: ERROR: Query (659514) cancelled on user&#39;s request"}],"has_more":true,"quota_max":300,"quota_remaining":241}