{"items":[{"tags":["google-chrome-extension"],"owner":{"account_id":4844798,"reputation":77,"user_id":3908730,"user_type":"registered","profile_image":"https://www.gravatar.com/avatar/2cd744bdfcf305354c4dd1f5532626da?s=256&d=identicon&r=PG&f=y&so-version=2","display_name":"user3908730","link":"https://stackoverflow.com/users/3908730/user3908730"},"is_answered":true,"view_count":270,"accepted_answer_id":72056310,"answer_count":1,"score":1,"last_activity_date":1651226959,"creation_date":1651211989,"question_id":72053439,"content_license":"CC BY-SA 4.0","link":"https://stackoverflow.com/questions/72053439/chrome-api-chrome-desktopcapture-choosedesktopmedia-how-to-get-the-id-of-selec","title":"Chrome API chrome.desktopCapture.chooseDesktopMedia - How to get the id of selected tab?"},{"tags":["angular","angular-directive","angular12"],"owner":{"account_id":22966346,"reputation":11,"user_id":17095341,"user_type":"registered","profile_image":"https://www.gravatar.com/avatar/ac12e53c042d84b93b00734b4d88ce79?s=256&d=identicon&r=PG","display_name":"Sparrow","link":"https://stackoverflow.com/users/17095341/sparrow"},"is_answered":true,"view_count":478,"accepted_answer_id":72053839,"answer_count":1,"score":0,"last_activity_date":1651214921,"creation_date":1651211980,"question_id":72053436,"content_license":"CC BY-SA 4.0","link":"https://stackoverflow.com/questions/72053436/how-to-subscribe-to-some-event-of-component-using-a-directive","title":"How to Subscribe to some event of component using a Directive"},{"tags":["javascript","spark-ar-studio"],"owner":{"account_id":25135497,"reputation":11,"user_id":18982315,"user_type":"registered","profile_image":"https://www.gravatar.com/avatar/9ee9a104abacd0c69fd6abdec7025167?s=256&d=identicon&r=PG","display_name":"sadmb","link":"https://stackoverflow.com/users/18982315/sadmb"},"is_answered":false,"view_count":132,"answer_count":0,"score":1,"last_activity_date":1651211951,"creation_date":1651211951,"question_id":72053433,"content_license":"CC BY-SA 4.0","link":"https://stackoverflow.com/questions/72053433/how-to-change-transform-y-of-a-rectangle-object-with-pinned-to-the-bottom-in-spa","title":"How to change transform.y of a Rectangle object with pinned to the bottom in Spark AR Studio?"},{"tags":["c#","asp.net","sorting","gridview","pagination"],"owner":{"account_id":24856847,"reputation":11,"user_id":18733087,"user_type":"registered","profile_image":"https://lh3.googleusercontent.com/a/AATXAJyfxZiseYSmU16LcibP0jt7LJBHwnIjJ_tOdCTT=k-s256","display_name":"Divyaraj Dodia","link":"https://stackoverflow.com/users/18733087/divyaraj-dodia"},"is_answered":true,"view_count":724,"accepted_answer_id":72061460,"answer_count":1,"score":1,"last_activity_date":1651252099,"creation_date":1651211945,"last_edit_date":1651214405,"question_id":72053431,"content_license":"CC BY-SA 4.0","link":"https://stackoverflow.com/questions/72053431/maintain-sorting-throughout-paging-in-gridview-in-asp-net","title":"Maintain sorting throughout paging in gridview in asp.net"},{"tags":["html","loops","sketchup"],"owner":{"account_id":18494810,"reputation":199,"user_id":13473495,"user_type":"registered","profile_image":"https://lh3.googleusercontent.com/a-/AOh14GhAZUmRzLIaZM62Ks5A4mtYsB5BI0inDDwe8ml4=k-s256","display_name":"CodeZealot","link":"https://stackoverflow.com/users/13473495/codezealot"},"is_answered":true,"view_count":129,"accepted_answer_id":72079722,"answer_count":2,"score":2,"last_activity_date":1676010092,"creation_date":1651211912,"question_id":72053427,"content_license":"CC BY-SA 4.0","link":"https://stackoverflow.com/questions/72053427/for-looping-data-in-html-and-sketchup","title":"For Looping data in html and SketchUp"},{"tags":["node.js","reactjs","mern"],"owner":{"account_id":7887461,"reputation":11,"user_id":5958953,"user_type":"registered","profile_image":"https://www.gravatar.com/avatar/233b058558a7702c267cf4acd0b04060?s=256&d=identicon&r=PG&f=y&so-version=2","display_name":"programming","link":"https://stackoverflow.com/users/5958953/programming"},"is_answered":false,"view_count":46,"answer_count":0,"score":1,"last_activity_date":1651291870,"creation_date":1651211878,"last_edit_date":1651291870,"question_id":72053422,"content_license":"CC BY-SA 4.0","link":"https://stackoverflow.com/questions/72053422/upload-image-using-react-react-and-nodejs","title":"upload image using react react and nodejs"},{"tags":["ms-word","openxml","docx","microsoft-information-protection","azure-information-protection"],"owner":{"account_id":25139003,"reputation":11,"user_id":18985502,"user_type":"registered","profile_image":"https://www.gravatar.com/avatar/0152bcfe857ab9203c72881ff44d9a2b?s=256&d=identicon&r=PG","display_name":"Rohit ","link":"https://stackoverflow.com/users/18985502/rohit"},"is_answered":true,"view_count":191,"answer_count":1,"score":1,"last_activity_date":1651327460,"creation_date":1651211828,"last_edit_date":1651327460,"question_id":72053418,"content_license":"CC BY-SA 4.0","link":"https://stackoverflow.com/questions/72053418/parsing-a-restricted-word-file","title":"Parsing a restricted Word file"},{"tags":["wpf","xaml"],"owner":{"account_id":25127532,"reputation":21,"user_id":18975170,"user_type":"registered","profile_image":"https://lh3.googleusercontent.com/a/AATXAJy1iLigL_Z2n9TEqqRIQsvZmsLuyVceVKWPdj3X=k-s256","display_name":"Costel Huluță","link":"https://stackoverflow.com/users/18975170/costel-hulu%c8%9b%c4%83"},"is_answered":false,"view_count":57,"answer_count":1,"score":2,"last_activity_date":1651230322,"creation_date":1651211787,"question_id":72053414,"content_license":"CC BY-SA 4.0","link":"https://stackoverflow.com/questions/72053414/determine-when-the-popup-of-a-combobox-encounters-the-edge-of-the-screen-and-cha","title":"Determine when the popup of a combobox encounters the edge of the screen and changes target origin changes to the top-left corner of the target area"},{"tags":["html","css"],"owner":{"account_id":25111313,"reputation":71,"user_id":18960919,"user_type":"registered","profile_image":"https://lh3.googleusercontent.com/a/AATXAJwEkwsU124cuY4ZPXc-LzRDbRjzRok3-Ys5jITO=k-s256","display_name":"lauwis premium","link":"https://stackoverflow.com/users/18960919/lauwis-premium"},"is_answered":false,"view_count":188,"answer_count":2,"score":0,"last_activity_date":1651218607,"creation_date":1651211651,"last_edit_date":1651213073,"question_id":72053400,"content_license":"CC BY-SA 4.0","link":"https://stackoverflow.com/questions/72053400/how-to-make-navigation-toggle-button-above-body-content-view-in-html","title":"How to make navigation toggle button above body content view in html?"},{"tags":["python","opencv","feature-extraction","cosine-similarity","euclidean-distance"],"owner":{"account_id":23763652,"reputation":109,"user_id":17778679,"user_type":"registered","profile_image":"https://www.gravatar.com/avatar/c28b4a6591d5b30ee2dfc0cd7d521afd?s=256&d=identicon&r=PG","display_name":"siam","link":"https://stackoverflow.com/users/17778679/siam"},"is_answered":false,"view_count":619,"answer_count":0,"score":2,"last_activity_date":1651211611,"creation_date":1651211611,"question_id":72053394,"content_license":"CC BY-SA 4.0","link":"https://stackoverflow.com/questions/72053394/find-top-five-similar-image-using-cosine-similarity","title":"Find top five similar image using cosine similarity"},{"tags":["python","loops"],"owner":{"account_id":24850125,"reputation":35,"user_id":18727166,"user_type":"registered","profile_image":"https://i.stack.imgur.com/Wg0RL.png?s=256&g=1","display_name":"Arpan","link":"https://stackoverflow.com/users/18727166/arpan"},"is_answered":true,"view_count":56,"accepted_answer_id":72053657,"answer_count":2,"score":1,"last_activity_date":1651213710,"creation_date":1651211595,"question_id":72053392,"content_license":"CC BY-SA 4.0","link":"https://stackoverflow.com/questions/72053392/whats-the-problem-with-this-loop-im-trying-in-python","title":"Whats the problem with this loop im trying in python?"},{"tags":["node.js","reactjs","npm","npm-install","enoent"],"owner":{"account_id":24921916,"reputation":67,"user_id":18790096,"user_type":"registered","profile_image":"https://www.gravatar.com/avatar/c1941037da47dc30ad7d89771ce259aa?s=256&d=identicon&r=PG&f=y&so-version=2","display_name":"AAA6","link":"https://stackoverflow.com/users/18790096/aaa6"},"is_answered":true,"view_count":8247,"accepted_answer_id":72053432,"answer_count":3,"score":0,"last_activity_date":1679555123,"creation_date":1651211575,"question_id":72053390,"content_license":"CC BY-SA 4.0","link":"https://stackoverflow.com/questions/72053390/error-while-running-the-command-npm-install","title":"Error while running the command npm install"},{"tags":["php","phpstorm"],"owner":{"account_id":21231282,"reputation":39,"user_id":15615926,"user_type":"registered","profile_image":"https://www.gravatar.com/avatar/698af2a34bff8ee33c0426726f9ac483?s=256&d=identicon&r=PG&f=y&so-version=2","display_name":"Ratin","link":"https://stackoverflow.com/users/15615926/ratin"},"is_answered":true,"view_count":90,"answer_count":1,"score":-1,"last_activity_date":1651572891,"creation_date":1651211540,"last_edit_date":1651221338,"question_id":72053385,"content_license":"CC BY-SA 4.0","link":"https://stackoverflow.com/questions/72053385/function-parameter-description","title":"Function parameter description"},{"tags":["r"],"owner":{"account_id":5563412,"reputation":259,"user_id":4411570,"user_type":"registered","profile_image":"https://www.gravatar.com/avatar/851da57a8979d9b582c2ab37795011fd?s=256&d=identicon&r=PG","display_name":"Frodo","link":"https://stackoverflow.com/users/4411570/frodo"},"is_answered":true,"view_count":78,"accepted_answer_id":72053632,"answer_count":2,"score":5,"last_activity_date":1651217182,"creation_date":1651211498,"last_edit_date":1651215253,"question_id":72053381,"content_license":"CC BY-SA 4.0","link":"https://stackoverflow.com/questions/72053381/how-do-i-group-a-list-of-numbers-based-on-fixed-recurrance","title":"How do I group a list of numbers based on fixed recurrance"},{"tags":["jsonpath","json-path-expression"],"owner":{"account_id":33185,"reputation":447,"user_id":92678,"user_type":"registered","profile_image":"https://www.gravatar.com/avatar/f1aedbc61f93bd08cb9392e3e7799dac?s=256&d=identicon&r=PG","display_name":"satchel","link":"https://stackoverflow.com/users/92678/satchel"},"is_answered":true,"view_count":700,"answer_count":1,"score":0,"last_activity_date":1652131423,"creation_date":1651211497,"question_id":72053380,"content_license":"CC BY-SA 4.0","link":"https://stackoverflow.com/questions/72053380/how-to-use-jsonpath-to-filter-json-body-with-nested-arrays","title":"How to use JSONPath to filter JSON body with nested arrays"},{"tags":["python","pytest","monkeypatching","pytest-mock"],"owner":{"account_id":1455913,"reputation":1202,"user_id":1371481,"user_type":"registered","profile_image":"https://www.gravatar.com/avatar/a91d93d4f958104f6dd8bc4f016ab34b?s=256&d=identicon&r=PG","display_name":"DOOM","link":"https://stackoverflow.com/users/1371481/doom"},"is_answered":false,"view_count":273,"answer_count":1,"score":0,"last_activity_date":1651226846,"creation_date":1651211477,"last_edit_date":1651226846,"question_id":72053378,"content_license":"CC BY-SA 4.0","link":"https://stackoverflow.com/questions/72053378/custom-mocking-for-testing-with-pytest","title":"Custom mocking for testing with pytest"},{"tags":["python","scipy"],"owner":{"account_id":22662340,"reputation":422,"user_id":16835261,"user_type":"registered","profile_image":"https://i.stack.imgur.com/PRUsW.jpg?s=256&g=1","display_name":"PinkR1ver","link":"https://stackoverflow.com/users/16835261/pinkr1ver"},"is_answered":false,"view_count":412,"answer_count":1,"score":0,"last_activity_date":1657055496,"creation_date":1651211344,"question_id":72053364,"content_license":"CC BY-SA 4.0","link":"https://stackoverflow.com/questions/72053364/mri-mask-3d-array-resize-with-scipy-ndimage-zoom-the-result-is-not-binaray","title":"MRI mask 3D array resize with scipy.ndimage.zoom, the result is not binaray"},{"tags":["html","css","svg","css-content"],"owner":{"account_id":74171,"reputation":1212,"user_id":213246,"user_type":"registered","profile_image":"https://www.gravatar.com/avatar/6066ef169dd493f52b173af5014b8113?s=256&d=identicon&r=PG","display_name":"infogulch","link":"https://stackoverflow.com/users/213246/infogulch"},"is_answered":true,"view_count":370,"answer_count":1,"score":3,"last_activity_date":1679451362,"creation_date":1651211289,"last_edit_date":1651211589,"question_id":72053360,"content_license":"CC BY-SA 4.0","link":"https://stackoverflow.com/questions/72053360/how-to-make-svg-added-as-css-after-content-scale-to-the-size-of-the-font","title":"How to make svg added as css ::after content scale to the size of the font"},{"tags":["c++"],"owner":{"account_id":25138560,"reputation":11,"user_id":18985094,"user_type":"registered","profile_image":"https://www.gravatar.com/avatar/f9ea68ed5d31b2a979e292480ca96bfd?s=256&d=identicon&r=PG&f=y&so-version=2","display_name":"fotangina_mo","link":"https://stackoverflow.com/users/18985094/fotangina-mo"},"is_answered":true,"view_count":52,"answer_count":3,"score":1,"last_activity_date":1651212089,"creation_date":1651211199,"last_edit_date":1651211524,"question_id":72053350,"content_license":"CC BY-SA 4.0","link":"https://stackoverflow.com/questions/72053350/i-tried-doing-a-do-while-loop-in-this-code-but-every-time-it-loops-back-the-rate","title":"I tried doing a do while loop in this code but every time it loops back the rate increases is there any chance I can make stay only at 0.10?"},{"tags":["swagger","nestjs"],"owner":{"user_type":"does_not_exist","display_name":"user10874312"},"is_answered":false,"view_count":480,"answer_count":1,"score":0,"last_activity_date":1669528302,"creation_date":1651211165,"question_id":72053343,"content_license":"CC BY-SA 4.0","link":"https://stackoverflow.com/questions/72053343/nestjsswagger-fileupload-with-additional-dto-question","title":"nestjs+swagger fileupload with additional dto question"},{"tags":["spring-boot","hibernate-validator"],"owner":{"account_id":2003236,"reputation":178,"user_id":1793770,"user_type":"registered","profile_image":"https://www.gravatar.com/avatar/985fa3a7d4c28e86cab58083300d3483?s=256&d=identicon&r=PG","display_name":"jmsjr","link":"https://stackoverflow.com/users/1793770/jmsjr"},"is_answered":true,"view_count":6568,"accepted_answer_id":72070600,"answer_count":1,"score":2,"last_activity_date":1653366753,"creation_date":1651211143,"question_id":72053338,"content_license":"CC BY-SA 4.0","link":"https://stackoverflow.com/questions/72053338/upgrading-from-springboot-2-6-6-to-2-6-7-changed-behaviour-with-validation-jav","title":"Upgrading from SpringBoot 2.6.6 to 2.6.7 changed behaviour with validation ( javax.validation.ConstraintDeclarationException: HV000151 )"},{"tags":["android-studio","gradle","android-gradle-plugin"],"owner":{"account_id":17894021,"reputation":49,"user_id":12999874,"user_type":"registered","profile_image":"https://www.gravatar.com/avatar/246fd410b03dd1af94e691f8f45864b4?s=256&d=identicon&r=PG&f=y&so-version=2","display_name":"chaim770","link":"https://stackoverflow.com/users/12999874/chaim770"},"is_answered":true,"view_count":1787,"accepted_answer_id":72170669,"answer_count":3,"score":1,"last_activity_date":1680630752,"creation_date":1651211114,"question_id":72053336,"content_license":"CC BY-SA 4.0","link":"https://stackoverflow.com/questions/72053336/android-gradle-plugin-plugin-id-com-android-application-version-7-1-3","title":"Android Gradle Plugin: Plugin [id: &#39;com.android.application&#39;, version: &#39;7.1.3&#39;, apply: false] was not found in any of the following sources"},{"tags":["android","flutter","dart","android-notifications","flutter-local-notification"],"owner":{"account_id":25138898,"reputation":13,"user_id":18985412,"user_type":"registered","profile_image":"https://www.gravatar.com/avatar/305805bc40aaa8f81897d78731f76d3d?s=256&d=identicon&r=PG","display_name":"yaxal51888","link":"https://stackoverflow.com/users/18985412/yaxal51888"},"is_answered":true,"view_count":587,"accepted_answer_id":72053834,"answer_count":2,"score":1,"last_activity_date":1651214909,"creation_date":1651211072,"question_id":72053335,"content_license":"CC BY-SA 4.0","link":"https://stackoverflow.com/questions/72053335/how-to-know-when-app-got-killed-and-clear-all-the-pending-notifications-in-flutt","title":"How to know when app got killed and clear all the pending notifications in flutter?"},{"tags":["javascript","arrays","object","if-statement","optimization"],"owner":{"account_id":23575001,"reputation":43,"user_id":17614770,"user_type":"registered","profile_image":"https://lh3.googleusercontent.com/a/AATXAJyMQtKiAbsuH5GVRD8BduhjpSDgQqzJJBzK-9gH=k-s256","display_name":"omkar p","link":"https://stackoverflow.com/users/17614770/omkar-p"},"is_answered":true,"view_count":537,"accepted_answer_id":72055044,"answer_count":4,"score":1,"last_activity_date":1651235874,"creation_date":1651211050,"last_edit_date":1651235874,"question_id":72053334,"content_license":"CC BY-SA 4.0","link":"https://stackoverflow.com/questions/72053334/how-to-optimise-a-condition-which-checks-for-each-object-of-an-array-of-objects","title":"How to optimise a condition which checks for each object of an array of objects whether specific properties are not undefined?"},{"tags":["flutter","dart","flutter-getx"],"owner":{"account_id":8813506,"reputation":33,"user_id":6585763,"user_type":"registered","profile_image":"https://i.stack.imgur.com/3Vgy8.jpg?s=256&g=1","display_name":"mashudmuhd","link":"https://stackoverflow.com/users/6585763/mashudmuhd"},"is_answered":true,"view_count":3468,"answer_count":3,"score":0,"last_activity_date":1651231601,"creation_date":1651211045,"question_id":72053333,"content_license":"CC BY-SA 4.0","link":"https://stackoverflow.com/questions/72053333/how-to-make-post-request-as-form-data-with-get-x-package-in-flutter","title":"How to make post request as form-data with Get x package in flutter?"},{"tags":["reactjs","typescript","redux","next.js"],"owner":{"account_id":6241524,"reputation":1808,"user_id":4854993,"user_type":"registered","accept_rate":55,"profile_image":"https://www.gravatar.com/avatar/ac1cbc6caa7bc739ef02330b1f703ded?s=256&d=identicon&r=PG&f=y&so-version=2","display_name":"Kevin Bryan","link":"https://stackoverflow.com/users/4854993/kevin-bryan"},"is_answered":false,"view_count":625,"answer_count":0,"score":1,"last_activity_date":1651242262,"creation_date":1651211033,"last_edit_date":1651242262,"question_id":72053332,"content_license":"CC BY-SA 4.0","link":"https://stackoverflow.com/questions/72053332/using-redux-toolkit-in-nextjs-without-next-redux-wrapper","title":"Using redux toolkit in NextJS without next-redux-wrapper"},{"tags":["c#","unity-game-engine"],"owner":{"account_id":24910874,"reputation":3,"user_id":18780441,"user_type":"registered","profile_image":"https://graph.facebook.com/1043153882941874/picture?type=large","display_name":"dumEli","link":"https://stackoverflow.com/users/18780441/dumeli"},"is_answered":true,"view_count":2033,"accepted_answer_id":72053472,"answer_count":1,"score":0,"last_activity_date":1651213957,"creation_date":1651211017,"last_edit_date":1651212679,"question_id":72053330,"content_license":"CC BY-SA 4.0","link":"https://stackoverflow.com/questions/72053330/error-detecting-visual-studio-installations-unity","title":"Error detecting Visual Studio installations Unity"},{"tags":["python","python-3.x","mongodb","dictionary"],"owner":{"account_id":3962796,"reputation":373,"user_id":3269537,"user_type":"registered","profile_image":"https://www.gravatar.com/avatar/88b3c5b9e8986d68f91a064f61ebe610?s=256&d=identicon&r=PG&f=y&so-version=2","display_name":"theahura","link":"https://stackoverflow.com/users/3269537/theahura"},"is_answered":true,"view_count":43,"accepted_answer_id":72210717,"answer_count":1,"score":0,"last_activity_date":1652335094,"creation_date":1651210993,"last_edit_date":1651211874,"question_id":72053326,"content_license":"CC BY-SA 4.0","link":"https://stackoverflow.com/questions/72053326/update-a-local-python-dictionary-using-mongo-syntax-without-mongo","title":"Update a local python dictionary using mongo syntax, without mongo"},{"tags":["javascript","html","svg","firefox","firefox-addon"],"owner":{"account_id":21204665,"reputation":29,"user_id":15594565,"user_type":"registered","profile_image":"https://lh3.googleusercontent.com/-lqmHZya-MPY/AAAAAAAAAAI/AAAAAAAAAAA/AMZuuckp0ohwTyYY6IJSNF-muuwHhEiUAA/s96-c/photo.jpg?sz=256","display_name":"mlghacker xX","link":"https://stackoverflow.com/users/15594565/mlghacker-xx"},"is_answered":false,"view_count":149,"answer_count":0,"score":0,"last_activity_date":1651210978,"creation_date":1651210978,"question_id":72053322,"content_license":"CC BY-SA 4.0","link":"https://stackoverflow.com/questions/72053322/how-to-load-local-svg-file-for-use-in-firefox-addon","title":"How to load local svg file for use in firefox addon?"},{"tags":["caching","bigdata","clickhouse"],"owner":{"account_id":9190802,"reputation":69,"user_id":6887107,"user_type":"registered","accept_rate":67,"profile_image":"https://www.gravatar.com/avatar/1a7899eab45cf466d69db100c5d2a9c6?s=256&d=identicon&r=PG&f=y&so-version=2","display_name":"ruslanen","link":"https://stackoverflow.com/users/6887107/ruslanen"},"is_answered":false,"view_count":717,"answer_count":1,"score":0,"last_activity_date":1652107506,"creation_date":1651210974,"last_edit_date":1651236005,"question_id":72053320,"content_license":"CC BY-SA 4.0","link":"https://stackoverflow.com/questions/72053320/data-caching-with-clickhouse","title":"Data caching with ClickHouse"}],"has_more":true,"quota_max":300,"quota_remaining":234}