{"items":[{"tags":["mysql"],"owner":{"account_id":24793103,"reputation":9,"user_id":18675982,"user_type":"registered","profile_image":"https://www.gravatar.com/avatar/5a22961eaa0b9cb39fcf68f3387cb838?s=256&d=identicon&r=PG","display_name":"TBP-1","link":"https://stackoverflow.com/users/18675982/tbp-1"},"is_answered":false,"view_count":79,"answer_count":1,"score":0,"last_activity_date":1651314857,"creation_date":1648879195,"last_edit_date":1649997496,"question_id":71715226,"content_license":"CC BY-SA 4.0","link":"https://stackoverflow.com/questions/71715226/convert-mysql-select-query-into-an-update-query","title":"Convert MySQL Select query into an Update query"},{"tags":["r","tidyverse"],"owner":{"user_type":"does_not_exist","display_name":"user6836753"},"is_answered":true,"view_count":101,"closed_date":1648879625,"accepted_answer_id":71715239,"answer_count":1,"score":0,"last_activity_date":1648879642,"creation_date":1648879042,"last_edit_date":1648879642,"question_id":71715220,"link":"https://stackoverflow.com/questions/71715220/row-wise-addition-in-r","closed_reason":"Duplicate","title":"Row Wise Addition in R"},{"tags":["json","flutter","api","rest","dart"],"owner":{"account_id":23254000,"reputation":1093,"user_id":17341330,"user_type":"registered","profile_image":"https://i.stack.imgur.com/l0cte.gif?s=256&g=1","display_name":"Hamou Ouyaba","link":"https://stackoverflow.com/users/17341330/hamou-ouyaba"},"is_answered":true,"view_count":252,"accepted_answer_id":71715643,"answer_count":2,"score":0,"last_activity_date":1648884584,"creation_date":1648879015,"question_id":71715217,"content_license":"CC BY-SA 4.0","link":"https://stackoverflow.com/questions/71715217/flutter-api-how-to-post-an-int-to-a-json-file-without-converting-to-a-string","title":"Flutter API : How to post an &quot;int&quot; to a Json file without converting to a String?"},{"tags":["python","python-3.x","pandas","dataframe"],"owner":{"account_id":13240974,"reputation":1332,"user_id":9561497,"user_type":"registered","profile_image":"https://www.gravatar.com/avatar/daa53926c992bad7d822595f336a2d3b?s=256&d=identicon&r=PG&f=y&so-version=2","display_name":"Zephyr","link":"https://stackoverflow.com/users/9561497/zephyr"},"is_answered":true,"view_count":44,"closed_date":1648880565,"accepted_answer_id":71715218,"answer_count":1,"score":0,"last_activity_date":1648880604,"creation_date":1648878819,"last_edit_date":1648880604,"question_id":71715203,"link":"https://stackoverflow.com/questions/71715203/convert-dictionary-with-the-list-to-data-frame-using-pandas-python-3","closed_reason":"Duplicate","title":"Convert dictionary with the list to data frame using pandas python 3"},{"tags":["regex","find","multiline"],"owner":{"account_id":24394036,"reputation":13,"user_id":18323605,"user_type":"registered","profile_image":"https://www.gravatar.com/avatar/5296e3f512ef5aab7f4842024732c658?s=256&d=identicon&r=PG","display_name":"Zsokarpi","link":"https://stackoverflow.com/users/18323605/zsokarpi"},"is_answered":true,"view_count":51,"accepted_answer_id":71756095,"answer_count":1,"score":1,"last_activity_date":1649314176,"creation_date":1648878750,"last_edit_date":1649180449,"question_id":71715196,"content_license":"CC BY-SA 4.0","link":"https://stackoverflow.com/questions/71715196/matching-line-where-the-line-number-is-the-sum-of-constants-and-the-value-of-a-c","title":"Matching line where the line number is the sum of constants and the value of a certain line content (in a variable multiline text)"},{"tags":["sql"],"owner":{"account_id":23108720,"reputation":163,"user_id":17220802,"user_type":"registered","profile_image":"https://www.gravatar.com/avatar/8be4ac303637cc833c46d2c32d443036?s=256&d=identicon&r=PG&f=y&so-version=2","display_name":"Jb-99","link":"https://stackoverflow.com/users/17220802/jb-99"},"is_answered":true,"view_count":39,"accepted_answer_id":71715213,"answer_count":1,"score":0,"last_activity_date":1648878951,"creation_date":1648878734,"question_id":71715195,"content_license":"CC BY-SA 4.0","link":"https://stackoverflow.com/questions/71715195/create-column-with-a-aggregated-value","title":"Create column with a aggregated value"},{"tags":["autohotkey","microsoft-teams"],"owner":{"account_id":1766340,"reputation":4579,"user_id":1612142,"user_type":"registered","accept_rate":82,"profile_image":"https://lh4.googleusercontent.com/-C-57t13JSN4/AAAAAAAAAAI/AAAAAAAAAFU/iR5GRu_IY_I/photo.jpg?sz=256","display_name":"Simon Ferndriger","link":"https://stackoverflow.com/users/1612142/simon-ferndriger"},"is_answered":true,"view_count":770,"accepted_answer_id":71741040,"answer_count":2,"score":0,"last_activity_date":1649114936,"creation_date":1648878707,"last_edit_date":1649091227,"question_id":71715192,"content_license":"CC BY-SA 4.0","link":"https://stackoverflow.com/questions/71715192/how-can-i-make-the-mic-mute-key-work-in-ms-teams-with-autohotkey","title":"How can I make the mic mute key work in MS Teams with Autohotkey?"},{"tags":["reactjs","typescript","apexcharts"],"owner":{"account_id":24793226,"reputation":11,"user_id":18676097,"user_type":"registered","profile_image":"https://www.gravatar.com/avatar/8413bd4d7d1992f7c1da166920d7176a?s=256&d=identicon&r=PG","display_name":"Stephen Changbeom Noh","link":"https://stackoverflow.com/users/18676097/stephen-changbeom-noh"},"is_answered":false,"view_count":887,"answer_count":1,"score":1,"last_activity_date":1672922515,"creation_date":1648878683,"question_id":71715188,"content_license":"CC BY-SA 4.0","link":"https://stackoverflow.com/questions/71715188/apexcharts-with-typescript-and-reactjs-getting-no-overload-matches-this-call","title":"ApexCharts with Typescript and ReactJS getting &#39;No overload matches this call.&#39; error"},{"tags":["react-18"],"owner":{"account_id":798162,"reputation":10727,"user_id":936651,"user_type":"registered","accept_rate":65,"profile_image":"https://www.gravatar.com/avatar/b467475c5a06deb854ac8e5114d35b90?s=256&d=identicon&r=PG","display_name":"SexyMF","link":"https://stackoverflow.com/users/936651/sexymf"},"is_answered":true,"view_count":2825,"accepted_answer_id":71732192,"answer_count":4,"score":2,"last_activity_date":1651587434,"creation_date":1648878677,"question_id":71715187,"content_license":"CC BY-SA 4.0","link":"https://stackoverflow.com/questions/71715187/react-18-typescript-types-in-package-json","title":"react 18 typescript types in package.json"},{"tags":["python","web","beautifulsoup","screen-scraping"],"owner":{"account_id":21134601,"reputation":21,"user_id":15538293,"user_type":"registered","profile_image":"https://lh5.googleusercontent.com/-uWgsR4ZyHGo/AAAAAAAAAAI/AAAAAAAAAAA/AMZuucnQqu5AblN-IjC_jAkgiOxxL1JcVw/s96-c/photo.jpg?sz=256","display_name":"Vincent Oke","link":"https://stackoverflow.com/users/15538293/vincent-oke"},"is_answered":true,"view_count":178,"accepted_answer_id":71715262,"answer_count":1,"score":-1,"last_activity_date":1648883945,"creation_date":1648878601,"last_edit_date":1648878821,"question_id":71715181,"content_license":"CC BY-SA 4.0","link":"https://stackoverflow.com/questions/71715181/beautifulsoup-returns-empty-list-which-leads-to-an-indexerror-in-my-python-code","title":"BeautifulSoup Returns empty list which leads to an IndexError in my Python code"},{"tags":["android","flutter"],"owner":{"account_id":19885782,"reputation":230,"user_id":14774643,"user_type":"registered","profile_image":"https://i.stack.imgur.com/D653L.jpg?s=256&g=1","display_name":"TheFishTheySay","link":"https://stackoverflow.com/users/14774643/thefishtheysay"},"is_answered":true,"view_count":784,"answer_count":1,"score":0,"last_activity_date":1648881794,"creation_date":1648878470,"question_id":71715175,"content_license":"CC BY-SA 4.0","link":"https://stackoverflow.com/questions/71715175/waking-up-android-device-and-showing-an-overlay","title":"Waking up Android device and showing an overlay"},{"tags":["javascript","jquery"],"owner":{"account_id":20644028,"reputation":642,"user_id":15155978,"user_type":"registered","profile_image":"https://www.gravatar.com/avatar/ae90a779ffc6c999aafcb4ac97875d1d?s=256&d=identicon&r=PG&f=y&so-version=2","display_name":"0x55b1E06FF","link":"https://stackoverflow.com/users/15155978/0x55b1e06ff"},"is_answered":false,"view_count":18,"closed_date":1648879221,"answer_count":0,"score":0,"last_activity_date":1648879028,"creation_date":1648878437,"last_edit_date":1648879028,"question_id":71715171,"link":"https://stackoverflow.com/questions/71715171/how-to-produce-an-effect-when-a-checkbox-button-is-checked-while-using-jquery","closed_reason":"Duplicate","title":"How to produce an effect when a checkbox button is checked while using jQuery?"},{"tags":["javascript","html","css"],"owner":{"user_type":"does_not_exist","display_name":"user18529574"},"is_answered":true,"view_count":516,"accepted_answer_id":71715476,"answer_count":2,"score":2,"last_activity_date":1648910470,"creation_date":1648878416,"last_edit_date":1648910470,"question_id":71715169,"content_license":"CC BY-SA 4.0","link":"https://stackoverflow.com/questions/71715169/how-to-target-an-element-using-input-type-checkbox","title":"How to target an element using input type checkbox"},{"tags":["python","selenium"],"owner":{"account_id":24793380,"reputation":3,"user_id":18676243,"user_type":"registered","profile_image":"https://www.gravatar.com/avatar/fb1b3bb38e03337d502fd72613fa13fa?s=256&d=identicon&r=PG","display_name":"KSH","link":"https://stackoverflow.com/users/18676243/ksh"},"is_answered":true,"view_count":133,"accepted_answer_id":71720174,"answer_count":1,"score":0,"last_activity_date":1648924307,"creation_date":1648878410,"last_edit_date":1648899108,"question_id":71715168,"content_license":"CC BY-SA 4.0","link":"https://stackoverflow.com/questions/71715168/how-can-modify-text-in-table-as-python-selenium","title":"How can modify text in table as python selenium?"},{"tags":["javascript","variables"],"owner":{"account_id":24793376,"reputation":1,"user_id":18676239,"user_type":"registered","profile_image":"https://www.gravatar.com/avatar/2849eea48e776e98465853a60dc09e1b?s=256&d=identicon&r=PG","display_name":"SplashyPond","link":"https://stackoverflow.com/users/18676239/splashypond"},"is_answered":true,"view_count":34,"closed_date":1648880886,"answer_count":4,"score":-1,"last_activity_date":1648880905,"creation_date":1648878358,"question_id":71715161,"link":"https://stackoverflow.com/questions/71715161/why-isnt-this-variable-raising-when-a-function-is-executed","closed_reason":"Duplicate","title":"Why isn&#39;t this variable raising when a function is executed?"},{"tags":["amazon-web-services","amazon-s3"],"owner":{"account_id":10055383,"reputation":25,"user_id":11263171,"user_type":"registered","profile_image":"https://www.gravatar.com/avatar/08d3829a3e8490c17ac10e7b0fc84666?s=256&d=identicon&r=PG&f=y&so-version=2","display_name":"RhinoH","link":"https://stackoverflow.com/users/11263171/rhinoh"},"is_answered":true,"view_count":253,"accepted_answer_id":71715185,"answer_count":1,"score":2,"last_activity_date":1648878651,"creation_date":1648878343,"question_id":71715159,"content_license":"CC BY-SA 4.0","link":"https://stackoverflow.com/questions/71715159/clean-way-to-sync-public-s3-bucket-to-my-private-s3-bucket","title":"Clean way to sync public s3 bucket to my private s3 bucket"},{"tags":["next.js","antd","tailwind-css"],"owner":{"account_id":69889,"reputation":1382,"user_id":203115,"user_type":"registered","accept_rate":59,"profile_image":"https://www.gravatar.com/avatar/d0059ea0f474c4b4d6efd47a908334fc?s=256&d=identicon&r=PG","display_name":"Jinho Yoo","link":"https://stackoverflow.com/users/203115/jinho-yoo"},"is_answered":true,"view_count":7850,"accepted_answer_id":72266025,"answer_count":5,"score":6,"last_activity_date":1694497173,"creation_date":1648878336,"last_edit_date":1649142720,"question_id":71715157,"content_license":"CC BY-SA 4.0","link":"https://stackoverflow.com/questions/71715157/tailwinds-ant-design-button-color-is-white-but-has-own-color-wnen-i-hover-it","title":"Tailwinds + Ant design : Button color is white but has own color wnen I hover it"},{"tags":["javascript","php","html","xss","client-side-attacks"],"owner":{"account_id":4090304,"reputation":382,"user_id":3358467,"user_type":"registered","accept_rate":69,"profile_image":"https://www.gravatar.com/avatar/25c691fc3dbb091822859973af09c027?s=256&d=identicon&r=PG&f=y&so-version=2","display_name":"FuegoJohnson","link":"https://stackoverflow.com/users/3358467/fuegojohnson"},"is_answered":true,"view_count":341,"accepted_answer_id":71730318,"answer_count":1,"score":0,"last_activity_date":1649024820,"creation_date":1648878294,"question_id":71715154,"content_license":"CC BY-SA 4.0","link":"https://stackoverflow.com/questions/71715154/xss-poc-hide-rendered-characters-in-dom","title":"XSS PoC: Hide Rendered Characters in DOM"},{"tags":["javascript","class","object","oop"],"owner":{"account_id":21965994,"reputation":23,"user_id":16243233,"user_type":"registered","profile_image":"https://lh3.googleusercontent.com/a-/AOh14GjB7YZP-MUs0Th8gg-Azmt_4UonjjG_foUTck4U=k-s256","display_name":"Moiz Ratlamwala","link":"https://stackoverflow.com/users/16243233/moiz-ratlamwala"},"is_answered":true,"view_count":106,"accepted_answer_id":71715268,"answer_count":4,"score":0,"last_activity_date":1648916218,"creation_date":1648878085,"last_edit_date":1648878673,"question_id":71715145,"content_license":"CC BY-SA 4.0","link":"https://stackoverflow.com/questions/71715145/cant-changing-the-value-of-javascript-property","title":"Can&#39;t changing the value of JavaScript property"},{"tags":["python","image","png","jpeg","pysimplegui"],"owner":{"account_id":22412811,"reputation":351,"user_id":16621315,"user_type":"registered","profile_image":"https://i.stack.imgur.com/ENNx5.gif?s=256&g=1","display_name":"Faindirnomainzein","link":"https://stackoverflow.com/users/16621315/faindirnomainzein"},"is_answered":true,"view_count":1414,"accepted_answer_id":71715189,"answer_count":1,"score":1,"last_activity_date":1648879535,"creation_date":1648877915,"question_id":71715134,"content_license":"CC BY-SA 4.0","link":"https://stackoverflow.com/questions/71715134/pysimplegui-cant-display-a-jpg-only-a-png-how-can-i-temporarily-convert-the","title":"PySimpleGUI can&#39;t display a .jpg, only a .png. How can I temporarily convert the .jpg to a .png without touching the original file?"},{"tags":["flutter"],"owner":{"account_id":24003144,"reputation":1,"user_id":17987724,"user_type":"registered","profile_image":"https://www.gravatar.com/avatar/28023eaaaa1421e1442a2bce4bd0a806?s=256&d=identicon&r=PG","display_name":"Basheer","link":"https://stackoverflow.com/users/17987724/basheer"},"is_answered":false,"view_count":132,"answer_count":0,"score":0,"last_activity_date":1649695201,"creation_date":1648877913,"last_edit_date":1649695201,"question_id":71715133,"content_license":"CC BY-SA 4.0","link":"https://stackoverflow.com/questions/71715133/after-migration-of-this-old-project-im-getting-this-error-and-i-have-tried-a-lo","title":"After migration of this old project I&#39;m getting this error and I have tried a lot of ways"},{"tags":["r","ggplot2"],"owner":{"account_id":22338854,"reputation":15,"user_id":16558928,"user_type":"registered","profile_image":"https://www.gravatar.com/avatar/65103abe505d762676e7218d7ce8cdce?s=256&d=identicon&r=PG&f=y&so-version=2","display_name":"norf_","link":"https://stackoverflow.com/users/16558928/norf"},"is_answered":true,"view_count":244,"accepted_answer_id":71715320,"answer_count":1,"score":0,"last_activity_date":1648880414,"creation_date":1648877902,"question_id":71715132,"content_license":"CC BY-SA 4.0","link":"https://stackoverflow.com/questions/71715132/flip-the-fill-variable-with-geom-barposition-fill-stat-identity-in-ggplot","title":"Flip the fill variable with geom_bar(position=&quot;fill, stat = &quot;identity) in ggplot"},{"tags":["python","asynchronous","async-await"],"owner":{"account_id":24402187,"reputation":13,"user_id":18330768,"user_type":"registered","profile_image":"https://www.gravatar.com/avatar/d0b3b19cc1ed8fda7fb3a9ac2a76f19b?s=256&d=identicon&r=PG","display_name":"theawesomedude12333","link":"https://stackoverflow.com/users/18330768/theawesomedude12333"},"is_answered":false,"view_count":301,"answer_count":0,"score":0,"last_activity_date":1651538866,"creation_date":1648877900,"last_edit_date":1648878817,"question_id":71715131,"content_license":"CC BY-SA 4.0","link":"https://stackoverflow.com/questions/71715131/how-would-i-run-a-while-loop-on-a-separate-thread-in-python","title":"How would I run a while loop on a separate thread in Python?"},{"tags":["python","sockets","udp","python-sockets"],"owner":{"account_id":15450850,"reputation":428,"user_id":11146276,"user_type":"registered","profile_image":"https://i.stack.imgur.com/WBJ0d.png?s=256&g=1","display_name":"Mint","link":"https://stackoverflow.com/users/11146276/mint"},"is_answered":false,"view_count":454,"answer_count":0,"score":0,"last_activity_date":1648941629,"creation_date":1648877879,"last_edit_date":1648941629,"question_id":71715127,"content_license":"CC BY-SA 4.0","link":"https://stackoverflow.com/questions/71715127/python-udp-socket-significant-delay-between-packets","title":"Python UDP socket significant delay between packets"},{"tags":["c#","asp.net","asp.net-mvc"],"owner":{"account_id":23973000,"reputation":575,"user_id":17961431,"user_type":"registered","profile_image":"https://lh3.googleusercontent.com/a/AATXAJywKqYsLSd1jPPEkhyMLoR1gUTp8kB1Cs9RzjYb=k-s256","display_name":"Dev Beginner ","link":"https://stackoverflow.com/users/17961431/dev-beginner"},"is_answered":true,"view_count":188,"accepted_answer_id":71715558,"answer_count":1,"score":0,"last_activity_date":1648884073,"creation_date":1648877840,"question_id":71715124,"content_license":"CC BY-SA 4.0","link":"https://stackoverflow.com/questions/71715124/show-related-records-according-to-the-id-from-another-table","title":"Show related records according to the Id from another Table"},{"tags":["reactjs","react-router"],"owner":{"account_id":5087714,"reputation":171,"user_id":4081717,"user_type":"registered","profile_image":"https://www.gravatar.com/avatar/153b5f9918382809218a11e142124412?s=256&d=identicon&r=PG&f=y&so-version=2","display_name":"Forged","link":"https://stackoverflow.com/users/4081717/forged"},"is_answered":false,"view_count":239,"answer_count":0,"score":0,"last_activity_date":1648877823,"creation_date":1648877823,"question_id":71715122,"content_license":"CC BY-SA 4.0","link":"https://stackoverflow.com/questions/71715122/react-router-no-match-on-dynamic-routing","title":"React Router: No Match on dynamic routing"},{"tags":["reactjs","react-hooks","callback"],"owner":{"account_id":22313175,"reputation":316,"user_id":16536899,"user_type":"registered","profile_image":"https://www.gravatar.com/avatar/4aa5a4197f77addbe1c560e5766ebf28?s=256&d=identicon&r=PG&f=y&so-version=2","display_name":"Rollin","link":"https://stackoverflow.com/users/16536899/rollin"},"is_answered":false,"view_count":1135,"answer_count":1,"score":0,"last_activity_date":1648888459,"creation_date":1648877823,"last_edit_date":1648888459,"question_id":71715121,"content_license":"CC BY-SA 4.0","link":"https://stackoverflow.com/questions/71715121/how-to-use-usecallback-inside-custom-hook","title":"How to use useCallback inside custom hook"},{"tags":["javascript","firebase","firebase-realtime-database"],"owner":{"account_id":14115864,"reputation":35,"user_id":10197651,"user_type":"registered","profile_image":"https://lh4.googleusercontent.com/-5roeP2v-ftE/AAAAAAAAAAI/AAAAAAAAF7E/-VGL16pePPk/photo.jpg?sz=256","display_name":"Amit Yadav","link":"https://stackoverflow.com/users/10197651/amit-yadav"},"is_answered":true,"view_count":40,"accepted_answer_id":71715206,"answer_count":1,"score":1,"last_activity_date":1648880333,"creation_date":1648877812,"last_edit_date":1648879516,"question_id":71715120,"content_license":"CC BY-SA 4.0","link":"https://stackoverflow.com/questions/71715120/how-do-i-fetch-the-value-from-a-key-in-firebase-using-javascript","title":"How do I fetch the value from a key in firebase using javascript"},{"tags":["azure","powershell","authentication","azure-web-app-service"],"owner":{"account_id":24793113,"reputation":27,"user_id":18675991,"user_type":"registered","profile_image":"https://lh3.googleusercontent.com/a/AATXAJwonFQbtZOGNaJ954GPmU0pWKGg6rLYot9gIO1_=k-s256","display_name":"NIREN GUPTA","link":"https://stackoverflow.com/users/18675991/niren-gupta"},"is_answered":false,"view_count":223,"answer_count":1,"score":0,"last_activity_date":1651220032,"creation_date":1648877807,"question_id":71715119,"content_license":"CC BY-SA 4.0","link":"https://stackoverflow.com/questions/71715119/unable-to-access-sharepoint-using-powershell","title":"Unable to Access SharePoint using PowerShell"},{"tags":["python","dataframe","pyspark","spark-csv"],"owner":{"account_id":18856183,"reputation":31,"user_id":13754064,"user_type":"registered","profile_image":"https://www.gravatar.com/avatar/b7293b56e74d22e00e1bb8d79dce6949?s=256&d=identicon&r=PG&f=y&so-version=2","display_name":"Sai","link":"https://stackoverflow.com/users/13754064/sai"},"is_answered":false,"view_count":139,"answer_count":0,"score":0,"last_activity_date":1648877758,"creation_date":1648877758,"question_id":71715117,"content_license":"CC BY-SA 4.0","link":"https://stackoverflow.com/questions/71715117/how-to-read-csv-file-with-comma-values-in-a-column-using-pyspark","title":"How to read csv file with comma values in a column using pyspark"}],"has_more":true,"quota_max":300,"quota_remaining":106}