{"items":[{"tags":["graph","gremlin","tinkerpop","amazon-neptune","tinkerpop3"],"owner":{"account_id":20359448,"reputation":191,"user_id":14934164,"user_type":"registered","profile_image":"https://www.gravatar.com/avatar/d33b2f0ceb0aadad7bd3e5e15e295029?s=256&d=identicon&r=PG&f=y&so-version=2","display_name":"Meike","link":"https://stackoverflow.com/users/14934164/meike"},"is_answered":true,"view_count":31,"accepted_answer_id":71385735,"answer_count":1,"score":0,"last_activity_date":1646678046,"creation_date":1646675999,"question_id":71385388,"content_license":"CC BY-SA 4.0","link":"https://stackoverflow.com/questions/71385388/edit-sack-value-depending-on-path","title":"edit sack() value depending on path"},{"tags":["python","class","oop","properties","python-internals"],"owner":{"account_id":18176119,"reputation":33,"user_id":13224819,"user_type":"registered","profile_image":"https://www.gravatar.com/avatar/305058c4e46a9a4fdd53142c369e2288?s=256&d=identicon&r=PG&f=y&so-version=2","display_name":"Daniel Florez Cortes","link":"https://stackoverflow.com/users/13224819/daniel-florez-cortes"},"is_answered":true,"view_count":681,"accepted_answer_id":71385507,"answer_count":2,"score":0,"last_activity_date":1646679055,"creation_date":1646675995,"last_edit_date":1646676471,"question_id":71385386,"content_license":"CC BY-SA 4.0","link":"https://stackoverflow.com/questions/71385386/why-python-property-function-is-assigned-to-a-class-variable-and-not-an-instan","title":"Why python property() function is assigned to a class variable and not an instance variable?"},{"tags":["ruby-on-rails","ruby","parsing","rubygems","edi"],"owner":{"account_id":13276660,"reputation":13,"user_id":9585781,"user_type":"registered","profile_image":"https://www.gravatar.com/avatar/0aee859b50ccb1138ae4cc394490d8dc?s=256&d=identicon&r=PG&f=y&so-version=2","display_name":"Devalo","link":"https://stackoverflow.com/users/9585781/devalo"},"is_answered":true,"view_count":110,"accepted_answer_id":71524276,"answer_count":1,"score":0,"last_activity_date":1647679820,"creation_date":1646675991,"question_id":71385385,"content_license":"CC BY-SA 4.0","link":"https://stackoverflow.com/questions/71385385/stupidedi-either-failuresegment-st-does-not-occur","title":"Stupidedi Either.failure(&quot;segment ST~ does not occur&quot;)"},{"tags":["excel","vba"],"owner":{"account_id":11900802,"reputation":1,"user_id":18400842,"user_type":"registered","profile_image":"https://www.gravatar.com/avatar/0e2ce7dcca8d9b067a1012195a32a889?s=256&d=identicon&r=PG&f=y&so-version=2","display_name":"AmandaH","link":"https://stackoverflow.com/users/18400842/amandah"},"is_answered":true,"view_count":28,"answer_count":1,"score":0,"last_activity_date":1646746637,"creation_date":1646675977,"last_edit_date":1646746637,"question_id":71385381,"content_license":"CC BY-SA 4.0","link":"https://stackoverflow.com/questions/71385381/macro-that-references-one-cell-in-a-column-to-populate-another-cell-in-a-column","title":"Macro that references one cell in a column to populate another cell in a column"},{"tags":["java","android","ios","preprocessor","manifold"],"owner":{"account_id":4393982,"reputation":2533,"user_id":3581620,"user_type":"registered","accept_rate":81,"profile_image":"https://graph.facebook.com/100006145656367/picture?type=large","display_name":"ΩlostA","link":"https://stackoverflow.com/users/3581620/%ce%a9losta"},"is_answered":false,"view_count":289,"answer_count":0,"score":0,"last_activity_date":1647274778,"creation_date":1646675941,"last_edit_date":1647274778,"question_id":71385378,"content_license":"CC BY-SA 4.0","link":"https://stackoverflow.com/questions/71385378/android-java-how-to-get-targets-macros-in-android-like-in-ios","title":"Android/Java: How to get Targets &amp; Macros in Android like in iOS?"},{"tags":["c#","mysql",".net","ssl"],"owner":{"account_id":20274781,"reputation":11,"user_id":18372984,"user_type":"registered","profile_image":"https://lh3.googleusercontent.com/a-/AOh14GjaVDiSRrGMrSlc6Vy_2AHscLIKat6w6YuWknVsig=k-s256","display_name":"Sanket Wadekar","link":"https://stackoverflow.com/users/18372984/sanket-wadekar"},"is_answered":false,"view_count":468,"answer_count":0,"score":1,"last_activity_date":1646676585,"creation_date":1646675923,"question_id":71385377,"content_license":"CC BY-SA 4.0","link":"https://stackoverflow.com/questions/71385377/net-app-is-not-able-to-connect-to-mysql-instance-when-ssl-is-enabled","title":".NET app is not able to connect to MySQL instance when SSL is enabled"},{"tags":["java","cryptography","bouncycastle","private-key","pem"],"owner":{"account_id":1122690,"reputation":2037,"user_id":1110675,"user_type":"registered","accept_rate":85,"profile_image":"https://i.stack.imgur.com/90rdT.jpg?s=256&g=1","display_name":"rurouniwallace","link":"https://stackoverflow.com/users/1110675/rurouniwallace"},"is_answered":false,"view_count":1035,"answer_count":0,"score":0,"last_activity_date":1646676216,"creation_date":1646675901,"last_edit_date":1646676216,"question_id":71385375,"content_license":"CC BY-SA 4.0","link":"https://stackoverflow.com/questions/71385375/how-do-i-read-this-private-key-as-an-ecprivatekey-in-java","title":"How do I read this private key as an ECPrivateKey in Java?"},{"tags":["sql","google-bigquery"],"owner":{"account_id":12507072,"reputation":2005,"user_id":9103590,"user_type":"registered","accept_rate":92,"profile_image":"https://www.gravatar.com/avatar/c14fc7c966617d772344ae1b50c2ed63?s=256&d=identicon&r=PG&f=y&so-version=2","display_name":"Rookie_123","link":"https://stackoverflow.com/users/9103590/rookie-123"},"is_answered":false,"view_count":142,"answer_count":1,"score":-1,"last_activity_date":1646711894,"creation_date":1646675898,"question_id":71385373,"content_license":"CC BY-SA 4.0","link":"https://stackoverflow.com/questions/71385373/find-the-range-in-which-80-percent-of-users-are","title":"Find the range in which 80 percent of users are"},{"tags":["express","jestjs"],"owner":{"account_id":9017619,"reputation":14293,"user_id":6719819,"user_type":"registered","accept_rate":77,"profile_image":"https://i.stack.imgur.com/HmF9I.jpg?s=256&g=1","display_name":"Daniel","link":"https://stackoverflow.com/users/6719819/daniel"},"is_answered":true,"view_count":1318,"accepted_answer_id":71388400,"answer_count":1,"score":1,"last_activity_date":1672771211,"creation_date":1646675894,"last_edit_date":1646681356,"question_id":71385372,"content_license":"CC BY-SA 4.0","link":"https://stackoverflow.com/questions/71385372/why-is-jest-running-the-typescript-test-files-and-then-the-compiled-js-test-file","title":"Why is Jest running the typescript test files and then the compiled JS test files?"},{"tags":["python","pandas","dataframe","data-wrangling"],"owner":{"account_id":9493861,"reputation":71,"user_id":7651009,"user_type":"registered","profile_image":"https://i.stack.imgur.com/Vay3h.jpg?s=256&g=1","display_name":"bernarducs","link":"https://stackoverflow.com/users/7651009/bernarducs"},"is_answered":true,"view_count":45,"accepted_answer_id":71385405,"answer_count":1,"score":0,"last_activity_date":1646771463,"creation_date":1646675853,"last_edit_date":1646771463,"question_id":71385363,"content_license":"CC BY-SA 4.0","link":"https://stackoverflow.com/questions/71385363/how-can-i-set-a-pandas-dataframe-with-the-first-value-is-what-stays","title":"How can I set a pandas dataframe with the first value is what stays?"},{"tags":["windows","vb.net","powershell",".net-assembly"],"owner":{"account_id":24482602,"reputation":1,"user_id":18400777,"user_type":"registered","profile_image":"https://www.gravatar.com/avatar/7b508b29a73d1e100081263a17b88a3d?s=256&d=identicon&r=PG","display_name":"Brophein","link":"https://stackoverflow.com/users/18400777/brophein"},"is_answered":false,"view_count":103,"answer_count":1,"score":0,"last_activity_date":1646684663,"creation_date":1646675829,"last_edit_date":1646676300,"question_id":71385360,"content_license":"CC BY-SA 4.0","link":"https://stackoverflow.com/questions/71385360/cant-load-executable-from-memory-vb-net-assembly","title":"Can&#39;t load executable from memory, VB.NET assembly"},{"tags":["json","syntax"],"owner":{"account_id":2131368,"reputation":1,"user_id":1892133,"user_type":"registered","profile_image":"https://www.gravatar.com/avatar/f6160463061abf25adee33218d574288?s=256&d=identicon&r=PG","display_name":"Mike Collins","link":"https://stackoverflow.com/users/1892133/mike-collins"},"is_answered":false,"view_count":43,"answer_count":1,"score":0,"last_activity_date":1647763737,"creation_date":1646675819,"question_id":71385356,"content_license":"CC BY-SA 4.0","link":"https://stackoverflow.com/questions/71385356/json-parse-with-replaceable-values","title":"JSON parse with replaceable values"},{"tags":["django"],"owner":{"account_id":19289820,"reputation":3,"user_id":14100105,"user_type":"registered","profile_image":"https://www.gravatar.com/avatar/4dbdb91e36c3ab8b1499833f801dce25?s=256&d=identicon&r=PG&f=y&so-version=2","display_name":"Kvitravn","link":"https://stackoverflow.com/users/14100105/kvitravn"},"is_answered":true,"view_count":30,"accepted_answer_id":71385514,"answer_count":1,"score":0,"last_activity_date":1646677546,"creation_date":1646675815,"question_id":71385355,"content_license":"CC BY-SA 4.0","link":"https://stackoverflow.com/questions/71385355/django-authentication-application","title":"Django Authentication Application"},{"tags":["javascript"],"owner":{"account_id":9221994,"reputation":941,"user_id":6851045,"user_type":"registered","accept_rate":100,"profile_image":"https://lh4.googleusercontent.com/-oFEoqQMCoqY/AAAAAAAAAAI/AAAAAAAAANs/FpQzuPm1Ons/photo.jpg?sz=256","display_name":"Daniel Corona","link":"https://stackoverflow.com/users/6851045/daniel-corona"},"is_answered":true,"view_count":24,"accepted_answer_id":71385390,"answer_count":1,"score":0,"last_activity_date":1646683447,"creation_date":1646675800,"question_id":71385353,"content_license":"CC BY-SA 4.0","link":"https://stackoverflow.com/questions/71385353/best-way-to-handle-value-tied-to-conditional","title":"Best way to handle value tied to conditional"},{"tags":["php","laravel-8"],"owner":{"account_id":22183359,"reputation":11,"user_id":16426730,"user_type":"registered","profile_image":"https://graph.facebook.com/1508749929461497/picture?type=large","display_name":"Akasha Malik","link":"https://stackoverflow.com/users/16426730/akasha-malik"},"is_answered":false,"view_count":1974,"answer_count":2,"score":0,"last_activity_date":1646692290,"creation_date":1646675778,"last_edit_date":1646692217,"question_id":71385350,"content_license":"CC BY-SA 4.0","link":"https://stackoverflow.com/questions/71385350/how-do-we-change-language-in-a-laravel-8-localization","title":"How do we change language in a Laravel 8 localization?"},{"tags":["botframework","azure-qna-maker"],"owner":{"account_id":15184216,"reputation":25,"user_id":10979143,"user_type":"registered","profile_image":"https://www.gravatar.com/avatar/05d5a6d7098e097199966ad8a24f6ed5?s=256&d=identicon&r=PG&f=y&so-version=2","display_name":"StellarFan","link":"https://stackoverflow.com/users/10979143/stellarfan"},"is_answered":false,"view_count":34,"answer_count":1,"score":0,"last_activity_date":1646790832,"creation_date":1646675768,"last_edit_date":1646762283,"question_id":71385348,"content_license":"CC BY-SA 4.0","link":"https://stackoverflow.com/questions/71385348/in-qna-maker-is-there-a-way-to-preserve-edited-qna-pairs-so-that-they-dont-get","title":"In QnA Maker is there a way to preserve edited QnA pairs, so that they don&#39;t get overwritten when doing a &quot;Refresh&quot; import?"},{"tags":["windows","delegates","bluetooth-lowenergy","c++-winrt"],"owner":{"account_id":24482551,"reputation":1,"user_id":18400733,"user_type":"registered","profile_image":"https://www.gravatar.com/avatar/1f441105a3d29ddfb938adc0c501a6e6?s=256&d=identicon&r=PG","display_name":"jay","link":"https://stackoverflow.com/users/18400733/jay"},"is_answered":false,"view_count":287,"answer_count":0,"score":0,"last_activity_date":1646675760,"creation_date":1646675760,"question_id":71385346,"content_license":"CC BY-SA 4.0","link":"https://stackoverflow.com/questions/71385346/how-to-define-a-member-function-as-a-delegate-in-c-winrt","title":"How to define a member function as a delegate in C++/WinRT"},{"tags":["sql","postgresql","aggregate-functions"],"owner":{"account_id":14504812,"reputation":135,"user_id":15322120,"user_type":"registered","profile_image":"https://www.gravatar.com/avatar/9f139c1a1f01221831e4011b64139115?s=256&d=identicon&r=PG&f=y&so-version=2","display_name":"KGE","link":"https://stackoverflow.com/users/15322120/kge"},"is_answered":true,"view_count":145,"accepted_answer_id":71385625,"answer_count":1,"score":1,"last_activity_date":1646677578,"creation_date":1646675751,"last_edit_date":1646677578,"question_id":71385344,"content_license":"CC BY-SA 4.0","link":"https://stackoverflow.com/questions/71385344/querying-phone-records","title":"Querying phone records"},{"tags":["node.js","docker","elasticsearch","docker-compose"],"owner":{"account_id":18663812,"reputation":93,"user_id":13604342,"user_type":"registered","profile_image":"https://www.gravatar.com/avatar/30fdfcc772138795edb432ee53b348a5?s=256&d=identicon&r=PG&f=y&so-version=2","display_name":"orazur","link":"https://stackoverflow.com/users/13604342/orazur"},"is_answered":false,"view_count":970,"answer_count":0,"score":1,"last_activity_date":1646675740,"creation_date":1646675740,"question_id":71385340,"content_license":"CC BY-SA 4.0","link":"https://stackoverflow.com/questions/71385340/docker-elasticsearch-container-unhealthy-even-with-official-tuto","title":"Docker - Elasticsearch Container Unhealthy (even with OFFICIAL tuto)"},{"tags":["reactjs","material-ui","radio-button","conditional-rendering"],"owner":{"account_id":22357586,"reputation":59,"user_id":16574563,"user_type":"registered","profile_image":"https://www.gravatar.com/avatar/eeead1d816dd32453c3a4b44fe6fe97f?s=256&d=identicon&r=PG&f=y&so-version=2","display_name":"james182","link":"https://stackoverflow.com/users/16574563/james182"},"is_answered":false,"view_count":910,"answer_count":1,"score":1,"last_activity_date":1672901587,"creation_date":1646675739,"question_id":71385338,"content_license":"CC BY-SA 4.0","link":"https://stackoverflow.com/questions/71385338/conditionally-rendering-radio-buttons-in-react","title":"Conditionally rendering Radio Buttons in React"},{"tags":["maui"],"owner":{"account_id":22834446,"reputation":19,"user_id":16982399,"user_type":"registered","profile_image":"https://www.gravatar.com/avatar/542ab81e0a1e9a2804ef636048127b28?s=256&d=identicon&r=PG","display_name":"danies8","link":"https://stackoverflow.com/users/16982399/danies8"},"is_answered":false,"view_count":410,"answer_count":1,"score":-2,"last_activity_date":1646718835,"creation_date":1646675736,"last_edit_date":1646677379,"question_id":71385337,"content_license":"CC BY-SA 4.0","link":"https://stackoverflow.com/questions/71385337/bug-problem-with-content-control-in-maui","title":"BUG - Problem with content control in MAUI"},{"tags":["sql-server","amazon-web-services"],"owner":{"account_id":10881152,"reputation":1052,"user_id":8000016,"user_type":"registered","accept_rate":0,"profile_image":"https://i.stack.imgur.com/D4yQ6.jpg?s=256&g=1","display_name":"Alberto Sanmartin Martinez","link":"https://stackoverflow.com/users/8000016/alberto-sanmartin-martinez"},"is_answered":true,"view_count":48,"accepted_answer_id":71397467,"answer_count":1,"score":-2,"last_activity_date":1646753112,"creation_date":1646675731,"last_edit_date":1646738109,"question_id":71385336,"content_license":"CC BY-SA 4.0","link":"https://stackoverflow.com/questions/71385336/cant-select-custom-aws-options-group-for-sql-server-instance","title":"Can&#39;t select custom AWS options group for SQL Server instance"},{"tags":["r","dataframe"],"owner":{"account_id":24186027,"reputation":29,"user_id":18145897,"user_type":"registered","profile_image":"https://lh3.googleusercontent.com/a-/AOh14GhGwyJVYo6kkNZ9R9xmD6_eFFXoaMlbOWtwcv2JfQ=k-s256","display_name":"Ferris Mertn","link":"https://stackoverflow.com/users/18145897/ferris-mertn"},"is_answered":true,"view_count":31,"accepted_answer_id":71385543,"answer_count":1,"score":0,"last_activity_date":1646677569,"creation_date":1646675720,"last_edit_date":1646677569,"question_id":71385333,"content_license":"CC BY-SA 4.0","link":"https://stackoverflow.com/questions/71385333/how-to-write-a-dataframe-with-nestest-dataframe-to-csv-in-r","title":"How to write a dataFrame with nestest dataframe to csv in R"},{"tags":["python-3.x","python-imaging-library"],"owner":{"account_id":10869812,"reputation":3054,"user_id":7992070,"user_type":"registered","profile_image":"https://i.stack.imgur.com/UWwIR.jpg?s=256&g=1","display_name":"Coola","link":"https://stackoverflow.com/users/7992070/coola"},"is_answered":true,"view_count":1831,"accepted_answer_id":71472470,"answer_count":1,"score":0,"last_activity_date":1647282030,"creation_date":1646675715,"question_id":71385332,"content_license":"CC BY-SA 4.0","link":"https://stackoverflow.com/questions/71385332/replace-add-tiff-image-tags-using-pillow-from-one-file-to-another","title":"Replace/add Tiff image tags using Pillow from one file to another"},{"tags":["python","pandas","pandas-resample"],"owner":{"account_id":24482512,"reputation":1,"user_id":18400700,"user_type":"registered","profile_image":"https://lh3.googleusercontent.com/a-/AOh14Ghpn4-ZtIvjxzx-DjxAm_T68hLe_woFy3eVTgpf=k-s256","display_name":"Zicheng Wang","link":"https://stackoverflow.com/users/18400700/zicheng-wang"},"is_answered":false,"view_count":48,"answer_count":1,"score":-1,"last_activity_date":1646676364,"creation_date":1646675706,"question_id":71385331,"content_license":"CC BY-SA 4.0","link":"https://stackoverflow.com/questions/71385331/why-are-there-series-in-the-pandas-dataframe-resample-loop","title":"why are there Series in the pandas.DataFrame.resample loop?"},{"tags":["node.js","next.js","jwt","next-auth"],"owner":{"account_id":8364227,"reputation":913,"user_id":6281479,"user_type":"registered","accept_rate":100,"profile_image":"https://www.gravatar.com/avatar/572d58ddb355d6fde423f196f661997f?s=256&d=identicon&r=PG&f=y&so-version=2","display_name":"a-dawg","link":"https://stackoverflow.com/users/6281479/a-dawg"},"is_answered":true,"view_count":22566,"accepted_answer_id":71429535,"answer_count":5,"score":26,"last_activity_date":1699418113,"creation_date":1646675706,"last_edit_date":1646676833,"question_id":71385330,"content_license":"CC BY-SA 4.0","link":"https://stackoverflow.com/questions/71385330/next-auth-jwedecryptionfailed","title":"next-auth JWEDecryptionFailed"},{"tags":["python","pandas","strftime"],"owner":{"account_id":22441231,"reputation":31,"user_id":16645719,"user_type":"registered","profile_image":"https://lh3.googleusercontent.com/a-/AOh14GiSX4jN5Bix_LEirav6LYsItDK9iFnH70-zGd3qVg=k-s256","display_name":"rando123","link":"https://stackoverflow.com/users/16645719/rando123"},"is_answered":true,"view_count":1027,"accepted_answer_id":71385538,"answer_count":1,"score":2,"last_activity_date":1646683246,"creation_date":1646675702,"last_edit_date":1646677887,"question_id":71385329,"content_license":"CC BY-SA 4.0","link":"https://stackoverflow.com/questions/71385329/how-to-get-strftime-to-output-yearly-quarters","title":"How to get strftime to output yearly quarters?"},{"tags":["batch-file","variables","directory"],"owner":{"account_id":24482586,"reputation":21,"user_id":18400762,"user_type":"registered","profile_image":"https://www.gravatar.com/avatar/5a6477e6cf6eb9a523be46ced2a259ae?s=256&d=identicon&r=PG&f=y&so-version=2","display_name":"TheAmazingBatchMan","link":"https://stackoverflow.com/users/18400762/theamazingbatchman"},"is_answered":false,"view_count":291,"answer_count":1,"score":0,"last_activity_date":1646788484,"creation_date":1646675699,"question_id":71385328,"content_license":"CC BY-SA 4.0","link":"https://stackoverflow.com/questions/71385328/store-the-current-directory-in-a-variable-to-be-used-later","title":"Store the current directory in a variable to be used later"},{"tags":["css-grid","firefox-developer-tools","web-inspector"],"owner":{"account_id":1365634,"reputation":879,"user_id":1302127,"user_type":"registered","accept_rate":77,"profile_image":"https://www.gravatar.com/avatar/7bc359fb1047a6eb6ca7508ef70cad56?s=256&d=identicon&r=PG","display_name":"Janus Bahs Jacquet","link":"https://stackoverflow.com/users/1302127/janus-bahs-jacquet"},"is_answered":true,"view_count":57,"accepted_answer_id":71454687,"answer_count":1,"score":1,"last_activity_date":1647159923,"creation_date":1646675688,"last_edit_date":1647159923,"question_id":71385327,"content_license":"CC BY-SA 4.0","link":"https://stackoverflow.com/questions/71385327/firefox-inspector-show-size-of-grid-areas-at-edge-of-window","title":"Firefox inspector: show size of grid areas at edge of window"},{"tags":["django","docker","hashicorp-vault","vault"],"owner":{"account_id":458289,"reputation":1059,"user_id":858103,"user_type":"registered","accept_rate":38,"profile_image":"https://i.stack.imgur.com/1yaxc.png?s=256&g=1","display_name":"Bring Coffee Bring Beer","link":"https://stackoverflow.com/users/858103/bring-coffee-bring-beer"},"is_answered":false,"view_count":532,"answer_count":2,"score":0,"last_activity_date":1685631660,"creation_date":1646675665,"last_edit_date":1646679108,"question_id":71385322,"content_license":"CC BY-SA 4.0","link":"https://stackoverflow.com/questions/71385322/hashicorp-vault-django-query-from-docker-container","title":"Hashicorp Vault - Django query from docker container"}],"has_more":true,"quota_max":300,"quota_remaining":208}