{"items":[{"tags":["python","pytorch","recurrent-neural-network"],"owner":{"account_id":19410644,"reputation":27,"user_id":14195127,"user_type":"registered","profile_image":"https://www.gravatar.com/avatar/f8ca151ab2d78cb2d4b0c30b061d0a06?s=256&d=identicon&r=PG&f=y&so-version=2","display_name":"xc120","link":"https://stackoverflow.com/users/14195127/xc120"},"is_answered":false,"view_count":109,"answer_count":0,"score":1,"last_activity_date":1650153585,"creation_date":1650153585,"question_id":71898339,"content_license":"CC BY-SA 4.0","link":"https://stackoverflow.com/questions/71898339/pytorch-rnn-gives-accuracy-0-0","title":"PyTorch RNN gives accuracy 0.0"},{"tags":["python","multithreading"],"owner":{"account_id":3796291,"reputation":1100,"user_id":3151270,"user_type":"registered","accept_rate":96,"profile_image":"https://i.stack.imgur.com/ocEco.gif?s=256&g=1","display_name":"cristid9","link":"https://stackoverflow.com/users/3151270/cristid9"},"is_answered":true,"view_count":221,"accepted_answer_id":71898378,"answer_count":1,"score":0,"last_activity_date":1650187515,"creation_date":1650153503,"last_edit_date":1650155625,"question_id":71898334,"content_license":"CC BY-SA 4.0","link":"https://stackoverflow.com/questions/71898334/kill-a-thread-by-name-in-python","title":"Kill a thread by name in python"},{"tags":["heroku"],"owner":{"account_id":24967437,"reputation":41,"user_id":18830863,"user_type":"registered","profile_image":"https://lh3.googleusercontent.com/a-/AOh14Gjvt6VjiZa16s_G2GRi_3VMjfVkAKbYNg8RAlfM=k-s256","display_name":"Rezaul karim Rokon 1978","link":"https://stackoverflow.com/users/18830863/rezaul-karim-rokon-1978"},"is_answered":false,"view_count":121,"closed_date":1650153682,"answer_count":0,"score":4,"last_activity_date":1650153461,"creation_date":1650153461,"question_id":71898328,"link":"https://stackoverflow.com/questions/71898328/automatic-deployment-of-my-app-on-herokuapp-failed","closed_reason":"Duplicate","title":"Automatic deployment of My_App on herokuapp failed"},{"tags":["r","r-sf","renv","r-environment"],"owner":{"account_id":10242050,"reputation":155,"user_id":7559159,"user_type":"registered","profile_image":"https://www.gravatar.com/avatar/c32c7894bc4931e46e1e7b867cd7d744?s=256&d=identicon&r=PG&f=y&so-version=2","display_name":"Igor","link":"https://stackoverflow.com/users/7559159/igor"},"is_answered":true,"view_count":876,"accepted_answer_id":71969748,"answer_count":2,"score":1,"last_activity_date":1694065308,"creation_date":1650153348,"question_id":71898318,"content_license":"CC BY-SA 4.0","link":"https://stackoverflow.com/questions/71898318/i-cant-install-the-sf-package-when-i-use-the-renv-package-in-a-project","title":"I can&#39;t install the sf package when I use the renv package in a project"},{"tags":["ruby-on-rails","ruby","webpack","ruby-on-rails-7","hotwire-rails"],"owner":{"account_id":36377,"reputation":47337,"user_id":103739,"user_type":"registered","accept_rate":95,"profile_image":"https://i.stack.imgur.com/2dUhl.jpg?s=256&g=1","display_name":"JP Silvashy","link":"https://stackoverflow.com/users/103739/jp-silvashy"},"is_answered":true,"view_count":5811,"accepted_answer_id":71898556,"answer_count":1,"score":4,"last_activity_date":1650158474,"creation_date":1650153273,"last_edit_date":1650158474,"question_id":71898315,"content_license":"CC BY-SA 4.0","link":"https://stackoverflow.com/questions/71898315/rails-7-loading-all-stimulus-controllers","title":"Rails 7: Loading all Stimulus controllers"},{"tags":["javascript","vue.js","vue-router"],"owner":{"account_id":20898489,"reputation":71,"user_id":15352101,"user_type":"registered","profile_image":"https://lh3.googleusercontent.com/a-/AOh14GgGyAi9q3TTbGBEEqHbpkjcqzwBO9tPtpZCDcEqBQ=k-s256","display_name":"Stephen Milic","link":"https://stackoverflow.com/users/15352101/stephen-milic"},"is_answered":false,"view_count":590,"answer_count":1,"score":0,"last_activity_date":1650157549,"creation_date":1650153251,"question_id":71898314,"content_license":"CC BY-SA 4.0","link":"https://stackoverflow.com/questions/71898314/vue3-and-vue-router-cannot-access-the-parameters-with-the-route-object-in-produ","title":"Vue3 and Vue-Router cannot access the parameters with the $route object in production but can in dev"},{"tags":["css","media-queries","darkmode"],"owner":{"account_id":8797728,"reputation":7,"user_id":6820365,"user_type":"registered","profile_image":"https://lh3.googleusercontent.com/-m_0qK079jQ8/AAAAAAAAAAI/AAAAAAAABWI/lUtHJil4Dyk/photo.jpg?sz=256","display_name":"Lolo Ogly","link":"https://stackoverflow.com/users/6820365/lolo-ogly"},"is_answered":true,"view_count":400,"accepted_answer_id":71898349,"answer_count":1,"score":-1,"last_activity_date":1650153834,"creation_date":1650153246,"question_id":71898313,"content_license":"CC BY-SA 4.0","link":"https://stackoverflow.com/questions/71898313/prefers-color-scheme-default-styles-vs-light","title":"prefers-color-scheme default styles vs light"},{"tags":["unity-game-engine"],"owner":{"account_id":20632920,"reputation":11,"user_id":15155074,"user_type":"registered","profile_image":"https://lh6.googleusercontent.com/-I00UgroZ-Eg/AAAAAAAAAAI/AAAAAAAAAAA/AMZuucnfu0HrnsiQ1cpz02v4Urq_zUrw4Q/s96-c/photo.jpg?sz=256","display_name":"Claudio Vasquez","link":"https://stackoverflow.com/users/15155074/claudio-vasquez"},"is_answered":true,"view_count":2746,"answer_count":1,"score":1,"last_activity_date":1650256730,"creation_date":1650153185,"question_id":71898310,"content_license":"CC BY-SA 4.0","link":"https://stackoverflow.com/questions/71898310/how-to-change-the-texture-type-of-a-png-image-to-sprite-through-a-script-in-uni","title":"How to change the Texture Type of a .png image to Sprite through a script in Unity?"},{"tags":["android","xml","android-layout","android-recyclerview","scrollview"],"owner":{"account_id":5019073,"reputation":3015,"user_id":4033050,"user_type":"registered","accept_rate":27,"profile_image":"https://www.gravatar.com/avatar/db7477eddc96d47bf99c7ed1c9d4fcb0?s=256&d=identicon&r=PG&f=y&so-version=2","display_name":"Seb","link":"https://stackoverflow.com/users/4033050/seb"},"is_answered":false,"view_count":485,"answer_count":1,"score":0,"last_activity_date":1650155327,"creation_date":1650153155,"last_edit_date":1650155327,"question_id":71898308,"content_license":"CC BY-SA 4.0","link":"https://stackoverflow.com/questions/71898308/button-cannot-stay-at-bottom-of-recyclerview","title":"Button cannot stay at bottom of RecyclerView"},{"tags":["r","linegraph"],"owner":{"account_id":21169703,"reputation":41,"user_id":15566298,"user_type":"registered","profile_image":"https://graph.facebook.com/4591501797556130/picture?type=large","display_name":"Jasmine Koh","link":"https://stackoverflow.com/users/15566298/jasmine-koh"},"is_answered":true,"view_count":318,"answer_count":1,"score":0,"last_activity_date":1650154138,"creation_date":1650153087,"question_id":71898303,"content_license":"CC BY-SA 4.0","link":"https://stackoverflow.com/questions/71898303/how-can-i-make-a-line-graph-with-multiple-lines-with-each-row-a-different-line","title":"How can I make a line graph with multiple lines with each row a different line? in R"},{"tags":["c#","wpf","xaml"],"owner":{"account_id":23922967,"reputation":9,"user_id":17918491,"user_type":"registered","profile_image":"https://lh3.googleusercontent.com/a-/AOh14GgEuqlSV_E4gRbV63trfPXtFmqsi5qKJTQjy1xGXsI=k-s256","display_name":"YourAverageGamer","link":"https://stackoverflow.com/users/17918491/youraveragegamer"},"is_answered":false,"view_count":90,"answer_count":1,"score":0,"last_activity_date":1650234900,"creation_date":1650153058,"question_id":71898301,"content_license":"CC BY-SA 4.0","link":"https://stackoverflow.com/questions/71898301/how-can-i-edit-the-image-source-of-an-image-inside-of-a-button-on-code-c-wpf","title":"How can I edit the image source of an image inside of a button on code? (C# WPF // xaml)"},{"tags":["spring-boot","local-storage","apache-kafka-streams","buildpack"],"owner":{"account_id":197766,"reputation":4253,"user_id":442041,"user_type":"registered","accept_rate":85,"profile_image":"https://i.stack.imgur.com/ng7tz.png?s=256&g=1","display_name":"groo","link":"https://stackoverflow.com/users/442041/groo"},"is_answered":true,"view_count":1161,"accepted_answer_id":71906935,"answer_count":1,"score":1,"last_activity_date":1650247403,"creation_date":1650153054,"last_edit_date":1650191013,"question_id":71898300,"content_license":"CC BY-SA 4.0","link":"https://stackoverflow.com/questions/71898300/create-a-directory-in-a-spring-boot-application-built-with-cloud-native-buildpac","title":"Create a directory in a spring boot application built with cloud native buildpack to run on kubernetes"},{"tags":["functional-programming","ocaml"],"owner":{"account_id":24902815,"reputation":61,"user_id":18773279,"user_type":"registered","profile_image":"https://i.stack.imgur.com/nusma.png?s=256&g=1","display_name":"tintadaraiz","link":"https://stackoverflow.com/users/18773279/tintadaraiz"},"is_answered":true,"view_count":298,"accepted_answer_id":71898421,"answer_count":1,"score":0,"last_activity_date":1650227001,"creation_date":1650153053,"last_edit_date":1650227001,"question_id":71898299,"content_license":"CC BY-SA 4.0","link":"https://stackoverflow.com/questions/71898299/is-this-a-valid-way-to-use-the-zarith-library","title":"Is this a valid way to use the Zarith Library"},{"tags":["javascript","node.js","express","mongoose"],"owner":{"account_id":1216334,"reputation":175,"user_id":1183863,"user_type":"registered","accept_rate":38,"profile_image":"https://i.stack.imgur.com/LL0Z0.jpg?s=256&g=1","display_name":"Daniel Semel","link":"https://stackoverflow.com/users/1183863/daniel-semel"},"is_answered":false,"view_count":261,"answer_count":0,"score":0,"last_activity_date":1650180288,"creation_date":1650152905,"last_edit_date":1650180288,"question_id":71898288,"content_license":"CC BY-SA 4.0","link":"https://stackoverflow.com/questions/71898288/use-variable-req-body-in-mongoose","title":"use variable req.body in mongoose"},{"tags":["php","laravel"],"owner":{"account_id":24967383,"reputation":1,"user_id":18830811,"user_type":"registered","profile_image":"https://lh3.googleusercontent.com/a-/AOh14GjylZn6C5D5ohuW844svyQzfuWz8r1hI8ZQI6Q4_Q=k-s256","display_name":"Youssef Mansour","link":"https://stackoverflow.com/users/18830811/youssef-mansour"},"is_answered":false,"view_count":341,"answer_count":0,"score":0,"last_activity_date":1650332867,"creation_date":1650152890,"last_edit_date":1650332867,"question_id":71898287,"content_license":"CC BY-SA 4.0","link":"https://stackoverflow.com/questions/71898287/app-jobs-itestjob-construct-argument-1-destination-must-be-of-type-app","title":"App\\Jobs\\ItestJob::__construct(): Argument #1 ($destination) must be of type App\\Destination, string given"},{"tags":["python-3.x","pyspark"],"owner":{"account_id":7669770,"reputation":1179,"user_id":5812417,"user_type":"registered","accept_rate":73,"profile_image":"https://www.gravatar.com/avatar/596f1d6a2dd47344be04b68fa33f37c8?s=256&d=identicon&r=PG&f=y&so-version=2","display_name":"Ravi","link":"https://stackoverflow.com/users/5812417/ravi"},"is_answered":false,"view_count":699,"answer_count":1,"score":0,"last_activity_date":1650256647,"creation_date":1650152847,"last_edit_date":1650256581,"question_id":71898284,"content_license":"CC BY-SA 4.0","link":"https://stackoverflow.com/questions/71898284/pyspark-dataframe-map-object-attribute-to-schema-column-name","title":"pyspark dataframe map object attribute to schema column name"},{"tags":["reactjs","react-hook-form"],"owner":{"account_id":24967336,"reputation":1,"user_id":18830768,"user_type":"registered","profile_image":"https://www.gravatar.com/avatar/64ca154bfb3eac6e473a7ebbb1c2ab50?s=256&d=identicon&r=PG","display_name":"lokks","link":"https://stackoverflow.com/users/18830768/lokks"},"is_answered":false,"view_count":650,"answer_count":1,"score":0,"last_activity_date":1650442716,"creation_date":1650152805,"question_id":71898281,"content_license":"CC BY-SA 4.0","link":"https://stackoverflow.com/questions/71898281/how-to-send-query-on-submit-and-display-results-in-prefilled-form-react-and-rea","title":"How to send query on submit and display results in prefilled form (React and react hook form)"},{"tags":["javascript","json","api"],"owner":{"account_id":21174250,"reputation":3,"user_id":15569887,"user_type":"registered","profile_image":"https://lh4.googleusercontent.com/-DgvnM8tu7S0/AAAAAAAAAAI/AAAAAAAAAAA/AMZuuclI3rUGBjoFVXPN22CK9K2ERGMnnQ/s96-c/photo.jpg?sz=256","display_name":"Josu&#233; Lobo","link":"https://stackoverflow.com/users/15569887/josu%c3%a9-lobo"},"is_answered":false,"view_count":585,"closed_date":1650154199,"answer_count":2,"score":0,"last_activity_date":1650153421,"creation_date":1650152755,"question_id":71898277,"link":"https://stackoverflow.com/questions/71898277/json-returns-undefined-when-entering-single-object-but-works-using-map","closed_reason":"Duplicate","title":"JSON returns &#39;undefined&#39; when entering single object, but works using .map()"},{"tags":["google-cloud-platform","terraform"],"owner":{"account_id":22889557,"reputation":63,"user_id":17029890,"user_type":"registered","profile_image":"https://www.gravatar.com/avatar/32514738f2fc6057e42d0e8460415542?s=256&d=identicon&r=PG&f=y&so-version=2","display_name":"GripV","link":"https://stackoverflow.com/users/17029890/gripv"},"is_answered":false,"view_count":117,"answer_count":0,"score":0,"last_activity_date":1650156002,"creation_date":1650152734,"last_edit_date":1650156002,"question_id":71898275,"content_license":"CC BY-SA 4.0","link":"https://stackoverflow.com/questions/71898275/tcp-vs-http-health-check-with-terraform-google-lb","title":"TCP vs HTTP health_check with terraform-google-lb"},{"tags":["html","css","list","frontend","bootstrap-5"],"owner":{"account_id":16102007,"reputation":25,"user_id":11622509,"user_type":"registered","profile_image":"https://www.gravatar.com/avatar/e2c156e42ead9d3a5a646519d3ddff80?s=256&d=identicon&r=PG&f=y&so-version=2","display_name":"Brandom","link":"https://stackoverflow.com/users/11622509/brandom"},"is_answered":false,"view_count":598,"answer_count":2,"score":2,"last_activity_date":1650343113,"creation_date":1650152685,"last_edit_date":1650337401,"question_id":71898273,"content_license":"CC BY-SA 4.0","link":"https://stackoverflow.com/questions/71898273/list-style-when-text-is-too-long-how-to-adjust-the-second-line","title":"list style when text is too long , how to adjust the second line?"},{"tags":["windows","git","batch-file"],"owner":{"account_id":298148,"reputation":580,"user_id":604019,"user_type":"registered","accept_rate":62,"profile_image":"https://www.gravatar.com/avatar/a7d28aebed8510dd44dce3d737868531?s=256&d=identicon&r=PG","display_name":"onepseudoxy","link":"https://stackoverflow.com/users/604019/onepseudoxy"},"is_answered":false,"view_count":409,"answer_count":1,"score":1,"last_activity_date":1650170728,"creation_date":1650152592,"question_id":71898265,"content_license":"CC BY-SA 4.0","link":"https://stackoverflow.com/questions/71898265/windows-batch-script-to-check-if-the-subdirectories-of-a-folder-are-not-git-repo","title":"windows Batch script to check if the subdirectories of a folder are not git repositories"},{"tags":["javascript","arrays","flatten","ramda.js"],"owner":{"account_id":2766028,"reputation":185,"user_id":2381731,"user_type":"registered","accept_rate":0,"profile_image":"https://www.gravatar.com/avatar/73e69fde94fbb0ae9b2bb1342fcef4f1?s=256&d=identicon&r=PG","display_name":"texpert","link":"https://stackoverflow.com/users/2381731/texpert"},"is_answered":true,"view_count":6215,"closed_date":1673061775,"accepted_answer_id":71898331,"answer_count":4,"score":-1,"last_activity_date":1672988212,"creation_date":1650152530,"last_edit_date":1650153419,"question_id":71898261,"link":"https://stackoverflow.com/questions/71898261/how-to-flatten-the-nested-array-of-of-objects-and-duplicate-the-parent","closed_reason":"Needs details or clarity","title":"How to flatten the nested array of of objects and duplicate the parent"},{"tags":["reactjs","state","mobx","mobx-react-lite","global-state"],"owner":{"account_id":14680049,"reputation":361,"user_id":10601871,"user_type":"registered","profile_image":"https://www.gravatar.com/avatar/cfcbcb21dfbc2f6c829af939f4a275fa?s=256&d=identicon&r=PG&f=y&so-version=2","display_name":"ffcabbar","link":"https://stackoverflow.com/users/10601871/ffcabbar"},"is_answered":true,"view_count":709,"accepted_answer_id":71925630,"answer_count":1,"score":1,"last_activity_date":1650374335,"creation_date":1650152523,"question_id":71898259,"content_license":"CC BY-SA 4.0","link":"https://stackoverflow.com/questions/71898259/how-to-trigger-a-state-like-setstate-with-mobx-mobx-react-lite","title":"How to trigger a state like setState with MobX, mobx-react-lite?"},{"tags":["spring","spring-boot","axon"],"owner":{"account_id":18086519,"reputation":45,"user_id":13147308,"user_type":"registered","profile_image":"https://i.stack.imgur.com/yRv6y.jpg?s=256&g=1","display_name":"abdogh","link":"https://stackoverflow.com/users/13147308/abdogh"},"is_answered":true,"view_count":442,"accepted_answer_id":71921489,"answer_count":1,"score":0,"last_activity_date":1650407162,"creation_date":1650152519,"question_id":71898258,"content_license":"CC BY-SA 4.0","link":"https://stackoverflow.com/questions/71898258/axon-server-vs-axon-spring-boot-starter","title":"Axon server vs Axon Spring Boot Starter"},{"tags":["c#"],"owner":{"account_id":6412677,"reputation":3453,"user_id":4971859,"user_type":"registered","accept_rate":30,"profile_image":"https://i.stack.imgur.com/C4KE3.png?s=256&g=1","display_name":"Steve","link":"https://stackoverflow.com/users/4971859/steve"},"is_answered":true,"view_count":29,"answer_count":1,"score":0,"last_activity_date":1650153523,"creation_date":1650152507,"question_id":71898257,"content_license":"CC BY-SA 4.0","link":"https://stackoverflow.com/questions/71898257/how-do-i-combine-ternary-operator-with-null-coalescing-operator-in-one-statement","title":"How do I combine ternary operator with null-coalescing operator in one statement?"},{"tags":["python","pandas"],"owner":{"account_id":20694768,"reputation":120,"user_id":15195245,"user_type":"registered","profile_image":"https://www.gravatar.com/avatar/16d2a893a97db192a3907ab8461121f2?s=256&d=identicon&r=PG&f=y&so-version=2","display_name":"uow","link":"https://stackoverflow.com/users/15195245/uow"},"is_answered":true,"view_count":794,"accepted_answer_id":71898267,"answer_count":2,"score":1,"last_activity_date":1650153364,"creation_date":1650152328,"last_edit_date":1650153364,"question_id":71898246,"content_license":"CC BY-SA 4.0","link":"https://stackoverflow.com/questions/71898246/filter-rows-in-df-that-do-not-startswith-pattern","title":"Filter rows in df that do not startswith pattern"},{"tags":["cloudkit","xcode13.3.1"],"owner":{"account_id":8920352,"reputation":1608,"user_id":6657172,"user_type":"registered","accept_rate":11,"profile_image":"https://www.gravatar.com/avatar/13b1fdd0668c6ba4479e904da736ff5b?s=256&d=identicon&r=PG&f=y&so-version=2","display_name":"daniel","link":"https://stackoverflow.com/users/6657172/daniel"},"is_answered":true,"view_count":1523,"answer_count":2,"score":2,"last_activity_date":1654022210,"creation_date":1650152321,"question_id":71898244,"content_license":"CC BY-SA 4.0","link":"https://stackoverflow.com/questions/71898244/account-temporarily-unavailable-due-to-bad-or-missing-auth-token","title":"Account temporarily unavailable due to bad or missing auth token"},{"tags":["python","logging","python-logging"],"owner":{"account_id":238141,"reputation":2067,"user_id":506824,"user_type":"registered","accept_rate":64,"profile_image":"https://www.gravatar.com/avatar/42ee0001fd1a88841c7c65edb056c79a?s=256&d=identicon&r=PG","display_name":"Roy Smith","link":"https://stackoverflow.com/users/506824/roy-smith"},"is_answered":false,"view_count":72,"answer_count":0,"score":1,"last_activity_date":1650591887,"creation_date":1650152262,"last_edit_date":1650591887,"question_id":71898243,"content_license":"CC BY-SA 4.0","link":"https://stackoverflow.com/questions/71898243/how-to-specify-file-permissions-in-filehandler","title":"How to specify file permissions in FileHandler?"},{"tags":["bash"],"owner":{"account_id":22929067,"reputation":23,"user_id":17063685,"user_type":"registered","profile_image":"https://lh3.googleusercontent.com/a/AATXAJxnvG9J3O97Md942xobDBfZB8JUIV6C4MvJYgQw=k-s256","display_name":"Zak A","link":"https://stackoverflow.com/users/17063685/zak-a"},"is_answered":false,"view_count":170,"answer_count":1,"score":1,"last_activity_date":1650152683,"creation_date":1650152258,"last_edit_date":1650152540,"question_id":71898242,"content_license":"CC BY-SA 4.0","link":"https://stackoverflow.com/questions/71898242/how-to-compare-two-files-and-delete-the-difference","title":"How to compare two files and delete the difference"},{"tags":["excel","powershell","automation"],"owner":{"account_id":20701913,"reputation":67,"user_id":15200763,"user_type":"registered","profile_image":"https://www.gravatar.com/avatar/0ebb48946b0ce51a47001f974ed49ce4?s=256&d=identicon&r=PG&f=y&so-version=2","display_name":"RADical","link":"https://stackoverflow.com/users/15200763/radical"},"is_answered":true,"view_count":1292,"accepted_answer_id":71898337,"answer_count":1,"score":2,"last_activity_date":1650155346,"creation_date":1650152191,"question_id":71898234,"content_license":"CC BY-SA 4.0","link":"https://stackoverflow.com/questions/71898234/add-new-column-and-populate-with-worksheet-name-using-powershell","title":"Add new column and populate with worksheet name using Powershell"}],"has_more":true,"quota_max":300,"quota_remaining":283}