{"items":[{"tags":["solidity"],"owner":{"account_id":24093726,"reputation":1,"user_id":18066612,"user_type":"registered","profile_image":"https://i.stack.imgur.com/kmwVO.jpg?s=256&g=1","display_name":"I J","link":"https://stackoverflow.com/users/18066612/i-j"},"is_answered":true,"view_count":418,"answer_count":1,"score":0,"last_activity_date":1648727371,"creation_date":1648706363,"question_id":71687547,"content_license":"CC BY-SA 4.0","link":"https://stackoverflow.com/questions/71687547/how-to-swap-array-elements-using-destructuring-in-solidity","title":"How to swap array elements using destructuring in Solidity?"},{"tags":["mysql","sql-update"],"owner":{"user_type":"does_not_exist","display_name":"user16604664"},"is_answered":true,"view_count":977,"accepted_answer_id":71688413,"answer_count":1,"score":0,"last_activity_date":1648711194,"creation_date":1648706356,"question_id":71687545,"content_license":"CC BY-SA 4.0","link":"https://stackoverflow.com/questions/71687545/how-to-update-multiple-rows-on-table-with-the-result-of-a-select-subquery-in-mys","title":"How to update multiple rows on table with the result of a select subquery in Mysql"},{"tags":["node.js","linux","npm"],"owner":{"account_id":6993986,"reputation":419,"user_id":5362204,"user_type":"registered","profile_image":"https://i.stack.imgur.com/qbPMa.jpg?s=256&g=1","display_name":"Vinod Poorma","link":"https://stackoverflow.com/users/5362204/vinod-poorma"},"is_answered":false,"view_count":236,"answer_count":1,"score":0,"last_activity_date":1648797082,"creation_date":1648706344,"question_id":71687541,"content_license":"CC BY-SA 4.0","link":"https://stackoverflow.com/questions/71687541/node-js-error-spawn-node-7z-forall-binaries-linux-7za-enoent","title":"Node JS Error: spawn node-7z-forall/binaries/linux/7za ENOENT"},{"tags":["javascript","reactjs","react-router-dom"],"owner":{"account_id":10915895,"reputation":1976,"user_id":8023701,"user_type":"registered","profile_image":"https://lh3.googleusercontent.com/-DDgf5kCDyro/AAAAAAAAAAI/AAAAAAAAAWI/2XPqxPLD5KQ/photo.jpg?sz=256","display_name":"Nabin Dhakal","link":"https://stackoverflow.com/users/8023701/nabin-dhakal"},"is_answered":true,"view_count":827,"accepted_answer_id":71687612,"answer_count":1,"score":2,"last_activity_date":1648706865,"creation_date":1648706306,"question_id":71687533,"content_license":"CC BY-SA 4.0","link":"https://stackoverflow.com/questions/71687533/nested-routing-react-router-dom-v6-not-working","title":"Nested routing react-router-dom v6 not working"},{"tags":["sql-server","visual-studio"],"owner":{"account_id":23243,"reputation":4922,"user_id":58110,"user_type":"registered","accept_rate":93,"profile_image":"https://www.gravatar.com/avatar/96c94f321ba8e01a1cee6941f02ccb4f?s=256&d=identicon&r=PG","display_name":"Chris KL","link":"https://stackoverflow.com/users/58110/chris-kl"},"is_answered":false,"view_count":513,"answer_count":1,"score":0,"last_activity_date":1651629879,"creation_date":1648706270,"last_edit_date":1648781444,"question_id":71687530,"content_license":"CC BY-SA 4.0","link":"https://stackoverflow.com/questions/71687530/how-do-i-fix-sql-server-database-project-ambiguous-references","title":"How do I fix SQL Server Database Project Ambiguous References?"},{"tags":["caching","varnish","varnish-vcl"],"owner":{"account_id":6756502,"reputation":1,"user_id":9164844,"user_type":"registered","profile_image":"https://www.gravatar.com/avatar/90c3e08ea27cb01dca33f691563f7480?s=256&d=identicon&r=PG&f=y&so-version=2","display_name":"janbegjan","link":"https://stackoverflow.com/users/9164844/janbegjan"},"is_answered":false,"view_count":351,"answer_count":1,"score":-1,"last_activity_date":1649318298,"creation_date":1648706262,"last_edit_date":1649184563,"question_id":71687529,"content_license":"CC BY-SA 4.0","link":"https://stackoverflow.com/questions/71687529/varnish-cache-how-do-i-route-client-traffic-based-on-client-source-ip-address","title":"Varnish Cache, How do I route client traffic based on client source IP address?"},{"tags":["vb.net","winforms","twilio"],"owner":{"account_id":1900233,"reputation":1,"user_id":1716234,"user_type":"registered","profile_image":"https://www.gravatar.com/avatar/ecede82f5efe3abee42dda2f5ec5b57f?s=256&d=identicon&r=PG","display_name":"user1716234","link":"https://stackoverflow.com/users/1716234/user1716234"},"is_answered":true,"view_count":237,"answer_count":1,"score":0,"last_activity_date":1648786268,"creation_date":1648706258,"last_edit_date":1648786268,"question_id":71687528,"content_license":"CC BY-SA 4.0","link":"https://stackoverflow.com/questions/71687528/how-to-receive-an-inbound-sms-using-twilio-in-vb-net-winforms","title":"How to receive an Inbound SMS using Twilio in VB.NET WinForms?"},{"tags":["python","generator","yield"],"owner":{"account_id":24754315,"reputation":11,"user_id":18639396,"user_type":"registered","profile_image":"https://www.gravatar.com/avatar/dde06378f121a73b01ca8caa4a43a618?s=256&d=identicon&r=PG","display_name":"sandra barret","link":"https://stackoverflow.com/users/18639396/sandra-barret"},"is_answered":false,"view_count":46,"answer_count":2,"score":-2,"last_activity_date":1649318999,"creation_date":1648706194,"last_edit_date":1649318999,"question_id":71687523,"content_license":"CC BY-SA 4.0","link":"https://stackoverflow.com/questions/71687523/how-to-implement-generator-for-this-function","title":"How to implement generator for this function?"},{"tags":["python","sql","django","database","django-views"],"owner":{"account_id":4819620,"reputation":53,"user_id":3890649,"user_type":"registered","profile_image":"https://www.gravatar.com/avatar/b4eb9b31e0aba2941e0d7f8daa816ffc?s=256&d=identicon&r=PG&f=y&so-version=2","display_name":"colioli","link":"https://stackoverflow.com/users/3890649/colioli"},"is_answered":true,"view_count":297,"answer_count":2,"score":-1,"last_activity_date":1687805363,"creation_date":1648706185,"last_edit_date":1648706591,"question_id":71687522,"content_license":"CC BY-SA 4.0","link":"https://stackoverflow.com/questions/71687522/counting-many-to-many-field-returns-wrong-value-django","title":"Counting many-to-many field returns wrong value (Django)"},{"tags":["python","if-statement","percentage","boolean-logic","upwork-api"],"owner":{"user_type":"does_not_exist","display_name":"user17416440"},"is_answered":true,"view_count":170,"accepted_answer_id":71688040,"answer_count":2,"score":1,"last_activity_date":1648801046,"creation_date":1648706173,"last_edit_date":1648708541,"question_id":71687520,"content_license":"CC BY-SA 4.0","link":"https://stackoverflow.com/questions/71687520/calculate-total-amount-from-upwork-after-fee-deduction-using-python","title":"Calculate total amount from Upwork after fee deduction using Python"},{"tags":["php","cpanel","darkmode"],"owner":{"account_id":8565203,"reputation":107,"user_id":7861035,"user_type":"registered","accept_rate":0,"profile_image":"https://graph.facebook.com/1025285640889043/picture?type=large","display_name":"Ambiguous Turtle","link":"https://stackoverflow.com/users/7861035/ambiguous-turtle"},"is_answered":false,"view_count":331,"answer_count":1,"score":1,"last_activity_date":1662420816,"creation_date":1648706172,"question_id":71687519,"content_license":"CC BY-SA 4.0","link":"https://stackoverflow.com/questions/71687519/how-to-change-cpanel-code-editor-theme-for-permanent","title":"How to change CPanel Code editor theme for Permanent"},{"tags":["python","pandas","dataframe"],"owner":{"account_id":22378077,"reputation":55,"user_id":16592066,"user_type":"registered","profile_image":"https://lh3.googleusercontent.com/a/AATXAJxufPBGjJxOEh5aLhNnEUK806THSGy4ExZVPrAQ=k-s256","display_name":"Omer Davidi","link":"https://stackoverflow.com/users/16592066/omer-davidi"},"is_answered":true,"view_count":51,"accepted_answer_id":71687595,"answer_count":1,"score":1,"last_activity_date":1648708449,"creation_date":1648706171,"question_id":71687518,"content_license":"CC BY-SA 4.0","link":"https://stackoverflow.com/questions/71687518/get-values-of-columns-in-df-according-to-an-index-list","title":"Get values of columns in df according to an index list"},{"tags":["css","ios","macos","fonts","tilde"],"owner":{"account_id":10669499,"reputation":11,"user_id":8437217,"user_type":"registered","profile_image":"https://lh3.googleusercontent.com/-K2nqs9ERt64/AAAAAAAAAAI/AAAAAAAAABY/JOEacwJZApA/photo.jpg?sz=256","display_name":"Prog New","link":"https://stackoverflow.com/users/8437217/prog-new"},"is_answered":false,"view_count":456,"answer_count":0,"score":1,"last_activity_date":1665868225,"creation_date":1648706125,"last_edit_date":1665868225,"question_id":71687515,"content_license":"CC BY-SA 4.0","link":"https://stackoverflow.com/questions/71687515/the-problem-of-displaying-the-jost-font-in-safari-for-apple-device","title":"The problem of displaying the &quot;Jost&quot; font in safari (for apple device)"},{"tags":["scala"],"owner":{"account_id":24754524,"reputation":1,"user_id":18639579,"user_type":"registered","profile_image":"https://lh3.googleusercontent.com/a-/AOh14GgeRjU5wOlLEdOwh6IxlNRaVJZ8ZURFGSlNhyNF6w=k-s256","display_name":"Yashu Yashwant","link":"https://stackoverflow.com/users/18639579/yashu-yashwant"},"is_answered":true,"view_count":30,"answer_count":1,"score":-2,"last_activity_date":1648735830,"creation_date":1648706114,"last_edit_date":1648735830,"question_id":71687512,"content_license":"CC BY-SA 4.0","link":"https://stackoverflow.com/questions/71687512/format-issue-in-scala-while-having-wildcards-characters","title":"format issue in scala, while having wildcards characters"},{"tags":["vuetify.js"],"owner":{"account_id":1958522,"reputation":9107,"user_id":1760858,"user_type":"registered","accept_rate":58,"profile_image":"https://i.stack.imgur.com/VFjmX.png?s=256&g=1","display_name":"velis","link":"https://stackoverflow.com/users/1760858/velis"},"is_answered":true,"view_count":336,"accepted_answer_id":71696904,"answer_count":1,"score":1,"last_activity_date":1648747966,"creation_date":1648706081,"question_id":71687507,"content_license":"CC BY-SA 4.0","link":"https://stackoverflow.com/questions/71687507/vuetify-dialog-is-there-a-small-large-equivalent-of-bootstrap-dialog","title":"Vuetify dialog: Is there a &quot;small&quot; &amp; &quot;large&quot; equivalent of Bootstrap dialog?"},{"tags":["jquery","datatables"],"owner":{"account_id":2405770,"reputation":1942,"user_id":2102292,"user_type":"registered","accept_rate":69,"profile_image":"https://www.gravatar.com/avatar/6cca89e27743e4d44b426d0c79497030?s=256&d=identicon&r=PG","display_name":"Cheknov","link":"https://stackoverflow.com/users/2102292/cheknov"},"is_answered":true,"view_count":992,"answer_count":1,"score":0,"last_activity_date":1648799792,"creation_date":1648706062,"question_id":71687505,"content_license":"CC BY-SA 4.0","link":"https://stackoverflow.com/questions/71687505/define-a-datatable-using-conditional-logic","title":"Define a Datatable using conditional logic"},{"tags":["visual-studio-code"],"owner":{"account_id":23643218,"reputation":29,"user_id":17673205,"user_type":"registered","profile_image":"https://www.gravatar.com/avatar/af9dde5b1eb20cf0b0d165c5a55debc2?s=256&d=identicon&r=PG","display_name":"wangrongding","link":"https://stackoverflow.com/users/17673205/wangrongding"},"is_answered":true,"view_count":86,"answer_count":1,"score":1,"last_activity_date":1648752488,"creation_date":1648706012,"question_id":71687494,"content_license":"CC BY-SA 4.0","link":"https://stackoverflow.com/questions/71687494/in-march-2022-version-1-66-how-to-set-terminal-findmatch","title":"In march 2022 (version 1.66), how to set terminal.findMatch？"},{"tags":["flutter","dart","flutter-provider","state-management"],"owner":{"account_id":23741614,"reputation":678,"user_id":17759589,"user_type":"registered","profile_image":"https://www.gravatar.com/avatar/40e03c821045487476ed3069c03b0216?s=256&d=identicon&r=PG","display_name":"Air Admirer","link":"https://stackoverflow.com/users/17759589/air-admirer"},"is_answered":true,"view_count":1696,"answer_count":2,"score":1,"last_activity_date":1668957064,"creation_date":1648705872,"question_id":71687476,"content_license":"CC BY-SA 4.0","link":"https://stackoverflow.com/questions/71687476/widget-not-rebuilding-after-changenotifier-called","title":"Widget not rebuilding after changeNotifier called"},{"tags":["c++","visual-studio","cmake","windows-subsystem-for-linux"],"owner":{"account_id":19405066,"reputation":349,"user_id":14190718,"user_type":"registered","profile_image":"https://i.stack.imgur.com/iM81l.jpg?s=256&g=1","display_name":"isudfv","link":"https://stackoverflow.com/users/14190718/isudfv"},"is_answered":false,"view_count":259,"answer_count":0,"score":0,"last_activity_date":1648705855,"creation_date":1648705855,"question_id":71687473,"content_license":"CC BY-SA 4.0","link":"https://stackoverflow.com/questions/71687473/how-to-use-wt-to-show-output-when-targeting-wsl2-with-vs2022","title":"How to use wt to show output when targeting wsl2 with vs2022?"},{"tags":["javascript"],"owner":{"account_id":24754505,"reputation":21,"user_id":18639562,"user_type":"registered","profile_image":"https://lh3.googleusercontent.com/a-/AOh14GiS09pBgLgVOigPE_JbE1UrkMfmaOfL57ZS24RSLA=k-s256","display_name":"Lullaby","link":"https://stackoverflow.com/users/18639562/lullaby"},"is_answered":true,"view_count":1626,"accepted_answer_id":71687550,"answer_count":1,"score":1,"last_activity_date":1648756217,"creation_date":1648705836,"question_id":71687472,"content_license":"CC BY-SA 4.0","link":"https://stackoverflow.com/questions/71687472/trigger-a-custom-event-when-element-in-viewport-javascript","title":"Trigger a custom Event when element in viewport - JavaScript"},{"tags":["android","notifications","firebase-cloud-messaging","android-notifications","notification-icons"],"owner":{"account_id":24754512,"reputation":41,"user_id":18639569,"user_type":"registered","profile_image":"https://lh3.googleusercontent.com/a-/AOh14GgG3iioXg_tNGbxFuVnZYsc6VJVu1uSOTQIVghM=k-s256","display_name":"Akash Yadav","link":"https://stackoverflow.com/users/18639569/akash-yadav"},"is_answered":false,"view_count":2729,"answer_count":1,"score":4,"last_activity_date":1648713337,"creation_date":1648705791,"last_edit_date":1648713337,"question_id":71687469,"content_license":"CC BY-SA 4.0","link":"https://stackoverflow.com/questions/71687469/how-can-we-use-multi-color-icon-in-android-notification-icon","title":"How can we use multi color icon in android notification icon"},{"tags":["python","python-3.x","rest","python-requests"],"owner":{"account_id":15063011,"reputation":129,"user_id":10871102,"user_type":"registered","profile_image":"https://lh6.googleusercontent.com/-FHMEqy08KVs/AAAAAAAAAAI/AAAAAAAAAAA/AKxrwcZwpi-sPAzS5ytPvN5DdPIqYHuBNQ/mo/photo.jpg?sz=256","display_name":"Sarvendra Singh","link":"https://stackoverflow.com/users/10871102/sarvendra-singh"},"is_answered":false,"view_count":838,"answer_count":0,"score":0,"last_activity_date":1648705788,"creation_date":1648705788,"question_id":71687468,"content_license":"CC BY-SA 4.0","link":"https://stackoverflow.com/questions/71687468/python-request-library-multiple-api-calls-sequentially-in-for-loop","title":"Python Request Library multiple API calls sequentially in for loop"},{"tags":["java","object","methods","getter","setter"],"owner":{"account_id":24754467,"reputation":1,"user_id":18639529,"user_type":"registered","profile_image":"https://lh3.googleusercontent.com/a/AATXAJw3ssK7slZ6fmONrk3JairLelQGBYoAx_pJ3Z-x=k-s256","display_name":"Shaaran Sr","link":"https://stackoverflow.com/users/18639529/shaaran-sr"},"is_answered":false,"view_count":952,"answer_count":1,"score":-1,"last_activity_date":1648708716,"creation_date":1648705769,"last_edit_date":1648708716,"question_id":71687467,"content_license":"CC BY-SA 4.0","link":"https://stackoverflow.com/questions/71687467/java-program-for-getting-and-setting-inputs-total-run-total-match-played-about","title":"Java program for getting and setting inputs total run, total match played about cricket players and finding the average run scored using the input"},{"tags":["xamarin.forms","picker"],"owner":{"account_id":24753304,"reputation":1,"user_id":18638498,"user_type":"registered","profile_image":"https://www.gravatar.com/avatar/a173995e93e40b01a28eeea128801882?s=256&d=identicon&r=PG","display_name":"mofan","link":"https://stackoverflow.com/users/18638498/mofan"},"is_answered":false,"view_count":386,"answer_count":1,"score":0,"last_activity_date":1648782926,"creation_date":1648705766,"question_id":71687466,"content_license":"CC BY-SA 4.0","link":"https://stackoverflow.com/questions/71687466/how-to-bind-property-in-view-model-with-picker-in-view-in-xamarin-forms-mvvm","title":"How to Bind Property in View Model with Picker in View in Xamarin.Forms MVVM"},{"tags":["html","css"],"owner":{"account_id":23651407,"reputation":1175,"user_id":17680233,"user_type":"registered","profile_image":"https://i.stack.imgur.com/qtz4n.jpg?s=256&g=1","display_name":"新Acesyyy","link":"https://stackoverflow.com/users/17680233/%e6%96%b0acesyyy"},"is_answered":true,"view_count":101,"accepted_answer_id":71687553,"answer_count":1,"score":-1,"last_activity_date":1648710618,"creation_date":1648705765,"last_edit_date":1648709983,"question_id":71687465,"content_license":"CC BY-SA 4.0","link":"https://stackoverflow.com/questions/71687465/how-can-i-make-it-to-responsive-body-background-image-without-using-fixed","title":"How can I make it to responsive body background image without using fixed?"},{"tags":["c++","xml","xml-parsing","raw-data"],"owner":{"account_id":24554653,"reputation":21,"user_id":18463411,"user_type":"registered","profile_image":"https://www.gravatar.com/avatar/2c559deff910ccc993106e1a33e2b54f?s=256&d=identicon&r=PG","display_name":"Nells","link":"https://stackoverflow.com/users/18463411/nells"},"is_answered":false,"view_count":372,"answer_count":0,"score":1,"last_activity_date":1648712272,"creation_date":1648705752,"last_edit_date":1648712272,"question_id":71687461,"content_license":"CC BY-SA 4.0","link":"https://stackoverflow.com/questions/71687461/how-to-setup-a-xml-parser-parsing-and-xml-document-with-formatted-raw-data-in-c","title":"How to setup a XML Parser parsing and XML document with formatted raw data in C++ without using existing tool"},{"tags":["c#","tcp"],"owner":{"account_id":5963593,"reputation":37,"user_id":5623883,"user_type":"registered","profile_image":"https://www.gravatar.com/avatar/28230ee33fa5a3c701201826f09b2719?s=256&d=identicon&r=PG&f=y&so-version=2","display_name":"KY OOI","link":"https://stackoverflow.com/users/5623883/ky-ooi"},"is_answered":true,"view_count":119,"accepted_answer_id":71687532,"answer_count":1,"score":-2,"last_activity_date":1648794344,"creation_date":1648705734,"last_edit_date":1648794344,"question_id":71687457,"content_license":"CC BY-SA 4.0","link":"https://stackoverflow.com/questions/71687457/tcp-receive-does-not-return-expected-number-of-bytes","title":"TCP Receive does not return expected number of bytes"},{"tags":["javascript","python","django","forms"],"owner":{"account_id":23955350,"reputation":69,"user_id":17946310,"user_type":"registered","profile_image":"https://lh3.googleusercontent.com/a-/AOh14GiFyPC00yRVIwXJK10FJr7UO1zgTjBJlRVoab4M=k-s256","display_name":"Khalid Seflan","link":"https://stackoverflow.com/users/17946310/khalid-seflan"},"is_answered":false,"view_count":62,"answer_count":1,"score":0,"last_activity_date":1648730805,"creation_date":1648705714,"question_id":71687455,"content_license":"CC BY-SA 4.0","link":"https://stackoverflow.com/questions/71687455/how-to-get-a-variable-value-from-form-to-python-function-in-django-from-javascri","title":"how to get a variable value from form to python function in django from javascript"},{"tags":["mne-python"],"owner":{"account_id":19359684,"reputation":165,"user_id":14155178,"user_type":"registered","profile_image":"https://www.gravatar.com/avatar/ba24641160b8b6eb72233ecc87ef40cb?s=256&d=identicon&r=PG&f=y&so-version=2","display_name":"BiozterzCodes","link":"https://stackoverflow.com/users/14155178/biozterzcodes"},"is_answered":false,"view_count":183,"answer_count":1,"score":1,"last_activity_date":1648706089,"creation_date":1648705703,"question_id":71687453,"content_license":"CC BY-SA 4.0","link":"https://stackoverflow.com/questions/71687453/why-are-ecg-channels-labelled-as-an-eeg-channel","title":"Why are ECG channels labelled as an EEG channel?"},{"tags":["jquery","ajax","asp.net-mvc"],"owner":{"account_id":23705969,"reputation":33,"user_id":17728436,"user_type":"registered","profile_image":"https://www.gravatar.com/avatar/551820b269d6961b3d53b2011510a402?s=256&d=identicon&r=PG","display_name":"Ajax","link":"https://stackoverflow.com/users/17728436/ajax"},"is_answered":true,"view_count":128,"accepted_answer_id":71700023,"answer_count":1,"score":0,"last_activity_date":1648767474,"creation_date":1648705702,"last_edit_date":1648767367,"question_id":71687452,"content_license":"CC BY-SA 4.0","link":"https://stackoverflow.com/questions/71687452/incorrect-encoding-of-contenttype-in-ajax-call-for-mvc-action","title":"Incorrect encoding of contentType in AJAX Call for MVC Action"}],"has_more":true,"quota_max":300,"quota_remaining":114}