{"items":[{"tags":["php","laravel","laravel-8"],"owner":{"account_id":10166009,"reputation":101,"user_id":7507937,"user_type":"registered","profile_image":"https://graph.facebook.com/1932024940417263/picture?type=large","display_name":"Zaeem Syed","link":"https://stackoverflow.com/users/7507937/zaeem-syed"},"is_answered":true,"view_count":292,"answer_count":1,"score":1,"last_activity_date":1644677493,"creation_date":1644429570,"last_edit_date":1644677493,"question_id":71054492,"content_license":"CC BY-SA 4.0","link":"https://stackoverflow.com/questions/71054492/collection-of-two-objects-and-i-want-to-store-value-of-zero-index-and-first-inde","title":"Collection of two objects and I want to store value of zero index and first index in two different variables Laravel 8"},{"tags":["pylint","pylintrc"],"owner":{"account_id":6661914,"reputation":1319,"user_id":5140740,"user_type":"registered","accept_rate":100,"profile_image":"https://i.stack.imgur.com/1Gcmn.jpg?s=256&g=1","display_name":"V-R","link":"https://stackoverflow.com/users/5140740/v-r"},"is_answered":false,"view_count":208,"answer_count":0,"score":2,"last_activity_date":1644494961,"creation_date":1644429569,"last_edit_date":1644494961,"question_id":71054491,"content_license":"CC BY-SA 4.0","link":"https://stackoverflow.com/questions/71054491/demoting-or-reducing-severity-of-a-pylint-message","title":"Demoting or reducing severity of a Pylint message"},{"tags":["php","arrays","json"],"owner":{"account_id":1003156,"reputation":3078,"user_id":1017550,"user_type":"registered","accept_rate":90,"profile_image":"https://www.gravatar.com/avatar/352ce220fadfe3e4ae462f31ea9e02b0?s=256&d=identicon&r=PG","display_name":"Alex G","link":"https://stackoverflow.com/users/1017550/alex-g"},"is_answered":true,"view_count":50,"accepted_answer_id":71054884,"answer_count":2,"score":0,"last_activity_date":1644432901,"creation_date":1644429567,"question_id":71054490,"content_license":"CC BY-SA 4.0","link":"https://stackoverflow.com/questions/71054490/json-decode-creates-unnecessary-arrays","title":"json_decode creates unnecessary arrays"},{"tags":["python","pandas"],"owner":{"account_id":17108824,"reputation":87,"user_id":12380212,"user_type":"registered","profile_image":"https://lh3.googleusercontent.com/a-/AAuE7mDM-nF7zWhrGoIKOy-wRHBmTi1eu6M3e2oCwvyE=k-s256","display_name":"Abramo","link":"https://stackoverflow.com/users/12380212/abramo"},"is_answered":false,"view_count":515,"answer_count":0,"score":0,"last_activity_date":1644430334,"creation_date":1644429561,"last_edit_date":1644430334,"question_id":71054488,"content_license":"CC BY-SA 4.0","link":"https://stackoverflow.com/questions/71054488/using-a-variable-in-data-pandas-dataframe-to-excel-method-to-output-an-excel-fil","title":"Using a variable in data pandas.DataFrame.to_excel method to output an excel file with time stamp in the name"},{"tags":["javascript","node.js","asynchronous","promise"],"owner":{"account_id":24170923,"reputation":21,"user_id":18133002,"user_type":"registered","profile_image":"https://i.stack.imgur.com/YNKMS.jpg?s=256&g=1","display_name":"SamusRk","link":"https://stackoverflow.com/users/18133002/samusrk"},"is_answered":true,"view_count":1021,"closed_date":1644445667,"answer_count":2,"score":1,"last_activity_date":1644446256,"creation_date":1644429561,"last_edit_date":1644446183,"question_id":71054487,"link":"https://stackoverflow.com/questions/71054487/how-are-promises-and-async-asynchronous-exactly","closed_reason":"Duplicate","title":"How are promises (and async) &quot;asynchronous&quot;, exactly?"},{"tags":["java","html","webclient"],"owner":{"account_id":17143579,"reputation":55,"user_id":12407018,"user_type":"registered","profile_image":"https://www.gravatar.com/avatar/859cd2483ad2db6eded58f0f7b694a88?s=256&d=identicon&r=PG&f=y&so-version=2","display_name":"Ollowain","link":"https://stackoverflow.com/users/12407018/ollowain"},"is_answered":false,"view_count":70,"answer_count":1,"score":0,"last_activity_date":1644442193,"creation_date":1644429551,"question_id":71054486,"content_license":"CC BY-SA 4.0","link":"https://stackoverflow.com/questions/71054486/page-gethtmlelementbyidtsf-wont-work-com-gargoylesoftware-htmlunit-elementn","title":"page.getHtmlElementById(&quot;tsf&quot;) wont work: com.gargoylesoftware.htmlunit.ElementNotFoundException:tsf"},{"tags":["uipath","uipath-studio","uipath-robot","uipath-orchestrator","uipath-activity"],"owner":{"account_id":8821023,"reputation":261,"user_id":6590896,"user_type":"registered","profile_image":"https://i.stack.imgur.com/SbkCj.jpg?s=256&g=1","display_name":"Punya Munasinghe","link":"https://stackoverflow.com/users/6590896/punya-munasinghe"},"is_answered":true,"view_count":3218,"accepted_answer_id":71063528,"answer_count":1,"score":2,"last_activity_date":1644489099,"creation_date":1644429534,"last_edit_date":1644436296,"question_id":71054482,"content_license":"CC BY-SA 4.0","link":"https://stackoverflow.com/questions/71054482/you-are-not-authenticated-error-code-0-exception-occurred-only-for-uipath-back","title":"You are not authenticated! Error code: 0 exception occurred only for UiPath background process"},{"tags":["javascript","html","gallery","imagefilter"],"owner":{"account_id":22665016,"reputation":3,"user_id":16837518,"user_type":"registered","profile_image":"https://lh3.googleusercontent.com/a-/AOh14GjRlBeURBvJUHr720cbspOBB49qbgbcLEeOGF4R9w=k-s256","display_name":"armory victory","link":"https://stackoverflow.com/users/16837518/armory-victory"},"is_answered":false,"view_count":93,"answer_count":1,"score":-1,"last_activity_date":1644432082,"creation_date":1644429526,"last_edit_date":1644430473,"question_id":71054481,"content_license":"CC BY-SA 4.0","link":"https://stackoverflow.com/questions/71054481/select-your-grade-from-the-list","title":"Select your grade from the list"},{"tags":["javascript","html"],"owner":{"account_id":23684000,"reputation":3,"user_id":17709205,"user_type":"registered","profile_image":"https://www.gravatar.com/avatar/4e3123b00d4694c749b6e85aa94c2fbf?s=256&d=identicon&r=PG","display_name":"Simon","link":"https://stackoverflow.com/users/17709205/simon"},"is_answered":true,"view_count":180,"accepted_answer_id":71054599,"answer_count":1,"score":0,"last_activity_date":1644430044,"creation_date":1644429521,"last_edit_date":1644429815,"question_id":71054480,"content_license":"CC BY-SA 4.0","link":"https://stackoverflow.com/questions/71054480/second-span-in-js-not-working-uncaught-typeerror-cannot-set-properties-of-nu","title":"Second &lt;span&gt; in JS not working &quot;Uncaught TypeError: Cannot set properties of null (setting &#39;onclick&#39;)&quot;"},{"tags":["java"],"owner":{"account_id":2904275,"reputation":12460,"user_id":2490074,"user_type":"registered","accept_rate":62,"profile_image":"https://i.stack.imgur.com/z5w8f.jpg?s=256&g=1","display_name":"Sarvar Nishonboyev","link":"https://stackoverflow.com/users/2490074/sarvar-nishonboyev"},"is_answered":true,"view_count":72,"closed_date":1644459702,"answer_count":2,"score":-1,"last_activity_date":1644502711,"creation_date":1644429503,"last_edit_date":1644429603,"question_id":71054479,"link":"https://stackoverflow.com/questions/71054479/using-float-type-to-represent-money-amount-without-arithmetic-operations","closed_reason":"Opinion-based","title":"Using float type to represent money amount without arithmetic operations"},{"tags":["c","bluetooth-lowenergy","ibeacon"],"owner":{"account_id":21973697,"reputation":336,"user_id":16249829,"user_type":"registered","profile_image":"https://lh3.googleusercontent.com/a/AATXAJymjekNLSckktaqdcoYNO4ncg-2HFUfeV361cIV=k-s256","display_name":"TheBestPlayer","link":"https://stackoverflow.com/users/16249829/thebestplayer"},"is_answered":true,"view_count":507,"answer_count":1,"score":1,"last_activity_date":1644434339,"creation_date":1644429502,"last_edit_date":1644429848,"question_id":71054478,"content_license":"CC BY-SA 4.0","link":"https://stackoverflow.com/questions/71054478/how-to-set-ibeacon-tx-power-byte","title":"How to set iBeacon TX power byte"},{"tags":["python","mqtt","mosquitto","paho"],"owner":{"account_id":19397592,"reputation":103,"user_id":14184921,"user_type":"registered","profile_image":"https://www.gravatar.com/avatar/a13d97815fa97ef9f030ee3973b4db1a?s=256&d=identicon&r=PG&f=y&so-version=2","display_name":"reebo","link":"https://stackoverflow.com/users/14184921/reebo"},"is_answered":false,"view_count":2373,"answer_count":0,"score":0,"last_activity_date":1644445888,"creation_date":1644429475,"last_edit_date":1644445888,"question_id":71054474,"content_license":"CC BY-SA 4.0","link":"https://stackoverflow.com/questions/71054474/mosquitto-unable-to-connect-from-remote-computer","title":"Mosquitto - unable to connect from remote computer"},{"tags":["c#","asp.net-mvc"],"owner":{"account_id":11517872,"reputation":1079,"user_id":8440715,"user_type":"registered","accept_rate":100,"profile_image":"https://www.gravatar.com/avatar/a4bade0184c253f7b0abb374a9699772?s=256&d=identicon&r=PG&f=y&so-version=2","display_name":"James","link":"https://stackoverflow.com/users/8440715/james"},"is_answered":false,"view_count":129,"answer_count":0,"score":0,"last_activity_date":1699894503,"creation_date":1644429469,"last_edit_date":1699894503,"question_id":71054473,"content_license":"CC BY-SA 4.0","link":"https://stackoverflow.com/questions/71054473/how-can-i-combine-view-result-and-file-results-in-asp-net-mvc","title":"How can I combine View Result and File Results in ASP.NET MVC"},{"tags":["excel","flutter","file","dart","google-drive-api"],"owner":{"account_id":17348142,"reputation":355,"user_id":12567231,"user_type":"registered","profile_image":"https://www.gravatar.com/avatar/7b3db441ebc2a3f9a39dc8277fd72d57?s=256&d=identicon&r=PG&f=y&so-version=2","display_name":"Madhav mishra","link":"https://stackoverflow.com/users/12567231/madhav-mishra"},"is_answered":false,"view_count":930,"answer_count":1,"score":0,"last_activity_date":1644469143,"creation_date":1644429463,"question_id":71054472,"content_license":"CC BY-SA 4.0","link":"https://stackoverflow.com/questions/71054472/how-to-read-data-from-the-downloaded-excel-file-content-from-google-drive-api-in","title":"How to read data from the downloaded excel file content from Google drive api in Dart/Flutter?"},{"tags":["javascript","node.js","express","middleware"],"owner":{"account_id":15315016,"reputation":21,"user_id":17984937,"user_type":"registered","profile_image":"https://lh3.googleusercontent.com/-wUC_0pXJPE0/AAAAAAAAAAI/AAAAAAAAAJI/ol34aXNXJT8/photo.jpg?sz=256","display_name":"Balrug","link":"https://stackoverflow.com/users/17984937/balrug"},"is_answered":true,"view_count":53,"accepted_answer_id":71054614,"answer_count":1,"score":-1,"last_activity_date":1644430091,"creation_date":1644429462,"question_id":71054471,"content_license":"CC BY-SA 4.0","link":"https://stackoverflow.com/questions/71054471/expressjs-how-to-prevent-a-user-from-posting-patching-code-inside-req-body","title":"ExpressJS: How to prevent a user from posting/patching code inside req.body"},{"tags":["python","database"],"owner":{"account_id":7627787,"reputation":808,"user_id":5783753,"user_type":"registered","accept_rate":63,"profile_image":"https://www.gravatar.com/avatar/eb6daec0ae5ab372eab64a3131960862?s=256&d=identicon&r=PG&f=y&so-version=2","display_name":"Aqqqq","link":"https://stackoverflow.com/users/5783753/aqqqq"},"is_answered":false,"view_count":442,"answer_count":0,"score":1,"last_activity_date":1644429424,"creation_date":1644429424,"question_id":71054458,"content_license":"CC BY-SA 4.0","link":"https://stackoverflow.com/questions/71054458/access-ldb-file-with-python","title":"Access .ldb file with python"},{"tags":["python","pandas","error-handling"],"owner":{"account_id":16034698,"reputation":1418,"user_id":11572712,"user_type":"registered","profile_image":"https://www.gravatar.com/avatar/75fd152c84d686126cf42914fa0b9f5a?s=256&d=identicon&r=PG&f=y&so-version=2","display_name":"Tobitor","link":"https://stackoverflow.com/users/11572712/tobitor"},"is_answered":true,"view_count":490,"accepted_answer_id":71734448,"answer_count":2,"score":1,"last_activity_date":1649062486,"creation_date":1644429408,"last_edit_date":1644429948,"question_id":71054457,"content_license":"CC BY-SA 4.0","link":"https://stackoverflow.com/questions/71054457/keyerror-0-in-if-clause","title":"KeyError: 0 in if clause?"},{"tags":["asp.net","asp.net-mvc","asp.net-core","blazor","asp.net-blazor"],"owner":{"account_id":24206723,"reputation":19,"user_id":18163804,"user_type":"registered","profile_image":"https://www.gravatar.com/avatar/3ea50ef7bb05a8eb3da3042f336afa19?s=256&d=identicon&r=PG","display_name":"itehnoviking","link":"https://stackoverflow.com/users/18163804/itehnoviking"},"is_answered":true,"view_count":3518,"accepted_answer_id":71057768,"answer_count":1,"score":0,"last_activity_date":1644456156,"creation_date":1644429407,"last_edit_date":1644440825,"question_id":71054456,"content_license":"CC BY-SA 4.0","link":"https://stackoverflow.com/questions/71054456/why-are-blazor-pages-not-firing-in-my-asp-net-app","title":"Why are Blazor pages not firing in my ASP.Net app"},{"tags":["ios","swift","asyncdisplaykit"],"owner":{"account_id":2425948,"reputation":67,"user_id":2117867,"user_type":"registered","profile_image":"https://www.gravatar.com/avatar/afabf433c1ab548fde2c5246107183e9?s=256&d=identicon&r=PG&f=y&so-version=2","display_name":"vyppN","link":"https://stackoverflow.com/users/2117867/vyppn"},"is_answered":false,"view_count":110,"answer_count":0,"score":1,"last_activity_date":1644429395,"creation_date":1644429395,"question_id":71054453,"content_license":"CC BY-SA 4.0","link":"https://stackoverflow.com/questions/71054453/ios-swift-how-to-hide-asscrollnode-vertical-scroll-indicator-in-texture-async","title":"iOS - Swift: How to hide ASScrollNode vertical scroll indicator in Texture/AsyncDisplayKit"},{"tags":["powershell","variables","arguments","windows-installer"],"owner":{"account_id":24206820,"reputation":1,"user_id":18163885,"user_type":"registered","profile_image":"https://lh3.googleusercontent.com/a/AATXAJzoZ-vkkKtFjWCshZ0HDylPISHk137IpF216eim=k-s256","display_name":"Brandon TD","link":"https://stackoverflow.com/users/18163885/brandon-td"},"is_answered":false,"view_count":1531,"answer_count":1,"score":0,"last_activity_date":1644440306,"creation_date":1644429388,"question_id":71054450,"content_license":"CC BY-SA 4.0","link":"https://stackoverflow.com/questions/71054450/powershell-msiexec-silent-uninstall","title":"PowerShell msiexec silent uninstall"},{"tags":["javascript","angular","ionic-framework"],"owner":{"account_id":12600103,"reputation":1105,"user_id":9163145,"user_type":"registered","profile_image":"https://www.gravatar.com/avatar/ba5861bd9b2824cb9efa14032c49a02c?s=256&d=identicon&r=PG&f=y&so-version=2","display_name":"Atiq Ur Rehman","link":"https://stackoverflow.com/users/9163145/atiq-ur-rehman"},"is_answered":true,"view_count":45549,"answer_count":4,"score":10,"last_activity_date":1660714183,"creation_date":1644429387,"question_id":71054449,"content_license":"CC BY-SA 4.0","link":"https://stackoverflow.com/questions/71054449/cant-import-the-named-export-directive-from-non-ecmascript-module-only-defau","title":"Can&#39;t import the named export &#39;Directive&#39; from non EcmaScript module (only default export is available)"},{"tags":["mongodb"],"owner":{"account_id":18042619,"reputation":112,"user_id":13114349,"user_type":"registered","profile_image":"https://www.gravatar.com/avatar/079cd9c86b97ea6942ae9e74237d5789?s=256&d=identicon&r=PG&f=y&so-version=2","display_name":"Amir","link":"https://stackoverflow.com/users/13114349/amir"},"is_answered":true,"view_count":9875,"accepted_answer_id":71054817,"answer_count":2,"score":2,"last_activity_date":1644446811,"creation_date":1644429353,"question_id":71054443,"content_license":"CC BY-SA 4.0","link":"https://stackoverflow.com/questions/71054443/how-to-connect-mongodb-with-url","title":"How to connect mongodb with url"},{"tags":["sql"],"owner":{"account_id":24206552,"reputation":25,"user_id":18163668,"user_type":"registered","profile_image":"https://www.gravatar.com/avatar/8321092a943e237fbbb340e6278f5a32?s=256&d=identicon&r=PG","display_name":"batteredveg","link":"https://stackoverflow.com/users/18163668/batteredveg"},"is_answered":true,"view_count":79,"accepted_answer_id":71055915,"answer_count":1,"score":0,"last_activity_date":1644436526,"creation_date":1644429352,"question_id":71054442,"content_license":"CC BY-SA 4.0","link":"https://stackoverflow.com/questions/71054442/sql-join-one-to-many-but-dont-repeat-previous-joins","title":"SQL JOIN one-to-many but don&#39;t repeat previous joins"},{"tags":["drupal","task","drupal-9"],"owner":{"account_id":2679345,"reputation":25,"user_id":2314998,"user_type":"registered","profile_image":"https://www.gravatar.com/avatar/065cda1ebc526f4987263ecda83bd889?s=256&d=identicon&r=PG","display_name":"Axel Achten","link":"https://stackoverflow.com/users/2314998/axel-achten"},"is_answered":false,"view_count":728,"answer_count":1,"score":0,"last_activity_date":1644443063,"creation_date":1644429335,"question_id":71054437,"content_license":"CC BY-SA 4.0","link":"https://stackoverflow.com/questions/71054437/change-order-and-labels-of-local-tasks-in-drupal-9","title":"Change order and labels of local tasks in Drupal 9"},{"tags":["html","css","twitter-bootstrap","drop-down-menu"],"owner":{"user_type":"does_not_exist","display_name":"user7946798"},"is_answered":true,"view_count":1564,"accepted_answer_id":71054485,"answer_count":1,"score":0,"last_activity_date":1644429550,"creation_date":1644429335,"question_id":71054438,"content_license":"CC BY-SA 4.0","link":"https://stackoverflow.com/questions/71054438/dropdown-menu-does-not-work-in-bootstrap-5","title":"Dropdown Menu Does not Work in Bootstrap 5"},{"tags":["visual-studio-code","emacs","node-debugger"],"owner":{"account_id":3786555,"reputation":4615,"user_id":3144344,"user_type":"registered","accept_rate":88,"profile_image":"https://www.gravatar.com/avatar/e517358d2ffcdb9069777fb17236773c?s=256&d=identicon&r=PG&f=y&so-version=2","display_name":"shekhardtu","link":"https://stackoverflow.com/users/3144344/shekhardtu"},"is_answered":false,"view_count":35,"answer_count":0,"score":0,"last_activity_date":1644429263,"creation_date":1644429263,"question_id":71054427,"content_license":"CC BY-SA 4.0","link":"https://stackoverflow.com/questions/71054427/unable-to-node-debugger-in-vs-code","title":"Unable to node debugger in VS Code"},{"tags":["django","deployment","sybase","sqlanywhere","sqlanydb"],"owner":{"account_id":329709,"reputation":3234,"user_id":653379,"user_type":"registered","accept_rate":90,"profile_image":"https://i.stack.imgur.com/3BjWC.png?s=256&g=1","display_name":"xralf","link":"https://stackoverflow.com/users/653379/xralf"},"is_answered":true,"view_count":160,"accepted_answer_id":71060883,"answer_count":1,"score":0,"last_activity_date":1644475970,"creation_date":1644429259,"last_edit_date":1644429583,"question_id":71054425,"content_license":"CC BY-SA 4.0","link":"https://stackoverflow.com/questions/71054425/django-how-to-correctly-install-library-without-pip-in-venv-to-work-after-depl","title":"Django - how to correctly install library without pip in venv to work after deployment"},{"tags":["php","sql"],"owner":{"account_id":9941226,"reputation":77,"user_id":7357776,"user_type":"registered","accept_rate":83,"profile_image":"https://www.gravatar.com/avatar/0340757c46daf04aefab71a620349233?s=256&d=identicon&r=PG&f=y&so-version=2","display_name":"Bergum","link":"https://stackoverflow.com/users/7357776/bergum"},"is_answered":false,"view_count":56,"answer_count":1,"score":0,"last_activity_date":1644719159,"creation_date":1644429249,"last_edit_date":1644435424,"question_id":71054421,"content_license":"CC BY-SA 4.0","link":"https://stackoverflow.com/questions/71054421/use-multiple-max-and-min-in-a-query-or-am-i-using-now-interval-1-day","title":"Use multiple MAX() and MIN() in a query, or am I using &gt;= NOW() - INTERVAL 1 DAY wrong?"},{"tags":["firebase","flutter","dart","flutter-futurebuilder"],"owner":{"account_id":24196417,"reputation":19,"user_id":18154892,"user_type":"registered","profile_image":"https://www.gravatar.com/avatar/e1b50d03e85496db17f2d92b8359912a?s=256&d=identicon&r=PG","display_name":"mberker0","link":"https://stackoverflow.com/users/18154892/mberker0"},"is_answered":true,"view_count":143,"accepted_answer_id":71054606,"answer_count":3,"score":0,"last_activity_date":1644430938,"creation_date":1644429232,"last_edit_date":1644430064,"question_id":71054418,"content_license":"CC BY-SA 4.0","link":"https://stackoverflow.com/questions/71054418/how-can-i-null-check-this","title":"How can I null-check this?"},{"tags":["reactjs","state","native"],"owner":{"account_id":23975316,"reputation":59,"user_id":17963501,"user_type":"registered","profile_image":"https://www.gravatar.com/avatar/e37677fd1b60cef30e9b1f7b8f7809b4?s=256&d=identicon&r=PG&f=y&so-version=2","display_name":"ngeof94","link":"https://stackoverflow.com/users/17963501/ngeof94"},"is_answered":true,"view_count":535,"accepted_answer_id":71054755,"answer_count":1,"score":1,"last_activity_date":1644430746,"creation_date":1644429232,"question_id":71054417,"content_license":"CC BY-SA 4.0","link":"https://stackoverflow.com/questions/71054417/issues-with-modals-react-native","title":"Issues with Modals React Native"}],"has_more":true,"quota_max":300,"quota_remaining":140}