{"items":[{"tags":["rx-swift","uitabbaritem"],"owner":{"account_id":16834349,"reputation":73,"user_id":12171445,"user_type":"registered","profile_image":"https://graph.facebook.com/1183110661894390/picture?type=large","display_name":"Axtamov O&#39;lmas","link":"https://stackoverflow.com/users/12171445/axtamov-olmas"},"is_answered":true,"view_count":62,"accepted_answer_id":71438024,"answer_count":1,"score":-1,"last_activity_date":1646999088,"creation_date":1646978398,"question_id":71434213,"content_license":"CC BY-SA 4.0","link":"https://stackoverflow.com/questions/71434213/localize-uitabbaritem-in-rxswift","title":"Localize UITabBarItem in RxSwift"},{"tags":["php","get","codeigniter-4"],"owner":{"account_id":24523175,"reputation":3,"user_id":18435931,"user_type":"registered","profile_image":"https://www.gravatar.com/avatar/24ecd7216ef49758fb3d858566a1dbbb?s=256&d=identicon&r=PG&f=y&so-version=2","display_name":"super hawt","link":"https://stackoverflow.com/users/18435931/super-hawt"},"is_answered":false,"view_count":35,"answer_count":0,"score":0,"last_activity_date":1646978970,"creation_date":1646978372,"last_edit_date":1646978970,"question_id":71434211,"content_license":"CC BY-SA 4.0","link":"https://stackoverflow.com/questions/71434211/troubles-with-recovering-and-echo-or-printing-get","title":"Troubles with recovering and echo or printing $_GET"},{"tags":["java","sorting","2d","points"],"owner":{"account_id":23303924,"reputation":1,"user_id":17751735,"user_type":"registered","profile_image":"https://lh3.googleusercontent.com/a/AATXAJwfd3poeJI5LByrgu3QxIkZoIANcfidUvBtm_RD=k-s256","display_name":"Mohammed Tariq","link":"https://stackoverflow.com/users/17751735/mohammed-tariq"},"is_answered":false,"view_count":243,"answer_count":1,"score":0,"last_activity_date":1646978763,"creation_date":1646978338,"question_id":71434207,"content_license":"CC BY-SA 4.0","link":"https://stackoverflow.com/questions/71434207/is-there-a-java-method-for-sorting-points","title":"Is there a Java method for sorting points?"},{"tags":["javascript","node.js","webrtc"],"owner":{"account_id":24521476,"reputation":23,"user_id":18434431,"user_type":"registered","profile_image":"https://lh3.googleusercontent.com/a/AATXAJwnFASgBCaQcTd1RyFTor6P6frivWffYWqPdfR2=k-s256","display_name":"Rahul Kumar","link":"https://stackoverflow.com/users/18434431/rahul-kumar"},"is_answered":false,"view_count":143,"answer_count":1,"score":2,"last_activity_date":1646991306,"creation_date":1646978291,"last_edit_date":1646979438,"question_id":71434206,"content_license":"CC BY-SA 4.0","link":"https://stackoverflow.com/questions/71434206/ondatachannel-event-never-fires-webrtc","title":"ondatachannel event never fires - WebRTC"},{"tags":["sql","apache-spark-sql"],"owner":{"account_id":24381179,"reputation":1,"user_id":18312703,"user_type":"registered","profile_image":"https://www.gravatar.com/avatar/80793b0d68169d6899dceaba419b9752?s=256&d=identicon&r=PG","display_name":"Misterbenzly","link":"https://stackoverflow.com/users/18312703/misterbenzly"},"is_answered":false,"view_count":24,"answer_count":0,"score":0,"last_activity_date":1646980299,"creation_date":1646978277,"last_edit_date":1646980299,"question_id":71434204,"content_license":"CC BY-SA 4.0","link":"https://stackoverflow.com/questions/71434204/i-am-trying-to-calculate-ratios-for-gender-neutral-names-using-gender","title":"I am trying to calculate Ratios for Gender Neutral Names Using Gender"},{"tags":["google-chrome","http","spring-mvc","https","application-security"],"owner":{"account_id":9076503,"reputation":111,"user_id":6757906,"user_type":"registered","profile_image":"https://i.stack.imgur.com/FHV9o.jpg?s=256&g=1","display_name":"K.G.K.Thilina","link":"https://stackoverflow.com/users/6757906/k-g-k-thilina"},"is_answered":false,"view_count":220,"answer_count":0,"score":1,"last_activity_date":1646983020,"creation_date":1646978276,"last_edit_date":1646983020,"question_id":71434203,"content_license":"CC BY-SA 4.0","link":"https://stackoverflow.com/questions/71434203/x-up-calling-line-id-header-field-is-not-available-from-new-chrome-browser-updat","title":"x-up-calling-line-id header field is not available from new chrome browser update"},{"tags":["python","python-3.x","lambda"],"owner":{"account_id":24523045,"reputation":9,"user_id":18435807,"user_type":"registered","profile_image":"https://lh3.googleusercontent.com/a/AATXAJwFakqtJIBMNa1qDAIYLiqugSyVwfMkUPP6UQer=k-s256","display_name":"Wilfred Medina","link":"https://stackoverflow.com/users/18435807/wilfred-medina"},"is_answered":false,"view_count":206,"answer_count":1,"score":0,"last_activity_date":1646979896,"creation_date":1646978251,"last_edit_date":1646979309,"question_id":71434198,"content_license":"CC BY-SA 4.0","link":"https://stackoverflow.com/questions/71434198/conditional-lambda-function-on-a-filter","title":"Conditional lambda function on a filter()"},{"tags":["clickhouse"],"owner":{"account_id":9743266,"reputation":390,"user_id":7224057,"user_type":"registered","accept_rate":50,"profile_image":"https://www.gravatar.com/avatar/56c884f330fec8892e435e387fbb8dc5?s=256&d=identicon&r=PG&f=y&so-version=2","display_name":"aweiu","link":"https://stackoverflow.com/users/7224057/aweiu"},"is_answered":true,"view_count":483,"answer_count":1,"score":0,"last_activity_date":1647036104,"creation_date":1646978239,"last_edit_date":1647036104,"question_id":71434197,"content_license":"CC BY-SA 4.0","link":"https://stackoverflow.com/questions/71434197/how-to-obtain-p95-of-a-day-and-p95-of-the-last-7-days-of-that-day-from-clickhous","title":"How to obtain p95 of a day and p95 of the last 7 days of that day from Clickhouse through an SQL query?"},{"tags":["react-native","react-hooks","redux-toolkit"],"owner":{"account_id":9121309,"reputation":2288,"user_id":6786634,"user_type":"registered","accept_rate":88,"profile_image":"https://www.gravatar.com/avatar/6e2c71a731bf49660e5fe0e9800c64b1?s=256&d=identicon&r=PG&f=y&so-version=2","display_name":"Dennis Liu","link":"https://stackoverflow.com/users/6786634/dennis-liu"},"is_answered":true,"view_count":1691,"accepted_answer_id":71434778,"answer_count":1,"score":0,"last_activity_date":1646982406,"creation_date":1646978235,"last_edit_date":1646978646,"question_id":71434196,"content_license":"CC BY-SA 4.0","link":"https://stackoverflow.com/questions/71434196/how-to-reset-useselector-value-or-array-or-object-to-empty-react-native","title":"How To Reset useSelector Value or Array or Object to Empty React Native"},{"tags":["mysql"],"owner":{"account_id":1591832,"reputation":107,"user_id":1474996,"user_type":"registered","accept_rate":46,"profile_image":"https://i.stack.imgur.com/YDKnm.png?s=256&g=1","display_name":"nanmaniac","link":"https://stackoverflow.com/users/1474996/nanmaniac"},"is_answered":true,"view_count":26,"accepted_answer_id":71434302,"answer_count":1,"score":0,"last_activity_date":1646979693,"creation_date":1646978216,"last_edit_date":1646979693,"question_id":71434194,"content_license":"CC BY-SA 4.0","link":"https://stackoverflow.com/questions/71434194/how-to-also-list-duplicates-values-within-in","title":"How to also list duplicates values within IN?"},{"tags":["java","eclipse","dependencies","manifest"],"owner":{"account_id":7344434,"reputation":1,"user_id":7302424,"user_type":"registered","profile_image":"https://graph.facebook.com/10204641255264083/picture?type=large","display_name":"Limanan Nursalim","link":"https://stackoverflow.com/users/7302424/limanan-nursalim"},"is_answered":false,"view_count":31,"answer_count":0,"score":0,"last_activity_date":1673153554,"creation_date":1646978206,"last_edit_date":1673153554,"question_id":71434193,"content_license":"CC BY-SA 4.0","link":"https://stackoverflow.com/questions/71434193/what-does-this-icon-in-the-dependency-hierarchy-mean-and-how-to-import-the-packa","title":"What does this icon in the dependency hierarchy mean and how to import the packages properly?"},{"tags":["mysql"],"owner":{"account_id":24255799,"reputation":11,"user_id":18206215,"user_type":"registered","profile_image":"https://www.gravatar.com/avatar/5818df454b4138a9493e2deb1e5a76a1?s=256&d=identicon&r=PG","display_name":"ehsan haider","link":"https://stackoverflow.com/users/18206215/ehsan-haider"},"is_answered":true,"view_count":44,"accepted_answer_id":71434329,"answer_count":1,"score":0,"last_activity_date":1648633001,"creation_date":1646978105,"last_edit_date":1648633001,"question_id":71434182,"content_license":"CC BY-SA 4.0","link":"https://stackoverflow.com/questions/71434182/name-and-sum-from-2-different-tables","title":"name and sum from 2 different tables"},{"tags":["c++"],"owner":{"account_id":23255087,"reputation":19,"user_id":17342272,"user_type":"registered","profile_image":"https://lh3.googleusercontent.com/a-/AOh14Gh5wNZnbQzRbyeAXks9fZgZPjTxgfcPT6ATdmZfQQ=k-s256","display_name":"K K","link":"https://stackoverflow.com/users/17342272/k-k"},"is_answered":true,"view_count":388,"accepted_answer_id":71434322,"answer_count":3,"score":0,"last_activity_date":1646980776,"creation_date":1646978094,"question_id":71434180,"content_license":"CC BY-SA 4.0","link":"https://stackoverflow.com/questions/71434180/when-object-is-a-argument-of-function-why-does-function-use-copy-constructor","title":"When object is a argument of function, why does function use copy constructor?"},{"tags":["typescript"],"owner":{"account_id":16077485,"reputation":996,"user_id":11604356,"user_type":"registered","profile_image":"https://lh6.googleusercontent.com/-c6Cm1qOmgyA/AAAAAAAAAAI/AAAAAAAAAAA/ACHi3reuUoEgfT0OWulnNt1BZvHXa1Eb-A/mo/photo.jpg?sz=256","display_name":"AbdulAzeez Olanrewaju","link":"https://stackoverflow.com/users/11604356/abdulazeez-olanrewaju"},"is_answered":true,"view_count":68,"accepted_answer_id":71439173,"answer_count":1,"score":0,"last_activity_date":1647004845,"creation_date":1646978082,"question_id":71434179,"content_license":"CC BY-SA 4.0","link":"https://stackoverflow.com/questions/71434179/getting-errors-while-trying-some-condition-on-an-array","title":"Getting errors while trying some condition on an array"},{"tags":["reactjs","jsx"],"owner":{"user_type":"does_not_exist","display_name":"user17062219"},"is_answered":false,"view_count":643,"answer_count":2,"score":0,"last_activity_date":1646980272,"creation_date":1646978069,"question_id":71434177,"content_license":"CC BY-SA 4.0","link":"https://stackoverflow.com/questions/71434177/how-to-show-the-background-image-to-a-div-by-using-props-in-react","title":"how to show the background image to a div by using props in react"},{"tags":["android","kotlin","android-room"],"owner":{"account_id":2348398,"reputation":9175,"user_id":2057955,"user_type":"registered","accept_rate":71,"profile_image":"https://www.gravatar.com/avatar/286aaf1c939cbcfc4d4a812b398066a2?s=256&d=identicon&r=PG","display_name":"zaitsman","link":"https://stackoverflow.com/users/2057955/zaitsman"},"is_answered":false,"view_count":785,"answer_count":1,"score":-1,"last_activity_date":1647212842,"creation_date":1646978041,"last_edit_date":1647212842,"question_id":71434175,"content_license":"CC BY-SA 4.0","link":"https://stackoverflow.com/questions/71434175/room-database-get-table-name-at-runtime","title":"Room database - get table name at runtime"},{"tags":["javascript","momentjs"],"owner":{"account_id":6584324,"reputation":13,"user_id":5087555,"user_type":"registered","profile_image":"https://www.gravatar.com/avatar/98645b11beaaca98d6aa8bf6dbc07a38?s=256&d=identicon&r=PG&f=y&so-version=2","display_name":"Masakorelab","link":"https://stackoverflow.com/users/5087555/masakorelab"},"is_answered":false,"view_count":78,"answer_count":0,"score":0,"last_activity_date":1647222180,"creation_date":1646978041,"last_edit_date":1647222180,"question_id":71434174,"content_license":"CC BY-SA 4.0","link":"https://stackoverflow.com/questions/71434174/can-anyone-explain-a-part-of-the-moment-js-diff-method-logic","title":"Can anyone explain a part of the moment.js diff method logic?"},{"tags":["javascript","jquery"],"owner":{"account_id":4650547,"reputation":67,"user_id":4869721,"user_type":"registered","profile_image":"https://www.gravatar.com/avatar/9807a274a9dc9a16a313e82800996070?s=256&d=identicon&r=PG&f=y&so-version=2","display_name":"Ryota Kaneko","link":"https://stackoverflow.com/users/4869721/ryota-kaneko"},"is_answered":true,"view_count":694,"answer_count":1,"score":1,"last_activity_date":1647047360,"creation_date":1646978032,"last_edit_date":1646993439,"question_id":71434171,"content_license":"CC BY-SA 4.0","link":"https://stackoverflow.com/questions/71434171/queryselectorall-doesnt-capture-all-elements","title":"querySelectorAll doesn&#39;t capture all elements"},{"tags":["reactjs","list","setstate","rerender"],"owner":{"account_id":15311671,"reputation":101,"user_id":11046793,"user_type":"registered","profile_image":"https://lh4.googleusercontent.com/-f1D7naRoKQA/AAAAAAAAAAI/AAAAAAAAIhc/HyrKIZe-TvI/photo.jpg?sz=256","display_name":"Schekhovtsov","link":"https://stackoverflow.com/users/11046793/schekhovtsov"},"is_answered":true,"view_count":6865,"accepted_answer_id":71435360,"answer_count":3,"score":3,"last_activity_date":1646985809,"creation_date":1646977999,"last_edit_date":1646985781,"question_id":71434166,"content_license":"CC BY-SA 4.0","link":"https://stackoverflow.com/questions/71434166/react-updating-one-item-of-the-list-setstate-instead-of-all","title":"React: updating one item of the list (setState) instead of all"},{"tags":["c#","mvvm","binding"],"owner":{"user_type":"does_not_exist","display_name":"user15430448"},"is_answered":true,"view_count":40,"accepted_answer_id":71434412,"answer_count":1,"score":0,"last_activity_date":1646980242,"creation_date":1646977931,"question_id":71434162,"content_license":"CC BY-SA 4.0","link":"https://stackoverflow.com/questions/71434162/how-to-binding-via-c-code-not-binding-via-xaml","title":"How to Binding via C# code, not Binding via xaml?"},{"tags":["c#","html","css","cumulative-layout-shift"],"owner":{"account_id":1876709,"reputation":1581,"user_id":1697786,"user_type":"registered","accept_rate":60,"profile_image":"https://i.stack.imgur.com/Y7uWB.jpg?s=256&g=1","display_name":"Gyuzal","link":"https://stackoverflow.com/users/1697786/gyuzal"},"is_answered":false,"view_count":898,"answer_count":1,"score":0,"last_activity_date":1646982448,"creation_date":1646977927,"question_id":71434160,"content_license":"CC BY-SA 4.0","link":"https://stackoverflow.com/questions/71434160/prevent-layout-shift-on-image-load-with-css","title":"Prevent layout shift on image load with css"},{"tags":["odoo-14"],"owner":{"account_id":21932830,"reputation":1,"user_id":16214547,"user_type":"registered","profile_image":"https://lh3.googleusercontent.com/a/AATXAJw9aOJ2hzCuE8iWU91eptzg-ezdx-34bURhXDwC=k-s256","display_name":"Mr.Joker Mr.Poker","link":"https://stackoverflow.com/users/16214547/mr-joker-mr-poker"},"is_answered":false,"view_count":57,"answer_count":1,"score":0,"last_activity_date":1648301009,"creation_date":1646977925,"question_id":71434159,"content_license":"CC BY-SA 4.0","link":"https://stackoverflow.com/questions/71434159/odoo-14-customer-in-payment-due-date-look-in-group","title":"odoo 14 ,customer in payment (due date look in group)"},{"tags":["javascript","reactjs","button","react-component"],"owner":{"account_id":16704955,"reputation":423,"user_id":15407955,"user_type":"registered","profile_image":"https://lh5.googleusercontent.com/-uCGyhan-NIs/AAAAAAAAAAI/AAAAAAAAAAA/ACHi3rfzpmN4C5VdqDxPvg4wxGbFMn0MDA/photo.jpg?sz=256","display_name":"user124","link":"https://stackoverflow.com/users/15407955/user124"},"is_answered":false,"view_count":53,"answer_count":0,"score":0,"last_activity_date":1646977895,"creation_date":1646977895,"question_id":71434154,"content_license":"CC BY-SA 4.0","link":"https://stackoverflow.com/questions/71434154/how-do-i-call-a-method-in-x-component-and-then-render-component-y-on-react-butto","title":"How do I call a method in X component and then render component Y on react button click?"},{"tags":["api","geolocation","geospatial"],"owner":{"account_id":3009367,"reputation":2029,"user_id":2563946,"user_type":"registered","accept_rate":62,"profile_image":"https://i.stack.imgur.com/rh0QI.jpg?s=256&g=1","display_name":"Jaycreation","link":"https://stackoverflow.com/users/2563946/jaycreation"},"is_answered":false,"view_count":20,"answer_count":1,"score":0,"last_activity_date":1647001302,"creation_date":1646977784,"question_id":71434145,"content_license":"CC BY-SA 4.0","link":"https://stackoverflow.com/questions/71434145/one-to-many-geo-points-order-by-route-travel-time","title":"One to many geo points order by route travel time"},{"tags":["javascript","arrays","angular"],"owner":{"account_id":24301608,"reputation":1,"user_id":18245011,"user_type":"registered","profile_image":"https://lh3.googleusercontent.com/a/AATXAJwauODMrbLI0b2p73Qg875DxV0IdXb3EB7aZzAH=k-s256","display_name":"Akhmet","link":"https://stackoverflow.com/users/18245011/akhmet"},"is_answered":true,"view_count":665,"answer_count":2,"score":-2,"last_activity_date":1646995478,"creation_date":1646977695,"last_edit_date":1646995478,"question_id":71434142,"content_license":"CC BY-SA 4.0","link":"https://stackoverflow.com/questions/71434142/use-array-find-method-instead-of-for-loop","title":"Use array find() method instead of for loop"},{"tags":["python","pandas"],"owner":{"account_id":20142216,"reputation":332,"user_id":14771666,"user_type":"registered","profile_image":"https://www.gravatar.com/avatar/e158721c4443334c39fc609c13cb91b7?s=256&d=identicon&r=PG&f=y&so-version=2","display_name":"Kaihua Hou","link":"https://stackoverflow.com/users/14771666/kaihua-hou"},"is_answered":true,"view_count":39,"accepted_answer_id":71434238,"answer_count":1,"score":1,"last_activity_date":1646979036,"creation_date":1646977692,"question_id":71434141,"content_license":"CC BY-SA 4.0","link":"https://stackoverflow.com/questions/71434141/how-to-search-for-time-series-data-across-two-data-frames","title":"How to search for time series data across two data frames"},{"tags":["asp.net","azure"],"owner":{"account_id":24523123,"reputation":1,"user_id":18435883,"user_type":"registered","profile_image":"https://lh3.googleusercontent.com/a/AATXAJypjpmH7TgcXjXJ7nGY6b-tf4tPWS-ZVkRYB4dm=k-s256","display_name":"Salim","link":"https://stackoverflow.com/users/18435883/salim"},"is_answered":false,"view_count":75,"answer_count":0,"score":0,"last_activity_date":1646977643,"creation_date":1646977643,"question_id":71434136,"content_license":"CC BY-SA 4.0","link":"https://stackoverflow.com/questions/71434136/getting-this-issue-after-deploying-asp-net-app-to-azure-server-the-resource-can","title":"getting this issue after deploying asp.net app to azure server &#39;The resource cannot be found.&#39;"},{"tags":["python-3.x","amazon-web-services","aws-lambda","amazon-dynamodb","aws-api-gateway"],"owner":{"account_id":20158118,"reputation":1,"user_id":17795339,"user_type":"registered","profile_image":"https://www.gravatar.com/avatar/69aa7f1f6c7f817c46d07a6a44cb7521?s=256&d=identicon&r=PG&f=y&so-version=2","display_name":"bigdingo","link":"https://stackoverflow.com/users/17795339/bigdingo"},"is_answered":false,"view_count":150,"answer_count":0,"score":0,"last_activity_date":1646980278,"creation_date":1646977618,"last_edit_date":1646980278,"question_id":71434133,"content_license":"CC BY-SA 4.0","link":"https://stackoverflow.com/questions/71434133/aws-api-gateway-lambda-dynamodb-get-item-not-finding-item-in-table","title":"AWS API Gateway/Lambda/DynamoDB - .get_item() not finding item in table"},{"tags":["c#","asp.net-core","asp.net-identity","blazor","blazor-server-side"],"owner":{"account_id":16690513,"reputation":1186,"user_id":12063253,"user_type":"registered","profile_image":"https://i.stack.imgur.com/3w606.jpg?s=256&g=1","display_name":"Hirusha Fernando","link":"https://stackoverflow.com/users/12063253/hirusha-fernando"},"is_answered":true,"view_count":5185,"accepted_answer_id":71455846,"answer_count":1,"score":2,"last_activity_date":1665801400,"creation_date":1646977609,"last_edit_date":1646977923,"question_id":71434131,"content_license":"CC BY-SA 4.0","link":"https://stackoverflow.com/questions/71434131/blazor-allow-anonymous-for-razor-page","title":"Blazor Allow Anonymous For Razor Page"},{"tags":["flutter","keyboard","textfield","android-tv","cover"],"owner":{"account_id":977932,"reputation":1339,"user_id":998405,"user_type":"registered","accept_rate":75,"profile_image":"https://www.gravatar.com/avatar/e9643a1d7f42dfcafeecf4a2798e9756?s=256&d=identicon&r=PG","display_name":"user998405","link":"https://stackoverflow.com/users/998405/user998405"},"is_answered":false,"view_count":499,"answer_count":0,"score":0,"last_activity_date":1700750837,"creation_date":1646977601,"question_id":71434129,"content_license":"CC BY-SA 4.0","link":"https://stackoverflow.com/questions/71434129/android-tv-keyboard-cover-textfield","title":"Android tv keyboard cover textfield"}],"has_more":true,"quota_max":300,"quota_remaining":194}