{"items":[{"tags":["android","ios","firebase","flutter","firebase-performance"],"owner":{"account_id":29656,"reputation":1316,"user_id":80313,"user_type":"registered","accept_rate":77,"profile_image":"https://www.gravatar.com/avatar/174232183778ad6bfefce35b89cada49?s=256&d=identicon&r=PG","display_name":"dsr","link":"https://stackoverflow.com/users/80313/dsr"},"is_answered":false,"view_count":923,"answer_count":0,"score":1,"last_activity_date":1645250394,"creation_date":1645250394,"question_id":71182583,"content_license":"CC BY-SA 4.0","link":"https://stackoverflow.com/questions/71182583/how-to-collect-slow-rendering-and-frozen-frames-timings-for-individual-scree","title":"How to collect &quot;Slow rendering&quot; and &quot;Frozen frames&quot; timings for individual screens in Flutter?"},{"tags":["r","time-series","linear-regression","nested-loops"],"owner":{"account_id":9426582,"reputation":95,"user_id":7011325,"user_type":"registered","accept_rate":44,"profile_image":"https://www.gravatar.com/avatar/33950194dec606df2901656723c0fcbe?s=256&d=identicon&r=PG&f=y&so-version=2","display_name":"Abhishek","link":"https://stackoverflow.com/users/7011325/abhishek"},"is_answered":true,"view_count":73,"answer_count":1,"score":2,"last_activity_date":1645277708,"creation_date":1645250348,"last_edit_date":1645277708,"question_id":71182575,"content_license":"CC BY-SA 4.0","link":"https://stackoverflow.com/questions/71182575/issue-with-executing-a-loop-in-a-dynamic-linear-regression-with-lagged-time-time","title":"Issue with executing a loop in a dynamic linear regression with lagged time time series data in R"},{"tags":["flutter"],"owner":{"account_id":24307299,"reputation":19,"user_id":18249852,"user_type":"registered","profile_image":"https://lh3.googleusercontent.com/a-/AOh14Gg9S324XRgkyH1d-ACx6n2DysD0DHq6d3pfOFRU=k-s256","display_name":"Sabonza","link":"https://stackoverflow.com/users/18249852/sabonza"},"is_answered":false,"view_count":39,"answer_count":1,"score":-1,"last_activity_date":1645251167,"creation_date":1645250201,"question_id":71182567,"content_license":"CC BY-SA 4.0","link":"https://stackoverflow.com/questions/71182567/request-token-from-flutter","title":"Request token from Flutter"},{"tags":["flutter","dart"],"owner":{"account_id":22796797,"reputation":127,"user_id":16950228,"user_type":"registered","profile_image":"https://i.stack.imgur.com/te1cS.jpg?s=256&g=1","display_name":"Sameer","link":"https://stackoverflow.com/users/16950228/sameer"},"is_answered":true,"view_count":4020,"accepted_answer_id":71185222,"answer_count":3,"score":7,"last_activity_date":1701940832,"creation_date":1645250197,"question_id":71182566,"content_license":"CC BY-SA 4.0","link":"https://stackoverflow.com/questions/71182566/how-to-set-different-fonts-for-different-locales-in-flutter","title":"How to Set Different fonts for different locales in Flutter"},{"tags":["python","variables","nameerror"],"owner":{"account_id":24307426,"reputation":1,"user_id":18249964,"user_type":"registered","profile_image":"https://lh3.googleusercontent.com/a/AATXAJyqIz0rnkyzYoaz8YvDHFbJKdNj-CQ2VwYpZpL1=k-s256","display_name":"Anjaney Mitra","link":"https://stackoverflow.com/users/18249964/anjaney-mitra"},"is_answered":false,"view_count":81,"answer_count":1,"score":0,"last_activity_date":1645250641,"creation_date":1645250168,"question_id":71182563,"content_license":"CC BY-SA 4.0","link":"https://stackoverflow.com/questions/71182563/i-have-defined-the-variable-but-python-still-shows-error","title":"I have defined the variable but python still shows error"},{"tags":["r","date"],"owner":{"account_id":23918983,"reputation":1,"user_id":17915112,"user_type":"registered","profile_image":"https://i.stack.imgur.com/6UikO.jpg?s=256&g=1","display_name":"Arjun","link":"https://stackoverflow.com/users/17915112/arjun"},"is_answered":true,"view_count":304,"answer_count":1,"score":0,"last_activity_date":1645713314,"creation_date":1645250129,"last_edit_date":1645713314,"question_id":71182561,"content_license":"CC BY-SA 4.0","link":"https://stackoverflow.com/questions/71182561/getting-wrong-date-format-as-result-in-r","title":"Getting Wrong date format as result in R"},{"tags":["c++","shell"],"owner":{"account_id":19045592,"reputation":15,"user_id":14587846,"user_type":"registered","profile_image":"https://www.gravatar.com/avatar/9e207e5253a440bb57b6cd8cc3237d2f?s=256&d=identicon&r=PG&f=y&so-version=2","display_name":"Ray","link":"https://stackoverflow.com/users/14587846/ray"},"is_answered":true,"view_count":26,"answer_count":1,"score":0,"last_activity_date":1645261522,"creation_date":1645250047,"last_edit_date":1645250778,"question_id":71182557,"content_license":"CC BY-SA 4.0","link":"https://stackoverflow.com/questions/71182557/glob-files-except-that-including-some-expression","title":"Glob files except that including some expression"},{"tags":["c","opengl","glfw"],"owner":{"account_id":22270711,"reputation":21,"user_id":16623643,"user_type":"registered","profile_image":"https://www.gravatar.com/avatar/99e17901fd51b70e9c076a8f8fe73c6b?s=256&d=identicon&r=PG&f=y&so-version=2","display_name":"Tony","link":"https://stackoverflow.com/users/16623643/tony"},"is_answered":true,"view_count":89,"answer_count":1,"score":0,"last_activity_date":1645270123,"creation_date":1645249986,"question_id":71182551,"content_license":"CC BY-SA 4.0","link":"https://stackoverflow.com/questions/71182551/glfwswapbuffers-on-keystroke","title":"glfwSwapBuffers on Keystroke"},{"tags":["python","c","performance","for-loop","stdout"],"owner":{"account_id":21504005,"reputation":85,"user_id":15847700,"user_type":"registered","profile_image":"https://www.gravatar.com/avatar/1f6c70f5ca25e74e108809c261252bdf?s=256&d=identicon&r=PG&f=y&so-version=2","display_name":"joshdimatteo","link":"https://stackoverflow.com/users/15847700/joshdimatteo"},"is_answered":true,"view_count":232,"answer_count":1,"score":0,"last_activity_date":1645288056,"creation_date":1645249945,"last_edit_date":1645288056,"question_id":71182547,"content_license":"CC BY-SA 4.0","link":"https://stackoverflow.com/questions/71182547/why-is-my-python-code-faster-than-my-c-code","title":"Why is my Python code faster than my C code?"},{"tags":["python","node.js","discord","postman"],"owner":{"user_type":"does_not_exist","display_name":"user18249792"},"is_answered":true,"view_count":2698,"answer_count":1,"score":2,"last_activity_date":1664984329,"creation_date":1645249911,"last_edit_date":1664984329,"question_id":71182545,"content_license":"CC BY-SA 4.0","link":"https://stackoverflow.com/questions/71182545/not-able-to-fetch-discord-guild-server-channel-members","title":"Not able to fetch discord guild/server/channel members"},{"tags":["php","laravel","cookies","laravel-5.8","owasp"],"owner":{"account_id":24307379,"reputation":87,"user_id":18249923,"user_type":"registered","profile_image":"https://www.gravatar.com/avatar/542e0528835e857172b474ef27a47034?s=256&d=identicon&r=PG","display_name":"demovow182","link":"https://stackoverflow.com/users/18249923/demovow182"},"is_answered":true,"view_count":1503,"accepted_answer_id":71182787,"answer_count":2,"score":3,"last_activity_date":1645252723,"creation_date":1645249908,"question_id":71182544,"content_license":"CC BY-SA 4.0","link":"https://stackoverflow.com/questions/71182544/how-to-hide-website-information-on-wappalyzer","title":"How to hide website information on Wappalyzer"},{"tags":["ios","swift","url","uiactivityviewcontroller"],"owner":{"account_id":6205573,"reputation":18180,"user_id":4833705,"user_type":"registered","accept_rate":86,"profile_image":"https://www.gravatar.com/avatar/e37b455f7443fdb1c95bb9276a6a145a?s=256&d=identicon&r=PG&f=y&so-version=2","display_name":"Lance Samaria","link":"https://stackoverflow.com/users/4833705/lance-samaria"},"is_answered":true,"view_count":577,"accepted_answer_id":71207244,"answer_count":2,"score":0,"last_activity_date":1645450937,"creation_date":1645249902,"last_edit_date":1645252774,"question_id":71182543,"content_license":"CC BY-SA 4.0","link":"https://stackoverflow.com/questions/71182543/swift-converted-audio-url-to-video-url-doesnt-play-in-photos-library","title":"Swift -Converted Audio URL to Video URL Doesn&#39;t Play in Photos Library"},{"tags":["swift","swiftui","swiftui-form"],"owner":{"account_id":5001330,"reputation":495,"user_id":4020258,"user_type":"registered","accept_rate":38,"profile_image":"https://lh3.googleusercontent.com/-XdUIqdMkCWA/AAAAAAAAAAI/AAAAAAAAAAA/4252rscbv5M/photo.jpg?sz=256","display_name":"learner","link":"https://stackoverflow.com/users/4020258/learner"},"is_answered":true,"view_count":211,"accepted_answer_id":71183135,"answer_count":1,"score":2,"last_activity_date":1645257156,"creation_date":1645249884,"last_edit_date":1645256585,"question_id":71182539,"content_license":"CC BY-SA 4.0","link":"https://stackoverflow.com/questions/71182539/need-bar-chart-to-fit-inside-section","title":"Need Bar Chart to fit inside Section()"},{"tags":["go","ssl","tcp","proxy"],"owner":{"account_id":15775913,"reputation":53,"user_id":11384499,"user_type":"registered","profile_image":"https://www.gravatar.com/avatar/90c697c79497676ab153735b5f396bf0?s=256&d=identicon&r=PG","display_name":"SaigyoujiYuyuko","link":"https://stackoverflow.com/users/11384499/saigyoujiyuyuko"},"is_answered":true,"view_count":1690,"accepted_answer_id":71182894,"answer_count":1,"score":1,"last_activity_date":1645254069,"creation_date":1645249879,"question_id":71182538,"content_license":"CC BY-SA 4.0","link":"https://stackoverflow.com/questions/71182538/golang-tcp-tls-over-socks5-proxy-client","title":"Golang tcp-tls over socks5 proxy client"},{"tags":["python","image","random","pygame"],"owner":{"account_id":24210389,"reputation":11,"user_id":18166984,"user_type":"registered","profile_image":"https://www.gravatar.com/avatar/f942d9fbfbd42f357eac43eb84ea347e?s=256&d=identicon&r=PG","display_name":"pythonbetter","link":"https://stackoverflow.com/users/18166984/pythonbetter"},"is_answered":false,"view_count":210,"answer_count":1,"score":0,"last_activity_date":1645258265,"creation_date":1645249873,"last_edit_date":1645250445,"question_id":71182537,"content_license":"CC BY-SA 4.0","link":"https://stackoverflow.com/questions/71182537/random-images-changing-at-every-frame","title":"Random images changing at every frame"},{"tags":["bash","shell","hex","patch","dd"],"owner":{"account_id":24307361,"reputation":33,"user_id":18249908,"user_type":"registered","profile_image":"https://www.gravatar.com/avatar/5c19fefa7b4bbb907a092cffcee6204d?s=256&d=identicon&r=PG","display_name":"janjin","link":"https://stackoverflow.com/users/18249908/janjin"},"is_answered":true,"view_count":1952,"accepted_answer_id":71183155,"answer_count":1,"score":2,"last_activity_date":1645445227,"creation_date":1645249842,"question_id":71182536,"content_license":"CC BY-SA 4.0","link":"https://stackoverflow.com/questions/71182536/swap-or-replace-bytes-in-a-binary-file-from-command-line","title":"Swap or replace bytes in a binary file from command line"},{"tags":["android","android-studio"],"owner":{"account_id":20172219,"reputation":1,"user_id":14794777,"user_type":"registered","profile_image":"https://www.gravatar.com/avatar/deb9fd146bcc93bef37d8484f4cdfaf4?s=256&d=identicon&r=PG","display_name":"Pulkit Malhotra","link":"https://stackoverflow.com/users/14794777/pulkit-malhotra"},"is_answered":true,"view_count":815,"answer_count":1,"score":0,"last_activity_date":1645261996,"creation_date":1645249805,"question_id":71182534,"content_license":"CC BY-SA 4.0","link":"https://stackoverflow.com/questions/71182534/how-to-reset-keymapping-in-android-studio","title":"How to Reset keymapping in android studio"},{"tags":["docker","windows-10"],"owner":{"account_id":1156814,"reputation":33844,"user_id":1137199,"user_type":"registered","accept_rate":70,"profile_image":"https://i.stack.imgur.com/41GR5.png?s=256&g=1","display_name":"dotNET","link":"https://stackoverflow.com/users/1137199/dotnet"},"is_answered":true,"view_count":78,"accepted_answer_id":71290667,"answer_count":1,"score":0,"last_activity_date":1646023380,"creation_date":1645249794,"question_id":71182533,"content_license":"CC BY-SA 4.0","link":"https://stackoverflow.com/questions/71182533/can-we-debug-net-desktop-apps-in-docker-container","title":"Can we debug .NET desktop apps in Docker container"},{"tags":["excel"],"owner":{"account_id":23754792,"reputation":15,"user_id":17771041,"user_type":"registered","profile_image":"https://www.gravatar.com/avatar/fad9ce43b677dc6c195d315268f99071?s=256&d=identicon&r=PG","display_name":"ReA","link":"https://stackoverflow.com/users/17771041/rea"},"is_answered":true,"view_count":326,"accepted_answer_id":71182579,"answer_count":1,"score":-1,"last_activity_date":1645257265,"creation_date":1645249780,"question_id":71182532,"content_license":"CC BY-SA 4.0","link":"https://stackoverflow.com/questions/71182532/comparing-every-odd-and-even-rows-in-excel","title":"Comparing every odd and even rows in excel"},{"tags":["python","loops","dictionary"],"owner":{"account_id":23802831,"reputation":16,"user_id":17812788,"user_type":"registered","profile_image":"https://www.gravatar.com/avatar/a318cc72cb36b4375c29d96ac0796d92?s=256&d=identicon&r=PG","display_name":"Elusive_DODO","link":"https://stackoverflow.com/users/17812788/elusive-dodo"},"is_answered":false,"view_count":41,"answer_count":1,"score":0,"last_activity_date":1645251008,"creation_date":1645249778,"question_id":71182531,"content_license":"CC BY-SA 4.0","link":"https://stackoverflow.com/questions/71182531/appending-data-to-a-dictionary-froma-csv-file-in-a-loop","title":"appending data to a dictionary froma CSV file in a loop"},{"tags":["python","django","virtualenv","virtual"],"owner":{"account_id":23428473,"reputation":13,"user_id":17487663,"user_type":"registered","profile_image":"https://i.stack.imgur.com/vAVom.jpg?s=256&g=1","display_name":"Adul M","link":"https://stackoverflow.com/users/17487663/adul-m"},"is_answered":true,"view_count":236,"accepted_answer_id":71182589,"answer_count":2,"score":-1,"last_activity_date":1645250435,"creation_date":1645249755,"question_id":71182529,"content_license":"CC BY-SA 4.0","link":"https://stackoverflow.com/questions/71182529/created-virtual-environment-but-cant-access-it","title":"created virtual environment , but cant access it"},{"tags":["javascript","reactjs","react-router-dom","react-bootstrap"],"owner":{"account_id":21123503,"reputation":645,"user_id":15529116,"user_type":"registered","profile_image":"https://lh4.googleusercontent.com/-oH95l3SM6WY/AAAAAAAAAAI/AAAAAAAAAAA/AMZuucnb2p-IQMzu6MxvlFg3_8ltjRNsgA/s96-c/photo.jpg?sz=256","display_name":"Kim San","link":"https://stackoverflow.com/users/15529116/kim-san"},"is_answered":true,"view_count":4240,"accepted_answer_id":71182576,"answer_count":5,"score":0,"last_activity_date":1645250711,"creation_date":1645249742,"question_id":71182526,"content_license":"CC BY-SA 4.0","link":"https://stackoverflow.com/questions/71182526/how-to-filter-array-to-match-params-value-with-react","title":"How to filter array to match params value with react"},{"tags":["deep-learning","pytorch","reproducible-research"],"owner":{"account_id":9852674,"reputation":41,"user_id":8199642,"user_type":"registered","profile_image":"https://lh5.googleusercontent.com/-iQ6JtExiXJ8/AAAAAAAAAAI/AAAAAAAAAG0/HLv2Nwn5NR4/photo.jpg?sz=256","display_name":"Sudhir Yadav","link":"https://stackoverflow.com/users/8199642/sudhir-yadav"},"is_answered":false,"view_count":78,"answer_count":0,"score":1,"last_activity_date":1645249639,"creation_date":1645249639,"question_id":71182524,"content_license":"CC BY-SA 4.0","link":"https://stackoverflow.com/questions/71182524/problem-while-implementating-of-continual-learning-through-synaptic-intelligenc","title":"Problem while implementating of “Continual Learning Through Synaptic Intelligence” paper"},{"tags":["node.js","redis","socket.io","node-cluster","socket.io-redis"],"owner":{"account_id":23748825,"reputation":1,"user_id":17765877,"user_type":"registered","profile_image":"https://lh3.googleusercontent.com/a-/AOh14GjVD2pJEU3hvlqrVugoxtNlsx-201bF9_X81clcNA=k-s256","display_name":"Salomon Thomas","link":"https://stackoverflow.com/users/17765877/salomon-thomas"},"is_answered":false,"view_count":494,"answer_count":0,"score":0,"last_activity_date":1645276207,"creation_date":1645249623,"last_edit_date":1645276207,"question_id":71182521,"content_license":"CC BY-SA 4.0","link":"https://stackoverflow.com/questions/71182521/typeerror-on-socket-io-adapter","title":"TypeError on socket.io adapter"},{"tags":["powerapps","powerapps-canvas","powerapps-formula","powerapps-collection","powerapps-selected-items"],"owner":{"account_id":23641733,"reputation":11,"user_id":17671884,"user_type":"registered","profile_image":"https://www.gravatar.com/avatar/773092b34daeaf20a64f891f853296a7?s=256&d=identicon&r=PG","display_name":"Ashit Jadvani","link":"https://stackoverflow.com/users/17671884/ashit-jadvani"},"is_answered":false,"view_count":3064,"answer_count":2,"score":0,"last_activity_date":1645428829,"creation_date":1645249579,"question_id":71182519,"content_license":"CC BY-SA 4.0","link":"https://stackoverflow.com/questions/71182519/powerapps-filter-gallery-based-on-input-text-lookup-from-relational-sharpoint-li","title":"PowerApps Filter gallery based on input text lookup from relational sharpoint list"},{"tags":["reactjs","react-hooks","use-state"],"owner":{"account_id":20632492,"reputation":67,"user_id":15147022,"user_type":"registered","profile_image":"https://graph.facebook.com/445950609863709/picture?type=large","display_name":"Joesph Stah Lynn","link":"https://stackoverflow.com/users/15147022/joesph-stah-lynn"},"is_answered":true,"view_count":229,"accepted_answer_id":71183009,"answer_count":1,"score":1,"last_activity_date":1645255668,"creation_date":1645249526,"last_edit_date":1645255668,"question_id":71182513,"content_license":"CC BY-SA 4.0","link":"https://stackoverflow.com/questions/71182513/issues-with-states-not-updating-correctly-in-react-django","title":"Issues with states not updating correctly in React/Django"},{"tags":["amazon-web-services","aws-codepipeline","aws-codebuild"],"owner":{"account_id":14342009,"reputation":123,"user_id":10359945,"user_type":"registered","profile_image":"https://www.gravatar.com/avatar/0d0e543da694e8b93aae564c87da72d9?s=256&d=identicon&r=PG&f=y&so-version=2","display_name":"Heats","link":"https://stackoverflow.com/users/10359945/heats"},"is_answered":false,"view_count":485,"answer_count":1,"score":0,"last_activity_date":1645253047,"creation_date":1645249493,"question_id":71182510,"content_license":"CC BY-SA 4.0","link":"https://stackoverflow.com/questions/71182510/aws-codepipeline-fails-on-build","title":"AWS CodePipeline Fails on Build"},{"tags":["r"],"owner":{"account_id":24307369,"reputation":11,"user_id":18249914,"user_type":"registered","profile_image":"https://lh3.googleusercontent.com/a/AATXAJwxyreEEWxEuvZSOG85pc1EM4BwlTHF5bU1JF4R=k-s256","display_name":"Wang PoGO","link":"https://stackoverflow.com/users/18249914/wang-pogo"},"is_answered":true,"view_count":294,"answer_count":1,"score":1,"last_activity_date":1645257020,"creation_date":1645249450,"question_id":71182504,"content_license":"CC BY-SA 4.0","link":"https://stackoverflow.com/questions/71182504/comparing-two-data-frames-to-partial-match-values","title":"Comparing two data frames to partial match values"},{"tags":["python","algorithmic-trading","interactive-brokers","back-testing","backtrader"],"owner":{"account_id":9146984,"reputation":41,"user_id":6802781,"user_type":"registered","profile_image":"https://lh5.googleusercontent.com/-AVArh8F6cy4/AAAAAAAAAAI/AAAAAAAAAYI/LrfZv6n0HpU/photo.jpg?sz=256","display_name":"Amir Alikhani","link":"https://stackoverflow.com/users/6802781/amir-alikhani"},"is_answered":false,"view_count":479,"answer_count":1,"score":0,"last_activity_date":1645421177,"creation_date":1645249445,"last_edit_date":1645421177,"question_id":71182503,"content_license":"CC BY-SA 4.0","link":"https://stackoverflow.com/questions/71182503/problem-with-backtrader-live-gold-xauusd-data-from-ib-interactive-brokers","title":"Problem with backtrader live Gold (XAUUSD) data from IB (Interactive Brokers)"},{"tags":["string","memory","system","atoi"],"owner":{"account_id":15094807,"reputation":1,"user_id":10893541,"user_type":"registered","profile_image":"https://www.gravatar.com/avatar/b02212f4cb5dcdb5ae97c89b62395a01?s=256&d=identicon&r=PG&f=y&so-version=2","display_name":"little_coder","link":"https://stackoverflow.com/users/10893541/little-coder"},"is_answered":false,"view_count":272,"answer_count":0,"score":0,"last_activity_date":1645249431,"creation_date":1645249431,"question_id":71182501,"content_license":"CC BY-SA 4.0","link":"https://stackoverflow.com/questions/71182501/why-atoi-function-returns-1-when-giving-long-max","title":"Why atoi function returns -1 when giving LONG_MAX"}],"has_more":true,"quota_max":300,"quota_remaining":274}