{"items":[{"tags":["docker","apache-kafka","docker-for-mac"],"owner":{"account_id":896986,"reputation":109,"user_id":934016,"user_type":"registered","accept_rate":75,"profile_image":"https://www.gravatar.com/avatar/6bfece2c9294fd823c5b7fd65b9dadf6?s=256&d=identicon&r=PG","display_name":"Akshay Aroor","link":"https://stackoverflow.com/users/934016/akshay-aroor"},"is_answered":true,"view_count":3393,"answer_count":1,"score":0,"last_activity_date":1648482966,"creation_date":1648058387,"question_id":71591942,"content_license":"CC BY-SA 4.0","link":"https://stackoverflow.com/questions/71591942/unable-to-access-kowl-web-ui-running-on-docker-on-mac","title":"Unable to access Kowl web UI running on docker on mac"},{"tags":["jestjs","jest-preset-angular"],"owner":{"account_id":24664224,"reputation":23,"user_id":18560117,"user_type":"registered","profile_image":"https://lh3.googleusercontent.com/a-/AOh14GgdH65n22Ugg3ZE3XWhnpPHT-nEKeHORirXJ6D-cA=k-s256","display_name":"Rui Meireles","link":"https://stackoverflow.com/users/18560117/rui-meireles"},"is_answered":true,"view_count":716,"accepted_answer_id":74122519,"answer_count":1,"score":2,"last_activity_date":1666169688,"creation_date":1648058382,"last_edit_date":1648086824,"question_id":71591941,"content_license":"CC BY-SA 4.0","link":"https://stackoverflow.com/questions/71591941/sometimes-when-i-update-the-snapshots-i-got-an-attribute-ngcontext","title":"Sometimes when I update the snapshots I got an Attribute __ngContext__"},{"tags":["r"],"owner":{"account_id":24483324,"reputation":3,"user_id":18401406,"user_type":"registered","profile_image":"https://www.gravatar.com/avatar/4c6ed240abd0201dde8ed05ffafb0a91?s=256&d=identicon&r=PG","display_name":"steve1990","link":"https://stackoverflow.com/users/18401406/steve1990"},"is_answered":true,"view_count":52,"accepted_answer_id":71592148,"answer_count":2,"score":0,"last_activity_date":1666379212,"creation_date":1648058374,"question_id":71591940,"content_license":"CC BY-SA 4.0","link":"https://stackoverflow.com/questions/71591940/errors-downloading-r-package-for-efficient-r-programming-by-gillespie-and-love","title":"Errors downloading R package for &quot;Efficient R Programming&quot; by Gillespie and Lovelace"},{"tags":["python","logic"],"owner":{"account_id":14247594,"reputation":17,"user_id":10292161,"user_type":"registered","profile_image":"https://lh6.googleusercontent.com/-K0tJ--7ykYI/AAAAAAAAAAI/AAAAAAAAAAA/APUIFaNPRfsH8Z4mk1cEwdeNKnj-uKTcOQ/mo/photo.jpg?sz=256","display_name":"Barry L","link":"https://stackoverflow.com/users/10292161/barry-l"},"is_answered":true,"view_count":63,"answer_count":1,"score":0,"last_activity_date":1648058495,"creation_date":1648058370,"question_id":71591938,"content_license":"CC BY-SA 4.0","link":"https://stackoverflow.com/questions/71591938/python-condition-with-a-random-number","title":"Python, condition with a random number"},{"tags":["python"],"owner":{"account_id":24664128,"reputation":3,"user_id":18560028,"user_type":"registered","profile_image":"https://lh3.googleusercontent.com/a-/AOh14GgWYt6ge4EbrHunO7PDUeqsPl6sytxmNdK9o_NVdg=k-s256","display_name":"Hassan","link":"https://stackoverflow.com/users/18560028/hassan"},"is_answered":true,"view_count":419,"accepted_answer_id":71592070,"answer_count":1,"score":-1,"last_activity_date":1676171172,"creation_date":1648058315,"last_edit_date":1648059564,"question_id":71591931,"content_license":"CC BY-SA 4.0","link":"https://stackoverflow.com/questions/71591931/remove-lines-in-multiple-txt-files-that-start-with-1-2-3-4-5-in-python","title":"Remove Lines in Multiple .txt files (that start with 1 2 3 4 5) in Python"},{"tags":["python","python-requests"],"owner":{"account_id":19479855,"reputation":136,"user_id":17081630,"user_type":"registered","profile_image":"https://www.gravatar.com/avatar/2fee5f468da21251c05be238685c0f07?s=256&d=identicon&r=PG&f=y&so-version=2","display_name":"hillard28","link":"https://stackoverflow.com/users/17081630/hillard28"},"is_answered":true,"view_count":42,"accepted_answer_id":71592206,"answer_count":1,"score":1,"last_activity_date":1648059820,"creation_date":1648058300,"last_edit_date":1648059262,"question_id":71591928,"content_license":"CC BY-SA 4.0","link":"https://stackoverflow.com/questions/71591928/download-file-by-redirecting-to-general-url-from-profile-url","title":"Download file by redirecting to general URL from profile URL"},{"tags":["python","installation","package","scikits"],"owner":{"account_id":12035061,"reputation":145,"user_id":8803915,"user_type":"registered","profile_image":"https://lh5.googleusercontent.com/-m_TUMgcudFA/AAAAAAAAAAI/AAAAAAAAABw/iA5_2FexiiA/photo.jpg?sz=256","display_name":"William","link":"https://stackoverflow.com/users/8803915/william"},"is_answered":true,"view_count":2086,"accepted_answer_id":71592010,"answer_count":1,"score":3,"last_activity_date":1648058867,"creation_date":1648058297,"question_id":71591926,"content_license":"CC BY-SA 4.0","link":"https://stackoverflow.com/questions/71591926/how-to-install-the-package-scikit-geometry","title":"How to install the package scikit-geometry?"},{"tags":["javascript","openlayers","swipe","interaction"],"owner":{"account_id":17310904,"reputation":71,"user_id":12538529,"user_type":"registered","profile_image":"https://www.gravatar.com/avatar/52bd4054a55b197bf3c5fbc8508c7bde?s=256&d=identicon&r=PG&f=y&so-version=2","display_name":"user12538529","link":"https://stackoverflow.com/users/12538529/user12538529"},"is_answered":true,"view_count":511,"accepted_answer_id":71696058,"answer_count":1,"score":0,"last_activity_date":1648748539,"creation_date":1648058289,"last_edit_date":1648748539,"question_id":71591925,"content_license":"CC BY-SA 4.0","link":"https://stackoverflow.com/questions/71591925/select-interaction-with-swipe-in-openlayers","title":"Select interaction with swipe in Openlayers"},{"tags":["amazon-web-services","aws-api-gateway"],"owner":{"account_id":2709542,"reputation":3071,"user_id":2338323,"user_type":"registered","accept_rate":82,"profile_image":"https://i.stack.imgur.com/0zpne.jpg?s=256&g=1","display_name":"SteveJ","link":"https://stackoverflow.com/users/2338323/stevej"},"is_answered":true,"view_count":1237,"accepted_answer_id":71592030,"answer_count":1,"score":2,"last_activity_date":1648058902,"creation_date":1648058283,"question_id":71591924,"content_license":"CC BY-SA 4.0","link":"https://stackoverflow.com/questions/71591924/why-is-cognito-no-longer-an-authorizer-option-in-the-api-gateway-ui","title":"Why is Cognito no longer an Authorizer option in the API gateway UI"},{"tags":["entity-framework","asp.net-core","razor-pages"],"owner":{"account_id":387197,"reputation":465,"user_id":745402,"user_type":"registered","accept_rate":58,"profile_image":"https://www.gravatar.com/avatar/e64970117a7d1e268d59cfae5d997729?s=256&d=identicon&r=PG&f=y&so-version=2","display_name":"Zippy","link":"https://stackoverflow.com/users/745402/zippy"},"is_answered":true,"view_count":658,"accepted_answer_id":71592051,"answer_count":2,"score":0,"last_activity_date":1648069970,"creation_date":1648058263,"last_edit_date":1648069970,"question_id":71591921,"content_license":"CC BY-SA 4.0","link":"https://stackoverflow.com/questions/71591921/how-to-reference-dbcontext-in-a-class-file-net-6-ef","title":"How to reference DbContext in a class file .NET 6 EF"},{"tags":["matlab","matlab-figure"],"owner":{"account_id":24664078,"reputation":1,"user_id":18559986,"user_type":"registered","profile_image":"https://www.gravatar.com/avatar/68ff96e4fbf1ac63ee00aeb4d51000f2?s=256&d=identicon&r=PG","display_name":"Berty","link":"https://stackoverflow.com/users/18559986/berty"},"is_answered":false,"view_count":657,"answer_count":1,"score":0,"last_activity_date":1648086090,"creation_date":1648058236,"question_id":71591912,"content_license":"CC BY-SA 4.0","link":"https://stackoverflow.com/questions/71591912/how-do-i-fix-index-exceeds-the-number-of-array-elements-2","title":"How do I fix: Index exceeds the number of array elements (2)"},{"tags":["python","pandas","dataframe","rows"],"owner":{"account_id":24664057,"reputation":11,"user_id":18559969,"user_type":"registered","profile_image":"https://www.gravatar.com/avatar/94f85a5b403764e76f1cfe9f77990c93?s=256&d=identicon&r=PG","display_name":"Pallavi","link":"https://stackoverflow.com/users/18559969/pallavi"},"is_answered":true,"view_count":1523,"answer_count":1,"score":1,"last_activity_date":1648059445,"creation_date":1648058220,"last_edit_date":1648058616,"question_id":71591908,"content_license":"CC BY-SA 4.0","link":"https://stackoverflow.com/questions/71591908/pandas-explode-for-each-n-new-line-in-row","title":"Pandas explode() for each \\n new line in row"},{"tags":["java"],"owner":{"account_id":17801740,"reputation":5,"user_id":12928347,"user_type":"registered","profile_image":"https://lh3.googleusercontent.com/-9t0kcFJgS7Q/AAAAAAAAAAI/AAAAAAAAAAA/ACHi3reYIwHrxW_UG8R9SEGqisCpw1jRAg/photo.jpg?sz=256","display_name":"Ahmed Redwan","link":"https://stackoverflow.com/users/12928347/ahmed-redwan"},"is_answered":false,"view_count":87,"answer_count":1,"score":0,"last_activity_date":1648059546,"creation_date":1648058178,"last_edit_date":1648059546,"question_id":71591903,"content_license":"CC BY-SA 4.0","link":"https://stackoverflow.com/questions/71591903/how-can-i-print-on-the-same-line-in-java","title":"How can i print on the same line in java?"},{"tags":["vue.js","nuxt.js","eslint","stylelint"],"owner":{"account_id":5323115,"reputation":5022,"user_id":4245985,"user_type":"registered","accept_rate":68,"profile_image":"https://i.stack.imgur.com/vBl1E.jpg?s=256&g=1","display_name":"Galivan","link":"https://stackoverflow.com/users/4245985/galivan"},"is_answered":true,"view_count":2634,"accepted_answer_id":72315417,"answer_count":1,"score":6,"last_activity_date":1666784115,"creation_date":1648058176,"last_edit_date":1666784115,"question_id":71591902,"content_license":"CC BY-SA 4.0","link":"https://stackoverflow.com/questions/71591902/stylelint-error-in-nuxt-class-based-unexpected-empty-source-no-empty-source","title":"Stylelint error in Nuxt (class based): Unexpected empty source (no-empty-source)"},{"tags":["sql","json","azure"],"owner":{"account_id":13098395,"reputation":21,"user_id":9463583,"user_type":"registered","profile_image":"https://lh3.googleusercontent.com/-XdUIqdMkCWA/AAAAAAAAAAI/AAAAAAAAAAA/4252rscbv5M/photo.jpg?sz=256","display_name":"Teatimeman","link":"https://stackoverflow.com/users/9463583/teatimeman"},"is_answered":false,"view_count":507,"answer_count":0,"score":2,"last_activity_date":1648118443,"creation_date":1648058170,"last_edit_date":1648106102,"question_id":71591901,"content_license":"CC BY-SA 4.0","link":"https://stackoverflow.com/questions/71591901/split-a-list-of-multiple-dictionaries-into-the-columns-of-a-new-table","title":"Split a list of multiple dictionaries into the columns of a new table"},{"tags":["c++","compiler-warnings","typeid"],"owner":{"account_id":17244356,"reputation":444,"user_id":12485974,"user_type":"registered","profile_image":"https://i.stack.imgur.com/W9rHC.jpg?s=256&g=1","display_name":"H.M","link":"https://stackoverflow.com/users/12485974/h-m"},"is_answered":true,"view_count":106,"answer_count":2,"score":1,"last_activity_date":1648060471,"creation_date":1648058138,"last_edit_date":1648060272,"question_id":71591895,"content_license":"CC BY-SA 4.0","link":"https://stackoverflow.com/questions/71591895/diffrence-between-frequently-use-of-typeid","title":"Diffrence between frequently use of typeid?"},{"tags":["amazon-web-services","amazon-rds","database-migration","aws-dms"],"owner":{"account_id":1798157,"reputation":35,"user_id":1637094,"user_type":"registered","profile_image":"https://www.gravatar.com/avatar/deed7960d4e59ccfaa0acdc61ace0878?s=256&d=identicon&r=PG&f=y&so-version=2","display_name":"fzampa","link":"https://stackoverflow.com/users/1637094/fzampa"},"is_answered":true,"view_count":141,"accepted_answer_id":71594823,"answer_count":1,"score":0,"last_activity_date":1648074502,"creation_date":1648058128,"question_id":71591893,"content_license":"CC BY-SA 4.0","link":"https://stackoverflow.com/questions/71591893/aws-dms-replication-instance-quota-zeroed","title":"AWS DMS Replication Instance quota zeroed"},{"tags":["x86","x86-64","intel","cpu-architecture","msr"],"owner":{"account_id":7586866,"reputation":165,"user_id":5755653,"user_type":"registered","profile_image":"https://lh5.googleusercontent.com/-Nxz0CDIFvFE/AAAAAAAAAAI/AAAAAAAAKDU/PG5wVwjMeak/photo.jpg?sz=256","display_name":"Tez_Nikka","link":"https://stackoverflow.com/users/5755653/tez-nikka"},"is_answered":true,"view_count":225,"accepted_answer_id":71592941,"answer_count":1,"score":2,"last_activity_date":1648063591,"creation_date":1648058127,"last_edit_date":1648058679,"question_id":71591892,"content_license":"CC BY-SA 4.0","link":"https://stackoverflow.com/questions/71591892/setting-package-wide-msrs-for-uncore-frequency-and-cache-allocation-technology","title":"Setting Package-Wide MSRs for Uncore Frequency and Cache Allocation Technology"},{"tags":["flutter","dart"],"owner":{"account_id":22403261,"reputation":720,"user_id":16613306,"user_type":"registered","profile_image":"https://i.stack.imgur.com/M06yn.jpg?s=256&g=1","display_name":"mishalhaneef","link":"https://stackoverflow.com/users/16613306/mishalhaneef"},"is_answered":true,"view_count":372,"accepted_answer_id":71592233,"answer_count":1,"score":0,"last_activity_date":1648059955,"creation_date":1648058092,"last_edit_date":1648059627,"question_id":71591887,"content_license":"CC BY-SA 4.0","link":"https://stackoverflow.com/questions/71591887/how-to-align-an-asset-image-responsive-at-bottom-center-in-flutter","title":"How to align an asset image responsive at bottom center in flutter"},{"tags":["python","xml","xml.etree"],"owner":{"account_id":12664635,"reputation":356,"user_id":9204500,"user_type":"registered","profile_image":"https://www.gravatar.com/avatar/2d88828c7675fcd0531e016d816154fc?s=256&d=identicon&r=PG","display_name":"Asdoost","link":"https://stackoverflow.com/users/9204500/asdoost"},"is_answered":true,"view_count":319,"accepted_answer_id":71592011,"answer_count":1,"score":0,"last_activity_date":1671885779,"creation_date":1648058074,"question_id":71591883,"content_license":"CC BY-SA 4.0","link":"https://stackoverflow.com/questions/71591883/how-can-i-transfer-the-attributes-of-parent-elements-to-child-elements-in-xml-us","title":"How can I transfer the attributes of parent elements to child elements in XML using python?"},{"tags":["r"],"owner":{"account_id":24072586,"reputation":79,"user_id":18048351,"user_type":"registered","profile_image":"https://www.gravatar.com/avatar/b5e56f3f060dc68d09fcfe796d51b0c2?s=256&d=identicon&r=PG","display_name":"gered","link":"https://stackoverflow.com/users/18048351/gered"},"is_answered":false,"view_count":30,"answer_count":0,"score":0,"last_activity_date":1648058046,"creation_date":1648058046,"question_id":71591878,"content_license":"CC BY-SA 4.0","link":"https://stackoverflow.com/questions/71591878/string-pattern-involving-or-statements-on-either-end","title":"string pattern involving or statements on either end"},{"tags":["video","video-streaming","bandwidth","videoquality"],"owner":{"account_id":24663935,"reputation":11,"user_id":18559871,"user_type":"registered","profile_image":"https://lh3.googleusercontent.com/a/AATXAJymjQlalVO5zOQYEIl7ufJsBmnky6c83lVjDqNk=k-s256","display_name":"Caroline Dufour","link":"https://stackoverflow.com/users/18559871/caroline-dufour"},"is_answered":false,"view_count":95,"answer_count":1,"score":1,"last_activity_date":1652186081,"creation_date":1648058026,"last_edit_date":1652186081,"question_id":71591874,"content_license":"CC BY-SA 4.0","link":"https://stackoverflow.com/questions/71591874/how-to-see-the-bandwidth-consumed-on-different-devices","title":"How to see the bandwidth consumed on different devices?"},{"tags":["r"],"owner":{"account_id":24123106,"reputation":31,"user_id":18091918,"user_type":"registered","profile_image":"https://www.gravatar.com/avatar/02b599db85d9ad6e82793cc4cdc54cf0?s=256&d=identicon&r=PG","display_name":"Rdog","link":"https://stackoverflow.com/users/18091918/rdog"},"is_answered":true,"view_count":62,"answer_count":2,"score":0,"last_activity_date":1648079929,"creation_date":1648057991,"last_edit_date":1648062692,"question_id":71591867,"content_license":"CC BY-SA 4.0","link":"https://stackoverflow.com/questions/71591867/count-number-of-groups-in-grouped-data-that-fulfill-a-condition","title":"Count number of groups in grouped data that fulfill a condition"},{"tags":["apdu","iso-7816-4"],"owner":{"account_id":356555,"reputation":5344,"user_id":696140,"user_type":"registered","profile_image":"https://www.gravatar.com/avatar/f18e975e0df71c6cdc4ad30b9d64892b?s=256&d=identicon&r=PG","display_name":"Tung","link":"https://stackoverflow.com/users/696140/tung"},"is_answered":true,"view_count":73,"accepted_answer_id":71598886,"answer_count":1,"score":0,"last_activity_date":1648109182,"creation_date":1648057989,"last_edit_date":1648086274,"question_id":71591866,"content_license":"CC BY-SA 4.0","link":"https://stackoverflow.com/questions/71591866/what-is-the-difference-between-x-and-0-in-table-9-of-the-iso-7816-4-sec","title":"What is the difference between &quot;x&quot;, &quot;-&quot; and &quot;0&quot; in Table 9 of the ISO-7816-4 Section 5 documentation"},{"tags":["dsharp+"],"owner":{"account_id":18682533,"reputation":1,"user_id":13618759,"user_type":"registered","profile_image":"https://www.gravatar.com/avatar/7c6091836ee5ae67a4007b77e9cf1350?s=256&d=identicon&r=PG&f=y&so-version=2","display_name":"Achyran","link":"https://stackoverflow.com/users/13618759/achyran"},"is_answered":false,"view_count":173,"answer_count":1,"score":0,"last_activity_date":1664104437,"creation_date":1648057864,"last_edit_date":1664104437,"question_id":71591850,"content_license":"CC BY-SA 4.0","link":"https://stackoverflow.com/questions/71591850/dsharp-getallmembersasync-psermison-needed","title":"Dsharp GetAllMembersAsync() psermison needed"},{"tags":["ios","flutter","android-studio","ios-simulator"],"owner":{"account_id":2044926,"reputation":470,"user_id":1825233,"user_type":"registered","profile_image":"https://www.gravatar.com/avatar/7f9b725ade0674b2c6b8399d242273b4?s=256&d=identicon&r=PG","display_name":"u2tall","link":"https://stackoverflow.com/users/1825233/u2tall"},"is_answered":false,"view_count":690,"answer_count":0,"score":5,"last_activity_date":1651625232,"creation_date":1648057843,"last_edit_date":1648137836,"question_id":71591846,"content_license":"CC BY-SA 4.0","link":"https://stackoverflow.com/questions/71591846/app-crashes-on-ios-simulator-when-forced-to-sign-in-with-apple-id","title":"App crashes on iOS simulator when forced to Sign In With Apple ID"},{"tags":["python","pandas","dataframe","numpy","read.csv"],"owner":{"account_id":24663974,"reputation":11,"user_id":18559902,"user_type":"registered","profile_image":"https://lh3.googleusercontent.com/a-/AOh14GgfUxFyVZehIFzhkrxi4oKlJsQO1nrYU5hapNBLFQ=k-s256","display_name":"adnan sadiq","link":"https://stackoverflow.com/users/18559902/adnan-sadiq"},"is_answered":true,"view_count":444,"answer_count":1,"score":0,"last_activity_date":1648057944,"creation_date":1648057831,"question_id":71591844,"content_license":"CC BY-SA 4.0","link":"https://stackoverflow.com/questions/71591844/fetch-value-of-row-base-on-value-of-another-row-in-csv-file-using-pandas","title":"fetch value of row base on value of another row in csv file using pandas"},{"tags":["python","mypy","python-dataclasses"],"owner":{"account_id":1404206,"reputation":183,"user_id":8852979,"user_type":"registered","profile_image":"https://www.gravatar.com/avatar/e299f9a6523f102e012f14ed0463b119?s=256&d=identicon&r=PG&f=y&so-version=2","display_name":"gbi1977","link":"https://stackoverflow.com/users/8852979/gbi1977"},"is_answered":true,"view_count":842,"answer_count":2,"score":0,"last_activity_date":1648059983,"creation_date":1648057819,"last_edit_date":1648058889,"question_id":71591842,"content_license":"CC BY-SA 4.0","link":"https://stackoverflow.com/questions/71591842/mypy-doesnt-recognize-inherited-dataclass-members","title":"`mypy` doesn&#39;t recognize inherited dataclass members"},{"tags":["flutter","dart"],"owner":{"account_id":20849725,"reputation":465,"user_id":15314534,"user_type":"registered","profile_image":"https://i.stack.imgur.com/tXfFg.png?s=256&g=1","display_name":"Dhruv Badaya","link":"https://stackoverflow.com/users/15314534/dhruv-badaya"},"is_answered":true,"view_count":34,"closed_date":1648058748,"accepted_answer_id":71591873,"answer_count":1,"score":-1,"last_activity_date":1648058025,"creation_date":1648057808,"question_id":71591839,"link":"https://stackoverflow.com/questions/71591839/in-the-following-code-the-output-is-coming-out-to-be-null-not-1-can-someone-e","closed_reason":"Not suitable for this site","title":"In the following code, the output is coming out to be null, not 1. Can someone explain it to me?"},{"tags":["excel","vba","checkbox","userform"],"owner":{"account_id":24301604,"reputation":29,"user_id":18245008,"user_type":"registered","profile_image":"https://www.gravatar.com/avatar/d690c92d6c73a0c44d63b50ea467009c?s=256&d=identicon&r=PG&f=y&so-version=2","display_name":"V F","link":"https://stackoverflow.com/users/18245008/v-f"},"is_answered":true,"view_count":50,"accepted_answer_id":71593805,"answer_count":1,"score":0,"last_activity_date":1648068188,"creation_date":1648057783,"question_id":71591832,"content_license":"CC BY-SA 4.0","link":"https://stackoverflow.com/questions/71591832/add-multiple-workbooks-using-checkboxes","title":"add multiple workbooks using checkboxes"}],"has_more":true,"quota_max":300,"quota_remaining":144}